Recency,Frequency,Monetary,TotalQuantity,AvgQuantity,MaxQuantity,AvgRevenue,MaxRevenue,RevenueSTD,UniqueProducts,AvgProductsPerInvoice,ActiveMonths,PurchaseSpan,WeekendPurchaseRate,Country_Austria,Country_Bahrain,Country_Belgium,Country_Brazil,Country_Canada,Country_Channel Islands,Country_Cyprus,Country_Czech Republic,Country_Denmark,Country_EIRE,Country_European Community,Country_Finland,Country_France,Country_Germany,Country_Greece,Country_Iceland,Country_Israel,Country_Italy,Country_Japan,Country_Korea,Country_Lebanon,Country_Lithuania,Country_Malta,Country_Netherlands,Country_Nigeria,Country_Norway,Country_Poland,Country_Portugal,Country_RSA,Country_Saudi Arabia,Country_Singapore,Country_Spain,Country_Sweden,Country_Switzerland,Country_Thailand,Country_USA,Country_United Arab Emirates,Country_United Kingdom,Country_Unspecified,Country_West Indies,CustomerSegment_Exceptional High-Value Customer,CustomerSegment_Regular Customers,CustomerSegment_VIP Customers,Actual_CLV,Predicted_CLV,Prediction_Error
8,8,2802.66,847,14.859649122807017,72,49.16947368421052,183.6,52.88920452299494,49,7.0,8,693,0.2807017543859649,False,False,False,False,False,False,False,False,False,False,False,False,False,False,False,False,False,False,False,False,False,False,False,False,False,False,False,False,False,False,False,False,False,False,False,False,False,True,False,False,False,True,False,355.98,248.49080000000012,107.4891999999999
133,1,110.92,29,1.2083333333333333,4,4.621666666666667,19.8,4.641271065284731,24,24.0,1,0,0.0,False,False,False,False,False,False,False,False,False,False,False,False,False,False,False,False,False,False,False,False,False,False,False,False,False,False,False,False,False,False,False,False,False,False,False,False,False,True,False,False,False,False,True,0.0,0.0,0.0
437,2,368.35,149,2.8653846153846154,25,7.0836538461538465,35.4,7.212949147695401,45,25.0,1,11,0.5384615384615384,False,False,False,False,False,False,False,False,False,False,False,False,False,False,False,False,False,False,False,False,False,False,False,False,False,False,False,False,False,False,False,False,False,False,False,False,False,True,False,False,False,False,True,0.0,-0.06675,0.06675
3,34,10190.48,4158,12.411940298507462,72,30.419343283582087,198.0,22.646701631297503,169,9.852941176470589,11,698,0.16417910447761194,False,False,False,False,False,False,False,False,False,False,False,False,False,False,False,False,False,False,False,False,False,False,False,False,False,False,False,False,False,False,False,False,False,False,False,False,False,True,False,False,False,True,False,1570.06,817.6423500000005,752.4176499999994
104,5,1797.31,1245,24.9,144,35.9462,208.8,43.7121228638613,46,10.0,3,450,0.0,False,False,False,False,False,False,False,False,False,False,False,False,False,False,False,False,False,False,False,False,False,False,False,False,False,False,False,False,False,False,False,True,False,False,False,False,False,False,False,False,False,True,False,0.0,80.24319999999997,-80.24319999999997
643,1,104.7,86,14.333333333333334,60,17.45,75.0,28.311234519179838,6,6.0,1,0,0.0,False,False,False,False,False,False,False,False,False,False,False,False,False,False,False,False,False,False,False,False,False,False,False,False,False,False,False,False,False,False,False,False,False,False,False,False,False,True,False,False,False,False,True,0.0,0.0,0.0
42,4,3416.52,1568,39.2,144,85.413,270.0,70.40182727086652,27,10.0,3,610,0.0,False,False,False,False,False,False,False,False,False,False,False,False,False,False,False,False,False,False,False,False,False,False,False,False,False,False,False,False,False,False,False,False,False,False,False,False,False,True,False,False,False,True,False,0.0,154.6422000000001,-154.6422000000001
402,1,438.46,174,7.909090909090909,24,19.93,51.0,10.412526796398378,22,22.0,1,0,1.0,False,False,False,False,False,False,False,False,False,False,False,False,False,False,False,False,False,False,False,False,False,False,False,False,False,False,False,False,False,False,False,False,False,False,False,False,False,True,False,False,False,False,True,0.0,0.0,0.0
30,11,2088.42,756,10.647887323943662,48,29.4143661971831,350.4,50.482719581835816,50,6.454545454545454,4,676,0.0,False,False,False,False,False,False,False,False,False,False,False,False,False,False,False,False,False,False,False,False,False,False,False,False,False,False,False,False,False,False,False,False,False,False,False,False,False,True,False,False,False,True,False,-10.95,103.21629999999998,-114.16629999999998
161,3,156.56,106,2.3043478260869565,36,3.4034782608695653,19.9,5.0958533108973585,44,14.666666666666666,3,182,0.0,False,False,False,False,False,False,False,False,False,False,False,False,False,False,False,False,False,False,False,False,False,False,False,False,False,False,False,False,False,False,False,False,False,False,False,False,False,True,False,False,False,False,True,0.0,0.0,0.0
28,2,692.3,583,13.55813953488372,48,16.099999999999998,33.0,5.101539916908377,43,21.5,1,6,0.0,False,False,False,False,False,False,False,False,False,False,False,False,False,False,False,False,False,False,False,False,False,False,False,False,False,False,False,False,False,False,False,False,False,False,False,False,False,True,False,False,False,False,True,636.25,50.23969999999999,586.0103
247,6,663.47,310,2.6724137931034484,25,5.719568965517242,195.0,17.972961788886316,97,17.833333333333332,3,145,0.0,False,False,False,False,False,False,False,False,False,False,False,False,False,False,False,False,False,False,False,False,False,False,False,False,False,False,False,False,False,False,False,False,False,False,False,False,False,True,False,False,False,True,False,117.98,116.11109999999995,1.8689000000000533
21,2,1163.45,406,7.8076923076923075,32,22.37403846153846,70.8,12.375210714722632,52,26.0,2,27,0.0,False,False,False,False,False,False,False,False,False,False,False,False,False,False,False,False,False,False,False,False,False,False,False,False,False,False,False,False,False,False,False,False,False,False,False,False,False,True,False,False,False,False,True,0.0,30.88955,-30.88955
109,7,868.77,2091,48.627906976744185,900,20.203953488372093,50.4,12.88526920825536,20,6.142857142857143,7,517,0.3488372093023256,False,False,False,False,False,False,False,False,False,False,False,False,False,False,False,False,False,False,False,False,False,False,False,False,False,False,False,False,False,False,False,False,False,False,False,False,False,True,False,False,False,True,False,0.0,46.5656,-46.5656
293,2,481.46,382,11.235294117647058,36,14.160588235294117,37.8,6.783442828917387,34,17.0,2,87,0.0,False,False,False,False,False,False,False,False,False,False,False,False,False,False,False,False,False,False,False,False,False,False,False,False,False,False,False,False,False,False,False,False,False,False,False,False,False,True,False,False,False,False,True,0.0,-0.014750000000000001,0.014750000000000001
84,23,17052.0,42597,478.6179775280899,1680,191.59550561797752,672.0,139.6240731312219,9,3.8260869565217392,12,574,0.056179775280898875,False,False,False,False,False,False,False,False,False,False,False,False,False,False,False,False,False,False,False,False,False,False,False,False,False,False,False,False,False,False,False,False,False,False,False,False,False,True,False,False,False,True,False,0.0,650.7637000000002,-650.7637000000002
22,3,646.76,345,6.634615384615385,40,12.437692307692307,50.0,10.92551441161335,44,15.666666666666666,2,61,0.0,False,False,False,False,False,False,False,False,False,False,False,False,False,False,False,False,False,False,False,False,False,False,False,False,False,False,False,False,False,False,False,False,False,False,False,False,False,True,False,False,False,False,True,0.0,26.325899999999997,-26.325899999999997
2,10,1512.22,1952,27.885714285714286,192,21.603142857142856,159.36,23.325362792453753,38,7.0,7,694,0.5571428571428572,False,False,False,False,False,False,False,False,False,False,False,False,False,False,False,False,False,False,False,False,False,False,False,False,False,False,False,False,False,False,False,False,False,False,False,False,False,True,False,False,False,True,False,177.9,197.95214999999982,-20.052149999999813
1,25,4496.75,2015,14.392857142857142,60,32.11964285714286,200.0,31.366146104586473,68,5.6,9,646,0.17142857142857143,False,False,False,False,False,False,False,False,False,False,False,False,False,False,False,False,False,False,False,False,False,False,False,False,False,False,False,False,False,False,False,False,True,False,False,False,False,False,False,False,False,True,False,326.72,278.29974999999985,48.42025000000018
282,1,316.26,162,9.0,48,17.57,35.4,5.548250386648135,18,18.0,1,0,0.0,False,False,False,False,False,False,False,False,False,False,False,False,False,False,False,False,False,False,False,False,False,False,False,False,False,False,False,False,False,False,False,False,False,False,False,False,False,True,False,False,False,False,True,0.0,0.0,0.0
561,4,1128.66,1302,33.38461538461539,288,28.94,120.96,21.388532096970984,30,9.75,3,109,0.0,False,False,False,False,False,False,False,False,False,False,False,False,False,False,False,False,False,False,False,False,False,False,False,False,False,False,False,False,False,False,False,False,False,False,False,False,False,True,False,False,False,False,True,0.0,0.0,0.0
142,3,664.03,328,3.6853932584269664,48,7.4610112359550556,40.8,7.06619529953963,85,29.333333333333332,1,1,0.9550561797752809,False,False,False,False,False,False,False,False,False,False,False,False,False,False,False,False,False,False,False,False,False,False,False,False,False,False,False,False,False,False,False,False,False,False,False,False,False,True,False,False,False,False,True,0.0,0.0,0.0
13,3,1090.06,534,8.754098360655737,48,17.869836065573768,31.8,5.260033108832201,55,20.333333333333332,2,35,0.0,False,False,False,False,False,False,False,False,False,False,False,False,False,False,False,False,False,False,False,False,False,False,False,False,False,False,False,False,False,False,False,False,False,False,False,False,False,True,False,False,False,True,False,292.78,294.62609999999995,-1.8460999999999785
358,1,239.46,258,14.333333333333334,24,13.303333333333335,19.8,4.344479932322503,18,18.0,1,0,0.0,False,False,False,False,False,False,False,False,False,False,False,False,False,False,False,False,False,False,False,False,False,False,False,False,False,False,False,False,False,False,False,False,False,False,False,False,False,True,False,False,False,False,True,0.0,0.0,0.0
1,46,18690.55,9887,27.162087912087912,144,51.347664835164835,297.0,61.99716057470192,132,7.913043478260869,12,635,0.07142857142857142,False,False,False,False,False,False,False,False,False,False,False,False,False,False,False,False,False,False,False,False,False,False,False,False,False,False,False,False,False,False,False,False,False,False,False,False,False,True,False,False,False,True,False,1725.48,1570.5528500000007,154.9271499999993
374,2,357.66,148,6.7272727272727275,24,16.257272727272728,27.6,5.817614616562343,16,11.0,1,30,0.2727272727272727,False,False,False,False,False,False,False,False,False,False,False,False,False,False,False,False,False,False,False,False,False,False,False,False,False,False,False,False,False,False,False,False,False,False,False,False,False,True,False,False,False,False,True,0.0,0.0,0.0
423,5,1039.85,445,7.5423728813559325,24,17.624576271186438,35.7,6.297844546989702,50,11.8,3,207,0.0,False,False,False,False,False,False,False,False,False,False,False,False,False,False,False,False,False,False,False,False,False,False,False,False,False,False,False,False,False,False,False,False,False,False,False,False,False,True,False,False,False,False,True,0.0,0.0,0.0
339,1,214.07999999999998,175,4.487179487179487,25,5.489230769230769,25.5,4.346667437677419,38,38.0,1,0,0.0,False,False,False,False,False,False,False,False,False,False,False,False,False,False,False,False,False,False,False,False,False,False,False,False,False,False,False,False,False,False,False,False,False,False,False,False,False,True,False,False,False,True,False,311.61,315.3903500000004,-3.7803500000003964
56,10,2279.24,673,21.03125,48,71.22625,204.0,67.91824799926985,15,3.2,6,647,0.125,False,False,False,False,False,False,False,False,False,False,False,False,False,False,False,False,False,False,False,False,False,False,False,False,False,False,False,False,False,False,False,False,False,False,False,False,False,True,False,False,False,True,False,994.2,157.50154999999998,836.6984500000001
6,20,25079.6,30776,715.7209302325581,2592,583.2465116279069,2601.0,536.3664124941337,9,2.15,8,273,0.0,False,False,False,False,False,False,False,False,False,False,False,False,False,False,False,False,False,False,False,False,False,False,False,False,False,False,False,False,False,False,False,False,False,False,False,False,False,True,False,False,False,True,False,1547.2,2932.111250000003,-1384.911250000003
619,1,168.22,105,2.282608695652174,8,3.65695652173913,10.5,2.4841979430572465,45,45.0,1,0,0.0,False,False,False,False,False,False,False,False,False,False,False,False,False,False,False,False,False,False,False,False,False,False,False,False,False,False,False,False,False,False,False,False,False,False,False,False,False,True,False,False,False,False,True,0.0,0.0,0.0
148,3,1026.18,446,7.824561403508772,48,18.003157894736844,79.2,9.921704771051685,52,19.0,2,368,0.0,False,False,False,False,False,False,False,False,False,False,False,False,False,False,False,False,False,False,False,False,False,False,False,False,False,False,False,False,False,False,False,False,False,False,False,False,False,True,False,False,False,True,False,0.0,63.24525,-63.24525
206,10,896.73,613,10.216666666666667,48,14.945500000000001,45.0,11.847503695444003,51,6.0,5,410,0.0,False,False,False,False,False,False,False,False,False,False,False,False,False,False,False,False,False,False,False,False,False,False,False,False,False,False,False,False,False,False,False,False,False,False,False,False,False,True,False,False,False,True,False,0.0,20.14655,-20.14655
153,3,409.04,378,11.117647058823529,24,12.030588235294118,26.4,4.719607675770384,27,11.333333333333334,2,218,0.0,False,False,False,False,False,False,False,False,False,False,False,False,False,False,False,False,False,False,False,False,False,False,False,False,False,False,False,False,False,False,False,False,False,False,False,False,False,True,False,False,False,True,False,0.0,57.105099999999986,-57.105099999999986
8,17,5044.51,2743,13.57920792079208,100,24.97282178217822,85.92,15.82975711771634,78,11.882352941176471,10,608,0.0,False,False,False,False,False,False,False,False,False,False,False,False,False,False,False,False,False,True,False,False,False,False,False,False,False,False,False,False,False,False,False,False,False,False,False,False,False,False,False,False,False,True,False,0.0,484.64694999999995,-484.64694999999995
33,9,1531.71,837,8.904255319148936,24,16.294787234042552,82.8,14.428706283239924,77,10.444444444444445,5,387,0.0,False,False,False,False,False,False,False,False,False,False,False,False,False,False,False,False,False,False,False,False,False,False,False,False,False,False,False,False,False,False,False,False,False,False,False,False,False,True,False,False,False,True,False,0.0,121.54859999999996,-121.54859999999996
443,7,1022.03,521,1.5787878787878789,30,3.097060606060606,81.36,5.056943479211414,253,46.857142857142854,4,209,0.0,False,False,False,False,False,False,False,False,False,False,False,False,False,False,False,False,False,False,False,False,False,False,False,False,False,False,False,False,False,False,False,False,False,False,False,False,False,True,False,False,False,True,False,0.0,83.2297,-83.2297
30,9,1732.22,1566,11.863636363636363,80,13.122878787878788,49.8,8.741132172054007,89,14.666666666666666,4,369,0.0,False,False,False,False,False,False,False,False,False,False,False,False,False,False,False,False,False,False,False,False,False,False,False,False,False,False,False,False,False,False,False,False,False,False,False,False,False,True,False,False,False,True,False,0.0,152.64375000000004,-152.64375000000004
3,2,397.99,572,10.214285714285714,75,7.106964285714286,39.84,7.95456322317125,47,27.5,2,54,0.0,False,False,False,False,False,False,False,False,False,False,False,False,False,False,False,False,False,False,False,False,False,False,False,False,False,False,False,False,False,False,False,False,False,False,False,False,False,True,False,False,False,False,True,0.0,116.58890000000002,-116.58890000000002
14,21,10909.89,6249,13.794701986754967,60,24.08364238410596,122.4,18.303423267154354,274,21.571428571428573,11,344,0.0,False,False,False,False,False,False,False,False,False,False,False,False,False,False,False,False,False,False,False,False,False,False,False,False,False,False,False,False,False,False,False,False,False,False,False,False,False,True,False,False,False,True,False,940.73,997.1722000000002,-56.442200000000184
400,10,1574.3600000000001,639,6.144230769230769,32,15.138076923076925,81.6,20.789211918401335,70,10.4,6,188,0.09615384615384616,False,False,False,False,False,False,False,False,False,False,False,False,False,False,False,False,False,False,False,False,False,False,False,False,False,False,False,False,False,False,False,False,False,False,False,False,False,True,False,False,False,True,False,0.0,118.63185,-118.63185
113,4,195.74,574,35.875,144,12.23375,51.84,11.676813991838701,15,4.0,2,195,0.0,False,False,False,False,False,False,False,False,False,False,False,False,False,False,False,False,False,False,False,False,False,False,False,False,False,False,False,False,False,False,False,False,False,False,False,False,False,True,False,False,False,True,False,0.0,102.34540000000001,-102.34540000000001
172,3,902.3199999999999,576,13.714285714285714,48,21.483809523809523,81.6,20.21786941470715,37,14.0,3,475,0.6428571428571429,False,False,False,False,False,False,False,False,False,False,False,False,False,False,False,False,False,False,False,False,False,False,False,False,False,False,False,False,False,False,False,False,False,False,False,False,False,True,False,False,False,True,False,0.0,27.38035,-27.38035
344,2,1019.44,361,8.395348837209303,48,23.707906976744187,102.0,18.634081366466475,37,21.5,2,131,0.0,False,False,False,False,False,False,False,False,False,False,False,False,False,False,False,False,False,False,False,False,False,False,False,False,False,False,False,False,False,False,False,False,False,False,False,False,False,True,False,False,False,False,True,0.0,0.0,0.0
35,5,1341.1,717,10.391304347826088,32,19.43623188405797,63.75,9.58439634194855,44,13.8,5,314,0.0,False,False,False,False,False,False,False,False,False,False,False,False,False,False,False,False,False,False,False,False,False,False,False,False,False,False,False,False,False,False,False,False,False,False,False,False,False,True,False,False,False,True,False,456.1,95.16715000000002,360.93285000000003
62,3,686.67,465,10.568181818181818,24,15.606136363636363,89.25,14.916596222486328,39,14.666666666666666,3,149,0.0,False,False,False,False,False,False,False,False,False,False,False,False,False,False,False,False,False,False,False,False,False,False,False,False,False,False,False,False,False,False,False,False,False,False,False,False,False,True,False,False,False,True,False,0.0,82.69104999999999,-82.69104999999999
366,2,416.6,289,14.45,48,20.830000000000002,49.5,12.228971209472418,17,10.0,2,20,0.0,False,False,False,False,False,False,False,False,False,False,False,False,False,False,False,False,False,False,False,False,False,False,False,False,False,False,False,False,False,False,False,False,False,False,False,False,False,True,False,False,False,False,True,0.0,0.0,0.0
342,1,89.14,107,15.285714285714286,24,12.734285714285715,18.0,3.9516868007761663,7,7.0,1,0,0.0,False,False,False,False,False,False,False,False,False,False,False,False,True,False,False,False,False,False,False,False,False,False,False,False,False,False,False,False,False,False,False,False,False,False,False,False,False,False,False,False,False,False,True,0.0,0.0,0.0
18,2,611.77,291,3.779220779220779,16,7.945064935064935,19.8,3.939272115297385,71,38.0,1,3,0.23376623376623376,False,False,False,False,False,False,False,False,False,False,False,False,False,False,False,False,False,False,False,False,False,False,False,False,False,False,False,False,False,False,False,False,False,False,False,False,False,True,False,False,False,True,False,605.5,475.02974999999975,130.47025000000025
602,8,30411.26,218090,3255.0746268656717,19152,453.89940298507463,3630.8,797.9267719588867,60,8.375,4,98,0.0,False,False,False,False,False,False,False,False,True,False,False,False,False,False,False,False,False,False,False,False,False,False,False,False,False,False,False,False,False,False,False,False,False,False,False,False,False,False,False,False,False,False,False,0.0,7225.899550000006,-7225.899550000006
4,11,12617.14,8868,150.3050847457627,1440,213.84983050847455,1632.0,353.43498356153594,22,5.363636363636363,7,594,0.3220338983050847,False,False,False,False,False,False,False,False,False,False,False,False,False,False,False,False,False,False,False,False,False,False,False,False,False,False,False,False,False,False,False,False,False,False,False,False,False,True,False,False,False,True,False,354.95,982.5146499999996,-627.5646499999996
3,50,16456.21,8908,11.038413878562578,50,20.39183395291202,195.0,20.161635080981096,387,16.12,11,703,0.11648079306071871,False,False,False,False,False,False,False,False,False,False,False,False,False,False,False,False,False,False,False,False,False,False,False,False,False,False,False,False,False,False,False,False,False,False,False,False,False,True,False,False,False,True,False,984.68,1021.6553000000006,-36.97530000000063
4,1,317.8,268,13.4,25,15.89,47.8,9.875384602770245,20,20.0,1,0,1.0,False,False,False,False,False,False,False,False,False,False,False,False,False,False,False,False,False,False,False,False,False,False,False,False,False,False,False,False,False,False,False,False,False,False,False,False,False,True,False,False,False,False,True,643.6899999999999,383.6548999999995,260.03510000000045
390,2,-140.95999999999998,-2,-1.0,-1,-70.47999999999999,-15.0,78.46056844045931,2,1.0,2,18,0.0,False,False,False,False,False,False,False,False,False,False,False,False,False,False,False,False,False,False,False,False,False,False,False,False,False,False,False,False,False,False,False,False,False,False,False,False,False,False,False,False,False,False,False,0.0,0.0,0.0
443,2,506.75,268,5.955555555555556,25,11.261111111111111,29.7,5.481874771471983,36,22.5,2,56,0.0,False,False,False,False,False,False,False,False,False,False,False,False,False,False,False,False,False,False,False,False,False,False,False,False,False,False,False,False,False,False,False,False,False,False,False,False,False,True,False,False,False,False,True,0.0,0.0,0.0
647,2,112.05,39,6.5,12,18.675,59.4,24.48701186343487,6,3.0,2,53,0.8333333333333334,False,False,False,False,False,False,False,False,False,False,False,False,False,False,False,False,False,False,False,False,False,False,False,False,False,False,False,False,False,False,False,False,False,False,False,False,False,True,False,False,False,False,True,0.0,0.0,0.0
20,23,6860.18,4002,19.333333333333332,144,33.14096618357488,408.0,43.38866189012235,86,9.0,10,559,0.0,False,False,False,False,False,False,False,False,False,False,False,False,False,False,False,False,False,False,False,False,False,False,False,False,False,False,False,False,False,False,False,False,False,False,False,False,False,True,False,False,False,True,False,0.0,514.72525,-514.72525
2,34,8225.96,5689,12.39433551198257,144,17.92148148148148,165.0,13.652582652533672,229,13.5,10,699,0.09586056644880174,False,False,False,False,False,False,False,False,False,False,False,False,False,False,False,False,False,False,False,False,False,False,False,False,False,False,False,False,False,False,False,False,False,False,False,False,False,True,False,False,False,True,False,304.7,643.5905499999999,-338.8905499999999
325,6,1259.94,454,5.675,25,15.74925,67.8,11.538956666413437,61,13.0,5,380,0.6625,False,False,False,False,False,False,False,False,False,False,False,False,False,False,False,False,False,False,False,False,False,False,False,False,False,False,False,False,False,False,False,False,False,False,False,False,False,True,False,False,False,True,False,0.0,53.8222,-53.8222
7,8,1856.59,1011,13.849315068493151,84,25.432739726027396,70.8,14.751218806544049,56,9.125,6,444,0.2465753424657534,False,False,False,False,False,False,False,False,False,False,False,False,False,False,False,False,False,False,False,False,False,False,False,False,False,False,False,False,False,False,False,False,False,False,False,False,False,True,False,False,False,True,False,0.0,258.5605000000001,-258.5605000000001
358,2,154.5,70,11.666666666666666,24,25.75,35.4,8.98882639725565,6,3.0,2,335,0.0,False,False,False,False,False,False,False,False,False,False,False,False,False,False,False,False,False,False,False,False,False,False,False,False,False,False,False,False,False,False,False,False,False,False,False,False,False,True,False,False,False,True,False,75.0,60.10285000000001,14.89714999999999
47,3,1948.21,2004,26.36842105263158,192,25.63434210526316,175.2,32.342447004332705,76,25.333333333333332,3,499,0.32894736842105265,False,False,False,False,False,False,False,False,False,False,False,False,False,False,False,False,False,False,False,False,False,False,False,False,False,False,False,False,False,False,False,False,False,False,False,False,False,True,False,False,False,True,False,0.0,130.25385000000003,-130.25385000000003
154,5,417.61,179,8.523809523809524,36,19.886190476190478,81.36,18.830055888443475,19,4.2,4,274,0.0,False,False,False,False,False,False,False,False,False,False,False,False,False,False,False,False,False,False,False,False,False,False,False,False,False,False,False,False,False,False,False,False,False,False,False,False,False,True,False,False,False,True,False,0.0,16.7549,-16.7549
707,1,110.05,35,4.375,11,13.75625,22.5,7.747784821667232,8,8.0,1,0,0.0,False,False,False,False,False,False,False,False,False,False,False,False,False,False,False,False,False,False,False,False,False,False,False,False,False,False,False,False,False,False,False,False,False,False,False,False,False,True,False,False,False,False,True,0.0,0.0,0.0
479,1,173.66,103,7.357142857142857,12,12.404285714285715,25.5,5.31147482674679,14,14.0,1,0,1.0,False,False,False,False,False,False,False,False,False,False,False,False,False,False,False,False,False,False,False,False,False,False,False,False,False,False,False,False,False,False,False,False,False,False,False,False,False,True,False,False,False,False,True,0.0,0.0,0.0
14,2,1178.79,611,5.657407407407407,24,10.914722222222222,100.0,11.006975821929853,95,51.5,2,438,0.0,False,False,False,False,False,False,False,False,False,False,False,False,False,False,False,False,False,False,False,False,False,False,False,False,False,False,False,False,False,False,False,False,False,False,False,False,False,True,False,False,False,True,False,0.0,92.52959999999999,-92.52959999999999
704,1,204.24,164,13.666666666666666,72,17.02,31.2,8.43565377107516,12,12.0,1,0,1.0,False,False,False,False,False,False,False,False,False,False,False,False,False,False,False,False,False,False,False,False,False,False,False,False,False,False,False,False,False,False,False,False,False,False,False,False,False,True,False,False,False,False,True,0.0,0.0,0.0
8,45,8768.53,4737,6.515818431911967,432,12.061251719394773,238.8,19.084616429043386,381,15.977777777777778,12,400,0.05089408528198074,False,False,False,False,False,False,False,False,False,False,False,False,False,False,False,False,False,False,False,False,False,False,False,False,False,False,False,False,False,False,False,False,False,False,False,False,False,True,False,False,False,True,False,739.0,1226.1627500000004,-487.1627500000004
388,3,458.25,157,5.814814814814815,24,16.97222222222222,23.25,2.64035739616575,21,9.0,3,240,0.3333333333333333,False,False,False,False,False,False,False,False,False,False,False,False,False,False,False,False,False,False,False,False,False,False,False,False,False,False,False,False,False,False,False,False,False,False,False,False,False,True,False,False,False,False,True,0.0,0.0,0.0
271,9,2137.2,1078,37.172413793103445,200,73.69655172413792,212.0,65.23439218233749,20,3.2222222222222223,6,380,0.1724137931034483,False,False,False,False,False,False,False,False,False,False,False,False,False,False,False,False,False,False,False,False,False,False,False,False,False,False,False,False,False,False,False,False,False,False,False,False,False,True,False,False,False,True,False,0.0,123.78640000000001,-123.78640000000001
335,4,1159.99,1297,19.35820895522388,432,17.313283582089554,207.36,36.94168399420164,62,16.5,3,366,0.0,False,False,False,False,False,False,False,False,False,False,False,False,False,False,False,False,False,False,False,False,False,False,False,False,False,False,False,False,False,False,False,False,False,False,False,False,False,True,False,False,False,True,False,0.0,43.27309999999999,-43.27309999999999
42,2,801.51,311,6.760869565217392,25,17.424130434782608,37.5,5.241946447683959,44,23.0,2,85,0.0,False,False,False,False,False,False,False,False,False,False,False,False,False,False,False,False,False,False,False,False,False,False,False,False,False,False,False,False,False,False,False,False,False,False,False,False,False,True,False,False,False,False,True,0.0,10.637700000000002,-10.637700000000002
346,1,353.51,297,12.91304347826087,48,15.37,45.0,15.159555042642546,23,23.0,1,0,1.0,False,False,False,False,False,False,False,False,False,False,False,False,False,False,False,False,False,False,False,False,False,False,False,False,False,False,False,False,False,False,False,False,False,False,False,False,False,True,False,False,False,False,True,0.0,0.0,0.0
6,4,764.73,316,6.448979591836735,12,15.606734693877552,30.0,6.952512851407007,44,12.25,3,52,0.0,False,False,False,False,False,False,False,False,False,False,False,False,False,False,False,False,False,False,False,False,False,False,False,False,False,False,False,False,False,False,False,False,False,False,False,False,False,True,False,False,False,True,False,117.85,290.06909999999976,-172.21909999999977
405,2,261.68,114,5.7,24,13.084,35.4,12.557919036461245,16,10.0,1,4,0.8,False,False,False,False,False,False,False,False,False,False,False,False,False,False,False,False,False,False,False,False,False,False,False,False,False,False,False,False,False,False,False,False,False,False,False,False,False,True,False,False,False,False,True,0.0,0.0,0.0
195,1,107.21,149,9.933333333333334,50,7.147333333333333,21.0,5.850609817625445,15,15.0,1,0,0.0,False,False,False,False,False,False,False,False,False,False,False,False,False,False,False,False,False,False,False,False,False,False,False,False,False,False,False,False,False,False,False,False,False,False,False,False,False,True,False,False,False,False,True,0.0,0.0,0.0
567,2,1123.75,891,30.724137931034484,216,38.75,101.76,26.60258150738651,29,14.5,1,0,0.0,False,False,False,False,False,False,False,False,False,False,False,False,False,False,False,False,False,False,False,False,False,False,False,False,False,False,False,False,False,False,False,False,False,False,False,False,False,True,False,False,False,False,True,0.0,0.0,0.0
363,4,446.51,220,6.470588235294118,24,13.13264705882353,25.5,9.721874525825777,29,8.5,2,344,0.0,False,False,False,False,False,False,False,False,False,False,False,False,False,False,False,False,False,False,False,False,False,False,False,False,False,False,False,False,False,False,False,False,False,False,False,False,False,True,False,False,False,True,False,0.0,29.87255,-29.87255
211,1,112.75,27,1.2857142857142858,3,5.369047619047619,12.75,3.2293759532793715,20,20.0,1,0,0.0,False,False,False,False,False,False,False,False,False,False,False,False,False,False,False,False,False,False,False,False,False,False,False,False,False,False,False,False,False,False,False,False,False,False,False,False,False,True,False,False,False,False,True,0.0,0.0,0.0
105,7,1853.94,980,9.158878504672897,25,17.326542056074768,79.9,9.683738470240046,99,15.285714285714286,6,511,0.009345794392523364,False,False,False,False,False,False,False,False,False,False,False,False,False,False,False,False,False,False,False,False,False,False,False,False,False,False,False,False,False,False,False,False,False,False,False,False,False,True,False,False,False,True,False,0.0,124.84284999999996,-124.84284999999996
49,6,2582.5099999999998,1430,9.225806451612904,24,16.661354838709677,90.0,12.585900794215856,121,25.833333333333332,4,194,0.0,False,False,False,False,False,False,False,False,False,False,False,False,False,True,False,False,False,False,False,False,False,False,False,False,False,False,False,False,False,False,False,False,False,False,False,False,False,False,False,False,False,True,False,0.0,378.2824,-378.2824
703,2,72.8,30,2.5,6,6.066666666666666,14.85,5.985981097278013,12,6.0,1,0,1.0,False,False,False,False,False,False,False,False,False,False,False,False,False,False,False,False,False,False,False,False,False,False,False,False,False,False,False,False,False,False,False,False,False,False,False,False,False,True,False,False,False,False,True,0.0,0.0,0.0
2,50,12922.66,6176,9.850079744816586,144,20.61030303030303,252.0,20.85606968150478,194,12.52,11,703,0.0430622009569378,False,False,False,False,False,False,False,False,False,False,False,False,False,False,False,False,False,False,False,False,False,False,False,False,False,False,False,False,False,False,False,False,False,False,False,False,False,True,False,False,False,True,False,574.92,816.2888500000014,-241.36885000000143
2,54,7545.17,3996,3.5870736086175943,350,6.773043087971275,252.0,11.529529585215641,342,20.537037037037038,12,663,0.13464991023339318,False,False,False,False,False,False,False,False,False,False,False,False,False,False,False,False,False,False,False,False,False,False,False,False,False,False,False,False,False,False,False,False,False,False,False,False,False,True,False,False,False,True,False,1449.27,1041.5283500000005,407.7416499999995
343,3,737.05,339,10.59375,36,23.0328125,106.2,17.770747117805712,26,10.666666666666666,2,351,0.0,False,False,False,False,False,False,False,False,False,False,False,False,False,False,False,False,False,False,False,False,False,False,False,False,False,False,False,False,False,False,False,False,False,False,False,False,False,True,False,False,False,True,False,0.0,17.098150000000004,-17.098150000000004
632,1,59.4,12,12.0,12,59.4,59.4,0.0,1,1.0,1,0,0.0,False,False,False,False,False,False,False,False,False,False,False,False,False,False,False,False,False,False,False,False,False,False,False,False,False,False,False,False,False,False,False,False,False,False,False,False,False,True,False,False,False,False,True,0.0,0.0,0.0
142,8,4428.849999999999,3306,13.604938271604938,120,18.22572016460905,91.8,79.45626114095656,194,30.375,5,509,0.31275720164609055,False,False,False,False,False,False,False,False,False,False,False,False,False,False,False,False,False,False,False,False,False,False,False,False,False,False,False,False,False,False,False,False,False,False,False,False,False,False,True,False,False,True,False,0.0,114.68715000000002,-114.68715000000002
15,11,2626.47,2731,17.61935483870968,96,16.944967741935482,102.0,13.246422667006314,111,14.090909090909092,8,463,0.07096774193548387,False,False,False,False,False,False,False,False,False,False,False,False,False,False,False,False,False,False,False,False,False,False,False,False,False,False,False,False,False,False,False,False,False,False,False,False,False,True,False,False,False,True,False,0.0,191.78915000000003,-191.78915000000003
483,2,990.0,360,180.0,240,495.0,660.0,233.3452377915607,1,1.0,2,30,0.0,False,False,False,False,False,False,False,False,False,False,False,False,False,False,False,False,False,False,False,False,False,False,False,False,False,False,False,False,False,False,False,False,False,False,False,False,False,True,False,False,False,False,True,0.0,0.0,0.0
62,5,3493.18,1758,12.380281690140846,144,24.599859154929575,165.0,26.051238845208363,93,28.4,4,346,0.3380281690140845,False,False,True,False,False,False,False,False,False,False,False,False,False,False,False,False,False,False,False,False,False,False,False,False,False,False,False,False,False,False,False,False,False,False,False,False,False,False,False,False,False,True,False,1342.71,268.0988000000002,1074.6111999999998
141,1,135.75,43,5.375,6,16.96875,19.8,2.212454600018463,8,8.0,1,0,0.0,False,False,False,False,False,False,False,False,False,False,False,False,False,False,False,False,False,False,False,False,False,False,False,False,False,False,False,False,False,False,False,False,False,False,False,False,False,True,False,False,False,False,True,0.0,0.0,0.0
391,3,305.9,138,8.117647058823529,24,17.99411764705882,102.0,28.91265338455283,11,5.666666666666667,3,143,0.0,False,False,False,False,False,False,False,False,False,False,False,False,False,False,False,False,False,False,False,False,False,False,False,False,False,False,False,False,False,False,False,False,False,False,False,False,False,True,False,False,False,False,True,0.0,-0.029500000000000002,0.029500000000000002
37,1,432.0,600,600.0,600,432.0,432.0,0.0,1,1.0,1,0,0.0,False,False,False,False,False,False,False,False,False,False,False,False,False,False,False,False,False,False,False,False,False,False,False,False,False,False,False,False,False,False,False,False,False,False,False,False,False,True,False,False,False,False,True,0.0,68.3129,-68.3129
273,2,320.4,251,4.048387096774194,24,5.16774193548387,15.0,3.513624731240244,58,29.0,2,108,0.4032258064516129,False,False,False,False,False,False,False,False,False,False,False,False,False,False,False,False,False,False,False,False,False,False,False,False,False,False,False,False,False,False,False,False,False,False,False,False,False,True,False,False,False,False,True,0.0,-0.20024999999999998,0.20024999999999998
227,6,1453.68,782,7.2407407407407405,48,13.46,83.4,10.07242205138905,97,17.833333333333332,6,270,0.37962962962962965,False,False,False,False,False,False,False,False,False,False,False,False,False,False,False,False,False,False,False,False,False,False,False,False,False,False,False,False,False,False,False,False,False,False,False,False,False,True,False,False,False,True,False,0.0,69.1131,-69.1131
9,11,2810.94,3213,8.052631578947368,96,7.0449624060150375,60.0,6.590958092643675,246,35.81818181818182,6,228,0.0,False,False,False,False,False,False,False,False,False,False,False,False,False,False,False,False,False,False,False,False,False,False,False,False,False,False,False,False,False,False,False,False,False,False,False,False,False,True,False,False,False,True,False,316.76,426.98810000000026,-110.22810000000027
5,2,563.37,393,10.621621621621621,24,15.226216216216216,30.6,5.884711524767355,35,18.5,2,540,0.0,False,False,False,False,False,False,False,False,False,False,False,False,False,False,False,False,False,False,False,False,False,False,False,False,False,False,False,False,False,False,False,False,False,False,False,False,False,True,False,False,False,True,False,-8.85,78.22989999999999,-87.07989999999998
493,2,311.78,190,8.26086956521739,25,13.555652173913042,22.5,6.303740466859164,21,11.5,2,5,0.0,False,False,False,False,False,False,False,False,False,False,False,False,True,False,False,False,False,False,False,False,False,False,False,False,False,False,False,False,False,False,False,False,False,False,False,False,False,False,False,False,False,False,True,0.0,0.0,0.0
65,19,3970.16,2225,2.79874213836478,108,4.993911949685534,91.8,6.452289279347171,437,41.26315789473684,11,316,0.12955974842767295,False,False,False,False,False,False,False,False,False,False,False,False,False,False,False,False,False,False,False,False,False,False,False,False,False,False,False,False,False,False,False,False,False,False,False,False,False,True,False,False,False,True,False,705.2,448.30579999999986,256.8942000000002
7,2,421.5,250,11.904761904761905,72,20.071428571428573,59.4,15.185459586629008,21,10.5,2,205,0.0,False,False,False,False,False,False,False,False,False,False,False,False,False,False,False,False,False,False,False,False,False,False,False,False,False,False,False,False,False,False,False,False,False,False,False,False,False,True,False,False,False,True,False,353.4,54.89035,298.50964999999997
205,4,21535.9,9014,600.9333333333333,3114,1435.7266666666667,6539.4,4586.563235686649,6,3.75,2,97,0.0,False,False,False,False,False,False,False,False,False,False,False,False,False,False,False,False,False,False,False,False,False,False,False,False,False,False,False,False,False,False,False,False,False,False,False,False,False,True,False,False,False,False,False,0.0,3214.935350000001,-3214.935350000001
392,1,557.69,392,7.538461538461538,72,10.724807692307694,62.4,15.662708489185215,51,51.0,1,0,0.0,False,False,False,False,False,False,False,False,False,False,False,False,False,False,False,False,False,False,False,False,False,False,False,False,False,False,False,False,False,False,False,False,False,False,False,False,False,True,False,False,False,True,False,40.95,571.5480500000004,-530.5980500000004
73,10,2950.04,2042,2.542963885429639,288,3.6737733499377336,60.48,4.63591625621091,520,78.9,6,580,0.8057285180572852,False,False,False,False,False,False,False,False,False,False,False,False,False,False,False,False,False,False,False,False,False,False,False,False,False,False,False,False,False,False,False,False,False,False,False,False,False,True,False,False,False,True,False,110.71,436.40354999999994,-325.69354999999996
423,2,890.94,478,18.384615384615383,36,34.26692307692308,67.5,19.533132420424696,24,13.0,2,78,0.6153846153846154,False,False,False,False,False,False,False,False,False,False,False,False,False,False,False,False,False,False,False,False,False,False,False,False,False,False,False,False,False,False,False,False,False,False,False,False,False,True,False,False,False,False,True,0.0,-0.20024999999999998,0.20024999999999998
42,26,24176.9,11303,34.14803625377643,1002,73.04199395770394,594.0,85.17715879777022,138,12.653846153846153,11,657,0.0,False,False,False,False,False,False,False,False,False,False,False,False,False,False,False,False,False,False,False,False,False,False,False,False,False,False,False,False,False,False,False,False,False,False,False,False,False,True,False,False,False,True,False,1239.38,1012.2583000000004,227.1216999999997
254,1,176.5,55,7.857142857142857,10,25.214285714285715,49.5,18.9161684431977,7,7.0,1,0,0.0,False,False,False,False,False,False,False,False,False,False,False,False,True,False,False,False,False,False,False,False,False,False,False,False,False,False,False,False,False,False,False,False,False,False,False,False,False,False,False,False,False,False,True,0.0,0.0,0.0
9,8,3429.55,2256,12.745762711864407,100,19.375988700564974,175.2,16.546087090989182,141,22.125,7,249,0.0,False,False,False,False,False,False,False,False,False,False,False,False,False,False,False,False,False,False,False,False,False,False,False,False,False,False,False,False,False,False,False,False,False,False,False,False,False,True,False,False,False,True,False,0.0,388.68765,-388.68765
372,1,364.45,414,3.663716814159292,50,3.225221238938053,23.6,4.008282963650112,105,105.0,1,0,0.0,False,False,False,False,False,False,False,False,False,False,False,False,False,False,False,False,False,False,False,False,False,False,False,False,False,False,False,False,False,False,False,False,False,False,False,False,False,True,False,False,False,False,True,0.0,0.0,0.0
20,24,6097.9,3042,8.894736842105264,36,17.830116959064327,53.64,10.323669383818807,207,14.25,8,681,0.21637426900584794,False,False,False,False,False,False,False,False,False,False,False,False,False,False,False,False,False,False,False,False,False,False,False,False,False,False,False,False,False,False,False,False,False,False,False,False,False,True,False,False,False,True,False,0.0,314.9076500000001,-314.9076500000001
634,3,144.84,166,12.76923076923077,48,11.141538461538461,23.8,14.538770492579399,12,4.333333333333333,3,67,0.07692307692307693,False,False,False,False,False,False,False,False,False,False,False,False,False,False,False,False,False,False,False,False,False,False,False,False,False,False,False,False,False,False,False,False,False,False,False,False,False,True,False,False,False,False,True,0.0,-0.029500000000000002,0.029500000000000002
30,1,264.96,158,9.875,12,16.56,24.75,4.2320916814265725,16,16.0,1,0,0.0,False,False,False,False,False,False,False,False,False,False,False,False,False,False,False,False,False,False,False,False,False,False,False,False,False,False,False,False,False,False,False,False,False,False,False,False,False,True,False,False,False,False,True,246.16,9.97885,236.18115
28,10,8158.71,4736,12.333333333333334,96,21.246640625,168.0,19.829526904318787,248,38.4,7,350,0.09114583333333333,False,False,False,False,False,False,False,False,False,False,False,False,False,False,False,False,False,False,False,False,False,False,False,False,False,False,False,True,False,False,False,False,False,False,False,False,False,False,False,False,False,True,False,718.4300000000001,484.6586500000002,233.77134999999987
86,7,2196.67,2181,28.324675324675326,144,28.528181818181817,152.64,32.645699109299656,55,11.0,6,536,0.0,False,False,False,False,False,False,False,False,False,False,False,False,False,False,False,False,False,False,False,False,False,False,False,False,False,False,False,False,False,False,False,False,False,False,False,False,False,True,False,False,False,True,False,0.0,41.0992,-41.0992
30,3,529.13,184,6.571428571428571,12,18.8975,68.0,19.877852672053184,24,9.333333333333334,2,311,0.0,False,False,False,False,False,False,False,False,False,False,False,False,False,True,False,False,False,False,False,False,False,False,False,False,False,False,False,False,False,False,False,False,False,False,False,False,False,False,False,False,False,True,False,179.24,34.162650000000006,145.07735
219,5,2386.19,2125,19.318181818181817,120,21.692636363636364,203.4,22.13826533557655,92,22.0,4,355,0.0,False,False,False,False,False,False,False,False,False,False,False,False,False,False,False,False,False,False,False,False,False,False,False,False,False,False,False,False,False,False,False,False,False,False,False,False,False,True,False,False,False,True,False,0.0,126.90680000000003,-126.90680000000003
232,3,451.11,303,13.772727272727273,48,20.505,42.0,7.46498987337048,16,7.333333333333333,2,200,0.0,False,False,False,False,False,False,False,False,False,False,False,False,False,False,False,False,False,False,False,False,False,False,False,False,False,False,False,False,False,False,False,False,False,False,False,False,False,True,False,False,False,False,True,0.0,-0.029500000000000002,0.029500000000000002
566,1,294.74,129,2.58,16,5.8948,27.04,5.319559687164542,48,48.0,1,0,0.0,False,False,False,False,False,False,False,False,False,False,False,False,False,False,False,False,False,False,False,False,False,False,False,False,False,False,False,False,False,False,False,False,False,False,False,False,False,True,False,False,False,False,True,0.0,0.0,0.0
570,1,1047.0,200,33.333333333333336,48,174.5,306.0,100.68165672057646,6,6.0,1,0,0.0,False,False,False,False,False,False,False,False,False,False,False,False,False,False,False,False,False,False,False,False,False,False,False,False,False,False,False,False,False,False,False,False,False,False,False,False,False,True,False,False,False,False,True,0.0,0.0,0.0
38,16,4269.87,1644,9.785714285714286,48,25.415892857142858,76.5,15.451937201201954,125,10.5,8,663,0.08333333333333333,False,False,False,False,False,False,False,False,False,False,False,False,False,False,False,False,False,False,False,False,False,False,False,False,False,False,False,False,False,False,False,False,False,False,False,False,False,True,False,False,False,True,False,143.93,299.8872000000001,-155.9572000000001
624,2,9530.08,3316,255.07692307692307,700,733.0830769230769,1485.0,491.50284596301526,13,6.5,2,44,0.3076923076923077,False,False,False,False,False,False,False,False,False,False,False,False,False,False,False,False,False,False,False,False,False,False,False,False,False,False,False,False,False,False,False,False,False,False,False,False,False,True,False,False,False,False,True,0.0,262.95259999999996,-262.95259999999996
52,4,1301.91,640,2.8959276018099547,25,5.890995475113122,33.9,5.26031246090411,143,53.5,4,142,0.5158371040723982,False,False,False,False,False,False,False,False,False,False,False,False,False,False,False,False,False,False,False,False,False,False,False,False,False,False,False,False,False,False,False,False,False,False,False,False,False,True,False,False,False,True,False,0.0,308.64735000000036,-308.64735000000036
327,1,316.58,258,28.666666666666668,96,35.175555555555555,68.0,19.57198451301701,9,9.0,1,0,0.0,False,False,False,False,False,False,False,False,False,False,False,False,False,False,False,False,False,False,False,False,False,False,False,False,False,False,False,False,False,False,False,False,False,False,False,False,False,True,False,False,False,False,True,0.0,-0.044250000000000005,0.044250000000000005
575,4,356.27,77,1.711111111111111,12,7.917111111111111,35.4,7.582094224439765,38,11.25,2,37,0.4,False,False,False,False,False,False,False,False,False,False,False,False,False,False,False,False,False,False,False,False,False,False,False,False,False,False,False,False,False,False,False,False,False,False,False,False,False,True,False,False,False,False,True,0.0,0.0,0.0
367,1,175.0,61,3.588235294117647,12,10.294117647058824,29.5,5.982706388858985,17,17.0,1,0,1.0,False,False,False,False,False,False,False,False,False,False,False,False,False,False,False,False,False,False,False,False,False,False,False,False,False,False,False,False,False,False,False,False,False,False,False,False,False,True,False,False,False,False,True,0.0,0.0,0.0
148,2,833.78,826,13.32258064516129,25,13.448064516129032,20.4,4.064032899178536,62,31.0,2,34,0.0,False,False,False,False,False,False,False,False,False,False,False,False,False,False,False,False,False,False,False,False,False,False,False,False,False,False,False,False,False,False,False,False,False,False,False,False,False,True,False,False,False,False,True,0.0,0.0,0.0
47,12,2937.6,417,27.8,48,195.84,408.0,105.783679540574,6,1.25,8,653,0.06666666666666667,False,False,False,False,False,False,False,False,False,False,False,False,False,False,False,False,False,False,False,False,False,False,False,False,False,False,False,False,False,False,False,False,False,False,False,False,False,True,False,False,False,True,False,136.0,194.98695000000015,-58.98695000000015
7,14,5245.65,1976,7.133574007220217,48,18.937364620938627,79.95,10.214924676450403,207,19.785714285714285,7,629,0.0,False,False,False,False,False,False,False,False,False,False,False,False,False,False,False,False,False,False,False,False,False,False,False,False,False,False,False,False,False,False,False,False,False,False,False,False,False,True,False,False,False,True,False,214.45,314.39110000000005,-99.94110000000006
17,4,673.26,308,2.878504672897196,25,6.2921495327102805,27.0,5.03050450000781,85,26.75,3,231,0.794392523364486,False,False,False,False,False,False,False,False,False,False,False,False,False,False,False,False,False,False,False,False,False,False,False,False,False,False,False,False,False,False,False,False,False,False,False,False,False,True,False,False,False,True,False,0.0,74.01384999999996,-74.01384999999996
212,4,1089.21,657,9.125,24,15.127916666666668,30.6,6.907492959017277,69,18.0,3,157,0.0,False,False,False,False,False,False,False,False,False,False,False,False,False,False,False,False,False,False,False,False,False,False,False,False,False,False,False,False,False,False,False,False,False,False,False,False,False,True,False,False,False,True,False,201.13,44.238000000000014,156.892
6,9,862.88,649,9.686567164179104,144,12.878805970149253,295.0,53.82462409677147,51,7.444444444444445,6,499,0.0,False,False,False,False,False,False,False,False,False,False,False,False,False,False,False,False,False,False,False,False,False,False,False,False,False,False,False,False,False,False,False,False,False,False,False,False,False,True,False,False,False,True,False,0.0,99.81320000000004,-99.81320000000004
271,7,162.07,80,2.857142857142857,24,5.788214285714285,54.0,27.536550666687496,14,4.0,3,429,0.0,False,False,False,False,False,False,False,False,False,False,False,False,False,False,False,False,False,False,False,False,False,False,False,False,False,False,False,False,False,False,False,False,False,False,False,False,False,True,False,False,False,True,False,0.0,40.518150000000006,-40.518150000000006
1,16,7954.76,7078,21.981366459627328,144,24.704223602484472,204.0,29.324559165784624,209,19.875,10,559,0.049689440993788817,False,False,False,False,False,False,False,False,False,False,False,False,False,False,False,False,False,False,False,False,False,False,False,False,False,False,False,False,False,False,False,False,False,False,False,False,False,True,False,False,False,True,False,0.0,548.2541999999993,-548.2541999999993
14,5,1430.94,865,13.515625,112,22.3584375,95.2,16.030525367298083,42,12.8,4,252,0.203125,False,False,False,False,False,False,False,False,False,False,False,False,False,False,False,False,False,False,False,False,False,False,False,False,False,False,False,False,False,False,False,False,False,False,False,False,False,True,False,False,False,True,False,0.0,169.82879999999994,-169.82879999999994
20,4,992.05,191,6.161290322580645,16,32.001612903225805,87.8,18.205732265191312,28,7.75,3,472,0.3870967741935484,False,False,False,False,False,False,False,False,False,False,False,False,False,False,False,False,False,False,False,False,False,False,False,False,False,False,False,False,False,False,False,False,False,False,False,False,False,True,False,False,False,True,False,51.8,64.8727,-13.072699999999998
9,1,340.43,213,9.26086956521739,24,14.801304347826088,35.4,6.789563049501938,23,23.0,1,0,0.0,False,False,False,False,False,False,False,False,False,False,False,False,False,False,False,False,False,False,False,False,False,False,False,False,False,False,False,False,False,False,False,False,False,False,False,False,False,True,False,False,False,False,True,218.53,79.02265,139.50735
469,2,3710.5,2,1.0,1,1855.25,3610.5,2482.298355355375,2,1.0,1,0,0.0,False,False,False,False,False,False,False,False,False,False,False,False,True,False,False,False,False,False,False,False,False,False,False,False,False,False,False,False,False,False,False,False,False,False,False,False,False,False,False,False,False,False,True,0.0,51.3401,-51.3401
2,74,12889.98,8138,3.385191347753744,72,5.361888519134776,38.16,4.194291030395758,581,31.77027027027027,12,706,0.0894342762063228,False,False,False,False,False,False,False,False,False,False,False,False,False,False,False,False,False,False,False,False,False,False,False,False,False,False,False,False,False,False,False,False,False,False,False,False,False,True,False,False,False,True,False,522.92,920.4036500000008,-397.4836500000008
541,1,213.9,145,5.8,48,8.556000000000001,51.0,10.334982664071898,25,25.0,1,0,0.0,False,False,False,False,False,False,False,False,False,False,False,False,False,False,False,False,False,False,False,False,False,False,False,False,False,False,False,False,False,False,False,False,False,False,False,False,False,True,False,False,False,False,True,0.0,0.0,0.0
58,24,9162.08,2667,12.580188679245284,96,43.217358490566035,295.0,49.464079892629464,120,8.833333333333334,9,641,0.13679245283018868,False,False,False,False,False,False,False,False,False,False,False,False,False,False,False,False,False,False,False,False,False,False,False,False,False,False,False,False,False,False,False,False,False,False,False,False,False,True,False,False,False,True,False,1383.68,498.3538499999995,885.3261500000006
592,1,127.65,47,2.764705882352941,12,7.508823529411765,34.0,8.124081396035603,17,17.0,1,0,1.0,False,False,False,False,False,False,False,False,False,False,False,False,False,False,False,False,False,False,False,False,False,False,False,False,False,False,False,False,False,False,False,False,False,False,False,False,False,True,False,False,False,False,True,0.0,0.0,0.0
217,1,206.21,143,11.0,96,15.862307692307693,101.76,26.92584512875011,13,13.0,1,0,0.0,False,False,False,False,False,False,False,False,False,False,False,False,False,False,False,False,False,False,False,False,False,False,False,False,False,False,False,False,False,False,False,False,False,False,False,False,False,True,False,False,False,False,True,0.0,0.0,0.0
160,7,1429.96,922,13.558823529411764,36,21.028823529411767,59.4,12.472932907366934,45,9.714285714285714,6,219,0.0,False,False,False,False,False,False,False,False,False,False,False,False,False,False,False,False,False,False,False,False,False,False,False,True,False,False,False,False,False,False,False,False,False,False,False,False,False,False,False,False,False,True,False,221.36,162.69694999999993,58.663050000000084
209,1,30.6,12,12.0,12,30.6,30.6,0.0,1,1.0,1,0,0.0,False,False,False,False,False,False,False,False,False,False,False,False,False,False,False,False,False,False,False,False,False,False,False,False,False,False,False,False,False,False,False,False,False,False,False,False,False,True,False,False,False,False,True,0.0,0.0,0.0
134,2,508.8,480,160.0,192,169.6,203.52,58.75116339273632,2,1.5,1,0,0.0,False,False,False,False,False,False,False,False,False,False,False,False,False,False,False,False,False,False,False,False,False,False,False,False,False,False,False,False,False,False,False,False,False,False,False,False,False,True,False,False,False,False,True,0.0,0.0,0.0
89,5,788.27,481,2.863095238095238,48,4.692083333333334,20.65,4.177055355404783,132,33.0,4,259,0.375,False,False,False,False,False,False,False,False,False,False,False,False,False,False,False,False,False,False,False,False,False,False,False,False,False,False,False,False,False,False,False,False,False,False,False,False,False,True,False,False,False,True,False,159.23,154.33745000000002,4.8925499999999715
38,3,1210.06,648,3.2238805970149254,36,6.020199004975124,29.95,5.0777793335471975,170,64.66666666666667,3,42,0.9601990049751243,False,False,False,False,False,False,False,False,False,False,False,False,False,False,False,False,False,False,False,False,False,False,False,False,False,False,False,False,False,False,False,False,False,False,False,False,False,True,False,False,False,True,False,318.94,1043.6023500000003,-724.6623500000003
2,52,12804.32,4190,16.24031007751938,288,49.629147286821706,408.0,62.160771520321134,116,4.961538461538462,11,704,0.11627906976744186,False,False,False,False,False,False,False,False,False,False,False,False,False,False,False,False,False,False,False,False,False,False,False,False,False,False,False,False,False,False,False,False,False,False,False,False,False,True,False,False,False,True,False,318.12,1045.105100000002,-726.985100000002
332,2,305.99,146,3.65,15,7.64975,21.9,5.532498618304253,35,19.0,2,256,0.625,False,False,False,False,False,False,False,False,False,False,False,False,False,False,False,False,False,False,False,False,False,False,False,False,False,False,False,False,False,False,False,False,False,False,False,False,False,True,False,False,False,True,False,0.0,11.754199999999999,-11.754199999999999
7,9,2488.4900000000002,1217,10.141666666666667,96,20.737416666666668,71.4,10.170251601610259,86,13.333333333333334,6,597,0.10833333333333334,False,False,False,False,False,False,False,False,False,False,False,False,False,False,False,False,False,False,False,False,False,False,False,False,False,False,False,False,False,False,False,False,False,False,False,False,False,True,False,False,False,True,False,0.0,174.00175000000002,-174.00175000000002
60,6,1012.4399999999999,545,4.2578125,100,7.9096874999999995,72.0,8.934692882771559,91,21.166666666666668,5,307,0.3671875,False,False,False,False,False,False,False,False,False,False,False,False,False,False,False,False,False,False,False,False,False,False,False,False,False,False,False,False,False,False,False,False,False,False,False,False,False,True,False,False,False,True,False,683.33,79.43165,603.89835
16,1,130.74,134,12.181818181818182,24,11.885454545454547,21.9,4.666322671304169,11,11.0,1,0,0.0,False,False,False,False,False,False,False,False,False,False,False,False,False,False,False,False,False,False,False,False,False,False,False,False,False,False,False,False,False,False,False,False,False,False,False,False,False,True,False,False,False,False,True,0.0,57.59465000000002,-57.59465000000002
22,9,4212.89,2458,11.275229357798166,120,19.325183486238533,160.0,20.36769861178162,160,24.22222222222222,6,603,0.0,True,False,False,False,False,False,False,False,False,False,False,False,False,False,False,False,False,False,False,False,False,False,False,False,False,False,False,False,False,False,False,False,False,False,False,False,False,False,False,False,False,True,False,0.0,134.89735000000002,-134.89735000000002
67,1,316.62,341,26.23076923076923,72,24.355384615384615,60.0,15.18204675232373,13,13.0,1,0,1.0,False,False,False,False,False,False,False,False,False,False,False,False,False,False,False,False,False,False,False,False,False,False,False,False,False,False,False,False,False,False,False,False,False,False,False,False,False,True,False,False,False,False,True,0.0,12.3706,-12.3706
93,6,1900.08,828,7.076923076923077,24,16.24,39.95,5.049347346013113,96,19.5,5,302,0.452991452991453,False,False,False,False,False,False,False,False,False,False,False,False,False,False,False,False,False,False,False,False,False,False,False,False,False,False,False,False,False,False,False,False,False,False,False,False,False,True,False,False,False,True,False,0.0,201.32019999999994,-201.32019999999994
30,30,5225.93,3049,9.23939393939394,48,15.836151515151515,70.8,10.852727447369265,167,11.0,11,438,0.0,False,False,False,False,False,False,False,False,False,False,False,False,False,False,False,False,False,False,False,False,False,False,False,False,False,False,False,False,False,False,False,False,False,False,False,False,False,True,False,False,False,True,False,353.98,411.1223999999999,-57.142399999999895
9,2,437.82,88,4.4,25,21.891,120.0,23.762512249782276,20,10.0,2,0,0.0,False,False,False,False,False,False,False,False,False,False,False,False,False,False,False,False,False,True,False,False,False,False,False,False,False,False,False,False,False,False,False,False,False,False,False,False,False,False,False,False,False,False,True,0.0,178.57495000000006,-178.57495000000006
10,44,22792.28,9885,11.781883194278903,192,27.16600715137068,295.0,25.430212588961133,440,19.045454545454547,12,696,0.21215733015494637,False,False,False,False,False,False,False,False,False,False,False,False,False,False,False,False,False,False,False,False,False,False,False,False,False,False,False,False,False,False,False,False,False,False,False,False,False,True,False,False,False,True,False,1696.54,1282.4395499999991,414.1004500000008
504,1,111.5,73,14.6,42,22.3,52.5,19.24162155328911,5,5.0,1,0,0.0,False,False,False,False,False,False,False,False,False,False,False,False,False,False,False,False,False,False,False,False,False,False,False,False,False,False,False,False,False,False,False,False,False,False,False,False,False,True,False,False,False,False,True,0.0,0.0,0.0
82,4,782.11,427,10.414634146341463,48,19.075853658536587,39.6,7.739091993124825,35,10.25,3,624,0.0,False,False,False,False,False,False,False,False,False,False,False,False,False,False,False,False,False,False,False,False,False,False,False,False,False,False,False,False,False,False,False,False,False,False,False,False,False,True,False,False,False,True,False,329.04,32.37525000000001,296.66475
260,13,2564.32,2151,7.46875,96,8.90388888888889,82.8,9.681442761942465,177,22.0,7,438,0.0,False,False,False,False,False,False,False,False,False,False,False,False,False,False,False,False,False,False,False,False,False,False,False,False,False,False,False,False,False,False,False,False,False,False,False,False,False,True,False,False,False,True,False,151.83,161.05049999999986,-9.220499999999845
43,8,2565.6,1264,14.870588235294118,48,30.183529411764706,122.4,21.65283164732361,64,10.625,4,568,0.15294117647058825,False,False,False,False,False,False,False,False,False,False,False,False,False,False,False,False,False,False,False,False,False,False,False,False,False,False,False,False,False,False,False,False,False,False,False,False,False,True,False,False,False,True,False,0.0,174.00825000000012,-174.00825000000012
427,2,622.82,315,8.289473684210526,36,16.39,36.0,5.740447764812475,34,19.0,2,69,0.0,False,False,False,False,False,False,False,False,False,False,False,False,True,False,False,False,False,False,False,False,False,False,False,False,False,False,False,False,False,False,False,False,False,False,False,False,False,False,False,False,False,False,True,0.0,0.0,0.0
378,3,740.76,284,3.55,12,9.2595,39.9,8.301372907652006,70,25.333333333333332,3,174,0.0,False,False,False,False,False,False,False,False,False,False,False,False,False,False,False,False,False,False,False,False,False,False,False,False,False,False,False,False,False,False,False,False,False,False,False,False,False,True,False,False,False,False,True,0.0,0.0,0.0
209,5,1145.21,926,12.684931506849315,48,15.687808219178082,51.0,10.10624356614587,62,14.6,3,163,0.0,False,False,False,False,False,False,False,False,False,False,False,False,False,False,False,False,False,False,False,False,False,False,False,False,False,False,False,False,False,False,False,False,False,False,False,False,False,True,False,False,False,True,False,0.0,193.7375999999999,-193.7375999999999
37,39,12323.34,7367,6.259133389974512,216,10.470127442650806,232.0,17.23103269754545,515,30.102564102564102,10,657,0.037383177570093455,False,False,False,False,False,False,False,False,False,False,False,False,False,False,False,False,False,False,False,False,False,False,False,False,False,False,False,False,False,False,False,False,False,False,False,False,False,True,False,False,False,True,False,1620.02,792.0053999999997,828.0146000000003
367,4,1495.43,744,9.185185185185185,36,18.4620987654321,59.5,13.447149485676265,71,20.25,2,249,0.0,False,False,False,False,False,False,False,False,False,False,False,False,False,False,False,False,False,False,False,False,False,False,False,False,False,False,False,False,False,False,False,False,False,False,False,False,False,True,False,False,False,True,False,0.0,23.9,-23.9
49,1,159.0,48,8.0,12,26.5,76.5,25.00615924127494,6,6.0,1,0,0.0,False,False,False,False,False,False,False,False,False,False,False,False,False,False,False,False,False,False,False,False,False,False,False,False,False,False,False,False,False,False,False,False,False,False,False,False,False,True,False,False,False,False,True,0.0,10.367849999999999,-10.367849999999999
290,5,9443.04,2244,17.3953488372093,96,73.20186046511628,229.5,45.75344873899265,105,25.8,3,367,0.0,False,False,False,False,False,False,False,False,False,False,False,False,False,False,True,False,False,False,False,False,False,False,False,False,False,False,False,False,False,False,False,False,False,False,False,False,False,False,False,False,False,True,False,0.0,267.33794999999986,-267.33794999999986
336,2,666.13,257,8.03125,36,20.8165625,50.0,10.08096117069201,29,16.0,2,20,0.0,False,False,False,False,False,True,False,False,False,False,False,False,False,False,False,False,False,False,False,False,False,False,False,False,False,False,False,False,False,False,False,False,False,False,False,False,False,False,False,False,False,False,True,0.0,0.0,0.0
34,3,685.19,380,9.268292682926829,48,16.711951219512198,54.0,11.711800719682733,34,13.666666666666666,3,413,0.0,False,False,False,False,False,False,False,False,False,False,False,False,False,True,False,False,False,False,False,False,False,False,False,False,False,False,False,False,False,False,False,False,False,False,False,False,False,False,False,False,False,True,False,0.0,37.853349999999985,-37.853349999999985
1,52,27772.92,15976,11.50179985601152,120,19.994902807775375,126.0,16.138045658005034,448,26.71153846153846,11,695,0.12455003599712024,False,False,False,False,False,False,False,False,False,False,False,False,True,False,False,False,False,False,False,False,False,False,False,False,False,False,False,False,False,False,False,False,False,False,False,False,False,False,False,False,False,True,False,1745.32,1664.3340999999991,80.98590000000081
45,8,2581.03,1991,15.198473282442748,48,19.702519083969467,88.5,14.782321996405106,82,16.375,5,464,0.0,False,False,False,False,False,False,False,False,True,False,False,False,False,False,False,False,False,False,False,False,False,False,False,False,False,False,False,False,False,False,False,False,False,False,False,False,False,False,False,False,False,True,False,0.0,784.3521500000002,-784.3521500000002
41,4,612.36,536,12.181818181818182,24,13.917272727272728,19.92,3.843799817910544,39,11.0,3,378,0.0,False,False,False,False,False,False,False,False,False,False,False,False,False,False,False,False,False,False,False,False,False,False,False,False,False,False,False,False,False,False,False,False,False,False,False,False,False,True,False,False,False,True,False,0.0,73.6293,-73.6293
49,3,74.73,117,23.4,48,14.946000000000002,34.56,17.750407882637514,4,1.6666666666666667,2,569,0.0,False,False,False,False,False,False,False,False,False,False,False,False,False,False,False,False,False,False,False,False,False,False,False,False,False,False,False,False,False,False,False,False,False,False,False,False,False,True,False,False,False,True,False,0.0,41.72860000000001,-41.72860000000001
56,2,342.15,253,10.12,12,13.686,23.6,6.390088679614184,24,12.5,1,2,0.0,False,False,False,False,False,False,False,False,False,False,False,False,False,False,False,False,False,False,False,False,False,False,False,False,False,False,False,False,False,False,False,False,False,False,False,False,False,True,False,False,False,True,False,109.6,516.5336500000002,-406.93365000000017
165,3,1311.41,577,7.036585365853658,25,15.992804878048782,72.0,11.601885252761617,73,27.333333333333332,3,468,0.36585365853658536,False,False,False,False,False,False,False,False,False,False,False,False,False,True,False,False,False,False,False,False,False,False,False,False,False,False,False,False,False,False,False,False,False,False,False,False,False,False,False,False,False,True,False,0.0,75.86640000000001,-75.86640000000001
37,4,2112.69,910,7.647058823529412,48,17.753697478991597,39.6,5.8247086004869635,100,29.75,3,525,0.0,False,False,False,False,False,False,False,False,False,False,False,False,False,False,False,False,False,False,False,False,False,False,False,False,False,False,False,False,False,False,False,False,False,False,False,False,False,True,False,False,False,True,False,329.68,239.61745000000002,90.06254999999999
2,8,2593.65,1616,8.120603015075377,144,13.033417085427136,175.2,15.928450861600249,175,24.5,6,698,0.0,False,False,False,False,False,False,False,False,False,False,False,False,False,False,False,False,False,False,False,False,False,False,False,False,False,False,False,False,False,False,False,False,False,False,False,False,False,True,False,False,False,True,False,0.0,289.09380000000033,-289.09380000000033
534,2,0.0,0,0.0,60,0.0,87.0,37.94397712417611,6,6.0,1,0,0.0,False,False,False,False,False,False,False,False,False,False,False,False,False,False,False,False,False,False,False,False,False,False,False,False,False,False,False,True,False,False,False,False,False,False,False,False,False,False,False,False,False,False,True,0.0,0.0,0.0
4,67,9822.02,4829,15.627831715210355,144,31.786472491909386,257.76,33.88590100899798,134,4.611940298507463,12,702,0.1423948220064725,False,False,False,False,False,False,False,False,False,False,False,False,False,False,False,False,False,False,False,False,False,False,False,False,False,False,False,False,False,False,False,False,False,False,False,False,False,True,False,False,False,True,False,441.26,1228.7412000000013,-787.4812000000013
29,19,5294.39,2709,8.014792899408285,48,15.663875739644972,50.85,6.585797465570177,214,17.789473684210527,11,602,0.0621301775147929,False,False,False,False,False,False,False,False,False,False,False,False,False,False,False,False,False,False,False,False,False,False,False,False,False,False,False,False,False,False,False,False,False,False,False,False,False,True,False,False,False,True,False,0.0,384.8687000000001,-384.8687000000001
10,12,2686.42,1276,8.339869281045752,48,17.55830065359477,54.0,12.099091733573799,84,12.75,8,694,0.1830065359477124,False,False,False,False,False,False,False,False,False,False,False,False,False,True,False,False,False,False,False,False,False,False,False,False,False,False,False,False,False,False,False,False,False,False,False,False,False,False,False,False,False,True,False,0.0,224.88395,-224.88395
22,10,3179.06,1573,6.665254237288136,120,13.470593220338984,142.8,16.883961483943065,184,22.9,7,488,0.0,False,False,False,False,False,False,False,False,False,False,False,False,False,False,False,False,False,False,False,False,False,False,False,False,False,False,False,False,False,False,False,False,False,False,False,False,False,True,False,False,False,True,False,0.0,210.93900000000002,-210.93900000000002
55,2,266.85,195,2.8676470588235294,36,3.9242647058823534,15.12,3.039510131473943,57,31.0,2,231,0.0,False,False,False,False,False,False,False,False,False,False,False,False,False,False,False,False,False,False,False,False,False,False,False,False,False,False,False,False,False,False,False,False,False,False,False,False,False,True,False,False,False,True,False,0.0,58.25999999999999,-58.25999999999999
52,3,1179.89,592,9.548387096774194,32,19.030483870967743,41.7,8.679344129375735,51,20.666666666666668,3,158,0.0,False,False,False,False,False,False,False,False,False,False,False,False,False,False,False,False,False,False,False,False,False,False,False,False,False,False,False,False,False,False,False,False,False,False,False,False,False,True,False,False,False,True,False,0.0,94.07105,-94.07105
20,5,1630.91,991,3.0492307692307694,36,5.018184615384616,45.0,5.823436161858744,290,61.2,5,492,0.09230769230769231,False,False,False,False,False,False,False,False,False,False,False,False,False,False,False,False,False,False,False,False,False,False,False,False,False,False,False,False,False,False,False,False,False,False,False,False,False,True,False,False,False,True,False,0.0,115.32624999999999,-115.32624999999999
9,2,231.98,102,1.7,6,3.866333333333333,10.65,2.6955185449164873,53,30.0,2,241,0.0,False,False,False,False,False,False,False,False,False,False,False,False,False,False,False,False,False,False,False,False,False,False,False,False,False,False,False,False,False,False,False,False,False,False,False,False,False,True,False,False,False,True,False,0.0,69.52669999999999,-69.52669999999999
238,1,71.4,12,12.0,12,71.4,71.4,0.0,1,1.0,1,0,0.0,False,False,False,False,False,False,False,False,False,False,False,False,False,False,False,False,False,False,False,False,False,False,False,False,False,False,False,False,False,False,False,False,False,False,False,False,False,True,False,False,False,False,True,0.0,0.0,0.0
4,8,1148.76,674,11.620689655172415,96,19.806206896551725,79.95,13.106729599657886,50,7.25,6,643,0.7758620689655172,False,False,False,False,False,False,False,False,False,False,False,False,False,False,False,False,False,False,False,False,False,False,False,False,False,False,False,False,False,False,False,False,False,False,False,False,False,True,False,False,False,True,False,126.0,74.77404999999999,51.22595000000001
65,4,757.33,574,14.717948717948717,80,19.41871794871795,135.2,27.35010787811758,37,9.75,2,88,0.0,False,False,False,False,False,False,False,False,False,False,False,False,False,False,False,False,False,False,False,False,False,False,False,False,False,False,False,False,False,False,False,False,False,False,False,False,False,True,False,False,False,True,False,299.21,109.10019999999997,190.1098
23,1,204.24,76,10.857142857142858,12,29.177142857142858,45.0,9.70626896097863,7,7.0,1,0,0.0,False,False,False,False,False,False,False,False,False,False,False,False,False,False,False,False,False,False,False,False,False,False,False,False,False,False,False,False,False,False,False,False,False,False,False,False,False,True,False,False,False,False,True,0.0,14.102699999999995,-14.102699999999995
24,16,1958.67,826,2.156657963446475,12,5.11402088772846,51.0,5.015431946714861,303,23.5,11,649,0.5169712793733682,False,False,False,False,False,False,False,False,False,False,False,False,False,False,False,False,False,False,False,False,False,False,False,False,False,False,False,False,False,False,False,False,False,False,False,False,False,True,False,False,False,True,False,113.29,314.9304999999999,-201.64049999999986
156,7,1776.6299999999999,873,7.864864864864865,60,16.005675675675676,79.95,8.906556381945075,86,15.714285714285714,6,452,0.25225225225225223,False,False,False,False,False,False,False,False,False,False,False,False,False,False,False,False,False,False,False,False,False,False,False,False,False,False,False,False,False,False,False,False,False,False,False,False,False,True,False,False,False,True,False,0.0,92.63064999999999,-92.63064999999999
390,8,-2570.1800000000003,-2,-0.25,1,-321.27250000000004,2667.88,2098.9757430283535,1,1.0,1,2,0.0,False,False,False,False,False,False,False,False,False,False,False,False,False,False,False,False,False,False,False,False,False,False,False,False,False,False,False,False,False,False,False,False,False,False,False,False,False,True,False,False,False,False,True,0.0,0.0,0.0
2,6,744.02,376,10.444444444444445,24,20.66722222222222,95.2,17.33398867808744,29,6.0,5,138,0.0,False,False,False,False,False,False,False,False,False,False,False,False,False,False,False,False,False,False,False,False,False,False,False,False,False,False,False,False,False,False,False,False,False,False,False,False,False,True,False,False,False,True,False,557.42,137.12914999999995,420.29085
398,7,1464.1,932,12.767123287671232,48,20.056164383561644,142.8,21.258458096467614,58,10.428571428571429,3,272,0.0,False,False,False,False,False,False,False,False,False,False,False,False,False,False,False,False,False,False,False,False,False,False,False,False,False,False,False,False,False,False,False,False,False,False,False,False,False,True,False,False,False,True,False,0.0,77.9091,-77.9091
339,5,3006.08,1924,10.870056497175142,66,16.983502824858757,109.5,14.584720878887218,123,33.6,4,363,0.672316384180791,False,False,False,False,False,False,False,False,False,False,False,False,False,False,False,False,False,False,False,False,False,False,False,False,False,False,False,False,False,False,False,False,False,False,False,False,False,True,False,False,False,True,False,0.0,165.8992,-165.8992
36,1,108.38,74,12.333333333333334,16,18.063333333333333,23.4,3.6404486902944635,6,6.0,1,0,0.0,False,False,False,False,False,False,False,False,False,False,False,False,False,False,False,False,False,False,False,False,False,False,False,False,False,False,False,False,False,False,False,False,False,False,False,False,False,True,False,False,False,False,True,0.0,-3.805,3.805
112,5,652.56,631,3.4108108108108106,72,3.527351351351351,30.0,4.3042770703925886,146,35.6,3,552,0.0,False,False,False,False,False,False,False,False,False,False,False,False,False,False,False,False,False,False,False,False,False,False,False,False,False,False,False,False,False,False,False,False,False,False,False,False,False,True,False,False,False,True,False,0.0,86.8266,-86.8266
17,5,1545.58,635,4.884615384615385,25,11.889076923076923,59.85,9.018706351667232,99,24.2,3,656,0.3769230769230769,False,False,False,False,False,False,False,False,False,False,False,False,False,False,False,False,False,False,False,False,False,False,False,False,False,False,False,False,False,False,False,False,False,False,False,False,False,True,False,False,False,True,False,0.0,92.20985,-92.20985
548,1,135.39,62,3.875,16,8.461875,27.04,7.786466223518855,16,16.0,1,0,0.0,False,False,False,False,False,False,False,False,False,False,False,False,False,False,False,False,False,False,False,False,False,False,False,False,False,False,False,False,False,False,False,False,False,False,False,False,False,True,False,False,False,False,True,0.0,0.0,0.0
43,6,895.62,1280,23.703703703703702,192,16.585555555555555,124.8,16.224935115335757,28,9.0,6,352,0.14814814814814814,False,False,False,False,False,False,False,False,False,False,False,False,False,False,False,False,False,False,False,False,False,False,False,False,False,False,False,False,False,False,False,False,False,False,False,False,False,True,False,False,False,True,False,0.0,126.75999999999995,-126.75999999999995
24,14,4814.37,3072,11.377777777777778,50,17.831,295.0,21.22126208366957,159,19.285714285714285,9,668,0.0962962962962963,False,False,False,False,False,False,False,False,False,False,False,False,False,False,False,False,False,False,False,False,False,False,False,False,False,False,False,False,False,False,False,False,False,False,False,False,False,True,False,False,False,True,False,0.0,325.41965000000016,-325.41965000000016
101,1,1089.18,651,10.333333333333334,25,17.28857142857143,108.0,13.107948691309758,63,63.0,1,0,0.0,False,False,False,False,False,False,False,False,False,False,False,False,False,True,False,False,False,False,False,False,False,False,False,False,False,False,False,False,False,False,False,False,False,False,False,False,False,False,False,False,False,False,True,0.0,2.5031,-2.5031
66,14,6814.33,6943,7.270157068062828,48,7.135424083769633,74.7,6.139736087790848,339,67.21428571428571,8,626,0.39790575916230364,False,False,False,False,False,False,False,False,False,False,False,False,False,False,False,False,False,False,False,False,False,False,False,False,False,False,False,False,False,False,False,False,False,False,False,False,False,True,False,False,False,True,False,964.33,553.8502499999993,410.47975000000076
254,8,1783.6299999999999,785,7.621359223300971,24,17.316796116504854,53.1,7.463294916258074,77,12.875,6,444,0.0,False,False,False,False,False,False,False,False,False,False,False,False,False,False,False,False,False,False,False,False,False,False,False,False,False,False,False,False,False,False,False,False,False,False,False,False,False,True,False,False,False,True,False,0.0,58.876850000000005,-58.876850000000005
398,4,1664.92,797,7.663461538461538,48,16.008846153846154,122.4,24.80106607118661,83,24.5,4,311,0.0,False,False,False,False,False,False,False,False,False,False,False,False,False,False,False,False,False,False,False,False,False,False,False,False,False,False,False,False,False,False,False,False,False,False,False,False,False,True,False,False,False,True,False,0.0,26.0469,-26.0469
2,3,509.52,336,22.4,48,33.967999999999996,67.2,21.270896011754115,13,5.0,3,580,0.0,False,False,False,False,False,False,False,False,False,False,False,False,False,False,False,False,False,False,False,False,False,False,False,False,False,False,False,False,False,False,False,False,False,False,False,False,False,True,False,False,False,True,False,0.0,17.6513,-17.6513
29,7,940.09,536,8.0,36,14.031194029850747,30.0,6.945497456361745,56,9.571428571428571,6,445,0.0,False,False,False,False,False,False,False,False,False,False,False,False,False,False,False,False,False,False,False,False,False,False,False,False,False,False,False,False,False,False,False,False,False,False,False,False,False,True,False,False,False,True,False,0.0,41.83104999999998,-41.83104999999998
290,1,165.0,100,100.0,100,165.0,165.0,0.0,1,1.0,1,0,0.0,False,False,False,False,False,False,False,False,False,False,False,False,False,False,False,False,False,False,False,False,False,False,False,False,False,False,False,False,False,False,False,False,False,False,False,False,False,True,False,False,False,True,False,179.0,123.41984999999976,55.580150000000245
401,2,621.51,205,3.203125,12,9.71109375,35.4,8.681431035058,50,30.0,2,13,0.0,False,False,False,False,False,False,False,False,False,False,False,False,False,False,False,False,False,False,False,False,False,False,False,False,False,False,False,False,False,False,False,False,False,False,False,False,False,True,False,False,False,False,True,0.0,0.0,0.0
170,1,339.6,125,4.166666666666667,29,11.32,73.95,15.018624070317403,29,29.0,1,0,0.0,False,False,False,False,False,False,False,False,False,False,False,False,False,False,False,False,False,False,False,False,False,False,False,False,False,False,False,False,False,False,False,False,False,False,False,False,False,True,False,False,False,False,True,0.0,0.0,0.0
20,14,5479.76,3762,9.524050632911392,120,13.872810126582278,71.4,9.85015204870657,274,27.071428571428573,8,625,0.0,False,False,False,False,False,False,False,False,False,False,False,False,False,False,False,False,False,False,False,False,False,False,False,False,False,False,False,False,False,False,False,False,False,False,False,False,False,True,False,False,False,True,False,0.0,313.48070000000007,-313.48070000000007
149,6,1131.97,603,8.26027397260274,24,15.506438356164384,79.9,15.12001096504076,66,12.166666666666666,5,271,0.0,False,False,False,False,False,False,False,False,False,False,False,False,False,False,False,False,False,False,False,False,False,False,False,False,False,False,False,False,False,False,False,False,False,False,False,False,False,True,False,False,False,True,False,0.0,77.11900000000001,-77.11900000000001
290,1,155.0,36,4.5,12,19.375,29.9,5.261653732430517,8,8.0,1,0,0.0,False,False,False,False,False,False,False,False,False,False,False,False,False,False,False,False,False,False,False,False,False,False,False,False,False,False,False,False,False,False,False,False,False,False,False,False,False,True,False,False,False,False,True,0.0,0.0,0.0
49,1,460.41,133,5.782608695652174,12,20.01782608695652,38.25,8.502223750034586,23,23.0,1,0,0.0,False,False,False,False,False,False,False,False,False,False,False,False,False,False,False,False,False,False,False,False,False,False,False,False,False,False,False,False,False,False,False,False,False,False,False,False,False,True,False,False,False,False,True,302.87,10.59355,292.27645
22,2,625.9399999999999,449,4.008928571428571,24,5.588749999999999,30.6,5.683265798388733,104,56.0,2,399,0.0,False,False,False,False,False,False,False,False,False,False,False,False,False,False,False,False,False,False,False,False,False,False,False,False,False,False,False,False,False,False,False,False,False,False,False,False,False,True,False,False,False,True,False,0.0,56.10260000000001,-56.10260000000001
21,16,3509.75,2022,5.84393063583815,40,10.14378612716763,1241.98,147.17421048047524,232,20.875,5,159,0.0,False,False,False,False,False,False,False,False,False,False,False,False,False,False,False,False,False,False,False,False,False,False,False,False,False,False,False,True,False,False,False,False,False,False,False,False,False,False,False,False,False,True,False,695.5,555.5325500000004,139.96744999999964
21,7,4316.5599999999995,2604,12.955223880597014,288,21.475422885572137,163.2,21.748020069543657,168,28.714285714285715,4,617,0.0,False,False,False,False,False,False,True,False,False,False,False,False,False,False,False,False,False,False,False,False,False,False,False,False,False,False,False,False,False,False,False,False,False,False,False,False,False,False,False,False,False,True,False,0.0,135.36895,-135.36895
94,1,175.2,16,16.0,16,175.2,175.2,0.0,1,1.0,1,0,0.0,False,False,False,False,False,False,False,False,False,False,False,False,False,False,False,False,False,False,False,False,False,False,False,False,False,False,False,False,False,False,False,False,False,False,False,False,False,True,False,False,False,False,True,0.0,0.0,0.0
69,23,4436.77,2941,4.743548387096774,40,7.156080645161291,102.0,7.8029754458999685,209,26.82608695652174,10,636,0.0,False,False,False,False,False,False,False,False,False,False,False,False,False,False,False,False,False,False,False,False,False,False,False,False,False,False,False,False,False,False,False,False,False,False,False,False,False,True,False,False,False,True,False,632.59,323.13980000000015,309.4501999999999
17,11,3090.29,1904,10.577777777777778,96,17.168277777777778,66.0,7.596251268239462,148,16.363636363636363,8,457,0.0,False,False,False,False,False,False,False,False,False,False,False,False,False,False,False,False,False,False,False,False,False,False,False,False,False,False,False,False,False,False,False,False,False,False,False,False,False,True,False,False,False,True,False,0.0,240.8401500000001,-240.8401500000001
26,1,20.8,10,10.0,10,20.8,20.8,0.0,1,1.0,1,0,0.0,False,False,False,False,False,False,False,False,False,False,False,False,False,False,False,False,False,False,False,False,False,False,False,False,False,False,False,False,False,False,False,False,False,False,False,False,False,True,False,False,False,False,True,0.0,20.92664999999999,-20.92664999999999
7,10,5142.03,3046,11.806201550387597,96,19.9303488372093,171.84,16.942098977891494,196,25.8,7,701,0.0,False,False,False,False,False,False,False,False,False,False,False,False,True,False,False,False,False,False,False,False,False,False,False,False,False,False,False,False,False,False,False,False,False,False,False,False,False,False,False,False,False,True,False,422.85,420.22595000000035,2.62404999999967
225,3,1422.83,990,9.339622641509434,220,13.422924528301886,233.2,23.43721452517367,91,33.666666666666664,3,173,0.0,False,False,False,False,False,False,False,False,False,False,False,False,False,False,False,False,False,False,False,False,False,False,False,False,False,False,False,False,False,False,False,False,False,False,False,False,False,True,False,False,False,True,False,0.0,192.51499999999996,-192.51499999999996
371,1,59.4,12,12.0,12,59.4,59.4,0.0,1,1.0,1,0,0.0,False,False,False,False,False,False,False,False,False,False,False,False,False,False,False,False,False,False,False,False,False,False,False,False,False,False,False,False,False,False,False,False,False,False,False,False,False,True,False,False,False,False,True,0.0,0.0,0.0
81,7,2137.3,1265,43.62068965517241,200,73.7,358.0,109.13910766278315,19,4.142857142857143,7,553,0.13793103448275862,False,False,False,False,False,False,False,False,False,False,False,False,False,False,False,False,False,False,False,False,False,False,False,False,False,False,False,False,False,False,False,False,False,False,False,False,False,True,False,False,False,True,False,0.0,157.13844999999995,-157.13844999999995
126,26,15909.39,1883,31.915254237288135,144,269.6506779661017,838.8,245.9445821785483,7,2.269230769230769,11,582,0.1016949152542373,False,False,False,False,False,False,False,False,False,False,False,False,False,False,False,False,False,False,False,False,False,False,False,False,False,False,False,False,False,False,False,False,False,False,False,False,False,True,False,False,False,True,False,0.0,1415.9091500000004,-1415.9091500000004
561,2,4157.88,1910,26.52777777777778,160,57.748333333333335,326.4,73.64081966631525,53,35.5,2,132,0.0,False,False,False,False,False,False,False,False,False,False,False,False,False,False,False,False,False,False,False,False,False,False,False,False,False,False,False,False,False,False,False,False,False,False,False,False,False,True,False,False,False,False,True,0.0,7.318200000000001,-7.318200000000001
338,3,497.74,232,1.886178861788618,6,4.046666666666667,15.9,2.963465147940855,103,39.333333333333336,3,60,0.0,False,False,False,False,False,False,False,False,False,False,False,False,False,False,False,False,False,False,False,False,False,False,False,False,False,False,False,False,False,False,False,False,False,False,False,False,False,True,False,False,False,True,False,228.8,156.6307500000002,72.1692499999998
124,2,260.26,398,18.09090909090909,48,11.83,33.0,7.5066770278199675,18,11.0,2,28,0.0,False,False,False,False,False,False,False,False,False,False,False,False,False,False,False,False,False,False,False,False,False,False,False,False,False,False,False,False,False,False,False,False,False,False,False,False,False,True,False,False,False,True,False,521.02,432.0534999999998,88.96650000000017
552,1,178.07,138,3.066666666666667,25,3.957111111111111,23.4,5.040709556033041,43,43.0,1,0,0.0,False,False,False,False,False,False,False,False,False,False,False,False,False,False,False,False,False,False,False,False,False,False,False,False,False,False,False,False,False,False,False,False,False,False,False,False,False,True,False,False,False,False,True,0.0,0.0,0.0
696,1,162.25,63,7.875,12,20.28125,35.4,10.185982577612657,8,8.0,1,0,0.0,False,False,False,False,False,False,False,False,False,False,False,False,False,False,False,False,False,False,False,False,False,False,False,False,False,False,False,False,False,False,False,False,False,False,False,False,False,True,False,False,False,False,True,0.0,0.0,0.0
48,1,259.17,127,8.466666666666667,20,17.278000000000002,34.68,6.868984329162917,15,15.0,1,0,0.0,False,False,False,False,False,False,False,False,False,False,False,False,False,False,False,False,False,False,False,False,False,False,False,False,False,False,False,False,False,False,False,False,False,False,False,False,False,True,False,False,False,False,True,0.0,13.410749999999998,-13.410749999999998
206,6,1429.95,601,4.8861788617886175,60,11.625609756097562,102.0,18.23963362203675,92,20.0,5,387,0.8130081300813008,False,False,False,False,False,False,False,False,False,False,False,False,False,False,False,False,False,False,False,False,False,False,False,False,False,False,False,False,False,False,False,False,False,False,False,False,False,True,False,False,False,True,False,0.0,46.9631,-46.9631
176,4,3526.33,1838,14.138461538461538,72,27.125615384615383,141.6,22.70504629234977,113,32.5,4,427,0.0,False,False,False,False,False,False,False,False,False,False,False,False,False,False,False,False,False,False,False,False,False,False,False,False,False,False,False,False,False,False,False,False,False,False,False,False,False,True,False,False,False,True,False,1129.84,96.32135000000004,1033.51865
4,9,1616.8,684,3.013215859030837,24,7.122466960352423,47.7,6.473363468487037,130,24.77777777777778,5,193,0.13656387665198239,False,False,False,False,False,False,False,False,False,False,False,False,False,False,False,False,False,False,False,False,False,False,False,False,False,False,False,False,False,False,False,False,False,False,False,False,False,True,False,False,False,True,False,261.71,315.04884999999996,-53.33884999999998
343,1,351.75,153,2.353846153846154,12,5.411538461538462,29.95,5.115966193804827,64,64.0,1,0,0.0,False,False,False,False,False,False,False,False,False,False,False,False,False,False,False,False,False,False,False,False,False,False,False,False,False,False,False,False,False,False,False,False,False,False,False,False,False,True,False,False,False,False,True,0.0,0.0,0.0
344,2,504.95,340,17.894736842105264,72,26.576315789473682,90.0,24.98111157800058,19,9.5,2,138,0.0,False,False,False,False,False,False,False,False,False,False,False,False,False,False,False,False,False,False,False,False,False,False,False,False,False,False,False,False,False,False,False,False,False,False,False,False,False,True,False,False,False,True,False,164.96,141.48490000000004,23.47509999999997
611,1,336.5,136,7.555555555555555,24,18.694444444444443,30.0,6.583198062646008,18,18.0,1,0,0.0,False,False,False,False,False,False,False,False,False,False,False,False,False,False,False,False,False,False,False,False,False,False,False,False,False,False,False,False,False,False,False,False,False,False,False,False,False,True,False,False,False,False,True,0.0,0.0,0.0
232,2,287.65,65,4.0625,12,17.978125,31.8,4.724791662073578,15,8.0,2,27,0.0,False,False,False,False,False,False,False,False,False,False,False,False,False,False,False,False,False,False,False,False,False,False,False,False,False,False,False,False,False,False,False,False,False,False,False,False,False,True,False,False,False,True,False,111.05,200.13120000000046,-89.08120000000046
305,4,760.88,547,2.6298076923076925,25,3.6580769230769232,20.4,2.7664117490114783,174,51.25,3,251,0.6634615384615384,False,False,False,False,False,False,False,False,False,False,False,False,False,False,False,False,False,False,False,False,False,False,False,False,False,False,False,False,False,False,False,False,False,False,False,False,False,True,False,False,False,True,False,284.86,56.47825000000003,228.38174999999998
489,3,376.46,143,3.25,24,8.55590909090909,25.5,6.003843853299247,36,14.666666666666666,2,31,0.0,False,False,False,False,False,False,False,False,False,False,False,False,False,False,False,False,False,False,False,False,False,False,False,False,False,False,False,False,False,False,False,False,False,False,False,False,False,True,False,False,False,False,True,0.0,0.0,0.0
1,124,45070.05,26069,32.87389659520807,160,56.834867591424974,306.0,48.9282760165674,311,6.370967741935484,12,705,0.17780580075662042,False,False,False,False,False,False,False,False,False,False,False,False,False,False,False,False,False,False,False,False,False,False,False,False,False,False,False,False,False,False,False,False,False,False,False,False,False,True,False,False,False,True,False,4244.97,3876.7204499999993,368.2495500000009
356,3,819.01,781,16.97826086956522,96,17.804565217391303,103.5,15.683009306822283,41,15.333333333333334,3,168,0.0,False,False,False,False,False,False,False,False,False,False,False,False,False,False,False,False,False,False,False,False,False,False,False,False,False,False,False,False,False,False,False,False,False,False,False,False,False,True,False,False,False,False,True,0.0,0.0,0.0
34,12,3204.09,1596,6.791489361702127,25,13.634425531914895,99.6,26.68577839159198,118,19.583333333333332,6,609,0.14893617021276595,False,False,False,False,False,False,False,False,False,False,False,False,False,False,False,False,False,False,False,False,False,False,False,False,False,False,False,False,False,False,False,False,False,False,False,False,False,True,False,False,False,True,False,369.17,197.10545000000002,172.06455
374,19,4378.0,3224,7.3106575963718825,432,9.927437641723357,155.52,14.600143866393855,286,21.842105263157894,10,325,0.0,False,False,False,False,False,False,False,False,False,False,False,False,False,False,False,False,False,False,False,False,False,False,False,False,False,False,False,False,False,False,False,False,False,False,False,False,False,True,False,False,False,True,False,0.0,281.2009,-281.2009
1,5,2148.1,879,15.981818181818182,96,39.056363636363635,177.6,40.03851323522818,39,11.0,3,74,0.6545454545454545,False,False,False,False,False,False,False,False,False,False,False,False,False,False,False,False,False,False,False,False,False,False,False,False,False,False,False,False,False,False,False,False,False,False,False,False,False,True,False,False,False,True,False,1138.81,519.7007500000004,619.1092499999995
265,1,307.4,72,4.5,12,19.2125,34.0,7.391763434165535,16,16.0,1,0,0.0,False,False,False,False,False,False,False,False,False,False,False,False,False,False,False,False,False,False,False,False,False,False,False,False,False,False,False,False,False,False,False,False,False,False,False,False,False,True,False,False,False,False,True,0.0,0.0,0.0
257,4,511.25,235,8.10344827586207,20,17.629310344827587,33.0,3.8385617945066755,18,7.25,4,394,0.20689655172413793,False,False,True,False,False,False,False,False,False,False,False,False,False,False,False,False,False,False,False,False,False,False,False,False,False,False,False,False,False,False,False,False,False,False,False,False,False,False,False,False,False,True,False,0.0,88.52069999999999,-88.52069999999999
13,53,28633.579999999998,13244,23.692307692307693,288,51.22286225402504,598.8,65.29032824273223,190,10.547169811320755,12,687,0.06976744186046512,False,False,False,False,False,False,False,False,False,False,False,False,False,True,False,False,False,False,False,False,False,False,False,False,False,False,False,False,False,False,False,False,False,False,False,False,False,False,False,False,False,True,False,877.4499999999999,2638.4368000000018,-1760.986800000002
511,1,108.0,20,2.857142857142857,6,15.428571428571429,17.7,2.2974364595597163,7,7.0,1,0,0.0,False,False,False,False,False,False,False,False,False,False,False,False,False,False,False,False,False,False,False,False,False,False,False,False,False,False,False,False,False,False,False,False,False,False,False,False,False,True,False,False,False,False,True,0.0,0.0,0.0
451,2,2138.91,1403,11.134920634920634,48,16.97547619047619,280.0,24.09380397055287,126,63.0,1,0,0.0,False,False,False,False,False,False,False,False,False,False,False,False,False,False,False,False,False,False,False,False,False,False,False,False,False,False,False,False,False,False,False,False,True,False,False,False,False,False,False,False,False,False,True,0.0,0.0,0.0
391,1,1325.0,2500,625.0,625,331.25,331.25,0.0,4,4.0,1,0,0.0,False,False,False,False,False,False,False,False,False,False,False,False,False,False,False,False,False,False,False,False,False,False,False,False,False,False,False,False,False,False,False,False,False,False,False,False,False,True,False,False,False,False,True,0.0,-0.20355,0.20355
343,1,487.75,160,5.925925925925926,18,18.064814814814813,26.1,4.125129713923569,27,27.0,1,0,0.0,False,False,False,False,False,False,False,False,False,False,False,False,False,False,False,False,False,False,False,False,False,False,False,False,False,False,False,False,False,False,False,False,False,False,False,False,False,True,False,False,False,False,True,0.0,0.0,0.0
5,18,3054.83,1443,7.972375690607735,48,16.877513812154696,100.8,10.823925705279914,86,10.055555555555555,11,696,0.0,False,False,False,False,False,False,False,False,False,False,False,False,False,False,False,False,False,False,False,False,False,False,False,False,False,False,False,False,False,False,False,False,False,False,False,False,False,True,False,False,False,True,False,242.37,254.45334999999994,-12.083349999999939
69,10,1515.49,1151,12.24468085106383,48,16.122234042553192,46.8,11.00260830798969,60,9.4,6,480,0.2872340425531915,False,False,False,False,False,False,False,False,False,False,False,False,False,False,False,False,False,False,False,False,False,False,False,False,False,False,False,False,False,False,False,False,False,False,False,False,False,True,False,False,False,True,False,0.0,266.4245999999996,-266.4245999999996
27,7,1450.9,682,18.43243243243243,48,39.21351351351352,122.4,36.515918615205514,24,5.285714285714286,4,406,0.05405405405405406,False,False,False,False,False,False,False,False,False,False,False,False,False,False,False,False,False,False,False,False,False,False,False,False,False,False,False,False,False,False,False,False,False,False,False,False,False,True,False,False,False,True,False,0.0,90.07330000000002,-90.07330000000002
21,5,1420.97,787,8.554347826086957,25,15.445326086956522,34.8,4.882766836580555,75,18.4,4,349,0.0,False,False,False,False,False,False,False,False,False,False,False,False,False,False,False,False,False,False,False,False,False,False,False,False,False,False,False,False,False,False,False,False,False,False,False,False,False,True,False,False,False,True,False,290.76,158.70089999999996,132.05910000000003
294,2,274.62,182,11.375,24,17.16375,40.56,9.38277064624304,14,8.0,2,65,0.0,False,False,False,False,False,False,False,False,False,False,False,False,False,False,False,False,False,False,False,False,False,False,False,False,False,False,False,False,False,False,False,False,False,False,False,False,False,True,False,False,False,True,False,175.31,168.74265000000022,6.567349999999777
499,2,309.35,188,9.894736842105264,25,16.281578947368423,26.1,8.51468030531707,18,9.5,1,4,0.0,False,False,False,False,False,False,False,False,False,False,False,False,False,False,False,False,False,False,False,False,False,False,False,False,False,False,False,False,False,False,False,False,False,False,False,False,False,True,False,False,False,False,True,0.0,0.0,0.0
171,6,2189.6,2234,10.792270531400966,180,10.577777777777778,47.7,8.21093935764012,151,34.166666666666664,5,480,0.0,False,False,False,False,False,False,False,False,False,False,False,False,False,False,False,False,False,False,False,False,False,False,False,False,False,False,False,False,False,False,False,False,False,False,False,False,False,True,False,False,False,True,False,584.07,130.09780000000006,453.9722
8,29,1305.9,844,4.199004975124378,108,6.497014925373135,106.0,15.850138802066562,145,6.862068965517241,11,679,0.0,False,False,False,False,False,False,False,False,False,False,False,False,False,False,False,False,False,False,False,False,False,False,False,False,False,False,False,False,False,False,False,False,False,False,False,False,False,True,False,False,False,True,False,0.0,198.82164999999998,-198.82164999999998
329,1,290.34,142,3.641025641025641,24,7.444615384615384,30.0,5.569321439416705,39,39.0,1,0,0.0,False,False,False,False,False,False,False,False,False,False,False,False,False,False,False,False,False,False,False,False,False,False,False,False,False,False,False,False,False,False,False,False,False,False,False,False,False,True,False,False,False,False,True,0.0,0.0,0.0
59,5,1828.31,567,3.296511627906977,12,10.629709302325582,50.85,8.113142282295959,154,34.0,4,462,0.3488372093023256,False,False,False,False,False,False,False,False,False,False,False,False,False,False,False,False,False,False,False,False,False,False,False,False,False,False,False,False,False,False,False,False,False,False,False,False,False,True,False,False,False,True,False,504.43,154.43285000000006,349.9971499999999
202,2,336.09,187,9.35,24,16.804499999999997,23.4,3.951402782224108,20,10.0,2,395,0.0,False,False,False,False,False,False,False,False,False,False,False,False,False,False,False,False,False,False,False,False,False,False,False,False,False,False,False,False,False,False,False,False,False,False,False,False,False,True,False,False,False,True,False,0.0,35.339499999999994,-35.339499999999994
541,1,229.75,73,5.214285714285714,12,16.410714285714285,25.2,4.28737765339807,14,14.0,1,0,0.0,False,False,False,False,False,False,False,False,False,False,False,False,False,False,False,False,False,False,False,False,False,False,False,False,False,False,False,False,False,False,False,False,False,False,False,False,False,True,False,False,False,False,True,0.0,0.0,0.0
350,2,303.7,38,6.333333333333333,16,50.61666666666667,175.2,62.7251836718448,4,3.0,2,55,0.0,False,False,False,False,False,False,False,False,False,False,False,False,False,False,False,False,False,False,False,False,False,False,False,False,False,False,False,False,False,False,False,False,False,False,False,False,False,True,False,False,False,False,True,0.0,0.0,0.0
45,1,420.5,160,8.421052631578947,24,22.13157894736842,40.56,8.996419820719977,19,19.0,1,0,1.0,False,False,False,False,False,False,False,False,False,False,False,False,False,False,False,False,False,False,False,False,False,False,False,False,False,False,False,False,False,False,False,False,False,False,False,False,False,True,False,False,False,False,True,0.0,31.427149999999997,-31.427149999999997
60,13,2746.87,986,3.6791044776119404,48,10.249514925373134,51.0,10.498568519675585,164,20.076923076923077,6,230,0.6791044776119403,False,False,False,False,False,False,False,False,False,False,False,False,False,False,False,False,False,False,False,False,False,False,False,False,False,False,False,False,False,False,False,False,False,False,False,False,False,True,False,False,False,True,False,332.4,342.29274999999996,-9.892749999999978
240,1,140.54,88,8.8,16,14.053999999999998,23.4,4.6193029777229375,10,10.0,1,0,0.0,False,False,False,False,True,False,False,False,False,False,False,False,False,False,False,False,False,False,False,False,False,False,False,False,False,False,False,False,False,False,False,False,False,False,False,False,False,False,False,False,False,False,True,0.0,0.0,0.0
8,24,4084.5,2828,4.605863192182411,50,6.65228013029316,76.5,5.7076848981815065,250,24.958333333333332,11,693,0.21335504885993486,False,False,False,False,False,False,False,False,False,False,False,False,False,False,False,False,False,False,False,False,False,False,False,False,False,False,False,False,False,False,False,False,False,False,False,False,False,True,False,False,False,True,False,452.76,412.51419999999985,40.245800000000145
2,23,7451.98,4811,13.745714285714286,384,21.291371428571427,3155.95,246.71183682049008,231,14.826086956521738,7,522,0.10285714285714286,False,False,False,False,False,False,False,False,False,False,False,False,False,False,False,False,False,False,False,False,False,False,False,False,False,False,False,False,False,False,False,False,False,False,False,False,False,True,False,False,False,True,False,617.35,1182.0436499999994,-564.6936499999994
45,5,856.76,390,2.7857142857142856,12,6.119714285714285,29.85,5.544993327039876,104,27.2,4,366,0.16428571428571428,False,False,False,False,False,False,False,False,False,False,False,False,False,False,False,False,False,False,False,False,False,False,False,False,False,False,False,False,False,False,False,False,False,False,False,False,False,True,False,False,False,True,False,184.4,108.77404999999999,75.62595000000002
44,4,920.81,1097,17.140625,120,14.38765625,34.68,6.54923786725334,62,16.0,3,508,0.0,False,False,False,False,False,False,False,False,False,False,False,False,False,False,False,False,False,False,False,False,False,False,False,False,False,False,False,False,False,False,False,False,False,False,False,False,False,True,False,False,False,True,False,0.0,60.3126,-60.3126
25,4,2416.9,927,9.088235294117647,48,23.695098039215686,102.0,19.03629658347588,93,25.0,4,549,0.3431372549019608,False,False,False,False,False,False,False,False,False,False,False,False,False,False,False,False,False,False,False,False,False,False,False,False,False,False,False,False,False,False,False,False,False,False,False,False,False,True,False,False,False,True,False,0.0,164.15420000000006,-164.15420000000006
202,1,1079.4,530,9.137931034482758,32,18.610344827586207,54.08,8.679742086377074,58,58.0,1,0,0.0,False,False,False,False,False,False,False,False,False,False,False,False,False,False,False,False,False,False,False,False,False,False,False,False,False,False,False,False,False,False,False,True,False,False,False,False,False,False,False,False,False,False,True,0.0,-0.06675,0.06675
539,2,198.41,73,5.214285714285714,12,14.172142857142857,30.0,6.274160904451291,14,7.0,2,161,0.0,False,False,False,False,False,False,False,False,False,False,False,False,False,False,False,False,False,False,False,False,False,False,False,False,False,False,False,False,False,False,False,False,False,False,False,False,False,True,False,False,False,False,True,0.0,0.0,0.0
347,14,1216.15,902,3.5511811023622046,25,4.787992125984252,50.85,6.710960852012924,155,17.357142857142858,7,293,0.5236220472440944,False,False,False,False,False,False,False,False,False,False,False,False,False,False,False,False,False,False,False,False,False,False,False,False,False,False,False,False,False,False,False,False,False,False,False,False,False,True,False,False,False,True,False,0.0,65.4807,-65.4807
567,2,985.09,447,8.433962264150944,24,18.586603773584905,49.95,7.581905571159898,52,26.5,2,71,0.0,False,False,False,False,False,False,False,False,False,False,False,False,False,False,False,False,False,False,False,False,False,False,False,False,False,False,False,False,False,False,False,False,False,False,False,False,False,True,False,False,False,False,True,0.0,0.0,0.0
596,1,388.55,149,7.095238095238095,12,18.502380952380953,76.5,15.727288992309484,21,21.0,1,0,0.0,False,False,False,False,False,False,False,False,False,False,False,False,False,False,False,False,False,False,False,False,False,False,False,False,False,False,False,False,False,False,False,False,False,False,False,False,False,True,False,False,False,False,True,0.0,0.0,0.0
175,3,535.47,241,11.476190476190476,32,25.49857142857143,81.6,21.904085757162814,14,6.666666666666667,2,195,0.0,False,False,False,False,False,False,False,False,False,False,False,False,False,False,False,False,False,False,False,False,False,False,False,False,False,False,False,False,False,False,False,False,False,False,False,False,False,True,False,False,False,True,False,473.96,61.42154999999998,412.53845
10,13,1550.25,281,3.021505376344086,12,16.669354838709676,84.0,17.64389805880995,39,7.153846153846154,6,239,0.12903225806451613,False,False,False,False,False,False,False,False,False,False,False,False,False,False,False,False,False,True,False,False,False,False,False,False,False,False,False,False,False,False,False,False,False,False,False,False,False,False,False,False,False,True,False,343.7,259.78674999999987,83.91325000000012
589,1,156.87,51,1.2439024390243902,6,3.82609756097561,16.95,3.3305141330196903,41,41.0,1,0,0.0,False,False,False,False,False,False,False,False,False,False,False,False,False,False,False,False,False,False,False,False,False,False,False,False,False,False,False,False,False,False,False,False,False,False,False,False,False,True,False,False,False,False,True,0.0,0.0,0.0
637,3,346.56,156,1.9746835443037976,32,4.386835443037975,27.2,3.8739298089771244,76,26.0,2,17,0.34177215189873417,False,False,False,False,False,False,False,False,False,False,False,False,False,False,False,False,False,False,False,False,False,False,False,False,False,False,False,False,False,False,False,False,False,False,False,False,False,True,False,False,False,False,True,0.0,0.0,0.0
87,1,213.85,343,18.05263157894737,100,11.255263157894737,20.0,4.990491367948376,19,19.0,1,0,0.0,False,False,False,False,False,False,False,False,False,False,False,False,False,False,False,False,False,False,False,False,False,False,False,False,False,False,False,False,False,False,False,False,False,False,False,False,False,True,False,False,False,False,True,0.0,0.0,0.0
93,4,1262.75,1306,15.011494252873563,48,14.514367816091953,47.85,7.895058316227094,73,21.75,3,180,0.0,False,False,False,False,False,False,False,False,False,False,False,False,False,False,False,False,False,False,False,False,False,False,False,False,False,False,False,False,False,False,False,False,False,False,False,False,False,True,False,False,False,True,False,0.0,282.60614999999996,-282.60614999999996
16,14,6847.61,3010,11.31578947368421,72,25.742894736842103,1508.65,134.74155564777092,150,19.0,7,616,0.0,False,False,True,False,False,False,False,False,False,False,False,False,False,False,False,False,False,False,False,False,False,False,False,False,False,False,False,False,False,False,False,False,False,False,False,False,False,False,False,False,False,True,False,1040.39,535.6555999999999,504.73440000000016
143,9,1523.3700000000001,817,14.333333333333334,48,26.725789473684213,102.0,24.000467997473393,46,6.333333333333333,7,424,0.12280701754385964,False,False,False,False,False,False,False,False,False,False,False,False,False,False,False,False,False,False,False,False,False,False,False,False,False,False,False,False,False,False,False,False,False,False,False,False,False,True,False,False,False,True,False,0.0,64.79185,-64.79185
35,4,1052.6,620,9.6875,24,16.446875,39.6,5.4532963309374525,57,16.0,3,369,0.0,False,False,False,False,False,False,False,False,False,False,False,False,False,False,False,False,False,False,False,False,False,False,False,False,False,False,False,False,False,False,False,False,False,False,False,False,False,True,False,False,False,True,False,224.21,130.64725,93.56275
13,2,257.67,149,4.515151515151516,50,7.808181818181819,82.5,14.80711916075876,29,14.5,2,133,0.0,False,False,False,False,False,False,False,False,False,False,False,False,False,False,False,False,False,False,False,False,False,False,False,False,False,False,False,False,False,False,False,False,False,False,False,False,False,True,False,False,False,True,False,0.0,71.46355,-71.46355
288,3,1032.95,692,14.72340425531915,48,21.977659574468085,204.0,30.018724968778344,41,15.666666666666666,3,197,0.0,False,False,False,False,False,False,False,False,False,False,False,False,False,False,False,False,False,False,False,False,False,False,False,False,False,False,False,False,False,False,False,False,False,False,False,False,False,True,False,False,False,False,True,0.0,0.0,0.0
233,2,819.45,395,10.128205128205128,24,21.011538461538464,175.2,25.62737142181973,35,19.5,2,321,0.0,False,False,False,False,False,False,False,False,False,False,False,False,False,False,False,False,False,False,False,False,False,False,False,False,False,False,False,False,False,False,False,False,False,False,False,False,False,True,False,False,False,True,False,0.0,19.922449999999998,-19.922449999999998
588,2,362.15,233,21.181818181818183,120,32.92272727272727,106.5,28.180572773068008,10,5.5,1,1,0.0,False,False,False,False,False,False,False,False,False,False,False,False,False,False,False,False,False,False,False,False,False,False,False,False,False,False,False,False,False,False,False,False,False,False,False,False,False,True,False,False,False,False,True,0.0,0.0,0.0
297,13,3276.81,1639,4.138888888888889,64,8.274772727272728,64.9,8.86396377882192,218,29.846153846153847,10,409,0.37373737373737376,False,False,False,False,False,False,False,False,False,False,False,False,False,False,False,False,False,False,False,False,False,False,False,False,False,False,False,False,False,False,False,False,False,False,False,False,False,True,False,False,False,True,False,0.0,190.83505000000005,-190.83505000000005
605,1,375.5,130,26.0,50,75.1,92.5,15.883954167649817,5,5.0,1,0,1.0,False,False,False,False,False,False,False,False,False,False,False,False,False,False,False,False,False,False,False,False,False,False,False,False,False,False,False,False,False,False,False,False,False,False,False,False,False,True,False,False,False,False,True,0.0,0.0,0.0
89,4,570.5,368,12.266666666666667,24,19.016666666666666,47.2,8.436730995181575,23,7.5,4,380,0.0,False,False,False,False,False,False,False,False,False,False,False,False,False,False,False,False,False,False,False,False,False,False,False,False,False,False,False,False,False,False,False,False,False,False,False,False,False,True,False,False,False,True,False,0.0,60.87129999999999,-60.87129999999999
120,8,1979.87,1411,10.770992366412214,48,15.11351145038168,40.56,6.348699675907491,111,16.375,6,540,0.3282442748091603,False,False,False,False,False,False,False,False,False,False,False,False,False,False,False,False,False,False,False,False,False,False,False,False,False,False,False,False,False,False,False,False,False,False,False,False,False,True,False,False,False,True,False,0.0,117.19085000000003,-117.19085000000003
355,1,100.91,62,7.75,24,12.61375,17.7,4.356744975978544,8,8.0,1,0,0.0,False,False,False,False,False,False,False,False,False,False,False,False,False,False,False,False,False,False,False,False,False,False,False,False,False,False,False,False,False,False,False,False,False,False,False,False,False,True,False,False,False,False,True,0.0,0.0,0.0
85,11,3475.3,1901,9.901041666666666,30,18.100520833333334,49.5,9.666220869880991,76,17.454545454545453,8,526,0.16145833333333334,False,False,False,False,False,False,False,False,False,False,False,False,False,False,False,False,False,False,False,False,False,False,False,False,False,False,False,False,False,False,False,False,False,False,False,False,False,True,False,False,False,True,False,574.98,239.78505,335.19495
15,52,28812.27,17591,17.39960435212661,200,28.498783382789316,326.4,35.95416247131099,362,19.23076923076923,12,691,0.06726013847675569,False,False,False,False,False,False,False,False,False,False,False,False,False,False,False,False,False,False,False,False,False,False,False,False,False,False,False,False,False,False,False,False,False,False,False,False,False,True,False,False,False,True,False,3060.7799999999997,1668.2095999999976,1392.570400000002
612,2,469.13,255,9.807692307692308,24,18.04346153846154,53.1,10.067766362925866,24,13.0,2,19,0.7307692307692307,False,False,False,False,False,False,False,False,False,False,False,False,False,False,False,False,False,False,False,False,False,False,False,False,False,False,False,False,False,False,False,False,False,False,False,False,False,True,False,False,False,False,True,0.0,-0.06675,0.06675
203,2,149.57999999999998,75,3.75,12,7.478999999999999,49.9,10.721612653642028,18,9.0,2,26,0.0,False,False,False,False,False,False,False,False,False,False,False,False,False,False,False,False,False,False,False,False,False,False,False,False,False,False,False,False,False,False,False,False,False,False,False,False,False,True,False,False,False,False,True,0.0,-0.014750000000000001,0.014750000000000001
7,1,147.35,104,4.9523809523809526,24,7.016666666666667,61.2,13.099159260553073,21,21.0,1,0,0.0,False,False,False,False,False,False,False,False,False,False,False,False,False,False,False,False,False,False,False,False,False,False,False,False,False,False,False,False,False,False,False,False,False,False,False,False,False,True,False,False,False,False,True,0.0,52.418949999999995,-52.418949999999995
442,1,102.65,47,2.35,6,5.1325,17.7,3.6283603299852296,20,20.0,1,0,0.0,False,False,False,False,False,False,False,False,False,False,False,False,False,False,False,False,False,False,False,False,False,False,False,False,False,False,False,False,False,False,False,False,False,False,False,False,False,True,False,False,False,False,True,0.0,0.0,0.0
55,4,1560.46,941,3.5916030534351147,24,5.9559541984732824,35.4,5.686820722418517,211,64.0,4,651,0.0,False,False,False,False,False,False,False,False,False,False,False,False,False,False,False,False,False,False,False,False,False,False,False,False,False,False,False,False,False,False,False,False,False,False,False,False,False,True,False,False,False,True,False,0.0,78.40300000000002,-78.40300000000002
243,2,1145.6,536,15.764705882352942,36,33.69411764705882,47.7,9.115253322714345,17,17.0,1,0,0.0,False,False,False,False,False,False,False,False,False,False,False,False,False,False,False,False,False,False,False,False,False,False,False,False,False,False,False,False,False,False,False,False,False,False,False,False,False,True,False,False,False,False,True,0.0,0.0,0.0
2,9,2560.79,2054,12.226190476190476,96,15.242797619047618,61.2,12.828819816139147,135,18.11111111111111,4,622,0.30357142857142855,False,False,False,False,False,False,False,False,False,False,False,False,False,False,False,False,False,False,False,False,False,False,False,False,False,False,False,False,False,False,False,False,False,False,False,False,False,True,False,False,False,True,False,372.68,278.98595,93.69405
198,4,715.11,489,2.778409090909091,36,4.063125,30.0,4.072607435222375,165,43.5,2,499,0.21022727272727273,False,False,False,False,False,False,False,False,False,False,False,False,False,False,False,False,False,False,False,False,False,False,False,False,False,False,False,False,False,False,False,False,False,False,False,False,False,True,False,False,False,True,False,176.87,64.83635,112.03365000000001
392,1,321.9,307,5.685185185185185,75,5.96111111111111,40.8,7.757214698215709,47,47.0,1,0,0.0,False,False,False,False,False,False,False,False,False,False,False,False,False,False,False,False,False,False,False,False,False,False,False,False,False,False,False,False,False,False,False,False,False,False,False,False,False,True,False,False,False,False,True,0.0,0.0,0.0
44,1,145.67,57,8.142857142857142,16,20.81,34.68,8.302045932579912,7,7.0,1,0,0.0,False,False,False,False,False,False,False,False,False,False,False,False,False,False,False,False,False,False,False,False,False,False,False,False,False,False,False,False,False,False,False,False,False,False,False,False,False,True,False,False,False,False,True,0.0,9.0859,-9.0859
177,4,1192.3600000000001,452,8.071428571428571,48,21.29214285714286,69.36,13.198102716855761,49,14.0,4,461,0.0,False,False,False,False,False,False,False,False,False,False,False,False,False,False,False,False,False,False,False,False,False,False,False,False,False,False,False,False,False,False,False,False,False,False,False,False,False,True,False,False,False,True,False,0.0,111.18355000000005,-111.18355000000005
45,6,910.99,1198,27.86046511627907,100,21.185813953488374,60.0,17.49939879682376,40,7.166666666666667,4,652,0.32558139534883723,False,False,False,False,False,False,False,False,False,False,False,False,False,False,False,False,False,False,False,False,False,False,False,False,False,False,False,False,False,False,False,False,False,False,False,False,False,True,False,False,False,True,False,0.0,47.56009999999999,-47.56009999999999
24,6,3169.07,1824,9.165829145728644,48,15.92497487437186,39.6,6.855129088689567,153,33.166666666666664,5,507,0.12060301507537688,False,False,False,False,False,False,False,False,False,False,False,False,False,False,False,False,False,False,False,False,False,False,False,False,False,False,False,False,False,False,False,False,False,False,False,False,False,True,False,False,False,True,False,-1.65,143.71615000000006,-145.36615000000006
23,1,109.36,52,10.4,12,21.872,35.4,11.899996638654986,5,5.0,1,0,0.0,False,False,False,False,False,False,False,False,False,False,False,False,False,False,False,False,False,False,False,False,False,False,False,False,False,False,False,False,False,False,False,False,False,False,False,False,False,True,False,False,False,False,True,0.0,3.3017500000000006,-3.3017500000000006
3,1,143.76,72,3.6,10,7.188,21.0,5.012236185471248,20,20.0,1,0,1.0,False,False,False,False,False,False,False,False,False,False,False,False,False,False,False,False,False,False,False,False,False,False,False,False,False,False,False,False,False,False,False,False,False,False,False,False,False,True,False,False,False,False,True,252.72,25.129750000000005,227.59025
3,10,2661.42,1506,6.223140495867769,72,10.997603305785125,52.2,7.270700996960951,189,24.2,7,538,0.1115702479338843,False,False,False,False,False,False,False,False,False,False,False,False,False,False,False,False,False,False,False,False,False,False,False,False,False,False,False,False,False,False,False,False,False,False,False,False,False,True,False,False,False,True,False,121.66,166.14664999999997,-44.48664999999997
15,1,121.18,201,18.272727272727273,25,11.016363636363637,15.0,3.564410954778567,11,11.0,1,0,0.0,False,False,False,False,False,False,False,False,False,False,False,False,False,False,False,False,False,False,False,False,False,False,False,False,False,False,False,False,False,False,False,False,False,False,False,False,False,True,False,False,False,False,True,0.0,86.7122,-86.7122
365,1,197.31,145,13.181818181818182,24,17.937272727272727,30.6,6.480061868391521,11,11.0,1,0,0.0,False,False,False,False,False,False,False,False,False,False,False,False,False,False,False,False,False,False,False,False,False,False,False,False,False,False,False,False,False,False,False,False,False,False,False,False,False,True,False,False,False,False,True,0.0,0.0,0.0
42,1,224.14,454,19.73913043478261,80,9.745217391304347,19.5,4.598980983539344,23,23.0,1,0,0.0,False,False,False,False,False,False,False,False,False,False,False,False,False,False,False,False,False,False,False,False,False,False,False,False,False,False,False,False,False,False,False,False,False,False,False,False,False,True,False,False,False,False,True,0.0,50.28954999999999,-50.28954999999999
541,2,439.1,217,1.954954954954955,16,3.955855855855856,27.04,3.894213765545088,98,55.0,2,40,0.0,False,False,False,False,False,False,False,False,False,False,False,False,False,False,False,False,False,False,False,False,False,False,False,False,False,False,False,False,False,False,False,False,False,False,False,False,False,True,False,False,False,False,True,0.0,0.0,0.0
6,2,609.85,241,8.607142857142858,24,21.780357142857145,42.96,8.422267875342197,27,14.0,2,232,0.0,False,False,False,False,False,False,False,False,False,False,False,False,False,False,False,False,False,False,False,False,False,False,False,False,False,False,False,False,False,False,False,False,False,False,False,False,False,True,False,False,False,True,False,0.0,97.91090000000004,-97.91090000000004
539,2,264.5,207,10.35,24,13.225,30.0,11.010579362355863,19,10.0,2,57,0.0,False,False,False,False,False,False,False,False,False,False,False,False,False,False,False,False,False,False,False,False,False,False,False,False,False,False,False,False,False,False,False,False,False,False,False,False,False,True,False,False,False,False,True,0.0,0.0,0.0
401,13,-3767.1999999999994,3846,87.4090909090909,288,-85.61818181818181,10468.8,2874.2240340018425,30,3.3846153846153846,4,300,0.0,False,False,False,False,False,False,False,False,False,False,False,False,False,False,False,False,False,False,False,False,False,False,False,False,False,False,False,False,False,False,False,False,False,False,False,False,False,True,False,False,False,True,False,0.0,780.8810999999998,-780.8810999999998
1,3,1018.48,674,5.067669172932331,48,7.657744360902256,39.6,6.4547116472624175,108,42.333333333333336,2,362,0.0,False,False,False,False,False,False,False,False,False,False,False,False,False,False,False,False,False,False,False,False,False,False,False,False,False,False,False,False,False,False,False,False,False,False,False,False,False,True,False,False,False,True,False,0.0,144.46210000000008,-144.46210000000008
190,9,2954.46,958,7.725806451612903,24,23.826290322580647,165.0,21.472414690259566,81,13.777777777777779,6,312,0.1935483870967742,False,False,False,False,False,False,False,False,False,False,False,False,False,False,False,False,False,False,False,False,False,False,False,False,False,False,False,False,False,False,False,False,False,False,False,False,False,True,False,False,False,True,False,335.2,134.64500000000004,200.55499999999995
50,5,2347.05,1470,11.666666666666666,120,18.627380952380953,124.8,14.789429802589222,104,25.2,4,196,0.0,False,False,False,False,False,False,False,False,False,False,False,False,False,False,False,False,False,False,False,False,False,False,False,False,False,False,False,False,False,False,False,False,False,False,False,False,False,True,False,False,False,True,False,0.0,290.2539500000001,-290.2539500000001
183,1,370.79999999999995,56,11.2,24,74.16,255.2,101.46340719688058,5,5.0,1,0,0.0,False,False,False,False,False,False,False,False,False,False,False,False,False,False,False,False,False,False,False,False,False,False,False,False,False,False,False,False,False,False,False,False,False,False,False,False,False,True,False,False,False,False,True,0.0,0.0,0.0
9,5,1183.7,693,8.884615384615385,36,15.175641025641026,63.2,8.638852525675674,65,15.6,4,687,0.20512820512820512,False,False,False,False,False,False,False,False,False,False,False,False,False,False,False,False,False,False,False,False,False,False,False,False,False,False,False,False,False,False,False,False,False,False,False,False,False,True,False,False,False,True,False,0.0,60.595199999999984,-60.595199999999984
629,1,246.22,200,11.764705882352942,24,14.483529411764707,30.0,5.609176567438921,17,17.0,1,0,0.0,False,False,False,False,False,False,False,False,False,False,False,False,False,False,False,False,False,False,False,False,False,False,False,False,False,False,False,False,False,False,False,False,False,False,False,False,False,True,False,False,False,False,True,0.0,0.0,0.0
302,1,492.65,197,6.793103448275862,24,16.98793103448276,31.8,5.594012346959116,29,29.0,1,0,0.0,False,False,False,False,False,False,False,False,False,False,False,False,False,False,False,False,False,False,False,False,False,False,False,False,False,False,False,False,False,False,False,False,False,False,False,False,False,True,False,False,False,False,True,0.0,0.0,0.0
195,3,1176.19,841,12.552238805970148,144,17.55507462686567,93.6,12.764703865232196,66,22.333333333333332,3,350,0.0,False,False,False,False,False,False,False,False,False,False,False,False,False,False,False,False,False,False,False,False,False,False,False,False,False,False,False,False,False,False,False,False,False,False,False,False,False,True,False,False,False,True,False,0.0,59.18615000000002,-59.18615000000002
492,10,611.32,180,5.0,36,16.98111111111111,59.5,11.932131357396246,29,3.6,7,211,0.3888888888888889,False,False,False,False,False,False,False,False,False,False,False,False,False,False,False,False,False,False,False,False,False,False,False,False,False,False,False,False,False,False,False,False,False,False,False,False,False,True,False,False,False,True,False,0.0,40.388149999999996,-40.388149999999996
352,6,974.95,742,7.42,144,9.749500000000001,137.16,17.204756529001568,96,16.166666666666668,5,344,0.03,False,False,False,False,False,False,False,False,False,False,False,False,False,False,False,False,False,False,False,False,False,False,False,False,False,False,False,False,False,False,False,False,False,False,False,False,False,True,False,False,False,True,False,513.01,55.27365000000003,457.73634999999996
9,20,3761.27,1924,7.665338645418327,64,14.985139442231075,163.2,15.122000432498277,143,12.55,10,699,0.01593625498007968,False,False,False,False,False,False,False,False,False,False,False,False,False,False,False,False,False,False,False,False,False,False,False,False,False,False,False,False,False,False,False,False,False,False,False,False,False,True,False,False,False,True,False,0.0,624.5095499999998,-624.5095499999998
27,5,1616.54,1555,13.405172413793103,96,13.935689655172414,40.8,6.901473468903506,107,23.2,4,330,0.0,False,False,False,False,False,False,False,False,False,False,False,False,False,False,False,False,False,False,False,False,False,False,False,False,False,False,False,False,False,False,False,False,False,False,False,False,False,True,False,False,False,True,False,0.0,315.74040000000014,-315.74040000000014
65,5,1508.18,992,9.92,36,15.081800000000001,35.4,6.134632336089091,70,20.0,5,293,0.0,False,False,False,False,False,False,False,False,False,False,False,False,False,False,False,False,False,False,False,False,False,False,False,False,False,False,False,False,False,False,False,False,False,False,False,False,False,True,False,False,False,True,False,0.0,183.00345000000004,-183.00345000000004
504,1,150.55,41,6.833333333333333,12,25.09166666666667,51.0,16.840618060708657,6,6.0,1,0,0.0,False,False,False,False,False,False,False,False,False,False,False,False,False,False,False,False,False,False,False,False,False,False,False,False,False,False,False,False,False,False,False,False,False,False,False,False,False,True,False,False,False,False,True,0.0,0.0,0.0
27,2,522.03,283,4.161764705882353,12,7.676911764705882,33.2,6.050673641379644,55,31.0,2,318,0.0,False,False,False,False,False,False,False,False,False,False,False,False,False,False,False,False,False,False,False,False,False,False,False,False,False,False,False,False,False,False,False,False,False,False,False,False,False,True,False,False,False,True,False,0.0,33.330799999999996,-33.330799999999996
10,1,335.85,187,2.791044776119403,12,5.012686567164179,19.8,3.525680928038154,67,67.0,1,0,1.0,False,False,False,False,False,False,False,False,False,False,False,False,False,False,False,False,False,False,False,False,False,False,False,False,False,False,False,False,False,False,False,False,False,False,False,False,False,True,False,False,False,True,False,1075.36,756.3721000000008,318.98789999999906
699,1,165.0,100,100.0,100,165.0,165.0,0.0,1,1.0,1,0,0.0,False,False,False,False,False,False,False,False,False,False,False,False,False,False,False,False,False,False,False,False,False,False,False,False,False,False,False,False,False,False,False,False,False,False,False,False,False,True,False,False,False,False,True,0.0,0.0,0.0
9,1,162.8,70,1.5217391304347827,6,3.539130434782609,9.95,2.3234187703917466,44,44.0,1,0,0.0,False,False,False,False,False,False,False,False,False,False,False,False,False,False,False,False,False,False,False,False,False,False,False,False,False,False,False,False,False,False,False,False,False,False,False,False,False,True,False,False,False,False,True,0.0,217.09564999999972,-217.09564999999972
101,11,3324.76,1180,2.0593368237347294,52,5.802373472949389,47.7,6.464652594530226,386,51.54545454545455,5,417,0.5462478184991274,False,False,False,False,False,False,False,False,False,False,False,False,False,False,False,False,False,False,False,False,False,False,False,False,False,False,False,False,False,False,False,False,False,False,False,False,False,True,False,False,False,True,False,350.24,219.65655000000004,130.58344999999997
140,1,237.60999999999999,98,8.166666666666666,24,19.800833333333333,79.6,24.908401451694722,12,12.0,1,0,0.0,False,False,False,False,False,False,False,False,False,False,False,False,False,False,False,False,False,False,False,False,False,False,False,False,False,False,False,False,False,False,False,False,False,False,False,False,False,True,False,False,False,False,True,0.0,0.0,0.0
182,12,1499.42,1255,12.303921568627452,96,14.700196078431373,39.0,7.730438612995475,53,8.5,5,461,0.06862745098039216,False,False,False,False,False,False,False,False,False,False,False,False,False,False,False,False,False,False,False,False,False,False,False,False,False,False,False,False,False,False,False,False,False,False,False,False,False,True,False,False,False,True,False,0.0,127.53274999999996,-127.53274999999996
139,14,3318.1,1550,25.833333333333332,432,55.30166666666666,477.6,86.49382982141063,38,4.285714285714286,8,525,0.0,False,False,False,False,False,False,False,False,False,False,False,False,False,False,False,False,False,False,False,False,False,False,False,False,False,False,False,False,False,False,False,False,False,False,False,False,False,True,False,False,False,True,False,0.0,142.90190000000007,-142.90190000000007
15,1,522.91,215,7.413793103448276,24,18.031379310344825,79.9,12.815959560568537,29,29.0,1,0,0.0,False,False,False,False,False,False,False,False,False,False,False,False,False,False,False,False,False,False,False,False,False,False,False,False,False,False,False,False,False,False,False,False,False,False,False,False,False,True,False,False,False,False,True,0.0,58.74974999999997,-58.74974999999997
14,1,95.45,127,8.466666666666667,36,6.363333333333333,15.0,4.074244306207799,15,15.0,1,0,0.0,False,False,False,False,False,False,False,False,False,False,False,False,False,False,False,False,False,False,False,False,False,False,False,False,False,False,False,False,False,False,False,False,False,False,False,False,False,True,False,False,False,False,True,0.0,84.63765,-84.63765
6,22,7823.59,2740,24.035087719298247,120,68.62798245614036,226.8,45.6601864911519,23,5.181818181818182,8,230,0.0,False,False,False,False,False,False,False,False,False,False,False,False,False,False,False,False,False,False,False,False,False,False,False,False,False,False,False,False,False,False,False,False,False,False,False,False,False,True,False,False,False,True,False,270.0,547.1640499999999,-277.16404999999986
49,22,5578.86,3931,12.322884012539184,48,17.48858934169279,70.8,16.99020099247774,181,14.272727272727273,8,653,0.18495297805642633,False,False,False,False,False,False,False,False,False,False,False,False,False,False,False,False,False,False,False,False,False,False,False,False,False,False,False,False,False,False,False,False,False,False,False,False,False,True,False,False,False,True,False,0.0,287.2063,-287.2063
189,2,398.79999999999995,76,9.5,36,49.849999999999994,214.2,81.85895535265871,7,4.0,2,248,0.625,False,False,False,False,False,False,False,False,False,False,False,False,False,False,False,False,False,False,False,False,False,False,False,False,False,False,False,False,False,False,False,False,False,False,False,False,False,True,False,False,False,True,False,108.75,8.91235,99.83765
475,1,299.02,271,14.263157894736842,48,15.737894736842104,30.0,6.3924526495855245,19,19.0,1,0,0.0,False,False,False,False,False,False,False,False,False,False,False,False,False,True,False,False,False,False,False,False,False,False,False,False,False,False,False,False,False,False,False,False,False,False,False,False,False,False,False,False,False,False,True,0.0,0.0,0.0
2,9,1167.49,680,4.927536231884058,36,8.460072463768116,40.56,9.014947238744018,124,15.11111111111111,4,465,0.0,False,False,False,False,False,False,False,False,False,False,False,False,False,False,False,False,False,False,False,False,False,False,False,False,False,False,False,False,False,False,False,False,False,False,False,False,False,True,False,False,False,True,False,108.86,73.81965000000002,35.040349999999975
245,1,298.5,122,8.133333333333333,12,19.9,51.0,9.180802952745628,15,15.0,1,0,0.0,False,False,False,False,False,False,False,False,False,False,False,False,False,False,False,False,False,False,False,False,False,False,False,False,False,False,False,False,False,False,False,False,False,False,False,False,False,True,False,False,False,True,False,90.02,279.9821999999997,-189.9621999999997
279,2,280.53000000000003,119,3.606060606060606,24,8.500909090909092,31.8,7.700927039826262,32,16.5,2,104,0.0,False,False,False,False,False,False,False,False,False,False,False,False,False,False,False,False,False,False,False,False,False,False,False,False,False,False,False,False,False,False,False,False,False,False,False,False,False,True,False,False,False,False,True,0.0,0.0,0.0
2,11,5735.03,2666,11.848888888888888,100,25.48902222222222,255.0,28.663693560041565,157,20.454545454545453,8,530,0.2088888888888889,False,False,False,False,False,False,False,False,False,False,False,False,True,False,False,False,False,False,False,False,False,False,False,False,False,False,False,False,False,False,False,False,False,False,False,False,False,False,False,False,False,True,False,585.75,480.9886500000001,104.76134999999988
59,11,4279.97,2815,10.70342205323194,96,16.27365019011407,81.6,7.761513805239393,205,23.90909090909091,7,643,0.0,False,False,False,False,False,False,False,False,False,False,False,False,False,False,False,False,False,False,False,False,False,False,False,False,False,False,False,False,False,False,False,False,False,False,False,False,False,True,False,False,False,True,False,0.0,255.19440000000003,-255.19440000000003
223,2,261.69,97,3.4642857142857144,12,9.34607142857143,71.6,14.498201252233482,27,13.5,1,391,0.0,False,False,False,False,False,False,False,False,False,False,False,False,False,False,False,False,False,False,False,False,False,False,False,False,False,False,False,False,False,False,False,False,False,False,False,False,False,True,False,False,False,True,False,0.0,14.811750000000002,-14.811750000000002
425,5,777.66,402,14.357142857142858,96,27.773571428571426,229.5,66.80860086647115,23,5.6,4,248,0.0,False,False,False,False,False,False,False,False,False,False,False,False,False,False,False,False,False,False,False,False,False,False,False,False,False,False,False,False,False,False,False,False,False,False,False,False,False,True,False,False,False,True,False,0.0,29.19425,-29.19425
510,1,159.17000000000002,98,4.9,25,7.958500000000001,25.5,6.136645127514922,20,20.0,1,0,0.0,False,False,False,False,False,False,False,False,False,False,False,False,False,False,False,False,False,False,False,False,False,False,False,False,False,False,False,False,False,False,False,False,False,False,False,False,False,True,False,False,False,False,True,0.0,0.0,0.0
43,18,3529.96,1419,9.653061224489797,48,24.013333333333332,183.6,25.42398876191952,89,8.166666666666666,9,603,0.14965986394557823,False,False,False,False,False,False,False,False,False,False,False,False,False,False,False,False,False,False,False,False,False,False,False,False,False,False,False,False,False,False,False,False,False,False,False,False,False,True,False,False,False,True,False,351.15,168.92330000000004,182.22669999999994
473,1,153.24,84,42.0,48,76.62,122.04,64.23358000298597,2,2.0,1,0,1.0,False,False,False,False,False,False,False,False,False,False,False,False,False,False,False,False,False,False,False,False,False,False,False,False,False,False,False,False,False,False,False,False,False,False,False,False,False,True,False,False,False,False,True,0.0,0.0,0.0
209,10,6263.6,3204,10.89795918367347,48,21.304761904761907,195.0,28.04727521295866,236,29.4,5,456,0.0,False,False,False,False,False,False,False,False,False,False,False,False,False,False,False,False,False,False,False,False,False,False,False,False,False,False,False,False,False,False,False,False,False,False,False,False,False,True,False,False,False,True,False,0.0,194.77869999999993,-194.77869999999993
6,33,10293.66,4532,11.415617128463476,336,25.928614609571788,601.44,42.99595187481376,244,12.030303030303031,11,658,0.07556675062972293,False,False,False,False,False,False,False,False,False,False,False,False,False,False,False,False,False,False,False,False,False,False,False,False,False,False,False,False,False,False,False,False,False,False,False,False,False,False,False,False,False,True,False,0.0,1109.3895000000014,-1109.3895000000014
563,1,235.88,114,8.76923076923077,12,18.144615384615385,47.7,9.616333860836829,13,13.0,1,0,0.0,False,False,False,False,False,False,False,False,False,False,False,False,False,False,False,False,False,False,False,False,False,False,False,False,False,False,False,False,False,False,False,False,False,False,False,False,False,True,False,False,False,False,True,0.0,0.0,0.0
394,2,476.95,327,12.11111111111111,50,17.664814814814815,35.4,11.980463382065103,27,13.5,2,304,0.0,False,False,False,False,False,False,False,False,False,False,False,False,False,False,False,False,False,False,False,False,False,False,False,False,False,False,False,False,False,False,False,False,False,False,False,False,False,True,False,False,False,False,True,0.0,-0.014750000000000001,0.014750000000000001
566,2,228.35999999999999,182,10.705882352941176,48,13.432941176470587,30.0,10.974043673998365,14,8.5,2,25,0.8235294117647058,False,False,False,False,False,False,False,False,False,False,False,False,False,False,False,False,False,False,False,False,False,False,False,False,False,False,False,False,False,False,False,False,False,False,False,False,False,True,False,False,False,False,True,0.0,0.0,0.0
570,1,734.91,274,5.591836734693878,36,14.998163265306122,51.0,12.691945226774964,46,46.0,1,0,1.0,False,False,False,False,False,False,False,False,False,False,False,False,False,False,False,False,False,False,False,False,False,False,False,False,False,False,False,False,False,False,False,False,False,False,False,False,False,True,False,False,False,False,True,0.0,0.0,0.0
401,3,742.9,298,10.642857142857142,48,26.532142857142855,165.6,30.907098592172048,25,9.333333333333334,3,306,0.0,False,False,False,False,False,False,False,False,False,False,False,False,False,False,False,False,False,False,False,False,False,False,False,False,False,False,False,False,False,False,False,False,False,False,False,False,False,True,False,False,False,True,False,0.0,20.278200000000005,-20.278200000000005
65,3,320.39,181,5.027777777777778,25,8.899722222222222,38.25,6.5119408939539065,33,11.333333333333334,3,577,0.0,False,False,False,False,False,False,False,False,False,False,False,False,False,False,False,False,False,False,False,False,False,False,False,False,False,False,False,False,False,False,False,False,False,False,False,False,False,True,False,False,False,True,False,0.0,38.493100000000005,-38.493100000000005
34,12,5288.5599999999995,3416,26.276923076923076,256,40.681230769230766,153.0,28.488601474578225,73,10.833333333333334,8,556,0.18461538461538463,False,False,False,False,False,False,False,False,False,False,False,False,False,False,False,False,False,False,False,False,False,False,False,False,False,False,False,False,False,False,False,False,False,False,False,False,False,True,False,False,False,True,False,458.46,234.5159,223.9441
36,6,1322.02,440,7.857142857142857,36,23.607499999999998,70.8,13.24385033961732,44,9.333333333333334,6,599,0.0,False,False,False,False,False,False,False,False,False,False,False,False,True,False,False,False,False,False,False,False,False,False,False,False,False,False,False,False,False,False,False,False,False,False,False,False,False,False,False,False,False,True,False,85.1,48.37105,36.72895
344,8,585.15,351,11.7,96,19.505,177.6,57.72622667862264,17,3.75,4,250,0.3,False,False,False,False,False,False,False,False,False,False,False,False,False,False,False,False,False,False,False,False,False,False,False,True,False,False,False,False,False,False,False,False,False,False,False,False,False,False,False,False,False,True,False,0.0,43.096550000000015,-43.096550000000015
85,1,127.0,526,29.22222222222222,100,7.055555555555555,18.72,4.1099967399761255,18,18.0,1,0,0.0,False,False,False,False,False,False,False,False,False,False,False,False,False,False,False,False,False,False,False,False,False,False,False,False,False,False,False,False,False,False,False,False,False,False,False,False,False,True,False,False,False,True,False,133.68,814.7813000000003,-681.1013000000003
167,2,3371.45,4423,245.72222222222223,4300,187.30277777777778,3096.0,725.9289886824173,18,9.0,2,294,0.0,False,False,False,False,False,False,False,False,False,False,False,False,False,False,False,False,False,False,False,False,False,False,False,False,False,False,False,False,False,False,False,False,False,False,False,False,False,True,False,False,False,True,False,0.0,1182.8915499999998,-1182.8915499999998
216,3,915.56,550,9.482758620689655,48,15.78551724137931,40.8,6.9613177247278255,48,19.333333333333332,2,176,0.0,False,False,False,False,False,False,False,False,False,False,False,False,False,False,False,False,False,False,False,False,False,False,False,False,False,False,False,False,False,False,False,False,False,False,False,False,False,True,False,False,False,True,False,0.0,63.530950000000004,-63.530950000000004
400,1,314.67,191,9.095238095238095,72,14.984285714285715,30.0,8.402504728608353,21,21.0,1,0,0.0,False,False,False,False,False,False,False,False,False,False,False,False,False,False,False,False,False,False,False,False,False,False,False,False,False,False,False,False,False,False,False,False,False,False,False,False,False,True,False,False,False,False,True,0.0,0.0,0.0
563,1,167.35,19,2.7142857142857144,8,23.907142857142855,39.9,10.950092411003835,7,7.0,1,0,1.0,False,False,False,False,False,False,False,False,False,False,False,False,False,False,False,False,False,False,False,False,False,False,False,False,False,False,False,False,False,False,False,False,False,False,False,False,False,True,False,False,False,False,True,0.0,0.0,0.0
128,2,174.65,80,6.666666666666667,24,14.554166666666667,29.7,11.462576624772804,11,6.0,2,18,0.0,False,False,False,False,False,False,False,False,False,False,False,False,False,False,False,False,False,False,False,False,False,False,False,False,False,False,False,False,False,False,False,False,False,False,False,False,False,True,False,False,False,False,True,0.0,0.0,0.0
452,8,1867.02,773,9.54320987654321,48,23.049629629629628,66.0,14.342589588742722,46,10.125,7,170,0.13580246913580246,False,False,False,False,False,False,False,False,False,False,False,False,False,False,False,False,False,False,False,False,False,False,False,False,False,False,False,False,False,False,False,False,False,False,False,False,False,True,False,False,False,False,True,0.0,2.3304,-2.3304
29,1,153.12,162,13.5,20,12.76,23.9,4.742312439383055,12,12.0,1,0,0.0,False,False,False,False,False,False,False,False,False,False,False,False,True,False,False,False,False,False,False,False,False,False,False,False,False,False,False,False,False,False,False,False,False,False,False,False,False,False,False,False,False,False,True,0.0,18.743349999999992,-18.743349999999992
442,2,1450.5,324,9.529411764705882,36,42.661764705882355,135.0,28.423208770148456,29,17.0,2,145,0.0,False,False,False,False,False,False,False,False,False,False,False,False,False,False,False,False,False,False,False,False,False,False,False,False,False,False,False,False,False,False,False,False,False,False,False,False,False,True,False,False,False,False,True,0.0,0.0,0.0
135,3,1313.66,1459,15.357894736842105,96,13.828000000000001,81.6,9.958323109285827,90,31.666666666666668,2,126,0.0,False,False,False,False,False,False,False,False,False,False,False,False,False,False,False,False,False,False,False,False,False,False,False,False,False,False,False,False,False,False,False,False,False,False,False,False,False,True,False,False,False,True,False,0.0,349.9747499999999,-349.9747499999999
428,2,208.62,70,5.833333333333333,12,17.385,35.4,5.916438578616823,11,6.0,2,160,0.0,False,False,False,False,False,False,False,False,False,False,False,False,False,False,False,False,False,False,False,False,False,False,False,False,False,False,False,False,False,False,False,False,False,False,False,False,False,True,False,False,False,False,True,0.0,0.0,0.0
2,15,3393.31,1904,2.2347417840375585,48,3.9827582159624413,34.0,4.599531501482368,461,56.06666666666667,10,378,0.3685446009389671,False,False,False,False,False,False,False,False,False,False,False,False,False,False,False,False,False,False,False,False,False,False,False,False,False,False,False,False,False,False,False,False,False,False,False,False,False,True,False,False,False,True,False,599.55,348.04015,251.50984999999997
544,2,135.95000000000002,45,3.4615384615384617,12,10.457692307692309,18.95,10.319719112655273,11,6.5,1,7,0.0,False,False,False,False,False,False,False,False,False,False,False,False,False,False,False,False,False,False,False,False,False,False,False,False,False,False,False,False,False,False,False,False,False,False,False,False,False,True,False,False,False,False,True,0.0,0.0,0.0
285,2,779.5699999999999,368,8.55813953488372,24,18.12953488372093,54.0,11.09023099795671,38,21.5,1,21,0.0,False,False,False,False,False,False,False,False,False,False,False,False,True,False,False,False,False,False,False,False,False,False,False,False,False,False,False,False,False,False,False,False,False,False,False,False,False,False,False,False,False,False,True,0.0,4.0999,-4.0999
384,5,902.42,580,12.340425531914894,40,19.20042553191489,102.0,20.343102234188336,44,9.4,3,91,0.0,False,False,False,False,False,False,False,False,False,False,False,False,False,False,False,False,False,False,False,False,False,False,False,False,False,False,False,False,False,False,False,False,False,False,False,False,False,True,False,False,False,False,True,0.0,0.0,0.0
280,3,1679.56,891,12.205479452054794,48,23.00767123287671,100.8,21.75274653926538,73,24.333333333333332,3,427,0.0,False,False,False,False,False,False,False,False,False,False,False,False,False,False,False,False,False,False,False,False,False,False,False,False,False,False,False,False,False,False,False,False,False,False,False,False,False,True,False,False,False,True,False,0.0,26.23449999999999,-26.23449999999999
356,2,895.76,613,18.575757575757574,144,27.144242424242425,94.8,22.048591087400435,29,16.5,1,13,0.0,False,False,False,False,False,False,False,False,False,False,False,False,False,False,False,False,False,False,False,False,False,False,False,False,False,False,False,False,False,False,False,False,False,False,False,False,False,True,False,False,False,False,True,0.0,0.0,0.0
368,2,153.52,72,7.2,12,15.352,19.8,2.5475774985485944,10,5.0,1,0,1.0,False,False,False,False,False,False,False,False,False,False,False,False,False,False,False,False,False,False,False,False,False,False,False,False,False,False,False,False,False,False,False,False,False,False,False,False,False,True,False,False,False,False,True,0.0,0.0,0.0
70,16,16170.27,9785,28.19884726224784,144,46.60020172910663,179.0,58.793659848647756,173,21.6875,5,434,0.069164265129683,False,False,False,False,False,False,False,False,False,False,False,False,False,False,False,False,False,False,False,False,False,False,False,False,False,False,False,False,False,False,False,False,False,False,False,False,False,True,False,False,False,True,False,0.0,515.2793499999999,-515.2793499999999
122,3,447.05,315,15.0,48,21.288095238095238,52.2,10.89265698489015,16,7.0,3,285,0.0,False,False,False,False,False,False,False,False,False,False,False,False,False,False,False,False,False,False,False,False,False,False,False,False,False,False,False,False,False,False,False,False,False,False,False,False,False,True,False,False,False,True,False,0.0,25.7471,-25.7471
580,2,0.0,0,0.0,2,0.0,13.9,11.755069828234397,2,2.0,2,45,0.5,False,False,False,False,False,False,False,False,False,False,False,False,False,False,False,False,False,False,False,False,False,False,False,False,False,False,False,False,False,False,False,False,False,False,False,False,False,True,False,False,False,False,True,0.0,0.0,0.0
566,1,82.2,18,3.6,6,16.44,19.8,2.7042559050504082,5,5.0,1,0,0.0,False,False,False,False,False,False,False,False,False,False,False,False,False,False,False,False,False,False,False,False,False,False,False,False,False,False,False,False,False,False,False,False,False,False,False,False,False,True,False,False,False,False,True,0.0,0.0,0.0
20,8,943.6800000000001,444,8.538461538461538,24,18.14769230769231,39.6,6.726812785889784,43,6.5,4,351,0.1346153846153846,False,False,False,False,False,False,False,False,False,False,False,False,False,False,False,False,False,False,False,False,False,False,False,False,False,False,False,False,False,False,False,False,False,False,False,False,False,True,False,False,False,True,False,0.0,118.07435000000004,-118.07435000000004
96,9,2855.66,2006,8.187755102040816,48,11.655755102040816,62.4,10.263146025133898,146,25.666666666666668,6,516,0.4,False,False,False,False,False,False,False,False,False,False,False,False,False,False,False,False,False,False,False,False,False,False,False,False,False,False,False,False,False,False,False,False,False,False,False,False,False,True,False,False,False,True,False,536.21,151.389,384.821
361,3,337.64,245,4.375,60,6.029285714285714,30.6,6.401973518772547,56,18.666666666666668,3,347,0.9642857142857143,False,False,False,False,False,False,False,False,False,False,False,False,False,False,False,False,False,False,False,False,False,False,False,False,False,False,False,False,False,False,False,False,False,False,False,False,False,True,False,False,False,True,False,0.0,52.416499999999985,-52.416499999999985
626,1,293.53,164,14.909090909090908,25,26.684545454545454,153.0,43.18812460934981,11,11.0,1,0,1.0,False,False,False,False,False,False,False,False,False,False,False,False,False,False,False,False,False,False,False,False,False,False,False,False,False,False,False,False,False,False,False,False,False,False,False,False,False,True,False,False,False,False,True,0.0,0.0,0.0
658,1,167.1,98,3.769230769230769,24,6.426923076923076,13.5,3.6951316828830545,25,25.0,1,0,0.0,False,False,False,False,False,False,False,False,False,False,False,False,False,False,False,False,False,False,False,False,False,False,False,False,False,False,False,False,False,False,False,False,False,False,False,False,False,True,False,False,False,False,True,0.0,0.0,0.0
77,2,538.17,249,4.527272727272727,25,9.78490909090909,39.8,8.247150994653822,49,25.0,1,2,0.9818181818181818,False,False,False,False,False,False,False,False,False,False,False,False,False,False,False,False,False,False,False,False,False,False,False,False,False,False,False,False,False,False,False,False,False,False,False,False,False,True,False,False,False,False,True,0.0,7.190999999999999,-7.190999999999999
48,2,200.72,98,19.6,36,40.144,135.0,57.32546624319771,3,2.5,1,7,0.0,False,False,False,False,False,False,False,False,False,False,False,False,False,False,False,False,False,False,False,False,False,False,False,False,False,False,False,False,False,False,False,False,False,False,False,False,False,True,False,False,False,False,True,0.0,5.0215000000000005,-5.0215000000000005
3,10,1700.95,809,2.3314121037463975,24,4.901873198847262,81.36,8.33678288029163,271,34.0,6,552,0.9510086455331412,False,False,False,False,False,False,False,False,False,False,False,False,False,False,False,False,False,False,False,False,False,False,False,False,False,False,False,False,False,False,False,False,False,False,False,False,False,True,False,False,False,True,False,437.90999999999997,145.45154999999997,292.45844999999997
525,3,389.3,174,7.565217391304348,12,16.92608695652174,47.7,11.181741098419998,14,7.666666666666667,3,176,0.0,False,False,False,False,False,False,False,False,False,False,False,False,True,False,False,False,False,False,False,False,False,False,False,False,False,False,False,False,False,False,False,False,False,False,False,False,False,False,False,False,False,False,True,0.0,0.0,0.0
5,5,2978.59,1760,7.364016736401673,50,12.462719665271967,127.5,13.812656833166825,207,46.6,4,494,0.0,False,False,False,False,False,False,False,False,False,False,False,False,False,False,False,False,False,False,False,False,False,False,False,False,False,False,False,False,False,False,False,False,False,False,False,False,False,True,False,False,False,True,False,0.0,289.97765,-289.97765
335,15,3378.31,3233,62.17307692307692,432,64.9675,228.96,86.72538954462334,24,3.466666666666667,10,323,0.0,False,False,False,False,False,False,False,False,False,False,False,False,False,False,False,False,False,False,False,False,False,False,False,False,False,False,False,False,False,False,False,False,False,False,False,False,False,True,False,False,False,True,False,0.0,258.8515,-258.8515
13,1,151.2,80,8.88888888888889,12,16.799999999999997,19.8,3.3000000000000007,9,9.0,1,0,0.0,False,False,False,False,False,False,False,False,False,False,False,False,False,False,False,False,False,False,False,False,False,False,False,False,False,False,False,False,False,False,False,False,False,False,False,False,False,True,False,False,False,False,True,177.2,126.68565000000001,50.51434999999998
360,2,241.68,106,9.636363636363637,16,21.970909090909092,47.2,9.795555578470735,10,5.5,2,227,0.0,False,False,False,False,False,False,False,False,False,False,False,False,False,False,False,False,False,False,False,False,False,False,False,False,False,False,False,False,False,False,False,False,False,False,False,False,False,True,False,False,False,True,False,0.0,22.49795,-22.49795
34,5,2100.6,1856,37.87755102040816,240,42.86938775510204,254.4,44.4814757515307,33,9.8,5,196,0.0,False,False,False,False,False,False,False,False,False,False,False,False,False,False,False,False,False,False,False,False,False,False,False,False,False,False,False,False,False,False,False,False,False,False,False,False,False,True,False,False,False,True,False,0.0,227.02335000000002,-227.02335000000002
6,5,1260.23,1134,19.894736842105264,144,22.109298245614035,121.68,28.942949046335045,52,10.6,2,349,0.0,False,False,False,False,False,False,False,False,False,False,False,False,False,False,False,False,False,False,False,False,False,False,False,False,False,False,False,False,False,False,False,False,False,False,False,False,False,True,False,False,False,True,False,0.0,81.90724999999999,-81.90724999999999
6,24,5255.2699999999995,2783,18.43046357615894,288,34.80311258278145,624.0,66.9163411351361,89,6.291666666666667,10,637,0.059602649006622516,False,False,False,False,False,False,False,False,False,False,False,False,False,True,False,False,False,False,False,False,False,False,False,False,False,False,False,False,False,False,False,False,False,False,False,False,False,False,False,False,False,True,False,617.04,511.5775499999995,105.46245000000044
19,3,409.8,98,6.125,24,25.6125,102.0,43.405193621654696,10,5.333333333333333,3,394,0.0,False,False,False,False,False,False,False,False,False,False,False,False,False,False,False,False,False,False,False,False,False,False,False,False,False,False,False,False,False,False,False,False,False,False,False,False,False,True,False,False,False,False,True,0.0,46.521100000000004,-46.521100000000004
400,6,-1502.98,-2,-0.3333333333333333,1,-250.49666666666667,1343.44,1011.3714110586014,1,1.0,2,11,0.0,False,False,False,False,False,False,False,False,False,False,False,False,False,False,False,False,False,False,False,False,False,False,False,False,False,False,False,False,False,False,False,False,False,False,False,False,False,True,False,False,False,False,True,0.0,0.0,0.0
125,5,1097.0,514,7.787878787878788,48,16.62121212121212,44.75,9.269585421839203,38,13.2,5,546,0.0,False,False,False,False,False,False,False,False,False,False,False,False,False,True,False,False,False,False,False,False,False,False,False,False,False,False,False,False,False,False,False,False,False,False,False,False,False,False,False,False,False,True,False,0.0,45.42719999999999,-45.42719999999999
3,11,2392.75,1873,13.772058823529411,72,17.59375,66.0,12.754894946356576,84,12.363636363636363,7,250,0.27941176470588236,False,False,False,False,False,False,False,False,False,False,False,False,False,False,False,False,False,False,False,False,False,False,False,False,False,False,False,False,False,False,False,False,False,False,False,False,False,True,False,False,False,True,False,621.08,383.1085000000002,237.97149999999982
149,6,2013.61,891,8.821782178217822,48,19.936732673267326,85.0,14.05557228354014,87,16.833333333333332,4,467,0.1188118811881188,False,False,False,False,False,False,False,False,False,False,False,False,False,False,False,False,False,False,False,False,False,False,False,False,False,False,False,False,False,False,False,False,False,False,False,False,False,True,False,False,False,True,False,0.0,68.5969,-68.5969
91,9,1191.22,460,7.076923076923077,48,18.32646153846154,87.6,15.42903233667471,57,7.222222222222222,5,610,0.0,False,False,False,False,False,False,False,False,False,False,False,False,False,False,False,False,False,False,False,False,False,False,False,False,False,False,False,False,False,False,False,False,False,False,False,False,False,True,False,False,False,True,False,0.0,14.7819,-14.7819
394,1,261.35,80,5.0,12,16.334375,20.1,2.5314500949719174,16,16.0,1,0,0.0,False,False,False,False,False,False,False,False,False,False,False,False,True,False,False,False,False,False,False,False,False,False,False,False,False,False,False,False,False,False,False,False,False,False,False,False,False,False,False,False,False,False,True,0.0,0.0,0.0
65,7,1552.82,806,7.008695652173913,192,13.502782608695652,163.2,19.593509601522598,87,16.142857142857142,5,594,0.0,False,False,False,False,False,False,False,False,False,False,False,False,False,False,False,False,False,False,False,False,False,False,False,False,False,False,False,False,False,False,False,False,False,False,False,False,False,True,False,False,False,True,False,272.63,59.75000000000001,212.88
11,2,701.57,319,2.031847133757962,24,4.46859872611465,34.8,4.149653593605307,135,72.5,1,11,0.24203821656050956,False,False,False,False,False,False,False,False,False,False,False,False,False,False,False,False,False,False,False,False,False,False,False,False,False,False,False,False,False,False,False,False,False,False,False,False,False,True,False,False,False,False,True,0.0,97.09400000000001,-97.09400000000001
233,2,241.06,156,17.333333333333332,30,26.784444444444446,53.1,15.147761477451967,8,4.5,2,21,0.0,False,False,False,False,False,False,False,False,False,False,False,False,False,False,False,False,False,False,False,False,False,False,False,False,False,False,False,False,False,False,False,False,False,False,False,False,False,True,False,False,False,False,True,0.0,-0.029500000000000002,0.029500000000000002
356,1,128.45,35,8.75,12,32.1125,45.0,15.303941485774178,4,4.0,1,0,0.0,False,False,False,False,False,False,False,False,False,False,False,False,False,False,False,False,False,False,False,False,False,False,False,False,False,False,False,False,False,False,False,False,False,False,False,False,False,True,False,False,False,False,True,0.0,0.0,0.0
34,6,2292.51,1805,11.424050632911392,48,14.509556962025318,40.8,6.750842584347936,145,26.333333333333332,3,365,0.0,False,False,False,False,False,False,False,False,False,False,False,False,False,False,False,False,False,False,False,False,False,False,False,False,False,False,False,False,False,False,False,False,False,False,False,False,False,True,False,False,False,True,False,0.0,231.51680000000016,-231.51680000000016
29,3,447.92,206,8.583333333333334,24,18.663333333333334,51.0,11.844755826090722,21,8.0,3,385,0.2916666666666667,False,False,False,False,False,False,False,False,False,False,False,False,False,False,False,False,False,False,False,False,False,False,False,False,False,False,False,False,False,False,False,False,False,False,False,False,False,True,False,False,False,True,False,0.0,19.067849999999993,-19.067849999999993
31,1,104.82,62,10.333333333333334,12,17.47,24.96,6.668849975820419,6,6.0,1,0,0.0,False,False,False,False,False,False,False,False,False,False,False,False,False,False,False,False,False,False,False,False,False,False,False,False,False,False,False,False,False,False,False,False,False,False,False,False,False,True,False,False,False,False,True,0.0,5.286250000000001,-5.286250000000001
87,33,12464.23,10170,31.9811320754717,288,39.19569182389937,243.36,53.215029458278245,104,9.606060606060606,12,614,0.06918238993710692,False,False,False,False,False,False,False,False,False,False,False,False,False,False,False,False,False,False,False,False,False,False,False,False,False,False,False,False,False,False,False,False,False,False,False,False,False,True,False,False,False,True,False,569.9200000000001,1005.4242500000005,-435.5042500000004
601,1,146.14,98,4.454545454545454,24,6.642727272727272,15.8,4.707797161364763,22,22.0,1,0,0.0,False,False,False,False,False,False,False,False,False,False,False,False,False,False,False,False,False,False,False,False,False,False,False,False,False,False,False,False,False,False,False,False,False,False,False,False,False,True,False,False,False,False,True,0.0,0.0,0.0
90,5,1824.49,1475,13.657407407407407,48,16.893425925925925,45.0,8.543844498090182,88,21.6,5,614,0.17592592592592593,False,False,False,False,False,False,False,False,False,False,False,False,False,False,False,False,False,False,False,False,False,False,False,False,False,False,False,False,False,False,False,False,False,False,False,False,False,True,False,False,False,True,False,0.0,77.51474999999999,-77.51474999999999
371,3,541.95,243,10.125,24,22.58125,76.5,13.411965881419018,22,8.0,3,93,0.0,False,False,False,False,False,False,False,False,False,False,False,False,False,False,False,False,False,False,False,False,False,False,False,False,False,False,False,False,False,False,False,False,False,False,False,False,False,True,False,False,False,False,True,0.0,0.0,0.0
306,7,3367.55,1422,14.510204081632653,96,34.362755102040815,204.0,37.13269517681211,58,13.857142857142858,4,401,0.0,False,False,False,False,False,False,False,False,False,False,False,False,False,False,False,False,False,False,False,False,False,False,False,False,False,False,False,False,False,False,False,False,False,False,False,False,False,True,False,False,False,True,False,1296.37,60.1879,1236.1821
44,9,1196.56,848,18.434782608695652,288,26.012173913043476,87.6,21.259168261460328,33,5.0,5,650,0.10869565217391304,False,False,False,False,False,False,False,False,False,False,False,False,False,False,False,False,False,False,False,False,False,False,False,False,False,False,False,False,False,False,False,False,False,False,False,False,False,True,False,False,False,True,False,0.0,85.69585000000002,-85.69585000000002
69,15,2246.1,1570,11.893939393939394,48,17.01590909090909,119.9,13.505058422089066,123,8.8,7,379,0.08333333333333333,False,False,False,False,False,False,False,False,False,False,False,False,False,False,False,False,False,False,False,False,False,False,False,False,False,False,False,False,False,False,False,False,False,False,False,False,False,True,False,False,False,True,False,129.78,233.12860000000015,-103.34860000000015
57,2,285.74,228,7.6,24,9.524666666666667,81.36,15.71532586765024,24,15.0,2,14,0.0,False,False,False,False,False,False,False,False,False,False,False,False,False,False,False,False,False,False,False,False,False,False,False,False,False,False,False,False,False,False,False,False,False,False,False,False,False,True,False,False,False,False,True,0.0,10.766450000000003,-10.766450000000003
421,1,124.75,41,8.2,24,24.95,81.0,33.24874057765196,5,5.0,1,0,0.0,False,False,False,False,False,False,False,False,False,False,False,False,False,False,False,False,False,False,False,False,False,False,False,False,False,False,False,False,False,False,False,False,False,False,False,False,False,True,False,False,False,False,True,0.0,0.0,0.0
5,4,1417.49,1426,16.58139534883721,100,16.482441860465116,81.6,11.984176521911913,75,21.5,3,389,0.0,False,False,False,False,False,False,False,False,False,False,False,False,False,False,False,False,False,False,False,False,False,False,False,False,False,False,False,False,False,False,False,False,False,False,False,False,False,True,False,False,False,True,False,0.0,79.82230000000001,-79.82230000000001
122,3,633.66,106,8.153846153846153,16,48.74307692307692,175.2,65.67860678899629,11,4.333333333333333,3,105,0.3076923076923077,False,False,False,False,False,False,False,False,False,False,False,False,False,False,False,False,False,False,False,False,False,False,False,False,False,False,False,False,False,False,False,False,False,False,False,False,False,True,False,False,False,True,False,0.0,107.97340000000003,-107.97340000000003
30,6,924.48,609,11.941176470588236,48,18.127058823529413,102.0,15.053812579425538,40,8.5,4,448,0.29411764705882354,False,False,False,False,False,False,False,False,False,False,False,False,False,False,False,False,False,False,False,False,False,False,False,False,False,False,False,False,False,False,False,False,False,False,False,False,False,True,False,False,False,True,False,0.0,61.57255,-61.57255
104,9,1642.81,914,4.352380952380952,24,7.822904761904762,34.8,7.388109912353141,141,22.88888888888889,6,335,0.41904761904761906,False,False,False,False,False,False,False,False,False,False,False,False,False,False,False,False,False,False,False,False,False,False,False,False,False,False,False,False,False,False,False,False,False,False,False,False,False,True,False,False,False,True,False,440.63,102.49584999999999,338.13415
377,1,473.0,277,11.08,25,18.92,35.4,4.929228303362166,25,25.0,1,0,0.0,False,False,False,False,False,False,False,False,False,False,False,False,False,False,False,False,False,False,False,False,False,False,False,False,False,False,False,False,False,False,False,False,False,False,False,False,False,True,False,False,False,False,True,0.0,0.0,0.0
451,2,422.86,352,8.8,25,10.5715,35.7,8.406551947203186,39,20.0,2,164,0.675,False,False,False,False,False,False,False,False,False,False,False,False,False,False,False,False,False,False,False,False,False,False,False,False,False,False,False,False,False,False,False,False,False,False,False,False,False,True,False,False,False,False,True,0.0,0.0,0.0
44,4,815.9,288,13.714285714285714,36,38.852380952380955,79.2,18.080061367363193,15,5.25,4,608,0.23809523809523808,False,False,False,False,False,False,False,False,False,False,False,False,False,False,False,False,False,False,False,False,False,False,False,False,False,False,False,False,False,False,False,False,False,False,False,False,False,True,False,False,False,True,False,0.0,29.08849999999999,-29.08849999999999
142,1,244.69,165,5.15625,41,7.6465625,30.75,6.347539329878534,32,32.0,1,0,0.0,False,False,False,False,False,False,False,False,False,False,False,False,False,False,False,False,False,False,False,False,False,False,False,False,False,False,False,False,False,False,False,False,False,False,False,False,False,True,False,False,False,True,False,251.37,727.2806500000002,-475.91065000000015
22,2,924.5999999999999,1900,146.15384615384616,272,71.12307692307692,169.0,53.34235955670618,10,6.5,2,76,0.0,False,False,False,False,False,False,False,False,False,False,False,False,False,False,False,False,False,False,False,False,False,False,False,False,False,False,False,False,False,False,False,False,False,False,False,False,False,True,False,False,False,False,True,0.0,85.61954999999998,-85.61954999999998
189,4,711.21,153,3.558139534883721,12,16.539767441860466,35.7,6.8749124629481955,34,10.75,3,176,0.0,False,False,False,False,False,False,False,False,False,False,False,False,False,False,False,False,False,False,False,False,False,False,False,False,False,False,False,False,False,False,False,False,False,False,False,False,False,True,False,False,False,True,False,0.0,99.00135000000002,-99.00135000000002
271,4,489.0,220,8.148148148148149,48,18.11111111111111,79.2,15.72489655911516,23,6.75,4,304,0.18518518518518517,False,False,False,False,False,False,False,False,False,False,False,False,False,False,False,False,False,False,False,False,False,False,False,False,False,False,False,False,False,False,False,False,False,False,False,False,False,True,False,False,False,False,True,0.0,0.0,0.0
59,7,1064.39,1415,40.42857142857143,192,30.41114285714286,70.2,15.629413216080493,8,5.0,5,170,0.0,False,False,False,False,False,False,False,False,False,False,False,False,False,False,False,False,False,False,False,False,False,False,False,False,False,False,False,False,False,False,False,False,False,False,False,False,False,True,False,False,False,True,False,275.76,448.83784999999995,-173.07784999999996
352,4,1434.95,593,10.224137931034482,36,24.74051724137931,106.2,18.72937803244287,44,14.5,4,293,0.25862068965517243,False,False,False,False,False,False,False,False,False,False,False,False,False,False,False,False,False,False,False,False,False,False,False,True,False,False,False,False,False,False,False,False,False,False,False,False,False,False,False,False,False,True,False,0.0,69.46890000000002,-69.46890000000002
274,1,133.35,32,4.0,12,16.66875,55.8,18.385862921199614,8,8.0,1,0,0.0,False,False,False,False,False,False,False,False,False,False,False,False,False,False,False,False,False,False,False,False,False,False,False,False,False,False,False,False,False,False,False,False,False,False,False,False,False,True,False,False,False,False,True,0.0,0.0,0.0
357,2,522.67,425,8.018867924528301,60,9.861698113207547,39.0,8.570346401725736,50,26.0,2,184,0.0,False,False,False,False,False,False,False,False,False,False,False,False,False,False,False,False,False,False,False,False,False,False,False,False,False,False,False,False,False,False,False,False,False,False,False,False,False,True,False,False,False,False,True,0.0,0.0,0.0
153,7,1608.09,936,9.75,72,16.7509375,102.0,12.072679210613044,80,13.714285714285714,5,441,0.0,False,False,False,False,False,False,False,False,False,False,False,False,False,False,False,False,False,False,False,False,False,False,False,False,False,False,False,False,False,False,False,False,False,False,False,False,False,True,False,False,False,True,False,0.0,34.72835,-34.72835
22,1,110.8,135,4.5,25,3.6933333333333334,10.5,3.0369816382823864,29,29.0,1,0,0.0,False,False,False,False,False,False,False,False,False,False,False,False,False,False,False,False,False,False,False,False,False,False,False,False,False,False,False,False,False,False,False,False,False,False,False,False,False,True,False,False,False,False,True,0.0,21.497400000000003,-21.497400000000003
457,3,925.41,468,20.347826086956523,72,40.235217391304346,201.56,42.61874980777669,21,7.666666666666667,3,195,0.0,False,False,False,False,False,False,False,False,False,False,False,False,False,False,False,False,False,False,False,False,False,False,False,False,False,False,False,False,False,False,False,False,False,False,False,False,False,True,False,False,False,False,True,0.0,0.0,0.0
37,11,3647.37,2195,11.432291666666666,60,18.99671875,165.2,16.80374927510491,137,17.363636363636363,6,670,0.171875,False,False,False,False,False,False,False,False,False,False,False,False,False,False,False,False,False,False,False,False,False,False,False,False,False,False,False,False,False,False,False,False,False,False,False,False,False,True,False,False,False,True,False,0.0,304.71115000000015,-304.71115000000015
58,10,2161.63,1917,19.363636363636363,72,21.834646464646465,122.04,21.95758064035788,76,9.9,7,200,0.0,False,False,False,False,False,False,False,False,False,False,False,False,False,False,False,False,False,False,False,False,False,False,False,False,False,False,False,False,False,False,False,False,False,False,False,False,False,True,False,False,False,True,False,300.21999999999997,444.94475000000034,-144.72475000000037
3,3,1727.6,795,5.719424460431655,25,12.428776978417266,83.2,9.697187733701691,125,46.0,3,76,0.0,False,False,False,False,False,False,False,False,False,False,False,False,False,False,False,False,False,False,False,False,False,False,False,False,False,False,False,False,False,False,False,False,False,False,False,False,False,True,False,False,False,True,False,0.0,338.84855000000005,-338.84855000000005
62,4,740.18,458,11.170731707317072,24,18.053170731707315,42.0,8.645160044505941,28,10.25,3,321,0.0,False,False,False,False,False,False,False,False,False,False,False,False,False,False,False,False,False,False,False,False,False,False,False,True,False,False,False,False,False,False,False,False,False,False,False,False,False,False,False,False,False,True,False,119.0,25.1784,93.8216
13,11,2403.26,1474,3.5603864734299515,72,5.804975845410628,39.8,5.566501666077773,324,36.63636363636363,6,690,0.10144927536231885,False,False,False,False,False,False,False,False,False,False,False,False,False,False,False,False,False,False,False,False,False,False,False,False,False,False,False,False,False,False,False,False,False,False,False,False,False,True,False,False,False,True,False,387.48,194.75585000000007,192.72414999999995
323,1,1141.24,688,12.74074074074074,50,21.134074074074075,102.0,17.68536443402343,54,54.0,1,0,0.0,False,False,False,False,False,False,False,False,False,False,False,False,False,False,False,False,False,False,False,False,False,False,False,False,False,False,False,False,False,False,False,False,False,False,False,False,False,True,False,False,False,False,True,0.0,0.0,0.0
1,3,3166.4,1584,264.0,720,527.7333333333333,1044.0,296.74456804913325,6,2.0,2,110,0.0,False,False,False,False,False,False,False,False,False,False,False,False,False,False,False,False,False,False,False,False,False,False,False,False,False,False,False,False,False,False,False,False,False,False,False,False,False,True,False,False,False,False,True,0.0,216.2661500000001,-216.2661500000001
10,27,9524.89,6887,5.554032258064516,480,7.681362903225806,201.6,9.726689457882548,611,44.407407407407405,12,693,0.8104838709677419,False,False,False,False,False,False,False,False,False,False,False,False,False,False,False,False,False,False,False,False,False,False,False,False,False,False,False,False,False,False,False,False,False,False,False,False,False,True,False,False,False,True,False,518.66,844.2064999999998,-325.5464999999998
392,1,340.33,139,10.692307692307692,24,26.179230769230767,59.4,13.413709691666496,13,13.0,1,0,0.0,False,False,False,False,False,False,False,False,False,False,False,False,False,False,False,False,False,False,False,False,False,False,False,False,False,False,False,False,False,False,False,False,False,False,False,False,False,True,False,False,False,False,True,0.0,0.0,0.0
167,3,2151.11,1268,11.423423423423424,48,19.37936936936937,67.2,9.847291023818707,105,37.0,3,444,0.40540540540540543,False,False,False,False,False,False,False,False,False,False,False,False,False,False,False,False,False,False,False,False,False,False,False,False,False,False,False,False,False,False,False,False,False,False,False,False,False,True,False,False,False,True,False,0.0,169.23765,-169.23765
363,1,215.22,246,4.92,20,4.3044,16.95,3.171955014221497,46,46.0,1,0,0.0,False,False,False,False,False,False,False,False,False,False,False,False,False,False,False,False,False,False,False,False,False,False,False,False,False,False,False,False,False,False,False,False,False,False,False,False,False,True,False,False,False,False,True,0.0,0.0,0.0
22,6,3443.8,1881,8.51131221719457,48,15.582805429864255,40.5,6.4560403219963804,189,36.833333333333336,4,572,0.13574660633484162,False,False,False,False,False,False,False,False,False,False,False,False,False,False,False,False,False,False,False,False,False,False,False,False,False,False,False,False,False,False,False,False,False,False,False,False,False,True,False,False,False,True,False,0.0,243.10480000000004,-243.10480000000004
24,1,362.06,282,8.294117647058824,48,10.648823529411764,40.56,9.841863510629166,34,34.0,1,0,1.0,False,False,False,False,False,False,False,False,False,False,False,False,False,False,False,False,False,False,False,False,False,False,False,False,False,False,False,False,False,False,False,False,False,False,False,False,False,True,False,False,False,False,True,0.0,72.77184999999999,-72.77184999999999
62,18,1799.84,2020,53.1578947368421,288,47.36421052631579,165.0,52.804568016545126,21,2.111111111111111,8,608,0.10526315789473684,False,False,False,False,False,False,False,False,False,False,False,False,False,False,False,False,False,False,False,False,False,False,False,False,False,False,False,False,False,False,False,False,False,False,False,False,False,True,False,False,False,True,False,0.0,126.34179999999996,-126.34179999999996
700,1,347.54,169,18.77777777777778,25,38.61555555555556,61.2,15.901640725968429,9,9.0,1,0,0.0,False,False,False,False,False,False,False,False,False,False,False,False,False,False,False,False,False,False,False,False,False,False,False,False,False,False,False,False,False,False,False,False,False,False,False,False,False,True,False,False,False,False,True,0.0,0.0,0.0
126,7,666.95,435,10.875,40,16.673750000000002,66.0,12.026538749568465,31,5.714285714285714,5,318,0.425,False,False,False,False,False,False,False,False,False,False,False,False,False,False,False,False,False,False,False,False,False,False,False,False,False,False,False,False,False,False,False,True,False,False,False,False,False,False,False,False,False,True,False,0.0,129.35289999999983,-129.35289999999983
43,21,4579.44,2105,8.096153846153847,48,17.613230769230768,42.6,8.404285100747598,155,12.380952380952381,9,650,0.0,False,False,False,False,False,False,False,False,False,False,False,False,False,False,False,False,False,False,False,False,False,False,False,False,False,False,False,False,False,False,False,False,False,False,False,False,False,True,False,False,False,True,False,378.9,198.34765000000007,180.5523499999999
653,1,215.46,50,2.7777777777777777,7,11.97,41.65,14.185320498566778,17,17.0,1,0,0.0,False,False,False,False,False,False,False,False,False,False,False,False,False,False,False,False,False,False,False,False,False,False,False,False,False,False,False,False,False,False,False,False,False,False,False,False,False,True,False,False,False,False,True,0.0,0.0,0.0
11,5,934.93,755,3.871794871794872,24,4.7945128205128205,59.4,6.5405014265664105,141,37.6,4,141,0.26153846153846155,False,False,False,False,False,False,False,False,False,False,False,False,False,False,False,False,False,False,False,False,False,False,False,False,False,False,False,False,False,False,False,False,False,False,False,False,False,True,False,False,False,True,False,665.33,330.4785999999999,334.8514000000001
77,3,1402.06,850,21.25,144,35.0515,120.0,28.162131379676392,34,13.333333333333334,3,445,0.25,False,False,False,False,False,False,False,False,False,False,False,False,False,False,False,False,False,False,False,False,False,False,False,False,False,False,False,False,False,False,False,False,False,False,False,False,False,True,False,False,False,True,False,0.0,55.34915000000001,-55.34915000000001
703,2,207.85000000000002,49,8.166666666666666,24,34.64166666666667,88.2,33.98247219768842,6,3.0,1,0,1.0,False,False,False,False,False,False,False,False,False,False,False,False,False,False,False,False,False,False,False,False,False,False,False,False,False,False,False,False,False,False,False,False,False,False,False,False,False,True,False,False,False,False,True,0.0,0.0,0.0
435,6,2259.58,903,5.016666666666667,72,12.553222222222221,151.2,16.842925595985566,159,28.833333333333332,4,198,0.0,False,False,False,False,False,False,True,False,False,False,False,False,False,False,False,False,False,False,False,False,False,False,False,False,False,False,False,False,False,False,False,False,False,False,False,False,False,False,False,False,False,True,False,439.66,220.09379999999993,219.5662000000001
402,1,266.4,114,8.142857142857142,12,19.02857142857143,59.7,12.747333269923772,14,14.0,1,0,1.0,False,False,False,False,False,False,False,False,False,False,False,False,False,False,False,False,False,False,False,False,False,False,False,False,False,False,False,False,False,False,False,False,False,False,False,False,False,True,False,False,False,False,True,0.0,0.0,0.0
121,5,396.03,120,2.0338983050847457,6,6.712372881355932,24.9,6.757216152708472,58,11.8,3,575,0.3050847457627119,False,False,False,False,False,False,False,False,False,False,False,False,False,False,False,False,False,False,False,False,False,False,False,False,False,False,False,False,False,False,False,False,False,False,False,False,False,True,False,False,False,True,False,0.0,123.96335000000005,-123.96335000000005
57,19,5449.1,1584,7.232876712328767,96,24.881735159817353,297.0,44.754833480990506,135,11.526315789473685,11,643,0.3287671232876712,False,False,False,False,False,False,False,False,False,False,False,False,False,False,False,False,False,False,False,False,False,False,False,False,False,False,False,False,False,False,False,False,False,False,False,False,False,True,False,False,False,True,False,129.18,344.93659999999994,-215.75659999999993
106,3,187.02,229,12.722222222222221,25,10.39,17.4,7.695673345152724,16,6.0,1,1,0.0,False,False,False,False,False,False,False,False,False,False,False,False,False,False,False,False,False,False,False,False,False,False,False,False,False,False,False,False,False,False,False,False,False,False,False,False,False,True,False,False,False,False,True,0.0,-0.014750000000000001,0.014750000000000001
37,14,8215.16,4245,6.868932038834951,48,13.293139158576052,108.0,12.553219253662482,295,42.642857142857146,8,476,0.0,False,False,False,False,False,False,False,False,False,False,False,False,True,False,False,False,False,False,False,False,False,False,False,False,False,False,False,False,False,False,False,False,False,False,False,False,False,False,False,False,False,True,False,0.0,1035.6314999999984,-1035.6314999999984
402,1,1037.28,523,10.673469387755102,72,21.168979591836734,120.0,16.24287141652428,49,49.0,1,0,0.0,False,False,False,False,False,False,False,False,False,False,False,False,False,False,False,False,False,False,False,False,False,False,False,False,False,False,False,False,False,False,False,False,True,False,False,False,False,False,False,False,False,False,True,0.0,0.0,0.0
1,9,3161.12,1797,10.760479041916168,48,18.928862275449102,69.36,8.502846541023473,149,18.555555555555557,4,406,0.059880239520958084,False,False,False,False,False,False,False,False,False,False,False,False,False,False,False,False,False,False,False,False,False,False,False,False,False,False,False,False,False,False,False,False,False,False,False,False,False,True,False,False,False,True,False,0.0,264.01290000000006,-264.01290000000006
20,1,240.55,55,18.333333333333332,27,80.18333333333334,114.75,30.139522778792188,3,3.0,1,0,0.0,False,False,False,False,False,False,False,False,False,False,False,False,False,False,False,False,False,False,False,False,False,False,False,False,False,False,False,False,False,False,False,False,False,False,False,False,False,True,False,False,False,False,True,0.0,39.43915000000001,-39.43915000000001
54,2,777.53,209,4.26530612244898,32,15.867959183673468,165.0,28.898367959943677,49,24.5,2,55,0.0,False,False,False,False,False,False,False,False,False,False,False,False,False,False,False,False,False,False,False,False,False,False,False,False,False,False,False,False,False,False,False,False,False,False,False,False,False,True,False,False,False,False,True,0.0,16.1664,-16.1664
9,2,1079.66,1054,25.095238095238095,100,25.70619047619048,179.0,38.765993014520575,39,21.0,2,61,0.0,False,False,False,False,False,False,False,False,False,False,False,False,False,False,False,False,False,False,False,False,False,False,False,False,False,False,False,False,False,False,False,False,False,False,False,False,False,True,False,False,False,False,True,0.0,290.61705,-290.61705
43,3,305.55,420,12.352941176470589,80,8.986764705882353,24.9,9.114044679932586,30,11.333333333333334,1,13,0.0,False,False,False,False,False,False,False,False,False,False,False,False,False,False,False,False,False,False,False,False,False,False,False,False,False,False,False,False,False,False,False,False,False,False,False,False,False,True,False,False,False,True,False,343.14,895.7453000000002,-552.6053000000002
76,1,343.36,192,9.6,24,17.168,80.0,15.68468431640443,20,20.0,1,0,0.0,False,False,False,False,False,False,False,False,False,False,False,False,False,False,False,False,False,False,False,False,False,False,False,False,False,False,False,False,False,False,False,False,True,False,False,False,False,False,False,False,False,False,True,0.0,1.66105,-1.66105
424,1,215.22,118,7.866666666666666,30,14.348,25.5,4.607322122758203,15,15.0,1,0,1.0,False,False,False,False,False,False,False,False,False,False,False,False,False,False,False,False,False,False,False,False,False,False,False,False,False,False,False,False,False,False,False,False,False,False,False,False,False,True,False,False,False,False,True,0.0,0.0,0.0
346,2,679.44,309,5.15,24,11.324000000000002,35.4,8.833991784434579,58,29.0,1,6,0.0,False,False,False,False,False,False,False,False,False,False,False,False,False,False,False,False,False,False,False,False,False,False,False,False,False,False,False,False,False,False,False,False,False,False,False,False,False,True,False,False,False,True,False,314.69,341.0575499999998,-26.367549999999824
35,2,583.75,251,6.783783783783784,24,15.777027027027026,25.5,4.2851908195972275,37,18.5,2,12,0.0,False,False,False,False,False,False,False,False,False,False,False,False,False,False,False,False,False,False,False,False,False,False,False,False,False,False,False,False,False,False,False,False,False,False,False,False,False,True,False,False,False,False,True,0.0,17.309699999999992,-17.309699999999992
701,1,-29.75,-5,-5.0,-5,-29.75,-29.75,0.0,1,1.0,1,0,0.0,False,False,False,False,False,False,False,False,False,False,False,False,False,False,False,False,False,False,False,False,False,False,False,False,False,False,False,False,False,False,False,False,False,False,False,False,False,False,False,False,False,False,False,0.0,0.0,0.0
6,10,5564.09,4597,17.613026819923373,144,21.318352490421457,214.56,35.89821649692207,195,25.9,2,352,0.0,False,False,False,False,False,False,False,False,False,False,False,False,False,False,False,False,False,False,False,False,False,False,False,False,False,False,False,False,False,False,False,False,False,False,False,False,False,True,False,False,False,True,False,0.0,255.20229999999995,-255.20229999999995
144,1,191.94,98,14.0,24,27.419999999999998,61.2,23.99797491456311,7,7.0,1,0,1.0,False,False,False,False,False,False,False,False,False,False,False,False,False,False,False,False,False,False,False,False,False,False,False,False,False,False,False,False,False,False,False,False,False,False,False,False,False,True,False,False,False,False,True,0.0,6.896699999999999,-6.896699999999999
31,1,557.62,142,17.75,48,69.7025,219.0,69.16298385490815,8,8.0,1,0,1.0,False,False,False,False,False,False,False,False,False,False,False,False,False,False,False,False,False,False,False,False,False,False,False,False,False,False,False,False,False,False,False,False,False,False,False,False,False,True,False,False,False,False,True,0.0,322.5550999999999,-322.5550999999999
35,2,512.2,180,6.0,12,17.073333333333334,34.0,4.3308582675185,23,15.0,1,365,0.0,False,False,False,False,False,False,False,False,False,False,False,False,False,False,False,False,False,False,False,False,False,False,False,False,False,False,False,False,False,False,False,False,False,False,False,False,False,True,False,False,False,True,False,0.0,60.254149999999974,-60.254149999999974
204,1,409.4,226,9.826086956521738,24,17.8,35.4,5.382125298362416,23,23.0,1,0,0.0,False,False,False,False,False,False,False,False,False,False,False,False,False,False,False,False,False,False,False,False,False,False,False,False,False,False,False,False,False,False,False,False,False,False,False,False,False,True,False,False,False,False,True,0.0,0.0,0.0
42,20,2248.86,894,2.180487804878049,15,5.485024390243903,149.25,8.728437133392193,215,20.4,7,397,0.10975609756097561,False,False,False,False,False,False,False,False,False,False,False,False,False,False,False,False,False,False,False,False,False,False,False,False,False,False,False,False,False,False,False,False,False,False,False,False,False,True,False,False,False,True,False,0.0,105.4149,-105.4149
113,3,-451.42,-1,-0.3333333333333333,1,-150.47333333333333,451.42,521.2549170351617,1,1.0,1,0,0.0,False,False,False,False,False,False,False,False,False,False,False,False,False,False,False,False,False,False,False,False,False,False,False,False,False,False,False,False,False,False,False,False,False,False,False,False,False,True,False,False,False,False,True,0.0,-0.133,0.133
184,10,1094.72,696,9.942857142857143,48,15.638857142857143,89.7,13.033798043109748,55,7.0,5,221,0.0,False,False,False,False,False,False,False,False,False,False,False,False,False,False,False,False,False,False,False,False,False,False,False,False,False,False,False,False,False,False,False,False,False,False,False,False,False,True,False,False,False,True,False,0.0,84.67375000000001,-84.67375000000001
4,17,3823.45,2826,8.563636363636364,48,11.586212121212121,85.92,9.700936965550241,138,19.294117647058822,9,698,0.5121212121212121,False,False,False,False,False,False,False,False,False,False,False,False,False,False,False,False,False,False,False,False,False,False,False,False,False,False,False,False,False,False,False,False,False,False,False,False,False,True,False,False,False,True,False,255.34,406.34504999999996,-151.00504999999995
91,9,1148.9,612,7.746835443037975,48,14.543037974683546,26.4,8.693695085642766,55,8.777777777777779,6,539,0.0,False,False,False,False,False,False,False,False,False,False,False,False,False,False,False,False,False,False,False,False,False,False,False,False,False,False,False,False,False,False,False,False,False,False,False,False,False,True,False,False,False,True,False,42.36,23.25839999999999,19.10160000000001
2,22,6562.86,4792,22.81904761904762,100,31.251714285714286,179.0,40.76619296565712,98,9.545454545454545,10,631,0.023809523809523808,False,False,False,False,False,False,False,False,False,False,False,False,False,False,False,False,False,False,False,False,False,False,False,False,False,False,False,False,False,False,False,False,False,False,False,False,False,True,False,False,False,True,False,682.9,456.50744999999944,226.39255000000054
328,7,1932.01,2475,17.678571428571427,96,13.800071428571428,31.2,5.912096184081013,110,20.0,5,265,0.2571428571428571,False,False,False,False,False,False,False,False,False,False,False,False,False,False,False,False,False,False,False,False,False,False,False,False,False,False,False,False,False,False,False,False,False,False,False,False,False,True,False,False,False,True,False,0.0,145.11185,-145.11185
10,11,4044.45,2348,8.761194029850746,96,15.091231343283582,81.6,14.90824371573838,176,24.0,4,623,0.40671641791044777,False,False,False,False,False,False,False,False,False,False,False,False,False,False,False,False,False,False,False,False,False,False,False,False,False,False,False,False,False,False,False,False,False,False,False,False,False,True,False,False,False,True,False,0.0,298.0536999999999,-298.0536999999999
143,6,612.89,240,2.2429906542056073,24,5.727943925233645,25.5,4.84730439353858,93,17.666666666666668,3,370,0.0,False,False,False,False,False,False,False,False,False,False,False,False,False,False,False,False,False,False,False,False,False,False,False,False,False,False,False,False,False,False,False,False,False,False,False,False,False,True,False,False,False,True,False,0.0,122.84430000000003,-122.84430000000003
428,1,540.52,344,18.105263157894736,72,28.448421052631577,90.0,20.120522763022585,19,19.0,1,0,0.0,False,False,False,False,False,False,False,False,False,False,False,False,False,False,False,False,False,False,False,False,False,False,False,False,False,False,False,False,False,False,False,False,False,False,False,False,False,True,False,False,False,False,True,0.0,0.0,0.0
424,2,406.02,237,3.2465753424657535,12,5.561917808219178,17.7,4.038596654482238,66,35.5,2,82,0.4520547945205479,False,False,False,False,False,False,False,False,False,False,False,False,False,False,False,False,False,False,False,False,False,False,False,False,False,False,False,False,False,False,False,False,False,False,False,False,False,True,False,False,False,False,True,0.0,0.0,0.0
497,1,109.73,67,8.375,24,13.71625,39.0,14.669510594134644,8,8.0,1,0,0.0,False,False,False,False,False,False,False,False,False,False,False,False,False,False,False,False,False,False,False,False,False,False,False,False,False,False,False,False,False,False,False,False,False,False,False,False,False,True,False,False,False,False,True,0.0,0.0,0.0
44,16,8798.99,4743,11.76923076923077,100,21.833722084367245,229.5,25.90078898781324,264,24.4375,8,615,0.23325062034739455,False,False,False,False,False,False,False,False,False,False,False,False,False,False,False,False,False,False,False,False,False,False,False,False,False,False,False,False,False,False,False,False,False,False,False,False,False,True,False,False,False,True,False,0.0,571.0425499999998,-571.0425499999998
105,4,1508.0,806,8.76086956521739,24,16.391304347826086,70.8,8.756437157119,87,23.0,3,299,0.0,False,False,False,False,False,False,False,False,False,False,False,False,False,False,False,False,False,False,False,False,False,False,False,False,False,False,False,False,False,False,False,False,False,False,False,False,False,True,False,False,False,True,False,0.0,181.05205000000007,-181.05205000000007
25,2,447.68,310,11.481481481481481,24,16.58074074074074,29.85,5.786745415786192,26,13.5,2,24,0.2962962962962963,False,False,False,False,False,False,False,False,False,False,False,False,False,False,False,False,False,False,False,False,False,False,False,False,False,False,False,False,False,False,False,False,False,False,False,False,False,True,False,False,False,False,True,0.0,32.21495,-32.21495
21,2,2601.55,1321,10.3203125,36,20.324609375,75.0,10.942120085805808,127,64.0,1,13,0.0,False,False,False,False,False,False,False,False,False,False,False,False,False,False,False,False,False,False,False,False,False,False,False,False,False,False,False,False,False,False,False,False,False,False,False,False,False,True,False,False,False,False,True,0.0,49.89104999999999,-49.89104999999999
113,3,82.35000000000001,81,6.230769230769231,12,6.334615384615385,59.7,40.69624462924161,7,4.333333333333333,2,494,0.0,False,False,False,False,False,False,False,False,False,False,False,False,False,False,False,False,False,False,False,False,False,False,False,False,False,False,False,False,False,False,False,False,False,False,False,False,False,True,False,False,False,False,True,0.0,-0.0665,0.0665
706,1,112.03,65,2.03125,25,3.5009375,10.5,2.9777653012815044,32,32.0,1,0,0.0,False,False,False,False,False,False,False,False,False,False,False,False,False,False,False,False,False,False,False,False,False,False,False,False,False,False,False,False,False,False,False,False,False,False,False,False,False,True,False,False,False,False,True,0.0,0.0,0.0
260,1,220.53,107,8.23076923076923,12,16.963846153846156,29.7,6.332613386880041,13,13.0,1,0,0.0,False,False,False,False,False,False,False,False,False,False,False,False,False,False,False,False,False,False,False,False,False,False,False,False,False,False,False,False,False,False,False,False,False,False,False,False,False,True,False,False,False,True,False,164.57,183.01310000000015,-18.443100000000157
22,14,13158.16,6987,20.19364161849711,288,38.02936416184971,3949.32,430.83745970942437,245,24.142857142857142,5,539,0.0,False,False,False,False,False,False,False,False,False,False,False,False,False,False,False,False,False,False,False,False,False,False,False,False,False,False,False,False,False,False,True,False,False,False,False,False,False,False,False,False,False,True,False,0.0,1113.2179999999996,-1113.2179999999996
13,2,239.46,190,13.571428571428571,24,17.104285714285716,39.6,8.748080857040515,12,7.0,1,9,0.0,False,False,False,False,False,False,False,False,False,False,False,False,False,False,False,False,False,False,False,False,False,False,False,False,False,False,False,False,False,False,False,False,False,False,False,False,False,True,False,False,False,False,True,102.99000000000001,98.39985000000004,4.590149999999966
161,10,1003.73,471,6.728571428571429,48,14.339,63.5,12.538752006641568,57,6.9,4,338,0.2571428571428571,False,False,False,False,False,False,False,False,False,False,False,False,False,False,False,False,False,False,False,False,False,False,False,False,False,False,False,False,False,False,False,False,False,False,False,False,False,True,False,False,False,True,False,0.0,48.1991,-48.1991
379,1,259.09,242,15.125,36,16.193125,30.6,7.735432518612002,16,16.0,1,0,0.0,False,False,False,False,False,False,False,False,False,False,False,False,False,False,False,False,False,False,False,False,False,False,False,False,False,False,False,False,False,False,False,False,False,False,False,False,False,True,False,False,False,False,True,0.0,0.0,0.0
660,1,211.95,95,4.130434782608695,12,9.215217391304348,20.65,4.907888705085107,23,23.0,1,0,0.0,False,False,False,False,False,False,False,False,False,False,False,False,False,False,False,False,False,False,False,False,False,False,False,False,False,False,False,False,False,False,False,False,False,False,False,False,False,False,True,False,False,False,True,0.0,0.0,0.0
402,6,2037.7,756,22.235294117647058,120,59.932352941176475,222.0,63.582337315785466,33,5.666666666666667,3,210,0.7647058823529411,False,False,False,False,False,False,False,False,False,False,False,False,False,False,False,False,False,False,False,False,False,False,False,False,False,False,False,False,False,False,False,False,False,False,False,False,False,True,False,False,False,False,True,0.0,0.0,0.0
19,2,272.89,113,3.138888888888889,24,7.580277777777777,50.0,8.795500630959351,35,18.0,2,250,0.6388888888888888,False,False,False,False,False,False,False,False,False,False,False,False,False,False,False,False,False,False,False,False,False,False,False,False,False,False,False,False,False,False,False,False,False,False,False,False,False,True,False,False,False,True,False,153.92,38.920399999999994,114.99959999999999
3,7,1203.29,480,6.956521739130435,48,17.438985507246375,339.02,77.07402956106031,63,9.857142857142858,3,42,0.2608695652173913,False,False,False,False,False,False,False,False,False,False,False,False,False,False,False,False,False,False,False,False,False,False,False,False,False,False,False,True,False,False,False,False,False,False,False,False,False,False,False,False,False,True,False,400.58,428.4165000000003,-27.836500000000342
17,12,2806.8,882,18.0,90,57.28163265306123,265.5,68.23170754089024,27,4.083333333333333,7,691,0.0,False,False,False,False,False,False,False,False,False,False,False,False,False,False,False,False,False,False,False,False,False,False,False,False,False,False,False,False,False,False,False,False,False,False,False,False,False,True,False,False,False,True,False,385.29999999999995,182.10065000000003,203.19934999999992
387,2,627.8199999999999,362,8.829268292682928,48,15.312682926829266,26.0,3.488053916147401,40,20.5,2,262,0.0,False,False,False,False,False,False,False,False,False,False,False,False,False,False,False,False,False,False,False,False,False,False,False,False,False,False,False,False,False,False,False,False,False,False,False,False,False,True,False,False,False,True,False,0.0,6.72295,-6.72295
24,5,593.19,288,2.360655737704918,30,4.862213114754099,44.25,5.68929057906605,84,22.0,4,619,0.0,False,False,False,False,False,False,False,False,False,False,False,False,False,False,False,False,False,False,False,False,False,False,False,False,False,False,False,False,False,False,False,False,False,False,False,False,False,True,False,False,False,True,False,0.0,112.99735000000005,-112.99735000000005
178,9,1995.39,687,5.725,60,16.62825,76.5,17.674144276410136,85,13.333333333333334,6,230,0.5583333333333333,False,False,False,False,False,False,False,False,False,False,False,False,False,False,False,False,False,False,False,False,False,False,False,False,False,False,False,False,False,False,False,False,False,False,False,False,False,True,False,False,False,True,False,338.71000000000004,172.16775,166.54225000000002
6,2,741.54,512,12.19047619047619,24,17.655714285714286,39.6,7.06682153096586,41,21.0,1,358,0.0,False,False,False,False,False,False,False,False,False,False,False,False,False,False,False,False,False,False,False,False,False,False,False,False,False,False,False,False,False,False,False,False,False,False,False,False,False,True,False,False,False,True,False,0.0,177.96700000000013,-177.96700000000013
447,1,223.86,264,7.764705882352941,25,6.584117647058824,16.5,4.587699045403293,34,34.0,1,0,0.0,False,False,False,False,False,False,False,False,False,False,False,False,False,False,False,False,False,False,False,False,False,False,False,False,False,False,False,False,False,False,False,False,False,False,False,False,False,True,False,False,False,False,True,0.0,0.0,0.0
609,1,162.45,83,8.3,12,16.244999999999997,25.5,5.29813646483365,10,10.0,1,0,0.0,False,False,False,False,False,False,False,False,False,False,False,False,False,False,False,False,False,False,False,False,False,False,False,False,False,False,False,False,False,False,False,False,False,False,False,False,False,True,False,False,False,False,True,0.0,0.0,0.0
49,2,254.17999999999998,201,12.5625,24,15.886249999999999,30.0,6.3282550254131404,15,8.0,2,182,0.0,False,False,False,False,False,False,False,False,False,False,False,False,True,False,False,False,False,False,False,False,False,False,False,False,False,False,False,False,False,False,False,False,False,False,False,False,False,False,False,False,False,True,False,0.0,141.33925000000008,-141.33925000000008
140,2,289.4,194,1.8653846153846154,12,2.7826923076923076,16.5,2.9773253882491697,98,50.5,2,274,0.0,False,False,False,False,False,False,False,False,False,False,False,False,False,False,False,False,False,False,False,False,False,False,False,False,False,False,False,False,False,False,False,False,False,False,False,False,False,True,False,False,False,True,False,0.0,39.9918,-39.9918
331,5,2216.8,1100,9.482758620689655,48,19.110344827586207,175.2,27.381601215002952,98,23.2,2,21,0.0,False,False,False,False,False,False,False,False,False,False,False,False,False,False,False,False,False,False,False,False,False,False,False,False,False,False,False,False,False,False,False,False,False,False,False,False,False,True,False,False,False,False,True,0.0,-0.10325,0.10325
472,3,1687.8,1141,25.355555555555554,120,37.50666666666667,150.0,30.584654500404138,37,15.0,3,191,0.0,False,False,False,False,False,False,False,False,False,False,False,False,False,False,False,False,False,False,False,False,False,False,False,True,False,False,False,False,False,False,False,False,False,False,False,False,False,False,False,False,False,False,True,0.0,0.0,0.0
458,2,116.44999999999999,137,34.25,96,29.112499999999997,81.6,40.624753845408094,2,2.0,1,4,0.0,False,False,False,False,False,False,False,False,False,False,False,False,False,False,False,False,False,False,False,False,False,False,False,False,False,False,False,False,False,False,False,False,False,False,False,False,False,True,False,False,False,False,True,0.0,0.0,0.0
54,1,371.01,243,10.125,24,15.45875,23.4,4.328026272221955,24,24.0,1,0,0.0,False,False,False,False,False,False,False,False,False,False,False,False,False,False,False,False,False,False,False,False,False,False,False,False,False,False,False,False,False,False,False,False,False,False,False,False,False,True,False,False,False,False,True,0.0,4.965950000000001,-4.965950000000001
38,18,7261.5,3831,9.09976247030879,48,17.248218527315913,76.5,8.506613808411986,344,23.38888888888889,8,660,0.0,False,False,False,False,False,False,False,False,False,False,False,False,False,False,False,False,False,False,False,False,False,False,False,False,False,False,False,False,False,False,False,False,False,False,False,False,False,True,False,False,False,True,False,1366.92,376.2303999999999,990.6896000000002
8,23,5161.93,2032,3.88527724665392,24,9.869847036328872,90.0,12.405519225580637,229,22.08695652173913,9,632,0.26195028680688337,False,False,False,False,False,False,False,False,False,False,False,False,False,False,False,False,False,False,False,False,False,False,False,False,False,False,False,False,False,False,False,False,False,False,False,False,False,True,False,False,False,True,False,1146.07,307.60479999999995,838.4652
14,5,1334.72,888,3.566265060240964,48,5.360321285140563,51.0,6.610801514986903,205,46.0,3,362,0.0,False,False,False,False,False,False,False,False,False,False,False,False,False,False,False,False,False,False,False,False,False,False,False,False,False,False,False,False,False,False,False,False,False,False,False,False,False,True,False,False,False,True,False,404.37,186.17210000000003,218.19789999999998
234,2,417.57,428,14.266666666666667,36,13.919,33.0,6.61817005127446,28,15.0,1,362,0.0,False,False,False,False,False,False,False,False,False,False,False,False,False,False,False,False,False,False,False,False,False,False,False,False,False,False,False,False,False,False,False,False,False,False,False,False,False,True,False,False,False,True,False,0.0,79.56119999999996,-79.56119999999996
552,2,385.2,152,15.2,24,38.519999999999996,102.0,32.63378617322851,10,5.0,2,113,0.0,False,False,False,False,False,False,False,False,False,False,False,False,False,False,False,False,False,False,False,False,False,False,False,False,False,False,False,False,False,False,False,False,False,False,False,False,False,True,False,False,False,False,True,0.0,0.0,0.0
343,2,547.6,272,9.066666666666666,12,18.253333333333334,25.2,5.045139916950688,26,15.0,2,9,0.8333333333333334,False,False,False,False,False,False,False,False,False,False,False,False,False,False,False,False,False,False,False,False,False,False,False,False,False,False,False,False,False,False,False,False,False,False,False,False,False,True,False,False,False,False,True,0.0,-0.20024999999999998,0.20024999999999998
477,1,300.31,99,6.1875,12,18.769375,35.4,5.918683940145253,16,16.0,1,0,0.0,False,False,False,False,False,False,False,False,False,False,False,False,False,False,False,False,False,False,False,False,False,False,False,False,False,False,False,False,False,False,False,False,False,False,False,False,False,True,False,False,False,False,True,0.0,0.0,0.0
8,20,6177.96,3340,11.76056338028169,72,21.75338028169014,102.0,17.506077062447734,142,14.2,11,699,0.0,False,False,False,False,False,False,False,False,False,False,False,False,False,False,False,False,False,False,False,False,False,False,False,False,False,False,True,False,False,False,False,False,False,False,False,False,False,False,False,False,False,True,False,-19.36,404.74599999999987,-424.1059999999999
23,1,917.34,378,18.9,72,45.867000000000004,108.48,28.2101872416779,20,20.0,1,0,0.0,False,False,False,False,False,False,False,False,False,False,False,False,False,False,False,False,False,False,False,False,False,False,False,False,False,False,False,False,False,False,False,False,False,False,False,False,False,True,False,False,False,False,True,0.0,142.58835,-142.58835
183,16,2773.0299999999997,1509,9.201219512195122,96,16.90871951219512,81.6,12.830571484075076,82,10.25,9,515,0.0,False,False,False,False,False,False,False,False,False,False,False,False,False,False,False,False,False,False,False,False,False,False,False,False,False,False,False,False,False,False,False,False,False,False,False,False,False,True,False,False,False,True,False,826.13,128.09855000000007,698.03145
283,6,1174.15,513,15.088235294117647,96,34.53382352941177,244.8,47.121748695152704,19,5.666666666666667,5,416,0.20588235294117646,False,False,False,False,False,False,False,False,False,False,False,False,False,False,False,False,False,False,False,False,False,False,False,False,False,False,False,False,False,False,False,False,False,False,False,False,False,True,False,False,False,True,False,0.0,91.98019999999998,-91.98019999999998
551,3,1593.83,856,9.010526315789473,48,16.777157894736842,59.4,7.4936295871692025,85,31.666666666666668,3,140,0.0,False,False,False,False,False,False,False,False,False,False,False,False,False,False,False,False,False,False,False,False,False,False,False,False,False,False,False,False,False,False,False,False,False,False,False,False,False,True,False,False,False,False,True,0.0,0.0,0.0
5,25,8474.58,3177,15.885,100,42.3729,350.4,71.52626038184198,123,8.0,10,703,0.215,False,False,False,False,False,False,False,False,False,False,False,False,False,False,False,False,False,False,False,False,False,False,False,False,False,False,False,False,False,False,False,False,False,False,False,False,False,True,False,False,False,True,False,413.32,791.5565499999994,-378.23654999999945
363,2,227.87,153,12.75,50,18.989166666666666,35.4,10.428843270933596,9,6.0,2,331,0.0,False,False,False,False,False,False,False,False,False,False,False,False,False,False,False,False,False,False,False,False,False,False,False,False,False,False,False,False,False,False,False,False,False,False,False,False,False,True,False,False,False,True,False,0.0,57.95105,-57.95105
335,4,646.27,345,12.321428571428571,64,23.081071428571427,167.4,33.082912265922246,24,7.0,3,372,0.0,False,False,False,False,False,False,False,False,False,False,False,False,False,False,False,False,False,False,False,False,False,False,False,False,False,False,False,False,False,False,False,False,False,False,False,False,False,True,False,False,False,True,False,0.0,17.81435,-17.81435
294,4,1254.89,440,4.444444444444445,25,12.675656565656567,90.0,16.285618180268823,90,23.75,3,239,0.0,False,False,False,False,False,False,False,False,False,False,False,False,False,False,False,False,False,False,False,False,False,False,False,False,False,False,False,False,False,False,False,False,False,False,False,False,False,True,False,False,False,True,False,0.0,22.73575,-22.73575
167,17,4706.43,2492,8.652777777777779,48,16.341770833333335,79.9,12.997627470032317,226,16.58823529411765,9,463,0.21180555555555555,False,False,False,False,False,False,False,False,False,False,False,False,False,False,False,False,False,False,False,False,False,False,False,False,False,False,False,False,False,False,False,False,False,False,False,False,False,True,False,False,False,True,False,0.0,108.3979,-108.3979
380,2,543.89,285,7.916666666666667,24,15.108055555555556,30.0,6.004031416803899,32,18.0,2,83,0.0,False,False,False,False,False,False,False,False,False,False,False,False,False,False,False,False,False,False,False,False,False,False,False,False,False,False,False,False,False,False,False,False,False,False,False,False,False,True,False,False,False,True,False,89.94,183.42930000000013,-93.48930000000013
300,1,534.57,281,8.028571428571428,25,15.273428571428573,49.9,7.62667028682016,35,35.0,1,0,0.0,False,False,False,False,False,False,False,False,False,False,False,False,False,False,False,False,False,False,False,False,False,False,False,False,False,False,False,False,False,False,False,False,False,False,False,False,False,True,False,False,False,False,True,0.0,0.0,0.0
252,1,306.94,470,31.333333333333332,288,20.462666666666667,60.48,11.716261877448472,15,15.0,1,0,0.0,False,False,False,False,False,False,False,False,False,False,False,False,False,False,False,False,False,False,False,False,False,False,False,False,False,False,False,False,False,False,False,False,False,False,False,False,False,True,False,False,False,False,True,0.0,0.0,0.0
69,2,271.7,297,27.0,144,24.7,152.64,43.112606972902945,11,5.5,2,454,0.0,False,False,False,False,False,False,False,False,False,False,False,False,False,False,False,False,False,False,False,False,False,False,False,False,False,False,False,False,False,False,False,False,False,False,False,False,False,True,False,False,False,True,False,0.0,10.695049999999998,-10.695049999999998
168,4,1090.23,947,12.460526315789474,48,14.345131578947369,30.0,6.215685640575474,71,19.0,2,264,0.0,False,False,False,False,False,False,False,False,False,False,False,False,False,False,False,False,False,False,False,False,False,False,False,False,False,False,False,False,False,False,False,False,False,False,False,False,False,True,False,False,False,True,False,0.0,144.74059999999997,-144.74059999999997
161,3,518.42,336,8.0,36,12.343333333333332,39.6,7.2919791106114324,34,14.0,3,533,0.0,False,False,False,False,False,False,False,False,False,False,False,False,False,False,False,False,False,False,False,False,False,False,False,False,False,False,False,False,False,False,False,False,False,False,False,False,False,True,False,False,False,True,False,166.97,84.04874999999997,82.92125000000003
26,7,3692.65,1789,10.77710843373494,144,22.24487951807229,153.0,17.893670244918482,90,23.714285714285715,6,379,0.0,False,False,False,False,False,False,False,False,False,False,False,False,True,False,False,False,False,False,False,False,False,False,False,False,False,False,False,False,False,False,False,False,False,False,False,False,False,False,False,False,False,True,False,1274.27,565.718550000001,708.551449999999
37,12,2940.68,1519,10.77304964539007,96,20.855886524822694,67.5,18.26210757164846,91,11.75,4,484,0.0,False,False,False,False,False,False,False,False,False,False,False,False,False,False,False,False,False,False,False,False,False,False,False,False,False,False,False,False,False,False,False,False,False,False,False,False,False,True,False,False,False,True,False,753.02,243.31985000000003,509.70014999999995
394,3,449.65,408,12.363636363636363,25,13.625757575757575,35.4,8.03944301176356,28,11.0,3,204,0.3333333333333333,False,False,False,False,False,False,False,False,False,False,False,False,False,False,False,False,False,False,False,False,False,False,False,False,False,False,False,False,False,False,False,False,False,False,False,False,False,True,False,False,False,True,False,0.0,56.54985000000001,-56.54985000000001
162,3,563.4499999999999,300,7.5,24,14.086249999999998,39.8,10.65607126513765,36,13.333333333333334,2,218,0.0,False,False,False,False,False,False,False,False,False,False,False,False,False,False,False,False,False,False,False,False,False,False,False,True,False,False,False,False,False,False,False,False,False,False,False,False,False,False,False,False,False,True,False,0.0,53.29655,-53.29655
405,1,34.8,24,24.0,24,34.8,34.8,0.0,1,1.0,1,0,0.0,False,False,False,False,False,False,False,False,False,False,False,False,False,False,False,False,False,False,False,False,False,False,False,False,False,False,False,False,False,False,False,False,False,False,False,False,False,True,False,False,False,False,True,0.0,0.0,0.0
213,1,112.55,48,3.4285714285714284,12,8.039285714285715,25.5,7.594055837688717,13,13.0,1,0,1.0,False,False,False,False,False,False,False,False,False,False,False,False,False,False,False,False,False,False,False,False,False,False,False,False,False,False,False,False,False,False,False,False,False,False,False,False,False,True,False,False,False,False,True,0.0,0.0,0.0
557,1,131.83,67,2.2333333333333334,12,4.394333333333334,11.9,2.6649250275193204,30,30.0,1,0,1.0,False,False,False,False,False,False,False,False,False,False,False,False,False,False,False,False,False,False,False,False,False,False,False,False,False,False,False,False,False,False,False,False,False,False,False,False,False,True,False,False,False,False,True,0.0,0.0,0.0
470,4,755.41,697,15.152173913043478,48,16.42195652173913,60.0,10.304396606317608,41,11.5,2,109,0.0,False,False,False,False,False,False,False,False,False,False,False,False,False,False,False,False,False,False,False,False,False,False,False,False,False,False,False,False,False,False,False,False,False,False,False,False,False,True,False,False,False,False,True,0.0,0.0,0.0
272,4,2908.57,911,13.803030303030303,60,44.069242424242425,204.0,46.65896231199997,47,16.5,3,81,0.696969696969697,False,False,False,False,False,False,False,False,False,False,False,False,False,False,False,False,False,False,False,False,False,False,False,False,False,False,False,False,False,False,False,False,False,False,False,False,False,True,False,False,False,False,True,-436.2,-1.602,-434.598
384,1,515.78,221,8.5,16,19.837692307692308,35.7,6.589562235956078,26,26.0,1,0,0.0,False,False,False,False,False,False,False,False,False,False,False,False,False,False,False,False,False,False,False,False,False,False,False,False,False,False,False,False,False,False,False,False,False,False,False,False,False,True,False,False,False,False,True,0.0,0.0,0.0
361,3,537.9,237,1.6232876712328768,11,3.6842465753424656,23.1,3.2672096785497073,129,46.0,3,342,1.0,False,False,False,False,False,False,False,False,False,False,False,False,False,False,False,False,False,False,False,False,False,False,False,False,False,False,False,False,False,False,False,False,False,False,False,False,False,True,False,False,False,True,False,165.12,37.695300000000024,127.42469999999997
336,7,1702.0,214,5.487179487179487,16,43.64102564102564,175.6,61.47493163862006,21,5.571428571428571,4,271,0.3076923076923077,False,False,False,False,False,False,False,False,False,False,False,False,False,False,False,False,False,False,False,False,False,False,False,False,False,False,False,False,False,False,False,False,False,False,False,False,False,True,False,False,False,True,False,0.0,57.67705,-57.67705
14,2,1198.09,724,9.653333333333334,36,15.974533333333332,23.4,3.912539540714912,58,37.5,1,380,0.0,False,False,False,False,False,False,False,False,False,False,False,False,False,False,False,False,False,False,False,False,False,False,False,False,False,False,False,False,False,False,False,False,False,False,False,False,False,True,False,False,False,True,False,311.0,314.52590000000026,-3.525900000000263
44,4,648.41,354,7.695652173913044,25,14.09586956521739,35.4,8.205378338108341,40,11.5,3,216,0.0,False,False,False,False,False,False,False,False,False,False,False,False,False,False,False,False,False,False,False,False,False,False,False,False,False,False,False,False,False,False,False,False,False,False,False,False,False,True,False,False,False,True,False,0.0,81.72920000000003,-81.72920000000003
1,12,3167.73,1562,9.409638554216867,96,19.082710843373494,175.2,16.58891277788406,123,13.833333333333334,5,214,0.0,False,False,False,False,False,False,False,False,False,False,False,False,False,False,False,False,False,False,False,False,False,False,False,False,False,False,False,False,False,False,False,False,False,False,False,False,False,True,False,False,False,True,False,0.0,461.3974000000002,-461.3974000000002
26,5,2239.07,1211,14.950617283950617,48,27.64283950617284,90.0,19.55621156017749,56,16.2,4,471,0.0,False,False,False,False,False,False,False,False,False,False,False,False,False,True,False,False,False,False,False,False,False,False,False,False,False,False,False,False,False,False,False,False,False,False,False,False,False,False,False,False,False,True,False,0.0,126.82670000000002,-126.82670000000002
363,1,1092.81,872,15.854545454545455,48,19.869272727272726,79.2,13.77968913998472,55,55.0,1,0,0.0,False,False,False,False,False,False,False,False,False,False,False,False,False,False,False,False,False,False,False,False,False,False,False,True,False,False,False,False,False,False,False,False,False,False,False,False,False,False,False,False,False,False,True,0.0,0.0,0.0
28,1,223.92000000000002,189,5.5588235294117645,25,6.5858823529411765,41.6,9.676220498585948,34,34.0,1,0,0.0,False,False,False,False,False,False,False,False,False,False,False,False,False,False,False,False,False,False,False,False,False,False,False,False,False,False,False,False,False,False,False,False,False,False,False,False,False,True,False,False,False,False,True,0.0,73.10124999999998,-73.10124999999998
14,4,3153.89,1616,12.527131782945736,72,24.44875968992248,280.0,34.171185435606596,105,32.25,4,210,0.3488372093023256,False,False,False,False,False,False,False,False,False,False,False,False,False,False,False,False,False,False,False,False,False,False,False,False,False,False,False,False,False,False,False,False,False,True,False,False,False,False,False,False,False,True,False,0.0,275.4857999999998,-275.4857999999998
360,2,503.15,240,18.46153846153846,48,38.70384615384615,100.8,30.968118428060155,11,6.5,2,28,0.0,False,False,False,False,False,False,False,False,False,False,False,False,False,False,False,False,False,False,False,False,False,False,False,False,False,False,False,False,False,False,False,False,False,True,False,False,False,False,False,False,False,False,True,0.0,0.0,0.0
100,7,714.3,372,6.526315789473684,48,12.53157894736842,88.8,15.76060864822187,47,7.857142857142857,4,355,0.08771929824561403,False,False,False,False,False,False,False,False,False,False,False,False,False,False,False,False,False,False,False,False,False,False,False,False,False,False,False,False,False,False,False,False,False,False,False,False,False,True,False,False,False,True,False,0.0,30.310849999999995,-30.310849999999995
25,14,2584.92,1378,5.717842323651452,36,10.725809128630706,70.8,9.881592412835916,188,17.071428571428573,9,670,0.7053941908713693,False,False,False,False,False,False,False,False,False,False,False,False,False,False,False,False,False,False,False,False,False,False,False,False,False,False,False,False,False,False,False,False,False,False,False,False,False,True,False,False,False,True,False,0.0,275.51219999999995,-275.51219999999995
20,8,1909.93,1228,9.029411764705882,48,14.043602941176472,31.6,6.521146533228886,114,17.0,4,359,0.0,False,False,False,False,False,False,False,False,False,False,False,False,False,False,False,False,False,False,False,False,False,False,False,False,False,False,False,False,False,False,False,False,False,False,False,False,False,True,False,False,False,True,False,0.0,152.85235000000003,-152.85235000000003
161,4,1431.78,1012,11.767441860465116,72,16.648604651162792,76.32,8.627178417180234,64,21.5,4,107,0.0,False,False,False,False,False,False,False,False,False,False,False,False,False,False,False,False,False,False,False,False,False,False,False,False,False,False,False,False,False,False,False,False,False,False,False,False,False,True,False,False,False,True,False,0.0,218.36539999999985,-218.36539999999985
129,16,10544.97,6780,7.793103448275862,75,12.120655172413793,125.0,14.839797009712518,471,54.0625,8,458,0.0,False,False,False,False,False,False,False,False,False,False,False,False,False,False,False,False,False,False,False,False,False,False,False,False,False,False,False,False,False,False,False,False,False,False,False,False,False,True,False,False,False,True,False,2303.43,495.2964499999996,1808.1335500000002
30,4,666.94,266,7.0,24,17.551052631578948,89.7,19.597985802389708,36,9.5,2,21,0.0,False,False,False,False,False,False,False,False,False,False,False,False,False,False,False,False,False,False,False,False,False,False,False,False,False,False,False,False,False,False,False,False,False,False,False,False,False,True,False,False,False,False,True,0.0,16.567849999999996,-16.567849999999996
351,3,847.76,166,5.724137931034483,18,29.233103448275862,95.8,22.27337457648999,27,9.666666666666666,3,243,0.0,False,False,False,False,False,False,False,False,False,False,False,False,False,False,False,False,False,False,False,False,False,False,False,False,False,False,False,False,False,False,False,False,False,False,False,False,False,True,False,False,False,True,False,0.0,15.595700000000004,-15.595700000000004
30,1,397.98,321,13.375,25,16.5825,50.0,8.598097489257876,24,24.0,1,0,0.0,False,False,False,False,False,False,False,False,False,False,False,False,False,False,False,False,False,False,False,False,False,False,False,False,False,False,False,False,False,False,False,False,False,False,False,False,False,True,False,False,False,False,True,-8.7,30.04200000000001,-38.742000000000004
639,1,120.6,72,9.0,12,15.075,27.0,5.8156807733181894,8,8.0,1,0,0.0,False,False,False,False,False,False,False,False,False,False,False,False,False,False,False,False,False,False,False,False,False,False,False,False,False,False,False,False,False,False,False,False,False,False,False,False,False,True,False,False,False,False,True,0.0,0.0,0.0
16,3,719.81,358,3.5445544554455446,25,7.126831683168317,20.85,5.225055584525979,90,33.666666666666664,3,220,0.0,False,False,False,False,False,False,False,False,False,False,False,False,False,False,False,False,False,False,False,False,False,False,False,False,False,False,False,False,False,False,False,False,False,False,False,False,False,True,False,False,False,True,False,0.0,84.98915000000002,-84.98915000000002
181,5,996.26,648,49.84615384615385,216,76.63538461538461,228.96,67.47851233483944,10,2.2,4,483,0.0,False,False,False,False,False,False,False,False,False,False,False,False,False,False,False,False,False,False,False,False,False,False,False,False,False,False,False,False,False,False,False,False,False,False,False,False,False,True,False,False,False,True,False,426.09000000000003,57.59259999999998,368.4974
535,2,218.53,95,8.636363636363637,12,19.866363636363637,34.0,7.768554914174545,10,5.5,2,60,0.0,False,False,False,False,False,False,False,False,False,False,False,False,False,False,False,False,False,False,False,False,False,False,False,False,False,False,False,False,False,False,False,False,False,False,False,False,False,True,False,False,False,False,True,0.0,0.0,0.0
82,1,135.95,73,14.6,24,27.189999999999998,61.2,21.266182073893752,5,5.0,1,0,0.0,False,False,False,False,False,False,False,False,False,False,False,False,False,False,False,False,False,False,False,False,False,False,False,False,False,False,False,False,False,False,False,False,False,False,False,False,False,True,False,False,False,False,True,0.0,2.1436,-2.1436
237,1,183.6,128,16.0,60,22.95,51.0,11.947384651043926,8,8.0,1,0,0.0,False,False,False,False,False,False,False,False,False,False,False,False,False,False,False,False,False,False,False,False,False,False,False,False,False,False,False,False,False,False,False,False,False,False,False,False,False,True,False,False,False,False,True,0.0,0.0,0.0
185,4,773.16,228,4.956521739130435,12,16.80782608695652,38.25,5.375140272296147,39,11.5,3,247,0.15217391304347827,False,False,False,False,False,False,False,False,False,False,False,False,False,False,False,False,False,False,False,False,False,False,False,False,False,False,False,False,False,False,False,False,False,False,False,False,False,True,False,False,False,True,False,0.0,16.825300000000002,-16.825300000000002
354,2,238.86,138,2.875,24,4.97625,42.5,7.82961335014482,48,24.0,2,248,0.08333333333333333,False,False,False,False,False,False,False,False,False,False,False,False,False,False,False,False,False,False,False,False,False,False,False,False,False,False,False,False,False,False,False,False,False,False,False,False,False,True,False,False,False,True,False,0.0,50.5903,-50.5903
172,4,932.25,690,4.0828402366863905,48,5.516272189349112,40.8,5.711632424209518,146,41.0,3,114,0.2781065088757396,False,False,False,False,False,False,False,False,False,False,False,False,False,False,False,False,False,False,False,False,False,False,False,False,False,False,False,False,False,False,False,False,False,False,False,False,False,True,False,False,False,True,False,197.85,243.22570000000022,-45.37570000000022
514,4,518.76,306,17.0,96,28.82,155.7,43.837688190441256,16,4.5,3,188,0.7777777777777778,False,False,False,False,False,False,False,False,False,False,False,False,False,False,False,False,False,False,False,False,False,False,False,False,False,False,False,False,False,False,False,False,False,False,False,False,False,True,False,False,False,False,True,0.0,-0.014750000000000001,0.014750000000000001
339,1,76.32,72,72.0,72,76.32,76.32,0.0,1,1.0,1,0,0.0,False,False,False,False,False,False,False,False,False,False,False,False,False,False,False,False,False,False,False,False,False,False,False,False,False,False,False,False,False,False,False,False,False,False,False,False,False,True,False,False,False,False,True,0.0,0.0,0.0
86,36,15267.26,4212,3.478117258464079,48,12.607151114781173,250.0,15.107141392424289,440,32.833333333333336,9,620,0.04459124690338563,False,False,False,False,False,False,False,False,False,False,False,False,False,False,False,False,False,False,False,False,False,False,False,False,False,False,False,False,False,False,False,False,False,False,False,False,False,True,False,False,False,True,False,0.0,842.8239499999997,-842.8239499999997
32,11,1329.24,1267,4.445614035087719,12,4.664,20.28,3.118728885163782,152,25.818181818181817,6,637,0.6350877192982456,False,False,False,False,False,False,False,False,False,False,False,False,False,False,False,False,False,False,False,False,False,False,False,False,False,False,False,False,False,False,False,False,False,False,False,False,False,True,False,False,False,True,False,209.72,170.2667999999999,39.453200000000095
48,3,1122.41,669,9.695652173913043,36,16.2668115942029,39.6,5.601415391706979,69,23.0,3,76,0.0,False,False,False,False,False,False,False,False,False,False,False,False,False,False,False,False,False,False,False,False,False,False,False,False,False,False,False,False,False,False,False,False,False,False,False,False,False,True,False,False,False,True,False,0.0,167.52849999999998,-167.52849999999998
358,2,317.08,300,13.636363636363637,30,14.412727272727272,33.0,7.481073377160451,17,11.0,2,85,0.4090909090909091,False,False,False,False,False,False,False,False,False,False,False,False,False,False,False,False,False,False,False,False,False,False,False,False,False,False,False,False,False,False,False,False,False,False,False,False,False,True,False,False,False,False,True,0.0,0.0,0.0
6,44,11737.94,7717,13.904504504504505,120,21.149441441441443,234.0,18.604426122514468,264,12.613636363636363,11,700,0.04684684684684685,False,False,False,False,False,False,False,False,False,False,False,False,True,False,False,False,False,False,False,False,False,False,False,False,False,False,False,False,False,False,False,False,False,False,False,False,False,False,False,False,False,True,False,656.91,1191.1602500000024,-534.2502500000024
56,15,1754.61,969,8.72972972972973,48,15.807297297297296,81.6,12.276998222540612,62,7.4,7,636,0.16216216216216217,False,False,False,False,False,False,False,False,False,False,False,False,False,False,False,False,False,False,False,False,False,False,False,False,False,False,False,False,False,False,False,False,False,False,False,False,False,True,False,False,False,True,False,310.5,155.53435000000002,154.96564999999998
225,4,1319.11,819,10.367088607594937,144,16.69759493670886,60.48,8.511017477392867,73,19.75,3,363,0.0,False,False,False,False,False,False,False,False,False,False,False,False,False,False,False,False,False,False,False,False,False,False,False,False,False,False,False,False,False,False,False,False,False,False,False,False,False,True,False,False,False,True,False,0.0,74.64940000000006,-74.64940000000006
345,2,493.74,320,9.696969696969697,24,14.961818181818183,30.0,6.4745561887212855,32,16.5,2,57,0.9696969696969697,False,False,False,False,False,False,False,False,False,False,False,False,False,False,False,False,False,False,False,False,False,False,False,False,False,False,False,False,False,False,False,False,False,False,False,False,False,True,False,False,False,False,True,0.0,-0.06675,0.06675
371,1,1993.34,1450,38.1578947368421,144,52.456315789473685,306.0,51.09060988569402,38,38.0,1,0,0.0,False,False,False,False,False,False,False,False,False,False,False,False,False,False,False,False,False,False,False,False,False,False,False,False,False,True,False,False,False,False,False,False,False,False,False,False,False,False,False,False,False,False,True,0.0,0.0,0.0
627,1,202.56,132,12.0,12,18.414545454545454,25.2,6.88728155898445,11,11.0,1,0,1.0,False,False,False,False,False,False,False,False,False,False,False,False,False,False,False,False,False,False,False,False,False,False,False,False,False,False,False,False,False,False,False,False,False,False,False,False,False,False,False,False,False,False,True,0.0,0.0,0.0
353,1,311.1,128,6.7368421052631575,24,16.373684210526317,30.0,5.119146207595251,19,19.0,1,0,1.0,False,False,False,False,False,False,False,False,False,False,False,False,False,False,False,False,False,False,False,False,False,False,False,False,False,False,False,False,False,False,False,False,False,False,False,False,False,True,False,False,False,True,False,243.55,275.4102000000002,-31.86020000000019
400,1,61.28,60,12.0,24,12.256,15.3,2.1896757750863483,5,5.0,1,0,0.0,False,False,False,False,False,False,False,False,False,False,False,False,False,False,False,False,False,False,False,False,False,False,False,False,False,False,False,False,False,False,False,False,False,False,False,False,False,True,False,False,False,False,True,0.0,0.0,0.0
434,2,592.24,310,11.071428571428571,24,21.15142857142857,47.6,10.132214380576846,24,14.0,2,91,0.0,False,False,False,False,False,False,False,False,False,False,False,False,False,False,False,False,False,False,False,False,False,False,False,False,False,False,False,False,False,False,False,False,False,False,False,False,False,True,False,False,False,False,True,0.0,0.0,0.0
162,11,1532.6399999999999,721,5.677165354330708,12,12.068031496062991,39.8,7.749938252633697,98,11.545454545454545,9,500,0.2283464566929134,False,False,False,False,False,False,False,False,False,False,False,False,False,False,False,False,False,False,False,False,False,False,False,False,False,False,False,False,False,False,False,False,False,False,False,False,False,True,False,False,False,True,False,0.0,160.12720000000007,-160.12720000000007
292,3,1011.58,533,9.87037037037037,24,18.732962962962965,126.0,17.4118074912345,51,18.0,2,112,0.0,False,False,False,False,False,False,False,False,False,False,False,False,True,False,False,False,False,False,False,False,False,False,False,False,False,False,False,False,False,False,False,False,False,False,False,False,False,False,False,False,False,False,True,0.0,10.249749999999999,-10.249749999999999
7,21,8186.19,5331,3.7149825783972124,36,5.704662020905923,47.7,4.7847382833425485,682,67.47619047619048,10,702,0.17421602787456447,False,False,False,False,False,False,False,False,False,False,False,False,False,False,False,False,False,False,False,False,False,False,False,False,False,False,False,False,False,False,False,False,False,False,False,False,False,True,False,False,False,True,False,0.0,438.5298999999999,-438.5298999999999
90,8,2145.6,2327,18.322834645669293,96,16.89448818897638,59.4,8.474425645065761,62,15.875,7,608,0.11023622047244094,False,False,False,False,False,False,False,False,False,False,False,False,False,False,False,False,False,False,False,False,False,False,False,False,False,False,False,False,False,False,False,False,False,False,False,False,False,True,False,False,False,True,False,381.02,121.5384,259.48159999999996
253,1,312.38,110,6.111111111111111,16,17.354444444444443,25.2,4.183209044321923,18,18.0,1,0,0.0,False,False,False,False,False,False,False,False,False,False,False,False,False,False,False,False,False,False,False,False,False,False,False,False,False,False,False,False,False,False,False,False,False,False,False,False,False,True,False,False,False,False,True,0.0,0.0,0.0
441,1,354.85,147,7.7368421052631575,24,18.676315789473687,30.0,5.105535351759909,19,19.0,1,0,0.0,False,False,False,False,False,False,False,False,False,False,False,False,False,False,False,False,False,False,False,False,False,False,False,False,False,False,False,False,False,False,False,False,False,False,False,False,False,True,False,False,False,False,True,0.0,0.0,0.0
306,4,1660.35,365,33.18181818181818,120,150.9409090909091,510.0,161.50083098575968,8,2.75,3,50,0.0,False,False,False,False,False,False,False,False,False,False,False,False,False,False,False,False,False,False,False,False,False,False,False,False,False,False,False,False,False,False,False,False,False,False,False,False,False,True,False,False,False,False,True,0.0,-0.014750000000000001,0.014750000000000001
10,10,3916.46,2787,4.747870528109029,36,6.671993185689949,50.4,5.544406794511489,359,57.8,8,417,0.0,False,False,False,False,False,False,False,False,False,False,False,False,False,False,False,False,False,False,False,False,False,False,False,False,False,False,False,False,False,False,False,False,False,False,False,False,False,True,False,False,False,True,False,0.0,466.12269999999984,-466.12269999999984
6,2,604.51,289,9.633333333333333,24,20.150333333333332,39.8,7.678847113239445,29,15.0,2,319,0.0,False,False,False,False,False,False,False,False,False,False,False,False,False,False,False,False,False,False,False,False,False,False,False,False,False,False,False,False,False,False,False,False,False,False,False,False,False,True,False,False,False,True,False,0.0,118.43065000000006,-118.43065000000006
366,3,1254.21,587,10.298245614035087,48,22.003684210526316,76.5,12.580013006974161,45,19.0,3,334,0.0,False,False,False,False,False,False,False,False,False,False,False,False,False,False,False,False,False,False,False,False,False,False,False,False,False,False,False,False,False,False,False,False,False,False,False,False,False,True,False,False,False,True,False,0.0,24.907850000000007,-24.907850000000007
54,25,4499.71,1213,9.4031007751938,48,34.88147286821705,237.6,34.85297245888737,50,5.16,11,648,0.17829457364341086,False,False,False,False,False,False,False,False,False,False,False,False,False,True,False,False,False,False,False,False,False,False,False,False,False,False,False,False,False,False,False,False,False,False,False,False,False,False,False,False,False,True,False,379.58,323.65615000000014,55.923849999999845
631,1,427.0,145,12.083333333333334,80,35.583333333333336,204.0,54.485691755364606,12,12.0,1,0,0.0,False,False,False,False,False,False,False,False,False,False,False,False,False,False,False,False,False,False,False,False,False,False,False,False,False,False,False,False,False,False,False,False,False,False,False,False,False,True,False,False,False,False,True,0.0,0.0,0.0
21,18,24175.69,10908,29.165775401069517,160,64.64088235294118,475.2,68.13923738053673,135,20.77777777777778,9,596,0.05614973262032086,False,False,False,False,False,False,False,False,False,False,False,False,True,False,False,False,False,False,False,False,False,False,False,False,False,False,False,False,False,False,False,False,False,False,False,False,False,False,False,False,False,True,False,1497.52,900.6050499999994,596.9149500000005
343,4,655.9399999999999,512,10.666666666666666,36,13.665416666666665,25.2,7.758167133382956,42,12.0,3,273,0.0,False,False,False,False,False,False,False,False,False,False,False,False,False,False,False,False,False,False,False,False,False,False,False,False,False,False,False,False,False,False,False,False,False,False,False,False,False,True,False,False,False,True,False,0.0,40.55930000000001,-40.55930000000001
703,1,147.4,38,4.222222222222222,12,16.37777777777778,17.85,2.310318039674289,9,9.0,1,0,1.0,False,False,False,False,False,False,False,False,False,False,False,False,False,False,False,False,False,False,False,False,False,False,False,False,False,False,False,False,False,False,False,False,False,False,False,False,False,True,False,False,False,False,True,0.0,0.0,0.0
216,2,310.85,103,5.421052631578948,24,16.360526315789475,30.0,4.75729203280397,19,9.5,2,190,0.0,False,False,False,False,False,False,False,False,False,False,False,False,False,False,False,False,False,False,False,False,False,False,False,False,False,False,False,False,False,False,False,False,False,False,False,False,False,True,False,False,False,True,False,51.95,99.47830000000002,-47.528300000000016
639,1,134.9,110,10.0,24,12.263636363636364,15.0,2.3838090222468447,11,11.0,1,0,0.0,False,False,False,False,False,False,False,False,False,False,False,False,False,False,False,False,False,False,False,False,False,False,False,False,False,False,False,False,False,False,False,False,False,False,False,False,False,True,False,False,False,False,True,0.0,0.0,0.0
38,2,435.82,475,8.189655172413794,25,7.514137931034482,33.0,5.907509355697949,57,28.5,2,68,0.7758620689655172,False,False,False,False,False,False,False,False,False,False,False,False,False,False,False,False,False,False,False,False,False,False,False,False,False,False,False,False,False,False,False,False,False,False,False,False,False,True,False,False,False,True,False,136.74,194.4822500000001,-57.7422500000001
84,2,437.42,232,2.2524271844660193,25,4.2467961165048544,23.8,4.193442175773192,102,51.5,2,296,0.0,False,False,False,False,False,False,False,False,False,False,False,False,False,False,False,False,False,False,False,False,False,False,False,False,False,False,False,False,False,False,False,False,False,False,False,False,False,True,False,False,False,True,False,0.0,30.043749999999996,-30.043749999999996
282,8,1308.53,936,10.883720930232558,48,15.21546511627907,44.55,8.225205973745187,55,10.75,5,148,0.5,False,False,False,False,False,False,False,False,False,False,False,False,False,False,False,False,False,False,False,False,False,False,False,False,False,False,False,False,False,False,False,False,False,False,False,False,False,True,False,False,False,True,False,0.0,222.71245,-222.71245
2,11,1545.49,741,2.273006134969325,48,4.740766871165644,122.4,8.215343825995953,221,29.0,8,689,0.0,False,False,False,False,False,False,False,False,False,False,False,False,False,False,False,False,False,False,False,False,False,False,False,False,False,False,False,False,False,False,False,False,False,False,False,False,False,True,False,False,False,True,False,0.0,119.32514999999995,-119.32514999999995
20,13,5037.51,3656,15.965065502183407,288,21.997860262008736,139.2,19.195243317433494,162,17.615384615384617,6,512,0.043668122270742356,False,False,False,False,False,False,False,False,False,False,False,False,False,False,False,False,False,False,False,False,False,False,False,False,False,False,False,False,False,False,False,False,False,False,False,False,False,True,False,False,False,True,False,0.0,130.16385,-130.16385
1,98,30934.86,19354,13.12135593220339,108,20.972786440677968,175.2,18.159596138637145,325,15.03061224489796,12,707,0.05288135593220339,False,False,False,False,False,False,False,False,False,False,False,False,False,False,False,False,False,False,False,False,False,False,False,False,False,False,False,False,False,False,False,False,False,False,False,False,False,True,False,False,False,True,False,3016.79,1938.4171499999998,1078.3728500000002
83,12,3539.2200000000003,2367,9.8625,144,14.74675,103.68,11.77487863203537,119,19.916666666666668,6,568,0.16666666666666666,False,False,False,False,False,False,False,False,False,False,False,False,False,False,False,False,False,False,False,False,False,False,False,False,False,False,False,False,False,False,False,False,False,False,False,False,False,True,False,False,False,True,False,460.86,216.84154999999996,244.01845000000006
7,38,7447.7,6458,8.441830065359477,110,9.735555555555555,102.0,13.267562256553758,424,19.710526315789473,12,658,0.09673202614379085,False,False,False,False,False,False,False,False,False,False,False,False,False,False,False,False,False,False,False,False,False,False,False,False,False,False,False,False,False,False,False,False,False,False,False,False,False,True,False,False,False,True,False,488.34,668.2127999999992,-179.87279999999924
9,73,16838.87,6505,6.466202783300199,96,16.738439363817097,153.0,16.902691129306536,341,13.36986301369863,12,699,0.49801192842942343,False,False,False,False,False,False,False,False,False,False,False,False,False,False,False,False,False,False,False,False,False,False,False,False,False,False,False,False,False,False,False,False,False,False,False,False,False,True,False,False,False,True,False,3184.06,1362.8795000000014,1821.1804999999986
612,1,635.9,168,4.666666666666667,12,17.663888888888888,50.85,15.92623895656433,36,36.0,1,0,1.0,False,False,False,False,False,False,False,False,False,False,False,False,False,False,False,False,False,False,False,False,False,False,False,False,False,False,False,False,False,False,False,False,False,False,False,False,False,True,False,False,False,False,True,0.0,0.0,0.0
534,1,124.25,109,18.166666666666668,60,20.708333333333332,87.0,32.69736773299445,6,6.0,1,0,0.0,False,False,False,False,False,False,False,False,False,False,False,False,False,False,False,False,False,False,False,False,False,False,False,False,False,False,False,False,False,False,False,False,False,False,False,False,False,True,False,False,False,False,True,0.0,0.0,0.0
20,6,2136.22,2524,21.033333333333335,600,17.80183333333333,192.0,21.257824974843135,86,20.0,5,584,0.06666666666666667,False,False,False,False,False,False,False,False,False,False,False,False,False,False,False,False,False,False,False,False,False,False,False,False,False,False,False,False,False,False,False,False,False,False,False,False,False,True,False,False,False,True,False,348.1,128.58470000000005,219.51529999999997
175,10,1727.3,917,3.526923076923077,25,6.643461538461538,39.0,7.214592378218132,150,25.5,6,528,0.48846153846153845,False,False,False,False,False,False,False,False,False,False,False,False,False,False,False,False,False,False,False,False,False,False,False,False,False,False,False,False,False,False,False,False,False,False,False,False,False,True,False,False,False,True,False,0.0,131.45090000000002,-131.45090000000002
224,1,229.33,123,4.730769230769231,40,8.820384615384615,58.0,13.313802606549109,26,26.0,1,0,0.0,False,False,False,False,False,False,False,False,False,False,False,False,False,False,False,False,False,False,False,False,False,False,False,False,False,False,False,False,False,False,False,False,False,False,False,False,False,True,False,False,False,False,True,0.0,0.0,0.0
175,5,1068.95,665,8.012048192771084,48,12.878915662650604,79.2,12.698930722419131,64,15.8,4,488,0.5060240963855421,False,False,False,False,False,False,False,False,False,False,False,False,False,False,False,False,False,False,False,False,False,False,False,False,False,False,False,False,False,False,False,False,False,False,False,False,False,True,False,False,False,True,False,0.0,46.821550000000016,-46.821550000000016
66,5,3723.87,820,5.578231292517007,48,25.332448979591835,196.0,29.728509806771058,102,29.4,5,214,0.0,False,False,False,False,False,False,False,False,False,False,False,False,False,False,False,False,False,False,False,False,False,False,False,False,False,False,False,False,False,False,False,True,False,False,False,False,False,False,False,False,False,True,False,0.0,343.0568999999999,-343.0568999999999
484,2,221.4,162,14.727272727272727,36,20.12727272727273,39.6,13.944163001707267,9,5.5,2,62,0.0,False,False,False,False,False,False,False,False,False,False,False,False,False,False,False,False,False,False,False,False,False,False,False,False,False,False,False,False,False,False,False,False,False,False,False,False,False,True,False,False,False,False,True,0.0,0.0,0.0
267,1,363.7,64,4.923076923076923,12,27.976923076923075,76.5,16.100642008222007,13,13.0,1,0,0.0,False,False,False,False,False,False,False,False,False,False,False,False,False,False,False,False,False,False,False,False,False,False,False,False,False,False,False,False,False,False,False,False,False,False,False,False,False,True,False,False,False,False,True,0.0,0.0,0.0
695,1,310.43,233,10.130434782608695,36,13.496956521739131,39.0,10.121151764669783,23,23.0,1,0,0.0,False,False,False,False,False,False,False,False,False,False,False,False,False,False,False,False,False,False,False,False,False,False,False,False,False,False,False,False,False,False,False,False,False,False,False,False,False,True,False,False,False,False,True,0.0,0.0,0.0
99,7,3155.55,2136,125.6470588235294,200,185.62058823529412,290.0,110.06846599222845,8,2.4285714285714284,6,553,0.0,False,False,False,False,False,False,False,False,False,False,False,False,False,False,False,False,False,False,False,False,False,False,False,False,False,False,False,False,False,False,False,False,False,False,False,False,False,True,False,False,False,True,False,0.0,58.978899999999996,-58.978899999999996
153,3,57.88,191,31.833333333333332,144,9.646666666666667,30.0,18.65973919074612,5,2.0,2,15,0.0,False,False,False,False,False,False,False,False,False,False,False,False,False,False,False,False,False,False,False,False,False,False,False,False,False,False,False,False,False,False,False,False,False,False,False,False,False,True,False,False,False,True,False,93.35,344.389,-251.03900000000002
43,2,508.60999999999996,736,6.4,80,4.422695652173912,23.4,4.531878569806582,112,56.0,1,9,0.0,False,False,False,False,False,False,False,False,False,False,False,False,False,False,False,False,False,False,False,False,False,False,False,False,False,False,False,False,False,False,False,False,False,False,False,False,False,True,False,False,False,False,True,302.62,18.748,283.872
33,25,11135.0,5054,13.659459459459459,180,30.094594594594593,590.0,48.98120547662748,268,14.6,9,637,0.0,False,False,False,False,False,False,False,False,False,False,False,False,False,False,False,False,False,False,False,False,False,False,False,False,False,False,False,False,False,False,False,False,False,False,False,False,False,True,False,False,False,True,False,0.0,617.7127499999997,-617.7127499999997
381,2,308.35,120,2.3076923076923075,12,5.929807692307692,31.6,6.177880050881283,48,26.0,2,151,0.0,False,False,False,False,False,False,False,False,False,False,False,False,False,False,False,False,False,False,False,False,False,False,False,False,False,False,False,False,False,False,False,False,False,False,False,False,False,True,False,False,False,False,True,0.0,0.0,0.0
560,1,341.9,184,4.487804878048781,24,8.339024390243901,39.9,7.738076894448016,40,40.0,1,0,0.0,False,False,False,False,False,False,False,False,False,False,False,False,False,False,False,False,False,False,False,False,False,False,False,False,False,False,False,False,False,False,False,False,False,False,False,False,False,True,False,False,False,False,True,0.0,0.0,0.0
388,2,531.49,384,12.0,36,16.6090625,25.2,4.579110604850205,32,16.0,2,315,0.3125,False,False,False,False,False,False,False,False,False,False,False,False,False,False,False,False,False,False,False,False,False,False,False,False,False,False,False,False,False,False,False,False,False,False,False,False,False,True,False,False,False,True,False,0.0,42.40845,-42.40845
47,1,114.18,53,1.8275862068965518,12,3.937241379310345,22.5,4.269149209780499,29,29.0,1,0,0.0,False,False,False,False,False,False,False,False,False,False,False,False,False,False,False,False,False,False,False,False,False,False,False,False,False,False,False,False,False,False,False,False,False,False,False,False,False,True,False,False,False,False,True,0.0,31.273699999999995,-31.273699999999995
62,2,720.9,520,13.68421052631579,48,18.971052631578946,81.12,12.133517301477884,33,19.0,2,339,0.0,False,False,False,False,False,False,False,False,False,False,False,False,False,False,False,False,False,False,False,False,False,False,False,False,False,False,False,False,False,False,False,False,False,False,False,False,False,True,False,False,False,True,False,0.0,25.9445,-25.9445
672,2,117.2,54,4.5,12,9.766666666666667,22.95,9.93525250933475,9,6.0,2,19,0.0,False,False,False,False,False,False,False,False,False,False,False,False,False,False,False,False,False,False,False,False,False,False,False,False,False,False,False,False,False,False,False,False,False,False,False,False,False,True,False,False,False,False,True,0.0,0.0,0.0
230,1,170.95,39,2.1666666666666665,8,9.497222222222222,51.0,11.08981345281789,18,18.0,1,0,0.0,False,False,False,False,False,False,False,False,False,False,False,False,False,False,False,False,False,False,False,False,False,False,False,False,False,False,False,False,False,False,False,False,False,False,False,False,False,True,False,False,False,False,True,0.0,0.0,0.0
307,5,322.66,274,4.807017543859649,25,5.660701754385966,20.4,5.786705780015185,51,10.8,2,287,0.0,False,False,False,False,False,False,False,False,False,False,False,False,False,False,False,False,False,False,False,False,False,False,False,False,False,False,False,False,False,False,False,False,False,False,False,False,False,True,False,False,False,True,False,0.0,98.65444999999998,-98.65444999999998
430,1,158.02,152,16.88888888888889,48,17.55777777777778,30.0,7.549307547347931,9,9.0,1,0,1.0,False,False,False,False,False,False,False,False,False,False,False,False,False,False,False,False,False,False,False,False,False,False,False,False,False,False,False,False,False,False,False,False,False,False,False,False,False,True,False,False,False,False,True,0.0,0.0,0.0
90,5,888.79,766,16.652173913043477,48,19.321521739130436,79.2,12.656421113831035,32,9.2,4,601,0.1956521739130435,False,False,False,False,False,False,False,False,False,False,False,False,False,False,False,False,False,False,False,False,False,False,False,False,False,False,False,False,False,False,False,False,False,False,False,False,False,True,False,False,False,True,False,117.74000000000001,47.51699999999999,70.22300000000001
359,3,543.47,319,3.7976190476190474,13,6.469880952380953,38.35,7.132155843334378,62,26.666666666666668,2,342,0.0,False,False,False,False,False,False,False,False,False,False,False,False,False,False,False,False,False,False,False,False,False,False,False,False,False,False,False,False,False,False,False,False,False,False,False,False,False,True,False,False,False,True,False,114.34,45.75765000000001,68.58234999999999
9,4,456.26,188,5.875,25,14.258125,51.0,13.40034988409366,30,8.0,3,329,0.0,False,False,False,False,False,False,False,False,False,False,False,False,False,False,False,False,False,False,False,False,False,False,False,False,False,False,False,False,False,False,False,False,False,False,False,False,False,True,False,False,False,True,False,0.0,32.4876,-32.4876
181,7,3684.25,1419,11.631147540983607,48,30.19877049180328,306.0,38.93196463545915,71,17.428571428571427,6,472,0.0,False,False,False,False,False,False,False,False,False,False,False,False,False,False,False,False,False,False,False,False,False,False,False,False,False,False,False,False,False,False,False,False,False,False,False,False,False,True,False,False,False,True,False,0.0,69.68564999999998,-69.68564999999998
30,2,592.51,435,3.4523809523809526,24,4.702460317460317,45.0,5.427059268002581,105,54.5,1,355,0.0,False,False,False,False,False,False,False,False,False,False,False,False,False,False,False,False,False,False,False,False,False,False,False,False,False,False,False,False,False,False,False,False,False,False,False,False,False,True,False,False,False,True,False,0.0,35.893400000000014,-35.893400000000014
143,2,662.66,194,2.2045454545454546,12,7.530227272727273,39.9,6.7862748533002275,83,42.5,2,396,0.13636363636363635,False,False,False,False,False,False,False,False,False,False,False,False,False,False,False,False,False,False,False,False,False,False,False,False,False,False,False,False,False,False,False,False,False,False,False,False,False,True,False,False,False,True,False,0.0,28.460950000000004,-28.460950000000004
551,1,267.9,188,11.75,24,16.74375,30.0,4.597241020438236,16,16.0,1,0,0.0,False,False,False,False,False,False,False,False,False,False,False,False,False,False,False,False,False,False,False,False,False,False,False,False,False,False,False,False,False,False,False,False,False,False,False,False,False,True,False,False,False,False,True,0.0,0.0,0.0
30,17,3385.7,1582,2.6235489220563846,96,5.6147595356550575,61.44,6.191588233298365,361,35.1764705882353,8,675,0.24046434494195687,False,False,False,False,False,False,False,False,False,False,False,False,False,False,False,False,False,False,False,False,False,False,False,False,False,False,False,False,False,False,False,False,False,False,False,False,False,True,False,False,False,True,False,479.36,266.2949000000001,213.06509999999992
147,2,477.59000000000003,237,2.1743119266055047,24,4.381559633027523,34.65,5.006801332393679,93,51.0,2,33,0.0,False,False,False,False,False,False,False,False,False,False,False,False,False,False,False,False,False,False,False,False,False,False,False,False,False,False,False,False,False,False,False,False,False,False,False,False,False,True,False,False,False,True,False,405.13,395.1265499999996,10.003450000000385
307,10,1088.24,448,7.466666666666667,48,18.137333333333334,139.8,29.25254158835658,49,6.0,6,253,0.016666666666666666,False,False,False,False,False,False,False,False,False,False,False,False,False,False,False,False,False,False,False,False,False,False,False,False,False,False,False,False,False,False,False,False,False,False,False,False,False,True,False,False,False,True,False,215.25,52.236450000000005,163.01355
300,18,3874.0,1827,7.366935483870968,72,15.620967741935484,295.0,34.124309769991065,156,13.38888888888889,7,402,0.29838709677419356,False,False,False,False,False,False,False,False,False,False,False,False,False,False,False,False,False,False,False,False,False,False,False,False,False,False,False,False,False,False,False,False,False,False,False,False,False,True,False,False,False,True,False,0.0,120.62975,-120.62975
28,2,-7.105427357601002e-15,0,0.0,36,-3.51753829584208e-17,39.6,16.77383341881601,101,101.0,1,2,0.0,False,False,False,False,False,False,False,False,False,False,False,False,False,False,False,False,False,False,False,False,False,False,False,False,False,False,False,False,False,False,False,False,False,False,False,True,False,False,False,False,False,False,True,0.0,508.7694999999993,-508.7694999999993
348,1,276.5,145,11.153846153846153,36,21.26923076923077,52.2,12.811982322249788,13,13.0,1,0,0.0,False,False,False,False,False,False,False,False,False,False,False,False,False,False,False,False,False,False,False,False,False,False,False,False,False,False,False,False,False,False,False,True,False,False,False,False,False,False,False,False,False,True,False,363.95,255.2892000000003,108.66079999999968
398,1,239.9,118,8.428571428571429,12,17.135714285714286,39.95,7.551857351046128,14,14.0,1,0,0.0,False,False,False,False,False,False,False,False,False,False,False,False,False,False,False,False,False,False,False,False,False,False,False,False,False,False,False,False,False,False,False,False,False,False,False,False,False,True,False,False,False,False,True,0.0,0.0,0.0
328,2,138.9,70,8.75,24,17.3625,39.6,20.33588928119798,7,4.0,1,8,0.0,False,False,False,False,False,False,False,False,False,False,False,False,False,False,False,False,False,False,False,False,False,False,False,False,False,False,False,False,False,False,False,False,False,False,False,False,False,True,False,False,False,False,True,0.0,-0.044250000000000005,0.044250000000000005
173,5,1220.38,554,2.702439024390244,24,5.953073170731708,34.0,5.7845417582089365,165,40.0,3,428,0.0,False,False,False,False,False,False,False,False,False,False,False,False,False,False,False,False,False,False,False,False,False,False,False,False,False,False,False,False,False,False,False,False,False,False,False,False,False,True,False,False,False,True,False,0.0,59.0414,-59.0414
10,1,197.71,161,10.733333333333333,25,13.180666666666667,19.8,3.7756219292165567,15,15.0,1,0,0.0,False,False,False,False,False,False,False,False,False,False,False,False,False,True,False,False,False,False,False,False,False,False,False,False,False,False,False,False,False,False,False,False,False,False,False,False,False,False,False,False,False,False,True,0.0,35.87005,-35.87005
48,1,118.8,24,12.0,12,59.4,59.4,0.0,2,2.0,1,0,0.0,False,False,False,False,False,False,False,False,False,False,False,False,False,False,False,False,False,False,False,False,False,False,False,False,False,False,False,False,False,False,False,False,False,False,False,False,False,True,False,False,False,False,True,0.0,-3.4360000000000004,3.4360000000000004
342,2,363.6,136,11.333333333333334,36,30.3,75.6,19.81780650186731,11,6.0,1,0,0.0,False,False,False,False,False,False,False,False,False,False,False,False,False,False,False,False,False,False,False,False,False,False,False,False,False,False,False,False,False,False,False,False,False,False,False,False,False,True,False,False,False,False,True,0.0,0.0,0.0
692,2,153.59,41,1.9523809523809523,22,7.313809523809524,108.9,32.977637950009466,20,10.5,1,0,0.0,False,False,False,False,False,False,False,False,False,False,False,False,False,False,False,False,False,False,False,False,False,False,False,False,False,False,False,False,False,False,False,False,False,False,False,False,False,True,False,False,False,False,True,0.0,0.0,0.0
708,1,80.4,24,4.8,6,16.080000000000002,19.5,3.2474220544918415,5,5.0,1,0,0.0,False,False,False,False,False,False,False,False,False,False,False,False,False,False,False,False,False,False,False,False,False,False,False,False,False,False,False,False,False,False,False,False,False,False,False,False,False,True,False,False,False,False,True,0.0,0.0,0.0
70,30,8677.88,4431,11.449612403100776,288,22.42346253229974,244.8,23.006948925501607,187,12.9,10,633,0.24031007751937986,False,False,False,False,False,False,False,False,False,False,False,False,False,False,False,False,False,False,False,False,False,False,False,False,False,False,False,False,False,False,False,False,False,False,False,False,False,True,False,False,False,True,False,0.0,614.3678999999997,-614.3678999999997
21,25,7858.95,7425,20.231607629427792,144,21.414032697547682,162.72,20.13541388787641,143,14.68,11,684,0.0,False,False,False,False,False,False,False,False,False,False,False,False,False,False,False,False,False,False,False,False,False,False,False,False,False,False,False,False,False,False,False,False,False,False,False,False,False,True,False,False,False,True,False,309.36,669.3391499999998,-359.9791499999998
23,7,2326.97,1407,14.212121212121213,300,23.50474747474747,450.0,47.886759116274185,94,14.142857142857142,6,609,0.18181818181818182,False,False,False,False,False,False,False,False,False,False,False,False,False,False,False,False,False,False,False,False,False,False,False,False,False,False,False,False,False,False,False,False,False,False,False,False,False,True,False,False,False,True,False,220.57999999999998,141.41510000000005,79.16489999999993
576,1,-5.85,-3,-3.0,-3,-5.85,-5.85,0.0,1,1.0,1,0,0.0,False,False,False,False,False,False,False,False,False,False,False,False,False,False,False,False,False,False,False,False,False,False,False,False,False,False,False,False,False,False,False,False,False,False,False,False,False,False,False,False,False,False,False,0.0,0.0,0.0
6,2,583.38,210,2.5,25,6.945,29.7,6.5908566640661395,82,41.5,2,11,0.9880952380952381,False,False,False,False,False,False,False,False,False,False,False,False,False,False,False,False,False,False,False,False,False,False,False,False,False,False,False,False,False,False,False,False,False,False,False,False,False,True,False,False,False,True,False,352.08,656.35805,-304.27805000000006
114,1,90.0,72,24.0,24,30.0,30.0,0.0,3,3.0,1,0,0.0,False,False,False,False,False,False,False,False,False,False,False,False,False,False,False,False,False,False,False,False,False,False,False,False,False,False,False,False,False,False,False,False,False,False,False,False,False,True,False,False,False,False,True,0.0,-0.133,0.133
4,12,3527.08,2254,12.384615384615385,200,19.37956043956044,179.0,37.73599424533785,131,14.333333333333334,5,436,0.06043956043956044,False,False,False,False,False,False,False,False,False,False,False,False,False,False,False,False,False,False,False,False,False,False,False,False,False,False,False,False,False,False,False,False,False,False,False,False,False,True,False,False,False,True,False,613.98,245.65279999999998,368.32720000000006
19,1,300.77,393,4.851851851851852,48,3.7132098765432096,16.6,3.256034331499168,80,80.0,1,0,0.0,False,False,False,False,False,False,False,False,False,False,False,False,False,False,False,False,False,False,False,False,False,False,False,False,False,False,False,False,False,False,False,False,False,False,False,False,False,True,False,False,False,True,False,388.93,931.27715,-542.34715
86,1,1706.88,629,14.295454545454545,48,38.79272727272728,224.25,40.91703309185758,43,43.0,1,0,0.0,False,False,False,False,False,False,False,False,False,False,False,False,False,False,False,False,False,False,False,False,False,False,False,False,False,False,False,False,False,False,False,False,False,False,False,False,False,True,False,False,False,False,True,0.0,55.43079999999999,-55.43079999999999
305,5,365.3,262,8.1875,12,11.415625,19.8,5.715378765706073,30,6.4,4,130,0.28125,False,False,False,False,False,False,False,False,False,False,False,False,True,False,False,False,False,False,False,False,False,False,False,False,False,False,False,False,False,False,False,False,False,False,False,False,False,False,False,False,False,False,True,0.0,-0.059000000000000004,0.059000000000000004
77,3,625.3,144,4.0,12,17.369444444444444,31.8,5.838594226325592,31,12.0,3,335,0.5277777777777778,False,False,False,False,False,False,False,False,False,False,False,False,False,False,False,False,False,False,False,False,False,False,False,False,False,False,False,False,False,False,False,False,False,False,False,False,False,True,False,False,False,True,False,0.0,27.738649999999993,-27.738649999999993
119,8,885.2,393,5.779411764705882,25,13.01764705882353,38.25,10.477312962699427,46,8.5,6,440,0.0,False,False,False,False,False,False,False,False,False,False,False,False,False,False,False,False,False,False,False,False,False,False,False,False,False,False,False,False,False,False,False,False,False,False,False,False,False,True,False,False,False,True,False,0.0,41.046449999999986,-41.046449999999986
342,1,-1.25,-1,-1.0,-1,-1.25,-1.25,0.0,1,1.0,1,0,0.0,False,False,False,False,False,False,False,False,False,False,False,False,False,False,False,False,False,False,False,False,False,False,False,False,False,False,False,False,False,False,False,False,False,False,False,False,False,False,False,False,False,False,False,0.0,0.0,0.0
9,46,14810.28,4497,5.296819787985866,48,17.444381625441697,98.88,14.335876863607972,314,17.956521739130434,11,683,0.17667844522968199,False,False,False,False,False,False,False,False,False,False,False,False,False,False,False,False,False,False,False,False,False,False,False,False,False,False,False,False,False,False,False,False,False,False,False,False,False,True,False,False,False,True,False,851.07,985.8285000000006,-134.7585000000006
1,9,1602.51,527,2.9441340782122905,12,8.952569832402235,49.95,7.332216818344889,91,19.77777777777778,8,519,0.0,False,False,False,False,False,False,False,False,False,False,False,False,False,False,False,False,False,False,False,False,False,False,False,False,False,False,False,False,False,False,False,False,False,False,False,False,False,True,False,False,False,True,False,0.0,119.71770000000004,-119.71770000000004
143,10,2074.39,858,3.2623574144486693,32,7.887414448669201,339.45,24.245780843463375,211,24.8,5,403,0.0,False,False,False,False,False,False,False,False,False,False,False,False,False,False,False,False,False,False,False,False,False,False,False,False,False,False,False,False,False,False,False,False,False,False,False,False,False,True,False,False,False,True,False,0.0,149.96850000000006,-149.96850000000006
272,2,150.95,99,9.0,24,13.72272727272727,30.0,10.036467596628897,10,5.5,1,8,0.0,False,False,False,False,False,False,False,False,False,False,False,False,False,False,False,False,False,False,False,False,False,False,False,False,False,False,False,False,False,False,False,False,False,False,False,False,False,True,False,False,False,True,False,385.02,258.73609999999996,126.28390000000002
553,1,192.04999999999998,133,33.25,96,48.012499999999996,81.6,35.221309245966424,4,4.0,1,0,0.0,False,False,False,False,False,False,False,False,False,False,False,False,False,False,False,False,False,False,False,False,False,False,False,False,False,False,False,False,False,False,False,False,False,False,False,False,False,True,False,False,False,False,True,0.0,0.0,0.0
24,6,1481.1399999999999,840,12.727272727272727,144,22.441515151515148,93.6,14.87192204663894,44,11.0,4,363,0.19696969696969696,False,False,False,False,False,False,False,False,False,False,False,False,False,False,False,False,False,False,False,False,False,False,False,False,False,False,False,False,False,False,False,False,False,False,False,False,False,True,False,False,False,True,False,231.95,148.60184999999996,83.34815000000003
567,3,6116.92,2252,28.15,176,76.4615,275.4,55.109872030244034,67,26.666666666666668,3,55,0.0,False,False,False,False,False,False,False,False,False,False,False,False,False,False,False,False,False,False,False,False,False,False,False,False,False,False,False,False,False,False,False,False,False,False,False,False,False,True,False,False,False,False,True,0.0,9.067950000000002,-9.067950000000002
412,13,2129.78,1656,6.786885245901639,48,8.72860655737705,63.75,49.572369499585285,184,18.615384615384617,6,287,0.0,False,False,False,False,False,False,False,False,False,False,False,False,False,False,False,False,False,False,False,False,False,False,False,False,False,False,False,False,False,False,False,False,False,False,False,False,False,True,False,False,False,True,False,0.0,122.61289999999994,-122.61289999999994
6,7,2053.06,1415,11.694214876033058,36,16.967438016528924,81.6,13.389891991655844,106,17.285714285714285,5,575,0.0,False,False,False,False,False,False,False,False,False,False,False,False,False,False,False,False,False,False,False,False,False,False,False,False,False,False,False,False,False,False,False,False,False,False,False,False,False,True,False,False,False,True,False,0.0,98.58685000000001,-98.58685000000001
205,7,873.43,659,16.475,120,21.835749999999997,101.76,22.390071275696492,32,5.714285714285714,4,375,0.0,False,False,False,False,False,False,False,False,False,False,False,False,False,False,False,False,False,False,False,False,False,False,False,False,False,False,False,False,False,False,False,False,False,False,False,False,False,True,False,False,False,True,False,0.0,54.62564999999998,-54.62564999999998
142,19,4981.91,2019,14.630434782608695,96,36.100797101449274,325.44,54.339644868820045,75,7.2631578947368425,7,563,0.11594202898550725,False,False,False,False,False,False,False,False,False,False,False,False,False,False,False,False,False,False,False,False,False,False,False,False,False,False,False,False,False,False,False,False,False,False,False,False,False,True,False,False,False,True,False,157.54,297.63849999999996,-140.09849999999997
14,5,336.08,208,10.4,36,16.804,52.2,13.236422795493224,12,4.0,4,407,0.25,False,False,False,False,False,False,False,False,False,False,False,False,False,False,False,False,False,False,False,False,False,False,False,False,False,False,False,False,False,False,False,False,False,False,False,False,False,True,False,False,False,True,False,0.0,78.51860000000002,-78.51860000000002
91,4,566.54,245,3.888888888888889,24,8.992698412698411,39.95,8.370995086019269,58,15.5,4,457,0.0,False,False,False,False,False,False,False,False,False,False,False,False,False,False,False,False,False,False,False,False,False,False,False,False,False,False,False,False,False,False,False,False,False,False,False,False,False,True,False,False,False,True,False,178.04,109.71100000000003,68.32899999999997
603,1,374.45,275,4.435483870967742,12,6.039516129032258,39.0,6.678295018355704,61,61.0,1,0,0.0,False,False,False,False,False,False,False,False,False,False,False,False,False,False,False,False,False,False,False,False,False,False,False,False,False,False,False,False,False,False,False,False,False,False,False,False,False,True,False,False,False,False,True,0.0,0.0,0.0
158,7,1215.97,736,9.316455696202532,72,15.392025316455696,70.8,12.468627335852837,55,11.285714285714286,6,544,0.31645569620253167,False,False,False,False,False,False,False,False,False,False,False,False,False,False,False,False,False,False,False,False,False,False,False,False,False,False,False,False,False,False,False,False,False,False,False,False,False,True,False,False,False,True,False,0.0,61.02954999999998,-61.02954999999998
435,1,161.35,50,1.6666666666666667,4,5.378333333333333,21.9,4.493706007090464,30,30.0,1,0,0.0,False,False,False,False,False,False,False,False,False,False,False,False,False,False,False,False,False,False,False,False,False,False,False,False,False,False,False,False,False,False,False,False,False,False,False,False,False,True,False,False,False,False,True,0.0,0.0,0.0
108,8,655.54,232,3.515151515151515,28,9.932424242424242,119.0,19.500982859696393,60,8.125,5,596,0.030303030303030304,False,False,False,False,False,False,False,False,False,False,False,False,False,False,False,False,False,False,False,False,False,False,False,False,False,False,False,False,False,False,False,False,False,False,False,False,False,True,False,False,False,True,False,0.0,64.39569999999999,-64.39569999999999
210,17,2562.12,1665,7.780373831775701,48,11.972523364485982,50.4,9.723125484616169,140,12.588235294117647,6,366,0.0,False,False,False,False,False,False,False,False,False,False,False,False,False,False,False,False,False,False,False,False,False,False,False,False,False,False,False,False,False,False,False,False,False,False,False,False,False,True,False,False,False,True,False,0.0,131.47025000000002,-131.47025000000002
337,3,816.93,654,12.576923076923077,48,15.710192307692306,35.4,5.307652813972025,46,17.333333333333332,3,221,0.0,False,False,False,False,False,False,False,False,False,False,False,False,False,False,False,False,False,False,False,False,False,False,False,False,False,False,False,False,False,False,False,False,False,False,False,False,False,True,False,False,False,True,False,0.0,15.020700000000003,-15.020700000000003
699,1,-5.0,-2,-1.0,-1,-2.5,-1.25,1.7677669529663689,2,2.0,1,0,0.0,False,False,False,False,False,False,False,False,False,False,False,False,False,False,False,False,False,False,False,False,False,False,False,False,False,False,False,False,False,False,False,False,False,False,False,False,False,False,False,False,False,False,False,0.0,0.0,0.0
372,4,828.21,494,4.45045045045045,20,7.461351351351352,42.0,7.36996909904543,90,27.75,3,176,0.0,False,False,False,False,False,False,False,False,False,False,False,False,False,False,False,False,False,False,False,False,False,False,False,False,False,False,False,False,False,False,False,False,False,False,False,False,False,True,False,False,False,False,True,0.0,0.0,0.0
28,4,740.64,1084,16.17910447761194,288,11.054328358208956,64.35,15.979680205382861,64,16.5,3,265,0.08955223880597014,False,False,False,False,False,False,False,False,False,False,False,False,False,False,False,False,False,False,False,False,False,False,False,False,False,False,False,False,False,False,False,False,False,False,False,False,False,True,False,False,False,True,False,0.0,128.1432,-128.1432
400,1,53.65,74,18.5,25,13.4125,23.4,7.869601324082433,4,4.0,1,0,0.0,False,False,False,False,False,False,False,False,False,False,False,False,False,False,False,False,False,False,False,False,False,False,False,False,False,False,False,False,False,False,False,False,False,False,False,False,False,True,False,False,False,False,True,0.0,0.0,0.0
54,3,744.02,484,26.88888888888889,96,41.33444444444444,163.2,47.95609894626324,13,6.0,2,355,0.3888888888888889,False,False,False,False,False,False,False,False,False,False,False,False,False,False,False,False,False,False,False,False,False,False,False,False,False,False,False,False,False,False,False,False,False,False,False,False,False,True,False,False,False,True,False,0.0,25.188050000000004,-25.188050000000004
122,1,232.6,924,57.75,216,14.5375,19.0,4.252057541159731,16,16.0,1,0,0.0,False,False,False,False,False,False,False,False,False,False,False,False,False,False,False,False,False,False,False,False,False,False,False,False,False,False,False,False,False,False,False,False,False,False,False,False,False,True,False,False,False,False,True,0.0,0.0,0.0
70,8,6499.42,3182,12.238461538461538,48,24.99776923076923,123.75,16.991655765722943,149,32.5,6,530,0.0,False,False,False,False,False,False,False,False,False,False,False,False,False,False,False,False,False,False,False,False,False,False,False,False,False,False,False,False,False,False,False,False,False,False,False,False,False,True,False,False,False,True,False,1324.3,122.6952,1201.6048
23,3,403.38,227,4.450980392156863,50,7.909411764705882,42.5,7.508761392337541,48,17.0,3,512,0.3137254901960784,False,False,False,False,False,False,False,False,False,False,False,False,False,False,False,False,False,False,False,False,False,False,False,False,False,False,False,False,False,False,False,False,False,False,False,False,False,True,False,False,False,True,False,0.0,46.243100000000005,-46.243100000000005
168,7,808.5,708,12.206896551724139,36,13.939655172413794,39.6,9.743126765943954,45,8.285714285714286,4,279,0.0,False,False,False,False,False,False,False,False,False,False,False,False,False,False,False,False,False,False,False,False,False,False,False,False,False,False,False,False,False,False,False,False,False,False,False,False,False,True,False,False,False,True,False,0.0,64.32924999999999,-64.32924999999999
26,13,3944.4,1417,9.083333333333334,48,25.284615384615385,183.6,35.38568909537219,125,12.0,6,675,0.0,False,False,False,False,False,False,False,False,False,False,False,False,False,False,False,False,False,False,False,False,False,False,False,False,False,False,False,False,False,False,False,False,False,False,False,False,False,True,False,False,False,True,False,264.53000000000003,242.58695000000003,21.94305
216,5,1002.49,441,8.48076923076923,30,19.278653846153848,65.4,13.865965106995484,44,10.4,3,346,0.0,False,False,False,False,False,False,False,False,False,False,False,False,False,False,False,False,False,False,False,False,False,False,False,False,False,False,False,False,False,False,False,False,False,False,False,False,False,True,False,False,False,True,False,0.0,24.3866,-24.3866
21,28,6103.38,2952,2.919881305637982,48,6.036973293768546,47.7,4.6707304258720885,437,34.785714285714285,10,687,0.0,False,False,False,False,False,False,False,False,False,False,False,False,False,False,False,False,False,False,False,False,False,False,False,False,False,False,False,False,False,False,False,False,False,False,False,False,False,True,False,False,False,True,False,1228.29,508.77685000000014,719.5131499999998
216,12,1692.91,918,3.1655172413793102,15,5.837620689655172,38.35,5.974258813253452,122,23.083333333333332,4,165,0.6517241379310345,False,False,False,False,False,False,False,False,False,False,False,False,False,False,False,False,False,False,False,False,False,False,False,False,False,False,False,False,False,False,False,False,False,False,False,False,False,True,False,False,False,True,False,0.0,290.80435000000006,-290.80435000000006
524,4,830.01,203,1.1871345029239766,12,4.853859649122807,39.9,5.367278559300509,142,42.5,3,174,0.4678362573099415,False,False,False,False,False,False,False,False,False,False,False,False,False,False,False,False,False,False,False,False,False,False,False,False,False,False,False,False,False,False,False,False,False,False,False,False,False,True,False,False,False,False,True,0.0,0.0,0.0
43,10,5879.95,3302,14.54625550660793,288,25.902863436123347,350.4,32.364456484457826,199,22.7,8,648,0.0,False,False,False,False,False,False,True,False,False,False,False,False,False,False,False,False,False,False,False,False,False,False,False,False,False,False,False,False,False,False,False,False,False,False,False,False,False,False,False,False,False,True,False,0.0,101.49674999999999,-101.49674999999999
64,4,243.35999999999999,152,13.818181818181818,48,22.12363636363636,82.8,35.1866677230815,10,2.75,4,415,0.09090909090909091,False,False,False,False,False,False,False,False,False,False,False,False,False,False,False,False,False,False,False,False,False,False,False,False,False,False,False,False,False,False,False,False,False,False,False,False,False,True,False,False,False,True,False,0.0,35.22254999999999,-35.22254999999999
44,6,1153.56,543,5.221153846153846,60,11.091923076923077,75.0,12.498638223059288,87,17.166666666666668,4,573,0.0,False,False,False,False,False,False,False,False,False,False,False,False,False,False,False,False,False,False,False,False,False,False,False,False,False,False,False,False,False,False,False,False,False,False,False,False,False,True,False,False,False,True,False,0.0,41.152300000000004,-41.152300000000004
170,24,5447.19,2968,10.487632508833922,48,19.248021201413426,122.4,14.978148373366595,192,11.75,10,530,0.2332155477031802,False,False,False,False,False,False,False,False,False,False,False,False,False,False,False,False,False,False,False,False,False,False,False,False,False,False,False,False,False,False,False,False,False,False,False,False,False,True,False,False,False,True,False,895.55,276.42894999999993,619.12105
652,1,-36.75,-1,-1.0,-1,-36.75,-36.75,0.0,1,1.0,1,0,0.0,False,False,False,False,False,False,False,False,False,False,False,False,False,False,False,False,False,False,False,False,False,False,False,False,False,False,False,False,False,False,False,False,False,False,False,False,False,False,False,False,False,False,False,0.0,0.0,0.0
561,1,1049.66,455,7.222222222222222,24,16.661269841269842,71.4,15.421709194850207,63,63.0,1,0,0.0,False,False,False,False,False,False,False,False,False,False,False,False,False,False,False,False,False,False,False,False,False,False,False,False,False,False,False,False,False,False,False,False,False,False,False,False,False,True,False,False,False,False,True,0.0,0.0,0.0
67,10,2758.96,1698,8.797927461139896,144,14.295129533678757,76.32,12.835191211924945,133,19.1,7,349,0.9948186528497409,False,False,False,False,False,False,False,False,False,False,False,False,False,False,False,False,False,False,False,False,False,False,False,False,False,False,False,False,False,False,False,False,False,False,False,False,False,True,False,False,False,True,False,720.52,339.33155,381.18845
91,5,3532.8,2983,8.931137724550899,192,10.577245508982037,151.2,13.035850067586289,276,65.6,3,607,0.0,False,False,False,False,False,False,False,False,False,False,False,False,False,False,False,False,False,False,False,False,False,False,False,False,False,False,False,False,False,False,False,False,False,False,False,False,False,True,False,False,False,True,False,160.7,330.83904999999993,-170.13904999999994
553,3,217.9,58,8.285714285714286,24,31.12857142857143,61.2,22.674707957377993,6,2.3333333333333335,3,91,0.0,False,False,False,False,False,False,False,False,False,False,False,False,False,False,False,False,False,False,False,False,False,False,False,False,False,False,False,False,False,False,False,False,False,False,False,False,False,True,False,False,False,False,True,0.0,0.0,0.0
136,4,1012.72,771,12.639344262295081,120,16.601967213114754,127.2,23.530519601832857,41,14.25,4,227,0.0,False,False,False,False,False,False,False,False,False,False,False,False,False,False,False,False,False,False,False,False,False,False,False,False,False,False,False,False,False,False,False,False,False,False,False,False,False,True,False,False,False,True,False,0.0,99.16329999999999,-99.16329999999999
62,2,547.9,421,4.295918367346939,25,5.590816326530612,39.95,5.787333783049991,91,48.0,2,154,0.0,False,False,False,False,False,False,False,False,False,False,False,False,False,False,False,False,False,False,False,False,False,False,False,False,False,False,False,False,False,False,False,False,False,False,False,False,False,True,False,False,False,True,False,0.0,200.04759999999996,-200.04759999999996
17,1,941.67,587,7.072289156626506,48,11.345421686746988,34.75,7.069974005748748,81,81.0,1,0,1.0,False,False,False,False,False,False,False,False,False,False,False,False,False,False,False,False,False,False,False,False,False,False,False,False,False,False,False,False,False,False,False,False,False,False,False,False,False,True,False,False,False,True,False,1560.17,754.8146000000005,805.3553999999996
66,9,4516.76,2519,17.865248226950353,480,32.03375886524823,888.0,77.00543665908093,111,15.666666666666666,5,584,0.0,False,False,False,False,False,False,False,False,False,False,False,False,False,False,False,False,False,False,False,False,False,False,False,False,False,False,False,False,False,False,False,False,False,False,False,False,False,True,False,False,False,True,False,0.0,123.00675000000001,-123.00675000000001
10,5,1322.8799999999999,774,26.689655172413794,96,45.61655172413793,177.6,44.331607256791884,24,5.8,2,364,0.27586206896551724,False,False,False,False,False,False,False,False,False,False,False,False,False,False,False,False,False,False,False,False,False,False,False,False,False,False,False,False,False,False,False,False,False,False,False,False,False,True,False,False,False,True,False,0.0,87.96185000000001,-87.96185000000001
381,1,239.12,260,15.294117647058824,72,14.065882352941177,61.2,12.592623862217682,17,17.0,1,0,0.0,False,False,False,False,False,False,False,False,False,False,False,False,False,False,False,False,False,False,False,False,False,False,False,False,False,False,False,False,False,False,False,False,False,False,False,False,False,True,False,False,False,False,True,0.0,0.0,0.0
37,3,705.12,424,10.871794871794872,25,18.080000000000002,119.4,18.97854300879923,39,13.0,3,250,0.0,False,False,False,False,False,False,False,False,False,False,False,False,False,False,False,False,False,False,False,False,False,False,False,False,False,False,False,False,False,False,False,False,False,False,False,False,False,True,False,False,False,True,False,0.0,69.09454999999998,-69.09454999999998
16,17,5875.52,3392,13.788617886178862,80,23.884227642276425,68.0,12.950298334480529,102,14.470588235294118,11,578,0.21138211382113822,False,False,False,False,False,False,False,False,False,False,False,False,False,False,False,False,False,False,False,False,False,False,False,False,False,False,False,False,False,False,False,False,False,False,False,False,False,True,False,False,False,True,False,765.28,487.71109999999993,277.56890000000004
15,36,5610.63,4828,14.284023668639053,200,16.59949704142012,148.5,25.709339088422563,100,9.194444444444445,10,509,0.39349112426035504,False,False,False,False,False,False,False,False,False,False,False,False,False,False,False,False,False,False,False,False,False,False,False,False,False,False,False,False,False,False,False,False,False,False,False,False,False,True,False,False,False,True,False,1018.36,505.7528999999995,512.6071000000005
34,3,769.23,632,23.40740740740741,72,28.490000000000002,70.8,22.425402663394575,25,9.0,3,221,0.0,False,False,False,False,False,False,False,True,False,False,False,False,False,False,False,False,False,False,False,False,False,False,False,False,False,False,False,False,False,False,False,False,False,False,False,False,False,False,False,False,False,True,False,-61.51,21.72825,-83.23825
451,1,188.4,116,9.666666666666666,24,15.700000000000001,30.0,5.326776272244354,12,12.0,1,0,0.0,False,False,False,False,False,False,False,False,False,False,False,False,False,False,False,False,False,False,False,False,False,False,False,False,False,False,False,False,False,False,False,False,False,False,False,False,False,True,False,False,False,False,True,0.0,0.0,0.0
186,11,1803.4,1125,4.9126637554585155,48,7.875109170305677,81.6,8.301159959705993,131,20.545454545454547,8,433,0.777292576419214,False,False,False,False,False,False,False,False,False,False,False,False,False,False,False,False,False,False,False,False,False,False,False,False,False,False,False,False,False,False,False,False,False,False,False,False,False,True,False,False,False,True,False,0.0,157.11339999999996,-157.11339999999996
476,8,2904.5099999999998,1039,7.068027210884353,48,19.758571428571425,138.0,17.47447210482954,116,18.375,4,230,0.0,False,False,False,False,False,False,False,False,False,False,False,False,False,False,False,False,False,False,False,False,False,False,False,False,False,False,False,False,False,False,False,False,False,False,False,False,False,True,False,False,False,True,False,0.0,646.7765999999995,-646.7765999999995
48,4,409.9,250,9.25925925925926,32,15.18148148148148,27.04,7.39613813143449,20,6.75,3,93,0.0,False,False,False,False,False,False,False,False,False,False,False,False,False,False,False,False,False,False,False,False,False,False,False,False,False,False,False,False,False,False,False,False,False,False,False,False,False,True,False,False,False,True,False,0.0,48.650450000000006,-48.650450000000006
100,3,497.52,175,2.2151898734177213,8,6.297721518987341,19.9,4.321785584616941,68,26.0,3,463,0.26582278481012656,False,False,False,False,False,False,False,False,False,False,False,False,False,False,False,False,False,False,False,False,False,False,False,False,False,False,False,False,False,False,False,False,False,False,False,False,False,True,False,False,False,True,False,151.08,82.54530000000008,68.53469999999993
45,14,2916.49,1689,10.236363636363636,32,17.67569696969697,81.6,9.732644730195286,118,11.785714285714286,8,648,0.2545454545454545,False,False,False,False,False,False,False,False,False,False,False,False,False,False,False,False,False,False,False,False,False,False,False,False,False,False,False,False,False,False,False,False,False,False,False,False,False,True,False,False,False,True,False,0.0,276.67465000000016,-276.67465000000016
58,3,356.85,117,16.714285714285715,60,50.978571428571435,102.0,32.148378097280656,6,2.0,3,101,0.0,False,False,False,False,False,False,False,False,False,False,False,False,False,False,False,False,False,False,False,False,False,False,False,False,False,False,False,False,False,False,False,False,False,False,False,False,False,True,False,False,False,True,False,0.0,121.08615,-121.08615
651,2,1773.83,1059,9.129310344827585,25,15.291637931034483,162.0,15.538021414188039,110,58.0,1,5,0.0,False,False,False,False,False,False,False,False,False,False,False,False,False,True,False,False,False,False,False,False,False,False,False,False,False,False,False,False,False,False,False,False,False,False,False,False,False,False,False,False,False,True,False,125.22,890.6980000000008,-765.4780000000007
281,4,913.6,394,2.7552447552447554,36,6.388811188811189,34.0,5.421664742196381,117,35.75,4,425,0.1888111888111888,False,False,False,False,False,False,False,False,False,False,False,False,False,False,False,False,False,False,False,False,False,False,False,False,False,False,False,False,False,False,False,False,False,False,False,False,False,True,False,False,False,True,False,0.0,95.54764999999998,-95.54764999999998
136,3,416.79,206,8.956521739130435,36,18.121304347826086,36.0,9.502547650904335,20,7.666666666666667,2,31,0.0,False,False,False,False,False,False,False,False,False,False,False,False,True,False,False,False,False,False,False,False,False,False,False,False,False,False,False,False,False,False,False,False,False,False,False,False,False,False,False,False,False,False,True,0.0,0.0,0.0
344,2,297.95,153,8.5,12,16.552777777777777,20.4,1.9839408362726103,18,9.0,2,299,0.0,False,False,False,False,False,False,False,False,False,False,False,False,False,False,False,False,False,False,False,False,False,False,False,False,False,False,False,False,False,False,False,False,False,False,False,False,False,True,False,False,False,True,False,0.0,50.253849999999986,-50.253849999999986
248,3,472.45,192,6.0,12,14.7640625,25.5,7.308779898784131,28,10.666666666666666,2,116,0.0,False,False,False,False,False,False,False,False,False,False,False,False,False,False,False,False,False,False,False,False,False,False,False,False,False,False,False,False,False,False,False,False,False,False,False,False,False,True,False,False,False,True,False,0.0,88.78430000000004,-88.78430000000004
399,4,542.49,151,5.033333333333333,24,18.083000000000002,31.8,4.477287625645534,26,7.5,2,31,0.16666666666666666,False,False,False,False,False,False,False,False,False,False,False,False,False,False,False,False,False,False,False,False,False,False,False,False,False,False,False,False,False,False,False,False,False,False,False,False,False,True,False,False,False,False,True,0.0,-0.014750000000000001,0.014750000000000001
14,4,954.09,439,8.78,24,19.0818,50.85,8.433362969752448,47,12.5,4,286,0.0,False,False,False,False,False,False,False,False,False,False,False,False,False,False,False,False,False,False,False,False,False,False,False,False,False,False,False,False,False,False,False,False,False,False,False,False,False,True,False,False,False,True,False,0.0,95.3132,-95.3132
364,1,381.09000000000003,142,3.1555555555555554,12,8.468666666666667,25.2,5.399164329277768,44,44.0,1,0,0.0,False,False,False,False,False,False,False,False,False,False,False,False,False,False,False,False,False,False,False,False,False,False,False,False,False,False,False,False,False,False,False,False,False,False,False,False,False,True,False,False,False,False,True,0.0,0.0,0.0
168,2,408.95,104,3.25,12,12.7796875,35.7,6.774744125331206,27,16.0,1,367,0.75,False,False,False,False,False,False,False,False,False,False,False,False,False,False,False,False,False,False,False,False,False,False,False,False,False,False,False,False,False,False,False,False,False,False,False,False,False,True,False,False,False,True,False,0.0,23.876799999999992,-23.876799999999992
563,1,360.85,539,21.56,50,14.434000000000001,21.0,4.262911759193083,25,25.0,1,0,1.0,False,False,False,False,False,False,False,False,False,False,False,False,False,False,False,False,False,False,False,False,False,False,False,False,False,False,False,False,False,False,False,False,False,False,False,False,False,True,False,False,False,False,True,0.0,0.0,0.0
1,4,1169.82,609,9.515625,32,18.2784375,54.08,8.314963795270948,55,16.0,4,90,0.0,False,False,False,False,False,False,False,False,False,False,False,False,False,False,False,False,False,False,False,False,False,False,False,False,False,False,False,False,False,False,False,False,False,False,False,False,False,True,False,False,False,True,False,212.92,178.5732499999999,34.3467500000001
427,3,768.15,308,8.8,16,21.947142857142858,80.0,22.831355448081453,21,11.666666666666666,2,260,0.0,True,False,False,False,False,False,False,False,False,False,False,False,False,False,False,False,False,False,False,False,False,False,False,False,False,False,False,False,False,False,False,False,False,False,False,False,False,False,False,False,False,True,False,0.0,51.02695000000001,-51.02695000000001
349,1,198.47,111,4.111111111111111,12,7.350740740740741,20.4,4.789522158537583,27,27.0,1,0,0.0,False,False,False,False,False,False,False,False,False,False,False,False,False,False,False,False,False,False,False,False,False,False,False,False,False,False,False,False,False,False,False,False,False,False,False,False,False,True,False,False,False,False,True,0.0,0.0,0.0
3,4,488.06,528,3.3207547169811322,25,3.069559748427673,15.0,2.5179726991793614,134,37.25,3,573,0.6792452830188679,False,False,False,False,False,False,False,False,False,False,False,False,False,False,False,False,False,False,False,False,False,False,False,False,False,False,False,False,False,False,False,False,False,False,False,False,False,True,False,False,False,True,False,0.0,58.73360000000002,-58.73360000000002
22,7,2775.55,893,18.224489795918366,100,56.64387755102041,408.0,84.25653450960363,24,6.857142857142857,6,537,0.0,False,False,False,False,False,False,False,False,False,False,False,False,False,False,False,False,False,False,False,False,False,False,False,False,False,False,False,False,False,False,False,False,False,False,False,False,False,True,False,False,False,True,False,0.0,58.57365000000001,-58.57365000000001
67,13,2891.48,1581,3.942643391521197,60,7.210673316708229,38.25,16.924728174937147,286,30.076923076923077,7,572,0.2967581047381546,False,False,False,False,False,False,False,False,False,False,False,False,False,False,False,False,False,False,False,False,False,False,False,False,False,False,False,False,False,False,False,False,False,False,False,False,False,True,False,False,False,True,False,0.0,267.52565000000016,-267.52565000000016
52,6,6195.05,3197,6.730526315789474,32,13.04221052631579,81.6,9.373021949292252,307,78.16666666666667,3,570,0.10947368421052632,False,False,False,False,False,False,False,False,False,False,False,False,False,False,False,False,False,False,False,False,False,False,False,False,False,False,False,False,False,False,False,False,False,False,False,False,False,True,False,False,False,True,False,0.0,257.8312000000001,-257.8312000000001
20,2,457.72,199,7.107142857142857,24,16.34714285714286,25.5,4.678321048270184,28,14.0,2,238,0.0,False,False,False,False,False,False,False,False,False,False,False,False,False,False,False,False,False,False,False,False,False,False,False,False,False,False,False,False,False,False,False,False,False,False,False,False,False,True,False,False,False,True,False,0.0,93.2054,-93.2054
27,10,4101.16,2400,12.182741116751268,96,20.818071065989848,139.2,26.771582392739703,125,19.7,7,384,0.0,False,False,False,False,False,False,False,False,False,False,False,False,False,False,False,False,False,False,False,False,False,False,False,False,False,False,False,False,False,False,False,False,False,False,False,False,False,True,False,False,False,True,False,418.0,256.49745,161.50254999999999
237,88,53274.33,25799,23.496357012750455,200,48.5194262295082,734.4,65.49958180148963,204,12.477272727272727,12,468,0.13296903460837886,False,False,False,False,False,False,False,False,False,False,False,False,False,False,False,False,False,False,False,False,False,False,False,False,False,False,False,False,False,False,False,False,False,False,False,False,False,True,False,False,False,True,False,0.0,2849.8025499999967,-2849.8025499999967
108,2,463.25,189,11.8125,25,28.953125,175.2,44.91875610013408,15,8.0,2,412,0.0,False,False,False,False,False,False,False,False,False,False,False,False,False,False,False,False,False,False,False,False,False,False,False,False,False,False,False,False,False,False,False,False,False,False,False,False,False,True,False,False,False,True,False,0.0,8.85115,-8.85115
228,4,1609.57,1586,52.86666666666667,120,53.65233333333333,102.0,30.607411507597345,27,7.5,3,340,0.03333333333333333,False,False,False,False,False,False,False,False,False,False,False,False,False,False,False,False,False,False,False,False,False,False,False,False,False,False,False,False,False,False,False,False,False,False,False,False,False,True,False,False,False,True,False,0.0,78.63365,-78.63365
346,2,368.31,169,1.9651162790697674,25,4.2826744186046515,19.9,3.6748706017774935,81,41.5,2,361,0.0,False,False,False,False,False,False,False,False,False,False,False,False,False,False,False,False,False,False,False,False,False,False,False,False,False,False,False,False,False,False,False,False,False,False,False,False,False,True,False,False,False,True,False,0.0,35.79460000000002,-35.79460000000002
278,1,550.8,72,72.0,72,550.8,550.8,0.0,1,1.0,1,0,0.0,False,False,False,False,False,False,False,False,False,False,False,False,False,False,False,False,False,False,False,False,False,False,False,False,False,False,False,False,False,False,False,False,False,False,False,False,False,True,False,False,False,False,True,0.0,0.0,0.0
4,12,2953.46,1599,4.441666666666666,72,8.204055555555556,183.6,15.801771953712267,230,29.0,7,559,0.16944444444444445,False,False,False,False,False,False,False,False,False,False,False,False,False,False,False,False,False,False,False,False,False,False,False,False,False,False,False,False,False,False,False,False,False,False,False,False,False,True,False,False,False,True,False,0.0,356.39645000000036,-356.39645000000036
353,1,342.55,430,10.238095238095237,100,8.155952380952382,34.8,6.962053614721914,40,40.0,1,0,1.0,False,False,False,False,False,False,False,False,False,False,False,False,False,False,False,False,False,False,False,False,False,False,False,False,False,False,False,False,False,False,False,False,False,False,False,False,False,True,False,False,False,False,True,0.0,0.0,0.0
592,1,137.99,45,1.3235294117647058,6,4.058529411764706,16.95,3.324858741454122,34,34.0,1,0,1.0,False,False,False,False,False,False,False,False,False,False,False,False,False,False,False,False,False,False,False,False,False,False,False,False,False,False,False,False,False,False,False,False,False,False,False,False,False,True,False,False,False,False,True,0.0,0.0,0.0
472,1,54.7,26,8.666666666666666,12,18.233333333333334,19.9,2.80059517483933,3,3.0,1,0,0.0,False,False,False,False,False,False,False,False,False,False,False,False,False,False,False,False,False,False,False,False,False,False,False,False,False,False,False,False,False,False,False,False,False,False,False,False,False,True,False,False,False,False,True,0.0,0.0,0.0
364,2,31.2,16,4.0,18,7.8,53.1,34.993427954403096,4,2.0,2,337,0.0,False,False,False,False,False,False,False,False,False,False,False,False,False,False,False,False,False,False,False,False,False,False,False,False,False,False,False,False,False,False,False,False,False,False,False,False,False,True,False,False,False,False,True,0.0,0.0,0.0
575,1,454.36,258,11.217391304347826,48,19.754782608695653,56.0,9.623899167066622,23,23.0,1,0,0.0,False,False,False,False,False,False,False,False,False,False,False,False,False,False,False,False,False,False,False,False,False,False,False,False,False,False,False,False,False,False,False,True,False,False,False,False,False,False,False,False,False,False,True,0.0,0.0,0.0
13,27,7702.15,5195,10.959915611814345,36,16.249261603375526,93.0,10.866591920239635,145,17.51851851851852,12,689,0.03375527426160337,False,False,False,False,False,False,False,False,False,False,False,False,False,False,False,False,False,False,False,False,False,False,False,False,False,False,False,False,False,False,False,False,False,False,False,False,False,True,False,False,False,True,False,1823.07,635.5283999999996,1187.5416000000005
105,6,1328.9099999999999,1369,15.382022471910112,128,14.931573033707863,90.0,11.16565379949484,65,14.833333333333334,5,486,0.3146067415730337,False,False,False,False,False,False,False,False,False,False,False,False,False,False,False,False,False,False,False,False,False,False,False,False,False,False,False,False,False,False,False,False,False,False,False,False,False,True,False,False,False,True,False,241.79999999999998,99.92530000000001,141.87469999999996
150,17,2113.42,677,2.142405063291139,48,6.688037974683544,44.85,7.156928707147241,183,18.352941176470587,6,520,0.23734177215189872,False,False,False,False,False,False,False,False,False,False,False,False,False,False,False,False,False,False,False,False,False,False,False,False,False,False,False,False,False,False,False,False,False,False,False,False,False,True,False,False,False,True,False,0.0,130.68145,-130.68145
114,54,15036.14,8774,7.036086607858861,72,12.05785084202085,550.64,29.188299158001026,491,22.574074074074073,12,593,0.23336006415396954,False,False,False,False,False,False,False,False,False,False,False,False,False,False,False,False,False,False,False,False,False,False,False,False,False,False,False,False,False,False,False,False,False,False,False,False,False,True,False,False,False,True,False,0.0,1573.0676999999998,-1573.0676999999998
44,2,245.94,194,12.125,24,15.37125,25.2,5.219169633827461,16,8.0,2,199,0.0,False,False,False,False,False,False,False,False,False,False,False,False,False,False,False,False,False,False,False,False,False,False,False,False,False,False,False,False,False,False,False,False,False,False,False,False,False,True,False,False,False,True,False,0.0,84.45634999999997,-84.45634999999997
393,1,322.93,171,10.6875,24,20.183125,35.4,6.938800778953089,16,16.0,1,0,0.0,False,False,False,False,False,False,False,False,False,False,False,False,False,False,False,False,False,False,False,False,False,False,False,False,False,False,False,False,False,False,False,False,False,False,False,False,False,True,False,False,False,False,True,0.0,0.0,0.0
34,10,5726.07,3139,14.465437788018432,144,26.38741935483871,102.0,19.76541097693686,182,21.7,5,588,0.0,False,False,False,False,False,False,False,False,False,False,False,False,False,False,False,False,False,False,False,False,False,False,False,False,False,False,False,False,False,False,False,False,False,False,False,False,False,True,False,False,False,True,False,0.0,37.249649999999995,-37.249649999999995
20,1,107.46000000000001,197,17.90909090909091,25,9.76909090909091,15.0,3.419770327216302,11,11.0,1,0,0.0,False,False,False,False,False,False,False,False,False,False,False,False,False,False,False,False,False,False,False,False,False,False,False,False,False,False,False,False,False,False,False,False,False,False,False,False,False,True,False,False,False,False,True,75.98,53.431550000000016,22.54844999999999
20,1,230.5,281,8.028571428571428,100,6.585714285714285,35.4,6.933973602197111,34,34.0,1,0,0.0,False,False,False,False,False,False,False,False,False,False,False,False,False,False,False,False,False,False,False,False,False,False,False,False,False,False,False,False,False,False,False,False,False,False,False,False,False,True,False,False,False,False,True,0.0,32.094350000000006,-32.094350000000006
189,4,923.58,1090,34.0625,144,28.861875,131.4,31.647378675273078,31,8.0,4,479,0.40625,False,False,False,False,False,False,False,False,False,False,False,False,False,False,False,False,False,False,False,False,False,False,False,False,False,False,False,False,False,False,False,False,False,False,False,False,False,True,False,False,False,True,False,0.0,122.44605000000006,-122.44605000000006
14,1,701.79,284,8.114285714285714,24,20.051142857142857,120.0,17.852684552029864,35,35.0,1,0,0.0,False,False,False,False,False,False,False,False,False,False,False,True,False,False,False,False,False,False,False,False,False,False,False,False,False,False,False,False,False,False,False,False,False,False,False,False,False,False,False,False,False,False,True,569.09,39.8385,529.2515000000001
4,13,12398.06,6273,11.880681818181818,72,23.481174242424242,262.8,19.94632449494462,267,40.61538461538461,7,549,0.20643939393939395,False,False,False,False,False,True,False,False,False,False,False,False,False,False,False,False,False,False,False,False,False,False,False,False,False,False,False,False,False,False,False,False,False,False,False,False,False,False,False,False,False,True,False,-19.599999999999998,701.8851999999997,-721.4851999999997
560,1,339.75,111,6.9375,12,21.234375,54.0,11.796195979354248,16,16.0,1,0,0.0,False,False,False,False,False,False,False,False,False,False,False,False,False,True,False,False,False,False,False,False,False,False,False,False,False,False,False,False,False,False,False,False,False,False,False,False,False,False,False,False,False,False,True,0.0,0.0,0.0
167,10,2165.54,908,2.6863905325443787,48,6.406923076923077,59.8,12.273379772441483,250,31.8,5,472,0.7130177514792899,False,False,False,False,False,False,False,False,False,False,False,False,False,False,False,False,False,False,False,False,False,False,False,False,False,False,False,False,False,False,False,False,False,False,False,False,False,True,False,False,False,True,False,0.0,148.47840000000005,-148.47840000000005
15,1,178.34,138,3.2093023255813953,25,4.147441860465117,10.5,3.2109752954094475,43,43.0,1,0,0.0,False,False,False,False,False,False,False,False,False,False,False,False,False,False,False,False,False,False,False,False,False,False,False,False,False,False,False,False,False,False,False,False,False,False,False,False,False,True,False,False,False,False,True,0.0,28.697300000000006,-28.697300000000006
40,2,430.3,156,6.5,24,17.929166666666667,39.8,8.829002561551563,24,12.0,2,662,0.0,False,False,False,False,False,False,False,False,False,False,False,False,False,False,False,False,False,False,False,False,False,False,False,False,False,False,False,False,False,False,False,False,False,False,False,False,False,True,False,False,False,False,True,0.0,40.9125,-40.9125
346,1,355.5,122,5.545454545454546,12,16.15909090909091,29.85,5.782231328319469,22,22.0,1,0,0.0,False,False,False,False,False,False,False,False,False,False,False,False,False,False,False,False,False,False,False,False,False,False,False,False,False,False,False,False,False,False,False,False,False,False,False,False,False,True,False,False,False,False,True,0.0,0.0,0.0
114,7,1415.05,872,2.3253333333333335,36,3.7734666666666667,25.5,3.562038822136835,292,50.57142857142857,5,476,0.25333333333333335,False,False,False,False,False,False,False,False,False,False,False,False,False,False,False,False,False,False,False,False,False,False,False,False,False,False,False,False,False,False,False,False,False,False,False,False,False,True,False,False,False,True,False,245.24,149.83600000000007,95.40399999999994
13,9,3180.22,1342,6.514563106796117,24,15.437961165048543,53.1,10.00480215030648,157,22.88888888888889,5,568,0.32038834951456313,False,False,False,False,False,False,False,False,False,False,False,False,False,False,False,False,False,False,False,False,False,False,False,False,False,False,False,False,False,False,False,False,False,False,False,False,False,True,False,False,False,True,False,452.14,120.21434999999998,331.92565
14,3,940.8,208,8.0,16,36.184615384615384,79.2,18.531717509344723,16,8.666666666666666,3,692,0.0,False,False,False,False,False,False,False,False,False,False,False,False,False,False,False,False,False,False,False,False,False,False,False,False,False,False,False,False,False,False,False,False,False,False,False,False,False,True,False,False,False,True,False,0.0,40.211350000000024,-40.211350000000024
522,1,179.6,80,2.6666666666666665,6,5.986666666666666,25.5,5.3121840000676475,30,30.0,1,0,1.0,False,False,False,False,False,False,False,False,False,False,False,False,False,False,False,False,False,False,False,False,False,False,False,False,False,False,False,False,False,False,False,False,False,False,False,False,False,True,False,False,False,False,True,0.0,0.0,0.0
3,17,4479.85,1934,4.080168776371308,48,9.451160337552743,59.4,12.333788828001312,269,27.41176470588235,8,664,0.630801687763713,False,False,False,False,False,False,False,False,False,False,False,False,False,False,False,False,False,False,False,False,False,False,False,False,False,False,False,False,False,False,False,False,False,False,False,False,False,True,False,False,False,True,False,0.0,264.00735,-264.00735
196,2,214.18,148,3.8947368421052633,12,5.636315789473684,19.9,4.834350299316415,38,19.0,2,183,0.0,False,False,False,False,False,False,False,False,False,False,False,False,False,False,False,False,False,False,False,False,False,False,False,False,False,False,False,False,False,False,False,False,False,False,False,False,False,True,False,False,False,True,False,0.0,50.724450000000004,-50.724450000000004
260,2,299.75,145,7.25,24,14.9875,34.8,9.423764403162664,17,10.0,1,4,0.0,False,False,False,False,False,False,False,False,False,False,False,False,False,False,False,False,False,False,False,False,False,False,False,False,False,False,False,False,False,False,False,False,False,False,False,False,False,True,False,False,False,False,True,0.0,0.0,0.0
485,2,225.81,58,1.4146341463414633,3,5.507560975609756,21.5,4.535963944129078,37,20.5,2,46,0.0,False,False,False,False,False,False,False,False,False,False,False,False,False,False,False,False,False,False,False,False,False,False,False,False,False,False,False,False,False,False,False,False,False,False,False,False,False,True,False,False,False,False,True,0.0,0.0,0.0
337,7,1230.15,459,6.6521739130434785,40,17.82826086956522,76.7,16.543970996792492,65,9.714285714285714,4,309,0.0,False,False,False,False,False,False,False,False,False,False,False,False,False,False,False,False,False,False,False,False,False,False,False,False,False,False,False,False,False,False,False,False,False,False,False,False,False,True,False,False,False,True,False,0.0,37.20015,-37.20015
364,1,419.7,6,6.0,6,419.7,419.7,0.0,1,1.0,1,0,0.0,False,False,False,False,False,False,False,False,False,False,False,False,False,False,False,False,False,False,False,False,False,False,False,False,False,False,False,False,False,False,False,False,False,False,False,False,False,True,False,False,False,False,True,0.0,0.0,0.0
11,15,6398.61,3568,2.9126530612244896,48,5.223355102040816,51.0,5.2431908777479075,589,77.8,7,461,0.6293877551020408,False,False,False,False,False,False,False,False,False,False,False,False,False,False,False,False,False,False,False,False,False,False,False,False,False,False,False,False,False,False,False,False,False,False,False,False,False,True,False,False,False,True,False,1143.0,481.81419999999986,661.1858000000002
100,6,1815.54,1001,8.138211382113822,36,14.760487804878048,70.8,11.946515292291236,106,20.5,4,564,0.056910569105691054,False,False,False,False,False,False,False,False,False,False,False,False,False,True,False,False,False,False,False,False,False,False,False,False,False,False,False,False,False,False,False,False,False,False,False,False,False,False,False,False,False,True,False,0.0,102.17380000000001,-102.17380000000001
29,14,2512.87,1171,8.674074074074074,96,18.61385185185185,53.1,9.396162680169857,105,9.642857142857142,7,326,0.0,False,False,False,False,False,False,False,False,False,False,False,False,False,False,False,False,False,False,False,False,False,False,False,False,False,False,False,False,False,False,False,False,False,False,False,False,False,True,False,False,False,True,False,1023.46,218.81604999999988,804.6439500000001
66,3,901.4399999999999,558,3.032608695652174,86,4.899130434782609,54.18,5.958555799677173,169,60.333333333333336,3,375,0.6684782608695652,False,False,False,False,False,False,False,False,False,False,False,False,False,False,False,False,False,False,False,False,False,False,False,False,False,False,False,False,False,False,False,False,False,False,False,False,False,True,False,False,False,True,False,0.0,82.35235,-82.35235
519,4,262.64,143,4.333333333333333,32,7.958787878787878,76.5,13.122717600971548,29,8.25,2,32,0.030303030303030304,False,False,False,False,False,False,False,False,False,False,False,False,False,False,False,False,False,False,False,False,False,False,False,False,False,False,False,False,False,False,False,False,False,False,False,False,False,True,False,False,False,False,True,0.0,-0.014750000000000001,0.014750000000000001
329,1,80.64,192,192.0,192,80.64,80.64,0.0,1,1.0,1,0,0.0,False,False,False,False,False,False,False,False,False,False,False,False,False,False,False,False,False,False,False,False,False,False,False,False,False,False,False,False,False,False,False,False,False,False,False,False,False,True,False,False,False,False,True,0.0,-0.014750000000000001,0.014750000000000001
14,5,1839.79,867,8.757575757575758,25,18.583737373737375,160.0,18.715529379933123,83,19.8,2,82,0.0,False,False,False,False,False,False,False,False,False,False,False,False,False,False,False,False,False,True,False,False,False,False,False,False,False,False,False,False,False,False,False,False,False,False,False,False,False,False,False,False,False,True,False,218.2,542.7415500000003,-324.5415500000003
148,6,1507.26,625,3.9556962025316458,16,9.539620253164557,59.5,10.071767685638534,75,25.833333333333332,6,384,0.0,False,False,False,False,False,False,False,False,False,False,False,False,False,False,False,False,False,False,False,False,False,False,False,False,False,False,False,False,False,False,False,False,False,False,False,False,False,True,False,False,False,True,False,0.0,71.13790000000002,-71.13790000000002
97,4,796.99,352,8.380952380952381,48,18.975952380952382,91.44,16.8124422653137,32,10.5,4,528,0.0,False,False,False,False,False,False,False,False,False,False,False,False,False,False,False,False,False,False,False,False,False,False,False,False,False,False,False,False,False,False,False,False,False,False,False,False,False,True,False,False,False,True,False,0.0,48.473849999999985,-48.473849999999985
34,4,818.82,541,6.7625,25,10.23525,53.1,9.962493330207575,65,20.0,3,86,0.0,False,False,False,False,False,False,False,False,False,False,False,False,False,False,False,False,False,False,False,False,False,False,False,False,False,False,False,False,False,False,False,False,False,False,False,False,False,True,False,False,False,True,False,148.4,137.28365000000002,11.116349999999983
174,6,2165.7599999999998,2336,55.61904761904762,256,51.56571428571428,208.8,62.68917769995764,23,7.0,4,494,0.4523809523809524,False,False,False,False,False,False,False,False,False,False,False,False,False,False,False,False,False,False,False,False,False,False,False,False,False,False,False,False,False,False,False,False,False,False,False,False,False,True,False,False,False,True,False,0.0,81.0064,-81.0064
66,7,3476.82,2389,13.346368715083798,144,19.423575418994414,306.0,25.435316586219056,163,25.571428571428573,5,279,0.11731843575418995,False,False,False,False,False,False,False,False,False,False,False,False,False,False,False,False,False,False,False,False,False,False,False,False,False,False,False,False,False,False,False,False,False,False,False,False,False,True,False,False,False,True,False,0.0,212.69280000000006,-212.69280000000006
377,3,1027.15,605,16.35135135135135,72,27.760810810810813,78.0,21.872672241657877,27,12.333333333333334,3,148,0.13513513513513514,False,False,False,False,False,False,False,False,False,False,False,False,False,False,False,False,False,False,False,False,False,False,False,False,False,False,False,False,False,False,False,False,False,False,False,False,False,True,False,False,False,False,True,0.0,0.0,0.0
371,7,1553.96,1145,10.601851851851851,72,14.388518518518518,39.6,6.105809064059953,86,15.428571428571429,6,331,0.0,False,False,False,False,False,False,False,False,False,False,False,False,False,False,False,False,False,False,False,False,False,False,False,False,False,False,False,False,False,False,False,False,False,False,False,False,False,True,False,False,False,True,False,0.0,46.392700000000005,-46.392700000000005
23,1,126.25,21,2.625,6,15.78125,47.7,13.40663315303287,8,8.0,1,0,0.0,False,False,False,False,False,False,False,False,False,False,False,False,False,False,False,False,False,False,False,False,False,False,False,False,False,False,False,False,False,False,False,False,False,False,False,False,False,True,False,False,False,False,True,150.8,15.997200000000003,134.80280000000002
21,8,1107.6,707,10.397058823529411,64,16.288235294117644,74.25,10.367485905633625,63,8.5,5,386,0.11764705882352941,False,False,False,False,False,False,False,False,False,False,False,False,False,False,False,False,False,False,False,False,False,False,False,False,False,False,False,False,False,False,False,False,False,False,False,False,False,True,False,False,False,True,False,0.0,74.24220000000003,-74.24220000000003
567,1,301.26,144,6.857142857142857,24,14.345714285714285,30.0,5.9363040449665085,21,21.0,1,0,0.0,False,False,False,False,False,False,False,False,False,False,False,False,False,False,False,False,False,False,False,False,False,False,False,False,False,False,False,False,False,False,False,False,False,False,False,False,False,True,False,False,False,False,True,0.0,0.0,0.0
1,89,16859.87,7139,4.206835592221568,48,9.935103123158514,305.64,18.07150894688397,501,18.685393258426966,12,706,0.13199764289923394,False,False,False,False,False,False,False,False,False,False,False,False,False,False,False,False,False,False,False,False,False,False,False,False,False,False,False,False,False,False,False,False,False,False,False,False,False,True,False,False,False,True,False,316.4,1445.6112000000005,-1129.2112000000006
569,1,30.15,6,1.0,1,5.0249999999999995,12.75,4.214706395468135,6,6.0,1,0,0.0,False,False,False,False,False,False,False,False,False,False,False,False,False,False,False,False,False,False,False,False,False,False,False,False,False,False,False,False,False,False,False,False,False,False,False,False,False,True,False,False,False,False,True,0.0,0.0,0.0
3,2,979.79,503,3.618705035971223,25,7.048848920863309,40.56,5.78890406377739,132,69.0,2,535,0.48201438848920863,False,False,False,False,False,False,False,False,False,False,False,False,False,False,False,False,False,False,False,False,False,False,False,False,False,False,False,False,False,False,False,False,False,False,False,False,False,True,False,False,False,True,False,0.0,36.361799999999995,-36.361799999999995
160,3,1689.53,996,9.764705882352942,25,16.564019607843136,49.95,7.184105704392783,93,34.0,3,456,0.0,False,False,False,False,False,False,False,False,False,False,False,False,False,False,False,False,False,False,False,False,False,False,False,False,False,False,False,False,False,False,False,False,False,False,False,False,False,True,False,False,False,True,False,0.0,87.86940000000004,-87.86940000000004
46,2,284.07,263,14.61111111111111,48,15.781666666666666,40.8,10.871397036692743,18,9.0,2,349,1.0,False,False,False,False,False,False,False,False,False,False,False,False,False,False,False,False,False,False,False,False,False,False,False,False,False,False,False,False,False,False,False,False,False,False,False,False,False,True,False,False,False,True,False,111.36,32.271300000000004,79.08869999999999
84,15,6054.49,3841,10.850282485875706,96,17.103079096045196,52.0,7.792243645481912,204,23.6,10,545,0.11864406779661017,False,False,False,False,False,False,False,False,False,False,False,False,False,False,False,False,False,False,False,False,False,False,False,False,False,False,False,False,False,False,False,False,False,False,False,False,False,True,False,False,False,True,False,0.0,394.7612499999998,-394.7612499999998
175,6,1433.07,497,6.626666666666667,20,19.107599999999998,41.6,7.370582293913511,44,12.5,4,531,0.0,False,False,False,False,False,False,False,False,False,False,False,False,False,False,False,False,False,False,False,False,False,False,False,False,False,False,False,False,False,False,False,False,False,False,False,False,False,True,False,False,False,True,False,0.0,123.65950000000008,-123.65950000000008
274,2,1017.3199999999999,498,20.75,100,42.38833333333333,165.0,48.81683206388575,19,12.0,2,295,0.0,False,False,False,False,False,False,False,False,False,False,False,False,False,False,False,False,False,False,False,False,False,False,False,False,False,False,False,False,False,False,False,False,False,False,False,False,False,True,False,False,False,True,False,0.0,36.25555,-36.25555
245,5,671.76,334,13.36,42,26.8704,107.1,26.001397956007416,20,5.0,4,273,0.0,False,False,False,False,False,False,False,False,False,False,False,False,False,False,False,False,False,False,False,False,False,False,False,False,False,False,False,False,False,False,False,False,False,False,False,False,False,True,False,False,False,True,False,102.84,47.87290000000001,54.967099999999995
21,6,1119.38,754,10.32876712328767,48,15.333972602739728,51.0,7.559407079138407,57,12.166666666666666,3,500,0.3150684931506849,False,False,False,False,False,False,False,False,False,False,False,False,False,False,False,False,False,False,False,False,False,False,False,False,False,False,False,False,False,False,False,False,False,False,False,False,False,True,False,False,False,True,False,-11.8,47.69700000000001,-59.497000000000014
546,13,4241.16,1909,9.739795918367347,108,21.638571428571428,238.8,34.86164962188356,110,14.461538461538462,5,150,0.6020408163265306,False,False,False,False,False,False,False,False,False,False,False,False,False,False,False,False,False,False,False,False,False,False,False,False,False,False,False,False,False,False,False,False,False,False,False,False,False,True,False,False,False,True,False,0.0,396.60389999999984,-396.60389999999984
2,1,686.85,251,13.210526315789474,24,36.15,102.0,33.43942583239132,19,19.0,1,0,0.0,False,False,False,False,False,False,False,False,False,False,False,False,False,False,False,False,False,False,False,False,False,False,False,False,False,False,False,False,False,False,False,False,False,False,False,False,False,True,False,False,False,False,True,165.3,85.10469999999995,80.19530000000006
155,6,1068.5,607,5.1440677966101696,48,9.055084745762711,102.0,14.654449733828416,113,19.166666666666668,5,546,0.0,False,False,False,False,False,False,False,False,False,False,False,False,False,False,False,False,False,False,False,False,False,False,False,False,False,False,False,False,False,False,False,False,False,False,False,False,False,True,False,False,False,True,False,0.0,39.376,-39.376
2,3,566.5799999999999,332,8.972972972972974,24,15.312972972972972,30.0,3.712038123056797,29,12.333333333333334,3,169,0.3783783783783784,False,False,False,False,False,False,False,False,False,False,False,False,False,False,False,False,False,False,False,False,False,False,False,False,False,False,False,False,False,False,False,False,False,False,False,False,False,True,False,False,False,True,False,0.0,101.20079999999999,-101.20079999999999
237,16,4747.52,3361,3.94021101992966,60,5.56567409144197,39.75,5.829034432458404,467,51.5,6,461,0.08089097303634232,False,False,False,False,False,False,False,False,False,False,False,False,False,False,False,False,False,False,False,False,False,False,False,False,False,False,False,False,False,False,False,False,False,False,False,False,False,True,False,False,False,True,False,0.0,350.31275,-350.31275
6,3,1290.53,711,10.938461538461539,48,19.854307692307692,89.7,16.212217708532233,65,21.666666666666668,2,20,0.0,False,False,False,False,False,False,False,False,False,False,False,False,False,False,False,False,False,False,False,False,False,False,False,False,False,False,False,False,False,False,False,False,False,False,False,False,False,True,False,False,False,False,True,0.0,174.77190000000002,-174.77190000000002
400,2,490.6,397,5.838235294117647,36,7.214705882352941,45.0,7.819459742109577,60,31.5,1,0,0.0,False,False,False,False,False,False,False,False,False,False,False,False,False,False,False,False,False,False,False,False,False,False,False,False,False,False,False,False,False,False,False,False,False,False,False,False,False,True,False,False,False,False,True,0.0,0.0,0.0
282,8,438.24,199,6.21875,48,13.695,100.8,28.201415430046495,26,4.0,2,52,0.0,False,False,False,False,False,False,False,False,False,False,False,False,False,False,False,False,False,False,False,False,False,False,False,False,False,False,False,False,False,False,False,False,False,False,False,False,False,True,False,False,False,False,True,0.0,-0.07375,0.07375
3,21,20678.94,11777,267.65909090909093,1394,469.97590909090906,1695.0,481.1137752124277,19,2.0952380952380953,10,609,0.0,False,False,False,False,False,False,False,False,False,False,False,False,False,False,False,False,False,False,False,False,False,False,False,False,False,False,False,False,False,False,False,False,False,False,False,False,False,True,False,False,False,True,False,6552.4,1749.3192000000001,4803.0808
639,1,128.2,46,1.2105263157894737,4,3.3736842105263154,25.5,4.117638670634678,38,38.0,1,0,0.0,False,False,False,False,False,False,False,False,False,False,False,False,False,False,False,False,False,False,False,False,False,False,False,False,False,False,False,False,False,False,False,False,False,False,False,False,False,True,False,False,False,False,True,0.0,0.0,0.0
130,1,99.14,40,3.3333333333333335,12,8.261666666666667,25.2,7.328686888873853,12,12.0,1,0,1.0,False,False,False,False,False,False,False,False,False,False,False,False,False,False,False,False,False,False,False,False,False,False,False,False,False,False,False,False,False,False,False,False,False,False,False,False,False,True,False,False,False,False,True,0.0,0.9440000000000001,-0.9440000000000001
213,5,527.78,170,34.0,50,105.556,237.6,92.21506211026482,3,1.0,5,306,0.0,False,False,False,False,False,False,False,False,False,False,False,False,False,False,False,False,False,False,False,False,False,False,False,False,False,False,False,False,False,False,False,False,False,False,False,False,False,True,False,False,False,True,False,0.0,46.56985,-46.56985
1,2,260.0,180,11.25,24,16.25,59.7,12.775457721741324,16,8.0,2,401,0.5625,False,False,False,False,False,False,False,False,False,False,False,False,False,False,False,False,False,False,False,False,False,False,False,False,False,False,False,False,False,False,False,False,False,False,False,False,False,True,False,False,False,True,False,0.0,12.0534,-12.0534
36,25,10513.95,9095,39.54347826086956,432,45.712826086956525,184.32,38.23154426248715,125,9.2,11,671,0.034782608695652174,False,False,False,False,False,False,False,False,False,False,False,False,False,False,False,False,False,False,False,False,False,False,False,False,False,False,False,False,False,False,False,False,False,False,False,False,False,True,False,False,False,True,False,1041.74,833.6297000000002,208.11029999999982
351,2,299.61,155,7.045454545454546,25,13.618636363636364,35.7,8.811729896350306,21,10.5,1,0,0.0,False,False,False,False,False,False,False,False,False,False,False,False,False,False,False,False,False,False,False,False,False,False,False,False,False,False,False,False,False,False,False,False,False,False,False,False,False,True,False,False,False,False,True,0.0,0.0,0.0
169,6,949.9,681,30.954545454545453,208,43.17727272727273,190.8,56.19262306963332,16,3.6666666666666665,2,466,0.0,False,False,False,False,False,False,False,False,False,False,False,False,False,False,False,False,False,False,False,False,False,False,False,False,False,False,False,False,False,False,False,False,False,False,False,False,False,True,False,False,False,True,False,0.0,55.906949999999995,-55.906949999999995
83,5,2016.95,1087,10.553398058252426,48,19.582038834951458,99.0,18.042837770761185,90,20.6,5,517,0.0,False,False,False,False,False,False,False,False,False,False,False,False,False,False,False,False,False,False,False,False,False,False,False,False,False,False,False,False,False,False,False,False,False,True,False,False,False,False,False,False,False,True,False,0.0,98.31039999999999,-98.31039999999999
295,2,1034.5,190,27.142857142857142,100,147.78571428571428,745.0,292.3257111999754,5,3.5,1,6,0.0,False,False,False,False,False,False,False,False,False,False,False,False,False,False,False,False,False,False,False,False,False,False,False,False,False,False,False,False,False,False,False,False,False,False,False,False,False,True,False,False,False,False,True,0.0,0.0,0.0
176,2,300.66999999999996,184,13.142857142857142,60,21.476428571428567,75.0,16.948651231629867,13,7.0,2,173,0.0,False,False,False,False,False,False,False,False,False,False,False,False,False,False,False,False,False,False,False,False,False,False,False,False,False,False,False,False,False,False,False,False,False,False,False,False,False,True,False,False,False,True,False,0.0,89.57044999999998,-89.57044999999998
5,135,117395.31999999999,70129,80.79377880184332,800,135.24806451612903,2978.4,223.96854127203952,131,6.42962962962963,12,703,0.02304147465437788,False,False,False,False,False,False,False,False,False,False,False,False,False,False,False,False,False,False,False,False,False,False,False,False,False,False,False,False,False,False,False,False,False,False,False,False,False,True,False,False,False,False,False,7566.66,6028.7052,1537.9547999999995
294,3,418.82,218,8.384615384615385,12,16.108461538461537,23.6,3.828522108916382,22,8.666666666666666,3,164,0.34615384615384615,False,False,False,False,False,False,False,False,False,False,False,False,False,False,False,False,False,False,False,False,False,False,False,False,False,False,False,False,False,False,False,False,False,False,False,False,False,True,False,False,False,False,True,0.0,-0.014750000000000001,0.014750000000000001
13,31,10784.37,4689,15.028846153846153,72,34.565288461538465,130.8,25.460148089760494,189,10.064516129032258,12,683,0.05448717948717949,False,False,False,False,False,False,False,False,False,False,False,False,False,False,False,False,False,False,False,False,False,False,False,False,False,False,False,False,False,False,False,False,False,False,False,False,False,True,False,False,False,True,False,1222.14,829.1227500000009,393.0172499999992
42,1,128.1,40,10.0,12,32.025,70.8,25.868948567732705,4,4.0,1,0,0.0,False,False,False,False,False,False,False,False,False,False,False,False,False,False,False,False,False,False,False,False,False,False,False,False,False,False,False,False,False,False,False,False,False,False,False,False,False,True,False,False,False,False,True,102.11999999999999,-0.44949999999999996,102.56949999999999
3,29,5855.2,2653,4.224522292993631,40,9.323566878980891,59.85,7.842214600533139,327,21.586206896551722,11,696,0.15764331210191082,False,False,False,False,False,False,False,False,False,False,False,False,False,False,False,False,False,False,False,False,False,False,False,False,False,False,False,False,False,False,False,False,False,False,False,False,False,True,False,False,False,True,False,455.08,430.0929000000001,24.987099999999884
483,6,891.32,332,5.442622950819672,18,14.611803278688525,30.0,7.432795460703578,52,10.166666666666666,4,217,0.0,False,False,False,False,False,False,False,False,False,False,False,False,False,False,False,False,False,False,False,False,False,False,False,False,False,False,False,False,False,False,False,False,False,False,False,False,False,True,False,False,False,True,False,0.0,30.761600000000012,-30.761600000000012
156,8,2175.59,1133,6.625730994152047,48,12.722748538011697,64.68,15.56873224053813,109,21.375,5,496,0.0,False,False,False,False,False,False,False,False,False,False,False,False,False,False,False,False,False,False,False,False,False,False,False,False,False,False,False,False,False,False,False,False,False,False,False,False,False,True,False,False,False,True,False,181.45,58.1474,123.30259999999998
209,4,1980.4,985,9.563106796116505,48,19.22718446601942,153.0,18.234646424604577,88,25.75,4,338,0.0,False,False,False,False,False,False,False,False,False,False,False,True,False,False,False,False,False,False,False,False,False,False,False,False,False,False,False,False,False,False,False,False,False,False,False,False,False,False,False,False,False,True,False,0.0,116.29985,-116.29985
1,2,276.56,96,6.4,24,18.437333333333335,29.7,4.787839457068988,15,7.5,2,58,0.5333333333333333,False,False,False,False,False,False,False,False,False,False,False,False,False,False,False,False,False,False,False,False,False,False,False,False,False,False,False,False,False,False,False,False,False,False,False,False,False,True,False,False,False,False,True,0.0,110.86500000000002,-110.86500000000002
31,4,909.36,811,12.287878787878787,25,13.77818181818182,30.0,7.014667689720075,50,16.5,3,490,0.2878787878787879,False,False,False,False,False,False,False,False,False,False,False,False,False,False,False,False,False,False,False,False,False,False,False,False,False,False,False,False,False,False,False,False,False,False,False,False,False,True,False,False,False,True,False,0.0,88.9232,-88.9232
443,5,665.42,404,3.575221238938053,60,5.888672566371681,51.0,11.693487313184876,85,22.6,3,255,0.0,False,False,False,False,False,False,False,False,False,False,False,False,False,False,False,False,False,False,False,False,False,False,False,False,False,False,False,False,False,False,False,False,False,False,False,False,False,True,False,False,False,True,False,0.0,57.73990000000003,-57.73990000000003
637,1,171.7,72,14.4,36,34.339999999999996,63.9,18.792232437898377,5,5.0,1,0,0.0,False,False,False,False,False,False,False,False,False,False,False,False,False,False,False,False,False,False,False,False,False,False,False,False,False,False,False,False,False,False,False,False,False,False,False,False,False,True,False,False,False,False,True,0.0,0.0,0.0
235,2,293.45,146,2.56140350877193,36,5.148245614035088,52.2,7.4834696695944025,55,28.0,2,104,1.0,False,False,False,False,False,False,False,False,False,False,False,False,False,False,False,False,False,False,False,False,False,False,False,False,False,False,False,False,False,False,False,False,False,False,False,False,False,True,False,False,False,False,True,0.0,-0.1335,0.1335
122,11,2003.53,1424,3.185682326621924,72,4.482170022371364,71.6,5.694034561308645,295,39.27272727272727,6,313,0.7360178970917226,False,False,False,False,False,False,False,False,False,False,False,False,False,False,False,False,False,False,False,False,False,False,False,False,False,False,False,False,False,False,False,False,False,False,False,False,False,True,False,False,False,True,False,0.0,264.8780499999999,-264.8780499999999
23,5,1362.27,1230,35.142857142857146,576,38.922,175.2,34.25649837879625,33,7.0,4,229,0.0,False,False,False,False,False,False,False,False,False,False,False,False,False,False,False,False,False,False,False,False,False,False,False,False,False,False,False,False,False,False,False,False,False,False,False,False,False,True,False,False,False,True,False,0.0,251.54490000000013,-251.54490000000013
15,4,1159.99,957,5.172972972972973,120,6.270216216216216,29.7,5.692332940089023,160,45.5,4,501,0.0,False,False,False,False,False,False,False,False,False,False,False,False,False,False,False,False,False,False,False,False,False,False,False,False,False,False,False,False,False,False,False,False,False,False,False,False,False,True,False,False,False,True,False,0.0,107.72125,-107.72125
401,3,-208.63,-1,-0.3333333333333333,1,-69.54333333333334,208.63,240.90517332206326,1,1.0,2,8,0.0,False,False,False,False,False,False,False,False,False,False,False,False,False,False,False,False,False,False,False,False,False,False,False,False,False,False,False,False,False,False,False,False,False,False,False,False,False,True,False,False,False,False,True,0.0,0.0,0.0
80,2,552.0,408,17.73913043478261,36,24.0,69.36,15.751238912311859,23,11.5,2,132,0.0,False,False,False,False,False,False,False,False,False,False,False,False,False,False,False,False,False,False,False,False,False,False,False,False,False,False,False,False,False,False,False,False,False,False,False,False,False,False,True,False,False,True,False,0.0,147.71960000000013,-147.71960000000013
34,2,1272.48,819,30.333333333333332,256,47.12888888888889,266.24,64.92458923381407,26,13.5,2,153,0.0,False,False,True,False,False,False,False,False,False,False,False,False,False,False,False,False,False,False,False,False,False,False,False,False,False,False,False,False,False,False,False,False,False,False,False,False,False,False,False,False,False,True,False,0.0,196.05474999999998,-196.05474999999998
307,13,1578.57,1434,12.469565217391304,48,13.726695652173913,53.1,12.888245884058989,96,8.846153846153847,5,364,0.0,False,False,False,False,False,False,False,False,False,False,False,False,False,False,False,False,False,False,False,False,False,False,False,False,False,False,False,False,False,False,False,False,False,False,False,False,False,True,False,False,False,True,False,0.0,89.12765000000002,-89.12765000000002
708,1,-29.55,-9,-1.5,-1,-4.925,-2.95,2.8308567607704918,6,6.0,1,0,0.0,False,False,False,False,False,False,False,False,False,False,False,False,False,False,False,False,False,False,False,False,False,False,False,False,False,False,False,False,False,False,False,False,False,False,False,False,False,False,False,False,False,False,False,0.0,0.0,0.0
110,8,3660.88,1684,8.174757281553399,36,17.77126213592233,118.8,17.60007365170907,130,25.375,4,442,0.5242718446601942,False,False,False,False,False,False,False,False,False,False,False,False,False,False,False,False,False,False,False,False,False,False,False,False,False,False,False,False,False,False,False,False,False,False,False,False,False,True,False,False,False,True,False,0.0,225.68555000000015,-225.68555000000015
138,8,1705.34,508,5.707865168539326,24,19.161123595505618,168.0,22.6972326826523,75,11.125,3,479,0.24719101123595505,False,False,False,False,False,False,False,False,False,False,False,False,False,False,False,False,False,False,False,False,False,False,False,False,False,False,False,True,False,False,False,False,False,False,False,False,False,False,False,False,False,True,False,0.0,114.72235000000006,-114.72235000000006
587,1,244.31,193,12.866666666666667,72,16.287333333333333,35.4,6.426813770298252,15,15.0,1,0,0.0,False,False,False,False,False,False,False,False,False,False,False,False,False,False,False,False,False,False,False,False,False,False,False,False,False,False,False,False,False,False,False,False,False,False,False,False,False,True,False,False,False,False,True,0.0,0.0,0.0
50,2,273.58,57,3.3529411764705883,12,16.09294117647059,80.0,19.195838339567864,14,8.5,2,41,0.0,False,False,False,False,False,False,False,False,False,False,False,False,False,False,False,False,False,False,False,False,False,False,False,False,False,False,False,False,False,False,False,False,False,True,False,False,False,False,False,False,False,True,False,292.58,254.0508000000002,38.529199999999776
24,25,44768.34,48945,172.34154929577466,1152,157.635,1188.0,172.4297391718824,121,11.36,11,647,0.08450704225352113,False,False,False,False,False,False,False,False,False,False,False,False,False,False,False,False,False,False,False,False,False,False,False,False,False,False,False,False,False,False,False,False,True,False,False,False,False,False,False,False,False,True,False,1238.48,3773.295499999999,-2534.815499999999
32,11,2511.21,1008,4.182572614107884,48,10.419958506224066,89.25,14.731004901734902,187,21.818181818181817,7,671,0.9626556016597511,False,False,False,False,False,False,False,False,False,False,False,False,False,False,False,False,False,False,False,False,False,False,False,False,False,False,False,False,False,False,False,False,False,False,False,False,False,True,False,False,False,True,False,0.0,198.6817999999999,-198.6817999999999
23,1,208.75,116,11.6,25,20.875,38.25,9.357327788067133,10,10.0,1,0,0.0,False,False,False,False,False,False,False,False,False,False,False,False,False,False,False,False,False,False,False,False,False,False,False,False,False,False,False,False,False,False,False,False,False,False,False,False,False,True,False,False,False,False,True,0.0,7.158499999999999,-7.158499999999999
370,6,736.21,408,4.636363636363637,24,8.366022727272728,25.5,6.378700826137138,59,14.333333333333334,4,287,0.0,False,False,False,False,False,False,False,False,False,False,False,False,False,False,False,False,False,False,False,False,False,False,False,False,False,False,False,False,False,False,False,False,False,False,False,False,False,True,False,False,False,True,False,160.19,83.42145,76.76855
10,5,677.69,339,9.685714285714285,48,19.36257142857143,85.92,18.49395693715321,31,7.0,4,223,0.22857142857142856,False,False,False,False,False,False,False,False,False,False,False,False,False,False,False,False,False,False,False,False,False,False,False,False,False,False,False,False,False,False,False,False,False,False,False,False,False,True,False,False,False,True,False,0.0,101.75150000000002,-101.75150000000002
7,5,1259.06,871,14.516666666666667,48,20.984333333333332,85.92,17.28126646789706,52,12.0,4,559,0.0,False,False,False,False,False,False,False,False,False,False,False,False,False,False,False,False,False,False,False,False,False,False,False,False,False,False,False,False,False,False,False,False,False,False,False,False,False,True,False,False,False,True,False,0.0,57.737349999999985,-57.737349999999985
629,1,37.5,30,30.0,30,37.5,37.5,0.0,1,1.0,1,0,0.0,False,False,False,False,False,False,False,False,False,False,False,False,False,False,False,False,False,False,False,False,False,False,False,False,False,False,False,False,False,False,False,False,False,False,False,False,False,True,False,False,False,False,True,0.0,0.0,0.0
12,39,10358.17,5868,12.756521739130434,144,22.51776086956522,257.76,21.607469639290123,192,11.794871794871796,12,539,0.1108695652173913,False,False,False,False,False,False,False,False,False,False,False,False,False,False,False,False,False,False,False,False,False,False,False,False,False,False,False,False,False,False,False,False,False,False,False,False,False,True,False,False,False,True,False,765.13,1042.3878,-277.2578
27,4,1617.63,483,13.8,72,46.218,212.4,39.74387853715929,33,8.75,2,73,0.0,False,False,False,False,False,True,False,False,False,False,False,False,False,False,False,False,False,False,False,False,False,False,False,False,False,False,False,False,False,False,False,False,False,False,False,False,False,False,False,False,False,True,False,0.0,369.1062000000001,-369.1062000000001
78,8,3362.73,2352,13.066666666666666,96,18.681833333333334,88.8,14.622144890580085,124,22.5,5,471,0.28888888888888886,False,False,False,False,False,False,False,False,False,False,False,False,False,False,False,False,False,False,False,False,False,False,False,False,False,False,False,False,False,False,False,False,False,False,False,False,False,True,False,False,False,True,False,0.0,201.8330500000001,-201.8330500000001
1,50,80773.58,45310,193.63247863247864,1200,345.1862393162393,1980.0,310.98092853969405,27,4.68,12,698,0.021367521367521368,False,False,False,False,False,False,False,False,False,False,False,False,False,False,False,False,False,False,False,False,False,False,False,False,False,False,False,False,False,False,False,False,False,False,False,False,False,True,False,False,False,True,False,3404.0,4144.96445,-740.9644500000004
5,4,4997.96,3177,11.26595744680851,75,17.723262411347516,87.0,11.986313962802784,264,70.0,1,361,0.0,False,False,False,False,False,False,False,False,False,False,False,False,False,False,False,False,False,False,False,False,False,False,False,False,False,False,False,False,False,False,False,False,False,False,False,False,False,True,False,False,False,True,False,0.0,189.22580000000005,-189.22580000000005
59,13,5134.49,3052,12.663900414937759,192,21.3049377593361,125.0,17.502427953485284,132,18.307692307692307,8,541,0.3153526970954357,False,False,False,False,False,False,False,False,False,False,False,False,False,False,False,False,False,False,False,False,False,False,False,False,False,False,False,False,False,False,False,False,False,False,False,False,False,True,False,False,False,True,False,0.0,227.29665000000014,-227.29665000000014
243,2,312.46,179,6.392857142857143,24,11.159285714285714,25.2,6.513195113153805,28,14.0,2,120,0.0,False,False,False,False,False,False,False,False,False,False,False,False,False,False,False,False,False,False,False,False,False,False,False,False,False,False,False,False,False,False,False,False,False,False,False,False,False,True,False,False,False,False,True,0.0,0.0,0.0
10,1,508.22,426,38.72727272727273,120,46.20181818181818,102.0,37.58354475516694,11,11.0,1,0,1.0,False,False,False,False,False,False,False,False,False,False,False,False,False,False,False,False,False,False,False,False,False,False,False,False,False,False,False,False,False,False,False,False,False,False,False,False,False,True,False,False,False,False,True,843.78,913.32525,-69.54525000000001
29,7,2952.5099999999998,2149,22.861702127659573,96,31.40968085106383,151.2,35.147888431417485,84,13.0,1,362,0.0,False,False,False,False,False,False,False,False,False,False,False,False,False,False,False,False,False,False,False,False,False,False,False,False,False,False,False,False,False,False,False,False,False,False,False,False,False,True,False,False,False,True,False,0.0,212.62444999999988,-212.62444999999988
340,1,186.88,68,1.36,4,3.7376,15.0,2.5517009613037276,50,50.0,1,0,1.0,False,False,False,False,False,False,False,False,False,False,False,False,False,False,False,False,False,False,False,False,False,False,False,False,False,False,False,False,False,False,False,False,False,False,False,False,False,True,False,False,False,True,False,488.76,207.37570000000008,281.38429999999994
23,24,4326.68,2559,3.785502958579882,36,6.400414201183432,49.8,6.509856923275392,304,27.125,10,686,0.06804733727810651,False,False,False,False,False,False,False,False,False,False,False,False,False,False,False,False,False,False,False,False,False,False,False,False,False,False,False,False,False,False,False,False,False,False,False,False,False,True,False,False,False,True,False,865.93,268.7687000000001,597.1612999999999
169,5,1143.27,365,9.605263157894736,48,30.086052631578948,102.0,26.8693632972044,33,7.6,2,83,0.0,False,False,False,False,False,False,False,False,False,False,False,False,False,False,False,False,False,False,False,False,False,False,False,False,False,False,False,False,False,False,False,False,False,False,False,False,False,True,False,False,False,False,True,0.0,0.0,0.0
434,1,186.15,104,9.454545454545455,36,16.922727272727272,45.0,16.050067969269843,11,11.0,1,0,0.0,False,False,False,False,False,False,False,False,False,False,False,False,False,False,False,False,False,False,False,False,False,False,False,False,False,False,False,False,False,False,False,False,False,False,False,False,False,True,False,False,False,False,True,0.0,0.0,0.0
18,14,1637.52,762,4.430232558139535,50,9.52046511627907,119.4,15.670657939290166,110,11.928571428571429,8,684,0.7325581395348837,False,False,False,False,False,False,False,False,False,False,False,False,False,False,False,False,False,False,False,False,False,False,False,False,False,False,False,False,False,False,False,False,False,False,False,False,False,True,False,False,False,True,False,0.0,130.85065000000003,-130.85065000000003
35,7,1969.38,959,3.8514056224899598,32,7.909156626506024,35.4,6.647393778310233,202,34.714285714285715,5,672,0.5220883534136547,False,False,False,False,False,False,False,False,False,False,False,False,False,False,False,False,False,False,False,False,False,False,False,False,False,False,False,False,False,False,False,False,False,False,False,False,False,True,False,False,False,True,False,0.0,75.36525000000002,-75.36525000000002
13,2,324.24,146,6.9523809523809526,12,15.440000000000001,19.8,2.8199734041299043,19,10.5,2,52,0.0,False,False,False,False,False,False,False,False,False,False,False,False,False,False,False,False,False,False,False,False,False,False,False,False,False,False,False,False,False,False,False,False,False,False,False,False,False,True,False,False,False,False,True,0.0,127.2297,-127.2297
384,3,448.45,313,11.178571428571429,25,16.01607142857143,30.0,6.7451361567048265,27,9.333333333333334,2,160,0.0,False,False,False,False,False,False,False,False,False,False,False,False,False,False,False,False,False,False,False,False,False,False,False,False,False,False,False,False,False,False,False,False,False,False,False,False,False,True,False,False,False,False,True,0.0,0.0,0.0
50,6,13925.93,4958,44.267857142857146,480,124.33866071428572,1008.0,138.95051116871076,88,18.666666666666668,5,657,0.0,False,False,False,False,False,False,False,False,True,False,False,False,False,False,False,False,False,False,False,False,False,False,False,False,False,False,False,False,False,False,False,False,False,False,False,False,False,False,False,False,False,True,False,0.0,935.0794999999999,-935.0794999999999
60,16,8572.97,4139,47.57471264367816,256,98.53988505747125,612.0,109.24411518921744,41,5.4375,9,633,0.28735632183908044,False,False,False,False,False,False,False,False,False,False,False,False,False,False,False,False,False,False,False,False,False,False,False,False,False,False,False,False,False,False,False,False,False,False,False,False,False,True,False,False,False,True,False,1253.66,356.99500000000006,896.665
441,4,435.02,170,18.88888888888889,96,48.33555555555555,132.0,48.35952080798338,7,2.25,2,160,0.0,False,False,False,False,False,False,False,False,False,False,False,False,False,False,False,False,False,False,False,False,False,False,False,False,False,False,False,False,False,False,False,False,False,False,False,False,False,True,False,False,False,False,True,0.0,0.0,0.0
342,2,223.42000000000002,111,1.819672131147541,12,3.6626229508196726,19.9,3.638565606407441,59,30.0,2,44,0.0,False,False,False,False,False,False,False,False,False,False,False,False,False,False,False,False,False,False,False,False,False,False,False,False,False,False,False,False,False,False,False,False,False,False,False,False,False,True,False,False,False,False,True,0.0,-0.029500000000000002,0.029500000000000002
13,4,4279.71,2801,10.69083969465649,48,16.334770992366412,4161.06,630.9459027740351,260,65.5,1,15,0.0,False,False,False,False,False,False,False,False,False,False,False,False,True,False,False,False,False,False,False,False,False,False,False,False,False,False,False,False,False,False,False,False,False,False,False,False,False,False,False,False,False,False,True,-172.89,518.2210500000002,-691.1110500000002
60,31,29655.75,16311,53.83168316831683,1200,97.87376237623762,504.0,80.2419679112774,99,9.774193548387096,12,646,0.07260726072607261,False,False,False,False,False,False,False,False,False,False,False,False,False,False,False,False,False,False,False,False,False,False,False,False,False,False,False,False,False,False,False,False,False,False,False,False,False,True,False,False,False,True,False,1371.6,1763.2636499999994,-391.6636499999995
21,1,1035.45,311,17.27777777777778,100,57.525000000000006,204.0,54.69743044292687,18,18.0,1,0,0.0,False,False,False,False,False,False,False,False,False,False,False,False,False,False,False,False,False,False,False,False,False,False,False,False,False,False,False,False,False,False,False,False,False,False,False,False,False,True,False,False,False,False,True,0.0,16.99115,-16.99115
153,6,1463.85,837,4.102941176470588,25,7.175735294117646,64.9,7.01617378138333,172,33.166666666666664,6,541,0.0,False,False,False,False,False,False,False,False,False,False,False,False,False,False,False,False,False,False,False,False,False,False,False,False,False,False,False,False,False,False,False,False,False,False,False,False,False,True,False,False,False,True,False,508.02,74.5333,433.4867
13,24,7479.25,3666,11.42056074766355,144,23.299844236760123,179.0,15.898961512097635,207,13.375,9,611,0.059190031152647975,False,False,False,False,False,False,False,False,False,False,False,False,False,False,False,False,False,False,False,False,False,False,False,False,False,False,False,False,False,False,False,False,False,False,False,False,False,True,False,False,False,True,False,570.98,531.7428499999995,39.2371500000005
501,4,674.46,1338,33.45,96,16.8615,34.8,8.865075975494067,29,10.0,3,207,0.45,False,False,False,False,False,False,False,False,False,False,False,False,False,False,False,False,False,False,False,False,False,False,False,False,False,False,False,False,False,False,False,False,False,False,False,False,False,True,False,False,False,False,True,0.0,0.0,0.0
99,3,586.46,227,13.352941176470589,96,34.49764705882353,165.0,46.068276439624334,15,5.666666666666667,3,284,0.0,False,False,False,False,False,False,False,False,False,False,False,False,False,False,False,False,False,False,False,False,False,False,False,False,False,False,False,False,False,False,False,False,False,False,False,False,False,True,False,False,False,True,False,0.0,12.363449999999998,-12.363449999999998
34,7,1155.54,560,12.173913043478262,36,25.120434782608694,54.08,12.167381706207012,26,6.571428571428571,5,147,0.0,False,False,False,False,False,False,False,False,False,False,False,False,False,False,False,False,False,False,False,False,False,False,False,False,False,False,False,False,False,False,False,False,False,False,False,False,False,True,False,False,False,True,False,0.0,228.01045000000002,-228.01045000000002
2,1,540.99,517,12.925,24,13.524750000000001,30.6,4.688681399842686,40,40.0,1,0,0.0,False,False,False,False,False,False,False,False,False,False,False,False,False,False,False,False,False,False,False,False,False,False,False,False,False,False,False,False,False,False,False,False,False,False,False,False,False,True,False,False,False,True,False,379.06,715.5587499999992,-336.49874999999923
605,2,323.4,126,6.631578947368421,12,17.021052631578947,80.0,18.98520853914578,17,9.5,1,5,0.0,False,False,False,False,False,False,False,False,False,False,False,False,False,False,False,False,False,False,False,False,False,False,False,False,False,False,False,False,False,False,False,False,True,False,False,False,False,False,False,False,False,False,True,0.0,0.0,0.0
143,5,1425.84,864,10.536585365853659,24,17.388292682926828,50.4,9.459915277056217,68,16.4,3,349,0.0,False,False,False,False,False,False,False,False,False,False,False,False,False,False,False,False,False,False,False,False,False,False,False,False,False,False,False,False,False,False,False,False,False,False,False,False,False,True,False,False,False,True,False,0.0,75.23474999999999,-75.23474999999999
231,5,1033.9,435,7.767857142857143,36,18.462500000000002,56.0,7.5968190113302745,47,11.2,4,166,0.0,False,False,False,False,False,False,False,False,False,False,False,False,False,False,False,False,False,False,False,False,False,False,False,False,False,False,False,True,False,False,False,False,False,False,False,False,False,False,False,False,False,True,False,0.0,69.22875,-69.22875
529,2,227.14,220,11.0,25,11.357,46.5,33.08623821088412,20,10.0,1,12,0.9,False,False,False,False,False,False,False,False,False,False,False,False,False,False,False,False,False,False,False,False,False,False,False,False,False,False,False,False,False,False,False,False,False,False,False,False,False,True,False,False,False,False,True,0.0,0.0,0.0
28,23,7286.71,5642,12.212121212121213,48,15.772099567099568,89.7,8.986028159862839,238,20.08695652173913,9,672,0.15367965367965367,False,False,False,False,False,False,False,False,False,False,False,False,False,False,False,False,False,False,False,False,False,False,False,False,False,False,False,False,False,False,False,False,False,False,False,False,False,True,False,False,False,True,False,557.6899999999999,428.07879999999983,129.6112000000001
41,1,238.25,203,10.68421052631579,24,12.539473684210526,36.0,8.023529615161902,19,19.0,1,0,0.0,False,False,False,False,False,False,False,False,False,False,False,False,True,False,False,False,False,False,False,False,False,False,False,False,False,False,False,False,False,False,False,False,False,False,False,False,False,False,False,False,False,False,True,0.0,32.604350000000004,-32.604350000000004
209,3,108.03999999999999,-171,-5.029411764705882,12,3.177647058823529,308.82,55.35160445287943,33,11.333333333333334,2,491,0.0,False,False,False,False,False,False,False,False,False,False,False,False,False,False,False,False,False,False,False,False,False,False,False,False,False,False,False,False,False,False,False,False,False,False,False,False,False,True,False,False,False,False,True,0.0,0.0,0.0
23,19,4726.43,1855,42.15909090909091,240,107.41886363636364,708.0,192.4273065549195,12,2.263157894736842,9,679,0.0,False,False,False,False,False,False,False,False,False,False,False,False,False,False,False,False,False,False,False,False,False,False,False,False,False,False,False,False,False,False,False,False,False,False,False,False,False,True,False,False,False,True,False,204.0,1010.0491999999992,-806.0491999999992
399,1,81.36,24,24.0,24,81.36,81.36,0.0,1,1.0,1,0,0.0,False,False,False,False,False,False,False,False,False,False,False,False,False,False,False,False,False,False,False,False,False,False,False,False,False,False,False,False,False,False,False,False,False,False,False,False,False,True,False,False,False,False,True,0.0,0.0,0.0
14,3,1036.37,628,10.64406779661017,36,17.565593220338982,68.0,9.707812401606287,46,19.666666666666668,2,204,0.0,False,False,False,False,False,False,False,False,False,False,False,False,False,False,False,False,False,False,False,False,False,False,False,False,False,False,False,False,False,False,False,False,False,False,False,False,False,True,False,False,False,True,False,158.35999999999999,62.9912,95.3688
549,1,182.1,80,11.428571428571429,32,26.014285714285712,81.6,24.620548908816563,7,7.0,1,0,0.0,False,False,False,False,False,False,False,False,False,False,False,False,False,False,False,False,False,False,False,False,False,False,False,False,False,False,False,False,False,False,False,False,False,False,False,False,False,True,False,False,False,False,True,0.0,0.0,0.0
67,2,280.76,157,2.038961038961039,12,3.6462337662337663,25.5,3.9142677741554945,71,36.5,2,380,0.6103896103896104,False,False,False,False,False,False,False,False,False,False,False,False,False,False,False,False,False,False,False,False,False,False,False,False,False,False,False,False,False,False,False,False,False,False,False,False,False,True,False,False,False,True,False,0.0,17.2806,-17.2806
433,6,299.4,180,30.0,48,49.9,60.0,5.941716923583621,4,1.0,5,133,0.0,False,False,False,False,False,False,False,False,False,False,False,False,False,False,False,False,False,False,False,False,False,False,False,False,False,False,False,False,False,False,False,False,False,False,False,False,False,True,False,False,False,False,True,0.0,0.0,0.0
148,2,1517.8799999999999,923,57.6875,288,94.86749999999999,360.0,118.43577908160466,14,8.0,2,83,0.0,True,False,False,False,False,False,False,False,False,False,False,False,False,False,False,False,False,False,False,False,False,False,False,False,False,False,False,False,False,False,False,False,False,False,False,False,False,False,False,False,False,False,True,0.0,0.0,0.0
5,5,1100.83,608,9.353846153846154,24,16.935846153846153,83.4,15.163229155211683,53,13.0,3,49,0.0,False,False,False,False,False,False,False,False,False,False,False,False,False,False,False,False,False,False,False,False,False,False,False,False,False,False,False,False,False,False,False,False,False,False,False,False,False,True,False,False,False,True,False,1232.59,378.0521000000003,854.5378999999996
27,1,313.86,258,12.285714285714286,24,14.945714285714287,25.2,4.49487327010292,21,21.0,1,0,0.0,False,False,False,False,False,False,False,False,False,False,False,False,False,False,False,False,False,False,False,False,False,False,False,False,False,False,False,False,False,False,False,False,False,False,False,False,False,True,False,False,False,True,False,731.88,730.0917,1.7883000000000493
569,3,316.99,221,8.5,24,12.191923076923077,22.5,4.583139552080665,25,8.666666666666666,2,88,0.0,False,False,False,False,False,False,False,False,False,False,False,False,False,False,False,False,False,False,False,False,False,False,False,False,False,False,False,False,False,False,False,False,False,False,False,False,False,True,False,False,False,False,True,0.0,0.0,0.0
135,3,499.9,136,2.7755102040816326,10,10.20204081632653,38.25,9.840133378921546,38,15.666666666666666,3,444,0.0,False,False,False,False,False,False,False,False,False,False,False,False,False,False,False,False,False,False,False,False,False,False,False,False,False,False,False,False,False,False,False,False,False,False,False,False,False,True,False,False,False,True,False,0.0,42.60495,-42.60495
225,3,986.61,952,5.700598802395209,96,5.907844311377246,27.84,4.2630507091880805,132,55.0,3,270,0.0,False,False,False,False,False,False,False,False,False,False,False,False,False,False,False,False,False,False,False,False,False,False,False,False,False,False,False,False,False,False,False,False,False,False,False,False,False,True,False,False,False,True,False,0.0,109.54525000000001,-109.54525000000001
285,4,3426.32,2105,13.848684210526315,96,22.54157894736842,80.0,15.27969332002416,129,38.0,4,274,0.0,False,False,False,False,False,False,False,False,False,False,False,False,False,False,False,False,False,False,False,False,False,False,False,False,False,False,False,False,False,False,False,False,False,True,False,False,False,False,False,False,False,True,False,0.0,59.527950000000004,-59.527950000000004
124,15,167.42,37,1.121212121212121,2,5.073333333333333,21.95,5.013307083818691,31,2.2,7,583,0.21212121212121213,False,False,False,False,False,False,False,False,False,False,False,False,False,False,False,False,False,False,False,False,False,False,False,False,False,False,False,False,False,False,False,False,False,False,False,False,False,True,False,False,False,True,False,0.0,64.81525000000003,-64.81525000000003
282,10,2341.54,894,8.20183486238532,96,21.482018348623853,139.2,19.94801845630271,64,10.9,6,321,0.08256880733944955,False,False,False,False,False,False,False,False,False,False,False,False,False,False,False,False,False,False,False,False,False,False,False,False,False,False,False,False,False,False,False,False,False,False,False,False,False,True,False,False,False,True,False,0.0,102.24650000000001,-102.24650000000001
595,2,1160.41,986,13.506849315068493,90,15.896027397260275,39.6,6.021980049905612,57,36.5,2,57,0.0,False,False,False,False,False,False,False,False,False,False,False,False,False,False,False,False,False,False,False,False,False,False,False,False,False,False,False,False,False,False,False,False,False,False,False,False,False,True,False,False,False,False,True,0.0,0.0,0.0
118,8,1201.1200000000001,382,2.146067415730337,24,6.7478651685393265,66.0,11.008513548976039,94,22.25,7,378,0.0,False,False,False,False,False,False,False,False,False,False,False,False,False,False,False,False,False,False,False,False,False,False,False,False,False,False,False,False,False,False,False,False,False,False,False,False,False,True,False,False,False,True,False,269.77,79.52924999999999,190.24075
282,5,2303.09,1623,33.8125,144,47.98104166666667,204.0,41.832964922546346,37,9.6,4,286,0.0,False,False,False,False,False,False,False,False,False,False,False,False,False,False,False,False,False,False,False,False,False,False,False,False,False,False,False,False,False,False,False,False,False,False,False,False,False,True,False,False,False,True,False,0.0,119.98485000000001,-119.98485000000001
295,13,1948.32,871,7.776785714285714,48,17.395714285714284,50.85,10.42766173285887,80,8.615384615384615,6,407,0.2767857142857143,False,False,False,False,False,False,False,False,False,False,False,False,False,False,False,False,False,False,False,False,False,False,False,False,False,False,False,False,False,False,False,False,False,False,False,False,False,True,False,False,False,True,False,0.0,157.01435000000004,-157.01435000000004
381,1,193.48000000000002,97,2.7714285714285714,24,5.5280000000000005,35.4,7.535732448104282,29,29.0,1,0,1.0,False,False,False,False,False,False,False,False,False,False,False,False,False,False,False,False,False,False,False,False,False,False,False,False,False,False,False,False,False,False,False,False,False,False,False,False,False,True,False,False,False,True,False,168.55,315.68940000000026,-147.13940000000025
357,4,356.71,367,14.68,250,14.2684,180.0,35.39131316203643,25,6.25,2,264,0.0,False,False,False,False,False,False,False,False,False,False,False,False,False,False,False,False,False,False,False,False,False,False,False,False,False,False,False,False,False,False,False,False,False,False,False,False,False,True,False,False,False,False,True,0.0,-0.029500000000000002,0.029500000000000002
22,16,3897.21,2276,11.494949494949495,48,19.68287878787879,59.4,9.055092814748516,136,12.375,10,509,0.08080808080808081,False,False,False,False,False,False,False,False,False,False,False,False,False,False,False,False,False,False,False,False,False,False,False,False,False,False,False,False,False,False,False,False,False,False,False,False,False,True,False,False,False,True,False,396.65,269.8378000000001,126.8121999999999
539,1,87.80000000000001,40,8.0,12,17.560000000000002,19.8,2.991947526277827,5,5.0,1,0,0.0,False,False,False,False,False,False,False,False,False,False,False,False,False,False,False,False,False,False,False,False,False,False,False,False,False,False,False,False,False,False,False,False,False,False,False,False,False,True,False,False,False,False,True,0.0,0.0,0.0
111,3,207.74,60,5.454545454545454,12,18.885454545454547,45.0,18.94801116932137,10,3.6666666666666665,1,20,0.09090909090909091,False,False,False,False,False,False,False,False,False,False,False,False,False,False,False,False,False,False,False,False,False,False,False,False,False,False,False,False,False,False,False,False,False,False,False,False,False,True,False,False,False,False,True,0.0,0.8672,-0.8672
143,16,3839.3,1466,2.8355899419729207,36,7.426112185686654,323.55,16.80162599905724,377,31.4375,7,511,0.2205029013539652,False,False,False,False,False,False,False,False,False,False,False,False,False,False,False,False,False,False,False,False,False,False,False,False,False,False,False,False,False,False,False,False,False,False,False,False,False,True,False,False,False,True,False,584.66,337.4050500000001,247.2549499999999
23,5,1800.07,950,13.768115942028986,64,26.08797101449275,99.0,19.841713530405514,67,13.8,5,186,0.07246376811594203,False,False,False,False,False,False,False,False,False,False,False,False,False,False,False,False,False,False,False,False,False,False,False,False,False,False,False,False,False,False,False,False,False,False,False,False,False,True,False,False,False,True,False,0.0,489.7035500000001,-489.7035500000001
14,1,449.45,243,11.045454545454545,24,20.429545454545455,84.0,19.12305152907218,22,22.0,1,0,0.0,False,False,False,False,False,False,False,False,False,False,False,False,False,False,False,False,False,False,False,False,False,False,False,False,False,False,False,False,False,False,False,True,False,False,False,False,False,False,False,False,False,False,True,0.0,24.163750000000004,-24.163750000000004
338,4,902.4,773,20.342105263157894,216,23.74736842105263,114.48,23.505157304614055,35,9.5,4,222,0.0,False,False,False,False,False,False,False,False,False,False,False,False,False,False,False,False,False,False,False,False,False,False,False,False,False,False,False,False,False,False,False,False,False,False,False,False,False,True,False,False,False,True,False,0.0,85.01009999999998,-85.01009999999998
633,1,269.21,93,4.65,16,13.4605,35.4,9.920346701814939,20,20.0,1,0,1.0,False,False,False,False,False,False,False,False,False,False,False,False,False,False,False,False,False,False,False,False,False,False,False,False,False,False,False,False,False,False,False,False,False,False,False,False,False,True,False,False,False,False,True,0.0,0.0,0.0
13,1,108.44999999999999,21,10.5,12,54.224999999999994,59.4,7.318555185280766,2,2.0,1,0,0.0,False,False,False,False,False,False,False,False,False,False,False,False,False,False,False,False,False,False,False,False,False,False,False,False,False,False,False,False,False,False,False,False,False,False,False,False,False,True,False,False,False,False,True,766.14,178.34660000000002,587.7934
169,4,800.65,738,14.470588235294118,50,15.699019607843137,127.5,17.437034983609106,49,12.75,3,228,0.0,False,False,False,False,False,False,False,False,False,False,False,False,False,False,False,False,False,False,False,False,False,False,False,False,False,False,False,False,False,False,False,False,False,False,False,False,False,True,False,False,False,True,False,0.0,78.11075,-78.11075
364,2,843.74,376,7.52,25,16.8748,31.8,5.202485763791092,49,25.0,2,114,0.0,False,False,False,False,False,False,False,False,False,False,False,False,False,False,False,False,False,False,False,False,False,False,False,False,False,False,False,False,False,False,False,False,False,False,False,False,False,True,False,False,False,False,True,0.0,0.0,0.0
623,1,82.4,52,8.666666666666666,10,13.733333333333334,19.9,3.9403891516786342,6,6.0,1,0,0.0,False,False,False,False,False,False,False,False,False,False,False,False,False,False,False,False,False,False,False,False,False,False,False,False,False,False,False,False,False,False,False,False,False,False,False,False,False,True,False,False,False,False,True,0.0,0.0,0.0
127,9,1417.15,793,2.617161716171617,64,4.677062706270627,39.6,5.077267048470602,256,32.77777777777778,5,572,0.19471947194719472,False,False,False,False,False,False,False,False,False,False,False,False,False,False,False,False,False,False,False,False,False,False,False,False,False,False,False,False,False,False,False,False,False,False,False,False,False,True,False,False,False,True,False,0.0,158.9788,-158.9788
9,3,623.46,464,13.257142857142858,48,17.813142857142857,59.85,17.268329864307116,32,11.666666666666666,2,25,0.0,False,False,False,False,False,False,False,False,False,False,False,False,False,False,False,False,False,False,False,False,False,False,False,False,False,False,False,False,False,False,False,False,False,False,False,False,False,True,False,False,False,True,False,507.82,312.7073999999997,195.11260000000027
649,1,171.13,95,5.0,12,9.006842105263157,19.8,5.890151905824179,19,19.0,1,0,0.0,False,False,False,False,False,False,False,False,False,False,False,False,False,False,False,False,False,False,False,False,False,False,False,False,False,False,False,False,False,False,False,False,False,False,False,False,False,True,False,False,False,False,True,0.0,0.0,0.0
73,7,2420.06,1924,8.329004329004329,48,10.476450216450216,45.0,7.1900419328696445,171,32.285714285714285,4,620,0.7532467532467533,False,False,False,False,False,False,False,False,False,False,False,False,False,False,False,False,False,False,False,False,False,False,False,False,False,False,False,False,False,False,False,False,False,False,False,False,False,True,False,False,False,True,False,330.64,176.9222,153.71779999999998
7,52,22256.14,12994,35.79614325068871,484,61.31168044077135,330.0,55.914626123865254,114,6.980769230769231,12,700,0.14600550964187328,False,False,False,False,False,False,False,False,False,False,False,False,False,False,False,False,False,False,False,False,False,False,False,False,False,False,False,False,False,False,False,False,False,False,False,False,False,True,False,False,False,True,False,663.26,1634.6895500000005,-971.4295500000005
444,1,536.41,395,7.314814814814815,36,9.933518518518518,46.8,9.122665358079274,49,49.0,1,0,0.0,False,False,False,False,False,False,False,False,False,False,False,False,False,False,False,False,False,False,False,False,False,False,False,False,False,False,False,False,False,False,False,False,False,False,False,False,False,False,False,True,False,False,True,0.0,0.0,0.0
49,6,869.85,257,6.589743589743589,18,22.303846153846155,91.8,25.955015194855545,29,6.5,4,327,0.0,False,False,False,False,False,False,False,False,False,False,False,False,False,False,False,False,False,False,False,False,False,False,False,False,False,False,False,False,False,False,False,False,False,False,False,False,False,True,False,False,False,True,False,359.03999999999996,71.44074999999998,287.59925
246,2,246.51,166,5.03030303030303,48,7.47,40.8,8.647993625691452,32,16.5,1,0,0.0,False,False,False,False,False,False,False,False,False,False,False,False,False,False,False,False,False,False,False,False,False,False,False,False,False,False,False,False,False,False,False,False,False,False,False,False,False,True,False,False,False,True,False,401.75,352.4249000000003,49.32509999999968
41,4,1777.49,986,11.738095238095237,72,21.160595238095237,80.0,15.245058638602702,71,21.0,4,416,0.0,False,False,False,False,False,False,False,False,False,False,False,False,False,False,False,False,False,False,False,False,False,False,False,False,False,False,False,False,False,False,False,False,False,True,False,False,False,False,False,False,False,True,False,0.0,46.172999999999995,-46.172999999999995
693,1,329.58000000000004,338,30.727272727272727,144,29.961818181818185,107.4,27.04272982455056,11,11.0,1,0,0.0,False,False,False,False,False,False,False,False,False,False,False,False,False,False,False,False,False,False,False,False,False,False,False,False,False,False,False,False,False,False,False,False,False,False,False,False,False,True,False,False,False,False,True,0.0,0.0,0.0
492,1,13.92,48,48.0,48,13.92,13.92,0.0,1,1.0,1,0,0.0,False,False,False,False,False,False,False,False,False,False,False,False,False,False,False,False,False,False,False,False,False,False,False,False,False,False,False,False,False,False,False,False,False,False,False,False,False,True,False,False,False,False,True,0.0,0.0,0.0
343,2,410.79,125,1.9841269841269842,14,6.520476190476191,49.75,7.023220800654536,63,31.5,2,194,0.0,False,False,False,False,False,False,False,False,False,False,False,False,False,False,False,False,False,False,False,False,False,False,False,False,False,False,False,False,False,False,False,False,False,False,False,False,False,True,False,False,False,True,False,0.0,167.57154999999995,-167.57154999999995
577,1,303.63,127,6.684210526315789,12,15.980526315789474,23.8,2.9533285810424728,19,19.0,1,0,0.0,False,False,False,False,False,False,False,False,False,False,False,False,False,False,False,False,False,False,False,False,False,False,False,False,False,False,False,False,False,False,False,False,False,False,False,False,False,True,False,False,False,False,True,0.0,0.0,0.0
378,2,312.35,136,1.5813953488372092,12,3.631976744186047,16.95,2.650595413583829,82,42.0,2,121,0.0,False,False,False,False,False,False,False,False,False,False,False,False,False,False,False,False,False,False,False,False,False,False,False,False,False,False,False,False,False,False,False,False,False,False,False,False,False,True,False,False,False,False,True,0.0,0.0,0.0
22,11,6245.41,4470,7.039370078740157,72,9.835291338582676,67.05,8.877288874537722,362,57.18181818181818,7,679,0.0,False,False,False,False,False,False,False,False,False,False,False,False,False,False,False,False,False,False,False,False,False,False,False,False,False,False,False,False,False,False,False,False,False,False,False,False,False,True,False,False,False,True,False,0.0,403.4491500000001,-403.4491500000001
518,4,637.03,295,7.564102564102564,24,16.33410256410256,95.4,14.0940033381033,33,9.75,2,36,0.0,False,False,False,False,False,False,False,False,False,False,False,False,False,False,False,False,False,False,False,False,False,False,False,False,False,False,False,False,False,False,False,False,False,False,False,False,False,True,False,False,False,False,True,0.0,0.0,0.0
101,11,1419.6,1507,9.41875,144,8.872499999999999,60.0,10.681587814505562,122,14.454545454545455,5,159,0.0,False,False,False,False,False,False,False,False,False,False,False,False,False,False,False,False,False,False,False,False,False,False,False,False,False,False,False,False,False,False,False,False,False,False,False,False,False,True,False,False,False,True,False,196.85,211.66370000000003,-14.81370000000004
41,2,728.27,616,13.106382978723405,96,15.495106382978722,45.0,6.794766487442479,44,23.5,1,15,0.0,False,False,False,False,False,False,False,False,False,False,False,False,False,False,False,False,False,False,False,False,False,False,False,False,False,False,False,False,False,False,False,False,False,False,False,False,False,True,False,False,False,False,True,379.19,4.20725,374.98275
41,5,598.9499999999999,487,15.21875,72,18.717187499999998,76.32,20.136634282366412,25,6.4,2,455,0.0,False,False,False,False,False,False,False,False,False,False,False,False,False,False,False,False,False,False,False,False,False,False,False,False,False,False,False,False,False,False,False,False,False,False,False,False,False,True,False,False,False,True,False,303.85,54.3811,249.46890000000002
117,9,2502.2599999999998,1132,11.434343434343434,144,25.27535353535353,135.0,24.9019579311007,78,11.0,5,582,0.24242424242424243,False,False,False,False,False,False,False,False,False,False,False,False,False,False,False,False,False,False,False,False,False,False,False,False,False,False,False,False,False,False,False,False,False,False,False,False,False,True,False,False,False,True,False,307.15,118.37375000000002,188.77624999999995
273,5,861.01,430,2.9452054794520546,24,5.8973287671232875,30.0,4.958869767097015,126,28.8,4,350,0.7945205479452054,False,False,False,False,False,False,False,False,False,False,False,False,False,False,False,False,False,False,False,False,False,False,False,False,False,False,False,False,False,False,False,False,False,False,False,False,False,True,False,False,False,True,False,0.0,51.53845000000001,-51.53845000000001
374,1,516.28,286,13.0,24,23.467272727272725,45.0,9.430807763120562,22,22.0,1,0,0.0,False,False,False,False,False,False,False,False,False,False,False,False,False,False,False,False,False,False,False,False,False,False,False,False,False,False,False,False,False,False,False,False,False,False,False,False,False,True,False,False,False,False,True,0.0,0.0,0.0
48,4,586.41,241,12.68421052631579,36,30.863684210526316,99.0,29.09927379974481,16,4.75,2,477,0.5263157894736842,False,False,False,False,False,False,False,False,False,False,False,False,False,False,False,False,False,False,False,False,False,False,False,False,False,False,False,False,False,False,False,False,False,False,False,False,False,True,False,False,False,True,False,197.55,28.99699999999999,168.55300000000003
16,2,179.34,203,29.0,75,25.62,39.6,10.079821426989668,7,3.5,2,62,0.0,False,False,False,False,False,False,False,False,False,False,False,False,False,False,False,False,False,False,False,False,False,False,False,False,False,False,False,False,False,False,False,False,False,False,False,False,False,True,False,False,False,False,True,0.0,73.96005000000004,-73.96005000000004
15,2,431.0,610,4.88,100,3.448,18.72,3.368945225954834,108,56.5,1,12,0.0,False,False,False,False,False,False,False,False,False,False,False,False,False,False,False,False,False,False,False,False,False,False,False,False,False,False,False,False,False,False,False,False,False,False,False,False,False,True,False,False,False,False,True,323.12,28.4155,294.7045
174,3,393.28000000000003,188,6.266666666666667,36,13.109333333333334,30.0,9.89649256340201,26,10.0,2,79,0.0,False,False,False,False,False,False,False,False,False,False,False,False,False,False,False,False,False,False,False,False,False,False,False,False,False,False,False,False,False,False,False,False,False,False,False,False,False,True,False,False,False,False,True,0.0,0.0,0.0
514,2,664.1999999999999,280,16.470588235294116,32,39.07058823529411,81.6,30.846854878291122,14,8.5,2,83,0.4117647058823529,False,False,False,False,False,False,False,False,False,False,False,False,False,False,False,False,False,False,False,False,False,False,False,False,False,False,False,False,False,False,False,False,False,False,False,False,False,True,False,False,False,False,True,0.0,0.0,0.0
97,18,5799.01,2635,36.59722222222222,240,80.54180555555556,496.8,91.91159741266374,30,4.0,10,605,0.0,False,False,False,False,False,False,False,False,False,False,False,False,False,False,False,False,False,False,False,False,False,False,False,False,False,False,False,False,False,False,False,False,False,False,False,False,False,True,False,False,False,True,False,0.0,556.5584999999993,-556.5584999999993
398,5,1178.71,651,8.797297297297296,36,15.928513513513513,70.8,9.711910451059765,56,14.8,5,165,0.2702702702702703,False,False,False,False,False,False,False,False,False,False,False,False,False,False,False,False,False,False,False,False,False,False,False,False,False,False,False,False,False,False,False,False,False,False,False,False,False,True,False,False,False,False,True,0.0,0.0,0.0
57,4,625.97,233,1.7259259259259259,13,4.636814814814815,38.35,4.5636339362679506,112,32.5,3,427,0.0,False,False,False,False,False,False,False,False,False,False,False,False,False,False,False,False,False,False,False,False,False,False,False,False,False,False,False,False,False,False,False,False,False,False,False,False,False,True,False,False,False,True,False,177.93,91.04435000000004,86.88564999999997
11,24,6673.08,5582,3.368738684369342,210,4.027205793602897,304.5,11.390620393488906,676,67.5,8,695,0.17742908871454435,False,False,False,False,False,False,False,False,False,False,False,False,False,False,False,False,False,False,False,False,False,False,False,False,False,False,False,False,False,False,False,False,False,False,False,False,False,True,False,False,False,True,False,821.59,888.0009499999999,-66.41094999999984
1,33,11017.3,6171,2.309505988023952,72,4.123241017964071,61.2,4.627666864771146,792,76.39393939393939,11,704,0.45434131736526945,False,False,False,False,False,False,False,False,False,False,False,False,False,False,False,False,False,False,False,False,False,False,False,False,False,False,False,False,False,False,False,False,False,False,False,False,False,True,False,False,False,True,False,1741.95,962.8087500000005,779.1412499999996
15,3,341.24,222,8.222222222222221,72,12.638518518518518,82.5,19.833369065542758,27,9.0,3,525,0.0,False,False,False,False,False,False,False,False,False,False,False,False,False,False,False,False,False,False,False,False,False,False,False,False,False,False,False,False,False,False,False,False,False,False,False,False,False,True,False,False,False,True,False,0.0,30.865900000000007,-30.865900000000007
239,3,44.95,13,2.6,12,8.99,59.9,34.42759431037841,3,1.6666666666666667,2,161,0.0,False,False,False,False,False,False,False,False,False,False,False,False,False,False,False,False,False,False,False,False,False,False,False,False,False,False,False,False,False,False,False,False,False,False,False,False,False,True,False,False,False,False,True,0.0,0.0,0.0
343,10,2144.17,1052,8.416,96,17.15336,36.48,6.920364635181513,90,12.5,5,115,0.0,False,False,False,False,False,False,False,False,False,False,False,False,False,False,False,False,False,False,False,False,False,False,False,False,False,False,False,False,False,False,False,False,False,False,False,False,False,True,False,False,False,True,False,0.0,227.84179999999992,-227.84179999999992
273,2,631.17,301,7.921052631578948,24,16.609736842105264,39.9,7.666610825553745,38,19.0,2,324,0.0,False,False,False,False,False,False,False,False,False,False,False,False,False,False,False,False,False,False,False,False,False,False,False,False,False,False,False,False,False,False,False,False,False,False,False,False,False,True,False,False,False,True,False,0.0,30.578349999999997,-30.578349999999997
60,4,1358.95,861,10.62962962962963,48,16.77716049382716,45.9,5.761744144477413,80,20.25,4,500,0.1111111111111111,False,False,False,False,False,False,False,False,False,False,False,False,False,False,False,False,False,False,False,False,False,False,False,False,False,False,False,False,False,False,False,False,False,False,False,False,False,True,False,False,False,True,False,0.0,83.62765000000002,-83.62765000000002
541,2,282.92,108,8.307692307692308,72,21.763076923076923,76.32,19.37274218440925,12,6.5,1,13,0.0,False,False,False,False,False,False,False,False,False,False,False,False,False,False,False,False,False,False,False,False,False,False,False,False,False,False,False,False,False,False,False,False,False,False,False,False,False,True,False,False,False,False,True,0.0,0.0,0.0
512,1,7.49,1,1.0,1,7.49,7.49,0.0,1,1.0,1,0,0.0,False,False,False,False,False,False,False,False,False,False,False,False,False,False,False,False,False,False,False,False,False,False,False,False,False,False,False,False,False,False,False,False,False,False,False,False,False,True,False,False,False,False,True,0.0,0.0,0.0
434,5,379.56,122,1.7428571428571429,12,5.422285714285715,76.2,10.876156766254374,63,13.4,3,238,0.0,False,False,False,False,False,False,False,False,False,False,False,False,False,False,False,False,False,False,False,False,False,False,False,False,False,False,False,False,False,False,False,False,False,False,False,False,False,True,False,False,False,False,True,0.0,0.0,0.0
398,1,40.56,24,24.0,24,40.56,40.56,0.0,1,1.0,1,0,0.0,False,False,False,False,False,False,False,False,False,False,False,False,False,False,False,False,False,False,False,False,False,False,False,False,False,False,False,False,False,False,False,False,False,False,False,False,False,True,False,False,False,False,True,0.0,0.0,0.0
18,14,3295.8,1768,5.777777777777778,48,10.770588235294118,50.0,7.7887210789889885,191,21.642857142857142,6,678,0.803921568627451,False,False,False,False,False,False,False,False,False,False,False,False,False,False,False,False,False,False,False,False,False,False,False,False,False,False,False,False,False,False,False,False,False,False,False,False,False,True,False,False,False,True,False,433.0,384.13145000000026,48.86854999999974
10,5,1539.69,804,9.571428571428571,100,18.329642857142858,50.4,11.112762926964303,69,16.8,3,89,0.0,False,False,False,False,False,False,False,False,False,False,False,False,False,False,False,False,False,False,False,False,False,False,False,False,False,False,False,False,False,False,False,False,False,False,False,False,False,True,False,False,False,True,False,0.0,195.74874999999997,-195.74874999999997
271,4,1001.46,339,8.071428571428571,24,23.844285714285714,160.0,25.202835413738388,36,10.5,2,201,0.3333333333333333,False,False,False,False,False,False,False,False,False,False,False,False,False,False,False,False,False,False,False,False,False,False,False,False,False,False,False,False,False,False,False,False,False,True,False,False,False,False,False,False,False,True,False,0.0,106.39904999999999,-106.39904999999999
301,2,402.71,143,6.217391304347826,12,17.50913043478261,39.6,5.676862860485437,21,11.5,2,205,0.0,False,False,False,False,False,False,False,False,False,False,False,False,False,False,False,False,False,False,False,False,False,False,False,False,False,False,False,False,False,False,False,False,False,False,False,False,False,True,False,False,False,True,False,0.0,50.1507,-50.1507
15,3,928.48,589,7.75,50,12.216842105263158,52.02,9.641287909890645,65,25.0,3,439,0.0,False,False,False,False,False,False,False,False,False,False,False,False,False,False,False,False,False,False,False,False,False,False,False,False,False,False,False,False,False,False,False,False,False,False,False,False,False,True,False,False,False,True,False,416.58,42.94469999999998,373.63530000000003
36,6,527.77,402,11.485714285714286,26,15.079142857142857,45.9,13.73345857888009,30,5.833333333333333,5,461,0.0,False,False,False,False,False,False,False,False,False,False,False,False,False,False,False,False,False,False,False,False,False,False,False,False,False,False,False,False,False,False,False,False,False,False,False,False,False,True,False,False,False,True,False,0.0,40.17775,-40.17775
359,5,1739.92,664,66.4,100,173.99200000000002,325.44,133.32179256720684,6,2.0,5,300,0.0,False,False,False,False,False,False,False,False,False,False,False,False,False,False,False,False,False,False,False,False,False,False,False,False,False,False,False,False,False,False,False,False,False,False,False,False,False,True,False,False,False,True,False,0.0,53.010149999999996,-53.010149999999996
69,5,2398.71,991,12.234567901234568,48,29.613703703703703,79.6,15.738471371486847,54,16.2,5,567,0.0,False,False,False,False,False,False,False,False,False,False,False,False,True,False,False,False,False,False,False,False,False,False,False,False,False,False,False,False,False,False,False,False,False,False,False,False,False,False,False,False,False,True,False,1351.68,266.5329500000001,1085.14705
701,1,234.38,74,4.625,12,14.64875,27.0,4.562794282746776,16,16.0,1,0,0.0,False,False,False,False,False,False,False,False,False,False,False,False,False,False,False,False,False,False,False,False,False,False,False,False,False,False,False,False,False,False,False,False,False,False,False,False,False,True,False,False,False,False,True,0.0,0.0,0.0
42,1,957.97,339,7.533333333333333,40,21.288222222222224,102.0,15.044272285021254,45,45.0,1,0,0.0,False,False,False,False,False,False,False,False,False,False,False,False,False,False,False,False,False,False,False,False,False,False,False,False,False,False,False,False,False,False,False,False,False,False,False,False,False,True,False,False,False,False,True,0.0,91.70859999999995,-91.70859999999995
50,2,983.33,682,3.8971428571428572,96,5.619028571428571,27.84,4.726282429418204,141,85.0,2,61,0.0,False,False,False,False,False,False,False,False,False,False,False,False,False,False,False,False,False,False,False,False,False,False,False,False,False,False,False,False,False,False,False,False,False,False,False,False,False,True,False,False,False,True,False,315.33,626.1536499999997,-310.82364999999976
19,22,26873.62,85142,2076.6341463414633,10000,655.4541463414633,3707.4,1112.828829865527,13,1.8636363636363635,10,687,0.0,False,False,False,False,False,False,False,False,False,False,False,False,False,False,False,False,False,False,False,False,False,False,False,False,False,False,False,False,False,False,False,False,False,False,False,False,False,True,False,False,False,True,False,0.0,4668.4109000000035,-4668.4109000000035
381,1,404.45,304,3.340659340659341,25,4.444505494505495,25.5,4.4082672997540175,84,84.0,1,0,1.0,False,False,False,False,False,False,False,False,False,False,False,False,False,False,False,False,False,False,False,False,False,False,False,False,False,False,False,False,False,False,False,False,False,False,False,False,False,True,False,False,False,False,True,0.0,0.0,0.0
371,3,434.2,145,2.7884615384615383,12,8.35,37.9,8.848332733168588,44,17.0,3,300,0.0,False,False,False,False,False,False,False,False,False,False,False,False,False,False,False,False,False,False,False,False,False,False,False,False,False,False,False,False,False,False,False,False,False,False,False,False,False,True,False,False,False,True,False,0.0,90.94545,-90.94545
667,3,360.34999999999997,244,3.388888888888889,24,5.0048611111111105,38.25,7.126019174561126,66,23.666666666666668,1,0,0.0,False,False,False,False,False,False,False,False,False,False,False,False,False,False,False,False,False,False,False,False,False,False,False,False,False,False,False,False,False,False,False,False,False,False,False,False,False,True,False,False,False,False,True,0.0,0.0,0.0
44,3,787.52,371,8.244444444444444,30,17.500444444444444,62.4,14.46065224788783,38,15.0,2,407,0.24444444444444444,False,False,False,False,False,False,False,False,False,False,False,False,False,False,False,False,False,False,False,False,False,False,False,False,False,False,False,False,False,False,False,False,False,False,False,False,False,True,False,False,False,True,False,0.0,54.408100000000005,-54.408100000000005
23,42,22316.22,12403,17.769340974212035,600,31.97166189111748,390.0,43.76297968513328,305,16.61904761904762,11,616,0.07593123209169055,False,False,False,False,False,False,False,False,False,False,False,False,False,True,False,False,False,False,False,False,False,False,False,False,False,False,False,False,False,False,False,False,False,False,False,False,False,False,False,False,False,True,False,1798.48,1204.382799999999,594.0972000000011
2,11,2032.3,1235,4.608208955223881,48,7.58320895522388,90.0,10.465932899736751,202,22.90909090909091,6,609,0.5149253731343284,False,False,False,False,False,False,False,False,False,False,False,False,False,False,False,False,False,False,False,False,False,False,False,False,False,False,False,False,False,False,False,False,False,False,False,False,False,True,False,False,False,True,False,0.0,99.14755000000001,-99.14755000000001
43,3,1751.73,747,7.545454545454546,24,17.694242424242425,39.8,5.952621458344641,88,33.0,3,181,0.0,False,False,False,False,False,False,False,False,False,False,False,False,False,False,False,False,False,False,False,False,False,False,False,False,False,False,False,False,False,False,False,False,False,False,False,False,False,True,False,False,False,True,False,239.28,240.1415999999999,-0.8615999999998962
70,14,3203.25,2993,16.90960451977401,60,18.097457627118644,69.6,11.316633964879722,106,12.642857142857142,5,442,0.22598870056497175,False,False,False,False,False,False,False,False,False,False,False,False,False,False,False,False,False,False,False,False,False,False,False,False,False,False,False,False,False,False,False,False,False,False,False,False,False,True,False,False,False,True,False,0.0,282.3837,-282.3837
15,3,1845.34,1586,14.55045871559633,96,16.929724770642203,35.4,6.652175425115482,108,36.333333333333336,3,60,0.0,False,False,False,False,False,False,False,False,False,False,False,False,False,False,False,False,False,False,False,False,False,False,False,False,False,False,False,False,False,False,False,False,False,False,False,False,False,True,False,False,False,True,False,752.1800000000001,387.6511000000001,364.52889999999996
33,6,5181.99,3220,60.75471698113208,192,97.77339622641509,204.0,54.857900733250965,50,8.833333333333334,5,371,0.0,False,False,False,False,False,False,False,False,False,False,False,False,False,False,False,False,False,False,False,False,False,False,False,False,False,False,False,False,False,False,False,False,False,False,False,False,False,True,False,False,False,True,False,0.0,149.53545000000005,-149.53545000000005
9,5,938.98,434,9.041666666666666,24,19.562083333333334,80.0,15.656408103914258,31,9.6,4,558,0.0,False,False,False,False,False,False,False,False,False,False,False,True,False,False,False,False,False,False,False,False,False,False,False,False,False,False,False,False,False,False,False,False,False,False,False,False,False,False,False,False,False,True,False,0.0,76.91425000000001,-76.91425000000001
20,3,693.0,1104,23.0,72,14.4375,51.0,8.958823892225748,38,16.0,2,25,0.5,False,False,False,False,False,False,False,False,False,False,False,False,False,False,False,False,False,False,False,False,False,False,False,False,False,False,False,False,False,False,False,False,False,False,False,False,False,True,False,False,False,True,False,313.8,911.1543500000006,-597.3543500000005
7,2,332.64,332,12.76923076923077,25,12.793846153846154,19.8,4.275716620098275,24,13.0,2,257,0.0,False,False,False,False,False,False,False,False,False,False,False,False,False,False,False,False,False,False,False,False,False,False,False,False,False,False,False,False,False,False,False,False,False,False,False,False,False,True,False,False,False,True,False,0.0,136.0222500000001,-136.0222500000001
66,18,4020.47,2535,5.32563025210084,96,8.446365546218487,40.32,7.363850138901518,219,26.27777777777778,11,588,0.43907563025210083,False,False,False,False,False,False,False,False,False,False,False,False,False,False,False,False,False,False,False,False,False,False,False,False,False,False,False,False,False,False,False,False,False,False,False,False,False,True,False,False,False,True,False,437.12,309.8465500000001,127.27344999999991
70,3,236.7,90,15.0,24,39.449999999999996,61.2,23.825931251474724,3,2.0,3,176,0.3333333333333333,False,False,False,False,False,False,False,False,False,False,False,False,False,False,False,False,False,False,False,False,False,False,False,False,False,False,False,False,False,False,False,False,False,False,False,False,False,True,False,False,False,True,False,183.60000000000002,67.39309999999998,116.20690000000005
356,1,172.8,159,13.25,25,14.4,17.7,3.503245248726853,12,12.0,1,0,0.0,False,False,False,False,False,False,False,False,False,False,False,False,False,False,False,False,False,False,False,False,False,False,False,False,False,False,False,False,False,False,False,False,False,False,False,False,False,True,False,False,False,False,True,0.0,0.0,0.0
58,2,1840.32,1452,36.3,144,46.007999999999996,238.8,42.05839061992817,37,20.0,1,350,0.0,False,False,False,False,False,False,False,False,False,False,False,False,False,False,False,False,False,False,False,False,False,False,False,False,False,False,False,False,False,False,False,False,False,False,False,False,False,True,False,False,False,True,False,0.0,56.411049999999996,-56.411049999999996
400,7,-2531.3799999999997,2692,99.70370370370371,480,-93.75481481481481,784.8,1485.6836590047083,21,3.857142857142857,3,308,0.3333333333333333,False,False,False,False,False,False,False,False,False,False,False,False,False,False,False,False,False,False,False,False,False,False,False,False,False,False,False,False,False,False,False,False,False,False,False,False,False,True,False,False,False,False,True,0.0,7.9815499999999995,-7.9815499999999995
60,4,1444.58,560,9.824561403508772,24,25.343508771929823,71.6,14.252437822956574,39,14.25,3,479,0.2982456140350877,False,False,False,False,False,False,False,False,False,False,False,False,False,False,False,False,False,False,False,False,False,False,False,False,False,False,False,False,False,False,False,False,False,False,False,False,False,True,False,False,False,True,False,0.0,93.75945000000002,-93.75945000000002
21,29,10076.93,3966,15.864,96,40.30772,244.08,59.23029202337514,131,8.620689655172415,12,679,0.052,False,False,False,False,False,False,False,False,False,False,False,False,False,False,False,False,False,False,False,False,False,False,False,False,False,False,False,False,False,False,False,False,False,False,False,False,False,True,False,False,False,True,False,1090.07,880.6935500000009,209.37644999999907
613,1,317.88,128,18.285714285714285,36,45.41142857142857,75.6,20.088726049347038,7,7.0,1,0,1.0,False,False,False,False,False,False,False,False,False,False,False,False,False,False,False,False,False,False,False,False,False,False,False,False,False,False,False,False,False,False,False,False,False,False,False,False,False,True,False,False,False,False,True,0.0,0.0,0.0
652,1,-10.5,-1,-1.0,-1,-10.5,-10.5,0.0,1,1.0,1,0,0.0,False,False,False,False,False,False,False,False,False,False,False,False,False,False,False,False,False,False,False,False,False,False,False,False,False,False,False,False,False,False,False,False,False,False,False,False,False,False,False,False,False,False,False,0.0,0.0,0.0
121,3,483.12,120,12.0,24,48.312,71.4,20.43040479285714,8,3.3333333333333335,3,461,0.0,False,False,False,False,False,False,False,False,False,False,False,False,False,False,False,False,False,False,False,False,False,False,False,False,False,False,False,False,False,False,False,False,False,False,False,False,False,True,False,False,False,True,False,52.74,21.3148,31.4252
27,16,2610.09,834,3.336,96,10.44036,81.6,11.535776246305197,131,15.5625,10,384,0.0,False,False,False,False,False,False,False,False,False,False,False,False,False,False,False,False,False,False,False,False,False,False,False,False,False,False,False,False,False,False,False,False,False,False,False,False,False,True,False,False,False,True,False,129.15,128.2701,0.8798999999999921
436,2,325.37,270,4.090909090909091,25,4.929848484848485,30.0,4.641562565948352,60,31.5,2,34,0.0,False,False,False,False,False,False,False,False,False,False,False,False,False,False,False,False,False,False,False,False,False,False,False,True,False,False,False,False,False,False,False,False,False,False,False,False,False,False,False,False,False,False,True,0.0,0.0,0.0
480,1,221.59,95,2.2093023255813953,16,5.153255813953488,60.0,8.898876526449902,43,43.0,1,0,1.0,False,False,False,False,False,False,False,False,False,False,False,False,False,False,False,False,False,False,False,False,False,False,False,False,False,False,False,False,False,False,False,False,False,False,False,False,False,True,False,False,False,False,True,0.0,0.0,0.0
334,5,700.45,191,14.692307692307692,60,53.88076923076923,207.0,81.40750000885858,7,2.6,4,191,0.0,False,False,False,False,False,False,False,False,False,False,False,False,False,False,False,False,False,False,False,False,False,False,False,False,False,False,False,False,False,False,False,False,False,False,False,False,False,True,False,False,False,True,False,0.0,86.66199999999999,-86.66199999999999
83,5,827.6800000000001,294,5.547169811320755,50,15.616603773584908,79.9,14.76988801887088,44,10.4,5,316,0.16981132075471697,False,False,False,False,False,False,False,False,False,False,False,False,False,False,False,False,False,False,False,False,False,False,False,False,False,False,False,False,False,False,False,False,False,False,False,False,False,True,False,False,False,True,False,0.0,40.48424999999999,-40.48424999999999
63,14,3086.7999999999997,1931,10.909604519774012,48,17.439548022598867,63.6,10.95405377532617,140,12.642857142857142,9,546,0.05084745762711865,False,False,False,False,False,False,False,False,False,False,False,False,False,False,False,False,False,False,False,False,False,False,False,False,False,False,False,False,False,False,False,False,False,False,False,False,False,True,False,False,False,True,False,529.61,185.56950000000003,344.04049999999995
282,5,946.47,925,10.755813953488373,144,11.00546511627907,79.2,12.11283467644006,73,17.2,5,376,0.0,False,False,False,False,False,False,False,False,False,False,False,False,False,False,False,False,False,False,False,False,False,False,False,False,False,False,False,False,False,False,False,False,False,False,False,False,False,True,False,False,False,True,False,0.0,81.40230000000003,-81.40230000000003
14,3,1378.93,1014,12.365853658536585,72,16.816219512195122,67.85,13.24131475328881,82,27.333333333333332,2,351,0.0,False,False,False,False,False,False,False,False,False,False,False,False,False,False,False,False,False,False,False,False,False,False,False,False,False,False,False,False,False,False,False,False,False,False,False,False,False,True,False,False,False,True,False,0.0,88.522,-88.522
426,4,2423.88,526,15.470588235294118,60,71.29058823529412,297.0,87.19571861678781,28,8.5,4,274,0.0,False,False,False,False,False,False,False,False,False,False,False,False,False,False,False,False,False,False,False,False,False,False,False,False,False,False,False,False,False,False,False,False,False,False,False,False,False,True,False,False,False,True,False,0.0,111.94795,-111.94795
438,1,167.16,140,11.666666666666666,24,13.93,19.8,4.662420362468793,12,12.0,1,0,1.0,False,False,False,False,False,False,False,False,False,False,False,False,False,False,False,False,False,False,False,False,False,False,False,False,False,False,False,False,False,False,False,False,False,False,False,False,False,True,False,False,False,False,True,0.0,0.0,0.0
3,6,1260.31,698,2.2088607594936707,24,3.9883227848101264,30.0,4.036036013445421,271,50.0,3,573,0.35443037974683544,False,False,False,False,False,False,False,False,False,False,False,False,False,False,False,False,False,False,False,False,False,False,False,False,False,False,False,False,False,False,False,False,False,False,False,False,False,True,False,False,False,True,False,0.0,92.6447,-92.6447
491,5,747.55,507,12.675,48,18.68875,63.9,18.064069903384425,39,8.0,4,210,0.0,False,False,False,False,False,False,False,False,False,False,False,False,False,False,False,False,False,False,False,False,False,False,False,False,False,False,False,False,False,False,False,False,False,False,False,False,False,True,False,False,False,True,False,0.0,62.97654999999999,-62.97654999999999
52,1,675.3,240,20.0,40,56.275,133.0,45.28724735206671,12,12.0,1,0,0.0,False,False,False,False,False,False,False,False,False,False,False,False,False,False,False,False,False,False,False,False,False,False,False,False,False,False,False,False,False,False,False,False,False,False,False,False,False,True,False,False,False,False,True,0.0,11.935499999999998,-11.935499999999998
29,3,855.4499999999999,316,5.180327868852459,16,14.023770491803278,76.5,10.547212769879762,53,20.0,3,268,0.36065573770491804,False,False,False,False,False,False,False,False,False,False,False,False,False,False,False,False,False,False,False,False,False,False,False,False,False,False,False,False,False,False,False,False,False,False,False,False,False,True,False,False,False,True,False,0.0,51.38945,-51.38945
30,3,578.61,325,1.5258215962441315,9,2.7164788732394367,15.3,2.674584131978781,177,68.0,3,50,0.2347417840375587,False,False,False,False,False,False,False,False,False,False,False,False,False,False,False,False,False,False,False,False,False,False,False,False,False,False,False,False,False,False,False,False,False,False,False,False,False,True,False,False,False,True,False,0.0,486.10749999999973,-486.10749999999973
121,4,3203.87,931,13.3,60,45.769571428571425,297.0,66.09268341702389,56,17.25,4,581,0.0,True,False,False,False,False,False,False,False,False,False,False,False,False,False,False,False,False,False,False,False,False,False,False,False,False,False,False,False,False,False,False,False,False,False,False,False,False,False,False,False,False,True,False,683.2,215.7753499999998,467.42465000000027
352,3,524.83,175,4.2682926829268295,48,12.800731707317075,162.72,25.125858432125646,36,13.333333333333334,3,340,0.0,False,False,False,False,False,False,False,False,False,False,False,False,False,False,False,False,False,False,False,False,False,False,False,False,False,False,False,False,False,False,False,False,False,False,False,False,False,True,False,False,False,True,False,444.68,47.80839999999999,396.8716
6,29,10480.73,5393,11.474468085106382,200,22.299425531914892,212.0,16.634887296349397,284,16.20689655172414,10,689,0.0,False,False,False,False,False,False,False,False,False,False,False,False,False,False,False,False,False,False,False,False,False,False,False,False,False,False,False,False,False,False,False,False,False,False,False,False,False,True,False,False,False,True,False,592.75,778.63335,-185.88334999999995
8,22,7044.64,3544,9.630434782608695,72,19.14304347826087,142.8,14.014479685248414,234,16.727272727272727,11,437,0.10054347826086957,False,False,False,False,False,False,False,False,False,False,False,False,False,False,False,False,False,False,False,False,False,False,False,False,False,False,False,False,False,False,False,False,False,False,False,False,False,True,False,False,False,True,False,107.42,472.2212,-364.8012
22,1,28.2,60,30.0,48,14.1,18.72,6.533666658163698,2,2.0,1,0,0.0,False,False,False,False,False,False,False,False,False,False,False,False,False,False,False,False,False,False,False,False,False,False,False,False,False,False,False,False,False,False,False,False,False,False,False,False,False,True,False,False,False,False,True,120.66,15.613399999999995,105.0466
58,2,955.9399999999999,410,8.2,24,19.1188,41.6,7.37170227620321,47,25.0,2,328,0.0,False,False,False,False,False,False,False,False,False,False,False,False,False,False,False,False,False,False,False,False,False,False,False,False,False,False,False,False,False,False,False,False,False,False,False,False,False,True,False,False,False,True,False,0.0,82.51299999999999,-82.51299999999999
13,28,13409.67,6964,10.583586626139818,96,20.379437689969606,238.8,16.500302672005777,361,23.5,11,640,0.04559270516717325,False,False,False,False,False,False,False,False,False,False,False,False,False,False,False,False,False,False,False,False,False,False,False,False,False,False,False,False,False,False,False,False,False,False,False,False,False,True,False,False,False,True,False,722.14,906.9733000000003,-184.83330000000035
580,2,680.85,319,15.19047619047619,72,32.42142857142857,90.0,22.820531169478567,19,10.5,2,121,0.0,False,False,False,False,False,False,False,False,False,False,False,False,False,False,False,False,False,False,False,False,False,False,False,False,False,False,False,False,False,False,False,False,False,False,False,False,False,True,False,False,False,False,True,0.0,0.0,0.0
133,5,842.33,307,2.558333333333333,32,7.019416666666667,74.85,21.18800986033697,72,24.0,3,110,0.14166666666666666,False,False,False,False,False,False,False,False,False,False,False,False,False,False,False,False,False,False,False,False,False,False,False,False,False,False,False,False,False,False,False,False,False,False,False,False,False,True,False,False,False,True,False,0.0,92.71464999999998,-92.71464999999998
702,1,323.39,241,18.53846153846154,72,24.876153846153844,90.0,20.75424034523288,13,13.0,1,0,0.0,False,False,False,False,False,False,False,False,False,False,False,False,False,False,False,False,False,False,False,False,False,False,False,False,False,False,False,False,False,False,False,False,False,False,False,False,False,True,False,False,False,False,True,0.0,0.0,0.0
23,2,860.41,592,13.155555555555555,36,19.12022222222222,59.4,10.090821997531155,43,22.5,2,45,0.0,False,False,False,False,False,False,False,False,False,False,False,False,False,False,False,False,False,False,False,False,False,False,False,False,False,False,False,True,False,False,False,False,False,False,False,False,False,False,False,False,False,False,True,0.0,91.9611,-91.9611
2,1,777.5999999999999,576,144.0,144,194.39999999999998,358.56,110.364516036632,4,4.0,1,0,0.0,False,False,False,False,False,False,False,False,False,False,False,False,False,False,False,False,False,False,False,False,False,False,False,False,False,False,False,False,False,False,False,False,False,False,False,False,False,True,False,False,False,False,True,0.0,96.48295000000013,-96.48295000000013
611,2,-242.7,-50,-5.555555555555555,-2,-26.966666666666665,-14.85,18.203811414096776,9,4.5,2,94,0.0,False,False,False,False,False,False,False,False,False,False,False,False,False,False,False,False,False,False,False,False,False,False,False,False,False,False,False,False,False,False,False,False,False,False,False,False,False,False,False,False,False,False,False,0.0,0.0,0.0
205,14,2065.48,635,3.413978494623656,25,11.1047311827957,69.5,13.672664430536189,146,13.071428571428571,6,417,0.0,False,False,False,False,False,False,False,False,False,False,False,False,False,False,False,False,False,False,False,False,False,False,False,False,False,False,False,False,False,False,False,False,False,False,False,False,False,True,False,False,False,True,False,0.0,131.3650999999999,-131.3650999999999
8,7,3304.71,1418,8.390532544378699,36,19.55449704142012,250.0,20.011593720332964,156,24.142857142857142,6,373,0.005917159763313609,False,False,False,False,False,False,False,False,False,False,False,False,False,False,False,False,False,False,False,False,False,False,False,False,False,False,False,False,False,False,False,False,False,False,False,False,False,True,False,False,False,True,False,0.0,237.79044999999994,-237.79044999999994
331,4,508.9,290,6.444444444444445,36,11.30888888888889,39.8,12.871867707633895,37,11.25,2,76,0.0,False,False,False,False,False,False,False,False,False,False,False,False,False,False,False,False,False,False,False,False,False,False,False,False,False,False,False,False,False,False,False,False,False,False,False,False,False,True,False,False,False,False,True,0.0,-0.19175,0.19175
48,1,1295.43,972,11.571428571428571,25,15.421785714285715,30.6,5.001313601111304,84,84.0,1,0,0.0,False,False,False,False,False,False,False,False,False,False,False,False,False,False,False,False,False,False,False,False,False,False,False,False,False,False,False,False,False,False,False,False,False,False,False,False,False,True,False,False,False,True,False,1425.2,804.5433000000007,620.6566999999993
238,1,333.74,297,59.4,96,66.748,92.5,33.546316042152824,5,5.0,1,0,0.0,False,False,False,False,False,False,False,False,False,False,False,False,False,False,False,False,False,False,False,False,False,False,False,False,False,False,False,False,False,False,False,False,False,False,False,False,False,True,False,False,False,False,True,0.0,0.0,0.0
1,8,684.96,383,11.96875,50,21.405,153.0,33.18809911068492,25,4.0,5,441,0.0625,False,False,False,False,False,False,False,False,False,False,False,False,False,False,False,False,False,False,False,False,False,False,False,False,False,False,False,False,False,False,False,False,False,False,False,False,False,True,False,False,False,True,False,157.78,154.16515000000015,3.614849999999848
176,6,1086.1399999999999,990,24.146341463414632,100,26.49121951219512,145.0,35.65381741098153,25,6.833333333333333,4,453,0.0,False,False,False,False,False,False,False,False,False,False,False,False,False,False,False,False,False,False,False,False,False,False,False,False,False,False,False,False,False,False,False,False,False,False,False,False,False,True,False,False,False,True,False,0.0,116.49835000000002,-116.49835000000002
603,1,143.85999999999999,88,3.8260869565217392,27,6.254782608695652,39.15,7.827018397579466,20,20.0,1,0,0.0,False,False,False,False,False,False,False,False,False,False,False,False,False,False,False,False,False,False,False,False,False,False,False,False,False,False,False,False,False,False,False,False,False,False,False,False,False,True,False,False,False,False,True,0.0,0.0,0.0
35,19,2268.67,1640,13.666666666666666,216,18.905583333333333,228.96,37.20157069051972,77,6.315789473684211,11,596,0.375,False,False,False,False,False,False,False,False,False,False,False,False,False,False,False,False,False,False,False,False,False,False,False,False,False,False,False,False,False,False,False,False,False,False,False,False,False,True,False,False,False,True,False,110.72999999999999,200.89770000000004,-90.16770000000005
643,2,346.5,159,2.6065573770491803,12,5.680327868852459,17.0,3.817155995071512,56,29.0,2,59,0.0,False,False,False,False,False,False,False,False,False,False,False,False,False,False,False,False,False,False,False,False,False,False,False,False,False,False,False,False,False,False,False,False,False,False,False,False,False,True,False,False,False,False,True,0.0,0.0,0.0
17,6,749.21,392,4.21505376344086,32,8.056021505376345,81.6,11.173467615952974,78,14.666666666666666,4,604,0.7956989247311828,False,False,False,False,False,False,False,False,False,False,False,False,False,False,False,False,False,False,False,False,False,False,False,False,False,False,False,False,False,False,False,False,False,False,False,False,False,True,False,False,False,True,False,0.0,129.65324999999996,-129.65324999999996
587,7,997.34,696,4.73469387755102,24,6.784625850340136,47.4,14.105980819967813,133,20.428571428571427,4,109,0.9727891156462585,False,False,False,False,False,False,False,False,False,False,False,False,False,False,False,False,False,False,False,False,False,False,False,False,False,False,False,False,False,False,False,False,False,False,False,False,False,True,False,False,False,False,True,0.0,0.0,0.0
617,1,96.0,52,7.428571428571429,12,13.714285714285714,19.5,4.280353790451039,7,7.0,1,0,0.0,False,False,False,False,False,False,False,False,False,False,False,False,False,False,False,False,False,False,False,False,False,False,False,False,False,False,False,False,False,False,False,False,False,False,False,False,False,True,False,False,False,False,True,0.0,0.0,0.0
377,3,1596.29,625,5.9523809523809526,25,15.202761904761905,76.5,12.341723986233893,84,34.666666666666664,3,329,0.0,False,False,False,False,False,False,False,False,False,False,False,False,False,False,False,False,False,False,False,False,False,False,False,False,False,False,False,False,False,False,False,False,False,False,False,False,False,True,False,False,False,True,False,0.0,39.64505,-39.64505
87,2,348.90999999999997,192,2.2325581395348837,12,4.057093023255813,15.0,3.0964035556561695,86,43.0,2,69,0.0,False,False,False,False,False,False,False,False,False,False,False,False,False,False,False,False,False,False,False,False,False,False,False,False,False,False,False,False,False,False,False,False,False,False,False,False,False,True,False,False,False,False,True,0.0,0.0,0.0
343,6,1050.1,380,6.031746031746032,12,16.668253968253968,30.6,5.461721795067731,49,10.5,5,174,0.0,False,False,False,False,False,False,False,False,False,False,False,False,False,False,False,False,False,False,False,False,False,False,False,False,False,False,False,False,False,False,False,False,False,False,False,False,False,True,False,False,False,True,False,0.0,117.14614999999999,-117.14614999999999
29,12,5360.48,4676,18.337254901960783,144,21.021490196078428,119.4,15.549088515925455,154,21.25,8,593,0.3058823529411765,False,False,False,False,False,False,False,False,False,False,False,False,False,False,False,False,False,False,False,False,False,False,False,False,False,False,False,False,False,False,False,False,False,False,False,False,False,True,False,False,False,True,False,0.0,219.65145,-219.65145
246,6,615.17,576,7.291139240506329,48,7.7869620253164555,30.0,6.407555306929465,59,13.166666666666666,3,207,0.16455696202531644,False,False,False,False,False,False,False,False,False,False,False,False,False,False,False,False,False,False,False,False,False,False,False,False,False,False,False,False,False,False,False,False,False,False,False,False,False,True,False,False,False,False,True,0.0,-0.46724999999999994,0.46724999999999994
4,10,3499.1,2089,12.815950920245399,36,21.46687116564417,70.8,14.320388966434042,111,16.3,8,635,0.08588957055214724,False,False,False,False,False,False,False,False,False,False,False,False,False,True,False,False,False,False,False,False,False,False,False,False,False,False,False,False,False,False,False,False,False,False,False,False,False,False,False,False,False,True,False,0.0,216.0945,-216.0945
26,34,13972.44,10212,12.408262454434993,144,16.977448359659782,88.5,11.606180585695718,310,24.205882352941178,12,681,0.0899149453219927,False,False,False,False,False,False,False,False,False,False,False,False,False,False,False,False,False,False,False,False,False,False,False,False,False,False,False,False,False,False,False,False,False,False,False,False,False,True,False,False,False,True,False,178.4,865.2299499999997,-686.8299499999997
400,1,273.48,276,27.6,72,27.348000000000003,61.2,21.72958904351392,10,10.0,1,0,0.0,False,False,False,False,False,False,False,False,False,False,False,False,False,False,False,False,False,False,False,False,False,False,False,False,False,False,False,False,False,False,False,False,False,False,False,False,False,True,False,False,False,True,False,297.0,269.36385,27.636149999999986
139,2,885.1899999999999,343,11.064516129032258,48,28.554516129032255,99.0,20.546334926811916,27,15.5,2,71,0.0,False,False,False,False,False,False,False,False,False,False,False,False,False,False,False,False,False,False,False,False,False,False,False,False,False,False,False,False,False,False,False,False,False,False,False,False,False,True,False,False,False,False,True,0.0,0.0,0.0
163,4,295.46,145,2.377049180327869,48,4.843606557377049,31.2,4.759892517269302,58,15.25,4,530,0.0,False,False,False,False,False,False,False,False,False,False,False,False,False,False,False,False,False,False,False,False,False,False,False,False,False,False,False,False,False,False,False,False,False,False,False,False,False,True,False,False,False,True,False,59.64,200.1091499999997,-140.46914999999967
423,3,369.94,178,8.090909090909092,32,16.815454545454546,97.5,23.358767442872843,21,7.333333333333333,3,150,0.0,False,False,False,False,False,False,False,False,False,False,False,False,False,False,False,False,False,False,False,False,False,False,False,False,False,False,False,False,False,False,False,False,False,False,False,False,False,True,False,False,False,True,False,227.39,55.14289999999999,172.2471
49,2,80.1,22,4.4,18,16.02,53.1,40.976420048608446,4,2.5,2,48,0.0,False,False,False,False,False,False,False,False,False,False,False,False,False,False,False,False,False,False,False,False,False,False,False,False,False,False,False,False,False,False,False,False,False,False,False,False,False,True,False,False,False,True,False,59.4,312.0069,-252.60689999999997
674,1,906.23,665,51.15384615384615,144,69.71000000000001,131.4,37.00883182881261,13,13.0,1,0,0.0,False,False,False,False,False,False,False,False,False,False,False,False,False,False,False,False,False,False,False,False,False,False,False,False,False,False,False,False,False,False,False,False,False,False,False,False,False,True,False,False,False,False,True,0.0,0.0,0.0
24,6,1442.32,741,8.616279069767442,48,16.771162790697673,59.5,8.374889979063767,76,14.333333333333334,4,588,0.26744186046511625,False,False,False,False,False,False,False,False,False,False,False,False,False,False,False,False,False,False,False,False,False,False,False,False,False,False,False,False,False,False,False,False,False,False,False,False,False,True,False,False,False,True,False,0.0,152.12964999999986,-152.12964999999986
208,1,167.54999999999998,149,4.515151515151516,36,5.077272727272727,17.4,4.474615397388412,33,33.0,1,0,0.0,False,False,False,False,False,False,False,False,False,False,False,False,False,False,False,False,False,False,False,False,False,False,False,False,False,False,False,False,False,False,False,False,False,False,False,False,False,True,False,False,False,False,True,0.0,0.0,0.0
231,1,456.9,133,6.333333333333333,12,21.757142857142856,54.0,8.372563611497464,21,21.0,1,0,0.0,False,False,False,False,False,False,False,False,False,False,False,False,True,False,False,False,False,False,False,False,False,False,False,False,False,False,False,False,False,False,False,False,False,False,False,False,False,False,False,False,False,False,True,0.0,0.0,0.0
336,16,4085.74,1367,9.695035460992909,96,28.976879432624113,204.0,32.26090090706333,78,8.75,9,358,0.15602836879432624,False,False,False,False,False,False,False,False,False,False,False,False,False,False,False,False,False,False,False,False,False,False,False,False,False,False,False,False,False,False,False,False,False,False,False,False,False,True,False,False,False,True,False,0.0,138.7362000000001,-138.7362000000001
302,11,1733.82,1212,10.631578947368421,96,15.208947368421052,306.0,41.13822244318312,85,10.272727272727273,7,389,0.0,False,False,False,False,False,False,False,False,False,False,False,False,False,False,False,False,False,False,False,False,False,False,False,False,False,False,False,False,False,False,False,False,False,False,False,False,False,True,False,False,False,True,False,284.25,158.34794999999994,125.90205000000006
519,1,111.15,40,1.1764705882352942,2,3.269117647058824,12.75,3.088051624281012,34,34.0,1,0,0.0,False,False,False,False,False,False,False,False,False,False,False,False,False,False,False,False,False,False,False,False,False,False,False,False,False,False,False,False,False,False,False,False,False,False,False,False,False,True,False,False,False,False,True,0.0,0.0,0.0
661,1,202.35,79,6.076923076923077,12,15.565384615384614,19.9,2.465460117248622,13,13.0,1,0,0.0,False,False,False,False,False,False,False,False,False,False,False,False,False,False,False,False,False,False,False,False,False,False,False,False,False,False,False,False,False,False,False,False,False,False,False,False,False,True,False,False,False,False,True,0.0,0.0,0.0
13,131,94068.23,49484,282.7657142857143,1992,537.5327428571428,8985.6,1242.8745001242482,59,1.3053435114503817,12,695,0.0,False,False,False,False,False,False,False,False,False,False,False,False,False,False,False,False,False,False,False,False,False,False,False,False,False,False,False,False,False,False,False,False,False,False,False,False,False,True,False,False,False,False,False,3513.36,5031.588100000003,-1518.2281000000025
217,2,766.42,1128,34.18181818181818,288,23.224848484848483,101.76,18.193998000922605,32,16.5,1,364,0.0,False,False,False,False,False,False,False,False,False,False,False,False,False,False,False,False,False,False,False,False,False,False,False,False,False,False,False,False,False,False,False,False,False,False,False,False,False,True,False,False,False,True,False,0.0,93.14115000000004,-93.14115000000004
34,4,456.41,170,3.1481481481481484,36,8.452037037037037,51.0,10.140233963217568,52,13.25,4,653,0.0,False,False,False,False,False,False,False,False,False,False,False,False,False,False,False,False,False,False,False,False,False,False,False,False,False,False,False,False,False,False,False,False,False,False,False,False,False,True,False,False,False,True,False,0.0,71.90015000000001,-71.90015000000001
469,1,94.8,58,8.285714285714286,12,13.542857142857143,15.3,3.2051298168494116,7,7.0,1,0,0.0,False,False,False,False,False,False,False,False,False,False,False,False,False,False,False,False,False,False,False,False,False,False,False,False,False,False,False,False,False,False,False,False,False,False,False,False,False,True,False,False,False,False,True,0.0,0.0,0.0
181,2,332.82,205,2.628205128205128,24,4.266923076923077,33.2,4.674971854264134,75,37.5,2,176,0.0,False,False,False,False,False,False,False,False,False,False,False,False,False,False,False,False,False,False,False,False,False,False,False,False,False,False,False,False,False,False,False,False,False,False,False,False,False,True,False,False,False,True,False,0.0,75.87280000000003,-75.87280000000003
211,2,271.24,195,11.470588235294118,25,15.955294117647059,39.95,8.341788715292918,17,8.5,2,323,0.11764705882352941,False,False,False,False,False,False,False,False,False,False,False,False,False,False,False,False,False,False,False,False,False,False,False,False,False,False,False,False,False,False,False,False,False,False,False,False,False,True,False,False,False,True,False,0.0,17.155450000000002,-17.155450000000002
349,1,246.5,194,9.7,24,12.325,30.0,6.373186016428519,20,20.0,1,0,0.0,False,False,False,False,False,False,False,False,False,False,False,False,False,False,False,False,False,False,False,False,False,False,False,False,False,False,False,False,False,False,False,False,False,False,False,False,False,True,False,False,False,False,True,0.0,0.0,0.0
198,2,898.9599999999999,760,15.833333333333334,32,18.72833333333333,81.6,11.678713739531808,43,24.0,2,446,0.0,False,False,False,False,False,False,False,False,False,False,False,False,False,False,False,False,False,False,False,False,False,False,False,False,False,False,False,False,False,False,False,False,False,False,False,False,False,True,False,False,False,True,False,0.0,46.662699999999994,-46.662699999999994
479,18,4156.91,2014,10.945652173913043,100,22.59190217391304,175.2,22.8381178626765,77,10.222222222222221,8,221,0.18478260869565216,False,False,False,False,False,False,False,False,False,False,False,False,False,False,False,False,False,False,False,False,False,False,False,False,False,False,False,False,False,False,False,False,False,False,False,False,False,True,False,False,False,True,False,0.0,251.25249999999994,-251.25249999999994
616,1,426.69,75,7.5,15,42.669,89.25,33.136146242099095,10,10.0,1,0,0.0,False,False,False,False,False,False,False,False,False,False,False,False,False,False,False,False,False,False,False,False,False,False,False,False,False,False,False,False,False,False,False,False,False,False,False,False,False,True,False,False,False,False,True,0.0,0.0,0.0
21,12,3001.86,1755,13.0,60,22.236,106.2,18.91261618721154,114,11.25,7,604,0.0,False,False,False,False,False,False,False,False,False,False,False,False,False,False,False,False,False,False,False,False,False,False,False,False,False,False,False,False,False,False,False,False,False,False,False,False,False,True,False,False,False,True,False,0.0,143.99055,-143.99055
388,4,727.58,423,2.611111111111111,12,4.491234567901235,17.0,2.992154080928158,138,40.25,2,266,1.0,False,False,False,False,False,False,False,False,False,False,False,False,False,False,False,False,False,False,False,False,False,False,False,False,False,False,False,False,False,False,False,False,False,False,False,False,False,True,False,False,False,True,False,0.0,61.29620000000004,-61.29620000000004
344,2,0.0,0,0.0,1,0.0,10.95,15.48563850798539,1,1.0,1,0,0.0,False,False,False,False,False,False,False,False,False,False,False,False,False,False,False,False,False,False,False,False,False,False,False,False,False,False,False,False,False,False,False,False,False,False,False,False,False,True,False,False,False,False,True,0.0,0.0,0.0
41,5,1803.76,1069,9.718181818181819,24,16.39781818181818,53.1,11.231120213542482,96,22.0,3,64,0.0,False,False,False,False,False,False,False,False,False,False,False,False,False,False,False,False,False,False,False,False,False,False,False,False,False,False,False,False,False,False,False,False,False,False,False,False,False,True,False,False,False,True,False,0.0,192.93919999999991,-192.93919999999991
205,4,923.98,568,9.793103448275861,48,15.930689655172413,60.0,8.621776359092532,54,14.5,3,297,0.0,False,False,False,False,False,False,False,False,False,False,False,False,False,False,False,False,False,False,False,False,False,False,False,False,False,False,False,False,False,False,False,False,False,False,False,False,False,True,False,False,False,True,False,0.0,34.9255,-34.9255
135,4,15.0,1,0.09090909090909091,24,1.3636363636363635,34.8,21.405946497516652,4,2.75,1,25,0.0,False,False,False,False,False,False,False,False,False,False,False,False,False,False,False,False,False,False,False,False,False,False,False,False,False,False,False,False,False,False,False,False,False,False,False,False,False,True,False,False,False,False,True,0.0,-0.133,0.133
46,11,3385.01,1482,5.928,48,13.540040000000001,122.4,14.206323963666417,190,21.818181818181817,8,656,0.18,False,False,False,False,False,False,False,False,False,False,False,False,False,False,False,False,False,False,False,False,False,False,False,False,False,False,False,False,False,False,False,False,False,False,False,False,False,True,False,False,False,True,False,314.73,199.42805000000004,115.30194999999998
1,2,394.7,183,7.32,25,15.788,24.96,6.327218978350599,24,12.5,1,6,0.0,False,False,False,False,False,False,False,False,False,False,False,False,False,False,False,False,False,False,False,False,False,False,False,False,False,False,False,False,False,False,False,False,False,False,False,False,False,True,False,False,False,False,True,0.0,152.3666000000002,-152.3666000000002
143,32,9737.1,5208,12.13986013986014,160,22.6972027972028,295.0,30.55196939991677,212,13.40625,11,551,0.24475524475524477,False,False,False,False,False,False,False,False,False,False,False,False,False,False,False,False,False,False,False,False,False,False,False,False,False,False,False,False,False,False,False,False,False,False,False,False,False,True,False,False,False,True,False,0.0,1098.2327500000004,-1098.2327500000004
145,2,340.93,139,8.176470588235293,24,20.05470588235294,47.7,10.913203080241303,17,8.5,2,197,0.0,False,False,False,False,False,False,False,False,False,False,False,False,False,False,False,False,False,False,False,False,False,False,False,False,False,False,False,False,False,False,False,False,False,False,False,False,False,True,False,False,False,True,False,0.0,123.65875000000007,-123.65875000000007
701,1,102.82,103,6.866666666666666,72,6.854666666666666,17.7,5.6484673858953816,14,14.0,1,0,0.0,False,False,False,False,False,False,False,False,False,False,False,False,False,False,False,False,False,False,False,False,False,False,False,False,False,False,False,False,False,False,False,False,False,False,False,False,False,True,False,False,False,False,True,0.0,0.0,0.0
382,1,552.9,426,18.52173913043478,24,24.039130434782606,59.7,12.141242228283309,23,23.0,1,0,1.0,False,False,False,False,False,False,False,False,False,False,False,False,False,False,False,False,False,False,False,False,False,False,False,False,False,False,False,False,False,False,False,False,False,False,False,False,False,True,False,False,False,False,True,0.0,0.0,0.0
107,6,886.66,442,7.491525423728813,25,15.02813559322034,30.0,4.270932820088755,56,9.833333333333334,5,592,0.0,False,False,False,False,False,False,False,False,False,False,False,False,False,False,False,False,False,False,False,False,False,False,False,False,False,False,False,False,False,False,False,False,False,False,False,False,False,True,False,False,False,True,False,111.83,35.23839999999999,76.5916
346,3,403.74,272,2.305084745762712,36,3.4215254237288137,192.0,25.375060393246095,107,38.333333333333336,2,345,0.6101694915254238,False,False,False,False,False,False,False,False,False,False,False,False,False,False,False,False,False,False,False,False,False,False,False,False,False,False,False,False,False,False,False,False,False,False,False,False,False,True,False,False,False,True,False,152.95,64.52544999999998,88.42455000000001
209,8,1010.54,547,3.7465753424657535,24,6.921506849315068,35.95,6.5685656170483675,99,18.125,5,463,0.0,False,False,False,False,False,False,False,False,False,False,False,False,False,False,False,False,False,False,False,False,False,False,False,False,False,False,False,False,False,False,False,False,False,False,False,False,False,True,False,False,False,True,False,0.0,98.29434999999995,-98.29434999999995
171,5,299.8,114,5.7,12,14.99,35.7,10.501999809560083,17,4.0,4,199,0.3,False,False,False,False,False,False,False,False,False,False,False,False,False,False,False,False,False,False,False,False,False,False,False,False,False,False,False,False,False,False,False,False,False,False,False,False,False,True,False,False,False,True,False,0.0,30.847599999999993,-30.847599999999993
375,1,415.79,323,20.1875,96,25.986875,162.24,39.97519843081874,16,16.0,1,0,1.0,False,False,False,False,False,False,False,False,False,False,False,False,False,False,False,False,False,False,False,False,False,False,False,False,False,False,False,False,False,False,False,False,False,False,False,False,False,True,False,False,False,False,True,0.0,0.0,0.0
77,11,12774.55,7963,12.679936305732484,96,20.341640127388533,180.0,17.23643106904317,402,57.09090909090909,10,628,0.0,False,False,False,False,False,False,False,False,False,False,False,False,True,False,False,False,False,False,False,False,False,False,False,False,False,False,False,False,False,False,False,False,False,False,False,False,False,False,False,False,False,True,False,1319.16,864.5589999999997,454.60100000000034
27,2,472.39,507,19.5,96,18.168846153846154,53.55,15.47831291243928,25,13.0,1,363,0.0,False,False,False,False,False,False,False,False,False,False,False,False,False,False,False,False,False,False,False,False,False,False,False,False,False,False,False,False,False,False,False,False,False,False,False,False,False,True,False,False,False,True,False,0.0,49.72420000000001,-49.72420000000001
14,1,389.64,260,52.0,144,77.928,208.8,74.02276622769512,5,5.0,1,0,0.0,False,False,False,False,False,False,False,False,False,False,False,False,False,False,False,False,False,False,False,False,False,False,False,False,False,False,False,False,False,False,False,False,False,False,False,False,False,True,False,False,False,False,True,0.0,55.288649999999954,-55.288649999999954
45,18,6501.5,930,51.666666666666664,100,361.19444444444446,765.0,176.8827410601931,1,1.0,10,604,0.0,False,False,False,False,False,False,False,False,False,False,False,False,False,False,False,False,False,False,False,False,False,False,False,False,False,False,False,False,False,False,False,False,False,False,False,False,False,True,False,False,False,True,False,0.0,571.3323499999996,-571.3323499999996
55,19,12400.69,8423,14.373720136518772,144,21.161587030716724,130.8,14.967307303064848,296,30.842105263157894,9,650,0.0,False,False,False,False,False,False,False,False,False,False,False,False,False,False,False,False,False,False,False,False,False,False,False,False,False,False,False,False,False,False,False,False,False,False,False,False,False,True,False,False,False,True,False,1245.81,604.52675,641.28325
237,4,354.09000000000003,204,7.555555555555555,144,13.114444444444446,208.8,41.46181119029278,26,6.75,2,22,0.0,False,False,False,False,False,False,False,False,False,False,False,False,False,False,False,False,False,False,False,False,False,False,False,False,False,False,False,False,False,False,False,False,False,False,False,False,False,True,False,False,False,False,True,0.0,-0.059000000000000004,0.059000000000000004
380,2,152.35,59,14.75,30,38.0875,102.0,45.61857032320646,3,2.0,2,152,0.0,False,False,False,False,False,False,False,False,False,False,False,False,False,False,False,False,False,False,False,False,False,False,False,False,False,False,False,False,False,False,False,False,False,False,False,False,False,True,False,False,False,False,True,0.0,0.0,0.0
524,4,793.1,392,7.686274509803922,24,15.550980392156863,79.9,13.924103167515234,40,12.75,3,181,0.0,False,False,False,False,False,False,False,False,False,False,False,False,False,False,False,False,False,False,False,False,False,False,False,False,False,False,False,False,False,False,False,False,False,False,False,False,False,True,False,False,False,False,True,0.0,0.0,0.0
6,6,1242.75,514,10.28,72,24.855,76.32,19.55057536081165,31,8.333333333333334,3,699,0.0,False,False,False,False,False,False,False,False,False,False,False,False,False,False,False,False,False,False,False,False,False,False,False,False,False,False,False,False,False,False,False,False,False,False,False,False,False,True,False,False,False,True,False,0.0,39.240399999999994,-39.240399999999994
77,3,1496.24,1319,3.6946778711484596,48,4.191148459383753,30.0,4.224391329446455,277,102.0,3,444,0.6050420168067226,False,False,False,False,False,False,False,False,False,False,False,False,False,False,False,False,False,False,False,False,False,False,False,False,False,False,False,False,False,False,False,False,False,False,False,False,False,True,False,False,False,True,False,0.0,127.36864999999997,-127.36864999999997
281,3,1127.65,516,10.117647058823529,30,22.110784313725492,80.0,15.199579973556805,36,17.0,2,362,0.0,True,False,False,False,False,False,False,False,False,False,False,False,False,False,False,False,False,False,False,False,False,False,False,False,False,False,False,False,False,False,False,False,False,False,False,False,False,False,False,False,False,True,False,0.0,58.669000000000025,-58.669000000000025
343,1,207.5,54,6.0,12,23.055555555555557,79.95,21.528984016385394,9,9.0,1,0,0.0,False,False,False,False,False,False,False,False,False,False,False,False,False,False,False,False,False,False,False,False,False,False,False,False,False,False,False,False,False,False,False,False,False,False,False,False,False,True,False,False,False,False,True,0.0,0.0,0.0
188,2,188.61,181,8.227272727272727,48,8.57318181818182,39.84,7.998398879277943,22,11.0,1,0,0.0,False,False,False,False,False,False,False,False,False,False,False,False,False,False,False,False,False,False,False,False,False,False,False,False,False,False,False,False,False,False,False,False,False,False,False,False,False,True,False,False,False,False,True,0.0,0.0,0.0
631,2,283.73,145,12.083333333333334,24,23.644166666666667,70.8,16.900537085781586,12,6.0,2,77,0.0,False,False,False,False,False,False,False,False,False,False,False,False,False,False,False,False,False,False,False,False,False,False,False,False,False,False,False,False,False,False,False,False,False,False,False,False,False,True,False,False,False,False,True,0.0,0.0,0.0
350,2,142.7,90,15.0,24,23.78333333333333,46.8,12.963088623729556,5,3.0,2,82,0.0,False,False,False,False,False,False,False,False,False,False,False,False,False,False,False,False,False,False,False,False,False,False,False,False,False,False,False,False,False,False,False,False,False,False,False,False,False,True,False,False,False,True,False,76.8,178.2633000000001,-101.4633000000001
346,4,378.68,193,2.097826086956522,15,4.116086956521739,19.8,3.5967720438210447,83,22.75,3,362,0.30434782608695654,False,False,False,False,False,False,False,False,False,False,False,False,False,False,False,False,False,False,False,False,False,False,False,False,False,False,False,False,False,False,False,False,False,False,False,False,False,True,False,False,False,True,False,0.0,46.88640000000002,-46.88640000000002
107,1,101.15,13,2.1666666666666665,4,16.858333333333334,25.0,5.154456001040912,6,6.0,1,0,0.0,False,False,False,False,False,False,False,False,False,False,False,False,False,False,False,False,False,False,False,False,False,False,False,False,False,False,False,False,False,False,False,False,False,False,False,False,False,True,False,False,False,True,False,180.7,144.13624999999976,36.563750000000226
21,9,1615.21,935,66.78571428571429,100,115.37214285714286,179.0,79.14406787416432,7,1.5555555555555556,7,666,0.0,False,False,False,False,False,False,False,False,False,False,False,False,False,False,False,False,False,False,False,False,False,False,False,False,False,False,False,False,False,False,False,False,False,False,False,False,False,True,False,False,False,True,False,345.4,145.65989999999994,199.74010000000004
602,1,114.69,63,4.5,12,8.192142857142857,20.4,5.477142964625358,12,12.0,1,0,0.0,False,False,False,False,False,False,False,False,False,False,False,False,False,False,False,False,False,False,False,False,False,False,False,False,False,False,False,False,False,False,False,False,False,False,False,False,False,True,False,False,False,False,True,0.0,0.0,0.0
601,1,-506.51,-1,-1.0,-1,-506.51,-506.51,0.0,1,1.0,1,0,0.0,False,False,False,False,False,False,False,False,False,False,False,False,False,False,False,False,False,False,False,False,False,False,False,False,False,False,False,False,False,False,False,False,False,False,False,False,False,False,False,False,False,False,False,0.0,0.0,0.0
552,3,1220.83,626,10.433333333333334,36,20.347166666666666,45.0,10.027743902212583,57,20.0,3,141,0.0,False,False,False,False,False,False,False,False,False,False,False,False,False,False,False,False,False,False,False,False,False,False,False,False,False,False,False,False,False,False,False,False,False,False,False,False,False,True,False,False,False,True,False,327.3,115.85195,211.44805000000002
369,5,720.75,209,4.644444444444445,12,16.016666666666666,35.7,6.336402764976354,36,9.0,4,322,0.0,False,False,False,False,False,False,False,False,False,False,False,False,False,False,False,False,False,False,False,False,False,False,False,False,False,False,False,False,False,False,False,False,False,False,False,False,False,True,False,False,False,True,False,0.0,50.069050000000026,-50.069050000000026
1,100,2833.64,1471,2.3423566878980893,48,4.512165605095541,125.0,6.571556375578893,485,6.26,12,707,0.03503184713375796,False,False,False,False,False,False,False,False,False,False,False,False,False,False,False,False,False,False,False,False,False,False,False,False,False,False,False,False,False,False,False,False,False,False,False,False,False,True,False,False,False,True,False,16.65,398.9134500000003,-382.2634500000003
182,8,3156.38,2684,17.428571428571427,100,20.495974025974025,145.0,23.61100013714889,106,19.25,6,453,0.0,False,False,False,False,False,False,False,False,False,False,False,False,False,False,False,False,False,False,False,False,False,False,False,False,False,False,False,False,False,False,False,False,False,False,False,False,False,True,False,False,False,True,False,0.0,88.75764999999997,-88.75764999999997
618,2,318.34000000000003,40,2.6666666666666665,6,21.22266666666667,76.5,18.50513228681116,15,7.5,2,7,0.9333333333333333,False,False,False,False,False,False,False,False,False,False,False,False,False,False,False,False,False,False,False,False,False,False,False,False,False,False,False,False,False,False,False,False,False,False,False,False,False,True,False,False,False,False,True,0.0,0.0,0.0
517,4,662.3299999999999,513,14.657142857142857,72,18.923714285714283,50.4,9.595518588111323,34,8.75,3,154,0.0,False,False,False,False,False,False,False,False,False,False,False,False,False,False,False,False,False,False,False,False,False,False,False,False,False,False,False,False,False,False,False,False,False,False,False,False,False,True,False,False,False,False,True,0.0,0.0,0.0
8,1,357.21,72,1.7560975609756098,12,8.712439024390243,125.0,19.17886203356286,40,40.0,1,0,0.0,False,False,False,False,False,False,False,False,False,False,False,False,False,False,False,False,False,False,False,False,False,False,False,False,False,False,False,False,False,False,False,False,False,False,False,False,False,True,False,False,False,False,True,-125.0,136.68615000000003,-261.68615
389,1,190.57,95,3.5185185185185186,12,7.058148148148148,23.6,5.709309561542066,26,26.0,1,0,1.0,False,False,False,False,False,False,False,False,False,False,False,False,False,False,False,False,False,False,False,False,False,False,False,False,False,False,False,False,False,False,False,False,False,False,False,False,False,True,False,False,False,False,True,0.0,0.0,0.0
272,159,50407.770000000004,20876,8.264449722882027,48,19.955570071258908,122.4,14.665838194665803,104,15.861635220125786,10,432,0.12351543942992874,False,False,False,False,False,False,False,False,False,False,False,False,False,False,False,False,False,False,False,False,False,False,False,False,False,False,False,False,False,False,False,False,False,False,False,False,False,True,False,False,False,True,False,0.0,3683.5793499999986,-3683.5793499999986
435,7,3014.64,2563,13.779569892473118,288,16.20774193548387,106.2,11.926653424184433,168,26.571428571428573,3,193,0.0,False,False,False,False,False,False,False,False,False,False,False,False,False,False,False,False,False,False,False,False,False,False,False,False,False,False,False,False,False,False,False,False,False,False,False,False,False,True,False,False,False,False,True,0.0,4.9884,-4.9884
1,10,2189.07,1233,12.33,100,21.890700000000002,118.8,17.508307191649674,66,10.0,6,692,0.09,False,False,False,False,False,False,False,False,False,False,False,False,False,False,False,False,False,False,False,False,False,False,False,False,False,False,False,False,False,False,False,False,False,False,False,False,False,True,False,False,False,True,False,0.0,88.48160000000001,-88.48160000000001
22,1,216.39,159,9.352941176470589,12,12.728823529411764,29.88,5.7879053663144635,17,17.0,1,0,0.0,False,False,False,False,False,False,False,False,False,False,False,False,False,False,False,False,False,False,False,False,False,False,False,False,False,False,False,False,False,False,False,False,False,False,False,False,False,True,False,False,False,False,True,0.0,24.41269999999999,-24.41269999999999
20,2,599.56,355,2.9831932773109244,24,5.038319327731092,23.6,3.861140237166213,100,57.0,2,100,0.0,False,False,False,False,False,False,False,False,False,False,False,False,False,False,False,False,False,False,False,False,False,False,False,False,False,False,False,False,False,False,False,True,False,False,False,False,False,False,False,False,False,True,False,0.0,296.33585000000005,-296.33585000000005
50,6,2446.41,1727,11.748299319727892,48,16.642244897959184,39.6,7.264249369241004,118,24.5,4,553,0.0,False,False,False,False,False,False,False,False,False,False,False,False,False,True,False,False,False,False,False,False,False,False,False,False,False,False,False,False,False,False,False,False,False,False,False,False,False,False,False,False,False,True,False,0.0,130.67615000000006,-130.67615000000006
37,24,7610.23,4329,8.658,48,15.22046,295.0,20.95803358934861,282,20.833333333333332,12,666,0.088,False,False,False,False,False,False,False,False,False,False,False,False,False,False,False,False,False,False,False,False,False,False,False,False,False,False,False,False,False,False,False,False,False,False,False,False,False,True,False,False,False,True,False,0.0,553.9179500000002,-553.9179500000002
