CustomerID,ActualChurn,PredictedChurn,ChurnProbability,PredictedStatus
12346.0,1,1,0.9973,Churned
12347.0,0,0,0.0004,Active
12348.0,0,0,0.0005,Active
12349.0,0,0,0.0004,Active
12350.0,1,1,0.9992,Churned
12351.0,1,1,0.9995,Churned
12352.0,0,0,0.0006,Active
12353.0,1,1,0.9986,Churned
12354.0,1,1,0.9975,Churned
12355.0,1,1,0.9984,Churned
12356.0,0,0,0.0004,Active
12357.0,0,0,0.0002,Active
12358.0,0,0,0.0004,Active
12359.0,0,0,0.0004,Active
12360.0,0,0,0.0004,Active
12361.0,1,1,0.9995,Churned
12362.0,0,0,0.0004,Active
12363.0,1,1,0.998,Churned
12364.0,0,0,0.0005,Active
12365.0,1,1,0.994,Churned
12366.0,1,1,0.9992,Churned
12367.0,0,0,0.0006,Active
12368.0,1,1,0.9994,Churned
12369.0,1,1,0.9995,Churned
12370.0,0,0,0.0004,Active
12371.0,0,0,0.0006,Active
12372.0,0,0,0.0004,Active
12373.0,1,1,0.9992,Churned
12374.0,0,0,0.0004,Active
12375.0,0,0,0.0008,Active
12376.0,1,1,0.9996,Churned
12377.0,1,1,0.9991,Churned
12378.0,1,1,0.9942,Churned
12379.0,0,0,0.0005,Active
12380.0,0,0,0.0004,Active
12381.0,0,0,0.0006,Active
12383.0,1,1,0.9989,Churned
12384.0,0,0,0.0011,Active
12385.0,1,1,0.9903,Churned
12386.0,1,1,0.9995,Churned
12387.0,1,1,0.9995,Churned
12388.0,0,0,0.0004,Active
12389.0,1,1,0.9991,Churned
12390.0,0,0,0.0005,Active
12391.0,0,0,0.0004,Active
12392.0,1,1,0.9996,Churned
12393.0,0,0,0.0004,Active
12394.0,0,0,0.0004,Active
12395.0,0,0,0.0005,Active
12396.0,1,1,0.9991,Churned
12397.0,0,0,0.0004,Active
12398.0,0,0,0.0003,Active
12399.0,1,1,0.9983,Churned
12400.0,1,1,0.9995,Churned
12401.0,1,1,0.9994,Churned
12402.0,1,1,0.9994,Churned
12403.0,0,0,0.0005,Active
12404.0,1,1,0.9995,Churned
12405.0,1,1,0.9962,Churned
12406.0,0,0,0.0003,Active
12407.0,0,0,0.0005,Active
12408.0,0,0,0.0005,Active
12409.0,0,0,0.0005,Active
12410.0,1,1,0.9985,Churned
12411.0,1,1,0.9994,Churned
12412.0,0,0,0.0004,Active
12413.0,0,0,0.001,Active
12414.0,1,1,0.9973,Churned
12415.0,0,0,0.0004,Active
12416.0,1,1,0.9995,Churned
12417.0,0,0,0.0005,Active
12418.0,1,1,0.9931,Churned
12419.0,1,1,0.9995,Churned
12420.0,0,0,0.0004,Active
12421.0,0,0,0.0006,Active
12422.0,1,1,0.9937,Churned
12423.0,0,0,0.0006,Active
12424.0,1,1,0.9831,Churned
12425.0,0,0,0.0004,Active
12426.0,1,1,0.975,Churned
12427.0,0,0,0.0007,Active
12428.0,0,0,0.0004,Active
12429.0,0,0,0.0004,Active
12430.0,0,0,0.0006,Active
12431.0,0,0,0.0004,Active
12432.0,0,0,0.0004,Active
12433.0,0,0,0.0004,Active
12434.0,0,0,0.0009,Active
12435.0,0,0,0.0003,Active
12436.0,1,1,0.9852,Churned
12437.0,0,0,0.0005,Active
12438.0,0,0,0.0003,Active
12439.0,1,1,0.9963,Churned
12440.0,1,1,0.9952,Churned
12441.0,1,1,0.9995,Churned
12442.0,0,0,0.0006,Active
12443.0,1,1,0.9992,Churned
12444.0,0,0,0.0004,Active
12445.0,0,0,0.0008,Active
12446.0,0,0,0.0004,Active
12447.0,1,1,0.999,Churned
12448.0,0,0,0.0004,Active
12449.0,0,0,0.0004,Active
12450.0,1,1,0.9954,Churned
12451.0,0,0,0.0004,Active
12452.0,0,0,0.0008,Active
12453.0,1,1,0.9962,Churned
12454.0,0,0,0.0005,Active
12455.0,0,0,0.0004,Active
12456.0,0,0,0.0003,Active
12457.0,0,0,0.0007,Active
12458.0,0,0,0.0004,Active
12459.0,1,1,0.9994,Churned
12460.0,1,1,0.9995,Churned
12461.0,1,1,0.9782,Churned
12462.0,0,0,0.0005,Active
12463.0,0,0,0.0007,Active
12464.0,0,0,0.0006,Active
12465.0,0,0,0.0005,Active
12466.0,1,1,0.9995,Churned
12467.0,1,1,0.9975,Churned
12468.0,1,1,0.9791,Churned
12469.0,1,1,0.9991,Churned
12470.0,1,1,0.9995,Churned
12471.0,0,0,0.0005,Active
12472.0,0,0,0.0004,Active
12473.0,0,0,0.0005,Active
12474.0,0,0,0.0005,Active
12475.0,0,0,0.0004,Active
12476.0,0,0,0.0005,Active
12477.0,0,0,0.0003,Active
12478.0,0,0,0.0003,Active
12479.0,0,0,0.0002,Active
12480.0,0,0,0.0004,Active
12481.0,0,0,0.0004,Active
12482.0,1,1,0.9993,Churned
12483.0,0,0,0.0005,Active
12484.0,0,0,0.0005,Active
12485.0,1,1,0.9991,Churned
12486.0,1,1,0.9994,Churned
12487.0,1,1,0.9982,Churned
12488.0,0,0,0.0004,Active
12489.0,1,1,0.9993,Churned
12490.0,0,0,0.0004,Active
12491.0,0,0,0.0005,Active
12492.0,0,0,0.0006,Active
12493.0,1,1,0.99,Churned
12494.0,0,0,0.0007,Active
12495.0,1,1,0.9976,Churned
12496.0,1,1,0.9996,Churned
12497.0,0,0,0.0003,Active
12498.0,0,0,0.0006,Active
12499.0,1,1,0.9994,Churned
12500.0,0,0,0.0005,Active
12501.0,1,1,0.9911,Churned
12502.0,1,1,0.9889,Churned
12503.0,1,1,0.9961,Churned
12504.0,0,0,0.0007,Active
12505.0,1,1,0.9955,Churned
12506.0,1,1,0.9989,Churned
12507.0,1,1,0.9985,Churned
12508.0,0,0,0.0006,Active
12509.0,1,1,0.9994,Churned
12510.0,1,1,0.9902,Churned
12511.0,1,1,0.9933,Churned
12512.0,0,0,0.0006,Active
12513.0,0,0,0.4856,Active
12514.0,1,1,0.9987,Churned
12515.0,1,1,0.999,Churned
12516.0,0,0,0.0003,Active
12517.0,0,0,0.0004,Active
12518.0,0,0,0.0004,Active
12519.0,0,0,0.0008,Active
12520.0,0,0,0.0004,Active
12521.0,1,1,0.9968,Churned
12522.0,0,0,0.0006,Active
12523.0,0,0,0.0006,Active
12524.0,0,0,0.0004,Active
12525.0,1,1,0.9962,Churned
12526.0,0,0,0.0004,Active
12527.0,0,0,0.0005,Active
12528.0,0,0,0.0006,Active
12529.0,1,1,0.9971,Churned
12530.0,0,0,0.0004,Active
12531.0,0,0,0.0005,Active
12532.0,0,0,0.0007,Active
12533.0,1,1,0.9935,Churned
12534.0,1,1,0.9965,Churned
12535.0,1,1,0.9839,Churned
12536.0,0,0,0.0004,Active
12537.0,1,1,0.9991,Churned
12538.0,0,0,0.0006,Active
12539.0,0,0,0.0005,Active
12540.0,0,0,0.0004,Active
12541.0,0,0,0.0005,Active
12542.0,1,1,0.998,Churned
12543.0,1,1,0.9994,Churned
12544.0,0,0,0.0007,Active
12545.0,0,0,0.0005,Active
12546.0,0,0,0.0005,Active
12547.0,1,1,0.9984,Churned
12548.0,1,1,0.9987,Churned
12549.0,1,1,0.9996,Churned
12550.0,0,0,0.0004,Active
12551.0,1,1,0.9994,Churned
12552.0,0,0,0.0006,Active
12553.0,0,0,0.0004,Active
12554.0,1,1,0.9992,Churned
12555.0,1,1,0.9995,Churned
12556.0,0,0,0.0006,Active
12557.0,0,0,0.0003,Active
12558.0,0,0,0.0007,Active
12559.0,1,1,0.9959,Churned
12560.0,0,0,0.0004,Active
12561.0,1,1,0.9995,Churned
12562.0,0,0,0.0004,Active
12563.0,1,1,0.9995,Churned
12564.0,1,1,0.999,Churned
12565.0,1,1,0.9968,Churned
12566.0,0,0,0.0007,Active
12567.0,0,0,0.0004,Active
12568.0,1,1,0.9996,Churned
12569.0,0,0,0.0006,Active
12570.0,1,1,0.9995,Churned
12571.0,0,0,0.0005,Active
12572.0,0,0,0.0007,Active
12573.0,1,1,0.9988,Churned
12574.0,1,1,0.9994,Churned
12575.0,1,1,0.9995,Churned
12576.0,0,0,0.0006,Active
12577.0,0,0,0.0006,Active
12578.0,0,0,0.0003,Active
12579.0,0,0,0.0002,Active
12580.0,1,1,0.9988,Churned
12581.0,0,0,0.0006,Active
12582.0,1,1,0.9994,Churned
12583.0,0,0,0.0004,Active
12584.0,0,0,0.001,Active
12585.0,1,1,0.9787,Churned
12586.0,0,0,0.0004,Active
12587.0,0,0,0.0006,Active
12588.0,0,0,0.0006,Active
12589.0,0,0,0.0004,Active
12590.0,1,1,0.9758,Churned
12591.0,1,1,0.9991,Churned
12592.0,1,0,0.1804,Active
12593.0,1,1,0.9977,Churned
12594.0,0,0,0.0005,Active
12595.0,1,1,0.9996,Churned
12596.0,0,0,0.0006,Active
12597.0,0,0,0.0004,Active
12598.0,0,0,0.0005,Active
12599.0,0,0,0.0005,Active
12600.0,0,0,0.0006,Active
12601.0,1,1,0.9987,Churned
12602.0,0,0,0.0006,Active
12603.0,0,0,0.0004,Active
12604.0,0,0,0.0006,Active
12605.0,1,1,0.9993,Churned
12606.0,1,1,0.9995,Churned
12607.0,0,0,0.0002,Active
12608.0,1,1,0.9994,Churned
12609.0,0,0,0.0004,Active
12610.0,0,0,0.0006,Active
12611.0,0,0,0.0004,Active
12612.0,0,0,0.0004,Active
12613.0,0,0,0.0004,Active
12614.0,1,1,0.9993,Churned
12615.0,0,0,0.0004,Active
12616.0,0,0,0.0355,Active
12617.0,0,0,0.0007,Active
12618.0,0,0,0.0006,Active
12619.0,0,0,0.0004,Active
12620.0,0,0,0.0004,Active
12621.0,0,0,0.0004,Active
12622.0,1,1,0.9989,Churned
12623.0,1,1,0.9992,Churned
12624.0,1,1,0.9978,Churned
12625.0,1,1,0.9973,Churned
12626.0,0,0,0.0004,Active
12627.0,0,0,0.0004,Active
12628.0,0,0,0.0006,Active
12629.0,1,1,0.9991,Churned
12630.0,0,0,0.0004,Active
12631.0,0,0,0.0004,Active
12632.0,1,1,0.9964,Churned
12633.0,0,0,0.0004,Active
12634.0,1,1,0.9995,Churned
12635.0,0,0,0.0004,Active
12636.0,1,1,0.9995,Churned
12637.0,0,0,0.0004,Active
12638.0,0,0,0.0004,Active
12639.0,1,1,0.9993,Churned
12640.0,0,0,0.0006,Active
12641.0,1,1,0.9981,Churned
12642.0,0,0,0.0006,Active
12643.0,1,1,0.9985,Churned
12644.0,1,1,0.9855,Churned
12645.0,0,0,0.0004,Active
12646.0,0,0,0.0003,Active
12647.0,0,0,0.0004,Active
12648.0,1,1,0.9985,Churned
12649.0,1,1,0.9981,Churned
12650.0,0,0,0.0006,Active
12651.0,1,1,0.9994,Churned
12652.0,1,1,0.9931,Churned
12653.0,1,1,0.9961,Churned
12654.0,0,0,0.0006,Active
12655.0,1,1,0.9995,Churned
12656.0,0,0,0.0005,Active
12657.0,0,0,0.0004,Active
12658.0,0,0,0.0003,Active
12659.0,0,0,0.0006,Active
12660.0,0,0,0.0006,Active
12661.0,1,1,0.9995,Churned
12662.0,0,0,0.0006,Active
12663.0,1,1,0.9976,Churned
12664.0,0,0,0.0005,Active
12665.0,1,1,0.9944,Churned
12666.0,1,1,0.9941,Churned
12667.0,0,0,0.0003,Active
12668.0,0,0,0.0004,Active
12669.0,1,1,0.9911,Churned
12670.0,0,0,0.0004,Active
12671.0,1,1,0.9992,Churned
12672.0,1,1,0.9967,Churned
12673.0,0,0,0.0004,Active
12674.0,0,0,0.0005,Active
12675.0,1,1,0.9976,Churned
12676.0,0,0,0.0005,Active
12677.0,1,1,0.9969,Churned
12678.0,0,0,0.0004,Active
12679.0,0,0,0.0007,Active
12680.0,0,0,0.0006,Active
12681.0,0,0,0.0004,Active
12682.0,0,0,0.0004,Active
12683.0,0,0,0.0004,Active
12684.0,0,0,0.0004,Active
12685.0,0,0,0.0004,Active
12686.0,1,1,0.9995,Churned
12687.0,1,1,0.9986,Churned
12688.0,1,1,0.9855,Churned
12689.0,0,0,0.0004,Active
12690.0,1,1,0.9979,Churned
12691.0,0,0,0.0005,Active
12692.0,1,1,0.9995,Churned
12693.0,1,1,0.9588,Churned
12694.0,0,0,0.0004,Active
12695.0,0,0,0.0006,Active
12696.0,1,1,0.9922,Churned
12697.0,0,0,0.0007,Active
12698.0,1,1,0.9995,Churned
12699.0,1,1,0.9992,Churned
12700.0,0,0,0.0004,Active
12701.0,0,0,0.0004,Active
12702.0,0,0,0.0006,Active
12703.0,0,0,0.0007,Active
12704.0,0,0,0.0005,Active
12705.0,0,0,0.0004,Active
12707.0,1,1,0.999,Churned
12708.0,0,0,0.0007,Active
12709.0,0,0,0.0005,Active
12710.0,1,1,0.9368,Churned
12711.0,1,1,0.9993,Churned
12712.0,0,0,0.0006,Active
12713.0,0,0,0.0003,Active
12714.0,0,0,0.0004,Active
12715.0,1,1,0.9971,Churned
12716.0,0,0,0.0005,Active
12717.0,1,1,0.9947,Churned
12718.0,0,0,0.0006,Active
12719.0,0,0,0.0008,Active
12720.0,0,0,0.0005,Active
12721.0,0,0,0.0004,Active
12722.0,0,0,0.0007,Active
12723.0,0,0,0.0006,Active
12724.0,0,0,0.0005,Active
12725.0,1,1,0.9994,Churned
12726.0,0,0,0.0005,Active
12727.0,0,0,0.0004,Active
12728.0,0,0,0.0006,Active
12729.0,1,1,0.9933,Churned
12730.0,1,1,0.9991,Churned
12731.0,0,0,0.0004,Active
12732.0,1,1,0.9987,Churned
12733.0,1,1,0.9859,Churned
12734.0,1,1,0.9995,Churned
12735.0,1,1,0.9989,Churned
12736.0,1,1,0.9996,Churned
12737.0,1,1,0.9985,Churned
12738.0,1,1,0.9995,Churned
12739.0,0,0,0.0004,Active
12740.0,0,0,0.0005,Active
12741.0,1,1,0.9996,Churned
12742.0,1,1,0.9962,Churned
12743.0,1,1,0.9986,Churned
12744.0,0,0,0.0004,Active
12745.0,1,1,0.9996,Churned
12746.0,1,1,0.9984,Churned
12747.0,0,0,0.0005,Active
12748.0,0,0,0.0005,Active
12749.0,0,0,0.0007,Active
12750.0,1,1,0.999,Churned
12751.0,1,1,0.9995,Churned
12752.0,0,0,0.0004,Active
12753.0,0,0,0.0005,Active
12754.0,1,1,0.9958,Churned
12755.0,1,1,0.9975,Churned
12756.0,0,0,0.0006,Active
12757.0,0,0,0.0007,Active
12758.0,1,1,0.9967,Churned
12759.0,0,0,0.0005,Active
12760.0,1,1,0.9995,Churned
12761.0,1,1,0.9993,Churned
12762.0,0,0,0.0004,Active
12763.0,1,1,0.9989,Churned
12764.0,1,1,0.9985,Churned
12765.0,1,1,0.9995,Churned
12766.0,0,0,0.0003,Active
12767.0,1,1,0.9992,Churned
12768.0,1,1,0.9983,Churned
12769.0,1,1,0.9457,Churned
12770.0,1,1,0.9587,Churned
12771.0,1,1,0.9984,Churned
12772.0,0,0,0.0003,Active
12773.0,1,1,0.9983,Churned
12774.0,1,1,0.9995,Churned
12775.0,0,0,0.0005,Active
12776.0,1,1,0.9996,Churned
12777.0,1,1,0.9994,Churned
12778.0,0,0,0.0005,Active
12779.0,0,0,0.0005,Active
12780.0,1,1,0.9996,Churned
12781.0,0,0,0.0002,Active
12782.0,0,0,0.0004,Active
12783.0,0,0,0.0006,Active
12784.0,0,0,0.0004,Active
12785.0,0,0,0.3791,Active
12786.0,1,1,0.9994,Churned
12787.0,0,0,0.0005,Active
12788.0,1,1,0.9995,Churned
12789.0,0,0,0.0006,Active
12790.0,1,1,0.99,Churned
12791.0,1,1,0.9989,Churned
12792.0,1,1,0.9911,Churned
12793.0,1,1,0.9994,Churned
12794.0,0,0,0.0004,Active
12795.0,0,0,0.0005,Active
12796.0,1,1,0.9994,Churned
12797.0,1,1,0.9971,Churned
12798.0,0,0,0.0004,Active
12799.0,1,1,0.9995,Churned
12800.0,1,1,0.9995,Churned
12801.0,1,1,0.996,Churned
12802.0,1,1,0.9989,Churned
12803.0,1,1,0.9992,Churned
12804.0,1,1,0.9995,Churned
12805.0,1,1,0.9994,Churned
12806.0,1,1,0.9993,Churned
12807.0,1,1,0.9963,Churned
12808.0,0,0,0.0006,Active
12809.0,1,1,0.9751,Churned
12810.0,1,1,0.9996,Churned
12811.0,1,1,0.9994,Churned
12812.0,0,0,0.0006,Active
12813.0,1,1,0.9995,Churned
12814.0,1,1,0.9983,Churned
12815.0,1,1,0.9975,Churned
12816.0,1,1,0.9943,Churned
12817.0,1,1,0.9994,Churned
12818.0,1,1,0.9917,Churned
12819.0,1,1,0.9994,Churned
12820.0,0,0,0.0005,Active
12821.0,1,1,0.9987,Churned
12822.0,0,0,0.0005,Active
12823.0,0,0,0.0005,Active
12824.0,0,0,0.0005,Active
12825.0,1,1,0.9995,Churned
12826.0,0,0,0.0005,Active
12827.0,0,0,0.0006,Active
12828.0,0,0,0.0006,Active
12829.0,1,1,0.9987,Churned
12830.0,0,0,0.0004,Active
12831.0,1,1,0.9995,Churned
12832.0,0,0,0.0006,Active
12833.0,1,1,0.9976,Churned
12834.0,1,1,0.9993,Churned
12835.0,1,1,0.9995,Churned
12836.0,0,0,0.0004,Active
12837.0,1,1,0.9986,Churned
12838.0,0,0,0.0006,Active
12839.0,0,0,0.0005,Active
12840.0,1,1,0.9834,Churned
12841.0,0,0,0.0005,Active
12842.0,0,0,0.0005,Active
12843.0,0,0,0.0005,Active
12844.0,0,0,0.0006,Active
12845.0,1,1,0.9995,Churned
12846.0,1,1,0.9995,Churned
12847.0,0,0,0.0003,Active
12848.0,1,1,0.9995,Churned
12849.0,0,0,0.0004,Active
12850.0,1,1,0.9992,Churned
12851.0,1,1,0.9943,Churned
12852.0,1,1,0.9959,Churned
12853.0,1,1,0.9642,Churned
12854.0,0,0,0.0007,Active
12855.0,1,1,0.9994,Churned
12856.0,0,0,0.0006,Active
12857.0,1,1,0.9985,Churned
12858.0,1,1,0.9979,Churned
12859.0,1,1,0.9993,Churned
12860.0,1,1,0.9995,Churned
12861.0,1,1,0.9995,Churned
12862.0,1,1,0.9992,Churned
12863.0,0,0,0.0005,Active
12864.0,1,1,0.9989,Churned
12865.0,0,0,0.0003,Active
12866.0,1,1,0.9992,Churned
12867.0,0,0,0.0004,Active
12868.0,1,1,0.9985,Churned
12869.0,1,1,0.9995,Churned
12870.0,1,1,0.9987,Churned
12871.0,0,0,0.0005,Active
12872.0,1,1,0.9994,Churned
12873.0,1,1,0.9992,Churned
12874.0,1,1,0.9935,Churned
12875.0,1,1,0.9978,Churned
12876.0,0,0,0.0003,Active
12877.0,0,0,0.0006,Active
12878.0,0,1,0.5939,Churned
12879.0,0,0,0.0006,Active
12880.0,1,1,0.9995,Churned
12881.0,1,1,0.9994,Churned
12882.0,0,0,0.0005,Active
12883.0,0,0,0.0006,Active
12884.0,0,0,0.0007,Active
12885.0,0,0,0.0004,Active
12886.0,0,0,0.0004,Active
12887.0,1,1,0.9995,Churned
12888.0,1,1,0.9914,Churned
12889.0,1,1,0.9967,Churned
12890.0,0,0,0.0006,Active
12891.0,1,1,0.9989,Churned
12892.0,1,1,0.9995,Churned
12893.0,0,0,0.0006,Active
12894.0,1,1,0.9995,Churned
12895.0,0,0,0.0007,Active
12897.0,1,1,0.9991,Churned
12898.0,1,1,0.9996,Churned
12899.0,1,1,0.9995,Churned
12900.0,1,1,0.9995,Churned
12901.0,0,0,0.0004,Active
12902.0,1,1,0.9994,Churned
12903.0,1,1,0.999,Churned
12904.0,0,0,0.0006,Active
12905.0,1,1,0.9946,Churned
12906.0,0,0,0.0004,Active
12907.0,1,1,0.9968,Churned
12908.0,0,0,0.2111,Active
12909.0,0,0,0.0007,Active
12910.0,0,0,0.0004,Active
12911.0,1,1,0.9989,Churned
12912.0,0,0,0.0005,Active
12913.0,0,0,0.0004,Active
12914.0,1,1,0.9996,Churned
12915.0,1,1,0.9918,Churned
12916.0,1,1,0.9982,Churned
12917.0,1,1,0.9919,Churned
12918.0,1,1,0.9957,Churned
12919.0,0,0,0.0005,Active
12920.0,0,0,0.0006,Active
12921.0,0,0,0.0004,Active
12922.0,1,1,0.9976,Churned
12923.0,0,0,0.0006,Active
12924.0,0,0,0.0005,Active
12925.0,0,0,0.0005,Active
12926.0,1,1,0.9992,Churned
12927.0,1,1,0.9994,Churned
12928.0,0,0,0.0005,Active
12929.0,1,1,0.9977,Churned
12930.0,0,0,0.0009,Active
12931.0,0,0,0.0004,Active
12932.0,1,1,0.9996,Churned
12933.0,0,0,0.0005,Active
12934.0,1,1,0.9996,Churned
12935.0,0,0,0.0005,Active
12936.0,0,0,0.0005,Active
12937.0,0,0,0.0006,Active
12938.0,0,0,0.0006,Active
12939.0,0,0,0.0004,Active
12940.0,0,0,0.0008,Active
12941.0,1,1,0.9994,Churned
12942.0,1,1,0.9986,Churned
12943.0,1,1,0.998,Churned
12944.0,0,0,0.0006,Active
12945.0,1,1,0.999,Churned
12946.0,1,1,0.9995,Churned
12947.0,1,1,0.987,Churned
12948.0,0,0,0.0005,Active
12949.0,0,0,0.0004,Active
12950.0,0,0,0.0006,Active
12951.0,0,0,0.0006,Active
12952.0,0,0,0.0006,Active
12953.0,0,0,0.0004,Active
12954.0,1,1,0.9995,Churned
12955.0,0,0,0.0005,Active
12956.0,1,1,0.9995,Churned
12957.0,0,0,0.0006,Active
12958.0,1,1,0.9995,Churned
12959.0,1,1,0.9983,Churned
12960.0,1,1,0.9996,Churned
12961.0,1,1,0.9994,Churned
12962.0,0,0,0.0006,Active
12963.0,0,0,0.0006,Active
12964.0,1,1,0.9995,Churned
12965.0,0,0,0.0002,Active
12966.0,0,0,0.0006,Active
12967.0,0,1,0.9211,Churned
12968.0,1,1,0.9967,Churned
12969.0,1,1,0.9995,Churned
12970.0,0,0,0.0006,Active
12971.0,0,0,0.0005,Active
12972.0,1,1,0.9968,Churned
12973.0,1,1,0.9992,Churned
12974.0,1,1,0.9986,Churned
12975.0,1,1,0.9986,Churned
12976.0,1,1,0.9987,Churned
12977.0,1,1,0.9986,Churned
12978.0,1,1,0.9992,Churned
12979.0,1,1,0.9967,Churned
12980.0,1,1,0.9966,Churned
12981.0,0,0,0.0006,Active
12982.0,1,1,0.9974,Churned
12983.0,1,1,0.9994,Churned
12984.0,0,0,0.0006,Active
12985.0,0,0,0.0004,Active
12986.0,1,1,0.9996,Churned
12987.0,0,0,0.0006,Active
12988.0,1,1,0.999,Churned
12989.0,0,0,0.0005,Active
12990.0,0,0,0.0005,Active
12991.0,0,0,0.0006,Active
12992.0,1,1,0.9995,Churned
12993.0,0,0,0.0006,Active
12994.0,0,0,0.001,Active
12995.0,0,0,0.0007,Active
12996.0,1,1,0.9993,Churned
12997.0,0,0,0.0007,Active
12998.0,1,1,0.9991,Churned
12999.0,1,1,0.9989,Churned
13000.0,1,1,0.9982,Churned
13001.0,0,0,0.0004,Active
13002.0,1,1,0.9994,Churned
13003.0,1,1,0.9983,Churned
13004.0,0,0,0.0006,Active
13005.0,1,1,0.9888,Churned
13006.0,0,0,0.0006,Active
13007.0,1,1,0.9995,Churned
13008.0,1,1,0.9968,Churned
13009.0,1,1,0.9995,Churned
13010.0,1,1,0.9996,Churned
13011.0,1,1,0.9994,Churned
13012.0,0,0,0.0006,Active
13013.0,0,0,0.0005,Active
13014.0,0,0,0.0007,Active
13015.0,0,0,0.0004,Active
13016.0,0,0,0.0005,Active
13017.0,0,0,0.0006,Active
13018.0,0,0,0.0005,Active
13019.0,1,1,0.9986,Churned
13020.0,1,1,0.9983,Churned
13021.0,0,0,0.0005,Active
13022.0,1,1,0.9995,Churned
13023.0,0,0,0.0006,Active
13024.0,1,1,0.9976,Churned
13025.0,1,1,0.9996,Churned
13026.0,0,0,0.0005,Active
13027.0,1,1,0.9891,Churned
13028.0,0,0,0.0007,Active
13029.0,0,0,0.0004,Active
13030.0,0,0,0.0005,Active
13031.0,1,1,0.9991,Churned
13032.0,0,0,0.0004,Active
13033.0,1,1,0.9994,Churned
13034.0,0,0,0.0006,Active
13035.0,0,0,0.0004,Active
13036.0,1,1,0.9995,Churned
13037.0,1,1,0.9955,Churned
13038.0,0,0,0.0005,Active
13039.0,1,1,0.9995,Churned
13040.0,0,0,0.0006,Active
13041.0,1,1,0.9996,Churned
13042.0,1,1,0.9986,Churned
13043.0,1,1,0.9954,Churned
13044.0,1,1,0.9994,Churned
13045.0,1,1,0.9927,Churned
13046.0,0,0,0.0006,Active
13047.0,0,0,0.0005,Active
13048.0,0,0,0.0004,Active
13049.0,0,0,0.0004,Active
13050.0,0,0,0.0008,Active
13051.0,1,1,0.9996,Churned
13052.0,1,1,0.9983,Churned
13053.0,1,1,0.9995,Churned
13055.0,0,0,0.0005,Active
13056.0,1,1,0.9996,Churned
13057.0,1,1,0.9991,Churned
13058.0,0,0,0.0006,Active
13059.0,1,1,0.9994,Churned
13060.0,1,1,0.9994,Churned
13061.0,0,0,0.0006,Active
13062.0,1,1,0.9987,Churned
13063.0,1,1,0.9995,Churned
13064.0,0,0,0.0006,Active
13065.0,1,1,0.9994,Churned
13066.0,0,0,0.001,Active
13067.0,0,0,0.0006,Active
13068.0,0,0,0.0006,Active
13069.0,0,0,0.0005,Active
13070.0,1,1,0.9985,Churned
13071.0,1,1,0.9995,Churned
13072.0,1,1,0.9994,Churned
13073.0,1,1,0.9995,Churned
13074.0,1,1,0.9995,Churned
13075.0,1,1,0.9973,Churned
13076.0,1,1,0.9995,Churned
13077.0,0,0,0.0005,Active
13078.0,0,0,0.0005,Active
13079.0,0,0,0.0006,Active
13080.0,1,1,0.9987,Churned
13081.0,0,0,0.0005,Active
13082.0,1,1,0.9979,Churned
13083.0,0,0,0.0006,Active
13084.0,1,1,0.9981,Churned
13085.0,1,1,0.9987,Churned
13086.0,1,1,0.9991,Churned
13087.0,1,1,0.9995,Churned
13088.0,1,1,0.9995,Churned
13089.0,0,0,0.0004,Active
13090.0,0,0,0.0004,Active
13091.0,0,0,0.0004,Active
13092.0,0,0,0.0005,Active
13093.0,1,1,0.9937,Churned
13094.0,0,0,0.0005,Active
13095.0,0,0,0.0006,Active
13096.0,1,1,0.9991,Churned
13097.0,0,0,0.0004,Active
13098.0,0,0,0.0005,Active
13099.0,1,1,0.9921,Churned
13101.0,1,1,0.999,Churned
13102.0,0,0,0.0005,Active
13103.0,0,0,0.0005,Active
13104.0,0,0,0.0005,Active
13105.0,1,1,0.9993,Churned
13106.0,1,1,0.9913,Churned
13107.0,0,0,0.0005,Active
13108.0,1,1,0.9992,Churned
13109.0,0,0,0.0002,Active
13110.0,0,0,0.0006,Active
13111.0,1,1,0.9996,Churned
13112.0,1,1,0.9984,Churned
13113.0,0,0,0.0005,Active
13114.0,1,1,0.9995,Churned
13115.0,0,0,0.0005,Active
13116.0,1,1,0.9844,Churned
13117.0,0,0,0.0005,Active
13118.0,0,0,0.0006,Active
13119.0,1,1,0.9995,Churned
13120.0,1,1,0.9995,Churned
13121.0,1,1,0.9978,Churned
13122.0,1,1,0.9795,Churned
13123.0,1,1,0.9995,Churned
13124.0,0,0,0.0003,Active
13125.0,1,1,0.9995,Churned
13126.0,0,0,0.0007,Active
13127.0,0,0,0.0006,Active
13128.0,1,1,0.9995,Churned
13129.0,1,1,0.9996,Churned
13130.0,1,1,0.9836,Churned
13131.0,0,0,0.0004,Active
13132.0,1,1,0.9994,Churned
13133.0,1,1,0.9994,Churned
13134.0,0,0,0.0005,Active
13135.0,1,1,0.9976,Churned
13136.0,0,0,0.0006,Active
13137.0,0,0,0.0004,Active
13138.0,0,0,0.0006,Active
13139.0,0,0,0.0004,Active
13140.0,1,1,0.9976,Churned
13141.0,0,0,0.0005,Active
13142.0,0,0,0.0006,Active
13143.0,1,1,0.9958,Churned
13144.0,1,1,0.9994,Churned
13145.0,0,0,0.0006,Active
13146.0,0,0,0.0006,Active
13147.0,0,0,0.0006,Active
13148.0,0,0,0.0006,Active
13149.0,0,0,0.0004,Active
13150.0,1,1,0.9991,Churned
13151.0,1,1,0.9928,Churned
13152.0,1,1,0.9995,Churned
13153.0,0,0,0.0005,Active
13154.0,1,1,0.9923,Churned
13155.0,0,0,0.0006,Active
13156.0,1,1,0.9991,Churned
13157.0,0,0,0.0004,Active
13158.0,1,1,0.9933,Churned
13159.0,0,0,0.0006,Active
13160.0,0,0,0.0006,Active
13161.0,1,1,0.9994,Churned
13162.0,1,1,0.998,Churned
13163.0,1,1,0.9984,Churned
13164.0,1,1,0.9974,Churned
13165.0,0,0,0.0004,Active
13166.0,1,1,0.9945,Churned
13167.0,0,0,0.0005,Active
13168.0,0,0,0.0006,Active
13169.0,0,0,0.0006,Active
13170.0,0,0,0.0006,Active
13171.0,0,0,0.0011,Active
13172.0,1,1,0.9994,Churned
13173.0,0,0,0.0005,Active
13174.0,0,0,0.0004,Active
13175.0,1,1,0.9957,Churned
13176.0,0,0,0.0005,Active
13177.0,0,0,0.0006,Active
13178.0,0,0,0.0004,Active
13179.0,1,1,0.9992,Churned
13180.0,1,1,0.9996,Churned
13181.0,1,1,0.9994,Churned
13182.0,0,0,0.0006,Active
13183.0,0,0,0.0004,Active
13184.0,0,0,0.0005,Active
13185.0,1,1,0.9994,Churned
13186.0,0,0,0.0007,Active
13187.0,1,1,0.9994,Churned
13188.0,0,0,0.0006,Active
13189.0,0,0,0.0006,Active
13190.0,1,1,0.9992,Churned
13191.0,1,1,0.9995,Churned
13192.0,1,1,0.9273,Churned
13193.0,0,0,0.0006,Active
13194.0,1,1,0.9989,Churned
13195.0,1,1,0.9995,Churned
13196.0,0,0,0.0004,Active
13197.0,1,1,0.9992,Churned
13198.0,0,0,0.0005,Active
13199.0,0,0,0.0005,Active
13200.0,0,0,0.0005,Active
13201.0,1,1,0.9995,Churned
13202.0,1,1,0.9994,Churned
13203.0,0,0,0.0005,Active
13204.0,1,1,0.9991,Churned
13205.0,1,1,0.9987,Churned
13206.0,1,1,0.9994,Churned
13207.0,0,0,0.0005,Active
13208.0,0,0,0.0006,Active
13209.0,0,0,0.0004,Active
13210.0,1,1,0.9863,Churned
13211.0,0,0,0.0005,Active
13212.0,0,0,0.0006,Active
13213.0,0,0,0.0005,Active
13214.0,1,1,0.9995,Churned
13215.0,1,1,0.9994,Churned
13216.0,1,1,0.9994,Churned
13217.0,1,1,0.9638,Churned
13218.0,1,1,0.9978,Churned
13219.0,1,1,0.9995,Churned
13220.0,0,0,0.0006,Active
13221.0,1,1,0.9989,Churned
13222.0,1,1,0.9995,Churned
13223.0,1,1,0.9989,Churned
13224.0,0,0,0.0004,Active
13225.0,0,0,0.0004,Active
13226.0,1,1,0.9994,Churned
13227.0,1,1,0.9985,Churned
13228.0,0,0,0.0006,Active
13229.0,1,1,0.9989,Churned
13230.0,0,0,0.0006,Active
13232.0,0,0,0.0005,Active
13233.0,0,0,0.0006,Active
13234.0,1,1,0.9995,Churned
13235.0,1,1,0.9839,Churned
13236.0,0,0,0.0006,Active
13237.0,1,1,0.9991,Churned
13238.0,0,0,0.0006,Active
13239.0,1,1,0.9995,Churned
13240.0,1,1,0.9936,Churned
13241.0,1,1,0.9995,Churned
13242.0,1,1,0.9962,Churned
13243.0,1,1,0.9985,Churned
13244.0,1,1,0.9861,Churned
13245.0,0,0,0.0004,Active
13246.0,0,0,0.0005,Active
13247.0,0,0,0.0006,Active
13248.0,1,1,0.9982,Churned
13249.0,1,1,0.9844,Churned
13250.0,1,1,0.9976,Churned
13251.0,1,1,0.9995,Churned
13252.0,1,1,0.9968,Churned
13253.0,1,1,0.9981,Churned
13254.0,1,1,0.9995,Churned
13255.0,0,0,0.0006,Active
13257.0,1,1,0.9984,Churned
13258.0,0,0,0.0005,Active
13259.0,0,0,0.0006,Active
13260.0,0,0,0.0005,Active
13261.0,1,1,0.9994,Churned
13262.0,1,1,0.9994,Churned
13263.0,0,0,0.0006,Active
13264.0,1,1,0.9992,Churned
13265.0,0,0,0.0005,Active
13266.0,0,0,0.0007,Active
13267.0,0,0,0.0006,Active
13268.0,0,0,0.0005,Active
13269.0,0,0,0.0005,Active
13270.0,1,1,0.9986,Churned
13271.0,0,0,0.0011,Active
13272.0,0,0,0.0006,Active
13273.0,1,1,0.9968,Churned
13274.0,1,1,0.9994,Churned
13275.0,1,1,0.9995,Churned
13276.0,0,0,0.0004,Active
13277.0,0,0,0.0006,Active
13278.0,0,0,0.0005,Active
13279.0,0,0,0.0009,Active
13280.0,1,1,0.9975,Churned
13281.0,1,1,0.9972,Churned
13282.0,0,0,0.0008,Active
13283.0,0,0,0.0006,Active
13284.0,1,1,0.9977,Churned
13285.0,0,0,0.0005,Active
13286.0,1,1,0.9993,Churned
13287.0,1,1,0.9971,Churned
13288.0,1,1,0.9996,Churned
13289.0,1,1,0.9995,Churned
13290.0,1,1,0.9984,Churned
13291.0,1,1,0.9985,Churned
13292.0,0,0,0.0006,Active
13293.0,1,1,0.9994,Churned
13294.0,1,1,0.9973,Churned
13295.0,1,1,0.9941,Churned
13296.0,1,1,0.9984,Churned
13297.0,0,0,0.0005,Active
13298.0,0,0,0.0006,Active
13299.0,1,1,0.9959,Churned
13300.0,1,1,0.9773,Churned
13301.0,1,1,0.9978,Churned
13302.0,1,1,0.9987,Churned
13303.0,1,1,0.9995,Churned
13304.0,1,1,0.9963,Churned
13305.0,0,0,0.0005,Active
13306.0,1,1,0.9995,Churned
13307.0,1,1,0.998,Churned
13308.0,0,0,0.0005,Active
13309.0,0,0,0.0005,Active
13310.0,0,0,0.0007,Active
13311.0,0,0,0.0006,Active
13312.0,1,1,0.9996,Churned
13313.0,0,0,0.0005,Active
13314.0,0,0,0.0006,Active
13315.0,1,1,0.9995,Churned
13316.0,0,0,0.0004,Active
13317.0,0,0,0.0007,Active
13318.0,0,0,0.0006,Active
13319.0,0,0,0.0006,Active
13320.0,0,0,0.0007,Active
13321.0,0,0,0.0006,Active
13322.0,0,0,0.0006,Active
13323.0,0,0,0.0006,Active
13324.0,0,0,0.0004,Active
13325.0,0,0,0.0004,Active
13326.0,1,1,0.9995,Churned
13327.0,0,0,0.0004,Active
13328.0,1,1,0.9991,Churned
13329.0,0,0,0.0007,Active
13330.0,1,1,0.9804,Churned
13331.0,1,1,0.9995,Churned
13332.0,0,0,0.0007,Active
13333.0,1,1,0.9995,Churned
13334.0,0,0,0.0002,Active
13336.0,0,0,0.0003,Active
13337.0,1,1,0.9949,Churned
13338.0,1,1,0.978,Churned
13339.0,1,1,0.9964,Churned
13340.0,0,0,0.0004,Active
13341.0,1,1,0.9988,Churned
13343.0,1,1,0.9912,Churned
13344.0,0,0,0.0004,Active
13345.0,1,1,0.9951,Churned
13346.0,1,1,0.9996,Churned
13347.0,0,0,0.0006,Active
13348.0,0,0,0.0006,Active
13349.0,0,0,0.0006,Active
13350.0,0,0,0.0007,Active
13351.0,0,0,0.0005,Active
13352.0,0,0,0.0005,Active
13354.0,0,0,0.0003,Active
13355.0,1,1,0.9936,Churned
13356.0,0,0,0.0003,Active
13357.0,1,1,0.9987,Churned
13358.0,1,1,0.9993,Churned
13359.0,0,0,0.0007,Active
13360.0,1,1,0.9968,Churned
13361.0,1,1,0.9992,Churned
13362.0,0,0,0.0003,Active
13363.0,0,0,0.0004,Active
13364.0,0,0,0.0011,Active
13365.0,0,0,0.0003,Active
13366.0,0,0,0.0006,Active
13367.0,1,1,0.9994,Churned
13368.0,1,1,0.9994,Churned
13369.0,1,1,0.9964,Churned
13370.0,1,1,0.9941,Churned
13371.0,1,1,0.996,Churned
13372.0,0,0,0.0005,Active
13373.0,0,0,0.0003,Active
13374.0,1,1,0.9995,Churned
13375.0,0,0,0.0004,Active
13376.0,1,1,0.9889,Churned
13377.0,1,1,0.9936,Churned
13379.0,0,0,0.0006,Active
13380.0,1,1,0.9995,Churned
13381.0,0,0,0.0004,Active
13382.0,1,1,0.9994,Churned
13383.0,1,1,0.9993,Churned
13384.0,0,0,0.0004,Active
13385.0,1,1,0.999,Churned
13386.0,1,1,0.9994,Churned
13387.0,1,1,0.9995,Churned
13388.0,1,1,0.996,Churned
13389.0,0,0,0.0006,Active
13390.0,0,0,0.0005,Active
13391.0,1,1,0.9987,Churned
13392.0,1,1,0.9995,Churned
13393.0,1,1,0.9973,Churned
13394.0,0,0,0.0005,Active
13395.0,1,1,0.9986,Churned
13396.0,0,0,0.0004,Active
13397.0,0,0,0.0005,Active
13398.0,1,1,0.9988,Churned
13399.0,1,1,0.9995,Churned
13400.0,1,1,0.9974,Churned
13402.0,1,1,0.9977,Churned
13403.0,0,0,0.0006,Active
13404.0,0,0,0.0006,Active
13405.0,0,0,0.0007,Active
13406.0,1,1,0.9971,Churned
13407.0,1,1,0.9959,Churned
13408.0,0,0,0.0004,Active
13410.0,0,0,0.0005,Active
13411.0,1,1,0.9978,Churned
13412.0,1,1,0.9992,Churned
13413.0,1,1,0.9991,Churned
13414.0,1,1,0.9985,Churned
13415.0,1,1,0.9995,Churned
13416.0,0,0,0.0006,Active
13417.0,0,0,0.0006,Active
13418.0,0,0,0.0005,Active
13419.0,0,0,0.0006,Active
13420.0,1,1,0.9907,Churned
13421.0,0,0,0.0004,Active
13422.0,0,0,0.0002,Active
13423.0,1,1,0.9995,Churned
13424.0,1,1,0.9944,Churned
13425.0,1,1,0.893,Churned
13426.0,0,0,0.0005,Active
13427.0,0,0,0.0005,Active
13428.0,0,0,0.0006,Active
13429.0,0,0,0.0005,Active
13430.0,0,0,0.0006,Active
13431.0,0,0,0.0005,Active
13432.0,1,1,0.9995,Churned
13433.0,1,1,0.9995,Churned
13434.0,0,0,0.0004,Active
13435.0,0,0,0.0004,Active
13436.0,0,0,0.0006,Active
13437.0,0,0,0.0006,Active
13438.0,1,1,0.9995,Churned
13439.0,1,1,0.9995,Churned
13440.0,1,1,0.9988,Churned
13441.0,1,1,0.9869,Churned
13442.0,1,1,0.9995,Churned
13443.0,1,1,0.9995,Churned
13444.0,1,1,0.9994,Churned
13445.0,1,1,0.9996,Churned
13446.0,1,1,0.998,Churned
13447.0,0,0,0.0004,Active
13448.0,0,0,0.0006,Active
13449.0,0,0,0.0006,Active
13450.0,0,0,0.0005,Active
13451.0,0,0,0.0005,Active
13452.0,1,1,0.9994,Churned
13453.0,1,1,0.9898,Churned
13454.0,1,1,0.9995,Churned
13455.0,0,0,0.0009,Active
13456.0,0,0,0.0005,Active
13457.0,1,1,0.9979,Churned
13458.0,0,0,0.0005,Active
13459.0,1,1,0.9994,Churned
13460.0,0,0,0.0006,Active
13461.0,0,0,0.0004,Active
13462.0,1,1,0.9994,Churned
13464.0,0,0,0.0004,Active
13465.0,1,1,0.9994,Churned
13466.0,1,1,0.9963,Churned
13467.0,0,0,0.0004,Active
13468.0,0,0,0.0006,Active
13469.0,1,1,0.9995,Churned
13470.0,1,1,0.993,Churned
13471.0,0,0,0.0004,Active
13472.0,1,1,0.9995,Churned
13473.0,0,0,0.0005,Active
13474.0,1,1,0.9995,Churned
13475.0,1,1,0.9987,Churned
13476.0,1,1,0.9959,Churned
13477.0,0,0,0.0005,Active
13478.0,1,1,0.9987,Churned
13479.0,1,1,0.9909,Churned
13480.0,1,1,0.9995,Churned
13481.0,0,0,0.0004,Active
13482.0,1,1,0.9989,Churned
13483.0,0,0,0.0006,Active
13484.0,1,1,0.9986,Churned
13485.0,1,1,0.9963,Churned
13486.0,0,0,0.0006,Active
13487.0,0,0,0.0006,Active
13488.0,0,0,0.0004,Active
13489.0,1,1,0.9981,Churned
13490.0,1,1,0.9995,Churned
13491.0,0,0,0.0006,Active
13492.0,1,1,0.9982,Churned
13493.0,1,1,0.9995,Churned
13494.0,1,1,0.9994,Churned
13495.0,0,0,0.0004,Active
13496.0,0,0,0.0007,Active
13497.0,1,1,0.9994,Churned
13498.0,1,1,0.9996,Churned
13499.0,0,0,0.0005,Active
13500.0,0,0,0.0005,Active
13501.0,1,1,0.9881,Churned
13502.0,0,0,0.0005,Active
13503.0,0,0,0.0009,Active
13504.0,0,0,0.0006,Active
13505.0,0,0,0.0004,Active
13506.0,1,1,0.9954,Churned
13507.0,0,0,0.0005,Active
13508.0,1,1,0.9995,Churned
13509.0,0,0,0.0005,Active
13510.0,0,0,0.0005,Active
13511.0,1,1,0.9983,Churned
13512.0,1,1,0.9994,Churned
13513.0,1,1,0.9892,Churned
13514.0,0,0,0.0006,Active
13515.0,0,0,0.0006,Active
13516.0,0,0,0.0004,Active
13517.0,0,0,0.0005,Active
13518.0,0,0,0.0004,Active
13519.0,0,0,0.0011,Active
13520.0,0,0,0.0004,Active
13521.0,0,0,0.0003,Active
13522.0,0,0,0.0006,Active
13523.0,0,0,0.0004,Active
13524.0,0,0,0.0006,Active
13525.0,0,0,0.0006,Active
13526.0,1,1,0.9962,Churned
13527.0,0,0,0.0004,Active
13529.0,0,0,0.0006,Active
13530.0,1,1,0.9992,Churned
13531.0,1,1,0.9987,Churned
13532.0,0,0,0.0006,Active
13533.0,1,1,0.9987,Churned
13534.0,0,0,0.0007,Active
13535.0,1,1,0.9995,Churned
13536.0,0,0,0.0004,Active
13537.0,1,1,0.9995,Churned
13538.0,0,0,0.0006,Active
13539.0,0,0,0.0006,Active
13540.0,1,1,0.9995,Churned
13541.0,1,1,0.9952,Churned
13542.0,1,1,0.9994,Churned
13543.0,1,1,0.9992,Churned
13544.0,0,0,0.0006,Active
13545.0,1,1,0.9971,Churned
13546.0,0,0,0.0006,Active
13547.0,1,1,0.9995,Churned
13548.0,1,1,0.9936,Churned
13549.0,0,0,0.0006,Active
13550.0,1,1,0.9995,Churned
13551.0,1,1,0.9995,Churned
13552.0,0,0,0.001,Active
13553.0,1,1,0.9992,Churned
13554.0,1,1,0.9984,Churned
13555.0,0,0,0.0004,Active
13556.0,1,1,0.9996,Churned
13557.0,0,0,0.0005,Active
13558.0,0,0,0.0006,Active
13559.0,1,1,0.9992,Churned
13560.0,0,0,0.0006,Active
13561.0,1,1,0.9987,Churned
13562.0,0,0,0.0004,Active
13563.0,0,0,0.0005,Active
13564.0,1,1,0.9918,Churned
13565.0,0,0,0.0006,Active
13566.0,0,0,0.0006,Active
13567.0,1,1,0.9995,Churned
13568.0,1,1,0.9987,Churned
13569.0,0,0,0.0006,Active
13570.0,1,1,0.9994,Churned
13571.0,0,0,0.0006,Active
13572.0,1,1,0.997,Churned
13573.0,0,0,0.0005,Active
13574.0,1,1,0.9991,Churned
13575.0,0,0,0.0006,Active
13576.0,0,0,0.0005,Active
13577.0,0,0,0.0006,Active
13578.0,1,1,0.9996,Churned
13579.0,0,0,0.0005,Active
13580.0,1,1,0.9995,Churned
13581.0,1,1,0.9994,Churned
13582.0,1,1,0.9995,Churned
13583.0,1,1,0.9971,Churned
13584.0,1,1,0.9965,Churned
13585.0,1,1,0.9991,Churned
13586.0,1,1,0.9995,Churned
13587.0,0,0,0.0005,Active
13588.0,0,0,0.0005,Active
13589.0,0,0,0.0006,Active
13590.0,0,0,0.0005,Active
13591.0,0,0,0.0006,Active
13592.0,0,0,0.0006,Active
13593.0,1,1,0.9968,Churned
13594.0,0,0,0.0007,Active
13595.0,1,1,0.9995,Churned
13596.0,0,0,0.0006,Active
13597.0,1,1,0.995,Churned
13598.0,0,0,0.0006,Active
13599.0,0,0,0.0007,Active
13600.0,1,1,0.9995,Churned
13601.0,0,0,0.0005,Active
13602.0,0,0,0.0006,Active
13603.0,0,0,0.0006,Active
13604.0,1,1,0.9967,Churned
13605.0,1,1,0.9994,Churned
13606.0,0,0,0.0006,Active
13607.0,0,0,0.0006,Active
13608.0,1,1,0.9995,Churned
13609.0,1,1,0.9995,Churned
13610.0,0,0,0.0006,Active
13611.0,0,0,0.0006,Active
13612.0,1,1,0.9946,Churned
13613.0,1,1,0.9995,Churned
13614.0,0,0,0.0004,Active
13615.0,1,1,0.9809,Churned
13616.0,1,1,0.9995,Churned
13617.0,0,0,0.0006,Active
13618.0,1,1,0.999,Churned
13619.0,1,1,0.9995,Churned
13620.0,1,1,0.9996,Churned
13621.0,1,1,0.9985,Churned
13622.0,1,1,0.9961,Churned
13623.0,0,0,0.0009,Active
13624.0,1,1,0.9957,Churned
13625.0,1,1,0.9995,Churned
13626.0,1,1,0.9954,Churned
13627.0,0,0,0.0005,Active
13628.0,1,1,0.9995,Churned
13629.0,0,0,0.0004,Active
13630.0,0,0,0.0007,Active
13631.0,1,1,0.9935,Churned
13632.0,0,0,0.0004,Active
13634.0,0,0,0.0006,Active
13635.0,0,0,0.0004,Active
13636.0,0,0,0.0006,Active
13637.0,0,0,0.0006,Active
13638.0,0,0,0.0006,Active
13639.0,0,0,0.0004,Active
13640.0,1,1,0.9992,Churned
13641.0,1,1,0.999,Churned
13642.0,1,1,0.9988,Churned
13643.0,0,0,0.0007,Active
13644.0,0,0,0.0004,Active
13645.0,1,1,0.9985,Churned
13646.0,1,1,0.9967,Churned
13647.0,0,0,0.0004,Active
13648.0,1,1,0.9986,Churned
13649.0,1,1,0.9994,Churned
13650.0,0,0,0.0007,Active
13651.0,0,0,0.0006,Active
13652.0,0,0,0.0004,Active
13653.0,1,1,0.9995,Churned
13654.0,0,0,0.0004,Active
13655.0,1,1,0.9659,Churned
13656.0,1,1,0.9915,Churned
13657.0,0,0,0.0006,Active
13658.0,0,0,0.0004,Active
13659.0,1,1,0.9925,Churned
13660.0,1,1,0.9979,Churned
13661.0,1,1,0.9995,Churned
13662.0,0,0,0.0007,Active
13663.0,1,1,0.9985,Churned
13665.0,1,1,0.9993,Churned
13666.0,0,0,0.0006,Active
13667.0,1,1,0.9987,Churned
13668.0,0,0,0.0005,Active
13669.0,0,0,0.0006,Active
13670.0,0,0,0.0006,Active
13671.0,1,1,0.9995,Churned
13672.0,1,1,0.997,Churned
13673.0,0,0,0.0006,Active
13674.0,1,1,0.9984,Churned
13675.0,1,1,0.9984,Churned
13676.0,1,1,0.9976,Churned
13677.0,1,1,0.9995,Churned
13678.0,1,1,0.9989,Churned
13679.0,1,1,0.9995,Churned
13680.0,0,0,0.0003,Active
13681.0,0,0,0.0006,Active
13682.0,1,1,0.9987,Churned
13683.0,1,1,0.9996,Churned
13684.0,1,1,0.9966,Churned
13685.0,0,0,0.0005,Active
13686.0,1,1,0.9984,Churned
13687.0,1,1,0.9993,Churned
13688.0,1,1,0.9994,Churned
13689.0,0,0,0.0004,Active
13690.0,0,0,0.0006,Active
13691.0,1,1,0.9995,Churned
13692.0,0,0,0.0005,Active
13693.0,1,1,0.9978,Churned
13694.0,0,0,0.0004,Active
13695.0,0,0,0.0005,Active
13696.0,1,1,0.9988,Churned
13697.0,0,0,0.0006,Active
13698.0,1,1,0.9995,Churned
13699.0,1,1,0.9844,Churned
13700.0,0,0,0.0005,Active
13701.0,1,1,0.9979,Churned
13702.0,1,1,0.9996,Churned
13703.0,1,1,0.9966,Churned
13704.0,0,0,0.0005,Active
13705.0,0,0,0.0005,Active
13706.0,1,1,0.9994,Churned
13707.0,1,1,0.9994,Churned
13708.0,1,1,0.9995,Churned
13709.0,0,0,0.0004,Active
13710.0,0,0,0.0006,Active
13711.0,1,1,0.9891,Churned
13712.0,1,1,0.9994,Churned
13713.0,1,1,0.9995,Churned
13714.0,1,1,0.9995,Churned
13715.0,1,1,0.9992,Churned
13716.0,1,1,0.9994,Churned
13717.0,0,0,0.0005,Active
13718.0,1,1,0.9996,Churned
13719.0,0,0,0.0006,Active
13720.0,1,1,0.9983,Churned
13721.0,0,0,0.0003,Active
13722.0,1,1,0.9982,Churned
13723.0,1,1,0.999,Churned
13724.0,1,1,0.9995,Churned
13725.0,0,0,0.0006,Active
13726.0,0,0,0.0004,Active
13727.0,0,0,0.0006,Active
13728.0,0,0,0.0006,Active
13729.0,1,1,0.9966,Churned
13730.0,1,1,0.9979,Churned
13731.0,1,1,0.9989,Churned
13732.0,0,0,0.0004,Active
13733.0,1,1,0.9965,Churned
13734.0,1,1,0.9941,Churned
13735.0,0,0,0.0006,Active
13736.0,0,0,0.0007,Active
13737.0,1,1,0.9983,Churned
13738.0,1,1,0.9991,Churned
13739.0,0,0,0.0006,Active
13740.0,1,1,0.9995,Churned
13741.0,0,0,0.0006,Active
13742.0,0,0,0.0006,Active
13743.0,0,0,0.0005,Active
13744.0,1,1,0.9924,Churned
13745.0,1,1,0.9898,Churned
13746.0,1,1,0.9995,Churned
13747.0,1,1,0.9994,Churned
13748.0,1,1,0.995,Churned
13750.0,0,0,0.0006,Active
13751.0,1,1,0.9996,Churned
13752.0,1,1,0.9983,Churned
13753.0,1,1,0.9992,Churned
13754.0,1,1,0.999,Churned
13755.0,0,0,0.0006,Active
13756.0,0,0,0.0005,Active
13757.0,1,1,0.9995,Churned
13758.0,0,0,0.0004,Active
13759.0,0,0,0.0006,Active
13760.0,0,0,0.0006,Active
13761.0,0,0,0.0006,Active
13762.0,1,1,0.9987,Churned
13763.0,0,0,0.0005,Active
13764.0,0,0,0.0005,Active
13765.0,1,1,0.9996,Churned
13766.0,1,1,0.9995,Churned
13767.0,0,0,0.0004,Active
13768.0,1,1,0.9616,Churned
13769.0,0,0,0.0008,Active
13770.0,1,1,0.9996,Churned
13771.0,0,0,0.0004,Active
13772.0,0,0,0.0004,Active
13773.0,1,1,0.9995,Churned
13774.0,0,0,0.0007,Active
13775.0,1,1,0.9991,Churned
13776.0,1,1,0.9922,Churned
13777.0,0,0,0.0005,Active
13778.0,1,1,0.9981,Churned
13779.0,1,1,0.9995,Churned
13780.0,0,0,0.0005,Active
13781.0,1,1,0.9985,Churned
13782.0,0,0,0.0006,Active
13783.0,1,1,0.9995,Churned
13784.0,0,0,0.0005,Active
13785.0,1,1,0.9995,Churned
13786.0,1,1,0.9984,Churned
13787.0,0,0,0.0007,Active
13788.0,1,1,0.9996,Churned
13789.0,1,1,0.9994,Churned
13790.0,0,0,0.0006,Active
13791.0,0,0,0.271,Active
13792.0,0,0,0.0006,Active
13793.0,1,1,0.9995,Churned
13794.0,1,1,0.9995,Churned
13795.0,1,1,0.9996,Churned
13796.0,1,1,0.9995,Churned
13797.0,1,1,0.9985,Churned
13798.0,0,0,0.0004,Active
13799.0,1,1,0.9865,Churned
13800.0,1,1,0.9991,Churned
13801.0,0,0,0.0007,Active
13802.0,1,1,0.996,Churned
13803.0,1,1,0.9983,Churned
13804.0,0,0,0.0005,Active
13805.0,0,0,0.0005,Active
13806.0,0,0,0.0006,Active
13807.0,1,1,0.9986,Churned
13808.0,0,0,0.0006,Active
13809.0,1,1,0.9995,Churned
13810.0,0,0,0.0004,Active
13811.0,1,1,0.9965,Churned
13812.0,0,0,0.0006,Active
13813.0,0,0,0.0007,Active
13814.0,0,0,0.0579,Active
13815.0,0,0,0.0004,Active
13816.0,0,0,0.0008,Active
13817.0,0,0,0.0006,Active
13818.0,1,1,0.9995,Churned
13819.0,1,1,0.9994,Churned
13820.0,1,1,0.9971,Churned
13821.0,1,1,0.9985,Churned
13822.0,0,0,0.0005,Active
13823.0,0,0,0.0004,Active
13824.0,0,0,0.0005,Active
13825.0,1,1,0.9996,Churned
13826.0,1,1,0.9926,Churned
13827.0,0,0,0.0006,Active
13828.0,0,0,0.0006,Active
13829.0,1,1,0.9975,Churned
13830.0,1,1,0.9984,Churned
13831.0,0,0,0.0005,Active
13832.0,0,0,0.001,Active
13833.0,1,1,0.9983,Churned
13834.0,1,1,0.9976,Churned
13835.0,0,0,0.0006,Active
13836.0,1,1,0.996,Churned
13837.0,1,1,0.999,Churned
13838.0,0,0,0.0006,Active
13839.0,1,1,0.9995,Churned
13840.0,1,1,0.9992,Churned
13841.0,1,1,0.9992,Churned
13842.0,0,0,0.0006,Active
13843.0,1,1,0.9994,Churned
13844.0,0,0,0.0007,Active
13845.0,0,0,0.0006,Active
13846.0,0,0,0.0006,Active
13847.0,1,1,0.9995,Churned
13848.0,1,1,0.9861,Churned
13849.0,0,0,0.0005,Active
13850.0,0,0,0.2758,Active
13851.0,1,1,0.9936,Churned
13852.0,1,1,0.9984,Churned
13853.0,0,0,0.0004,Active
13854.0,0,0,0.0005,Active
13855.0,1,1,0.9995,Churned
13856.0,1,1,0.9962,Churned
13857.0,1,1,0.9994,Churned
13858.0,0,0,0.0006,Active
13859.0,1,1,0.9994,Churned
13860.0,0,0,0.0006,Active
13861.0,1,1,0.9968,Churned
13862.0,0,0,0.0005,Active
13863.0,1,1,0.9955,Churned
13864.0,1,1,0.9988,Churned
13865.0,0,0,0.0006,Active
13866.0,0,0,0.0006,Active
13867.0,0,0,0.0004,Active
13868.0,0,0,0.0004,Active
13869.0,1,1,0.9956,Churned
13870.0,0,0,0.0004,Active
13871.0,0,0,0.0004,Active
13872.0,1,1,0.9983,Churned
13873.0,1,1,0.998,Churned
13874.0,1,1,0.9984,Churned
13875.0,0,0,0.0005,Active
13876.0,0,0,0.0006,Active
13877.0,0,0,0.0007,Active
13878.0,0,0,0.0004,Active
13879.0,1,1,0.9992,Churned
13880.0,0,0,0.0005,Active
13881.0,0,0,0.0004,Active
13882.0,0,0,0.0005,Active
13883.0,0,0,0.0007,Active
13884.0,0,0,0.0006,Active
13885.0,1,1,0.9986,Churned
13886.0,0,0,0.0006,Active
13887.0,1,1,0.9983,Churned
13888.0,1,1,0.9978,Churned
13889.0,1,1,0.8852,Churned
13890.0,0,0,0.0007,Active
13891.0,1,1,0.9994,Churned
13892.0,0,0,0.0005,Active
13893.0,1,1,0.9992,Churned
13894.0,0,0,0.0008,Active
13895.0,0,0,0.0004,Active
13896.0,1,1,0.9992,Churned
13897.0,0,0,0.0004,Active
13898.0,1,1,0.9993,Churned
13899.0,0,0,0.0006,Active
13900.0,1,1,0.9987,Churned
13901.0,0,0,0.0005,Active
13902.0,1,1,0.9939,Churned
13903.0,1,1,0.9995,Churned
13904.0,0,0,0.0006,Active
13905.0,1,1,0.9977,Churned
13906.0,1,1,0.9992,Churned
13907.0,1,1,0.9995,Churned
13908.0,0,0,0.0004,Active
13909.0,1,1,0.9996,Churned
13911.0,0,0,0.0005,Active
13912.0,1,1,0.9995,Churned
13913.0,1,1,0.9995,Churned
13914.0,0,0,0.0007,Active
13915.0,1,1,0.9972,Churned
13916.0,1,1,0.9995,Churned
13917.0,0,0,0.0005,Active
13918.0,0,0,0.0004,Active
13919.0,0,0,0.0005,Active
13920.0,1,1,0.9994,Churned
13921.0,1,1,0.9995,Churned
13922.0,1,1,0.9948,Churned
13923.0,0,0,0.0007,Active
13924.0,0,0,0.0007,Active
13925.0,0,0,0.2301,Active
13926.0,0,0,0.0006,Active
13927.0,0,0,0.0007,Active
13928.0,0,0,0.0006,Active
13929.0,1,1,0.9989,Churned
13930.0,0,0,0.0006,Active
13931.0,0,1,0.9941,Churned
13932.0,1,1,0.9994,Churned
13933.0,1,1,0.9978,Churned
13934.0,1,1,0.9987,Churned
13935.0,1,1,0.999,Churned
13936.0,1,1,0.9945,Churned
13937.0,1,1,0.9844,Churned
13938.0,0,0,0.0006,Active
13939.0,0,0,0.0005,Active
13940.0,0,0,0.0006,Active
13941.0,0,0,0.0004,Active
13942.0,1,1,0.9979,Churned
13943.0,1,1,0.9995,Churned
13944.0,1,1,0.9995,Churned
13945.0,1,1,0.9991,Churned
13946.0,0,0,0.0005,Active
13947.0,0,0,0.0006,Active
13948.0,1,1,0.9995,Churned
13949.0,0,0,0.0004,Active
13950.0,0,0,0.0006,Active
13951.0,1,1,0.9989,Churned
13952.0,1,1,0.9981,Churned
13953.0,0,0,0.0004,Active
13954.0,0,0,0.0011,Active
13955.0,1,1,0.9987,Churned
13956.0,0,0,0.0006,Active
13957.0,1,1,0.9995,Churned
13958.0,1,1,0.9924,Churned
13959.0,0,0,0.0006,Active
13960.0,0,0,0.0006,Active
13961.0,1,1,0.9942,Churned
13962.0,0,0,0.0006,Active
13963.0,1,1,0.9995,Churned
13964.0,1,1,0.9958,Churned
13965.0,1,1,0.9958,Churned
13966.0,1,1,0.9994,Churned
13967.0,1,1,0.999,Churned
13968.0,1,1,0.9996,Churned
13969.0,0,0,0.0006,Active
13970.0,1,1,0.9994,Churned
13971.0,0,0,0.0005,Active
13972.0,0,0,0.0006,Active
13973.0,1,1,0.9994,Churned
13974.0,0,0,0.0008,Active
13975.0,0,0,0.0004,Active
13976.0,1,1,0.9988,Churned
13977.0,1,1,0.9994,Churned
13978.0,0,0,0.0006,Active
13979.0,0,0,0.0007,Active
13980.0,0,0,0.0009,Active
13981.0,1,1,0.9976,Churned
13982.0,0,0,0.0004,Active
13983.0,0,0,0.0005,Active
13984.0,0,0,0.0005,Active
13985.0,0,0,0.0004,Active
13986.0,0,0,0.0006,Active
13987.0,1,1,0.9995,Churned
13988.0,0,0,0.0004,Active
13989.0,0,0,0.0005,Active
13990.0,1,1,0.9989,Churned
13991.0,0,0,0.0005,Active
13992.0,0,0,0.0006,Active
13993.0,0,0,0.0004,Active
13994.0,0,0,0.0006,Active
13995.0,0,0,0.0006,Active
13996.0,1,1,0.9993,Churned
13997.0,1,1,0.9995,Churned
13998.0,1,1,0.9995,Churned
13999.0,0,0,0.0006,Active
14000.0,1,1,0.9913,Churned
14001.0,0,0,0.0004,Active
14002.0,1,1,0.9989,Churned
14003.0,1,1,0.9996,Churned
14004.0,0,0,0.0004,Active
14005.0,0,0,0.0005,Active
14006.0,1,1,0.9983,Churned
14007.0,1,1,0.9995,Churned
14008.0,1,1,0.9958,Churned
14009.0,1,1,0.9946,Churned
14010.0,1,1,0.9976,Churned
14011.0,1,1,0.9969,Churned
14012.0,1,1,0.9992,Churned
14013.0,1,1,0.9978,Churned
14014.0,0,0,0.0004,Active
14015.0,0,0,0.0004,Active
14016.0,1,1,0.9966,Churned
14017.0,1,1,0.9995,Churned
14018.0,1,1,0.9994,Churned
14019.0,0,0,0.0004,Active
14020.0,0,0,0.0006,Active
14021.0,1,1,0.9987,Churned
14022.0,1,1,0.9982,Churned
14023.0,0,0,0.0006,Active
14024.0,1,1,0.998,Churned
14025.0,1,1,0.9996,Churned
14026.0,1,1,0.9994,Churned
14027.0,0,0,0.0006,Active
14028.0,1,1,0.9803,Churned
14029.0,0,0,0.0006,Active
14030.0,0,0,0.0006,Active
14031.0,0,0,0.0004,Active
14032.0,0,0,0.0007,Active
14033.0,1,1,0.9993,Churned
14034.0,0,0,0.0006,Active
14035.0,0,0,0.0005,Active
14036.0,1,1,0.999,Churned
14037.0,1,1,0.9986,Churned
14038.0,0,0,0.0005,Active
14039.0,0,0,0.0006,Active
14040.0,0,0,0.0006,Active
14041.0,1,1,0.9994,Churned
14042.0,1,1,0.9992,Churned
14043.0,1,1,0.9976,Churned
14044.0,0,0,0.0005,Active
14045.0,1,1,0.9968,Churned
14046.0,1,1,0.9995,Churned
14047.0,0,0,0.0005,Active
14048.0,1,1,0.9984,Churned
14049.0,0,0,0.0004,Active
14050.0,0,0,0.0003,Active
14051.0,0,0,0.0004,Active
14052.0,0,0,0.0006,Active
14053.0,1,1,0.9984,Churned
14054.0,0,0,0.0006,Active
14055.0,1,1,0.9977,Churned
14056.0,0,0,0.0006,Active
14057.0,0,0,0.0004,Active
14058.0,1,1,0.9995,Churned
14059.0,1,1,0.9996,Churned
14060.0,0,0,0.0005,Active
14061.0,1,1,0.9996,Churned
14062.0,0,0,0.0004,Active
14063.0,1,1,0.9963,Churned
14064.0,0,0,0.0005,Active
14065.0,1,1,0.9988,Churned
14066.0,1,1,0.9994,Churned
14067.0,0,0,0.0006,Active
14068.0,1,1,0.9992,Churned
14069.0,1,1,0.9995,Churned
14070.0,1,1,0.9995,Churned
14071.0,0,0,0.0006,Active
14072.0,1,1,0.9992,Churned
14073.0,0,0,0.0009,Active
14074.0,1,1,0.9996,Churned
14075.0,0,0,0.0005,Active
14076.0,1,1,0.9989,Churned
14077.0,0,0,0.0006,Active
14078.0,1,1,0.9976,Churned
14079.0,1,1,0.9984,Churned
14080.0,0,0,0.0006,Active
14081.0,1,1,0.9938,Churned
14082.0,1,1,0.9994,Churned
14083.0,0,0,0.0005,Active
14084.0,1,1,0.9996,Churned
14085.0,0,0,0.0005,Active
14086.0,1,1,0.9995,Churned
14087.0,0,0,0.0009,Active
14088.0,0,0,0.0004,Active
14089.0,0,0,0.0006,Active
14090.0,1,1,0.9994,Churned
14091.0,1,1,0.9991,Churned
14092.0,0,0,0.0006,Active
14093.0,0,0,0.0003,Active
14094.0,1,1,0.9977,Churned
14095.0,1,1,0.9996,Churned
14096.0,0,0,0.0004,Active
14097.0,1,1,0.9995,Churned
14098.0,0,0,0.0006,Active
14099.0,0,0,0.0005,Active
14100.0,1,1,0.9987,Churned
14101.0,0,0,0.0004,Active
14102.0,0,0,0.0007,Active
14104.0,1,1,0.9986,Churned
14105.0,0,0,0.1686,Active
14106.0,1,1,0.9995,Churned
14107.0,0,0,0.0005,Active
14108.0,0,0,0.0005,Active
14109.0,0,0,0.0008,Active
14110.0,0,0,0.0005,Active
14111.0,0,0,0.0005,Active
14112.0,0,0,0.0006,Active
14113.0,0,0,0.0005,Active
14114.0,1,1,0.9994,Churned
14115.0,1,1,0.9996,Churned
14116.0,0,0,0.0006,Active
14117.0,1,1,0.9985,Churned
14118.0,1,1,0.9992,Churned
14119.0,1,1,0.9961,Churned
14121.0,0,0,0.0005,Active
14122.0,1,1,0.9951,Churned
14123.0,1,1,0.9992,Churned
14124.0,0,0,0.0005,Active
14125.0,0,0,0.0004,Active
14126.0,0,0,0.0005,Active
14127.0,1,1,0.9978,Churned
14128.0,0,0,0.0005,Active
14129.0,0,0,0.0005,Active
14130.0,1,1,0.9992,Churned
14131.0,1,1,0.9995,Churned
14132.0,0,0,0.0005,Active
14133.0,1,1,0.9897,Churned
14134.0,1,1,0.9993,Churned
14135.0,0,0,0.0005,Active
14136.0,1,1,0.9987,Churned
14137.0,1,1,0.9972,Churned
14138.0,0,0,0.0004,Active
14139.0,0,0,0.0005,Active
14140.0,0,0,0.0004,Active
14141.0,0,0,0.0008,Active
14142.0,1,1,0.9944,Churned
14143.0,1,1,0.9987,Churned
14144.0,1,1,0.9995,Churned
14145.0,0,0,0.0003,Active
14146.0,0,0,0.0004,Active
14147.0,0,0,0.0005,Active
14148.0,1,1,0.9986,Churned
14149.0,1,1,0.989,Churned
14150.0,0,0,0.0005,Active
14151.0,1,1,0.9959,Churned
14152.0,0,0,0.0005,Active
14153.0,1,1,0.9995,Churned
14154.0,1,1,0.9991,Churned
14155.0,1,1,0.9994,Churned
14156.0,0,0,0.0004,Active
14157.0,0,0,0.0006,Active
14158.0,0,0,0.0005,Active
14159.0,0,0,0.0004,Active
14160.0,1,1,0.9991,Churned
14161.0,1,1,0.9983,Churned
14162.0,1,1,0.9988,Churned
14163.0,0,0,0.0004,Active
14164.0,0,0,0.0004,Active
14165.0,1,1,0.9994,Churned
14166.0,1,1,0.9995,Churned
14167.0,0,0,0.0006,Active
14168.0,1,1,0.9969,Churned
14169.0,1,1,0.9995,Churned
14170.0,1,1,0.9994,Churned
14171.0,1,1,0.9932,Churned
14172.0,1,1,0.9989,Churned
14173.0,0,0,0.0006,Active
14174.0,0,0,0.0006,Active
14175.0,0,0,0.0005,Active
14176.0,1,1,0.9994,Churned
14177.0,0,0,0.0005,Active
14178.0,0,0,0.0006,Active
14179.0,0,0,0.0006,Active
14180.0,0,0,0.0006,Active
14181.0,1,1,0.9995,Churned
14182.0,1,1,0.9995,Churned
14183.0,1,1,0.9995,Churned
14184.0,0,0,0.0005,Active
14185.0,1,1,0.9994,Churned
14186.0,1,1,0.9996,Churned
14187.0,1,1,0.9995,Churned
14188.0,0,0,0.0006,Active
14189.0,0,0,0.0007,Active
14190.0,1,1,0.9995,Churned
14191.0,0,0,0.0005,Active
14192.0,1,1,0.9994,Churned
14193.0,0,0,0.0005,Active
14194.0,0,0,0.0005,Active
14195.0,1,1,0.987,Churned
14196.0,1,1,0.9978,Churned
14197.0,1,1,0.9991,Churned
14198.0,0,0,0.0006,Active
14199.0,1,1,0.9888,Churned
14200.0,1,1,0.9992,Churned
14201.0,0,0,0.0005,Active
14202.0,1,1,0.9995,Churned
14203.0,1,1,0.9994,Churned
14204.0,0,0,0.0006,Active
14205.0,0,0,0.0005,Active
14206.0,1,1,0.9942,Churned
14207.0,1,1,0.9996,Churned
14208.0,1,1,0.9941,Churned
14209.0,0,0,0.0006,Active
14210.0,1,1,0.9846,Churned
14211.0,0,0,0.0005,Active
14212.0,0,0,0.0004,Active
14213.0,1,1,0.9936,Churned
14214.0,0,0,0.0005,Active
14215.0,0,0,0.0005,Active
14216.0,0,0,0.0004,Active
14217.0,0,0,0.0005,Active
14218.0,0,0,0.0006,Active
14219.0,0,0,0.0006,Active
14220.0,1,1,0.9994,Churned
14221.0,0,0,0.0004,Active
14222.0,1,1,0.9974,Churned
14223.0,1,1,0.926,Churned
14224.0,1,1,0.9976,Churned
14225.0,1,1,0.9994,Churned
14226.0,0,0,0.0005,Active
14227.0,0,0,0.0007,Active
14228.0,1,1,0.9995,Churned
14229.0,0,0,0.0007,Active
14230.0,1,1,0.9993,Churned
14231.0,1,1,0.9858,Churned
14232.0,0,0,0.0007,Active
14233.0,0,0,0.0004,Active
14234.0,0,0,0.0005,Active
14235.0,0,0,0.0004,Active
14236.0,0,0,0.0005,Active
14237.0,1,1,0.9958,Churned
14238.0,1,1,0.9996,Churned
14239.0,0,0,0.0006,Active
14240.0,0,0,0.0006,Active
14241.0,1,1,0.999,Churned
14242.0,1,1,0.9989,Churned
14243.0,0,0,0.0005,Active
14244.0,1,1,0.9971,Churned
14245.0,1,1,0.9738,Churned
14246.0,1,1,0.9957,Churned
14247.0,1,1,0.9994,Churned
14248.0,1,1,0.9995,Churned
14249.0,1,1,0.9995,Churned
14250.0,0,0,0.0004,Active
14251.0,0,0,0.0004,Active
14252.0,1,1,0.9993,Churned
14253.0,1,1,0.9995,Churned
14254.0,1,1,0.9991,Churned
14255.0,1,1,0.9913,Churned
14256.0,1,1,0.9765,Churned
14257.0,0,0,0.0004,Active
14258.0,0,0,0.0004,Active
14259.0,1,1,0.9987,Churned
14260.0,1,1,0.9995,Churned
14261.0,0,0,0.0005,Active
14262.0,0,0,0.0005,Active
14263.0,1,1,0.9995,Churned
14264.0,1,1,0.9963,Churned
14265.0,1,1,0.9978,Churned
14266.0,1,1,0.9995,Churned
14267.0,1,1,0.975,Churned
14268.0,1,1,0.9995,Churned
14269.0,1,1,0.9984,Churned
14270.0,1,1,0.999,Churned
14271.0,1,1,0.9989,Churned
14272.0,0,0,0.0005,Active
14273.0,0,0,0.0006,Active
14274.0,1,1,0.9995,Churned
14275.0,1,1,0.9996,Churned
14276.0,0,0,0.2791,Active
14277.0,0,0,0.0007,Active
14278.0,1,1,0.9995,Churned
14279.0,1,1,0.9995,Churned
14280.0,1,1,0.9987,Churned
14281.0,1,1,0.9995,Churned
14282.0,0,0,0.0005,Active
14283.0,1,1,0.9996,Churned
14284.0,0,0,0.0006,Active
14285.0,0,0,0.0005,Active
14286.0,0,0,0.0004,Active
14287.0,0,0,0.0006,Active
14288.0,1,1,0.9838,Churned
14289.0,0,0,0.0006,Active
14290.0,0,0,0.0005,Active
14291.0,0,0,0.0005,Active
14292.0,0,0,0.0005,Active
14293.0,0,0,0.0005,Active
14294.0,1,1,0.9991,Churned
14295.0,0,0,0.0005,Active
14296.0,1,1,0.9968,Churned
14297.0,0,0,0.0007,Active
14298.0,0,0,0.0004,Active
14299.0,0,0,0.0005,Active
14300.0,0,0,0.0006,Active
14301.0,1,1,0.955,Churned
14302.0,1,1,0.9996,Churned
14303.0,1,1,0.9995,Churned
14304.0,1,1,0.9808,Churned
14305.0,0,0,0.0005,Active
14306.0,0,0,0.0005,Active
14307.0,0,0,0.0004,Active
14308.0,1,1,0.9976,Churned
14309.0,0,0,0.0005,Active
14310.0,1,1,0.9992,Churned
14311.0,1,1,0.9967,Churned
14312.0,0,0,0.0005,Active
14314.0,1,1,0.9519,Churned
14315.0,0,0,0.0006,Active
14316.0,1,1,0.9996,Churned
14317.0,0,0,0.0005,Active
14318.0,1,1,0.9996,Churned
14319.0,1,1,0.9963,Churned
14320.0,1,1,0.9964,Churned
14321.0,0,0,0.0006,Active
14322.0,1,1,0.9969,Churned
14323.0,1,1,0.9661,Churned
14324.0,1,1,0.9994,Churned
14325.0,1,1,0.9996,Churned
14326.0,1,1,0.9987,Churned
14327.0,1,1,0.9985,Churned
14328.0,1,1,0.9969,Churned
14329.0,0,0,0.0005,Active
14330.0,1,1,0.9995,Churned
14331.0,1,1,0.998,Churned
14332.0,0,0,0.0004,Active
14333.0,0,0,0.0007,Active
14334.0,0,0,0.0005,Active
14335.0,0,0,0.0006,Active
14336.0,0,0,0.0004,Active
14338.0,1,1,0.99,Churned
14339.0,1,1,0.9959,Churned
14340.0,1,1,0.9989,Churned
14341.0,0,0,0.0005,Active
14342.0,0,0,0.0007,Active
14343.0,1,1,0.9995,Churned
14344.0,1,1,0.9983,Churned
14345.0,0,0,0.0006,Active
14346.0,1,1,0.9978,Churned
14347.0,1,1,0.9995,Churned
14348.0,1,1,0.999,Churned
14349.0,0,0,0.0006,Active
14350.0,1,1,0.9985,Churned
14351.0,1,1,0.9985,Churned
14352.0,1,1,0.9986,Churned
14353.0,1,1,0.9987,Churned
14354.0,0,0,0.0006,Active
14355.0,1,1,0.9994,Churned
14356.0,0,0,0.0008,Active
14357.0,0,0,0.0006,Active
14358.0,1,1,0.9951,Churned
14359.0,0,0,0.001,Active
14360.0,0,0,0.0004,Active
14361.0,1,1,0.9996,Churned
14362.0,0,0,0.0006,Active
14363.0,1,1,0.9994,Churned
14364.0,1,1,0.9968,Churned
14365.0,1,1,0.9993,Churned
14366.0,1,1,0.9995,Churned
14367.0,0,0,0.0004,Active
14368.0,1,1,0.9994,Churned
14369.0,1,1,0.9995,Churned
14370.0,1,1,0.9976,Churned
14371.0,1,1,0.9994,Churned
14372.0,1,1,0.9955,Churned
14373.0,1,1,0.9994,Churned
14374.0,1,1,0.9995,Churned
14375.0,1,1,0.9985,Churned
14376.0,1,1,0.9995,Churned
14377.0,1,1,0.999,Churned
14378.0,1,1,0.9995,Churned
14379.0,0,0,0.0006,Active
14380.0,1,1,0.9984,Churned
14381.0,0,0,0.0006,Active
14382.0,0,0,0.0004,Active
14383.0,0,0,0.0005,Active
14384.0,1,1,0.9995,Churned
14385.0,0,0,0.0006,Active
14386.0,1,1,0.9994,Churned
14387.0,0,0,0.0004,Active
14388.0,0,0,0.0004,Active
14389.0,0,0,0.0007,Active
14390.0,0,0,0.0004,Active
14391.0,1,1,0.9995,Churned
14392.0,1,1,0.9995,Churned
14393.0,1,1,0.9989,Churned
14394.0,1,1,0.9995,Churned
14395.0,0,0,0.0004,Active
14396.0,0,0,0.0006,Active
14397.0,0,0,0.0005,Active
14398.0,1,1,0.9995,Churned
14399.0,1,1,0.9994,Churned
14400.0,1,1,0.9816,Churned
14401.0,0,0,0.0005,Active
14402.0,1,1,0.9996,Churned
14403.0,1,1,0.99,Churned
14404.0,0,0,0.0005,Active
14405.0,1,1,0.9996,Churned
14406.0,1,1,0.9985,Churned
14407.0,1,1,0.9463,Churned
14408.0,0,0,0.0005,Active
14409.0,0,0,0.0005,Active
14410.0,0,0,0.2006,Active
14411.0,1,1,0.9992,Churned
14412.0,0,0,0.0004,Active
14413.0,1,1,0.9994,Churned
14414.0,1,1,0.9869,Churned
14415.0,0,0,0.0004,Active
14416.0,0,0,0.0006,Active
14417.0,1,1,0.9994,Churned
14418.0,0,0,0.0004,Active
14419.0,0,0,0.0005,Active
14420.0,0,0,0.1927,Active
14421.0,0,0,0.0005,Active
14422.0,0,0,0.0004,Active
14423.0,1,1,0.9975,Churned
14424.0,0,0,0.0006,Active
14425.0,1,1,0.9969,Churned
14426.0,0,0,0.0005,Active
14427.0,0,0,0.0005,Active
14428.0,0,0,0.0006,Active
14429.0,1,1,0.999,Churned
14430.0,1,1,0.9934,Churned
14431.0,1,1,0.9993,Churned
14432.0,0,0,0.0006,Active
14433.0,1,1,0.9995,Churned
14434.0,0,0,0.0006,Active
14435.0,1,1,0.9996,Churned
14436.0,1,1,0.9942,Churned
14437.0,1,1,0.9984,Churned
14438.0,1,1,0.9994,Churned
14439.0,1,1,0.9987,Churned
14440.0,0,0,0.0004,Active
14441.0,0,0,0.0006,Active
14442.0,0,0,0.4833,Active
14443.0,0,0,0.0005,Active
14444.0,1,1,0.9996,Churned
14445.0,1,1,0.9995,Churned
14446.0,0,0,0.0006,Active
14447.0,0,0,0.0006,Active
14448.0,0,0,0.0006,Active
14449.0,0,0,0.0006,Active
14450.0,1,1,0.9986,Churned
14451.0,0,0,0.0009,Active
14452.0,0,0,0.0006,Active
14453.0,1,1,0.9987,Churned
14454.0,1,1,0.9994,Churned
14455.0,1,1,0.9996,Churned
14456.0,0,0,0.0006,Active
14457.0,1,1,0.9996,Churned
14458.0,1,1,0.9996,Churned
14459.0,1,1,0.9577,Churned
14460.0,1,1,0.9868,Churned
14461.0,1,1,0.9981,Churned
14462.0,0,0,0.0006,Active
14463.0,1,1,0.9939,Churned
14464.0,1,1,0.9996,Churned
14465.0,1,1,0.9995,Churned
14466.0,0,0,0.0005,Active
14467.0,0,0,0.0006,Active
14468.0,1,1,0.9996,Churned
14469.0,1,1,0.9995,Churned
14470.0,0,0,0.0006,Active
14471.0,1,1,0.9995,Churned
14472.0,1,1,0.9976,Churned
14473.0,0,0,0.0006,Active
14474.0,0,0,0.0006,Active
14475.0,0,0,0.0007,Active
14476.0,1,1,0.9994,Churned
14477.0,0,0,0.0005,Active
14478.0,1,1,0.9996,Churned
14479.0,1,1,0.9994,Churned
14480.0,0,0,0.0006,Active
14481.0,1,1,0.9985,Churned
14482.0,0,0,0.0005,Active
14483.0,1,1,0.9959,Churned
14484.0,0,0,0.0005,Active
14485.0,0,0,0.0006,Active
14486.0,1,1,0.9995,Churned
14487.0,0,0,0.0006,Active
14488.0,0,0,0.0004,Active
14489.0,1,1,0.9979,Churned
14490.0,1,1,0.999,Churned
14491.0,1,1,0.9987,Churned
14492.0,1,1,0.9988,Churned
14493.0,0,0,0.0004,Active
14494.0,0,0,0.0006,Active
14495.0,0,0,0.0006,Active
14496.0,1,1,0.9986,Churned
14497.0,1,1,0.9954,Churned
14498.0,0,0,0.0006,Active
14499.0,0,0,0.0006,Active
14500.0,0,0,0.0006,Active
14501.0,0,0,0.1689,Active
14502.0,0,0,0.0006,Active
14503.0,0,0,0.0004,Active
14504.0,0,0,0.0006,Active
14505.0,0,0,0.0004,Active
14506.0,0,0,0.0004,Active
14507.0,0,0,0.0006,Active
14508.0,0,0,0.0006,Active
14509.0,1,1,0.9995,Churned
14510.0,1,1,0.9983,Churned
14511.0,0,0,0.0005,Active
14512.0,1,1,0.9989,Churned
14513.0,1,1,0.9976,Churned
14514.0,0,0,0.0004,Active
14515.0,0,0,0.0005,Active
14516.0,1,1,0.9995,Churned
14517.0,0,0,0.0006,Active
14518.0,0,0,0.0006,Active
14519.0,1,1,0.9995,Churned
14520.0,0,0,0.0006,Active
14521.0,1,1,0.9982,Churned
14522.0,0,0,0.0005,Active
14523.0,1,1,0.9983,Churned
14524.0,0,0,0.0006,Active
14525.0,0,0,0.0004,Active
14526.0,1,1,0.9995,Churned
14527.0,0,0,0.0009,Active
14528.0,0,0,0.0006,Active
14529.0,0,0,0.0006,Active
14530.0,0,0,0.0004,Active
14531.0,1,1,0.9992,Churned
14532.0,1,1,0.9995,Churned
14533.0,0,0,0.0005,Active
14534.0,0,0,0.0009,Active
14535.0,0,0,0.0004,Active
14536.0,1,1,0.9994,Churned
14537.0,0,0,0.0008,Active
14538.0,0,0,0.0006,Active
14539.0,0,0,0.0005,Active
14540.0,0,0,0.0006,Active
14541.0,0,0,0.0006,Active
14542.0,1,1,0.9987,Churned
14543.0,0,0,0.0005,Active
14544.0,0,0,0.0003,Active
14545.0,1,1,0.9995,Churned
14546.0,0,0,0.0006,Active
14547.0,0,0,0.0004,Active
14548.0,1,1,0.9989,Churned
14549.0,1,1,0.9994,Churned
14550.0,0,0,0.0006,Active
14551.0,0,0,0.0005,Active
14552.0,1,1,0.9987,Churned
14553.0,0,0,0.0006,Active
14554.0,0,0,0.0004,Active
14555.0,0,0,0.0004,Active
14556.0,1,1,0.9995,Churned
14557.0,0,0,0.0004,Active
14558.0,1,1,0.9969,Churned
14559.0,1,1,0.9994,Churned
14560.0,0,0,0.0005,Active
14561.0,0,0,0.0005,Active
14562.0,0,0,0.0006,Active
14563.0,1,1,0.9995,Churned
14564.0,1,1,0.9936,Churned
14565.0,1,1,0.9078,Churned
14566.0,1,1,0.9939,Churned
14567.0,0,0,0.0003,Active
14568.0,1,1,0.9938,Churned
14569.0,0,0,0.0006,Active
14570.0,1,1,0.9995,Churned
14571.0,1,1,0.9995,Churned
14572.0,0,0,0.0004,Active
14573.0,1,1,0.9981,Churned
14574.0,1,1,0.9995,Churned
14575.0,1,1,0.9992,Churned
14576.0,1,1,0.9994,Churned
14577.0,0,0,0.0006,Active
14578.0,0,0,0.0006,Active
14579.0,1,1,0.9995,Churned
14580.0,1,1,0.9995,Churned
14581.0,0,0,0.0006,Active
14582.0,0,0,0.0006,Active
14583.0,0,0,0.0006,Active
14584.0,1,1,0.9985,Churned
14585.0,0,0,0.0005,Active
14586.0,1,1,0.9969,Churned
14587.0,0,0,0.0006,Active
14588.0,1,1,0.9995,Churned
14589.0,1,1,0.9994,Churned
14590.0,1,1,0.999,Churned
14591.0,0,0,0.0005,Active
14592.0,0,0,0.0006,Active
14593.0,0,0,0.0009,Active
14594.0,0,0,0.0006,Active
14595.0,0,0,0.0006,Active
14596.0,1,1,0.9995,Churned
14597.0,0,0,0.0005,Active
14598.0,0,0,0.0011,Active
14599.0,1,1,0.9995,Churned
14600.0,1,1,0.999,Churned
14601.0,0,0,0.0006,Active
14602.0,1,1,0.9995,Churned
14603.0,1,1,0.9986,Churned
14604.0,1,1,0.9995,Churned
14605.0,1,1,0.9994,Churned
14606.0,0,0,0.0006,Active
14607.0,0,0,0.0004,Active
14608.0,0,0,0.0005,Active
14609.0,0,0,0.0005,Active
14610.0,1,1,0.9995,Churned
14611.0,1,1,0.9971,Churned
14612.0,1,1,0.9991,Churned
14613.0,1,1,0.9995,Churned
14614.0,1,1,0.9995,Churned
14615.0,1,1,0.9994,Churned
14616.0,1,1,0.9995,Churned
14617.0,1,1,0.9995,Churned
14618.0,0,0,0.0005,Active
14619.0,1,1,0.9904,Churned
14620.0,1,1,0.9913,Churned
14621.0,0,0,0.0007,Active
14622.0,1,1,0.9983,Churned
14623.0,0,0,0.0006,Active
14624.0,0,0,0.0005,Active
14625.0,1,1,0.9887,Churned
14626.0,0,0,0.0004,Active
14627.0,1,1,0.9939,Churned
14628.0,1,1,0.9609,Churned
14629.0,0,0,0.0007,Active
14630.0,1,1,0.9995,Churned
14631.0,0,0,0.0006,Active
14632.0,1,1,0.9996,Churned
14633.0,1,1,0.9993,Churned
14634.0,1,1,0.9968,Churned
14635.0,1,1,0.9995,Churned
14636.0,0,0,0.0006,Active
14637.0,1,1,0.9995,Churned
14638.0,0,0,0.0005,Active
14639.0,0,0,0.0004,Active
14640.0,0,0,0.0006,Active
14641.0,0,0,0.0006,Active
14642.0,0,0,0.0006,Active
14643.0,1,1,0.9987,Churned
14644.0,0,0,0.0007,Active
14645.0,1,1,0.9966,Churned
14646.0,0,0,0.0004,Active
14647.0,1,1,0.9987,Churned
14648.0,1,1,0.9995,Churned
14649.0,0,0,0.0004,Active
14650.0,1,1,0.9995,Churned
14651.0,0,0,0.0006,Active
14652.0,0,0,0.0006,Active
14653.0,0,0,0.0006,Active
14654.0,1,1,0.9996,Churned
14655.0,0,0,0.0005,Active
14656.0,1,1,0.9987,Churned
14657.0,0,0,0.0006,Active
14658.0,0,0,0.0006,Active
14659.0,0,0,0.0006,Active
14660.0,0,0,0.0006,Active
14661.0,0,0,0.0006,Active
14662.0,0,0,0.0006,Active
14663.0,1,1,0.9995,Churned
14664.0,0,0,0.0006,Active
14665.0,0,0,0.0004,Active
14666.0,0,0,0.0006,Active
14667.0,0,0,0.0005,Active
14668.0,1,1,0.9995,Churned
14669.0,1,1,0.9992,Churned
14670.0,1,1,0.9994,Churned
14671.0,1,1,0.9995,Churned
14672.0,1,1,0.9987,Churned
14673.0,0,0,0.0004,Active
14674.0,1,1,0.9995,Churned
14675.0,0,0,0.0003,Active
14676.0,0,0,0.0004,Active
14677.0,1,1,0.9995,Churned
14678.0,1,1,0.9968,Churned
14679.0,1,1,0.9919,Churned
14680.0,0,0,0.0005,Active
14681.0,0,0,0.0006,Active
14682.0,1,1,0.9987,Churned
14683.0,1,1,0.9996,Churned
14684.0,0,0,0.0006,Active
14685.0,1,1,0.9944,Churned
14686.0,1,0,0.022,Active
14687.0,1,1,0.9969,Churned
14688.0,0,0,0.0005,Active
14689.0,1,1,0.9989,Churned
14690.0,0,0,0.0006,Active
14691.0,0,0,0.0004,Active
14692.0,1,1,0.9988,Churned
14693.0,1,1,0.9994,Churned
14694.0,1,1,0.9996,Churned
14695.0,1,1,0.9987,Churned
14696.0,0,0,0.0005,Active
14697.0,1,1,0.9991,Churned
14698.0,0,0,0.0006,Active
14699.0,1,1,0.9987,Churned
14700.0,0,0,0.0004,Active
14701.0,0,0,0.0006,Active
14702.0,0,0,0.0006,Active
14703.0,0,0,0.0007,Active
14704.0,0,0,0.0006,Active
14705.0,1,1,0.9981,Churned
14706.0,1,1,0.9993,Churned
14707.0,1,1,0.9995,Churned
14708.0,0,0,0.0005,Active
14709.0,0,0,0.0005,Active
14710.0,0,0,0.0006,Active
14711.0,0,0,0.0006,Active
14712.0,0,0,0.0006,Active
14713.0,0,0,0.0006,Active
14714.0,0,0,0.0009,Active
14715.0,0,0,0.0005,Active
14716.0,0,0,0.0005,Active
14717.0,1,1,0.9984,Churned
14718.0,1,1,0.9996,Churned
14719.0,0,0,0.0006,Active
14720.0,0,0,0.0006,Active
14721.0,1,1,0.9994,Churned
14722.0,1,1,0.9987,Churned
14723.0,0,0,0.0006,Active
14724.0,1,1,0.9995,Churned
14725.0,0,0,0.0005,Active
14726.0,1,1,0.9995,Churned
14727.0,1,1,0.9987,Churned
14728.0,1,1,0.9995,Churned
14729.0,1,1,0.9994,Churned
14730.0,0,0,0.0006,Active
14731.0,0,0,0.0006,Active
14732.0,0,0,0.0006,Active
14733.0,0,0,0.0004,Active
14734.0,1,1,0.9995,Churned
14735.0,0,0,0.0005,Active
14736.0,1,1,0.9995,Churned
14737.0,0,0,0.0004,Active
14738.0,0,0,0.0006,Active
14739.0,0,0,0.0004,Active
14740.0,1,1,0.9981,Churned
14741.0,0,0,0.0005,Active
14742.0,1,1,0.9994,Churned
14743.0,1,1,0.9995,Churned
14744.0,0,0,0.0005,Active
14745.0,1,1,0.9412,Churned
14746.0,1,1,0.9996,Churned
14747.0,1,1,0.9967,Churned
14748.0,0,0,0.0007,Active
14749.0,1,1,0.9996,Churned
14750.0,1,1,0.9995,Churned
14751.0,1,1,0.9995,Churned
14752.0,0,0,0.0005,Active
14753.0,0,0,0.0005,Active
14754.0,0,0,0.0006,Active
14755.0,0,0,0.0004,Active
14756.0,0,0,0.0004,Active
14757.0,0,0,0.0005,Active
14758.0,1,1,0.9985,Churned
14759.0,0,0,0.0004,Active
14760.0,1,1,0.9971,Churned
14761.0,0,0,0.0006,Active
14762.0,1,1,0.9994,Churned
14764.0,0,0,0.0008,Active
14765.0,0,0,0.0005,Active
14766.0,0,0,0.0004,Active
14767.0,1,1,0.9992,Churned
14768.0,0,0,0.0008,Active
14769.0,0,0,0.0004,Active
14770.0,1,1,0.9983,Churned
14771.0,1,1,0.996,Churned
14772.0,1,1,0.9964,Churned
14773.0,1,1,0.9984,Churned
14774.0,1,1,0.9995,Churned
14775.0,0,0,0.0005,Active
14776.0,0,0,0.0005,Active
14777.0,0,0,0.1819,Active
14778.0,1,1,0.9975,Churned
14779.0,1,1,0.9994,Churned
14780.0,0,0,0.0005,Active
14782.0,1,1,0.9996,Churned
14783.0,1,1,0.9981,Churned
14784.0,0,0,0.0006,Active
14785.0,0,0,0.0006,Active
14786.0,1,1,0.9995,Churned
14787.0,1,1,0.9995,Churned
14788.0,0,0,0.0005,Active
14789.0,0,0,0.0006,Active
14790.0,0,0,0.0005,Active
14791.0,1,1,0.9995,Churned
14792.0,0,0,0.0011,Active
14793.0,0,0,0.0008,Active
14794.0,0,0,0.0006,Active
14795.0,1,1,0.9987,Churned
14796.0,0,0,0.0006,Active
14797.0,1,1,0.9995,Churned
14798.0,0,0,0.0005,Active
14799.0,0,0,0.0006,Active
14800.0,0,0,0.0004,Active
14801.0,0,0,0.0006,Active
14802.0,1,1,0.9967,Churned
14803.0,1,1,0.9989,Churned
14804.0,0,0,0.0007,Active
14805.0,0,0,0.0006,Active
14806.0,0,0,0.0006,Active
14807.0,1,1,0.9995,Churned
14808.0,0,0,0.0005,Active
14809.0,1,1,0.9996,Churned
14810.0,0,0,0.0006,Active
14811.0,1,1,0.9995,Churned
14812.0,1,1,0.9995,Churned
14813.0,1,1,0.9994,Churned
14814.0,1,1,0.9995,Churned
14815.0,0,0,0.0004,Active
14816.0,1,1,0.9987,Churned
14817.0,1,1,0.9976,Churned
14818.0,0,0,0.0005,Active
14819.0,0,0,0.0006,Active
14820.0,0,0,0.0005,Active
14821.0,1,1,0.9994,Churned
14822.0,1,1,0.9995,Churned
14823.0,1,1,0.9987,Churned
14824.0,0,0,0.0004,Active
14825.0,0,0,0.0005,Active
14826.0,1,1,0.9995,Churned
14828.0,1,1,0.9977,Churned
14829.0,0,0,0.0006,Active
14830.0,0,0,0.0006,Active
14831.0,1,1,0.9958,Churned
14832.0,1,1,0.9978,Churned
14833.0,1,1,0.9995,Churned
14834.0,0,0,0.0005,Active
14835.0,1,1,0.9973,Churned
14836.0,0,0,0.0006,Active
14837.0,0,0,0.0004,Active
14838.0,1,1,0.9993,Churned
14839.0,1,1,0.9996,Churned
14840.0,1,1,0.9956,Churned
14841.0,0,0,0.0004,Active
14842.0,0,0,0.0005,Active
14843.0,1,1,0.9995,Churned
14844.0,0,0,0.0004,Active
14845.0,1,1,0.9981,Churned
14846.0,1,1,0.9967,Churned
14847.0,1,1,0.9963,Churned
14848.0,1,1,0.9995,Churned
14849.0,0,0,0.0005,Active
14850.0,1,1,0.9994,Churned
14851.0,0,0,0.0005,Active
14852.0,0,0,0.0005,Active
14853.0,0,0,0.0006,Active
14854.0,0,0,0.0004,Active
14855.0,1,1,0.9979,Churned
14856.0,0,0,0.0006,Active
14857.0,0,0,0.0004,Active
14858.0,1,1,0.9995,Churned
14859.0,0,0,0.0005,Active
14860.0,0,0,0.0008,Active
14861.0,0,0,0.0005,Active
14862.0,0,0,0.0004,Active
14863.0,0,0,0.0006,Active
14865.0,0,0,0.0006,Active
14866.0,0,0,0.0004,Active
14867.0,1,1,0.9985,Churned
14868.0,0,0,0.0004,Active
14869.0,0,0,0.0005,Active
14870.0,1,1,0.9964,Churned
14871.0,0,0,0.0006,Active
14872.0,1,1,0.9991,Churned
14873.0,1,1,0.9978,Churned
14874.0,1,1,0.9996,Churned
14875.0,0,0,0.2144,Active
14876.0,1,1,0.9995,Churned
14877.0,1,1,0.9995,Churned
14878.0,0,0,0.0005,Active
14879.0,1,1,0.9995,Churned
14880.0,0,0,0.0006,Active
14881.0,0,0,0.0006,Active
14882.0,0,0,0.0005,Active
14883.0,0,0,0.0005,Active
14884.0,1,1,0.9995,Churned
14885.0,1,1,0.996,Churned
14886.0,1,1,0.9993,Churned
14887.0,0,0,0.0003,Active
14888.0,1,1,0.9979,Churned
14889.0,1,1,0.9994,Churned
14890.0,1,1,0.9993,Churned
14891.0,1,1,0.9989,Churned
14892.0,1,1,0.9995,Churned
14893.0,0,0,0.0005,Active
14894.0,0,0,0.0005,Active
14895.0,0,0,0.0004,Active
14896.0,1,1,0.9987,Churned
14897.0,0,0,0.0006,Active
14898.0,0,0,0.0005,Active
14899.0,1,1,0.999,Churned
14900.0,1,1,0.9995,Churned
14901.0,0,0,0.0006,Active
14902.0,0,0,0.0007,Active
14903.0,0,0,0.0007,Active
14904.0,0,0,0.0004,Active
14905.0,1,1,0.9987,Churned
14906.0,1,1,0.9984,Churned
14907.0,0,0,0.0006,Active
14908.0,0,0,0.0006,Active
14909.0,1,1,0.9949,Churned
14910.0,0,0,0.0008,Active
14911.0,0,0,0.0004,Active
14912.0,0,0,0.0007,Active
14913.0,0,0,0.0005,Active
14915.0,0,0,0.0412,Active
14916.0,0,0,0.0005,Active
14917.0,1,1,0.9994,Churned
14918.0,1,1,0.9979,Churned
14919.0,1,1,0.9995,Churned
14920.0,1,1,0.9979,Churned
14921.0,0,0,0.0004,Active
14922.0,1,1,0.9992,Churned
14923.0,0,0,0.0004,Active
14924.0,1,1,0.9994,Churned
14926.0,1,1,0.9966,Churned
14927.0,1,1,0.9994,Churned
14928.0,1,1,0.9974,Churned
14929.0,0,0,0.0004,Active
14930.0,1,1,0.9085,Churned
14931.0,0,0,0.0006,Active
14932.0,1,1,0.9995,Churned
14933.0,1,1,0.9995,Churned
14934.0,0,0,0.0005,Active
14935.0,1,1,0.9988,Churned
14936.0,0,0,0.0004,Active
14937.0,0,0,0.0004,Active
14938.0,1,1,0.9948,Churned
14940.0,1,1,0.9995,Churned
14941.0,1,1,0.9996,Churned
14942.0,1,1,0.9996,Churned
14943.0,1,1,0.9995,Churned
14944.0,0,0,0.0004,Active
14945.0,1,1,0.9995,Churned
14946.0,0,0,0.0006,Active
14947.0,0,0,0.0006,Active
14948.0,0,0,0.0006,Active
14949.0,1,1,0.9967,Churned
14950.0,0,0,0.0007,Active
14951.0,0,0,0.0007,Active
14952.0,0,0,0.0004,Active
14953.0,0,0,0.0005,Active
14954.0,0,0,0.0006,Active
14955.0,1,1,0.9995,Churned
14956.0,1,1,0.9974,Churned
14957.0,1,1,0.9994,Churned
14958.0,1,1,0.9987,Churned
14959.0,0,0,0.0006,Active
14960.0,0,0,0.0006,Active
14961.0,0,0,0.0004,Active
14962.0,1,1,0.9995,Churned
14963.0,0,0,0.0005,Active
14964.0,1,1,0.9996,Churned
14965.0,1,1,0.9939,Churned
14966.0,0,0,0.0006,Active
14967.0,0,0,0.0005,Active
14968.0,0,0,0.0006,Active
14969.0,1,1,0.9993,Churned
14970.0,0,0,0.0004,Active
14971.0,0,0,0.0004,Active
14972.0,1,1,0.9989,Churned
14973.0,1,1,0.9974,Churned
14974.0,0,0,0.0006,Active
14975.0,0,0,0.0006,Active
14976.0,0,0,0.0006,Active
14977.0,1,1,0.9995,Churned
14978.0,0,0,0.0006,Active
14979.0,1,1,0.9993,Churned
14980.0,1,1,0.9995,Churned
14981.0,1,1,0.9956,Churned
14982.0,1,1,0.9995,Churned
14983.0,1,1,0.9995,Churned
14984.0,0,0,0.0006,Active
14985.0,1,1,0.9987,Churned
14986.0,1,1,0.9994,Churned
14987.0,0,0,0.0005,Active
14988.0,1,1,0.9988,Churned
14989.0,1,1,0.9994,Churned
14990.0,1,1,0.9995,Churned
14991.0,1,1,0.9996,Churned
14992.0,1,1,0.9995,Churned
14993.0,1,1,0.9995,Churned
14994.0,1,1,0.9968,Churned
14995.0,0,0,0.0006,Active
14996.0,1,1,0.9996,Churned
14997.0,0,0,0.0005,Active
14998.0,1,1,0.9986,Churned
14999.0,1,1,0.9995,Churned
15000.0,0,0,0.0005,Active
15001.0,1,1,0.9995,Churned
15002.0,1,1,0.9972,Churned
15003.0,1,1,0.9995,Churned
15004.0,1,1,0.9953,Churned
15005.0,0,0,0.0006,Active
15006.0,0,0,0.0004,Active
15007.0,1,1,0.9987,Churned
15008.0,1,1,0.9996,Churned
15009.0,0,0,0.0006,Active
15010.0,0,0,0.0007,Active
15011.0,1,1,0.9996,Churned
15012.0,0,0,0.0006,Active
15013.0,1,1,0.9996,Churned
15014.0,0,0,0.0006,Active
15015.0,1,1,0.9981,Churned
15016.0,1,1,0.9986,Churned
15017.0,0,0,0.0006,Active
15018.0,0,0,0.0006,Active
15019.0,1,1,0.9994,Churned
15020.0,1,1,0.9994,Churned
15021.0,0,0,0.0006,Active
15022.0,0,0,0.0006,Active
15023.0,0,0,0.0004,Active
15024.0,0,0,0.0006,Active
15025.0,0,0,0.0004,Active
15026.0,0,0,0.0006,Active
15027.0,0,0,0.0005,Active
15028.0,0,0,0.0005,Active
15029.0,1,1,0.9974,Churned
15030.0,0,0,0.0005,Active
15031.0,0,0,0.0006,Active
15032.0,1,1,0.999,Churned
15033.0,0,0,0.0006,Active
15034.0,0,0,0.0004,Active
15035.0,0,0,0.0006,Active
15036.0,0,0,0.0006,Active
15037.0,1,1,0.9994,Churned
15038.0,0,0,0.0006,Active
15039.0,0,0,0.0004,Active
15040.0,1,1,0.9995,Churned
15041.0,1,1,0.9987,Churned
15042.0,1,1,0.999,Churned
15043.0,0,0,0.0005,Active
15044.0,0,0,0.0004,Active
15045.0,1,1,0.9797,Churned
15046.0,0,0,0.0005,Active
15047.0,1,1,0.9993,Churned
15048.0,0,0,0.0006,Active
15049.0,1,1,0.9996,Churned
15050.0,0,0,0.0004,Active
15051.0,0,0,0.0004,Active
15052.0,1,1,0.9994,Churned
15053.0,0,0,0.0006,Active
15054.0,0,0,0.0006,Active
15055.0,1,1,0.9995,Churned
15056.0,1,1,0.9995,Churned
15057.0,1,1,0.9994,Churned
15058.0,0,0,0.0006,Active
15059.0,0,0,0.0006,Active
15060.0,0,0,0.0006,Active
15061.0,0,0,0.0004,Active
15062.0,0,0,0.0005,Active
15063.0,1,1,0.9981,Churned
15064.0,1,1,0.9994,Churned
15065.0,0,0,0.0004,Active
15066.0,0,0,0.0005,Active
15067.0,0,0,0.0004,Active
15068.0,0,0,0.0006,Active
15069.0,1,1,0.9965,Churned
15070.0,1,1,0.9994,Churned
15071.0,1,1,0.9846,Churned
15072.0,1,1,0.9995,Churned
15073.0,0,0,0.0006,Active
15074.0,1,1,0.9967,Churned
15075.0,0,0,0.0003,Active
15076.0,1,1,0.9828,Churned
15077.0,1,1,0.9942,Churned
15078.0,0,0,0.0004,Active
15079.0,1,1,0.9895,Churned
15080.0,1,1,0.9995,Churned
15081.0,0,0,0.0006,Active
15082.0,1,1,0.9995,Churned
15083.0,1,1,0.9995,Churned
15084.0,1,1,0.9993,Churned
15085.0,1,1,0.9994,Churned
15086.0,1,1,0.9995,Churned
15087.0,1,1,0.9995,Churned
15088.0,0,0,0.0005,Active
15089.0,0,0,0.0006,Active
15090.0,1,1,0.9991,Churned
15091.0,0,0,0.0007,Active
15092.0,1,1,0.9969,Churned
15093.0,0,0,0.0005,Active
15094.0,1,1,0.9995,Churned
15095.0,1,1,0.9981,Churned
15096.0,0,0,0.0006,Active
15097.0,0,0,0.0008,Active
15098.0,1,1,0.9842,Churned
15099.0,0,0,0.0005,Active
15100.0,1,1,0.9983,Churned
15101.0,0,0,0.0007,Active
15102.0,1,1,0.9996,Churned
15103.0,0,0,0.0006,Active
15104.0,1,1,0.9812,Churned
15105.0,0,0,0.0005,Active
15106.0,0,0,0.0005,Active
15107.0,1,1,0.9987,Churned
15108.0,1,1,0.9985,Churned
15109.0,1,1,0.9986,Churned
15110.0,0,0,0.001,Active
15111.0,0,0,0.0006,Active
15112.0,1,1,0.9996,Churned
15113.0,0,0,0.0004,Active
15114.0,0,0,0.0005,Active
15115.0,0,0,0.001,Active
15116.0,0,0,0.0005,Active
15117.0,0,0,0.0005,Active
15118.0,1,1,0.9944,Churned
15119.0,1,1,0.9994,Churned
15120.0,1,1,0.9899,Churned
15121.0,0,0,0.0006,Active
15122.0,0,0,0.3032,Active
15123.0,0,0,0.0004,Active
15124.0,0,0,0.0006,Active
15125.0,0,0,0.0005,Active
15126.0,1,1,0.9995,Churned
15127.0,0,0,0.0006,Active
15128.0,0,0,0.0007,Active
15129.0,0,0,0.0005,Active
15130.0,1,1,0.9983,Churned
15131.0,1,1,0.9996,Churned
15132.0,0,0,0.0005,Active
15133.0,1,1,0.9991,Churned
15134.0,0,0,0.0005,Active
15135.0,1,1,0.9973,Churned
15136.0,0,0,0.0005,Active
15137.0,1,1,0.9962,Churned
15138.0,1,1,0.9955,Churned
15139.0,1,1,0.9996,Churned
15140.0,0,0,0.0005,Active
15141.0,1,1,0.9996,Churned
15142.0,0,0,0.0004,Active
15143.0,1,1,0.9989,Churned
15144.0,0,0,0.0004,Active
15145.0,0,0,0.0005,Active
15146.0,1,1,0.9805,Churned
15147.0,1,1,0.9926,Churned
15148.0,0,0,0.0006,Active
15149.0,1,1,0.9986,Churned
15150.0,0,0,0.0004,Active
15151.0,1,1,0.9993,Churned
15152.0,0,0,0.0006,Active
15153.0,0,0,0.0006,Active
15154.0,0,0,0.0004,Active
15155.0,1,1,0.9991,Churned
15156.0,0,0,0.0006,Active
15157.0,0,0,0.0004,Active
15158.0,0,0,0.0007,Active
15159.0,0,0,0.0004,Active
15160.0,1,1,0.9993,Churned
15161.0,1,1,0.9995,Churned
15162.0,1,1,0.9978,Churned
15163.0,0,0,0.0006,Active
15164.0,0,0,0.0006,Active
15165.0,1,1,0.999,Churned
15166.0,1,1,0.9995,Churned
15167.0,1,1,0.9994,Churned
15168.0,0,0,0.0006,Active
15169.0,1,1,0.9995,Churned
15170.0,1,1,0.9995,Churned
15171.0,1,1,0.9939,Churned
15172.0,0,0,0.0005,Active
15173.0,1,1,0.9994,Churned
15174.0,1,1,0.9995,Churned
15175.0,0,0,0.0006,Active
15176.0,1,1,0.9949,Churned
15177.0,1,1,0.9994,Churned
15178.0,1,1,0.9994,Churned
15179.0,0,0,0.0004,Active
15180.0,1,1,0.9995,Churned
15181.0,0,0,0.0007,Active
15182.0,1,1,0.9985,Churned
15183.0,1,1,0.9989,Churned
15184.0,0,0,0.0006,Active
15185.0,0,0,0.0006,Active
15186.0,0,0,0.0005,Active
15187.0,0,0,0.0005,Active
15188.0,1,1,0.9995,Churned
15189.0,0,0,0.0005,Active
15190.0,1,1,0.9993,Churned
15191.0,1,1,0.9995,Churned
15192.0,1,1,0.9983,Churned
15193.0,0,0,0.0005,Active
15194.0,0,0,0.0005,Active
15195.0,0,0,0.0003,Active
15196.0,1,1,0.9995,Churned
15197.0,0,0,0.0007,Active
15198.0,1,1,0.9873,Churned
15199.0,0,0,0.0006,Active
15200.0,1,1,0.9992,Churned
15201.0,0,0,0.0007,Active
15202.0,1,1,0.9883,Churned
15203.0,0,0,0.0005,Active
15204.0,1,1,0.9994,Churned
15205.0,0,0,0.0007,Active
15206.0,0,0,0.0006,Active
15207.0,1,1,0.9963,Churned
15208.0,0,0,0.0006,Active
15209.0,1,1,0.9995,Churned
15210.0,1,1,0.999,Churned
15211.0,0,0,0.0004,Active
15212.0,1,1,0.9957,Churned
15213.0,1,1,0.9948,Churned
15214.0,0,0,0.0005,Active
15215.0,0,0,0.0007,Active
15216.0,0,0,0.0006,Active
15217.0,1,1,0.9992,Churned
15218.0,0,0,0.0004,Active
15219.0,1,1,0.9987,Churned
15220.0,0,0,0.0005,Active
15221.0,1,1,0.9926,Churned
15222.0,1,1,0.9949,Churned
15223.0,1,1,0.9986,Churned
15224.0,1,1,0.9954,Churned
15225.0,1,1,0.9979,Churned
15226.0,1,1,0.9994,Churned
15227.0,0,0,0.0005,Active
15228.0,0,0,0.0004,Active
15229.0,1,1,0.9995,Churned
15230.0,1,1,0.9995,Churned
15231.0,1,1,0.9982,Churned
15232.0,1,1,0.9963,Churned
15233.0,1,1,0.9994,Churned
15234.0,1,1,0.9996,Churned
15235.0,1,1,0.9987,Churned
15236.0,1,1,0.9993,Churned
15237.0,0,0,0.0006,Active
15238.0,0,0,0.0007,Active
15239.0,0,0,0.0004,Active
15240.0,0,0,0.0007,Active
15241.0,0,0,0.0005,Active
15242.0,1,1,0.9996,Churned
15243.0,0,0,0.0005,Active
15244.0,0,0,0.0006,Active
15245.0,1,1,0.9986,Churned
15246.0,1,1,0.9995,Churned
15247.0,1,1,0.9881,Churned
15248.0,1,1,0.9983,Churned
15249.0,0,0,0.0004,Active
15250.0,1,1,0.9995,Churned
15251.0,0,0,0.0005,Active
15252.0,0,0,0.0004,Active
15253.0,0,0,0.0006,Active
15254.0,1,1,0.9906,Churned
15255.0,0,0,0.0005,Active
15256.0,1,1,0.9987,Churned
15257.0,1,1,0.9953,Churned
15258.0,1,1,0.9987,Churned
15259.0,1,1,0.9995,Churned
15260.0,1,1,0.9898,Churned
15261.0,1,1,0.9985,Churned
15262.0,1,1,0.9994,Churned
15263.0,1,1,0.9978,Churned
15264.0,0,0,0.0005,Active
15265.0,1,1,0.9974,Churned
15266.0,1,1,0.9994,Churned
15267.0,0,0,0.0005,Active
15268.0,1,1,0.9991,Churned
15269.0,0,0,0.0004,Active
15270.0,0,0,0.0007,Active
15271.0,0,0,0.0006,Active
15272.0,0,0,0.0006,Active
15273.0,1,1,0.9993,Churned
15274.0,0,0,0.0006,Active
15275.0,0,0,0.0004,Active
15276.0,0,0,0.0006,Active
15277.0,0,0,0.0006,Active
15278.0,1,1,0.9994,Churned
15279.0,1,1,0.9984,Churned
15280.0,1,1,0.9989,Churned
15281.0,0,0,0.0006,Active
15282.0,1,1,0.9995,Churned
15283.0,1,1,0.9987,Churned
15284.0,1,1,0.9995,Churned
15285.0,1,1,0.9995,Churned
15286.0,0,0,0.0006,Active
15287.0,0,0,0.0005,Active
15288.0,0,0,0.0005,Active
15289.0,0,0,0.0005,Active
15290.0,0,0,0.0005,Active
15291.0,0,0,0.0005,Active
15292.0,1,1,0.9987,Churned
15293.0,1,1,0.9995,Churned
15294.0,1,1,0.9979,Churned
15295.0,1,1,0.9995,Churned
15296.0,0,0,0.0005,Active
15297.0,0,0,0.0006,Active
15298.0,0,0,0.0005,Active
15299.0,0,0,0.0005,Active
15300.0,0,0,0.0005,Active
15301.0,0,0,0.0004,Active
15302.0,1,1,0.9977,Churned
15303.0,1,1,0.9985,Churned
15304.0,0,0,0.0006,Active
15305.0,1,1,0.9995,Churned
15306.0,0,0,0.0005,Active
15307.0,1,1,0.9943,Churned
15308.0,1,1,0.9966,Churned
15309.0,1,1,0.9968,Churned
15310.0,1,1,0.9992,Churned
15311.0,0,0,0.0005,Active
15312.0,0,0,0.0006,Active
15313.0,1,1,0.9975,Churned
15314.0,1,1,0.9968,Churned
15315.0,0,0,0.0007,Active
15316.0,1,1,0.9992,Churned
15317.0,1,1,0.9977,Churned
15318.0,0,0,0.0006,Active
15319.0,1,1,0.9994,Churned
15320.0,0,0,0.0006,Active
15321.0,0,0,0.0005,Active
15322.0,0,0,0.0004,Active
15323.0,1,1,0.999,Churned
15324.0,1,1,0.9995,Churned
15325.0,1,1,0.9976,Churned
15326.0,1,1,0.9943,Churned
15327.0,0,0,0.0006,Active
15328.0,1,1,0.9995,Churned
15329.0,0,0,0.0007,Active
15330.0,0,0,0.0006,Active
15331.0,1,1,0.9991,Churned
15332.0,1,1,0.9986,Churned
15333.0,1,1,0.998,Churned
15334.0,1,1,0.9987,Churned
15335.0,0,0,0.0006,Active
15336.0,1,1,0.9995,Churned
15337.0,1,1,0.9948,Churned
15338.0,1,1,0.9995,Churned
15339.0,0,0,0.0009,Active
15340.0,1,1,0.9995,Churned
15341.0,0,0,0.0004,Active
15342.0,1,1,0.9804,Churned
15343.0,0,0,0.0007,Active
15344.0,0,0,0.001,Active
15345.0,0,0,0.0007,Active
15346.0,1,1,0.9985,Churned
15347.0,1,1,0.9961,Churned
15348.0,0,0,0.0006,Active
15349.0,1,1,0.9986,Churned
15350.0,1,1,0.9994,Churned
15351.0,0,0,0.0009,Active
15352.0,1,1,0.9995,Churned
15353.0,1,1,0.9991,Churned
15354.0,1,1,0.9979,Churned
15355.0,0,0,0.0006,Active
15356.0,0,0,0.0006,Active
15358.0,0,0,0.0004,Active
15359.0,1,1,0.9995,Churned
15360.0,0,0,0.0004,Active
15361.0,1,1,0.9995,Churned
15362.0,1,1,0.9996,Churned
15363.0,1,1,0.9933,Churned
15364.0,1,1,0.99,Churned
15365.0,0,0,0.0006,Active
15366.0,0,0,0.0005,Active
15367.0,0,0,0.0004,Active
15368.0,0,0,0.0006,Active
15369.0,1,1,0.9995,Churned
15370.0,0,0,0.0004,Active
15371.0,1,1,0.9995,Churned
15372.0,1,1,0.9981,Churned
15373.0,0,0,0.0006,Active
15374.0,1,1,0.9992,Churned
15375.0,1,1,0.9996,Churned
15376.0,0,0,0.0006,Active
15377.0,1,1,0.9994,Churned
15378.0,1,1,0.9995,Churned
15379.0,1,1,0.9972,Churned
15380.0,0,0,0.0005,Active
15381.0,1,1,0.999,Churned
15382.0,0,0,0.0005,Active
15384.0,1,1,0.9987,Churned
15385.0,0,0,0.0006,Active
15386.0,1,1,0.9974,Churned
15387.0,1,1,0.9991,Churned
15388.0,1,1,0.9994,Churned
15389.0,1,1,0.9975,Churned
15390.0,1,1,0.9989,Churned
15391.0,1,1,0.9983,Churned
15392.0,0,0,0.0004,Active
15393.0,0,0,0.0006,Active
15394.0,0,0,0.0004,Active
15395.0,1,1,0.9994,Churned
15396.0,1,1,0.9962,Churned
15397.0,1,1,0.9994,Churned
15398.0,0,0,0.0004,Active
15399.0,0,0,0.0006,Active
15400.0,1,1,0.9825,Churned
15401.0,1,1,0.9995,Churned
15402.0,1,1,0.9989,Churned
15403.0,1,1,0.9996,Churned
15404.0,1,1,0.9996,Churned
15405.0,1,1,0.9988,Churned
15406.0,0,0,0.0009,Active
15407.0,0,0,0.0006,Active
15408.0,1,1,0.9994,Churned
15409.0,1,1,0.9984,Churned
15410.0,0,0,0.0004,Active
15411.0,0,0,0.0006,Active
15412.0,1,1,0.999,Churned
15413.0,1,1,0.9971,Churned
15414.0,0,0,0.0005,Active
15415.0,1,1,0.9992,Churned
15416.0,0,0,0.0004,Active
15417.0,0,0,0.0005,Active
15418.0,1,1,0.9995,Churned
15419.0,0,0,0.0006,Active
15420.0,1,1,0.9996,Churned
15421.0,0,0,0.0006,Active
15422.0,1,1,0.9995,Churned
15423.0,0,0,0.0006,Active
15424.0,1,1,0.9995,Churned
15425.0,1,1,0.9994,Churned
15426.0,0,0,0.0006,Active
15427.0,0,0,0.0005,Active
15428.0,0,0,0.0006,Active
15429.0,0,0,0.0011,Active
15430.0,1,1,0.9955,Churned
15431.0,1,1,0.9996,Churned
15432.0,0,0,0.0011,Active
15433.0,0,1,0.9889,Churned
15434.0,0,0,0.0005,Active
15435.0,0,0,0.0006,Active
15436.0,0,0,0.0006,Active
15437.0,1,1,0.9995,Churned
15438.0,1,1,0.9987,Churned
15439.0,1,1,0.9994,Churned
15440.0,0,0,0.0006,Active
15441.0,1,1,0.9994,Churned
15442.0,1,1,0.9989,Churned
15443.0,0,0,0.0004,Active
15444.0,0,0,0.0003,Active
15445.0,1,1,0.9994,Churned
15446.0,1,1,0.9959,Churned
15447.0,1,1,0.9994,Churned
15448.0,1,1,0.9992,Churned
15449.0,0,0,0.0007,Active
15450.0,0,0,0.0004,Active
15451.0,1,1,0.9995,Churned
15452.0,0,0,0.0006,Active
15453.0,0,0,0.0006,Active
15454.0,1,1,0.9994,Churned
15455.0,1,1,0.9995,Churned
15456.0,1,1,0.9995,Churned
15457.0,1,1,0.9994,Churned
15458.0,0,0,0.0006,Active
15459.0,1,1,0.9996,Churned
15460.0,1,1,0.9994,Churned
15461.0,1,1,0.9915,Churned
15462.0,1,1,0.9816,Churned
15463.0,0,0,0.0006,Active
15464.0,1,1,0.9989,Churned
15465.0,0,0,0.0004,Active
15466.0,0,0,0.0006,Active
15467.0,0,0,0.0006,Active
15468.0,0,0,0.0002,Active
15469.0,0,0,0.0011,Active
15470.0,1,1,0.9996,Churned
15471.0,0,0,0.0004,Active
15472.0,1,1,0.9933,Churned
15473.0,0,0,0.0005,Active
15474.0,1,1,0.9995,Churned
15475.0,0,0,0.0004,Active
15476.0,1,1,0.9994,Churned
15477.0,1,1,0.9994,Churned
15478.0,0,0,0.0004,Active
15479.0,1,1,0.9995,Churned
15480.0,1,1,0.9495,Churned
15481.0,1,1,0.999,Churned
15482.0,0,0,0.0004,Active
15483.0,1,1,0.9985,Churned
15484.0,0,0,0.0004,Active
15485.0,0,0,0.0004,Active
15486.0,1,1,0.9995,Churned
15487.0,1,1,0.9995,Churned
15488.0,1,1,0.9877,Churned
15489.0,0,0,0.0007,Active
15490.0,1,1,0.9984,Churned
15491.0,1,1,0.9917,Churned
15492.0,0,0,0.0005,Active
15493.0,0,0,0.0004,Active
15494.0,0,0,0.0004,Active
15495.0,1,1,0.9994,Churned
15496.0,1,1,0.9995,Churned
15497.0,0,0,0.0004,Active
15498.0,0,0,0.0004,Active
15499.0,1,1,0.9995,Churned
15500.0,0,0,0.0006,Active
15501.0,1,1,0.9995,Churned
15502.0,0,0,0.0007,Active
15503.0,1,1,0.9994,Churned
15504.0,0,0,0.0006,Active
15505.0,0,0,0.0004,Active
15506.0,0,0,0.0006,Active
15507.0,1,1,0.9976,Churned
15508.0,1,1,0.9985,Churned
15509.0,1,1,0.9995,Churned
15510.0,1,1,0.9994,Churned
15511.0,0,0,0.0006,Active
15512.0,1,1,0.9989,Churned
15513.0,0,0,0.0005,Active
15514.0,0,0,0.0005,Active
15515.0,1,1,0.9996,Churned
15516.0,0,0,0.0006,Active
15517.0,1,1,0.999,Churned
15518.0,0,0,0.0009,Active
15519.0,1,1,0.9995,Churned
15520.0,0,0,0.0006,Active
15521.0,0,0,0.0005,Active
15522.0,0,0,0.0005,Active
15523.0,0,0,0.0004,Active
15524.0,0,0,0.0006,Active
15525.0,0,0,0.0006,Active
15526.0,0,0,0.0006,Active
15527.0,0,0,0.0006,Active
15528.0,1,1,0.9995,Churned
15529.0,0,0,0.0004,Active
15530.0,0,0,0.0005,Active
15531.0,0,0,0.0003,Active
15532.0,0,0,0.0006,Active
15533.0,0,0,0.001,Active
15534.0,1,1,0.9995,Churned
15535.0,1,1,0.9897,Churned
15536.0,1,1,0.9994,Churned
15537.0,1,1,0.9987,Churned
15538.0,1,1,0.9957,Churned
15539.0,0,0,0.0005,Active
15540.0,0,0,0.0006,Active
15541.0,1,1,0.9963,Churned
15542.0,1,1,0.999,Churned
15543.0,1,1,0.9994,Churned
15544.0,0,0,0.0005,Active
15545.0,0,0,0.0006,Active
15546.0,1,1,0.9931,Churned
15547.0,0,0,0.0004,Active
15548.0,1,1,0.9995,Churned
15549.0,0,0,0.0006,Active
15550.0,0,0,0.0006,Active
15551.0,0,0,0.0006,Active
15552.0,1,1,0.999,Churned
15553.0,0,0,0.0004,Active
15554.0,1,1,0.9994,Churned
15555.0,0,0,0.0005,Active
15556.0,0,0,0.0006,Active
15557.0,0,0,0.0005,Active
15558.0,1,1,0.9984,Churned
15559.0,1,1,0.9991,Churned
15560.0,1,1,0.9995,Churned
15561.0,0,0,0.0005,Active
15562.0,1,1,0.9995,Churned
15563.0,0,0,0.0005,Active
15564.0,1,1,0.9995,Churned
15565.0,0,0,0.0006,Active
15566.0,1,1,0.9996,Churned
15567.0,0,0,0.0006,Active
15568.0,0,0,0.0006,Active
15569.0,1,1,0.9982,Churned
15570.0,0,0,0.0006,Active
15571.0,0,0,0.0005,Active
15572.0,0,0,0.0005,Active
15573.0,0,0,0.0005,Active
15574.0,1,1,0.9988,Churned
15575.0,1,1,0.9995,Churned
15576.0,0,0,0.0004,Active
15577.0,1,1,0.9986,Churned
15578.0,1,1,0.9987,Churned
15579.0,0,0,0.0006,Active
15580.0,1,1,0.9959,Churned
15581.0,1,1,0.9949,Churned
15582.0,0,0,0.0006,Active
15583.0,1,1,0.9994,Churned
15584.0,0,0,0.0006,Active
15585.0,1,1,0.9976,Churned
15586.0,1,1,0.9991,Churned
15587.0,0,0,0.0005,Active
15588.0,1,1,0.9991,Churned
15589.0,1,1,0.9985,Churned
15590.0,1,1,0.9994,Churned
15591.0,1,1,0.9995,Churned
15592.0,0,0,0.0005,Active
15593.0,0,0,0.0006,Active
15594.0,0,0,0.0006,Active
15595.0,1,1,0.9996,Churned
15596.0,1,1,0.8574,Churned
15597.0,0,0,0.0008,Active
15598.0,0,0,0.0007,Active
15599.0,0,0,0.0004,Active
15600.0,1,1,0.9995,Churned
15601.0,0,0,0.0004,Active
15602.0,0,0,0.0007,Active
15603.0,0,0,0.0007,Active
15604.0,0,0,0.0006,Active
15605.0,0,0,0.0006,Active
15606.0,0,0,0.0005,Active
15607.0,1,1,0.998,Churned
15608.0,0,0,0.0005,Active
15609.0,1,1,0.9924,Churned
15610.0,0,0,0.0006,Active
15611.0,0,0,0.0005,Active
15612.0,0,0,0.0006,Active
15613.0,1,1,0.9994,Churned
15614.0,1,1,0.9962,Churned
15615.0,0,0,0.0004,Active
15616.0,1,1,0.9995,Churned
15617.0,1,1,0.9995,Churned
15618.0,0,0,0.0006,Active
15619.0,0,0,0.0006,Active
15620.0,0,0,0.0005,Active
15621.0,0,0,0.0007,Active
15622.0,0,0,0.0007,Active
15623.0,1,1,0.9989,Churned
15624.0,1,1,0.9984,Churned
15625.0,1,1,0.9183,Churned
15626.0,0,0,0.0004,Active
15627.0,1,1,0.9996,Churned
15628.0,0,0,0.0005,Active
15629.0,1,1,0.9995,Churned
15630.0,0,0,0.0004,Active
15631.0,1,1,0.9994,Churned
15632.0,0,0,0.0004,Active
15633.0,1,1,0.9986,Churned
15634.0,0,0,0.0006,Active
15635.0,1,1,0.9995,Churned
15636.0,0,0,0.0006,Active
15637.0,0,0,0.0005,Active
15638.0,1,1,0.9958,Churned
15639.0,1,1,0.9806,Churned
15640.0,0,0,0.0004,Active
15641.0,1,1,0.9978,Churned
15642.0,1,1,0.9995,Churned
15643.0,1,1,0.9937,Churned
15644.0,1,1,0.9985,Churned
15645.0,0,0,0.0005,Active
15646.0,1,1,0.9987,Churned
15647.0,1,1,0.9995,Churned
15648.0,1,1,0.9924,Churned
15649.0,1,1,0.9994,Churned
15650.0,1,1,0.9975,Churned
15651.0,0,0,0.0005,Active
15652.0,1,1,0.977,Churned
15653.0,1,1,0.9831,Churned
15654.0,0,0,0.0004,Active
15655.0,1,1,0.9934,Churned
15656.0,0,0,0.0006,Active
15657.0,0,0,0.0006,Active
15658.0,1,1,0.9859,Churned
15659.0,0,0,0.0006,Active
15660.0,0,0,0.0005,Active
15661.0,1,1,0.9995,Churned
15662.0,1,1,0.9996,Churned
15663.0,1,1,0.998,Churned
15664.0,0,0,0.0009,Active
15665.0,1,1,0.9978,Churned
15666.0,1,1,0.9995,Churned
15667.0,0,0,0.0006,Active
15668.0,1,1,0.9987,Churned
15669.0,0,0,0.0006,Active
15670.0,1,1,0.9966,Churned
15671.0,0,0,0.0005,Active
15672.0,1,1,0.9995,Churned
15673.0,0,0,0.0004,Active
15674.0,0,0,0.0004,Active
15675.0,0,0,0.0005,Active
15676.0,0,0,0.0005,Active
15677.0,0,0,0.0006,Active
15678.0,0,0,0.0004,Active
15679.0,0,0,0.0005,Active
15680.0,0,0,0.0006,Active
15681.0,0,0,0.0005,Active
15682.0,1,1,0.9969,Churned
15683.0,1,1,0.9983,Churned
15684.0,1,1,0.9985,Churned
15685.0,1,1,0.9995,Churned
15686.0,1,1,0.9995,Churned
15687.0,0,0,0.0006,Active
15688.0,1,1,0.9995,Churned
15689.0,1,1,0.998,Churned
15690.0,0,0,0.0006,Active
15691.0,1,1,0.9995,Churned
15692.0,0,0,0.0006,Active
15693.0,1,1,0.9995,Churned
15694.0,0,0,0.0004,Active
15695.0,1,1,0.9994,Churned
15696.0,0,0,0.0009,Active
15697.0,1,1,0.9995,Churned
15698.0,1,1,0.9996,Churned
15699.0,0,0,0.0007,Active
15700.0,1,1,0.9918,Churned
15701.0,0,0,0.0006,Active
15702.0,1,1,0.9995,Churned
15703.0,1,1,0.9994,Churned
15704.0,1,1,0.9952,Churned
15705.0,1,1,0.999,Churned
15706.0,0,0,0.001,Active
15707.0,0,0,0.0006,Active
15708.0,0,0,0.0007,Active
15709.0,1,1,0.9996,Churned
15710.0,1,1,0.9992,Churned
15711.0,1,1,0.9995,Churned
15712.0,0,0,0.0006,Active
15713.0,1,1,0.9894,Churned
15714.0,0,0,0.0006,Active
15715.0,1,1,0.9995,Churned
15716.0,1,1,0.9987,Churned
15717.0,1,1,0.9989,Churned
15718.0,1,1,0.9995,Churned
15719.0,0,0,0.0006,Active
15720.0,0,0,0.0004,Active
15721.0,0,0,0.0005,Active
15722.0,0,0,0.0004,Active
15723.0,1,1,0.9994,Churned
15724.0,1,1,0.9925,Churned
15725.0,0,0,0.0005,Active
15726.0,1,1,0.9994,Churned
15727.0,0,0,0.0004,Active
15728.0,0,0,0.0117,Active
15729.0,1,1,0.9934,Churned
15730.0,0,0,0.0006,Active
15731.0,1,1,0.9995,Churned
15732.0,1,1,0.999,Churned
15733.0,1,1,0.9994,Churned
15734.0,1,1,0.9974,Churned
15735.0,1,1,0.9995,Churned
15736.0,1,1,0.9943,Churned
15737.0,0,0,0.0007,Active
15738.0,0,0,0.0005,Active
15739.0,0,0,0.0005,Active
15740.0,0,0,0.0006,Active
15741.0,1,1,0.9995,Churned
15742.0,1,1,0.9995,Churned
15743.0,0,0,0.0006,Active
15744.0,0,0,0.0006,Active
15745.0,0,0,0.001,Active
15746.0,1,1,0.9942,Churned
15747.0,0,0,0.0006,Active
15748.0,0,0,0.0006,Active
15749.0,1,1,0.9732,Churned
15750.0,0,0,0.0006,Active
15751.0,1,1,0.9995,Churned
15752.0,0,0,0.0004,Active
15753.0,1,1,0.9992,Churned
15754.0,0,0,0.0005,Active
15755.0,0,0,0.0005,Active
15756.0,0,0,0.0006,Active
15757.0,0,0,0.0004,Active
15758.0,0,0,0.0006,Active
15759.0,1,1,0.9971,Churned
15760.0,1,1,0.9957,Churned
15761.0,1,1,0.9995,Churned
15762.0,0,0,0.0006,Active
15763.0,0,0,0.0007,Active
15764.0,0,0,0.0005,Active
15765.0,1,1,0.9991,Churned
15766.0,0,0,0.0005,Active
15768.0,1,1,0.9974,Churned
15769.0,0,0,0.0004,Active
15770.0,1,1,0.9995,Churned
15771.0,1,1,0.9995,Churned
15772.0,1,1,0.9995,Churned
15773.0,0,0,0.0004,Active
15774.0,0,0,0.0006,Active
15775.0,1,1,0.9996,Churned
15776.0,1,1,0.9987,Churned
15777.0,1,1,0.9995,Churned
15778.0,1,1,0.9995,Churned
15779.0,1,1,0.9995,Churned
15780.0,1,1,0.9986,Churned
15781.0,0,0,0.0006,Active
15782.0,0,0,0.0004,Active
15783.0,0,0,0.0006,Active
15784.0,1,1,0.9992,Churned
15785.0,0,0,0.0007,Active
15786.0,0,0,0.0003,Active
15787.0,0,0,0.0004,Active
15788.0,1,1,0.9979,Churned
15789.0,1,1,0.9994,Churned
15790.0,0,0,0.0006,Active
15791.0,0,0,0.0005,Active
15792.0,1,1,0.9991,Churned
15793.0,0,0,0.0005,Active
15794.0,1,1,0.9995,Churned
15795.0,1,1,0.9985,Churned
15796.0,0,0,0.0006,Active
15797.0,1,1,0.9962,Churned
15798.0,1,1,0.999,Churned
15799.0,0,0,0.0005,Active
15800.0,1,1,0.9976,Churned
15801.0,0,0,0.0006,Active
15802.0,1,1,0.9874,Churned
15803.0,0,0,0.0004,Active
15804.0,0,0,0.0007,Active
15805.0,0,0,0.0005,Active
15806.0,0,0,0.0006,Active
15807.0,0,0,0.0004,Active
15808.0,1,1,0.9981,Churned
15809.0,0,0,0.0005,Active
15810.0,0,0,0.0005,Active
15811.0,0,0,0.0004,Active
15812.0,1,1,0.9983,Churned
15813.0,1,1,0.9984,Churned
15814.0,0,0,0.0004,Active
15815.0,0,0,0.0004,Active
15816.0,1,1,0.9977,Churned
15817.0,1,1,0.9991,Churned
15818.0,1,1,0.9996,Churned
15819.0,0,0,0.0004,Active
15820.0,1,1,0.9996,Churned
15821.0,0,0,0.0006,Active
15822.0,0,0,0.0005,Active
15823.0,1,1,0.9943,Churned
15824.0,1,1,0.9994,Churned
15825.0,1,1,0.998,Churned
15826.0,0,0,0.0005,Active
15827.0,0,0,0.0007,Active
15828.0,1,1,0.9989,Churned
15829.0,1,1,0.9923,Churned
15830.0,0,0,0.0006,Active
15831.0,0,0,0.0005,Active
15832.0,1,1,0.9988,Churned
15833.0,1,1,0.9995,Churned
15834.0,0,0,0.0004,Active
15835.0,0,0,0.0006,Active
15836.0,0,0,0.0011,Active
15837.0,0,0,0.0005,Active
15838.0,0,0,0.0004,Active
15839.0,0,0,0.0007,Active
15840.0,0,0,0.0007,Active
15841.0,0,0,0.0005,Active
15842.0,1,1,0.9965,Churned
15843.0,1,1,0.9994,Churned
15844.0,0,0,0.0006,Active
15845.0,0,0,0.0005,Active
15846.0,1,1,0.9995,Churned
15847.0,0,0,0.0005,Active
15848.0,1,1,0.9995,Churned
15850.0,0,0,0.0005,Active
15851.0,1,1,0.9995,Churned
15852.0,1,1,0.9987,Churned
15853.0,0,0,0.0006,Active
15854.0,0,0,0.0005,Active
15855.0,1,1,0.9985,Churned
15856.0,0,0,0.0004,Active
15857.0,0,0,0.0006,Active
15858.0,0,0,0.0006,Active
15859.0,1,1,0.9992,Churned
15860.0,0,0,0.0005,Active
15861.0,0,0,0.0004,Active
15862.0,0,0,0.0006,Active
15863.0,0,0,0.0006,Active
15864.0,0,0,0.0005,Active
15865.0,0,0,0.0005,Active
15866.0,1,1,0.9974,Churned
15867.0,0,0,0.0006,Active
15868.0,1,1,0.9996,Churned
15869.0,1,1,0.9995,Churned
15870.0,0,0,0.0006,Active
15871.0,1,1,0.9995,Churned
15872.0,0,0,0.0006,Active
15873.0,1,1,0.9995,Churned
15874.0,0,0,0.0004,Active
15875.0,1,1,0.9995,Churned
15876.0,1,1,0.9993,Churned
15877.0,0,0,0.001,Active
15878.0,1,1,0.9995,Churned
15879.0,1,1,0.9994,Churned
15880.0,1,1,0.9968,Churned
15881.0,1,1,0.9967,Churned
15882.0,1,1,0.9987,Churned
15883.0,0,0,0.0005,Active
15884.0,1,1,0.9975,Churned
15885.0,1,1,0.8581,Churned
15886.0,0,0,0.0005,Active
15887.0,1,1,0.9994,Churned
15888.0,0,0,0.0006,Active
15889.0,1,1,0.9985,Churned
15890.0,1,1,0.9996,Churned
15891.0,1,1,0.9983,Churned
15892.0,1,1,0.9995,Churned
15893.0,1,1,0.9993,Churned
15894.0,1,1,0.9994,Churned
15895.0,1,1,0.999,Churned
15897.0,1,1,0.999,Churned
15898.0,0,0,0.0006,Active
15899.0,1,1,0.9994,Churned
15900.0,0,0,0.0006,Active
15901.0,0,0,0.0006,Active
15902.0,1,1,0.9996,Churned
15903.0,0,0,0.0004,Active
15904.0,0,0,0.0006,Active
15905.0,1,1,0.9995,Churned
15906.0,0,0,0.0006,Active
15907.0,0,0,0.0006,Active
15908.0,1,1,0.9994,Churned
15909.0,1,1,0.9985,Churned
15910.0,0,0,0.0006,Active
15911.0,1,1,0.9995,Churned
15912.0,1,1,0.9989,Churned
15913.0,1,1,0.9995,Churned
15914.0,1,1,0.9996,Churned
15915.0,1,1,0.9994,Churned
15916.0,0,0,0.0005,Active
15917.0,1,1,0.9994,Churned
15918.0,1,1,0.9987,Churned
15919.0,0,0,0.0006,Active
15920.0,1,1,0.9986,Churned
15921.0,1,1,0.9986,Churned
15922.0,1,1,0.9953,Churned
15923.0,1,1,0.9996,Churned
15924.0,1,1,0.9996,Churned
15925.0,1,1,0.9987,Churned
15926.0,1,1,0.9996,Churned
15927.0,1,1,0.9995,Churned
15928.0,1,1,0.9995,Churned
15929.0,1,1,0.9989,Churned
15930.0,0,0,0.0005,Active
15931.0,1,1,0.9995,Churned
15932.0,0,0,0.0006,Active
15933.0,0,0,0.0005,Active
15934.0,1,1,0.9991,Churned
15935.0,1,1,0.9961,Churned
15936.0,1,1,0.9994,Churned
15937.0,0,0,0.0006,Active
15938.0,1,1,0.9957,Churned
15939.0,0,0,0.0005,Active
15940.0,1,1,0.9978,Churned
15941.0,1,1,0.9956,Churned
15942.0,1,1,0.9985,Churned
15943.0,1,1,0.9995,Churned
15944.0,1,1,0.9992,Churned
15945.0,1,1,0.9995,Churned
15946.0,1,1,0.9994,Churned
15947.0,0,0,0.0003,Active
15948.0,0,0,0.0005,Active
15949.0,0,0,0.0004,Active
15950.0,0,0,0.0004,Active
15951.0,0,0,0.0006,Active
15952.0,0,0,0.0006,Active
15953.0,0,0,0.0005,Active
15954.0,1,1,0.9995,Churned
15955.0,0,0,0.0004,Active
15956.0,1,1,0.9996,Churned
15957.0,0,0,0.0006,Active
15958.0,0,0,0.0006,Active
15959.0,1,1,0.9995,Churned
15960.0,1,1,0.9994,Churned
15961.0,1,1,0.9991,Churned
15962.0,1,1,0.9995,Churned
15963.0,0,0,0.0006,Active
15964.0,1,1,0.9995,Churned
15965.0,0,0,0.0006,Active
15966.0,1,1,0.996,Churned
15967.0,0,0,0.0006,Active
15968.0,1,1,0.9992,Churned
15969.0,0,0,0.0006,Active
15970.0,1,1,0.9992,Churned
15971.0,0,0,0.0005,Active
15972.0,1,1,0.9995,Churned
15973.0,1,1,0.9953,Churned
15974.0,0,0,0.0004,Active
15975.0,0,0,0.0005,Active
15976.0,1,1,0.9985,Churned
15977.0,0,0,0.0004,Active
15978.0,0,0,0.0003,Active
15979.0,1,1,0.9995,Churned
15980.0,0,0,0.0004,Active
15981.0,0,0,0.0005,Active
15982.0,1,1,0.9995,Churned
15983.0,0,0,0.0004,Active
15984.0,0,0,0.0005,Active
15985.0,1,1,0.9983,Churned
15986.0,0,0,0.0006,Active
15987.0,0,0,0.0005,Active
15988.0,0,0,0.0005,Active
15989.0,1,1,0.9994,Churned
15990.0,0,0,0.0006,Active
15991.0,1,1,0.9995,Churned
15992.0,0,0,0.0006,Active
15993.0,0,0,0.0004,Active
15994.0,0,0,0.0007,Active
15995.0,1,1,0.9993,Churned
15996.0,0,0,0.0006,Active
15998.0,0,0,0.0004,Active
15999.0,1,1,0.9995,Churned
16000.0,0,0,0.0003,Active
16001.0,1,1,0.9936,Churned
16002.0,1,1,0.9995,Churned
16003.0,0,0,0.0004,Active
16004.0,1,1,0.9994,Churned
16005.0,0,0,0.0006,Active
16006.0,1,1,0.9988,Churned
16007.0,0,0,0.0006,Active
16008.0,0,0,0.0005,Active
16009.0,0,0,0.0006,Active
16010.0,1,1,0.9994,Churned
16011.0,0,0,0.0005,Active
16012.0,0,0,0.0004,Active
16013.0,0,0,0.0004,Active
16014.0,0,0,0.0006,Active
16015.0,0,0,0.0006,Active
16016.0,0,0,0.0006,Active
16017.0,0,0,0.0006,Active
16018.0,0,0,0.0005,Active
16019.0,0,0,0.0004,Active
16020.0,0,0,0.0006,Active
16021.0,1,1,0.9995,Churned
16022.0,1,1,0.999,Churned
16023.0,0,0,0.0006,Active
16024.0,0,0,0.0005,Active
16025.0,0,0,0.0004,Active
16026.0,0,0,0.0006,Active
16027.0,1,1,0.984,Churned
16028.0,1,1,0.9995,Churned
16029.0,0,0,0.0004,Active
16030.0,1,1,0.9993,Churned
16031.0,1,1,0.9861,Churned
16032.0,1,1,0.9995,Churned
16033.0,0,0,0.0006,Active
16034.0,1,1,0.9989,Churned
16035.0,1,1,0.9995,Churned
16036.0,0,0,0.0004,Active
16037.0,1,1,0.9984,Churned
16038.0,0,0,0.0006,Active
16039.0,1,1,0.996,Churned
16040.0,0,0,0.0004,Active
16041.0,0,0,0.0004,Active
16042.0,0,0,0.0005,Active
16043.0,0,0,0.0005,Active
16044.0,1,1,0.9995,Churned
16045.0,1,1,0.9984,Churned
16046.0,1,1,0.9996,Churned
16047.0,1,1,0.9995,Churned
16048.0,0,0,0.336,Active
16049.0,0,0,0.0006,Active
16050.0,1,1,0.999,Churned
16051.0,1,1,0.9995,Churned
16052.0,0,0,0.0006,Active
16053.0,0,0,0.0004,Active
16054.0,1,1,0.9846,Churned
16055.0,1,1,0.9989,Churned
16056.0,0,0,0.0004,Active
16057.0,0,0,0.0009,Active
16058.0,1,1,0.9995,Churned
16059.0,0,0,0.0006,Active
16060.0,1,1,0.9995,Churned
16061.0,1,1,0.9984,Churned
16062.0,0,0,0.0005,Active
16063.0,1,1,0.9992,Churned
16064.0,1,1,0.9995,Churned
16065.0,1,1,0.9994,Churned
16066.0,0,0,0.0005,Active
16067.0,1,1,0.9958,Churned
16068.0,1,1,0.9995,Churned
16069.0,1,1,0.9992,Churned
16070.0,0,0,0.0003,Active
16071.0,0,0,0.0006,Active
16072.0,1,1,0.9984,Churned
16073.0,1,1,0.9965,Churned
16074.0,1,1,0.9995,Churned
16075.0,1,1,0.9964,Churned
16076.0,0,0,0.0005,Active
16077.0,1,1,0.9945,Churned
16078.0,1,1,0.9994,Churned
16079.0,0,0,0.0004,Active
16080.0,0,0,0.0008,Active
16081.0,0,0,0.0006,Active
16082.0,1,1,0.9995,Churned
16083.0,1,1,0.9182,Churned
16084.0,1,1,0.999,Churned
16085.0,0,0,0.0006,Active
16086.0,0,0,0.0005,Active
16087.0,1,1,0.9995,Churned
16088.0,1,1,0.9994,Churned
16089.0,1,1,0.9995,Churned
16090.0,1,1,0.9995,Churned
16091.0,1,1,0.9987,Churned
16092.0,1,1,0.9487,Churned
16093.0,1,1,0.9975,Churned
16094.0,0,0,0.0007,Active
16095.0,1,1,0.9992,Churned
16096.0,1,1,0.9994,Churned
16097.0,1,1,0.9994,Churned
16098.0,0,0,0.0005,Active
16099.0,0,0,0.0005,Active
16100.0,1,1,0.9991,Churned
16101.0,0,0,0.0005,Active
16102.0,0,0,0.0004,Active
16103.0,0,0,0.0005,Active
16104.0,0,0,0.0006,Active
16105.0,1,1,0.9992,Churned
16106.0,0,0,0.0006,Active
16107.0,0,0,0.0004,Active
16108.0,0,0,0.0005,Active
16109.0,1,1,0.9975,Churned
16110.0,0,0,0.0002,Active
16111.0,1,1,0.9992,Churned
16112.0,1,1,0.9989,Churned
16113.0,1,1,0.999,Churned
16114.0,1,1,0.9987,Churned
16115.0,0,0,0.0006,Active
16116.0,1,1,0.9845,Churned
16117.0,1,1,0.9965,Churned
16118.0,1,1,0.9626,Churned
16119.0,0,0,0.0005,Active
16120.0,0,0,0.0005,Active
16121.0,0,0,0.0006,Active
16122.0,0,0,0.0005,Active
16123.0,0,0,0.0007,Active
16124.0,1,1,0.9946,Churned
16125.0,1,1,0.9994,Churned
16126.0,0,0,0.0004,Active
16127.0,0,0,0.0004,Active
16128.0,0,0,0.0005,Active
16129.0,1,1,0.9992,Churned
16130.0,1,1,0.9995,Churned
16131.0,0,0,0.0004,Active
16132.0,1,1,0.9996,Churned
16133.0,0,0,0.0005,Active
16134.0,0,0,0.0005,Active
16135.0,1,1,0.9992,Churned
16136.0,0,0,0.0005,Active
16137.0,1,1,0.9992,Churned
16138.0,1,1,0.9987,Churned
16139.0,0,0,0.0006,Active
16140.0,0,0,0.0005,Active
16141.0,0,0,0.0004,Active
16142.0,1,1,0.9992,Churned
16143.0,0,0,0.0004,Active
16144.0,1,1,0.9994,Churned
16145.0,0,0,0.0007,Active
16146.0,1,1,0.9989,Churned
16147.0,1,1,0.9947,Churned
16148.0,1,1,0.9972,Churned
16149.0,0,0,0.0006,Active
16150.0,0,0,0.0006,Active
16152.0,1,1,0.9989,Churned
16153.0,0,0,0.0005,Active
16155.0,1,1,0.9994,Churned
16156.0,0,0,0.0005,Active
16157.0,0,0,0.0006,Active
16158.0,1,1,0.9995,Churned
16159.0,1,1,0.9994,Churned
16160.0,0,0,0.0005,Active
16161.0,0,0,0.0006,Active
16162.0,1,1,0.9994,Churned
16163.0,1,1,0.9936,Churned
16164.0,0,0,0.0005,Active
16165.0,1,1,0.9995,Churned
16166.0,1,1,0.998,Churned
16167.0,1,0,0.029,Active
16168.0,0,0,0.0005,Active
16169.0,0,0,0.0004,Active
16170.0,0,0,0.0005,Active
16171.0,0,0,0.0006,Active
16172.0,1,1,0.9921,Churned
16173.0,0,0,0.0006,Active
16174.0,1,1,0.9983,Churned
16175.0,1,1,0.9837,Churned
16176.0,1,1,0.9968,Churned
16177.0,0,0,0.0007,Active
16178.0,1,1,0.9988,Churned
16179.0,0,0,0.0006,Active
16180.0,1,1,0.9877,Churned
16181.0,0,0,0.0006,Active
16182.0,0,0,0.0004,Active
16183.0,0,0,0.0006,Active
16184.0,0,0,0.0005,Active
16185.0,0,0,0.0006,Active
16186.0,0,0,0.0005,Active
16187.0,0,0,0.0004,Active
16188.0,0,0,0.0005,Active
16189.0,0,0,0.0006,Active
16190.0,0,0,0.0005,Active
16191.0,0,0,0.0005,Active
16192.0,1,1,0.9996,Churned
16193.0,1,1,0.9994,Churned
16194.0,1,1,0.9995,Churned
16195.0,1,1,0.9995,Churned
16196.0,1,1,0.9995,Churned
16197.0,1,1,0.9996,Churned
16198.0,0,0,0.0004,Active
16199.0,1,1,0.9996,Churned
16200.0,0,0,0.0004,Active
16201.0,0,0,0.0004,Active
16202.0,1,1,0.9995,Churned
16203.0,0,0,0.0006,Active
16204.0,0,0,0.0005,Active
16205.0,0,0,0.0005,Active
16206.0,0,0,0.0006,Active
16207.0,0,0,0.0005,Active
16208.0,0,0,0.0006,Active
16209.0,0,0,0.0005,Active
16210.0,0,0,0.0004,Active
16211.0,0,0,0.0005,Active
16212.0,0,0,0.0006,Active
16213.0,0,0,0.0006,Active
16214.0,1,1,0.9985,Churned
16215.0,0,0,0.0006,Active
16216.0,1,1,0.9988,Churned
16217.0,1,1,0.9948,Churned
16218.0,0,0,0.0007,Active
16219.0,1,1,0.9995,Churned
16221.0,0,0,0.0005,Active
16222.0,1,1,0.9989,Churned
16223.0,1,1,0.9992,Churned
16224.0,0,0,0.0005,Active
16225.0,0,0,0.0006,Active
16226.0,1,1,0.9989,Churned
16227.0,1,1,0.9867,Churned
16228.0,1,1,0.9988,Churned
16229.0,0,0,0.0004,Active
16230.0,1,1,0.9987,Churned
16231.0,1,1,0.9994,Churned
16232.0,0,0,0.0005,Active
16233.0,0,0,0.0006,Active
16234.0,1,1,0.9989,Churned
16235.0,0,0,0.0006,Active
16236.0,0,0,0.0005,Active
16237.0,1,1,0.9995,Churned
16238.0,1,1,0.9995,Churned
16239.0,0,0,0.0005,Active
16240.0,0,0,0.0002,Active
16241.0,0,0,0.0006,Active
16242.0,0,0,0.0004,Active
16243.0,0,0,0.0006,Active
16244.0,1,1,0.9974,Churned
16245.0,0,0,0.0005,Active
16246.0,1,1,0.9994,Churned
16247.0,1,1,0.999,Churned
16248.0,0,0,0.0006,Active
16249.0,0,0,0.0005,Active
16250.0,1,1,0.9994,Churned
16251.0,1,1,0.9995,Churned
16252.0,1,1,0.9979,Churned
16253.0,0,0,0.0004,Active
16254.0,1,1,0.9995,Churned
16255.0,0,0,0.0005,Active
16256.0,1,1,0.9983,Churned
16257.0,1,1,0.9987,Churned
16258.0,0,0,0.0004,Active
16259.0,1,1,0.9995,Churned
16260.0,0,0,0.0004,Active
16261.0,0,0,0.0006,Active
16262.0,1,1,0.9929,Churned
16263.0,1,1,0.9996,Churned
16264.0,1,1,0.9995,Churned
16265.0,0,0,0.0004,Active
16266.0,0,0,0.0006,Active
16267.0,1,1,0.9996,Churned
16268.0,0,0,0.0005,Active
16269.0,1,1,0.9952,Churned
16270.0,1,1,0.9992,Churned
16271.0,0,0,0.0004,Active
16272.0,1,1,0.9965,Churned
16273.0,1,1,0.9995,Churned
16274.0,1,1,0.9993,Churned
16275.0,1,1,0.9978,Churned
16276.0,1,1,0.9971,Churned
16277.0,1,1,0.9995,Churned
16278.0,0,0,0.0935,Active
16279.0,0,0,0.0004,Active
16280.0,1,1,0.9995,Churned
16281.0,0,0,0.0003,Active
16282.0,1,1,0.9995,Churned
16283.0,0,0,0.0007,Active
16284.0,0,0,0.0004,Active
16285.0,1,1,0.9995,Churned
16286.0,1,1,0.9983,Churned
16287.0,1,1,0.9989,Churned
16288.0,1,1,0.9995,Churned
16289.0,1,1,0.9984,Churned
16290.0,1,1,0.9995,Churned
16291.0,1,1,0.9995,Churned
16292.0,1,1,0.958,Churned
16293.0,0,0,0.0006,Active
16294.0,1,1,0.9995,Churned
16295.0,0,0,0.0006,Active
16296.0,1,1,0.9958,Churned
16297.0,1,1,0.9671,Churned
16298.0,0,0,0.0006,Active
16299.0,1,1,0.9979,Churned
16300.0,1,1,0.9991,Churned
16301.0,1,1,0.9995,Churned
16302.0,1,1,0.9589,Churned
16303.0,0,0,0.0004,Active
16304.0,1,1,0.9994,Churned
16305.0,1,1,0.9981,Churned
16306.0,1,1,0.9964,Churned
16307.0,1,1,0.9994,Churned
16308.0,0,0,0.0004,Active
16309.0,1,1,0.9003,Churned
16310.0,1,1,0.9995,Churned
16311.0,0,0,0.0006,Active
16312.0,1,1,0.9995,Churned
16313.0,0,0,0.0006,Active
16314.0,1,1,0.9991,Churned
16315.0,1,1,0.9994,Churned
16316.0,0,0,0.0007,Active
16317.0,1,1,0.9974,Churned
16318.0,0,0,0.0007,Active
16319.0,1,1,0.9977,Churned
16320.0,1,1,0.9946,Churned
16321.0,0,0,0.0005,Active
16322.0,0,0,0.0006,Active
16323.0,1,1,0.999,Churned
16324.0,1,1,0.9989,Churned
16325.0,0,0,0.0005,Active
16326.0,0,0,0.0006,Active
16327.0,0,0,0.0004,Active
16328.0,1,1,0.9995,Churned
16329.0,1,1,0.9995,Churned
16330.0,0,0,0.0006,Active
16331.0,1,1,0.9996,Churned
16332.0,0,0,0.0006,Active
16333.0,0,0,0.0004,Active
16334.0,1,1,0.9996,Churned
16335.0,1,1,0.9995,Churned
16336.0,1,1,0.9993,Churned
16337.0,0,0,0.0006,Active
16338.0,1,1,0.9987,Churned
16339.0,1,1,0.9994,Churned
16340.0,1,1,0.9948,Churned
16341.0,0,0,0.0004,Active
16342.0,0,0,0.0006,Active
16343.0,0,0,0.0006,Active
16344.0,1,1,0.9983,Churned
16345.0,0,0,0.0004,Active
16346.0,1,1,0.9995,Churned
16347.0,0,0,0.0006,Active
16348.0,0,0,0.0005,Active
16349.0,1,1,0.9994,Churned
16350.0,0,0,0.0006,Active
16351.0,1,1,0.9972,Churned
16352.0,0,0,0.0006,Active
16353.0,0,0,0.0005,Active
16354.0,0,0,0.0005,Active
16355.0,1,1,0.9957,Churned
16356.0,1,1,0.9987,Churned
16357.0,0,0,0.0006,Active
16358.0,0,0,0.0004,Active
16359.0,0,0,0.0005,Active
16360.0,0,0,0.0003,Active
16361.0,0,0,0.0006,Active
16362.0,0,0,0.0009,Active
16363.0,0,0,0.0006,Active
16364.0,0,0,0.0007,Active
16365.0,0,0,0.0005,Active
16366.0,0,0,0.0005,Active
16367.0,0,0,0.0004,Active
16368.0,0,0,0.0006,Active
16369.0,0,0,0.0005,Active
16370.0,0,0,0.0006,Active
16371.0,1,1,0.9995,Churned
16372.0,0,0,0.0006,Active
16373.0,1,1,0.9995,Churned
16374.0,0,0,0.0004,Active
16375.0,1,1,0.9995,Churned
16376.0,0,0,0.0007,Active
16377.0,1,1,0.9992,Churned
16378.0,1,1,0.9994,Churned
16379.0,0,0,0.0004,Active
16380.0,0,0,0.0003,Active
16381.0,1,1,0.9995,Churned
16382.0,1,1,0.9995,Churned
16383.0,0,0,0.0004,Active
16384.0,0,0,0.0006,Active
16385.0,0,0,0.0006,Active
16386.0,0,0,0.0006,Active
16387.0,1,1,0.9994,Churned
16388.0,1,1,0.9995,Churned
16389.0,0,0,0.0005,Active
16390.0,1,1,0.9995,Churned
16391.0,1,1,0.9994,Churned
16392.0,1,1,0.9994,Churned
16393.0,0,0,0.0006,Active
16394.0,0,0,0.0007,Active
16395.0,0,0,0.0006,Active
16396.0,1,1,0.998,Churned
16397.0,1,1,0.9995,Churned
16398.0,1,1,0.983,Churned
16399.0,0,0,0.0006,Active
16400.0,1,1,0.9945,Churned
16401.0,0,0,0.0007,Active
16402.0,1,1,0.9994,Churned
16403.0,1,1,0.9966,Churned
16404.0,0,0,0.0007,Active
16405.0,1,1,0.9996,Churned
16406.0,0,0,0.0006,Active
16407.0,0,0,0.0006,Active
16408.0,1,1,0.9995,Churned
16409.0,0,0,0.0004,Active
16410.0,1,1,0.9996,Churned
16411.0,0,0,0.0006,Active
16412.0,0,0,0.0006,Active
16413.0,0,0,0.0006,Active
16414.0,0,0,0.0006,Active
16415.0,0,0,0.0006,Active
16416.0,0,0,0.0005,Active
16417.0,1,1,0.9995,Churned
16418.0,0,0,0.0006,Active
16419.0,1,1,0.9969,Churned
16420.0,1,1,0.9996,Churned
16421.0,1,1,0.9994,Churned
16422.0,0,0,0.0004,Active
16423.0,0,0,0.0006,Active
16424.0,1,1,0.9906,Churned
16425.0,1,1,0.9995,Churned
16426.0,0,0,0.0006,Active
16427.0,1,1,0.9995,Churned
16428.0,0,0,0.0088,Active
16429.0,1,1,0.9978,Churned
16430.0,0,0,0.0006,Active
16431.0,1,1,0.9987,Churned
16432.0,0,0,0.0006,Active
16433.0,0,0,0.0006,Active
16434.0,0,0,0.0005,Active
16435.0,1,1,0.9995,Churned
16436.0,1,1,0.999,Churned
16437.0,1,1,0.9995,Churned
16438.0,0,0,0.0006,Active
16439.0,1,1,0.9995,Churned
16440.0,0,0,0.0004,Active
16441.0,0,0,0.0006,Active
16442.0,0,0,0.0006,Active
16443.0,1,1,0.9995,Churned
16444.0,0,0,0.0006,Active
16445.0,0,0,0.0006,Active
16446.0,0,0,0.0005,Active
16447.0,1,1,0.9988,Churned
16448.0,1,1,0.9987,Churned
16449.0,1,1,0.9894,Churned
16450.0,1,1,0.9947,Churned
16451.0,0,0,0.0006,Active
16452.0,1,1,0.9995,Churned
16453.0,1,1,0.9996,Churned
16454.0,0,0,0.0011,Active
16455.0,0,0,0.0005,Active
16456.0,1,1,0.9911,Churned
16457.0,1,1,0.9991,Churned
16458.0,0,0,0.0006,Active
16459.0,1,1,0.9996,Churned
16460.0,0,0,0.0006,Active
16461.0,1,1,0.9981,Churned
16462.0,0,0,0.0006,Active
16463.0,0,0,0.0007,Active
16464.0,0,0,0.0004,Active
16465.0,1,1,0.9947,Churned
16466.0,0,0,0.0006,Active
16467.0,1,1,0.9995,Churned
16468.0,0,0,0.0006,Active
16469.0,0,0,0.0006,Active
16470.0,0,0,0.0006,Active
16471.0,1,1,0.9949,Churned
16472.0,1,1,0.9993,Churned
16473.0,1,1,0.9987,Churned
16474.0,0,0,0.0009,Active
16475.0,0,0,0.0006,Active
16476.0,1,1,0.9977,Churned
16477.0,0,0,0.0004,Active
16478.0,0,0,0.0006,Active
16479.0,0,0,0.0006,Active
16480.0,0,0,0.0003,Active
16481.0,1,1,0.997,Churned
16482.0,0,0,0.0006,Active
16483.0,1,1,0.9987,Churned
16484.0,1,1,0.9894,Churned
16485.0,0,0,0.0004,Active
16486.0,1,1,0.9995,Churned
16487.0,1,1,0.9995,Churned
16488.0,0,0,0.0006,Active
16489.0,1,1,0.9995,Churned
16490.0,1,1,0.998,Churned
16491.0,0,0,0.0003,Active
16492.0,1,1,0.9992,Churned
16493.0,0,0,0.0005,Active
16494.0,1,1,0.9991,Churned
16495.0,0,0,0.0006,Active
16496.0,0,0,0.0005,Active
16497.0,0,0,0.0006,Active
16498.0,1,1,0.9922,Churned
16499.0,1,1,0.9924,Churned
16500.0,0,0,0.0005,Active
16501.0,1,1,0.9991,Churned
16502.0,1,1,0.9996,Churned
16503.0,1,1,0.9976,Churned
16504.0,0,0,0.0005,Active
16505.0,0,0,0.0003,Active
16506.0,0,0,0.0006,Active
16507.0,1,1,0.9995,Churned
16508.0,1,1,0.9995,Churned
16509.0,1,1,0.9993,Churned
16510.0,1,1,0.9994,Churned
16511.0,0,0,0.0006,Active
16513.0,0,0,0.0005,Active
16515.0,0,0,0.0005,Active
16516.0,0,0,0.0006,Active
16517.0,1,1,0.9994,Churned
16518.0,0,0,0.0009,Active
16519.0,0,0,0.0006,Active
16520.0,1,1,0.9963,Churned
16521.0,1,1,0.9995,Churned
16522.0,1,1,0.9996,Churned
16523.0,0,0,0.0004,Active
16524.0,1,1,0.9995,Churned
16525.0,0,0,0.0004,Active
16526.0,1,1,0.9986,Churned
16527.0,0,0,0.0004,Active
16528.0,0,0,0.0006,Active
16529.0,1,1,0.9973,Churned
16530.0,1,1,0.9995,Churned
16531.0,0,0,0.0005,Active
16532.0,0,0,0.0003,Active
16533.0,0,0,0.0009,Active
16534.0,1,1,0.9992,Churned
16535.0,0,0,0.0006,Active
16536.0,1,1,0.8938,Churned
16537.0,1,1,0.9996,Churned
16538.0,1,1,0.9995,Churned
16539.0,0,0,0.0006,Active
16540.0,1,1,0.9995,Churned
16541.0,1,1,0.9968,Churned
16542.0,0,0,0.0006,Active
16543.0,1,1,0.9981,Churned
16544.0,1,1,0.9972,Churned
16545.0,1,1,0.9987,Churned
16546.0,1,1,0.9977,Churned
16547.0,1,1,0.9996,Churned
16548.0,1,1,0.9995,Churned
16549.0,0,0,0.0006,Active
16550.0,1,1,0.9644,Churned
16551.0,1,1,0.995,Churned
16552.0,1,1,0.9995,Churned
16553.0,1,1,0.9986,Churned
16554.0,0,0,0.0007,Active
16555.0,0,0,0.0007,Active
16556.0,0,0,0.0004,Active
16557.0,0,0,0.0006,Active
16558.0,0,0,0.0005,Active
16559.0,1,1,0.9995,Churned
16560.0,0,0,0.0006,Active
16561.0,0,0,0.0006,Active
16562.0,1,1,0.9995,Churned
16563.0,0,0,0.0004,Active
16564.0,1,1,0.9995,Churned
16565.0,1,1,0.9996,Churned
16566.0,0,0,0.0006,Active
16567.0,1,1,0.9982,Churned
16568.0,1,1,0.9994,Churned
16569.0,0,0,0.0005,Active
16570.0,0,0,0.0005,Active
16571.0,0,0,0.0005,Active
16572.0,1,1,0.9892,Churned
16573.0,0,0,0.0009,Active
16574.0,0,0,0.0004,Active
16576.0,1,1,0.998,Churned
16577.0,1,1,0.9992,Churned
16578.0,1,1,0.9995,Churned
16579.0,1,1,0.998,Churned
16581.0,1,1,0.9907,Churned
16582.0,1,1,0.9963,Churned
16583.0,1,1,0.9994,Churned
16584.0,0,0,0.0004,Active
16585.0,1,1,0.9995,Churned
16586.0,1,1,0.9991,Churned
16587.0,1,1,0.9989,Churned
16588.0,1,1,0.9994,Churned
16589.0,0,0,0.0005,Active
16590.0,1,1,0.9962,Churned
16591.0,0,0,0.0006,Active
16592.0,0,0,0.0005,Active
16593.0,0,0,0.0006,Active
16594.0,0,0,0.0006,Active
16595.0,0,0,0.0006,Active
16596.0,0,0,0.0006,Active
16597.0,0,0,0.0006,Active
16598.0,1,1,0.9977,Churned
16599.0,1,1,0.9996,Churned
16600.0,0,0,0.0005,Active
16601.0,0,0,0.0006,Active
16602.0,0,0,0.0002,Active
16603.0,0,0,0.0005,Active
16604.0,1,1,0.9971,Churned
16605.0,1,1,0.9993,Churned
16606.0,1,1,0.9995,Churned
16607.0,0,0,0.0005,Active
16608.0,1,1,0.9994,Churned
16609.0,0,0,0.0005,Active
16610.0,1,1,0.9987,Churned
16611.0,1,1,0.9985,Churned
16612.0,0,0,0.0006,Active
16613.0,0,0,0.0003,Active
16614.0,1,1,0.998,Churned
16615.0,1,1,0.9975,Churned
16616.0,0,0,0.0006,Active
16617.0,1,1,0.9997,Churned
16618.0,0,0,0.0005,Active
16619.0,1,1,0.9994,Churned
16620.0,0,0,0.0005,Active
16621.0,0,0,0.0006,Active
16622.0,1,1,0.9984,Churned
16623.0,1,1,0.9994,Churned
16624.0,0,0,0.0005,Active
16625.0,1,1,0.9994,Churned
16626.0,0,0,0.0005,Active
16627.0,0,0,0.0006,Active
16628.0,0,0,0.0006,Active
16629.0,0,0,0.0006,Active
16630.0,1,1,0.9967,Churned
16631.0,1,1,0.9995,Churned
16632.0,1,1,0.9995,Churned
16633.0,0,0,0.0004,Active
16634.0,1,1,0.9895,Churned
16635.0,1,1,0.999,Churned
16636.0,1,1,0.9994,Churned
16637.0,0,0,0.0006,Active
16638.0,0,0,0.0005,Active
16639.0,0,0,0.0004,Active
16640.0,1,1,0.9994,Churned
16641.0,1,1,0.9983,Churned
16642.0,0,0,0.0005,Active
16643.0,1,1,0.9917,Churned
16644.0,1,1,0.9976,Churned
16645.0,1,1,0.9995,Churned
16646.0,1,1,0.9961,Churned
16647.0,1,1,0.999,Churned
16648.0,0,0,0.0005,Active
16649.0,1,1,0.9995,Churned
16650.0,0,0,0.0005,Active
16651.0,1,1,0.9995,Churned
16652.0,0,0,0.0005,Active
16653.0,0,0,0.0005,Active
16654.0,1,1,0.9986,Churned
16655.0,0,0,0.0004,Active
16656.0,0,0,0.0005,Active
16657.0,0,0,0.0006,Active
16658.0,1,1,0.9966,Churned
16659.0,1,1,0.999,Churned
16660.0,0,0,0.0005,Active
16661.0,1,1,0.9996,Churned
16662.0,1,1,0.9995,Churned
16663.0,1,1,0.9993,Churned
16664.0,1,1,0.9995,Churned
16665.0,1,1,0.9996,Churned
16666.0,0,0,0.0006,Active
16667.0,0,0,0.0006,Active
16668.0,0,0,0.0005,Active
16669.0,0,0,0.0007,Active
16670.0,0,0,0.0006,Active
16671.0,0,0,0.0005,Active
16672.0,0,0,0.0005,Active
16673.0,1,1,0.9995,Churned
16674.0,0,0,0.0006,Active
16675.0,1,1,0.9996,Churned
16676.0,0,0,0.0004,Active
16677.0,1,1,0.9938,Churned
16678.0,0,0,0.0005,Active
16679.0,1,1,0.9995,Churned
16680.0,0,0,0.0006,Active
16681.0,0,0,0.0005,Active
16682.0,0,0,0.0005,Active
16683.0,1,1,0.9971,Churned
16684.0,0,0,0.0004,Active
16685.0,0,0,0.0005,Active
16686.0,0,0,0.0006,Active
16687.0,1,1,0.9996,Churned
16688.0,0,0,0.0005,Active
16689.0,0,0,0.0007,Active
16690.0,0,0,0.0006,Active
16691.0,1,1,0.9995,Churned
16692.0,1,1,0.9995,Churned
16693.0,0,0,0.0006,Active
16694.0,1,1,0.9996,Churned
16695.0,1,1,0.9996,Churned
16696.0,1,1,0.9988,Churned
16697.0,1,1,0.9994,Churned
16698.0,1,1,0.9975,Churned
16699.0,1,1,0.9996,Churned
16700.0,0,0,0.0005,Active
16701.0,0,0,0.0005,Active
16702.0,1,1,0.9996,Churned
16704.0,1,1,0.9995,Churned
16705.0,0,0,0.0008,Active
16706.0,0,0,0.0006,Active
16707.0,1,1,0.9995,Churned
16708.0,0,0,0.0003,Active
16709.0,0,0,0.0004,Active
16710.0,0,0,0.0006,Active
16711.0,0,0,0.0005,Active
16712.0,0,0,0.0004,Active
16713.0,0,0,0.0004,Active
16714.0,1,1,0.993,Churned
16715.0,0,0,0.0006,Active
16716.0,1,1,0.9983,Churned
16717.0,0,0,0.0004,Active
16718.0,1,1,0.9992,Churned
16719.0,0,0,0.0005,Active
16720.0,0,0,0.0006,Active
16721.0,1,1,0.9994,Churned
16722.0,0,0,0.0005,Active
16723.0,1,1,0.977,Churned
16724.0,1,1,0.9995,Churned
16725.0,1,1,0.9994,Churned
16726.0,0,0,0.0006,Active
16727.0,1,1,0.9994,Churned
16728.0,0,0,0.0006,Active
16729.0,0,0,0.0005,Active
16730.0,0,0,0.0006,Active
16731.0,1,1,0.9995,Churned
16732.0,0,0,0.0004,Active
16733.0,1,1,0.9995,Churned
16734.0,0,0,0.0005,Active
16735.0,0,0,0.0005,Active
16736.0,1,1,0.9966,Churned
16737.0,0,0,0.0004,Active
16738.0,1,1,0.8595,Churned
16739.0,1,1,0.9845,Churned
16740.0,1,1,0.9995,Churned
16741.0,1,1,0.9995,Churned
16742.0,0,0,0.0005,Active
16743.0,0,0,0.0005,Active
16744.0,0,0,0.0006,Active
16745.0,0,0,0.0004,Active
16746.0,0,0,0.0004,Active
16747.0,0,0,0.0005,Active
16748.0,0,0,0.0005,Active
16749.0,1,1,0.9991,Churned
16750.0,0,0,0.0006,Active
16751.0,0,0,0.0003,Active
16752.0,1,1,0.9994,Churned
16753.0,0,0,0.0006,Active
16754.0,1,1,0.9986,Churned
16755.0,1,1,0.9701,Churned
16756.0,1,1,0.9987,Churned
16757.0,1,1,0.9994,Churned
16758.0,0,0,0.0005,Active
16759.0,0,0,0.0005,Active
16760.0,1,1,0.9995,Churned
16761.0,1,1,0.9936,Churned
16762.0,0,0,0.0006,Active
16763.0,1,1,0.9748,Churned
16764.0,0,0,0.0006,Active
16765.0,1,1,0.9995,Churned
16766.0,1,1,0.9989,Churned
16767.0,0,0,0.0004,Active
16768.0,0,0,0.0008,Active
16769.0,1,1,0.9994,Churned
16770.0,0,0,0.0006,Active
16771.0,0,0,0.0004,Active
16772.0,1,1,0.9915,Churned
16773.0,0,0,0.0006,Active
16774.0,0,0,0.0006,Active
16775.0,0,0,0.0006,Active
16776.0,0,0,0.0006,Active
16777.0,0,0,0.0006,Active
16778.0,0,0,0.0006,Active
16779.0,0,0,0.0004,Active
16780.0,1,1,0.993,Churned
16781.0,1,1,0.9955,Churned
16782.0,0,0,0.0006,Active
16783.0,1,1,0.9992,Churned
16784.0,0,0,0.0006,Active
16785.0,1,1,0.9991,Churned
16786.0,1,1,0.9994,Churned
16787.0,1,1,0.9994,Churned
16788.0,1,1,0.9957,Churned
16789.0,0,0,0.0006,Active
16790.0,0,0,0.0006,Active
16791.0,0,0,0.0006,Active
16792.0,1,1,0.9994,Churned
16793.0,0,0,0.0006,Active
16794.0,0,0,0.0006,Active
16795.0,1,1,0.9907,Churned
16796.0,0,0,0.0006,Active
16797.0,1,1,0.9879,Churned
16798.0,1,1,0.9989,Churned
16799.0,1,1,0.9976,Churned
16800.0,0,0,0.0002,Active
16801.0,1,1,0.9985,Churned
16802.0,1,1,0.9995,Churned
16803.0,0,0,0.0007,Active
16804.0,0,0,0.0006,Active
16805.0,1,1,0.9987,Churned
16806.0,1,1,0.9977,Churned
16807.0,1,1,0.9963,Churned
16808.0,1,1,0.993,Churned
16809.0,0,0,0.0006,Active
16810.0,1,1,0.9855,Churned
16811.0,0,0,0.0006,Active
16812.0,1,1,0.9992,Churned
16813.0,0,0,0.0005,Active
16814.0,0,0,0.0006,Active
16815.0,1,1,0.9995,Churned
16816.0,1,1,0.9977,Churned
16817.0,0,0,0.0006,Active
16818.0,0,0,0.0005,Active
16819.0,1,1,0.9996,Churned
16820.0,1,1,0.991,Churned
16821.0,1,1,0.9995,Churned
16822.0,1,1,0.9982,Churned
16823.0,1,1,0.9987,Churned
16824.0,0,0,0.0006,Active
16825.0,0,0,0.0006,Active
16826.0,0,0,0.0007,Active
16827.0,1,1,0.9996,Churned
16828.0,1,1,0.9861,Churned
16829.0,1,1,0.9986,Churned
16830.0,0,0,0.0006,Active
16831.0,1,1,0.9995,Churned
16832.0,1,1,0.9988,Churned
16833.0,0,0,0.0006,Active
16834.0,1,1,0.9977,Churned
16835.0,1,1,0.9766,Churned
16836.0,0,0,0.0005,Active
16837.0,0,0,0.0005,Active
16838.0,1,1,0.9888,Churned
16839.0,0,0,0.0004,Active
16840.0,1,1,0.997,Churned
16841.0,0,0,0.0005,Active
16842.0,0,0,0.4047,Active
16843.0,0,0,0.0004,Active
16844.0,1,1,0.9995,Churned
16845.0,1,1,0.9995,Churned
16846.0,0,0,0.0005,Active
16847.0,0,0,0.0006,Active
16848.0,0,0,0.0006,Active
16849.0,1,1,0.9987,Churned
16850.0,1,1,0.9993,Churned
16851.0,0,0,0.0006,Active
16852.0,0,0,0.0006,Active
16854.0,1,1,0.9995,Churned
16855.0,0,0,0.0006,Active
16856.0,0,0,0.0006,Active
16857.0,1,1,0.9995,Churned
16858.0,1,1,0.9935,Churned
16859.0,1,1,0.9966,Churned
16860.0,1,1,0.9984,Churned
16861.0,0,0,0.0005,Active
16862.0,1,1,0.9996,Churned
16863.0,0,0,0.0007,Active
16864.0,1,1,0.9996,Churned
16865.0,1,1,0.9996,Churned
16866.0,1,1,0.9987,Churned
16867.0,1,1,0.9995,Churned
16868.0,1,1,0.9993,Churned
16869.0,0,0,0.0006,Active
16870.0,1,1,0.9993,Churned
16871.0,0,0,0.0004,Active
16872.0,0,0,0.0005,Active
16873.0,0,0,0.0004,Active
16874.0,1,1,0.9994,Churned
16875.0,0,0,0.0007,Active
16876.0,1,1,0.9995,Churned
16877.0,0,0,0.0006,Active
16878.0,0,0,0.0011,Active
16880.0,0,0,0.0006,Active
16881.0,0,0,0.0007,Active
16882.0,0,0,0.0005,Active
16883.0,1,1,0.9985,Churned
16884.0,0,0,0.0006,Active
16885.0,0,0,0.0006,Active
16886.0,1,1,0.9984,Churned
16887.0,0,0,0.0006,Active
16888.0,1,1,0.9995,Churned
16889.0,1,1,0.9985,Churned
16890.0,1,1,0.9996,Churned
16891.0,0,0,0.0006,Active
16892.0,0,0,0.0006,Active
16893.0,1,1,0.9994,Churned
16894.0,1,1,0.9968,Churned
16895.0,0,0,0.0006,Active
16896.0,1,1,0.9995,Churned
16897.0,1,1,0.9966,Churned
16898.0,0,0,0.0006,Active
16899.0,0,0,0.0005,Active
16900.0,0,0,0.0007,Active
16901.0,1,1,0.9995,Churned
16902.0,1,1,0.9903,Churned
16903.0,0,0,0.0006,Active
16904.0,0,0,0.0006,Active
16905.0,0,0,0.0006,Active
16906.0,0,0,0.0006,Active
16907.0,0,0,0.0006,Active
16908.0,1,1,0.9984,Churned
16909.0,0,0,0.0005,Active
16910.0,0,0,0.0006,Active
16911.0,1,1,0.9976,Churned
16912.0,0,0,0.0006,Active
16913.0,1,1,0.9995,Churned
16914.0,0,0,0.0006,Active
16915.0,0,0,0.0006,Active
16916.0,0,0,0.0006,Active
16917.0,1,1,0.9889,Churned
16918.0,0,0,0.0006,Active
16919.0,1,1,0.9981,Churned
16920.0,1,1,0.9994,Churned
16921.0,0,0,0.0006,Active
16922.0,1,1,0.9993,Churned
16923.0,0,0,0.0004,Active
16924.0,0,0,0.0006,Active
16925.0,1,1,0.9996,Churned
16926.0,1,1,0.9994,Churned
16927.0,1,1,0.9984,Churned
16928.0,0,0,0.0005,Active
16929.0,0,0,0.0005,Active
16930.0,0,0,0.0006,Active
16931.0,0,0,0.0006,Active
16932.0,0,0,0.0006,Active
16933.0,0,0,0.0009,Active
16934.0,0,0,0.0006,Active
16935.0,1,1,0.9995,Churned
16936.0,0,0,0.0006,Active
16937.0,1,1,0.9995,Churned
16938.0,0,0,0.0004,Active
16939.0,1,1,0.9995,Churned
16940.0,0,0,0.0004,Active
16941.0,1,1,0.9995,Churned
16942.0,0,0,0.0006,Active
16943.0,1,1,0.9966,Churned
16944.0,1,1,0.9995,Churned
16945.0,0,0,0.0005,Active
16946.0,1,1,0.9994,Churned
16947.0,1,1,0.9955,Churned
16948.0,1,1,0.9989,Churned
16949.0,0,0,0.0005,Active
16950.0,0,0,0.0004,Active
16951.0,1,1,0.9958,Churned
16952.0,1,1,0.9979,Churned
16953.0,0,0,0.0006,Active
16954.0,0,0,0.0005,Active
16955.0,1,1,0.9908,Churned
16956.0,0,0,0.0011,Active
16957.0,1,1,0.9995,Churned
16958.0,1,1,0.9992,Churned
16959.0,0,0,0.0006,Active
16960.0,0,0,0.0006,Active
16961.0,1,1,0.9578,Churned
16962.0,1,1,0.9995,Churned
16963.0,1,1,0.9987,Churned
16964.0,1,1,0.9996,Churned
16965.0,1,1,0.9991,Churned
16966.0,0,0,0.0005,Active
16967.0,1,1,0.9985,Churned
16968.0,0,0,0.0006,Active
16969.0,0,0,0.0005,Active
16970.0,1,1,0.9995,Churned
16971.0,0,0,0.001,Active
16972.0,1,1,0.9992,Churned
16973.0,1,1,0.9995,Churned
16974.0,1,1,0.9995,Churned
16975.0,1,1,0.9961,Churned
16976.0,1,1,0.9996,Churned
16977.0,1,1,0.9995,Churned
16978.0,0,0,0.0006,Active
16979.0,0,0,0.0005,Active
16980.0,1,1,0.9992,Churned
16982.0,0,0,0.0005,Active
16983.0,0,0,0.0005,Active
16984.0,0,0,0.0004,Active
16985.0,0,0,0.0004,Active
16986.0,0,0,0.0004,Active
16987.0,0,0,0.0006,Active
16988.0,0,0,0.0006,Active
16989.0,0,0,0.0005,Active
16990.0,1,1,0.9983,Churned
16991.0,1,1,0.9992,Churned
16992.0,0,0,0.0006,Active
16993.0,1,1,0.9928,Churned
16996.0,0,0,0.0005,Active
16997.0,1,1,0.9995,Churned
16998.0,1,1,0.9968,Churned
16999.0,0,0,0.0006,Active
17000.0,1,1,0.9996,Churned
17001.0,0,0,0.0004,Active
17002.0,0,0,0.0004,Active
17003.0,1,1,0.9994,Churned
17004.0,0,0,0.0004,Active
17005.0,1,1,0.9971,Churned
17006.0,0,0,0.0006,Active
17007.0,0,0,0.0005,Active
17008.0,1,1,0.9995,Churned
17009.0,1,1,0.9996,Churned
17010.0,0,0,0.0008,Active
17011.0,0,0,0.0005,Active
17012.0,1,1,0.9995,Churned
17014.0,0,0,0.0006,Active
17015.0,0,0,0.0004,Active
17016.0,1,1,0.9994,Churned
17017.0,0,0,0.0004,Active
17018.0,0,0,0.0004,Active
17019.0,0,0,0.0006,Active
17020.0,1,1,0.9991,Churned
17021.0,1,1,0.9996,Churned
17022.0,0,0,0.0005,Active
17023.0,1,1,0.9995,Churned
17024.0,0,0,0.0006,Active
17025.0,0,0,0.0005,Active
17026.0,1,1,0.999,Churned
17027.0,0,0,0.0006,Active
17028.0,1,1,0.9995,Churned
17029.0,1,1,0.9976,Churned
17030.0,0,0,0.0006,Active
17031.0,0,0,0.0005,Active
17032.0,1,1,0.9958,Churned
17033.0,0,0,0.0005,Active
17034.0,0,0,0.0005,Active
17035.0,1,1,0.9995,Churned
17036.0,1,1,0.9995,Churned
17037.0,0,0,0.0004,Active
17038.0,0,0,0.0004,Active
17039.0,1,1,0.9992,Churned
17040.0,1,1,0.9984,Churned
17041.0,0,0,0.0005,Active
17042.0,0,0,0.0005,Active
17043.0,0,0,0.0005,Active
17044.0,0,0,0.0004,Active
17045.0,1,1,0.9966,Churned
17046.0,1,1,0.9989,Churned
17047.0,0,0,0.0005,Active
17048.0,1,1,0.9475,Churned
17049.0,0,0,0.0004,Active
17050.0,1,1,0.9951,Churned
17051.0,1,1,0.9985,Churned
17052.0,0,0,0.0005,Active
17053.0,1,1,0.9827,Churned
17054.0,0,0,0.0005,Active
17055.0,1,1,0.9995,Churned
17056.0,1,1,0.9995,Churned
17057.0,1,1,0.9995,Churned
17058.0,0,0,0.0006,Active
17059.0,0,0,0.0004,Active
17060.0,1,1,0.9996,Churned
17061.0,0,0,0.0004,Active
17062.0,1,1,0.9994,Churned
17063.0,0,0,0.0007,Active
17064.0,0,0,0.0006,Active
17065.0,1,1,0.9977,Churned
17066.0,1,1,0.9995,Churned
17067.0,1,1,0.9996,Churned
17068.0,0,0,0.0006,Active
17069.0,0,0,0.0005,Active
17070.0,1,1,0.9961,Churned
17071.0,0,0,0.0007,Active
17072.0,1,1,0.9995,Churned
17073.0,0,0,0.0006,Active
17074.0,1,1,0.9995,Churned
17075.0,0,0,0.0006,Active
17076.0,0,0,0.0005,Active
17077.0,1,1,0.9995,Churned
17078.0,0,0,0.0005,Active
17079.0,0,0,0.0006,Active
17080.0,0,0,0.0005,Active
17081.0,0,0,0.0005,Active
17082.0,0,0,0.0004,Active
17083.0,1,1,0.9972,Churned
17084.0,0,0,0.0002,Active
17085.0,1,1,0.9974,Churned
17086.0,0,0,0.0005,Active
17087.0,1,1,0.9996,Churned
17088.0,0,0,0.0004,Active
17089.0,1,1,0.9995,Churned
17090.0,0,0,0.0005,Active
17091.0,0,0,0.0004,Active
17092.0,0,0,0.0004,Active
17093.0,1,1,0.9995,Churned
17094.0,1,1,0.9946,Churned
17095.0,0,0,0.0007,Active
17096.0,0,0,0.0009,Active
17097.0,0,0,0.0006,Active
17098.0,1,1,0.9995,Churned
17099.0,1,1,0.9992,Churned
17100.0,0,0,0.0004,Active
17101.0,0,0,0.0005,Active
17102.0,1,1,0.9994,Churned
17103.0,1,1,0.9994,Churned
17104.0,1,1,0.9992,Churned
17105.0,1,1,0.9986,Churned
17106.0,1,1,0.9991,Churned
17107.0,0,0,0.0004,Active
17108.0,1,1,0.9995,Churned
17109.0,0,0,0.0006,Active
17110.0,1,1,0.9987,Churned
17111.0,0,0,0.0006,Active
17112.0,1,1,0.9995,Churned
17113.0,1,1,0.9989,Churned
17114.0,0,0,0.0006,Active
17115.0,0,0,0.0009,Active
17116.0,1,1,0.9994,Churned
17117.0,1,1,0.9994,Churned
17118.0,1,1,0.9994,Churned
17119.0,0,0,0.0007,Active
17120.0,1,1,0.9989,Churned
17121.0,1,1,0.9994,Churned
17122.0,1,1,0.9977,Churned
17123.0,1,1,0.9989,Churned
17124.0,1,1,0.9987,Churned
17125.0,0,0,0.0006,Active
17126.0,1,1,0.9985,Churned
17127.0,1,1,0.9995,Churned
17128.0,1,1,0.9994,Churned
17129.0,1,1,0.9995,Churned
17131.0,0,0,0.0004,Active
17132.0,1,1,0.9994,Churned
17133.0,0,0,0.0004,Active
17134.0,1,1,0.9977,Churned
17135.0,0,0,0.0005,Active
17136.0,1,1,0.9996,Churned
17137.0,1,1,0.9995,Churned
17138.0,1,1,0.9987,Churned
17139.0,0,0,0.0004,Active
17140.0,1,1,0.9993,Churned
17141.0,1,1,0.9995,Churned
17142.0,1,1,0.9995,Churned
17143.0,1,1,0.9993,Churned
17144.0,0,0,0.0004,Active
17145.0,1,1,0.9965,Churned
17146.0,1,1,0.9976,Churned
17147.0,0,0,0.0007,Active
17148.0,0,0,0.0006,Active
17149.0,1,1,0.9995,Churned
17150.0,1,1,0.9994,Churned
17151.0,1,1,0.9995,Churned
17152.0,1,1,0.9989,Churned
17153.0,0,0,0.0006,Active
17154.0,0,0,0.0006,Active
17155.0,0,0,0.0006,Active
17156.0,1,1,0.9959,Churned
17157.0,0,0,0.0005,Active
17158.0,0,0,0.0004,Active
17159.0,0,0,0.0004,Active
17160.0,0,0,0.0004,Active
17161.0,1,1,0.9991,Churned
17162.0,0,0,0.0006,Active
17163.0,0,0,0.0005,Active
17164.0,0,0,0.0006,Active
17165.0,1,1,0.9984,Churned
17166.0,0,0,0.0011,Active
17167.0,1,1,0.9995,Churned
17168.0,1,1,0.9992,Churned
17169.0,0,0,0.0007,Active
17170.0,1,1,0.9949,Churned
17171.0,1,1,0.9995,Churned
17172.0,0,0,0.0007,Active
17173.0,0,0,0.0004,Active
17174.0,1,1,0.9989,Churned
17175.0,0,0,0.0005,Active
17176.0,1,1,0.9989,Churned
17177.0,1,1,0.9995,Churned
17178.0,1,1,0.9992,Churned
17179.0,1,1,0.9985,Churned
17180.0,0,0,0.0006,Active
17181.0,0,0,0.0006,Active
17182.0,1,1,0.9995,Churned
17183.0,0,0,0.0004,Active
17184.0,1,1,0.9995,Churned
17185.0,1,1,0.9995,Churned
17186.0,0,0,0.0006,Active
17187.0,1,1,0.9991,Churned
17188.0,0,0,0.0005,Active
17189.0,1,1,0.9979,Churned
17190.0,0,0,0.0005,Active
17191.0,0,0,0.0006,Active
17192.0,1,1,0.9995,Churned
17193.0,0,0,0.0005,Active
17194.0,1,1,0.9995,Churned
17195.0,1,1,0.9994,Churned
17196.0,1,1,0.9995,Churned
17197.0,0,0,0.0004,Active
17198.0,0,0,0.0006,Active
17199.0,1,1,0.9996,Churned
17200.0,1,1,0.9996,Churned
17201.0,0,0,0.0005,Active
17202.0,1,1,0.9995,Churned
17203.0,0,0,0.0005,Active
17204.0,1,1,0.9842,Churned
17205.0,0,0,0.0004,Active
17206.0,0,0,0.0006,Active
17207.0,1,1,0.9995,Churned
17208.0,1,1,0.9995,Churned
17209.0,1,1,0.9996,Churned
17210.0,1,1,0.9995,Churned
17211.0,0,0,0.0006,Active
17212.0,1,1,0.9995,Churned
17213.0,0,0,0.0007,Active
17214.0,0,0,0.0006,Active
17215.0,1,1,0.9996,Churned
17216.0,1,1,0.9995,Churned
17217.0,1,1,0.999,Churned
17218.0,0,0,0.0006,Active
17219.0,0,0,0.0006,Active
17220.0,0,0,0.0006,Active
17221.0,0,0,0.0005,Active
17222.0,0,0,0.0006,Active
17223.0,1,1,0.9994,Churned
17224.0,1,1,0.9996,Churned
17225.0,1,1,0.9996,Churned
17226.0,1,1,0.9994,Churned
17227.0,0,0,0.0005,Active
17228.0,0,0,0.0006,Active
17229.0,1,1,0.9943,Churned
17230.0,1,1,0.9991,Churned
17231.0,0,0,0.0006,Active
17232.0,0,0,0.0006,Active
17233.0,0,0,0.0006,Active
17234.0,1,1,0.9987,Churned
17235.0,0,0,0.0005,Active
17236.0,0,0,0.0005,Active
17237.0,0,0,0.0006,Active
17238.0,0,0,0.0006,Active
17239.0,1,1,0.9957,Churned
17240.0,1,1,0.9996,Churned
17241.0,1,1,0.9994,Churned
17242.0,1,1,0.9967,Churned
17243.0,0,0,0.0005,Active
17244.0,0,0,0.0005,Active
17245.0,1,1,0.9991,Churned
17246.0,1,1,0.9996,Churned
17247.0,0,0,0.0006,Active
17248.0,1,1,0.998,Churned
17249.0,1,1,0.9995,Churned
17250.0,0,0,0.0006,Active
17251.0,1,1,0.9986,Churned
17252.0,1,1,0.998,Churned
17253.0,0,0,0.0006,Active
17254.0,0,0,0.0006,Active
17255.0,0,0,0.0006,Active
17256.0,1,1,0.9982,Churned
17257.0,1,1,0.9996,Churned
17258.0,1,1,0.9995,Churned
17259.0,1,1,0.9985,Churned
17260.0,1,1,0.9995,Churned
17261.0,1,1,0.9995,Churned
17262.0,0,0,0.0005,Active
17263.0,1,1,0.9989,Churned
17264.0,1,1,0.9995,Churned
17265.0,1,1,0.9986,Churned
17266.0,0,0,0.0006,Active
17267.0,1,1,0.9982,Churned
17268.0,1,1,0.9982,Churned
17269.0,1,1,0.9992,Churned
17270.0,1,1,0.9996,Churned
17271.0,1,1,0.9995,Churned
17272.0,0,0,0.0004,Active
17273.0,1,1,0.9995,Churned
17274.0,0,0,0.0006,Active
17275.0,1,1,0.9995,Churned
17276.0,1,1,0.9959,Churned
17277.0,1,1,0.9977,Churned
17278.0,1,1,0.9993,Churned
17279.0,0,0,0.0006,Active
17280.0,1,1,0.9995,Churned
17281.0,1,1,0.9995,Churned
17282.0,1,1,0.9989,Churned
17283.0,1,1,0.9996,Churned
17284.0,0,0,0.0006,Active
17285.0,1,1,0.9995,Churned
17286.0,0,0,0.0006,Active
17287.0,0,0,0.0006,Active
17288.0,0,0,0.0005,Active
17289.0,0,0,0.0006,Active
17290.0,0,0,0.0005,Active
17291.0,1,1,0.9989,Churned
17292.0,1,1,0.9996,Churned
17293.0,0,0,0.0005,Active
17294.0,1,1,0.9996,Churned
17295.0,0,0,0.0006,Active
17296.0,1,1,0.9995,Churned
17297.0,0,0,0.0006,Active
17298.0,1,1,0.9976,Churned
17299.0,0,0,0.0005,Active
17300.0,1,1,0.9996,Churned
17301.0,0,0,0.0006,Active
17302.0,0,0,0.0006,Active
17303.0,1,1,0.9994,Churned
17304.0,1,1,0.9996,Churned
17305.0,1,1,0.9992,Churned
17306.0,0,0,0.0004,Active
17307.0,1,1,0.9985,Churned
17308.0,1,1,0.9989,Churned
17309.0,1,1,0.9934,Churned
17310.0,1,1,0.9993,Churned
17311.0,0,0,0.0004,Active
17312.0,1,1,0.999,Churned
17313.0,0,0,0.0003,Active
17314.0,0,0,0.0005,Active
17315.0,0,0,0.0005,Active
17316.0,1,1,0.9995,Churned
17317.0,0,0,0.0005,Active
17318.0,1,1,0.9995,Churned
17319.0,1,1,0.9995,Churned
17320.0,1,1,0.9908,Churned
17321.0,0,0,0.0006,Active
17322.0,1,1,0.9983,Churned
17323.0,0,0,0.0006,Active
17324.0,0,0,0.0005,Active
17325.0,1,1,0.9994,Churned
17326.0,1,1,0.9995,Churned
17327.0,1,1,0.9996,Churned
17328.0,1,1,0.9996,Churned
17329.0,0,0,0.0006,Active
17330.0,0,0,0.0006,Active
17331.0,1,1,0.9978,Churned
17332.0,1,1,0.9996,Churned
17333.0,0,0,0.0005,Active
17334.0,1,1,0.9987,Churned
17335.0,1,1,0.9995,Churned
17336.0,1,1,0.9995,Churned
17337.0,1,1,0.9855,Churned
17338.0,0,0,0.0004,Active
17339.0,1,1,0.8793,Churned
17340.0,0,0,0.0005,Active
17341.0,1,1,0.9985,Churned
17342.0,1,1,0.9972,Churned
17343.0,1,1,0.9994,Churned
17344.0,0,0,0.001,Active
17345.0,0,0,0.0005,Active
17346.0,0,0,0.0006,Active
17347.0,0,0,0.0006,Active
17348.0,0,0,0.0005,Active
17349.0,1,1,0.9989,Churned
17350.0,0,0,0.0005,Active
17351.0,0,0,0.0006,Active
17352.0,1,1,0.9995,Churned
17353.0,1,1,0.9563,Churned
17354.0,0,0,0.0004,Active
17355.0,1,1,0.9996,Churned
17356.0,1,1,0.9995,Churned
17357.0,0,0,0.0006,Active
17358.0,1,1,0.9994,Churned
17359.0,0,0,0.0006,Active
17360.0,0,0,0.0006,Active
17361.0,0,0,0.0006,Active
17362.0,1,1,0.9995,Churned
17363.0,1,1,0.9995,Churned
17364.0,0,0,0.0004,Active
17365.0,0,0,0.0004,Active
17366.0,1,1,0.9953,Churned
17367.0,1,1,0.9996,Churned
17368.0,0,0,0.0005,Active
17369.0,1,1,0.9975,Churned
17370.0,0,0,0.0006,Active
17371.0,0,0,0.0006,Active
17372.0,0,0,0.0006,Active
17373.0,0,0,0.0006,Active
17374.0,1,1,0.9969,Churned
17375.0,1,1,0.9985,Churned
17376.0,0,0,0.0006,Active
17377.0,0,0,0.0006,Active
17378.0,1,1,0.9977,Churned
17379.0,0,0,0.0005,Active
17380.0,1,1,0.999,Churned
17381.0,0,0,0.0004,Active
17382.0,0,0,0.0005,Active
17383.0,0,0,0.0006,Active
17384.0,0,0,0.0005,Active
17385.0,0,0,0.0006,Active
17386.0,0,0,0.0005,Active
17387.0,0,0,0.0005,Active
17388.0,0,0,0.0005,Active
17389.0,0,0,0.0004,Active
17390.0,1,1,0.9995,Churned
17391.0,1,1,0.9989,Churned
17392.0,1,1,0.9995,Churned
17393.0,1,1,0.9995,Churned
17394.0,1,1,0.9991,Churned
17395.0,1,1,0.9996,Churned
17396.0,0,0,0.0005,Active
17397.0,0,0,0.0004,Active
17398.0,1,1,0.998,Churned
17400.0,1,1,0.9974,Churned
17401.0,1,1,0.9995,Churned
17402.0,0,0,0.0005,Active
17403.0,0,0,0.0006,Active
17404.0,0,0,0.0004,Active
17405.0,0,0,0.0005,Active
17406.0,1,1,0.9978,Churned
17407.0,1,1,0.9989,Churned
17408.0,1,1,0.9971,Churned
17409.0,1,1,0.9978,Churned
17410.0,0,0,0.0005,Active
17411.0,0,0,0.0007,Active
17412.0,0,0,0.0005,Active
17413.0,1,1,0.9996,Churned
17414.0,0,0,0.0005,Active
17415.0,0,0,0.0005,Active
17416.0,0,0,0.0004,Active
17417.0,1,1,0.9995,Churned
17418.0,0,0,0.0005,Active
17419.0,0,0,0.0006,Active
17420.0,0,0,0.0006,Active
17421.0,1,1,0.9991,Churned
17422.0,0,0,0.0007,Active
17423.0,0,0,0.0005,Active
17425.0,0,0,0.0005,Active
17426.0,0,0,0.0004,Active
17427.0,0,0,0.0006,Active
17428.0,0,0,0.0004,Active
17429.0,1,1,0.9942,Churned
17430.0,0,0,0.0006,Active
17431.0,1,1,0.9991,Churned
17432.0,0,0,0.0006,Active
17433.0,0,0,0.0006,Active
17434.0,0,0,0.0005,Active
17435.0,1,1,0.9995,Churned
17436.0,0,0,0.0006,Active
17437.0,1,1,0.9993,Churned
17438.0,1,1,0.9994,Churned
17439.0,1,1,0.9996,Churned
17440.0,1,1,0.9906,Churned
17441.0,1,1,0.9995,Churned
17442.0,0,0,0.0006,Active
17443.0,1,1,0.997,Churned
17444.0,1,1,0.9978,Churned
17446.0,1,1,0.9985,Churned
17447.0,0,0,0.0005,Active
17448.0,1,1,0.9995,Churned
17449.0,0,0,0.0006,Active
17450.0,0,0,0.0004,Active
17451.0,0,0,0.0005,Active
17453.0,0,0,0.0006,Active
17454.0,1,1,0.9986,Churned
17455.0,1,1,0.9987,Churned
17456.0,1,1,0.9992,Churned
17457.0,1,1,0.998,Churned
17458.0,0,0,0.0006,Active
17459.0,0,0,0.0005,Active
17460.0,0,0,0.3356,Active
17461.0,0,0,0.0005,Active
17462.0,0,0,0.0008,Active
17463.0,0,0,0.0006,Active
17464.0,1,1,0.9969,Churned
17465.0,1,1,0.9995,Churned
17466.0,0,0,0.0004,Active
17467.0,1,1,0.9995,Churned
17468.0,0,0,0.0006,Active
17469.0,0,0,0.0006,Active
17470.0,0,0,0.0005,Active
17471.0,1,1,0.9995,Churned
17472.0,1,1,0.9986,Churned
17473.0,1,1,0.996,Churned
17474.0,1,1,0.9994,Churned
17475.0,0,0,0.0006,Active
17476.0,1,1,0.9979,Churned
17477.0,1,1,0.9967,Churned
17478.0,1,1,0.9992,Churned
17479.0,1,1,0.9991,Churned
17480.0,0,0,0.0005,Active
17481.0,0,0,0.0005,Active
17482.0,1,1,0.9993,Churned
17483.0,0,0,0.0006,Active
17484.0,1,1,0.9996,Churned
17486.0,1,1,0.999,Churned
17487.0,1,1,0.9995,Churned
17488.0,1,1,0.9995,Churned
17489.0,0,0,0.0005,Active
17490.0,0,0,0.0005,Active
17491.0,0,0,0.0005,Active
17492.0,1,1,0.9989,Churned
17493.0,1,1,0.9995,Churned
17494.0,1,1,0.9995,Churned
17495.0,0,0,0.0006,Active
17496.0,1,1,0.9991,Churned
17497.0,1,1,0.9995,Churned
17498.0,0,0,0.0006,Active
17499.0,1,1,0.9922,Churned
17500.0,0,0,0.0006,Active
17501.0,1,1,0.9988,Churned
17502.0,0,0,0.0006,Active
17503.0,0,0,0.0005,Active
17504.0,1,1,0.9984,Churned
17505.0,1,1,0.9983,Churned
17506.0,0,0,0.0009,Active
17507.0,1,1,0.9994,Churned
17508.0,1,1,0.9994,Churned
17509.0,0,0,0.0004,Active
17510.0,0,0,0.0006,Active
17511.0,0,0,0.0004,Active
17512.0,0,0,0.0005,Active
17513.0,0,0,0.0004,Active
17514.0,1,1,0.9989,Churned
17515.0,0,0,0.0006,Active
17516.0,0,0,0.0006,Active
17517.0,1,1,0.9994,Churned
17518.0,1,1,0.9995,Churned
17519.0,0,0,0.0005,Active
17520.0,0,0,0.0005,Active
17521.0,0,0,0.0006,Active
17522.0,0,0,0.0005,Active
17523.0,0,0,0.0005,Active
17524.0,1,1,0.9987,Churned
17525.0,1,1,0.9994,Churned
17526.0,0,0,0.0005,Active
17527.0,0,0,0.0007,Active
17528.0,0,0,0.0004,Active
17529.0,1,1,0.9991,Churned
17530.0,0,0,0.0006,Active
17531.0,1,1,0.9845,Churned
17532.0,1,1,0.9995,Churned
17533.0,1,1,0.9995,Churned
17534.0,0,0,0.0006,Active
17535.0,1,1,0.9994,Churned
17536.0,1,1,0.9989,Churned
17537.0,0,0,0.0004,Active
17538.0,0,0,0.0006,Active
17539.0,1,1,0.9979,Churned
17540.0,0,0,0.0006,Active
17541.0,1,1,0.9995,Churned
17542.0,1,1,0.9994,Churned
17543.0,1,1,0.9995,Churned
17544.0,1,1,0.9995,Churned
17545.0,0,0,0.0006,Active
17547.0,1,1,0.9967,Churned
17548.0,1,1,0.9881,Churned
17549.0,0,0,0.0006,Active
17550.0,1,1,0.9985,Churned
17551.0,1,1,0.9994,Churned
17552.0,0,0,0.0005,Active
17553.0,1,1,0.9966,Churned
17554.0,0,0,0.0005,Active
17555.0,0,0,0.0006,Active
17556.0,1,1,0.9991,Churned
17557.0,0,0,0.0006,Active
17558.0,1,1,0.9995,Churned
17559.0,1,1,0.9996,Churned
17560.0,1,1,0.9941,Churned
17561.0,0,0,0.0006,Active
17562.0,0,0,0.0005,Active
17563.0,1,1,0.9978,Churned
17564.0,0,0,0.0006,Active
17565.0,1,1,0.9995,Churned
17566.0,0,0,0.0004,Active
17567.0,0,0,0.0004,Active
17568.0,1,1,0.9992,Churned
17569.0,1,1,0.9993,Churned
17570.0,1,1,0.9979,Churned
17571.0,0,0,0.0006,Active
17572.0,0,0,0.0006,Active
17573.0,0,0,0.0006,Active
17574.0,1,1,0.9994,Churned
17575.0,1,1,0.9996,Churned
17576.0,0,0,0.0006,Active
17577.0,1,1,0.9995,Churned
17578.0,1,1,0.9968,Churned
17579.0,0,0,0.0006,Active
17580.0,1,1,0.9994,Churned
17581.0,0,0,0.0005,Active
17582.0,1,1,0.9995,Churned
17583.0,1,1,0.9995,Churned
17584.0,0,0,0.0004,Active
17585.0,1,1,0.9981,Churned
17586.0,1,1,0.9995,Churned
17587.0,1,1,0.9995,Churned
17588.0,1,1,0.9915,Churned
17589.0,0,0,0.0004,Active
17590.0,0,0,0.0006,Active
17591.0,0,0,0.0006,Active
17592.0,1,1,0.9984,Churned
17593.0,0,0,0.0004,Active
17594.0,0,0,0.0004,Active
17595.0,0,0,0.0006,Active
17596.0,0,0,0.0005,Active
17597.0,1,1,0.9951,Churned
17598.0,1,1,0.999,Churned
17599.0,1,1,0.9984,Churned
17600.0,0,0,0.0006,Active
17601.0,1,1,0.9995,Churned
17602.0,0,0,0.0005,Active
17603.0,0,0,0.0004,Active
17604.0,1,1,0.9988,Churned
17605.0,1,1,0.9995,Churned
17606.0,1,1,0.9995,Churned
17607.0,1,1,0.9992,Churned
17608.0,0,0,0.0006,Active
17609.0,0,0,0.0006,Active
17610.0,1,1,0.9963,Churned
17611.0,0,0,0.0006,Active
17612.0,0,0,0.0007,Active
17613.0,0,0,0.0006,Active
17614.0,0,0,0.0003,Active
17615.0,1,1,0.9988,Churned
17616.0,1,1,0.9989,Churned
17617.0,1,1,0.9951,Churned
17618.0,0,0,0.0006,Active
17619.0,1,1,0.9994,Churned
17620.0,0,0,0.0006,Active
17621.0,0,0,0.0004,Active
17622.0,1,1,0.9938,Churned
17623.0,0,0,0.0006,Active
17624.0,0,0,0.0004,Active
17625.0,0,0,0.0005,Active
17626.0,1,1,0.9995,Churned
17627.0,1,1,0.9979,Churned
17628.0,0,0,0.0006,Active
17629.0,0,0,0.0005,Active
17630.0,1,1,0.9986,Churned
17631.0,0,0,0.0006,Active
17633.0,0,0,0.0006,Active
17634.0,0,0,0.0006,Active
17635.0,1,1,0.9982,Churned
17636.0,0,0,0.0009,Active
17637.0,0,0,0.0006,Active
17638.0,1,1,0.9993,Churned
17639.0,1,1,0.9995,Churned
17640.0,0,0,0.0004,Active
17642.0,1,1,0.9976,Churned
17643.0,1,1,0.9994,Churned
17644.0,0,0,0.0005,Active
17646.0,1,1,0.9958,Churned
17647.0,0,0,0.0006,Active
17648.0,0,0,0.0004,Active
17649.0,1,1,0.9868,Churned
17650.0,0,0,0.0006,Active
17651.0,0,0,0.0005,Active
17652.0,0,0,0.0005,Active
17653.0,0,0,0.0005,Active
17654.0,1,1,0.9994,Churned
17655.0,0,0,0.0005,Active
17656.0,0,0,0.0005,Active
17657.0,1,1,0.9995,Churned
17658.0,0,0,0.0007,Active
17659.0,0,0,0.0005,Active
17660.0,1,1,0.9988,Churned
17662.0,1,1,0.9996,Churned
17663.0,0,0,0.0005,Active
17664.0,0,0,0.0006,Active
17665.0,1,1,0.9994,Churned
17666.0,0,0,0.0006,Active
17667.0,0,0,0.0004,Active
17668.0,0,0,0.0006,Active
17669.0,0,0,0.0004,Active
17670.0,1,1,0.9989,Churned
17671.0,0,0,0.0004,Active
17672.0,0,0,0.0004,Active
17673.0,0,0,0.0005,Active
17674.0,0,0,0.0006,Active
17675.0,0,0,0.0004,Active
17676.0,0,0,0.0005,Active
17677.0,0,0,0.0005,Active
17678.0,1,1,0.9955,Churned
17679.0,0,0,0.0007,Active
17680.0,0,0,0.0006,Active
17681.0,1,1,0.9996,Churned
17682.0,0,0,0.0004,Active
17683.0,1,1,0.9995,Churned
17684.0,0,0,0.0006,Active
17685.0,0,0,0.0004,Active
17686.0,0,0,0.0004,Active
17687.0,1,1,0.9992,Churned
17688.0,1,1,0.9979,Churned
17689.0,1,1,0.9994,Churned
17690.0,0,0,0.0006,Active
17691.0,1,1,0.9994,Churned
17692.0,1,1,0.9983,Churned
17693.0,1,1,0.992,Churned
17694.0,1,1,0.9985,Churned
17695.0,1,1,0.9989,Churned
17696.0,0,0,0.0007,Active
17697.0,1,1,0.9614,Churned
17698.0,1,1,0.9994,Churned
17699.0,1,1,0.9996,Churned
17700.0,0,0,0.0004,Active
17701.0,1,1,0.999,Churned
17702.0,0,0,0.0005,Active
17703.0,0,0,0.0005,Active
17704.0,1,1,0.9982,Churned
17705.0,0,0,0.0005,Active
17706.0,0,0,0.0005,Active
17707.0,1,1,0.9989,Churned
17708.0,1,1,0.9986,Churned
17709.0,1,1,0.9986,Churned
17710.0,1,1,0.9995,Churned
17711.0,0,0,0.0006,Active
17712.0,0,0,0.0005,Active
17713.0,1,1,0.9995,Churned
17714.0,1,1,0.9868,Churned
17715.0,1,1,0.9985,Churned
17716.0,0,0,0.0004,Active
17717.0,1,1,0.9991,Churned
17718.0,1,1,0.9904,Churned
17719.0,0,0,0.0005,Active
17720.0,0,0,0.0005,Active
17721.0,1,1,0.9995,Churned
17722.0,1,1,0.9075,Churned
17723.0,1,1,0.9979,Churned
17724.0,0,0,0.0004,Active
17725.0,0,0,0.0005,Active
17726.0,1,1,0.9994,Churned
17727.0,0,0,0.0004,Active
17728.0,0,0,0.0005,Active
17729.0,1,1,0.9992,Churned
17730.0,0,0,0.0005,Active
17731.0,0,0,0.0006,Active
17732.0,1,1,0.9995,Churned
17733.0,0,0,0.0005,Active
17734.0,0,0,0.0006,Active
17735.0,0,0,0.0004,Active
17736.0,0,0,0.0006,Active
17737.0,0,0,0.0006,Active
17738.0,0,0,0.0005,Active
17739.0,0,0,0.0004,Active
17740.0,1,1,0.9996,Churned
17741.0,1,1,0.9996,Churned
17742.0,1,1,0.9963,Churned
17743.0,1,1,0.9974,Churned
17744.0,0,0,0.0005,Active
17745.0,1,1,0.9995,Churned
17746.0,1,1,0.9966,Churned
17747.0,1,1,0.8783,Churned
17748.0,1,1,0.9995,Churned
17749.0,1,1,0.9987,Churned
17750.0,0,0,0.0005,Active
17751.0,1,1,0.9996,Churned
17752.0,1,1,0.9992,Churned
17753.0,1,1,0.9995,Churned
17754.0,0,0,0.0005,Active
17756.0,1,1,0.9994,Churned
17757.0,0,0,0.0005,Active
17758.0,0,0,0.0004,Active
17759.0,0,0,0.0005,Active
17760.0,0,0,0.0005,Active
17761.0,0,0,0.0004,Active
17762.0,1,1,0.9996,Churned
17763.0,1,1,0.9995,Churned
17764.0,0,0,0.0006,Active
17765.0,1,1,0.9987,Churned
17766.0,1,1,0.9995,Churned
17767.0,0,0,0.0006,Active
17768.0,0,0,0.0004,Active
17769.0,0,0,0.0004,Active
17770.0,1,1,0.9989,Churned
17771.0,0,0,0.0006,Active
17772.0,0,0,0.0006,Active
17773.0,1,1,0.9995,Churned
17774.0,1,1,0.9031,Churned
17775.0,1,1,0.9994,Churned
17776.0,1,1,0.9969,Churned
17777.0,0,0,0.0006,Active
17778.0,1,1,0.9996,Churned
17779.0,0,0,0.001,Active
17780.0,1,1,0.9995,Churned
17781.0,1,1,0.9987,Churned
17782.0,1,1,0.9995,Churned
17783.0,0,0,0.0006,Active
17784.0,1,1,0.9995,Churned
17785.0,0,0,0.0006,Active
17786.0,0,0,0.0006,Active
17787.0,1,1,0.9981,Churned
17788.0,0,0,0.0004,Active
17789.0,1,1,0.9995,Churned
17790.0,0,0,0.0006,Active
17791.0,0,0,0.0006,Active
17792.0,1,1,0.9995,Churned
17793.0,0,0,0.0006,Active
17794.0,1,1,0.9996,Churned
17795.0,1,1,0.9987,Churned
17796.0,0,0,0.0006,Active
17797.0,0,0,0.0006,Active
17798.0,1,1,0.9995,Churned
17799.0,0,0,0.0006,Active
17800.0,0,0,0.0006,Active
17801.0,1,1,0.9991,Churned
17802.0,0,0,0.0007,Active
17803.0,1,1,0.9995,Churned
17804.0,1,1,0.9986,Churned
17805.0,0,0,0.0005,Active
17806.0,0,0,0.0005,Active
17807.0,1,1,0.9995,Churned
17808.0,1,1,0.9995,Churned
17809.0,0,0,0.0004,Active
17810.0,1,1,0.9976,Churned
17811.0,0,0,0.0005,Active
17812.0,0,0,0.0006,Active
17813.0,0,0,0.0006,Active
17814.0,1,1,0.9991,Churned
17815.0,1,1,0.9993,Churned
17816.0,0,0,0.0006,Active
17817.0,0,0,0.0006,Active
17818.0,1,1,0.9995,Churned
17819.0,0,0,0.0004,Active
17820.0,1,1,0.9978,Churned
17821.0,1,1,0.9995,Churned
17822.0,1,1,0.9996,Churned
17823.0,1,1,0.9995,Churned
17824.0,0,0,0.0006,Active
17825.0,1,1,0.9996,Churned
17826.0,1,1,0.9994,Churned
17827.0,0,0,0.0006,Active
17828.0,0,0,0.0005,Active
17829.0,1,1,0.9991,Churned
17830.0,0,0,0.0006,Active
17831.0,0,0,0.0006,Active
17832.0,0,0,0.0006,Active
17833.0,1,1,0.9995,Churned
17834.0,1,1,0.9996,Churned
17835.0,0,0,0.0006,Active
17836.0,0,0,0.0006,Active
17837.0,0,0,0.0006,Active
17838.0,0,0,0.0004,Active
17839.0,0,0,0.0007,Active
17840.0,1,1,0.9995,Churned
17841.0,0,0,0.0006,Active
17842.0,1,1,0.9992,Churned
17843.0,1,1,0.9994,Churned
17844.0,1,1,0.9978,Churned
17845.0,1,1,0.9995,Churned
17846.0,0,0,0.0003,Active
17847.0,1,1,0.9995,Churned
17848.0,0,0,0.0005,Active
17849.0,1,1,0.9988,Churned
17850.0,1,1,0.999,Churned
17851.0,1,1,0.9995,Churned
17852.0,0,0,0.0006,Active
17853.0,1,1,0.9991,Churned
17854.0,1,1,0.9985,Churned
17855.0,1,1,0.9994,Churned
17856.0,0,0,0.0005,Active
17857.0,0,0,0.0004,Active
17858.0,0,0,0.0005,Active
17859.0,1,1,0.9994,Churned
17860.0,1,1,0.9995,Churned
17861.0,0,0,0.0005,Active
17862.0,1,1,0.9994,Churned
17863.0,0,0,0.0004,Active
17864.0,0,0,0.0005,Active
17865.0,0,0,0.0004,Active
17866.0,1,1,0.9969,Churned
17867.0,0,0,0.0005,Active
17868.0,1,1,0.9995,Churned
17869.0,1,1,0.9981,Churned
17870.0,0,0,0.0005,Active
17871.0,1,1,0.999,Churned
17872.0,1,1,0.9996,Churned
17873.0,0,0,0.0005,Active
17874.0,1,1,0.9986,Churned
17875.0,1,1,0.9995,Churned
17876.0,1,1,0.9988,Churned
17877.0,1,1,0.9987,Churned
17878.0,0,0,0.0004,Active
17879.0,1,1,0.9988,Churned
17880.0,1,1,0.9994,Churned
17881.0,1,1,0.9994,Churned
17882.0,1,1,0.9994,Churned
17883.0,0,0,0.0006,Active
17884.0,0,0,0.0005,Active
17885.0,0,0,0.0006,Active
17886.0,0,0,0.0005,Active
17887.0,1,1,0.9989,Churned
17888.0,0,0,0.0005,Active
17889.0,1,1,0.9988,Churned
17890.0,1,1,0.9994,Churned
17891.0,1,1,0.9985,Churned
17892.0,0,0,0.0006,Active
17893.0,1,1,0.9991,Churned
17894.0,0,0,0.0006,Active
17895.0,0,0,0.0006,Active
17896.0,0,0,0.0006,Active
17897.0,1,1,0.9985,Churned
17898.0,0,0,0.0006,Active
17899.0,1,1,0.9988,Churned
17900.0,1,1,0.9907,Churned
17901.0,0,0,0.0006,Active
17902.0,1,1,0.9996,Churned
17903.0,1,1,0.9991,Churned
17904.0,0,0,0.0011,Active
17905.0,0,0,0.0005,Active
17906.0,1,1,0.9994,Churned
17907.0,1,1,0.9996,Churned
17908.0,1,1,0.9983,Churned
17909.0,1,1,0.9995,Churned
17910.0,1,1,0.9995,Churned
17911.0,0,0,0.0007,Active
17912.0,1,1,0.9994,Churned
17913.0,0,0,0.0006,Active
17914.0,0,0,0.0006,Active
17915.0,1,1,0.9996,Churned
17916.0,1,1,0.9996,Churned
17917.0,0,0,0.0006,Active
17918.0,1,1,0.9996,Churned
17919.0,0,0,0.0004,Active
17920.0,0,0,0.0005,Active
17921.0,0,0,0.0006,Active
17922.0,1,1,0.9995,Churned
17923.0,1,1,0.9994,Churned
17924.0,0,0,0.0007,Active
17925.0,1,1,0.9994,Churned
17926.0,1,1,0.9989,Churned
17927.0,1,1,0.9995,Churned
17928.0,0,0,0.0006,Active
17929.0,0,0,0.0005,Active
17930.0,0,0,0.0005,Active
17931.0,1,1,0.9986,Churned
17932.0,0,0,0.0004,Active
17933.0,1,1,0.9995,Churned
17934.0,0,0,0.0005,Active
17935.0,1,1,0.9987,Churned
17936.0,0,0,0.0005,Active
17937.0,0,0,0.0004,Active
17938.0,1,1,0.9995,Churned
17939.0,1,1,0.9987,Churned
17940.0,0,0,0.0005,Active
17941.0,1,1,0.9989,Churned
17942.0,0,0,0.0006,Active
17944.0,1,1,0.9995,Churned
17945.0,1,1,0.9995,Churned
17946.0,1,1,0.9989,Churned
17947.0,0,0,0.0006,Active
17948.0,1,1,0.9975,Churned
17949.0,0,0,0.0004,Active
17950.0,0,0,0.0006,Active
17951.0,0,0,0.0005,Active
17952.0,1,1,0.9994,Churned
17953.0,1,1,0.9995,Churned
17954.0,0,0,0.0005,Active
17955.0,1,1,0.9989,Churned
17956.0,1,1,0.9994,Churned
17957.0,0,0,0.0006,Active
17958.0,1,1,0.9977,Churned
17959.0,1,1,0.9996,Churned
17960.0,1,1,0.9987,Churned
17961.0,0,0,0.0006,Active
17962.0,1,1,0.9985,Churned
17963.0,1,1,0.9995,Churned
17964.0,0,0,0.0006,Active
17965.0,0,0,0.0006,Active
17966.0,0,0,0.0005,Active
17967.0,1,1,0.9994,Churned
17968.0,1,1,0.9994,Churned
17969.0,1,1,0.9973,Churned
17970.0,1,1,0.9984,Churned
17971.0,1,1,0.9995,Churned
17972.0,1,1,0.9994,Churned
17973.0,0,0,0.0006,Active
17974.0,0,0,0.0006,Active
17975.0,0,0,0.0006,Active
17976.0,1,1,0.9993,Churned
17977.0,0,0,0.0005,Active
17978.0,1,1,0.9623,Churned
17979.0,0,0,0.0006,Active
17980.0,1,1,0.9989,Churned
17981.0,1,1,0.9996,Churned
17982.0,1,1,0.9996,Churned
17983.0,1,1,0.9995,Churned
17984.0,1,1,0.9986,Churned
17985.0,0,0,0.0003,Active
17986.0,0,0,0.0006,Active
17987.0,1,1,0.9989,Churned
17988.0,0,0,0.0006,Active
17989.0,1,1,0.9996,Churned
17990.0,1,1,0.9994,Churned
17991.0,1,1,0.9988,Churned
17992.0,1,1,0.9995,Churned
17993.0,1,1,0.9995,Churned
17994.0,1,1,0.9983,Churned
17995.0,1,1,0.9995,Churned
17996.0,1,1,0.9995,Churned
17997.0,0,0,0.0007,Active
17998.0,1,1,0.9988,Churned
17999.0,0,0,0.0006,Active
18000.0,1,1,0.9996,Churned
18001.0,0,0,0.0005,Active
18002.0,1,1,0.9994,Churned
18003.0,1,1,0.9994,Churned
18004.0,1,1,0.9994,Churned
18005.0,0,0,0.0006,Active
18006.0,0,0,0.0006,Active
18007.0,1,1,0.9995,Churned
18008.0,0,0,0.0005,Active
18009.0,1,1,0.9906,Churned
18010.0,1,1,0.9994,Churned
18011.0,1,1,0.9994,Churned
18012.0,1,1,0.9996,Churned
18013.0,1,1,0.999,Churned
18014.0,0,0,0.0006,Active
18015.0,0,0,0.0006,Active
18016.0,0,0,0.0005,Active
18017.0,0,0,0.0006,Active
18018.0,1,1,0.9983,Churned
18019.0,0,0,0.0006,Active
18020.0,1,1,0.9984,Churned
18021.0,1,1,0.9995,Churned
18022.0,0,0,0.0006,Active
18024.0,1,1,0.9913,Churned
18025.0,1,1,0.9995,Churned
18026.0,1,1,0.9993,Churned
18027.0,1,1,0.993,Churned
18028.0,1,1,0.9996,Churned
18029.0,1,1,0.9994,Churned
18030.0,0,0,0.001,Active
18031.0,1,1,0.9991,Churned
18032.0,1,1,0.9994,Churned
18033.0,0,0,0.0006,Active
18034.0,0,0,0.0005,Active
18035.0,0,0,0.0005,Active
18036.0,0,0,0.0006,Active
18037.0,1,1,0.9987,Churned
18038.0,1,1,0.9995,Churned
18039.0,1,1,0.9994,Churned
18040.0,0,0,0.0006,Active
18041.0,0,0,0.0005,Active
18042.0,0,0,0.0006,Active
18043.0,0,0,0.0006,Active
18044.0,0,0,0.0006,Active
18045.0,0,0,0.0006,Active
18046.0,1,1,0.9995,Churned
18047.0,1,1,0.9995,Churned
18048.0,1,1,0.9988,Churned
18049.0,1,1,0.9995,Churned
18050.0,1,1,0.9995,Churned
18051.0,1,1,0.9996,Churned
18052.0,1,1,0.9992,Churned
18053.0,0,0,0.0007,Active
18054.0,1,1,0.9995,Churned
18055.0,0,0,0.0004,Active
18056.0,1,1,0.9944,Churned
18057.0,1,1,0.9995,Churned
18058.0,0,0,0.0006,Active
18059.0,0,0,0.0006,Active
18060.0,1,1,0.9993,Churned
18061.0,0,0,0.0005,Active
18062.0,1,1,0.99,Churned
18063.0,1,1,0.9994,Churned
18064.0,1,1,0.995,Churned
18065.0,0,0,0.0006,Active
18066.0,0,0,0.0004,Active
18067.0,0,0,0.0005,Active
18068.0,1,1,0.9994,Churned
18069.0,0,0,0.0004,Active
18070.0,1,1,0.9971,Churned
18071.0,1,1,0.9994,Churned
18072.0,1,1,0.9907,Churned
18073.0,1,1,0.9969,Churned
18074.0,1,1,0.9992,Churned
18075.0,0,0,0.0007,Active
18076.0,1,1,0.9996,Churned
18077.0,0,0,0.0006,Active
18078.0,1,1,0.9988,Churned
18079.0,0,0,0.0004,Active
18080.0,0,0,0.0004,Active
18081.0,0,0,0.0006,Active
18082.0,0,0,0.0003,Active
18083.0,1,1,0.9994,Churned
18084.0,0,0,0.0007,Active
18085.0,1,1,0.9994,Churned
18086.0,1,1,0.9995,Churned
18087.0,1,1,0.9918,Churned
18088.0,0,0,0.0006,Active
18089.0,1,1,0.9992,Churned
18090.0,1,1,0.9996,Churned
18091.0,1,1,0.9995,Churned
18092.0,0,0,0.0004,Active
18093.0,1,1,0.9781,Churned
18094.0,0,0,0.0004,Active
18095.0,1,1,0.9994,Churned
18096.0,0,0,0.0006,Active
18097.0,0,0,0.0004,Active
18098.0,1,1,0.9991,Churned
18099.0,1,1,0.9981,Churned
18100.0,1,1,0.9993,Churned
18101.0,0,0,0.0006,Active
18102.0,0,0,0.0004,Active
18103.0,1,1,0.9995,Churned
18104.0,0,0,0.0003,Active
18105.0,0,0,0.0006,Active
18106.0,1,1,0.9994,Churned
18107.0,1,1,0.9995,Churned
18108.0,1,1,0.9985,Churned
18109.0,0,0,0.0005,Active
18110.0,0,0,0.0011,Active
18111.0,1,1,0.9958,Churned
18112.0,0,0,0.0005,Active
18113.0,1,1,0.9994,Churned
18114.0,1,1,0.9994,Churned
18115.0,1,1,0.9995,Churned
18116.0,0,0,0.0006,Active
18117.0,0,0,0.0006,Active
18118.0,0,0,0.0006,Active
18119.0,1,1,0.9995,Churned
18120.0,1,1,0.9989,Churned
18121.0,1,1,0.9986,Churned
18122.0,0,0,0.0006,Active
18123.0,0,0,0.0005,Active
18124.0,1,1,0.9995,Churned
18125.0,0,0,0.0006,Active
18126.0,0,0,0.0006,Active
18127.0,0,0,0.0006,Active
18128.0,1,1,0.9993,Churned
18129.0,1,1,0.9994,Churned
18130.0,0,0,0.0005,Active
18131.0,1,1,0.9996,Churned
18132.0,1,1,0.9995,Churned
18133.0,1,1,0.9414,Churned
18134.0,1,1,0.9995,Churned
18135.0,0,0,0.0005,Active
18136.0,0,0,0.0007,Active
18137.0,1,1,0.9996,Churned
18138.0,1,1,0.9994,Churned
18139.0,0,0,0.0004,Active
18140.0,1,1,0.9993,Churned
18141.0,1,1,0.9947,Churned
18142.0,1,1,0.9898,Churned
18143.0,1,1,0.9963,Churned
18144.0,0,0,0.0005,Active
18145.0,0,0,0.0004,Active
18146.0,1,1,0.9988,Churned
18147.0,0,0,0.0006,Active
18148.0,1,1,0.9995,Churned
18149.0,0,0,0.0005,Active
18150.0,0,0,0.0006,Active
18151.0,1,1,0.9985,Churned
18152.0,1,1,0.9992,Churned
18153.0,1,1,0.9995,Churned
18154.0,0,0,0.0005,Active
18155.0,0,0,0.0006,Active
18156.0,0,0,0.0006,Active
18157.0,1,1,0.9996,Churned
18158.0,0,0,0.0008,Active
18159.0,1,1,0.999,Churned
18160.0,0,0,0.0006,Active
18161.0,0,0,0.0006,Active
18162.0,1,1,0.9994,Churned
18163.0,1,1,0.9965,Churned
18164.0,0,0,0.0007,Active
18165.0,1,1,0.999,Churned
18166.0,1,1,0.9995,Churned
18167.0,0,0,0.0005,Active
18168.0,1,1,0.995,Churned
18169.0,0,0,0.0006,Active
18170.0,0,0,0.0005,Active
18171.0,0,0,0.0005,Active
18172.0,0,0,0.0005,Active
18173.0,0,0,0.0004,Active
18174.0,0,0,0.0006,Active
18175.0,1,1,0.9995,Churned
18176.0,1,1,0.9934,Churned
18177.0,0,0,0.0005,Active
18178.0,1,1,0.9905,Churned
18179.0,0,0,0.0005,Active
18180.0,0,0,0.0006,Active
18181.0,0,0,0.0006,Active
18182.0,1,1,0.9996,Churned
18183.0,1,1,0.9894,Churned
18184.0,0,0,0.0006,Active
18185.0,1,1,0.9994,Churned
18186.0,1,1,0.9996,Churned
18187.0,1,1,0.9967,Churned
18188.0,0,0,0.0004,Active
18189.0,0,0,0.0005,Active
18190.0,1,1,0.9986,Churned
18191.0,1,1,0.9995,Churned
18192.0,0,0,0.0004,Active
18193.0,1,1,0.99,Churned
18194.0,0,0,0.0004,Active
18195.0,1,1,0.9994,Churned
18196.0,1,1,0.99,Churned
18197.0,1,1,0.998,Churned
18198.0,0,0,0.0005,Active
18199.0,1,1,0.9977,Churned
18200.0,1,1,0.9978,Churned
18201.0,1,1,0.9992,Churned
18202.0,1,1,0.9979,Churned
18203.0,1,1,0.9987,Churned
18204.0,0,0,0.0004,Active
18205.0,0,0,0.0006,Active
18206.0,1,1,0.9994,Churned
18207.0,1,1,0.996,Churned
18208.0,1,1,0.9995,Churned
18209.0,0,0,0.0006,Active
18210.0,0,0,0.0005,Active
18211.0,0,0,0.0006,Active
18212.0,1,1,0.9994,Churned
18213.0,1,1,0.9995,Churned
18214.0,1,1,0.9995,Churned
18215.0,0,0,0.0004,Active
18216.0,0,0,0.0005,Active
18217.0,0,0,0.0007,Active
18218.0,1,1,0.9913,Churned
18219.0,0,0,0.0006,Active
18220.0,1,1,0.9889,Churned
18221.0,0,0,0.0005,Active
18222.0,1,1,0.9825,Churned
18223.0,0,0,0.0005,Active
18224.0,1,1,0.9994,Churned
18225.0,0,0,0.0004,Active
18226.0,0,0,0.0005,Active
18227.0,1,1,0.9928,Churned
18228.0,0,0,0.0005,Active
18229.0,0,0,0.0005,Active
18230.0,0,0,0.0004,Active
18231.0,1,1,0.9989,Churned
18232.0,0,0,0.0006,Active
18233.0,1,1,0.999,Churned
18234.0,1,1,0.9995,Churned
18235.0,0,0,0.0004,Active
18236.0,0,0,0.0006,Active
18237.0,0,0,0.0005,Active
18238.0,1,1,0.9995,Churned
18239.0,1,1,0.9987,Churned
18240.0,0,0,0.0005,Active
18241.0,0,0,0.0006,Active
18242.0,0,0,0.0006,Active
18243.0,1,1,0.9992,Churned
18244.0,1,1,0.9996,Churned
18245.0,0,0,0.0005,Active
18246.0,0,0,0.0006,Active
18247.0,1,1,0.9978,Churned
18248.0,1,1,0.9427,Churned
18249.0,0,0,0.0006,Active
18250.0,1,1,0.9956,Churned
18251.0,0,0,0.0004,Active
18252.0,0,0,0.0005,Active
18253.0,1,1,0.9996,Churned
18254.0,1,1,0.9995,Churned
18255.0,0,0,0.0006,Active
18256.0,1,1,0.9974,Churned
18257.0,0,0,0.0007,Active
18258.0,1,1,0.9991,Churned
18259.0,0,0,0.0004,Active
18260.0,1,1,0.9967,Churned
18261.0,0,0,0.0006,Active
18262.0,1,1,0.9987,Churned
18263.0,0,0,0.0004,Active
18264.0,1,1,0.9992,Churned
18265.0,0,0,0.0004,Active
18266.0,1,1,0.9995,Churned
18267.0,1,1,0.9979,Churned
18268.0,1,1,0.9965,Churned
18269.0,1,1,0.9974,Churned
18270.0,0,0,0.0006,Active
18271.0,1,1,0.9996,Churned
18272.0,0,0,0.0004,Active
18273.0,0,0,0.0006,Active
18274.0,0,0,0.0009,Active
18275.0,1,1,0.9994,Churned
18276.0,0,0,0.0007,Active
18277.0,0,0,0.0009,Active
18278.0,0,0,0.0006,Active
18279.0,1,1,0.9996,Churned
18280.0,1,1,0.9964,Churned
18281.0,1,1,0.9987,Churned
18282.0,0,0,0.0008,Active
18283.0,0,0,0.0006,Active
18284.0,1,1,0.9964,Churned
18285.0,1,1,0.9994,Churned
18286.0,1,1,0.9938,Churned
18287.0,0,0,0.0004,Active
