CustomerID,Recency,Frequency,Monetary,TotalQuantity,AvgQuantity,MaxQuantity,AvgRevenue,MaxRevenue,RevenueSTD,UniqueProducts,AvgProductsPerInvoice,ActiveMonths,PurchaseSpan,WeekendPurchaseRate,CLV,LogCLV,Country,CustomerSegment,PredictedCLV
12346.0,296,17,-51.74000000000524,53,1.127659574468085,74215,-1.1008510638298987,77183.6,16093.922789543458,30,2.2941176470588234,5,400,0.0,0.0,0.0,United Kingdom,At-Risk Customers,280.7299466493298
12347.0,10,7,4696.71,2775,13.151658767772512,240,22.259289099526068,249.6,21.852889706851887,123,30.142857142857142,6,364,0.1895734597156398,224.82,5.419738221752376,Iceland,Regular Customers,332.067793859703
12348.0,45,5,2019.4,2714,53.21568627450981,144,39.596078431372554,240.0,44.20554915747258,25,9.4,4,362,0.058823529411764705,0.0,0.0,Finland,Regular Customers,198.73164301424796
12349.0,378,4,2646.9900000000002,988,9.233644859813085,48,24.738224299065422,250.0,33.135686167039545,92,26.75,4,327,0.0,1757.55,7.472244884833674,Italy,Regular Customers,218.36994306547192
12350.0,280,1,334.4,197,11.588235294117647,24,19.670588235294115,40.0,7.275538185065964,17,17.0,1,0,0.0,0.0,0.0,Norway,VIP Customers,122.27576336438055
12351.0,345,1,300.93,261,12.428571428571429,25,14.33,23.4,4.014716677425693,21,21.0,1,0,0.0,0.0,0.0,Unspecified,VIP Customers,32.19506959952935
12352.0,6,13,1889.21,658,5.823008849557522,24,16.71867256637168,376.5,68.79490953323852,70,8.461538461538462,4,356,0.0,0.0,0.0,Norway,Regular Customers,472.96242083217044
12353.0,174,2,406.76,212,8.833333333333334,12,16.948333333333334,39.8,8.799588758506875,23,12.0,2,204,0.0,0.0,0.0,Bahrain,Regular Customers,167.93757334265786
12354.0,202,1,1079.4,530,9.137931034482758,32,18.610344827586207,54.08,8.679742086377074,58,58.0,1,0,0.0,0.0,0.0,Spain,VIP Customers,135.03713015164493
12355.0,184,2,947.61,543,15.514285714285714,96,27.074571428571428,120.0,22.11047493874355,35,17.5,1,353,0.0,0.0,0.0,Bahrain,Regular Customers,125.36447158023987
12356.0,216,5,6313.38,3411,24.364285714285714,120,45.09557142857143,424.5,60.394685402367784,104,27.8,4,179,0.0,58.35,4.083452121055677,Portugal,Regular Customers,553.8841398970178
12357.0,3,3,18287.66,6587,22.25337837837838,96,61.78263513513514,850.0,79.29144301502787,261,98.66666666666667,1,355,0.44256756756756754,0.0,0.0,Switzerland,Regular Customers,1194.719761392583
12358.0,121,4,3203.87,931,13.3,60,45.769571428571425,297.0,66.09268341702389,56,17.25,4,581,0.0,683.2,6.528250272543504,Austria,Regular Customers,65.14668246718549
12359.0,28,13,8743.59,2519,6.845108695652174,200,23.75975543478261,290.0,27.981102151214493,305,28.153846153846153,7,676,0.17119565217391305,-91.25,,Cyprus,Regular Customers,474.66082959940115
12360.0,22,9,4212.89,2458,11.275229357798166,120,19.325183486238533,160.0,20.36769861178162,160,24.22222222222222,6,603,0.0,0.0,0.0,Austria,Regular Customers,220.23163345266627
12361.0,257,4,511.25,235,8.10344827586207,20,17.629310344827587,33.0,3.8385617945066755,18,7.25,4,394,0.20689655172413793,0.0,0.0,Belgium,Regular Customers,-11.065243754909687
12362.0,6,12,4804.39,1999,8.260330578512397,36,19.852851239669423,130.0,12.520931840735784,183,20.166666666666668,8,702,0.0,480.19,6.176262202504704,Belgium,Regular Customers,188.28991393396734
12363.0,80,2,552.0,408,17.73913043478261,36,24.0,69.36,15.751238912311859,23,11.5,2,132,0.0,0.0,0.0,Unspecified,Regular Customers,242.71798105868464
12364.0,10,3,1002.78,1004,17.310344827586206,180,17.289310344827587,64.8,9.943728846649055,47,19.333333333333332,3,72,0.3793103448275862,310.32,5.740821322091187,Belgium,Regular Customers,288.3843671897239
12365.0,261,3,320.69,173,7.521739130434782,12,13.94304347826087,320.69,96.8437980102158,22,7.666666666666667,1,0,0.0,0.0,0.0,Cyprus,VIP Customers,138.34588565806487
12366.0,604,1,500.24,296,98.66666666666667,104,166.74666666666667,175.76,7.80577563944373,3,3.0,1,0,0.0,0.0,0.0,Cyprus,VIP Customers,-40.040469124721454
12368.0,598,1,917.7,330,18.333333333333332,50,50.983333333333334,119.4,29.271814389392723,18,18.0,1,0,1.0,0.0,0.0,Cyprus,VIP Customers,-32.88044963773879
12369.0,383,3,1791.1499999999999,1241,13.344086021505376,88,19.259677419354837,200.0,24.548899224928196,90,31.0,3,228,0.0,0.0,0.0,Austria,Regular Customers,257.2049062024897
12370.0,21,7,4316.5599999999995,2604,12.955223880597014,288,21.475422885572137,163.2,21.748020069543657,168,28.714285714285715,4,617,0.0,0.0,0.0,Cyprus,Regular Customers,205.70636251824627
12371.0,15,5,4067.38,1436,8.598802395209582,36,24.35556886227545,360.0,33.320323813581346,134,33.4,2,600,0.0,0.0,0.0,Switzerland,Regular Customers,293.20211089745635
12372.0,42,3,1298.04,794,15.26923076923077,36,24.962307692307693,70.8,16.38258168926466,34,17.333333333333332,3,224,0.0,0.0,0.0,Denmark,Regular Customers,216.24525337201658
12373.0,281,3,1127.65,516,10.117647058823529,30,22.110784313725492,80.0,15.199579973556805,36,17.0,2,362,0.0,0.0,0.0,Austria,Regular Customers,101.03391286293447
12374.0,391,3,2246.29,1020,20.4,40,44.9258,200.0,30.52443531644369,47,16.666666666666668,2,166,0.0,742.93,6.6119469443852195,Austria,Regular Customers,289.03685298841134
12375.0,68,1,230.3,87,7.909090909090909,10,20.936363636363637,40.0,10.557961235700077,11,11.0,1,0,0.0,225.12,5.42106583180709,Finland,Regular Customers,316.02462500228523
12376.0,360,2,503.15,240,18.46153846153846,48,38.70384615384615,100.8,30.968118428060155,11,6.5,2,28,0.0,0.0,0.0,Switzerland,VIP Customers,-19.39918450968142
12377.0,285,4,3426.32,2105,13.848684210526315,96,22.54157894736842,80.0,15.27969332002416,129,38.0,4,274,0.0,0.0,0.0,Switzerland,Regular Customers,283.0318891043721
12378.0,100,2,5416.32,3316,11.016611295681063,288,17.994418604651162,69.36,8.561977696625902,281,150.5,2,432,0.0,0.0,0.0,Switzerland,Regular Customers,438.34491777989115
12379.0,52,5,1618.27,814,9.926829268292684,48,19.735,76.2,10.507421275072767,58,16.4,4,452,0.0,0.0,0.0,Belgium,Regular Customers,98.25407807366335
12380.0,16,14,6847.61,3010,11.31578947368421,72,25.742894736842103,1508.65,134.74155564777092,150,19.0,7,616,0.0,1040.39,6.948311638224466,Belgium,Regular Customers,763.0139104618632
12381.0,3,5,1656.95,691,8.226190476190476,36,19.725595238095238,240.0,27.078755259214017,67,16.8,3,86,0.19047619047619047,147.01,4.997279839049098,Norway,Regular Customers,513.8887709773281
12382.0,652,1,-18.38,-1,-1.0,-1,-18.38,-18.38,0.0,1,1.0,1,0,0.0,0.0,0.0,,,-61.5800618206591
12383.0,155,6,1839.31,1529,15.29,144,18.3931,72.0,12.966312817092879,84,16.666666666666668,5,167,0.0,0.0,0.0,Belgium,Regular Customers,279.43262614646153
12384.0,50,2,273.58,57,3.3529411764705883,12,16.09294117647059,80.0,19.195838339567864,14,8.5,2,41,0.0,292.58,5.682150174529087,Switzerland,Regular Customers,282.3735440410155
12385.0,349,2,1923.4,611,9.257575757575758,36,29.142424242424244,270.0,34.695989839687684,65,33.0,1,0,0.0,0.0,0.0,Belgium,VIP Customers,204.8929868082511
12386.0,308,2,401.9,354,35.4,120,40.19,75.0,22.821064830546362,10,5.0,2,29,0.0,0.0,0.0,Australia,VIP Customers,-21.437020667577457
12387.0,385,1,143.94,134,14.88888888888889,24,15.993333333333332,33.9,7.73424850906667,9,9.0,1,0,0.0,0.0,0.0,Australia,VIP Customers,5.217808599013921
12388.0,46,7,3614.71,1777,12.876811594202898,96,26.19355072463768,81.36,16.262776618976293,83,19.714285714285715,6,506,0.15942028985507245,286.4,5.660874973644924,Australia,Regular Customers,118.52480842748244
12389.0,373,3,1433.33,614,12.53061224489796,48,29.251632653061222,204.0,31.130745142258405,41,16.333333333333332,3,253,0.0,0.0,0.0,Australia,Regular Customers,173.63666851398193
12390.0,50,1,549.84,353,11.03125,36,17.1825,45.0,7.172142344268664,32,32.0,1,0,0.0,0.0,0.0,Belgium,VIP Customers,112.29906079773757
12391.0,435,6,2259.58,903,5.016666666666667,72,12.553222222222221,151.2,16.842925595985566,159,28.833333333333332,4,198,0.0,439.66,6.0882736030360425,Cyprus,Regular Customers,346.2898653411837
12392.0,561,1,234.75,73,10.428571428571429,24,33.535714285714285,70.8,25.70656067825414,7,7.0,1,0,0.0,0.0,0.0,Australia,VIP Customers,-32.762444621285994
12393.0,42,7,2376.75,1305,11.651785714285714,48,21.220982142857142,141.6,16.110581602389335,63,15.857142857142858,5,356,0.0,0.0,0.0,Australia,Regular Customers,224.49973591773002
12394.0,34,2,1272.48,819,30.333333333333332,256,47.12888888888889,266.24,64.92458923381407,26,13.5,2,153,0.0,0.0,0.0,Belgium,Regular Customers,252.59806024042237
12395.0,1,16,4437.54,3076,13.43231441048035,120,19.377903930131005,90.0,12.87468885569981,143,14.3125,10,571,0.0,263.28,5.577009147161685,Belgium,Regular Customers,226.8873145061035
12396.0,644,1,931.43,591,9.092307692307692,24,14.329692307692307,19.9,3.5209391366290546,65,65.0,1,0,0.0,0.0,0.0,RSA,VIP Customers,50.5871216025765
12397.0,6,2,2409.9,1263,10.023809523809524,36,19.126190476190477,127.5,15.703009487720134,110,63.0,2,99,0.0,0.0,0.0,Belgium,Regular Customers,463.04061219718164
12398.0,16,1,1635.6599999999999,1394,16.4,36,19.24305882352941,200.0,22.430088742767012,85,85.0,1,0,0.0,0.0,0.0,Switzerland,VIP Customers,271.67862733865377
12399.0,89,7,1962.3,2198,19.98181818181818,108,17.83909090909091,70.2,9.392297795617853,67,15.714285714285714,6,525,0.0,0.0,0.0,Belgium,Regular Customers,53.93015574040618
12400.0,384,1,205.25,91,8.272727272727273,24,18.65909090909091,29.7,5.161628530891107,11,11.0,1,0,0.0,0.0,0.0,Australia,VIP Customers,5.735168224169911
12401.0,273,1,84.3,11,2.2,4,16.86,25.5,5.419340365764086,5,5.0,1,0,0.0,0.0,0.0,Belgium,VIP Customers,17.645001240236496
12402.0,293,7,1244.15,583,8.211267605633802,12,17.52323943661972,35.4,6.566211296075404,43,10.142857142857142,6,347,0.39436619718309857,0.0,0.0,Belgium,Regular Customers,52.63567738460287
12403.0,20,3,1001.36,259,25.9,72,100.136,244.08,93.41009215044997,5,3.3333333333333335,2,471,0.0,0.0,0.0,Denmark,Regular Customers,20.339333758612526
12404.0,652,1,63.24,1,1.0,1,63.24,63.24,0.0,1,1.0,1,0,0.0,0.0,0.0,Finland,VIP Customers,-61.44325002118464
12405.0,119,1,1710.3899999999999,857,15.87037037037037,48,31.673888888888886,320.0,42.769103308331616,54,54.0,1,0,0.0,0.0,0.0,Finland,VIP Customers,239.9158083548829
12406.0,93,6,4278.16,2358,20.68421052631579,200,37.527719298245614,290.0,44.45753278468162,81,18.833333333333332,5,574,0.0,1794.05,7.492788155687635,Denmark,Regular Customers,140.20311775912552
12407.0,20,5,1708.12,1416,18.38961038961039,272,22.18337662337662,90.0,16.695276404955607,57,15.4,4,214,0.19480519480519481,0.0,0.0,Belgium,Regular Customers,217.90230437617546
12408.0,3,14,4279.64,2186,12.858823529411765,64,25.174352941176473,139.8,25.848304463961995,104,12.142857142857142,6,465,0.0,0.0,0.0,Belgium,Regular Customers,337.0999117800592
12409.0,49,13,23090.47,13027,47.893382352941174,240,84.89143382352941,300.0,57.8553471247515,177,20.923076923076923,6,486,0.3235294117647059,0.0,0.0,Switzerland,Regular Customers,1075.072981133672
12410.0,271,4,1001.46,339,8.071428571428571,24,23.844285714285714,160.0,25.202835413738388,36,10.5,2,201,0.3333333333333333,0.0,0.0,Switzerland,Regular Customers,219.145504789817
12411.0,380,1,346.9,138,6.2727272727272725,12,15.768181818181818,59.7,10.704444398011972,22,22.0,1,0,0.0,0.0,0.0,Australia,VIP Customers,36.16058697098245
12412.0,45,8,2581.03,1991,15.198473282442748,48,19.702519083969467,88.5,14.782321996405106,82,16.375,5,464,0.0,0.0,0.0,Denmark,Regular Customers,189.21062910736984
12413.0,37,6,935.5,315,5.943396226415095,24,17.650943396226417,56.0,15.026065463841741,41,8.833333333333334,4,335,0.07547169811320754,0.0,0.0,France,Regular Customers,150.6102233128507
12414.0,187,8,692.41,301,8.135135135135135,48,18.713783783783782,130.0,43.12937329524787,21,4.625,4,246,0.0,0.0,0.0,Austria,Regular Customers,187.1526716214273
12415.0,6,31,137913.89,87889,91.45577523413111,1152,143.51081165452655,1260.0,167.18340155963105,490,31.0,11,492,0.0,5355.4,8.586047386621411,Australia,At-Risk Customers,6089.048342781023
12416.0,627,1,202.56,132,12.0,12,18.414545454545454,25.2,6.88728155898445,11,11.0,1,0,1.0,0.0,0.0,Australia,VIP Customers,-72.19782236649777
12417.0,9,25,6338.93,2686,7.5027932960893855,50,17.70650837988827,84.0,10.691436392935573,263,14.32,10,694,0.11452513966480447,349.78,5.860159246329991,Belgium,Regular Customers,447.1307635675453
12418.0,83,5,2016.95,1087,10.553398058252426,48,19.582038834951458,99.0,18.042837770761185,90,20.6,5,517,0.0,0.0,0.0,Switzerland,Regular Customers,63.16334898728874
12419.0,356,2,503.01,231,9.24,24,20.1204,84.0,17.157376567140638,23,12.5,2,27,0.0,0.0,0.0,Spain,VIP Customers,17.065639056625287
12420.0,34,1,600.39,345,11.89655172413793,96,20.70310344827586,39.8,9.201862041164851,29,29.0,1,0,0.0,0.0,0.0,Cyprus,VIP Customers,93.55496861311454
12421.0,85,7,914.35,570,9.827586206896552,48,15.764655172413793,56.0,10.982783531033204,39,8.285714285714286,5,390,0.25862068965517243,178.48000000000002,5.190063781107782,Spain,Regular Customers,78.8057408758007
12422.0,66,21,4119.35,2591,14.721590909090908,288,23.405397727272728,662.25,86.09341561590138,137,8.380952380952381,10,625,0.11931818181818182,0.0,0.0,Switzerland,Regular Customers,335.48971031866074
12423.0,69,10,2403.55,1578,10.590604026845638,36,16.131208053691278,60.0,9.036143110560461,119,14.9,9,367,0.0,208.64,5.345391773933965,Belgium,Regular Customers,188.40731290211332
12424.0,133,7,3289.7799999999997,2015,20.77319587628866,144,33.91525773195876,306.0,41.150448865838214,80,13.857142857142858,3,569,0.0,0.0,0.0,Australia,Regular Customers,192.19904835612547
12425.0,48,3,1680.81,1103,11.610526315789473,48,17.692736842105262,70.8,13.136559221298858,87,31.666666666666668,2,370,0.0,0.0,0.0,Portugal,Regular Customers,214.75056070342546
12426.0,165,3,1311.41,577,7.036585365853658,25,15.992804878048782,72.0,11.601885252761617,73,27.333333333333332,3,468,0.36585365853658536,0.0,0.0,Germany,Regular Customers,57.65197368001597
12427.0,30,3,529.13,184,6.571428571428571,12,18.8975,68.0,19.877852672053184,24,9.333333333333334,2,311,0.0,179.24,5.194289296123989,Germany,Regular Customers,145.29274967093187
12428.0,79,11,7468.86,3353,11.764912280701754,48,26.20652631578947,551.2,44.35514389961797,252,25.90909090909091,4,175,0.03508771929824561,408.34000000000003,6.014546106551303,Finland,Regular Customers,915.3466887087285
12429.0,143,8,5248.49,2258,17.77952755905512,120,41.32669291338583,252.0,39.539281413433194,107,15.875,5,373,0.0,905.52,6.8096130928307295,Denmark,Regular Customers,350.97647550925797
12430.0,13,1,256.4,117,10.636363636363637,24,23.30909090909091,47.8,14.033241574593843,11,11.0,1,0,0.0,0.0,0.0,Norway,VIP Customers,160.21118569470485
12431.0,6,33,10293.66,4532,11.415617128463476,336,25.928614609571788,601.44,42.99595187481376,244,12.030303030303031,11,658,0.07556675062972293,0.0,0.0,Australia,Regular Customers,788.6090653978727
12432.0,13,5,5059.32,1801,16.675925925925927,96,46.845555555555556,700.0,75.6796474737069,107,21.6,2,129,0.0,0.0,0.0,Norway,Regular Customers,785.0876961031013
12433.0,13,8,11159.76,9007,21.143192488262912,120,26.196619718309858,124.95,24.033582824255298,268,53.25,5,433,0.0,5481.98,8.609404027759242,Norway,Regular Customers,856.8773572631048
12434.0,55,5,1062.48,511,6.905405405405405,24,14.357837837837838,47.6,9.346682990892935,62,14.8,5,296,0.0,0.0,0.0,Australia,Regular Customers,155.177092515822
12435.0,50,6,13925.93,4958,44.267857142857146,480,124.33866071428572,1008.0,138.95051116871076,88,18.666666666666668,5,657,0.0,0.0,0.0,Denmark,Regular Customers,521.5101988511102
12436.0,70,1,509.01,211,13.1875,24,31.813125,80.0,18.84557161731459,16,16.0,1,0,0.0,0.0,0.0,Norway,VIP Customers,170.54697218634027
12437.0,6,44,11737.94,7717,13.904504504504505,120,21.149441441441443,234.0,18.604426122514468,264,12.613636363636363,11,700,0.04684684684684685,656.91,6.489068143854836,France,Regular Customers,1011.0781234350529
12438.0,110,1,890.0699999999999,586,11.959183673469388,48,18.16469387755102,120.0,15.826934071128138,49,49.0,1,0,0.0,2016.78,7.609753176140044,Norway,Regular Customers,480.7672722328109
12439.0,653,3,1089.18,448,6.054054054054054,24,14.71864864864865,35.4,8.274136519005179,69,24.666666666666668,2,43,0.0,0.0,0.0,Cyprus,VIP Customers,20.037028393012832
12440.0,427,3,768.15,308,8.8,16,21.947142857142858,80.0,22.831355448081453,21,11.666666666666666,2,260,0.0,0.0,0.0,Austria,Regular Customers,111.8813645388004
12441.0,337,1,173.55,121,11.0,25,15.77727272727273,23.25,4.004083143265361,11,11.0,1,0,0.0,0.0,0.0,France,VIP Customers,22.634607391222097
12443.0,702,1,485.31,182,8.666666666666666,27,23.11,120.0,23.904962037200562,21,21.0,1,0,0.0,0.0,0.0,Norway,VIP Customers,67.66633266716035
12444.0,29,4,4068.82,913,6.429577464788732,24,28.65366197183099,320.0,35.83339091162532,113,35.5,4,112,0.0,936.64,6.843366080028787,Norway,Regular Customers,595.2669408163366
12445.0,370,2,293.08,142,6.761904761904762,12,13.956190476190475,30.0,7.3483600049197895,20,10.5,2,20,0.0,133.4,4.900820428089049,Spain,Regular Customers,244.29122551362855
12446.0,27,1,1002.31,351,6.157894736842105,12,17.58438596491228,38.25,6.1193332437750865,57,57.0,1,0,0.0,0.0,0.0,RSA,VIP Customers,161.65202832261724
12447.0,213,1,476.49,190,7.3076923076923075,12,18.326538461538462,45.0,7.176101973805942,26,26.0,1,0,1.0,0.0,0.0,Belgium,VIP Customers,39.231499868370776
12448.0,14,1,449.45,243,11.045454545454545,24,20.429545454545455,84.0,19.12305152907218,22,22.0,1,0,0.0,0.0,0.0,Spain,VIP Customers,111.98398329628418
12449.0,62,5,3493.18,1758,12.380281690140846,144,24.599859154929575,165.0,26.051238845208363,93,28.4,4,346,0.3380281690140845,1342.71,7.203189723991054,Belgium,Regular Customers,260.9594192099362
12450.0,126,7,666.95,435,10.875,40,16.673750000000002,66.0,12.026538749568465,31,5.714285714285714,5,318,0.425,0.0,0.0,Spain,Regular Customers,100.89671866250993
12451.0,35,8,11358.39,8406,18.474725274725273,144,24.963494505494506,244.8,20.690999455472895,310,56.875,6,463,0.0,1188.14,7.0809856357643115,Switzerland,Regular Customers,782.5491062590346
12453.0,104,1,707.09,473,11.0,25,16.443953488372095,30.0,5.037722056802528,43,43.0,1,0,0.0,0.0,0.0,Austria,VIP Customers,120.93004401168166
12454.0,23,9,4292.71,2232,31.0,576,59.62097222222222,950.4,460.9665520546215,25,8.0,3,628,0.0,0.0,0.0,Spain,Regular Customers,94.9839949321497
12455.0,43,10,5879.95,3302,14.54625550660793,288,25.902863436123347,350.4,32.364456484457826,199,22.7,8,648,0.0,0.0,0.0,Cyprus,Regular Customers,262.60443045993287
12456.0,14,4,3153.89,1616,12.527131782945736,72,24.44875968992248,280.0,34.171185435606596,105,32.25,4,210,0.3488372093023256,0.0,0.0,Switzerland,Regular Customers,389.9743608940828
12457.0,28,14,2472.31,937,10.184782608695652,100,26.872934782608695,196.35,53.55762562624462,63,6.571428571428571,4,376,0.0,0.0,0.0,Switzerland,Regular Customers,315.7624148909856
12458.0,41,4,1777.49,986,11.738095238095237,72,21.160595238095237,80.0,15.245058638602702,71,21.0,4,416,0.0,0.0,0.0,Switzerland,Regular Customers,112.59646403603494
12459.0,575,1,454.36,258,11.217391304347826,48,19.754782608695653,56.0,9.623899167066622,23,23.0,1,0,0.0,0.0,0.0,Spain,VIP Customers,-4.782206219852952
12460.0,426,1,326.65,170,9.444444444444445,25,18.147222222222222,30.0,4.924920788321557,18,18.0,1,0,0.0,0.0,0.0,Belgium,VIP Customers,11.525309526934223
12461.0,64,2,826.88,287,8.2,24,23.62514285714286,200.0,32.83688746905623,35,17.5,2,60,0.0,0.0,0.0,Switzerland,VIP Customers,93.96921710075216
12462.0,265,2,741.31,283,6.431818181818182,24,16.847954545454545,168.0,24.259797405119045,40,22.0,1,8,0.0,382.7,5.949860997252907,Spain,Regular Customers,372.420643051782
12463.0,16,7,1303.6299999999999,757,8.602272727272727,24,14.813977272727271,36.0,9.236384143454327,66,12.571428571428571,4,195,0.0,0.0,0.0,Belgium,Regular Customers,299.882219804794
12464.0,76,6,780.55,81,3.857142857142857,12,37.16904761904762,104.65,23.38247995931182,6,3.5,4,203,0.0,431.5,6.069582326371934,Belgium,Regular Customers,191.08259277104693
12465.0,139,1,440.94,294,11.307692307692308,48,16.959230769230768,40.8,6.927938754392636,26,26.0,1,0,0.0,292.95,5.683409684848264,Belgium,Regular Customers,325.1530242297554
12466.0,652,1,56.73,1,1.0,1,56.73,56.73,0.0,1,1.0,1,0,0.0,0.0,0.0,France,VIP Customers,-53.07921708350685
12467.0,356,2,0.0,0,0.0,25,0.0,23.4,15.826782958754741,9,9.0,2,37,0.0,0.0,0.0,USA,VIP Customers,-37.524637053197466
12468.0,113,10,3624.55,2184,13.39877300613497,48,22.236503067484662,270.0,29.457517737858115,130,16.3,5,546,0.15950920245398773,0.0,0.0,Germany,Regular Customers,278.5729574401782
12469.0,493,2,3070.54,2552,33.578947368421055,288,40.40184210526316,360.0,68.99477421197496,76,38.0,2,14,0.0,0.0,0.0,Thailand,VIP Customers,179.16403391678594
12470.0,660,1,211.95,95,4.130434782608695,12,9.215217391304348,20.65,4.907888705085107,23,23.0,1,0,0.0,0.0,0.0,Unspecified,VIP Customers,-29.657545601153544
12471.0,1,122,33023.82,14285,12.12648556876061,100,28.033803056027164,876.0,55.339695036175854,240,9.647540983606557,12,706,0.038200339558573854,4896.19,8.496416850214501,Germany,Regular Customers,3079.3670041567325
12472.0,1,37,15447.69,9978,10.339896373056995,48,16.0079689119171,126.0,16.118399412002482,400,26.08108108108108,12,700,0.11709844559585492,0.0,0.0,Germany,Regular Customers,1129.2750350896156
12473.0,24,5,2797.27,2337,13.666666666666666,96,16.358304093567252,126.0,14.682843411151497,139,34.2,3,138,0.0,40.460000000000036,3.7247291070076343,Germany,Regular Customers,493.29391828613507
12474.0,7,51,10832.77,7043,10.133812949640287,100,15.586719424460432,72.0,12.010100307459023,339,13.627450980392156,12,629,0.060431654676258995,1115.98,7.018383893805948,Germany,Regular Customers,1114.3790965200094
12475.0,24,2,1149.64,771,12.639344262295081,100,18.846557377049184,54.0,9.509110348370468,54,30.5,1,356,0.0,0.0,0.0,Germany,Regular Customers,169.8520525037011
12476.0,16,34,11828.48,4919,10.290794979079498,100,24.745774058577403,216.0,25.561881976807243,319,14.058823529411764,10,455,0.07322175732217573,1855.6399999999999,7.526523681492985,Germany,Regular Customers,1019.8878235749835
12477.0,26,11,18135.95,5613,10.650853889943074,120,34.41356736242884,390.0,40.11093313339244,291,47.90909090909091,8,566,0.0,2037.6899999999998,7.620062723704488,Germany,Regular Customers,855.2699536696538
12480.0,113,7,4298.42,2336,11.395121951219512,300,20.96790243902439,318.0,25.623947496132455,146,29.285714285714285,5,364,0.0,1136.68,7.036746380064441,Germany,Regular Customers,353.23950765826805
12481.0,36,17,11854.35,6867,18.45967741935484,100,31.866532258064517,306.0,31.716457886724346,240,21.88235294117647,9,541,0.20698924731182797,186.8,5.235377566774162,Germany,Regular Customers,719.805889508702
12482.0,420,32,21893.53,27039,130.6231884057971,1440,105.76584541062802,874.84,137.09983074895993,42,6.46875,4,204,0.24154589371980675,0.0,0.0,Sweden,VIP Customers,1336.8793098334352
12483.0,1,25,4496.75,2015,14.392857142857142,60,32.11964285714286,200.0,31.366146104586473,68,5.6,9,646,0.17142857142857143,326.72,5.792159585273614,Sweden,Regular Customers,282.6948983927476
12484.0,3,16,6287.8,3255,6.78125,126,13.099583333333333,196.0,17.7617595211568,330,28.75,9,704,0.2625,0.0,0.0,Spain,Regular Customers,420.2235861093109
12485.0,499,1,708.1,414,12.176470588235293,30,20.826470588235296,76.2,15.104591090600907,34,34.0,1,0,0.0,0.0,0.0,Sweden,VIP Customers,42.175016780494275
12486.0,402,1,1037.28,523,10.673469387755102,72,21.168979591836734,120.0,16.24287141652428,49,49.0,1,0,0.0,0.0,0.0,Sweden,VIP Customers,93.38514001855901
12487.0,701,2,259.8,144,48.0,144,86.60000000000001,208.8,117.4760826721763,3,1.5,1,0,0.0,0.0,0.0,Sweden,VIP Customers,-83.95071737113838
12488.0,10,2,767.45,259,9.25,36,27.40892857142857,84.75,21.00579538009129,26,14.0,2,36,0.75,531.21,6.2770381482956585,France,Regular Customers,309.0455395630283
12489.0,306,1,334.93,105,7.0,24,22.328666666666667,36.0,8.673208227200645,15,15.0,1,0,0.0,0.0,0.0,France,VIP Customers,36.47772270536115
12490.0,7,19,8586.74,5139,12.688888888888888,240,21.201827160493828,171.84,15.045491680917165,177,21.31578947368421,11,701,0.16049382716049382,1231.9,7.117124396874507,France,Regular Customers,347.1033146873326
12491.0,9,1,460.4,260,10.0,72,17.707692307692305,46.8,9.367493712916943,25,25.0,1,0,0.0,0.0,0.0,France,VIP Customers,105.52947279148188
12492.0,33,3,715.21,444,10.571428571428571,25,17.028809523809525,72.0,10.902773243622848,38,14.0,3,340,0.0,0.0,0.0,Germany,Regular Customers,127.10779995737713
12493.0,136,3,416.79,206,8.956521739130435,36,18.121304347826086,36.0,9.502547650904335,20,7.666666666666667,2,31,0.0,0.0,0.0,France,VIP Customers,57.667917739286004
12494.0,10,15,1581.22,823,7.764150943396227,48,14.917169811320756,54.0,9.944306603203088,76,7.066666666666666,7,536,0.24528301886792453,104.7,4.660604892876192,France,Regular Customers,130.5983904007437
12495.0,605,2,323.4,126,6.631578947368421,12,17.021052631578947,80.0,18.98520853914578,17,9.5,1,5,0.0,0.0,0.0,Sweden,VIP Customers,-0.739617486841297
12496.0,590,2,45.34,30,3.0,12,4.534000000000001,10.2,3.347885568202381,10,5.0,1,0,0.0,0.0,0.0,Spain,VIP Customers,-25.049749125814827
12497.0,52,4,6211.75,5684,98.0,480,107.09913793103448,338.0,80.70677886884194,42,14.5,4,600,0.0,0.0,0.0,Germany,Regular Customers,135.47202023797823
12498.0,28,1,247.25,69,5.3076923076923075,12,19.01923076923077,36.0,6.626541910552419,13,13.0,1,0,0.0,156.45,5.059107947547034,Germany,VIP Customers,80.57686028635686
12499.0,530,1,393.72,302,11.185185185185185,48,14.582222222222223,36.0,7.239477952562673,27,27.0,1,0,0.0,0.0,0.0,Germany,VIP Customers,4.058007967574127
12500.0,6,24,5255.2699999999995,2783,18.43046357615894,288,34.80311258278145,624.0,66.9163411351361,89,6.291666666666667,10,637,0.059602649006622516,617.04,6.426553180282218,Germany,Regular Customers,379.37878510279245
12501.0,285,2,2089.68,1722,10.7625,60,13.0605,144.0,12.69544135487099,149,80.0,1,21,0.0,0.0,0.0,Germany,VIP Customers,290.03376476295716
12502.0,66,5,3723.87,820,5.578231292517007,48,25.332448979591835,196.0,29.728509806771058,102,29.4,5,214,0.0,0.0,0.0,Spain,Regular Customers,358.57666211574553
12503.0,308,2,0.0,560,186.66666666666666,560,0.0,896.0,1030.4348596587754,3,1.5,2,246,0.0,0.0,0.0,Spain,VIP Customers,-426.95615944285146
12504.0,387,2,297.0,368,33.45454545454545,96,27.0,52.8,14.521983335619138,8,5.5,2,179,0.0,114.0,4.74493212836325,Germany,Regular Customers,110.84305779241006
12505.0,271,3,908.0,313,6.659574468085107,24,19.319148936170212,168.0,24.993654745171106,43,15.666666666666666,3,107,0.0,0.0,0.0,Italy,VIP Customers,25.437404189013535
12506.0,203,1,73.5,23,1.0,1,3.1956521739130435,7.95,2.086586656124731,23,23.0,1,0,0.0,0.0,0.0,France,VIP Customers,61.97785077330452
12507.0,104,5,1797.31,1245,24.9,144,35.9462,208.8,43.7121228638613,46,10.0,3,450,0.0,0.0,0.0,Spain,Regular Customers,121.91054124770497
12509.0,254,1,176.5,55,7.857142857142857,10,25.214285714285715,49.5,18.9161684431977,7,7.0,1,0,0.0,0.0,0.0,France,VIP Customers,34.173648550143106
12510.0,113,16,3689.33,2018,13.103896103896103,144,23.95668831168831,975.11,114.83791728837203,94,9.625,6,592,0.0,0.0,0.0,Spain,Regular Customers,462.8942390103124
12511.0,385,2,3065.77,1748,9.010309278350515,48,15.802938144329897,88.8,8.181156038146835,190,97.0,1,14,0.0,0.0,0.0,Greece,VIP Customers,329.1822963084743
12512.0,36,2,132.18,96,3.096774193548387,25,4.263870967741935,10.5,2.920629700845755,31,15.5,1,0,0.0,0.0,0.0,Israel,VIP Customers,104.00473808264908
12513.0,55,2,586.79,456,12.666666666666666,25,16.299722222222222,54.0,12.17523023803683,35,18.0,2,28,0.0,0.0,0.0,France,VIP Customers,96.0340926802983
12514.0,237,2,1597.76,840,10.0,24,19.02095238095238,101.88,13.268638958270511,76,42.0,1,374,0.0,0.0,0.0,Italy,Regular Customers,187.98924657539453
12515.0,323,1,383.7,131,8.1875,24,23.98125,105.0,22.111873695671594,16,16.0,1,0,0.0,0.0,0.0,Italy,VIP Customers,45.46717712345108
12516.0,48,4,2648.62,1952,26.37837837837838,144,35.792162162162164,180.0,30.087925001193632,49,18.5,4,521,0.17567567567567569,0.0,0.0,Germany,Regular Customers,76.85206310683927
12517.0,44,3,1938.65,1044,5.092682926829268,16,9.456829268292683,90.0,8.641131416202416,181,66.0,3,116,0.0,505.0,6.226536669287466,Germany,Regular Customers,479.9706704084823
12518.0,29,3,1230.79,806,10.605263157894736,25,16.194605263157893,54.0,8.983671030009871,60,25.333333333333332,3,51,0.23684210526315788,826.1,6.717925606697861,Germany,Regular Customers,354.4578013592944
12519.0,34,3,685.19,380,9.268292682926829,48,16.711951219512198,54.0,11.711800719682733,34,13.666666666666666,3,413,0.0,0.0,0.0,Germany,Regular Customers,59.007121971202054
12520.0,49,6,2582.5099999999998,1430,9.225806451612904,24,16.661354838709677,90.0,12.585900794215856,121,25.833333333333332,4,194,0.0,0.0,0.0,Germany,Regular Customers,399.5648813926813
12521.0,113,1,599.68,309,8.131578947368421,20,15.781052631578946,54.0,8.921051867890215,38,38.0,1,0,0.0,0.0,0.0,Germany,VIP Customers,114.1120230294106
12522.0,9,2,192.72,194,16.166666666666668,100,16.06,20.0,4.292248827829067,11,6.0,1,12,0.0,0.0,0.0,Germany,VIP Customers,65.56478074425974
12523.0,9,28,3957.83,2162,8.71774193548387,50,15.958991935483871,90.0,10.117135711854436,166,8.857142857142858,12,699,0.06451612903225806,243.22,5.498069458404876,France,Regular Customers,282.7159076130365
12524.0,34,17,10783.56,7063,29.676470588235293,432,45.309075630252096,367.2,52.53082753332588,157,14.0,9,605,0.13865546218487396,307.8,5.732693818150621,Germany,Regular Customers,499.9647380102549
12525.0,461,8,835.18,487,6.324675324675325,25,10.846493506493506,90.0,14.119635429003951,56,9.625,5,244,0.0,0.0,0.0,France,Regular Customers,167.37519022931096
12526.0,24,2,1039.58,544,9.379310344827585,24,17.923793103448276,72.0,8.733170849081668,54,29.0,2,40,0.0,277.08,5.627908842077027,Germany,Regular Customers,372.5321162725595
12527.0,52,5,735.51,526,16.4375,48,22.9846875,85.0,18.552842228022726,26,6.4,5,447,0.0,0.0,0.0,Germany,Regular Customers,11.672745693750954
12528.0,34,7,1550.68,599,7.216867469879518,25,18.68289156626506,59.4,11.746690196019877,47,11.857142857142858,5,249,0.0,371.6,5.920505458167488,Germany,Regular Customers,223.09984357970765
12529.0,493,2,311.78,190,8.26086956521739,25,13.555652173913042,22.5,6.303740466859164,21,11.5,2,5,0.0,0.0,0.0,France,VIP Customers,-8.543448187955107
12530.0,30,12,3689.86,2698,16.65432098765432,288,22.776913580246916,165.0,20.74856361963882,94,13.5,6,582,0.10493827160493827,0.0,0.0,Germany,Regular Customers,161.24317912281523
12531.0,651,2,1773.83,1059,9.129310344827585,25,15.291637931034483,162.0,15.538021414188039,110,58.0,1,5,0.0,125.22,4.838026416156094,Germany,Regular Customers,423.4728000216378
12533.0,589,6,1149.99,568,6.311111111111111,25,12.777666666666667,108.0,17.64347229768282,63,15.0,3,119,0.0,0.0,0.0,Germany,VIP Customers,18.269651514911544
12534.0,101,1,1089.18,651,10.333333333333334,25,17.28857142857143,108.0,13.107948691309758,63,63.0,1,0,0.0,0.0,0.0,Germany,VIP Customers,182.72382148718953
12535.0,62,2,716.35,219,6.4411764705882355,24,21.069117647058825,44.55,8.924090775398799,28,17.0,2,94,0.0,0.0,0.0,France,VIP Customers,36.84571295588365
12536.0,13,4,4279.71,2801,10.69083969465649,48,16.334770992366412,4161.06,630.9459027740351,260,65.5,1,15,0.0,-172.89,,France,VIP Customers,1687.0769457647925
12537.0,379,1,732.9399999999999,449,10.44186046511628,24,17.045116279069767,120.0,16.83166635387186,43,43.0,1,0,0.0,0.0,0.0,Sweden,VIP Customers,94.44105430380787
12538.0,348,1,276.5,145,11.153846153846153,36,21.26923076923077,52.2,12.811982322249788,13,13.0,1,0,0.0,363.95,5.899760357897641,Spain,Regular Customers,264.58574818112476
12539.0,232,7,8448.24,4088,8.848484848484848,48,18.286233766233767,178.5,82.888717781489,248,66.0,4,454,0.0,1050.66,6.958125147142896,Spain,Regular Customers,541.8575051743727
12540.0,1,35,21219.02,10609,14.183155080213904,160,28.367673796791443,232.0,29.1157129438865,351,21.37142857142857,12,700,0.0374331550802139,888.27,6.790400901438736,Spain,Regular Customers,1219.5460594384274
12541.0,143,2,536.14,419,14.964285714285714,36,19.14785714285714,30.6,7.313443915472512,27,14.0,2,107,0.39285714285714285,445.03999999999996,6.100408634097161,Spain,Regular Customers,229.9333191315501
12542.0,454,4,423.38,514,11.422222222222222,48,9.408444444444445,23.4,9.294430872975777,39,11.25,3,156,0.0,0.0,0.0,Spain,Regular Customers,160.79710520491642
12543.0,418,1,980.25,688,16.0,100,22.796511627906977,140.0,21.756368513032264,43,43.0,1,0,0.0,0.0,0.0,Spain,VIP Customers,83.19881160693001
12544.0,6,1,372.7,136,7.157894736842105,12,19.61578947368421,56.0,10.293882927787461,19,19.0,1,0,0.0,-17.0,,Spain,VIP Customers,102.29074561347605
12545.0,45,2,1000.39,523,10.46,36,20.0078,84.0,14.49607340078051,42,25.0,2,184,0.32,0.0,0.0,Spain,Regular Customers,244.97492665484563
12546.0,17,3,1141.5,617,8.814285714285715,96,16.307142857142857,84.0,11.245509009282184,59,23.333333333333332,2,31,0.0,0.0,0.0,Spain,Regular Customers,387.8487311371988
12547.0,168,3,383.58,309,14.714285714285714,24,18.265714285714285,30.6,7.777704398746827,13,7.0,3,302,0.0,0.0,0.0,Spain,Regular Customers,77.52459807607303
12548.0,136,1,95.19999999999999,49,9.8,12,19.04,28.0,5.1154667431232514,5,5.0,1,0,1.0,0.0,0.0,Spain,VIP Customers,10.748201092548555
12549.0,546,6,1575.6799999999998,1366,27.877551020408163,288,32.156734693877546,302.4,44.388458352920736,38,8.166666666666666,2,121,0.0,0.0,0.0,USA,VIP Customers,41.94836089561879
12550.0,49,1,964.83,569,9.982456140350877,25,16.92684210526316,140.0,17.690194838414094,57,57.0,1,0,0.0,0.0,0.0,Spain,VIP Customers,189.41808903076392
12551.0,328,1,168.0,100,10.0,10,16.8,19.5,3.1989581637360205,10,10.0,1,0,0.0,0.0,0.0,Spain,VIP Customers,16.47838281447011
12552.0,9,2,437.82,88,4.4,25,21.891,120.0,23.762512249782276,20,10.0,2,0,0.0,0.0,0.0,Italy,VIP Customers,100.57818251577726
12553.0,28,14,3757.41,1890,9.043062200956937,48,17.97803827751196,108.0,11.809933094257373,102,14.928571428571429,8,365,0.10526315789473684,791.41,6.675078934633711,France,Regular Customers,329.84576162682686
12554.0,419,1,468.5,240,9.23076923076923,25,18.01923076923077,84.0,14.524496252352966,26,26.0,1,0,0.0,0.0,0.0,Spain,VIP Customers,42.23446287069464
12555.0,652,1,129.23,1,1.0,1,129.23,129.23,0.0,1,1.0,1,0,0.0,0.0,0.0,Spain,VIP Customers,-61.30121142431378
12556.0,20,2,599.56,355,2.9831932773109244,24,5.038319327731092,23.6,3.861140237166213,100,57.0,2,100,0.0,0.0,0.0,Spain,Regular Customers,356.0406335198559
12557.0,128,7,15106.14,5462,111.46938775510205,360,308.2885714285714,1350.0,373.65139341370053,15,7.0,6,564,0.2857142857142857,2990.0,8.003363058629947,Spain,Regular Customers,506.8583336732063
12559.0,281,3,536.21,281,12.772727272727273,36,24.37318181818182,106.2,26.412560393433964,21,7.333333333333333,2,8,0.0,0.0,0.0,Germany,VIP Customers,57.962085242069435
12560.0,71,3,1403.69,788,9.493975903614459,48,16.911927710843376,144.0,18.386721644273045,78,27.666666666666668,2,42,0.0,697.7,6.549221465558405,Germany,Regular Customers,429.80290114244485
12561.0,273,1,238.85,177,11.0625,25,14.928125,23.6,4.683017857108812,16,16.0,1,0,0.0,0.0,0.0,Germany,VIP Customers,35.62449672215146
12562.0,26,7,3692.65,1789,10.77710843373494,144,22.24487951807229,153.0,17.893670244918482,90,23.714285714285715,6,379,0.0,1274.27,7.150913199879429,France,Regular Customers,244.3730321142546
12563.0,379,1,249.24,113,8.692307692307692,12,19.172307692307694,45.0,13.15337355576264,13,13.0,1,0,0.0,0.0,0.0,Italy,VIP Customers,15.388074985328103
12564.0,231,1,456.9,133,6.333333333333333,12,21.757142857142856,54.0,8.372563611497464,21,21.0,1,0,0.0,0.0,0.0,France,VIP Customers,71.45415529150787
12565.0,252,2,131.17,75,7.5,12,13.116999999999999,19.8,10.861336167034576,9,5.0,2,7,0.0,0.0,0.0,Saudi Arabia,VIP Customers,7.737249270242302
12566.0,43,2,346.7,264,13.2,48,17.335,54.0,10.93619124500703,19,10.0,1,13,0.0,0.0,0.0,Germany,VIP Customers,93.68629986311561
12567.0,66,16,9900.14,4314,8.732793522267206,48,20.04076923076923,171.8,18.58857225485651,315,30.875,7,570,0.29959514170040485,1551.3,7.3474929810323975,France,Regular Customers,675.0557294737151
12568.0,615,1,70.0,48,9.6,25,14.0,21.3,5.291030145444269,5,5.0,1,0,0.0,0.0,0.0,Germany,VIP Customers,-51.36607877893735
12569.0,6,24,2924.95,1249,9.462121212121213,48,22.15871212121212,126.0,15.87609722867062,66,5.5,8,215,0.045454545454545456,1140.04,7.039695406215166,Germany,Regular Customers,513.3443693252301
12570.0,652,1,77.52,1,1.0,1,77.52,77.52,0.0,1,1.0,1,0,0.0,0.0,0.0,Spain,VIP Customers,-61.41251337679435
12571.0,10,2,519.61,523,15.382352941176471,36,15.28264705882353,30.0,6.172507623041566,31,17.0,2,81,0.0,0.0,0.0,France,VIP Customers,57.310006935485525
12572.0,18,2,517.04,291,7.657894736842105,25,13.606315789473683,54.0,11.507225795959833,36,19.0,1,4,0.05263157894736842,487.68,6.191707878535859,Germany,Regular Customers,377.5117537741785
12573.0,197,5,717.41,479,4.025210084033613,36,6.028655462184874,60.84,8.4351187712665,107,23.4,4,237,0.17647058823529413,0.0,0.0,France,Regular Customers,235.92665412439334
12574.0,286,1,218.45,61,5.545454545454546,12,19.85909090909091,36.0,6.252552206172219,11,11.0,1,0,0.0,0.0,0.0,France,VIP Customers,36.24340624609429
12575.0,427,2,622.82,315,8.289473684210526,36,16.39,36.0,5.740447764812475,34,19.0,2,69,0.0,0.0,0.0,France,VIP Customers,-12.667089931004483
12576.0,6,11,2083.87,1479,10.061224489795919,48,14.175986394557823,80.0,8.622610342761712,114,13.363636363636363,5,490,0.0,0.0,0.0,Poland,Regular Customers,230.44848846838462
12577.0,5,9,1554.7,1185,3.963210702341137,48,5.199665551839465,40.8,7.325026505794217,259,32.888888888888886,3,700,0.0,0.0,0.0,France,Regular Customers,229.3605200240863
12578.0,287,6,3386.6,1886,13.766423357664234,300,24.71970802919708,216.0,28.15784265271938,110,22.833333333333332,4,126,0.0,1185.85,7.079058017626961,Italy,Regular Customers,384.18063458409813
12579.0,43,3,410.72,278,8.96774193548387,25,13.249032258064517,54.0,11.174558710105352,29,10.333333333333334,1,4,0.0,0.0,0.0,France,VIP Customers,141.42022312119278
12580.0,217,2,1052.9,569,9.810344827586206,30,18.153448275862072,54.0,7.136518771886486,52,29.0,2,329,0.0,0.0,0.0,Germany,Regular Customers,133.3801207257663
12581.0,10,1,197.71,161,10.733333333333333,25,13.180666666666667,19.8,3.7756219292165567,15,15.0,1,0,0.0,0.0,0.0,Germany,VIP Customers,82.88299632555947
12582.0,209,4,1980.4,985,9.563106796116505,48,19.22718446601942,153.0,18.234646424604577,88,25.75,4,338,0.0,0.0,0.0,Finland,Regular Customers,196.72429568890792
12583.0,2,29,12396.55,7900,18.990384615384617,360,29.799399038461537,166.6,21.420311807983282,135,14.344827586206897,12,702,0.17548076923076922,1092.49,6.99712969512759,France,Regular Customers,560.2542207420433
12584.0,10,13,1550.25,281,3.021505376344086,12,16.669354838709676,84.0,17.64389805880995,39,7.153846153846154,6,239,0.12903225806451613,343.7,5.84267447352282,Italy,Regular Customers,288.758768013186
12585.0,204,4,1982.81,1258,12.969072164948454,192,20.441340206185565,138.24,22.876466284010537,77,24.25,3,117,0.0,0.0,0.0,Germany,Regular Customers,324.8777302962802
12586.0,339,4,1848.73,606,7.214285714285714,24,22.008690476190477,119.6,17.710349419978687,76,21.0,3,354,0.0,196.94,5.287963954468545,Italy,Regular Customers,156.76300634334123
12588.0,9,5,938.98,434,9.041666666666666,24,19.562083333333334,80.0,15.656408103914258,31,9.6,4,558,0.0,0.0,0.0,Finland,Regular Customers,-13.423602051496886
12589.0,115,10,2578.99,1146,6.128342245989304,25,13.79139037433155,1055.75,111.46187232862496,107,18.7,4,544,0.0,515.18,6.2464555418613115,France,Regular Customers,492.3294034472656
12590.0,160,5,9853.48,4277,59.40277777777778,600,136.8538888888889,523.0,96.49349060079396,70,14.4,4,416,0.0,0.0,0.0,Germany,VIP Customers,105.13022789636656
12591.0,287,3,1338.95,653,9.602941176470589,24,19.69044117647059,112.0,16.658217588784645,63,22.666666666666668,3,91,0.07352941176470588,0.0,0.0,Italy,VIP Customers,55.11769850702048
12592.0,62,8,1152.62,1872,22.285714285714285,48,13.721666666666666,715.02,137.26635418910737,42,10.5,3,427,0.0,0.0,0.0,Germany,Regular Customers,351.7414754960191
12593.0,79,3,418.1,206,9.80952380952381,12,19.90952380952381,39.5,7.060304863241017,14,7.0,2,110,0.0,0.0,0.0,France,VIP Customers,17.787325450069837
12594.0,8,17,5044.51,2743,13.57920792079208,100,24.97282178217822,85.92,15.82975711771634,78,11.882352941176471,10,608,0.0,0.0,0.0,Italy,Regular Customers,163.67454765743793
12595.0,475,1,299.02,271,14.263157894736842,48,15.737894736842104,30.0,6.3924526495855245,19,19.0,1,0,0.0,0.0,0.0,Germany,VIP Customers,0.29199927127649516
12596.0,21,2,618.27,474,17.555555555555557,96,22.898888888888887,112.0,22.139078629520753,25,13.5,2,190,0.0,0.0,0.0,Spain,Regular Customers,217.52034216713926
12597.0,2,4,3477.17,2110,10.445544554455445,72,17.21371287128713,280.0,25.67063968559015,178,50.5,4,236,0.5742574257425742,205.96,5.332525537877774,Spain,Regular Customers,476.83511609851166
12598.0,41,12,3337.73,2135,13.34375,48,20.8608125,108.0,17.83141352054635,111,13.333333333333334,5,577,0.0,1076.94,6.982807091292856,France,Regular Customers,238.29936064636732
12599.0,97,12,2121.18,1982,16.65546218487395,48,17.825042016806723,63.9,10.170360798388918,42,9.916666666666666,7,451,0.23529411764705882,175.54,5.173547479592087,France,Regular Customers,139.37482008743953
12600.0,54,25,4499.71,1213,9.4031007751938,48,34.88147286821705,237.6,34.85297245888737,50,5.16,11,648,0.17829457364341086,379.58,5.941696404873861,Germany,Regular Customers,194.0737290395492
12601.0,160,7,673.76,289,8.257142857142858,36,19.250285714285713,75.6,12.9990039178832,24,5.0,6,214,0.17142857142857143,0.0,0.0,Germany,Regular Customers,138.37583563729922
12602.0,29,1,153.12,162,13.5,20,12.76,23.9,4.742312439383055,12,12.0,1,0,0.0,0.0,0.0,France,VIP Customers,85.91128490454028
12604.0,49,2,254.17999999999998,201,12.5625,24,15.886249999999999,30.0,6.3282550254131404,15,8.0,2,182,0.0,0.0,0.0,France,Regular Customers,198.01242751465747
12605.0,335,5,1225.45,925,11.708860759493671,25,15.512025316455697,39.6,9.086682898721346,63,15.8,4,93,0.3924050632911392,0.0,0.0,Germany,VIP Customers,19.01537300046317
12606.0,652,1,21.0,1,1.0,1,21.0,21.0,0.0,1,1.0,1,0,0.0,0.0,0.0,Spain,VIP Customers,-61.53416849870885
12607.0,28,2,-7.105427357601002e-15,0,0.0,36,-3.51753829584208e-17,39.6,16.77383341881601,101,101.0,1,2,0.0,0.0,0.0,USA,VIP Customers,188.30319266105448
12608.0,375,1,415.79,323,20.1875,96,25.986875,162.24,39.97519843081874,16,16.0,1,0,1.0,0.0,0.0,United Kingdom,VIP Customers,-11.46029572904854
12609.0,48,10,3417.86,1552,8.818181818181818,48,19.419659090909093,90.0,10.624007847336133,129,17.6,9,641,0.09659090909090909,0.0,0.0,Germany,Regular Customers,46.2147140933001
12610.0,14,5,1839.79,867,8.757575757575758,25,18.583737373737375,160.0,18.715529379933123,83,19.8,2,82,0.0,218.2,5.389984555073861,Italy,Regular Customers,471.2095001526653
12611.0,22,1,1193.32,846,13.015384615384615,200,18.35876923076923,144.0,16.95708263784011,65,65.0,1,0,0.0,0.0,0.0,Italy,VIP Customers,173.3251536947444
12612.0,28,2,643.59,251,11.952380952380953,36,30.64714285714286,62.55,26.425612035080125,19,10.5,2,16,0.0,0.0,0.0,Germany,VIP Customers,68.78283958330846
12613.0,1,13,6573.82,4037,11.667630057803468,288,18.999479768786127,126.0,16.031924609512632,219,26.46153846153846,9,694,0.0,0.0,0.0,Germany,Regular Customers,244.99367749458992
12614.0,248,1,315.6,76,3.8,12,15.780000000000001,22.95,2.840700432528643,20,20.0,1,0,0.0,0.0,0.0,Germany,VIP Customers,46.98393687446682
12615.0,7,10,5142.03,3046,11.806201550387597,96,19.9303488372093,171.84,16.942098977891494,196,25.8,7,701,0.0,422.85,6.049379619054415,France,Regular Customers,237.80938788538745
12616.0,55,7,1045.35,481,8.152542372881356,24,17.71779661016949,63.6,15.90705157749084,32,8.428571428571429,4,303,0.0,0.0,0.0,France,Regular Customers,187.66413479644595
12619.0,4,12,2989.25,3053,35.5,288,34.758720930232556,389.68,70.16856979985056,47,7.166666666666667,7,526,0.16279069767441862,365.7,5.90454407507728,Germany,Regular Customers,174.29393263290007
12620.0,51,2,939.32,740,12.982456140350877,48,16.479298245614036,40.0,6.918993490914578,56,28.5,2,123,0.0,400.09000000000003,5.9941858410266695,France,Regular Customers,308.34357757922277
12621.0,23,42,22316.22,12403,17.769340974212035,600,31.97166189111748,390.0,43.76297968513328,305,16.61904761904762,11,616,0.07593123209169055,1798.48,7.4952530132589334,Germany,Regular Customers,1366.5895700210524
12622.0,202,1,180.1,69,6.2727272727272725,12,16.37272727272727,25.5,4.623276091494192,11,11.0,1,0,0.0,0.0,0.0,Germany,VIP Customers,41.62709879329833
12623.0,246,9,3639.84,1965,11.228571428571428,48,20.799085714285717,180.0,18.535808316981356,112,19.444444444444443,6,420,0.10285714285714286,0.0,0.0,Germany,Regular Customers,250.36435771540837
12624.0,76,2,641.13,355,9.342105263157896,24,16.87184210526316,36.0,7.714713164962045,36,19.0,2,71,0.0,0.0,0.0,France,VIP Customers,58.52515085578231
12625.0,182,5,5095.38,3274,17.414893617021278,96,27.10308510638298,175.2,26.931223118650127,145,37.6,5,384,0.31382978723404253,0.0,0.0,Germany,Regular Customers,330.04134693056005
12626.0,13,12,6136.38,3227,10.976190476190476,48,20.872040816326532,144.0,21.929624980686516,225,24.5,6,283,0.0,251.97,5.533270904621604,Germany,Regular Customers,624.1211443527255
12627.0,34,6,3911.55,2443,12.154228855721392,200,19.460447761194033,108.0,12.184617609859883,143,33.5,4,76,0.18407960199004975,566.98,6.342086206833614,Germany,Regular Customers,517.1655668428036
12628.0,3,2,571.21,301,10.75,40,20.400357142857143,50.0,8.552519872179262,26,14.0,2,31,0.39285714285714285,198.4,5.295312857527738,Germany,Regular Customers,308.83688569486657
12629.0,356,2,1558.22,722,16.044444444444444,48,34.62711111111111,240.0,51.8788226465474,40,22.5,2,37,0.0,0.0,0.0,Sweden,VIP Customers,96.31641226682535
12630.0,14,1,701.79,284,8.114285714285714,24,20.051142857142857,120.0,17.852684552029864,35,35.0,1,0,0.0,569.09,6.345794243101376,Finland,VIP Customers,147.85177220296654
12631.0,27,7,3452.27,1593,8.564516129032258,24,18.56059139784946,160.0,14.73991918180679,131,26.571428571428573,5,635,0.15053763440860216,0.0,0.0,Finland,Regular Customers,149.46083981596485
12632.0,491,4,738.88,668,17.57894736842105,100,19.44421052631579,70.8,20.403591712374848,32,9.5,2,44,0.0,0.0,0.0,Germany,VIP Customers,10.99824020030377
12633.0,29,10,5595.21,3207,10.246006389776358,200,17.876070287539935,214.2,20.772284254787923,220,31.3,7,466,0.0,0.0,0.0,Germany,Regular Customers,409.3278795310699
12634.0,506,2,490.0,337,16.85,24,24.5,130.0,25.739422968218268,20,10.0,1,12,0.0,0.0,0.0,USA,VIP Customers,36.316960996474734
12635.0,60,4,2930.41,1949,10.888268156424582,100,16.37100558659218,126.0,11.484555681776888,159,44.75,3,367,0.3407821229050279,0.0,0.0,Germany,Regular Customers,321.27342614673955
12636.0,709,1,141.0,1,1.0,1,141.0,141.0,0.0,1,1.0,1,0,0.0,0.0,0.0,USA,VIP Customers,-72.16370842109055
12637.0,37,14,8215.16,4245,6.868932038834951,48,13.293139158576052,108.0,12.553219253662482,295,42.642857142857146,8,476,0.0,0.0,0.0,France,Regular Customers,617.0285668906198
12638.0,3,2,921.49,663,13.8125,32,19.197708333333335,160.0,24.994863152220436,47,24.0,2,606,0.8125,0.0,0.0,Sweden,Regular Customers,-18.121538918858533
12639.0,209,3,1312.37,631,9.859375,36,20.50578125,120.0,16.517846702806654,58,21.333333333333332,3,389,0.0,0.0,0.0,Sweden,Regular Customers,111.09166850731802
12640.0,52,1,764.59,246,5.857142857142857,12,18.20452380952381,90.0,12.543512014988107,42,42.0,1,0,0.0,409.99,6.01856888329999,France,VIP Customers,153.40792169857593
12641.0,85,1,185.9,72,7.2,24,18.59,40.0,8.260037664697554,10,10.0,1,0,0.0,0.0,0.0,Sweden,VIP Customers,62.66027872702793
12642.0,21,2,658.41,385,11.0,24,18.811714285714285,69.36,13.314243254702015,31,17.5,2,57,0.0,354.85,5.87450929374528,Germany,Regular Customers,320.441077721174
12643.0,98,14,7835.3,4357,79.21818181818182,576,142.46,835.2,183.59918631305206,14,3.9285714285714284,8,482,0.0,0.0,0.0,France,Regular Customers,328.2275278218831
12644.0,100,6,1815.54,1001,8.138211382113822,36,14.760487804878048,70.8,11.946515292291236,106,20.5,4,564,0.056910569105691054,0.0,0.0,Germany,Regular Customers,84.61473021712115
12645.0,4,10,3499.1,2089,12.815950920245399,36,21.46687116564417,70.8,14.320388966434042,111,16.3,8,635,0.08588957055214724,0.0,0.0,Germany,Regular Customers,78.29342393601544
12646.0,19,1,731.69,489,20.375,48,30.487083333333334,81.36,19.94435879252395,24,24.0,1,0,0.0,615.28,6.423701405713574,USA,VIP Customers,117.3095016213284
12647.0,48,44,16392.84,6427,12.218631178707223,293,31.165095057034222,571.35,42.62224014012374,241,11.954545454545455,12,617,0.11977186311787072,321.15,5.775017275584651,Germany,Regular Customers,1150.620822337525
12648.0,125,5,1097.0,514,7.787878787878788,48,16.62121212121212,44.75,9.269585421839203,38,13.2,5,546,0.0,0.0,0.0,Germany,Regular Customers,-55.81626640339695
12649.0,77,10,2258.5,1942,15.918032786885245,120,18.512295081967213,79.2,14.793259062739722,94,12.2,6,588,0.0,0.0,0.0,Germany,Regular Customers,82.78521140245536
12651.0,305,5,365.3,262,8.1875,12,11.415625,19.8,5.715378765706073,30,6.4,4,130,0.28125,0.0,0.0,France,VIP Customers,-60.42352422590531
12652.0,292,3,1011.58,533,9.87037037037037,24,18.732962962962965,126.0,17.4118074912345,51,18.0,2,112,0.0,0.0,0.0,France,VIP Customers,59.13690454203246
12653.0,119,3,4160.83,1681,19.546511627906977,48,48.38174418604651,350.4,53.50152967998667,76,28.666666666666668,2,378,0.0,0.0,0.0,Israel,Regular Customers,332.87532934178614
12654.0,7,4,508.98,215,6.515151515151516,12,15.423636363636364,25.2,4.297320980987615,28,8.25,3,258,0.0,93.0,4.543294782270004,Germany,Regular Customers,170.86837576278958
12655.0,394,1,261.35,80,5.0,12,16.334375,20.1,2.5314500949719174,16,16.0,1,0,0.0,0.0,0.0,France,VIP Customers,20.54085002350562
12656.0,2,11,5735.03,2666,11.848888888888888,100,25.48902222222222,255.0,28.663693560041565,157,20.454545454545453,8,530,0.2088888888888889,585.75,6.374598834731133,France,Regular Customers,324.7202732728264
12657.0,12,2,660.9399999999999,264,9.10344827586207,36,22.79103448275862,75.6,16.13203143368311,29,14.5,2,36,0.0,491.12,6.198722589191968,France,Regular Customers,335.15115097014086
12661.0,406,1,162.0,216,19.636363636363637,24,14.727272727272727,17.4,2.119004912259954,11,11.0,1,0,0.0,0.0,0.0,Sweden,VIP Customers,4.302161469683767
12662.0,23,19,6013.19,3042,8.59322033898305,60,16.98641242937853,54.0,9.052242447326018,143,18.63157894736842,11,564,0.11581920903954802,674.5,6.515453157400254,Germany,Regular Customers,289.2604601010666
12663.0,595,3,204.0,169,15.363636363636363,96,18.545454545454547,52.8,21.989025155125162,9,3.6666666666666665,2,43,0.0,0.0,0.0,Germany,VIP Customers,-78.39353191586662
12664.0,6,10,4852.04,1203,30.075,72,121.301,270.0,90.11093094568183,10,4.0,7,690,0.1,1200.0,7.0909098220799835,Finland,Regular Customers,-22.830275976678223
12665.0,295,5,301.45,157,7.476190476190476,24,14.354761904761904,30.6,10.7242587711448,13,4.2,3,344,0.0,0.0,0.0,Germany,Regular Customers,48.07835820101863
12666.0,329,2,1020.98,314,9.515151515151516,32,30.938787878787878,202.5,61.34961464618053,31,16.5,2,34,0.0,0.0,0.0,Israel,VIP Customers,56.50324832052607
12667.0,28,1,620.13,395,11.969696969696969,24,18.791818181818183,160.0,26.117632029740165,33,33.0,1,0,0.0,0.0,0.0,Finland,VIP Customers,154.63944143829673
12668.0,219,10,10465.55,4725,9.45,72,20.931099999999997,288.0,23.144581826549643,258,49.9,7,428,0.466,853.51,6.750528205237315,Germany,Regular Customers,643.0806269487263
12669.0,121,4,1607.73,1114,10.92156862745098,36,15.762058823529411,1136.3,160.34258125970842,98,25.5,3,105,0.0,0.0,0.0,France,Regular Customers,690.5522225681209
12670.0,69,5,2398.71,991,12.234567901234568,48,29.613703703703703,79.6,15.738471371486847,54,16.2,5,567,0.0,1351.68,7.209843088741519,France,Regular Customers,15.492176021276379
12671.0,576,1,2622.48,1460,32.44444444444444,200,58.27733333333333,204.0,47.03051284200309,45,45.0,1,0,0.0,0.0,0.0,Germany,VIP Customers,91.73717595415897
12672.0,300,3,410.5,131,5.24,15,16.42,47.7,13.302787928350456,22,8.333333333333334,2,265,0.0,0.0,0.0,France,Regular Customers,122.35307468215532
12673.0,297,2,840.4,520,9.454545454545455,36,15.28,59.4,10.651102359919442,52,27.5,2,75,0.0,389.62,5.967735220408745,Germany,Regular Customers,281.39880146948974
12674.0,7,6,1925.21,1104,12.404494382022472,48,21.631573033707866,89.7,20.237954829460037,52,14.833333333333334,4,171,0.0,-2.95,,France,Regular Customers,328.4027788926222
12675.0,524,4,933.55,334,2.9298245614035086,24,8.189035087719297,84.0,9.937078768880468,111,28.5,2,24,0.0,0.0,0.0,Italy,VIP Customers,124.26168178273977
12676.0,41,11,2591.43,1798,17.98,72,25.914299999999997,120.0,22.349779889771003,63,9.090909090909092,6,412,0.26,181.66,5.207626501263533,Sweden,Regular Customers,211.20258106483553
12677.0,525,3,389.3,174,7.565217391304348,12,16.92608695652174,47.7,11.181741098419998,14,7.666666666666667,3,176,0.0,0.0,0.0,France,VIP Customers,-138.57727574281174
12678.0,12,23,33851.13,22233,58.354330708661415,912,88.84811023622046,1632.48,120.10118927540546,199,16.565217391304348,12,658,0.047244094488188976,0.0,0.0,France,Regular Customers,1767.7568216471934
12679.0,22,9,1058.67,530,9.464285714285714,72,18.90482142857143,76.32,19.133280476324863,45,6.222222222222222,4,231,0.0,0.0,0.0,France,Regular Customers,276.697447179346
12680.0,43,3,613.36,338,9.135135135135135,36,16.5772972972973,36.0,6.444853523311211,29,12.333333333333334,2,39,0.1891891891891892,267.45,5.592664676868578,France,Regular Customers,329.0957620509672
12681.0,1,52,27772.92,15976,11.50179985601152,120,19.994902807775375,126.0,16.138045658005034,448,26.71153846153846,11,695,0.12455003599712024,1745.32,7.465265995666107,France,Regular Customers,1888.6986118491561
12682.0,8,47,20633.9,9478,10.519422863485017,216,22.90110987791343,386.64,21.492924336734173,299,19.170212765957448,12,700,0.04661487236403995,2228.22,7.709407027483593,France,Regular Customers,1365.79364464054
12683.0,6,25,10558.039999999999,6456,13.677966101694915,100,22.36872881355932,175.2,23.6898687187016,232,18.88,10,689,0.1292372881355932,797.48,6.682709920378331,France,Regular Customers,642.2775092168223
12684.0,34,5,1627.24,1459,21.144927536231883,144,23.583188405797102,93.6,16.29994717537034,38,13.8,3,149,0.0,656.39,6.488277449675421,France,Regular Customers,316.259913183133
12685.0,21,5,2449.96,1320,9.777777777777779,36,18.14785185185185,90.0,10.985694523196647,104,27.0,2,42,0.1037037037037037,413.12,6.026155786897912,France,Regular Customers,526.2924600366584
12686.0,342,1,89.14,107,15.285714285714286,24,12.734285714285715,18.0,3.9516868007761663,7,7.0,1,0,0.0,0.0,0.0,France,VIP Customers,14.843622784479699
12687.0,451,2,2138.91,1403,11.134920634920634,48,16.97547619047619,280.0,24.09380397055287,126,63.0,1,0,0.0,0.0,0.0,Sweden,VIP Customers,284.41696577019945
12688.0,84,1,4873.81,3028,17.707602339181285,100,28.50181286549708,135.0,25.909800727775,171,171.0,1,0,0.0,0.0,0.0,Israel,VIP Customers,451.6631836543935
12689.0,98,1,511.03,281,8.264705882352942,12,15.030294117647058,36.0,5.981573972091352,34,34.0,1,0,0.0,736.58,6.603374556907305,France,Regular Customers,360.60213185742964
12690.0,176,1,389.01,106,6.625,12,24.313125,54.0,13.081858542144026,16,16.0,1,0,0.0,0.0,0.0,France,VIP Customers,70.4774940723473
12691.0,28,6,994.0,348,9.405405405405405,36,26.864864864864863,99.6,22.426227406224076,24,6.166666666666667,4,362,0.16216216216216217,176.4,5.178407069875479,France,Regular Customers,123.0303226774827
12692.0,607,1,110.95,36,2.769230769230769,5,8.534615384615385,31.75,7.68974925402276,13,13.0,1,0,0.0,0.0,0.0,France,VIP Customers,-22.804202548698385
12693.0,91,11,1640.42,524,6.313253012048193,24,19.76409638554217,91.8,17.55908840042703,63,7.545454545454546,7,401,0.13253012048192772,0.0,0.0,Germany,Regular Customers,135.90945103844453
12694.0,40,4,1839.45,1353,16.107142857142858,40,21.898214285714285,72.0,13.853761279597778,69,21.0,3,350,0.0,0.0,0.0,France,Regular Customers,218.3969256431742
12695.0,36,6,1322.02,440,7.857142857142857,36,23.607499999999998,70.8,13.24385033961732,44,9.333333333333334,6,599,0.0,85.1,4.455509411433685,France,Regular Customers,-61.12928005049767
12696.0,405,3,801.15,563,11.26,24,16.023,80.0,14.802675054715962,44,16.666666666666668,3,247,0.0,0.0,0.0,Finland,VIP Customers,-113.9402944206604
12697.0,84,3,724.01,353,11.766666666666667,32,24.133666666666667,80.0,20.43855442005645,27,10.0,3,55,0.3333333333333333,215.01,5.375324702908821,Sweden,Regular Customers,278.60268601820735
12698.0,560,1,339.75,111,6.9375,12,21.234375,54.0,11.796195979354248,16,16.0,1,0,0.0,0.0,0.0,Germany,VIP Customers,-10.62046244109311
12699.0,388,1,638.11,373,9.097560975609756,24,15.563658536585367,72.0,10.439050664715054,41,41.0,1,0,0.0,0.0,0.0,Germany,VIP Customers,72.51534113265305
12700.0,36,4,3589.24,2264,10.679245283018869,48,16.930377358490563,108.0,12.714813797469436,167,53.0,3,149,0.2971698113207547,1278.75,7.154420025337693,France,Regular Customers,522.854267427216
12701.0,50,6,2446.41,1727,11.748299319727892,48,16.642244897959184,39.6,7.264249369241004,118,24.5,4,553,0.0,0.0,0.0,Germany,Regular Customers,137.37963228322107
12703.0,34,7,892.18,539,6.416666666666667,30,10.621190476190476,54.0,10.383311959119313,56,12.0,4,620,0.47619047619047616,0.0,0.0,Germany,Regular Customers,-25.464079022967468
12704.0,6,6,1827.75,740,9.736842105263158,72,24.049342105263158,200.0,30.727575295838157,58,12.666666666666666,4,134,0.0,393.09,5.976579309608536,Finland,Regular Customers,365.1535482542753
12705.0,12,19,10659.3,6632,11.474048442906575,80,18.441695501730102,162.0,15.773781349320362,308,30.42105263157895,8,694,0.15916955017301038,894.7,6.79760553548115,Germany,Regular Customers,675.4528646720725
12706.0,652,1,-91.89,-1,-1.0,-1,-91.89,-91.89,0.0,1,1.0,1,0,0.0,0.0,0.0,,,-61.73828666163459
12707.0,262,1,603.42,256,7.757575757575758,12,18.285454545454545,68.0,14.28571272524342,33,33.0,1,0,0.0,0.0,0.0,France,VIP Customers,90.36786906783263
12708.0,3,29,4888.72,2364,7.3875,48,15.27725,72.0,10.336088705011601,130,11.03448275862069,12,689,0.11875,33.0,3.5263605246161616,Germany,Regular Customers,286.25354504423944
12709.0,13,53,28633.579999999998,13244,23.692307692307693,288,51.22286225402504,598.8,65.29032824273223,190,10.547169811320755,12,687,0.06976744186046512,877.4499999999999,6.778158990811063,Germany,Regular Customers,1679.197203194906
12710.0,67,4,1130.57,849,10.746835443037975,36,14.311012658227847,72.0,9.466958815680272,75,19.75,4,104,0.9240506329113924,0.0,0.0,Germany,Regular Customers,291.37159708104184
12711.0,582,2,1339.05,770,12.833333333333334,48,22.3175,79.2,14.653942446907868,56,30.0,2,65,0.0,0.0,0.0,Germany,VIP Customers,11.49252764411952
12712.0,19,26,6314.13,2111,8.02661596958175,72,24.00809885931559,142.8,21.945800955489773,126,10.115384615384615,11,681,0.0,207.65,5.340658207037562,Germany,Regular Customers,311.1832438078494
12714.0,77,11,12774.55,7963,12.679936305732484,96,20.341640127388533,180.0,17.23643106904317,402,57.09090909090909,10,628,0.0,1319.16,7.185508220356033,France,Regular Customers,725.4940256745996
12715.0,76,1,343.36,192,9.6,24,17.168,80.0,15.68468431640443,20,20.0,1,0,0.0,0.0,0.0,Sweden,VIP Customers,94.87287815540793
12716.0,103,1,677.9,503,11.177777777777777,36,15.064444444444444,54.0,7.875652802828924,45,45.0,1,0,0.0,375.59000000000003,5.931157062498227,France,Regular Customers,382.1925708421776
12717.0,121,4,1258.91,599,8.319444444444445,24,17.484861111111112,100.0,17.44711017623162,60,18.0,2,439,0.0,0.0,0.0,Greece,Regular Customers,132.11802538994024
12718.0,41,1,238.25,203,10.68421052631579,24,12.539473684210526,36.0,8.023529615161902,19,19.0,1,0,0.0,0.0,0.0,France,VIP Customers,96.35029613028914
12719.0,30,2,246.75,149,7.095238095238095,24,11.75,36.0,11.688979852835747,18,10.5,1,5,0.0,361.35,5.892610595555291,France,Regular Customers,349.73627773416604
12720.0,10,37,6346.92,5091,11.649885583524027,144,14.523844393592677,108.0,11.832789920252617,252,11.81081081081081,12,467,0.17848970251716248,1227.57,7.113606170394912,Germany,Regular Customers,759.3015784918545
12721.0,2,10,3933.83,2636,10.50199203187251,50,15.672629482071713,72.0,10.100077715451858,183,25.1,7,440,0.0,0.0,0.0,France,Regular Customers,341.9916405657988
12722.0,55,6,904.3299999999999,560,9.824561403508772,32,15.865438596491227,81.6,16.67133940010471,50,9.5,3,65,0.03508771929824561,0.0,0.0,France,Regular Customers,378.1183824521861
12723.0,35,2,299.40999999999997,190,5.277777777777778,24,8.316944444444443,50.85,9.552047744390263,35,18.0,1,0,0.0,425.66,6.055987443123482,France,Regular Customers,379.3751223477203
12724.0,52,6,2109.28,1304,10.776859504132231,48,17.43206611570248,54.0,7.75048631994098,90,20.166666666666668,5,453,0.2066115702479339,208.24,5.343481918502411,France,Regular Customers,136.93200305818448
12725.0,341,4,2266.7599999999998,1142,10.773584905660377,120,21.38452830188679,220.0,23.93638549839476,92,26.5,3,213,0.0,0.0,0.0,Italy,VIP Customers,53.80679747868599
12726.0,56,10,3230.14,3855,26.958041958041957,192,22.588391608391607,60.0,12.07482503010022,59,14.3,8,537,0.1048951048951049,784.46,6.666269533420063,France,Regular Customers,86.37778432756548
12727.0,65,11,5003.53,2477,13.60989010989011,72,27.491923076923076,183.6,27.001744145315456,114,16.545454545454547,5,559,0.17032967032967034,643.0,6.467698726104354,France,Regular Customers,293.65769685254486
12728.0,41,5,1070.17,543,8.901639344262295,48,17.54377049180328,40.8,8.048968912006561,48,12.2,5,312,0.3770491803278688,0.0,0.0,France,Regular Customers,121.15203396342926
12729.0,84,1,453.01,233,8.961538461538462,24,17.423461538461538,36.0,6.143852174203212,26,26.0,1,0,0.0,0.0,0.0,France,VIP Customers,101.55886324908465
12730.0,492,1,829.25,234,4.9787234042553195,16,17.643617021276597,126.0,16.49162704889072,47,47.0,1,0,0.0,0.0,0.0,Germany,VIP Customers,78.14828493815372
12731.0,21,18,24175.69,10908,29.165775401069517,160,64.64088235294118,475.2,68.13923738053673,135,20.77777777777778,9,596,0.05614973262032086,1497.52,7.312233233347665,France,Regular Customers,1052.1626228538607
12732.0,150,1,236.26,111,9.25,32,19.688333333333333,40.0,11.983077335319274,12,12.0,1,0,0.0,0.0,0.0,France,VIP Customers,59.48793490742941
12733.0,204,6,2326.82,885,5.462962962962963,36,14.363086419753088,90.0,14.835106854478319,117,25.833333333333332,5,455,0.0,0.0,0.0,USA,Regular Customers,140.30808133291796
12734.0,323,3,639.65,265,13.947368421052632,50,33.66578947368421,232.5,49.92936692254921,17,6.333333333333333,2,39,0.0,0.0,0.0,France,VIP Customers,62.274511107419706
12735.0,285,2,779.5699999999999,368,8.55813953488372,24,18.12953488372093,54.0,11.09023099795671,38,21.5,1,21,0.0,0.0,0.0,France,VIP Customers,89.86054719832808
12736.0,303,1,234.0,173,43.25,120,58.5,90.0,21.068459839295333,4,4.0,1,0,0.0,0.0,0.0,France,VIP Customers,5.4412393403450565
12737.0,469,2,3710.5,2,1.0,1,1855.25,3610.5,2482.298355355375,2,1.0,1,0,0.0,0.0,0.0,France,VIP Customers,-487.0209624637033
12738.0,342,1,155.35,148,13.454545454545455,24,14.122727272727273,19.8,3.433319358606452,11,11.0,1,0,0.0,0.0,0.0,Germany,VIP Customers,13.90716602407889
12739.0,48,4,2726.73,951,10.685393258426966,36,30.63741573033708,253.0,37.50018113677737,85,22.25,2,315,0.0,0.0,0.0,United Arab Emirates,Regular Customers,337.3810495642431
12740.0,34,1,427.6,342,12.666666666666666,40,15.837037037037037,34.0,6.322009670018408,27,27.0,1,0,0.0,0.0,0.0,France,VIP Customers,110.63524698966208
12741.0,499,2,406.07,214,13.375,24,25.379375,170.0,39.050680995982646,16,8.0,1,3,0.0,0.0,0.0,USA,VIP Customers,41.126812644910046
12742.0,570,2,1185.02,1349,19.83823529411765,288,17.426764705882352,60.48,11.177955175878976,67,34.0,2,25,0.0,0.0,0.0,United Arab Emirates,VIP Customers,-2.19998445902732
12743.0,104,2,540.13,315,2.404580152671756,25,4.123129770992366,22.5,3.5769222016806714,114,64.5,1,0,0.0,0.0,0.0,Unspecified,VIP Customers,200.94912343069066
12744.0,22,14,13158.16,6987,20.19364161849711,288,38.02936416184971,3949.32,430.83745970942437,245,24.142857142857142,5,539,0.0,0.0,0.0,Singapore,Regular Customers,1873.6105782263087
12745.0,457,3,925.41,468,20.347826086956523,72,40.235217391304346,201.56,42.61874980777669,21,7.666666666666667,3,195,0.0,0.0,0.0,United Kingdom,VIP Customers,-114.77049643397575
12746.0,498,3,230.85,91,4.55,12,11.5425,17.7,8.598596504203769,18,6.666666666666667,2,203,0.0,0.0,0.0,United Kingdom,VIP Customers,-156.7121475853557
12747.0,37,30,8035.3,2410,10.083682008368202,48,33.62050209205021,381.6,44.09358964346183,82,7.9,10,665,0.1799163179916318,751.23,6.623042128250768,United Kingdom,Regular Customers,475.14454230628814
12748.0,1,315,38188.85,28990,5.707816499310888,408,7.518970269738137,800.0,40.52331966085774,2046,15.749206349206348,12,703,0.24020476471746408,8744.48,9.076292274454103,United Kingdom,At-Risk Customers,7865.0655895741675
12749.0,84,14,4992.84,1880,5.749235474006116,75,15.26862385321101,114.75,15.841110537766477,220,23.357142857142858,5,407,0.1834862385321101,1335.65,7.197921762726839,United Kingdom,Regular Customers,486.0841481212242
12750.0,99,1,275.88,137,9.133333333333333,25,18.392,40.68,7.752775724124322,15,15.0,1,0,0.0,0.0,0.0,Poland,VIP Customers,70.55581597780085
12751.0,415,1,268.27,189,3.0483870967741935,25,4.326935483870967,17.7,3.7596004272819488,61,61.0,1,0,0.0,0.0,0.0,Brazil,VIP Customers,64.05297620155508
12752.0,51,1,4366.78,2262,42.679245283018865,100,82.3920754716981,270.0,73.19723033217778,53,53.0,1,0,0.0,0.0,0.0,Norway,VIP Customers,376.74467783955697
12753.0,79,9,16332.46,9089,47.58638743455497,144,85.51026178010471,429.6,72.85147308003532,114,21.22222222222222,7,253,0.2513089005235602,4691.55,8.453731423704909,Japan,Regular Customers,939.4841482816296
12754.0,206,5,2949.12,6479,99.67692307692307,576,45.37107692307692,417.6,94.58083036355526,50,13.0,3,72,0.0,0.0,0.0,Japan,Regular Customers,517.0768176628824
12755.0,220,22,2611.95,1033,8.905172413793103,1488,22.516810344827583,3794.4,384.5787331378473,38,5.2727272727272725,7,487,0.0,0.0,0.0,Japan,Regular Customers,1042.4238628334394
12756.0,57,1,112.08,144,36.0,72,28.02,61.2,22.64865558923973,4,4.0,1,0,0.0,0.0,0.0,Japan,VIP Customers,105.82197548523663
12757.0,21,16,3509.75,2022,5.84393063583815,40,10.14378612716763,1241.98,147.17421048047524,232,20.875,5,159,0.0,695.5,6.54606779321986,Portugal,Regular Customers,1034.0520543548978
12758.0,87,8,9779.0,6091,19.214511041009462,100,30.84858044164038,367.2,29.083040539618786,187,39.625,6,621,0.0,0.0,0.0,Portugal,Regular Customers,511.2582592129602
12759.0,22,8,5020.74,3202,10.602649006622517,48,16.62496688741722,75.0,8.806357894593573,206,37.75,8,683,0.0,0.0,0.0,Netherlands,Regular Customers,434.5120363616187
12760.0,426,1,347.8,198,9.428571428571429,24,16.561904761904763,30.0,6.149385838478197,21,21.0,1,0,0.0,0.0,0.0,Netherlands,VIP Customers,274.29795159596506
12761.0,428,2,782.95,281,10.407407407407407,20,28.99814814814815,76.5,16.642973115734282,27,13.5,1,7,0.0,0.0,0.0,Netherlands,VIP Customers,309.64042999918854
12763.0,108,2,494.08,316,17.555555555555557,60,27.448888888888888,87.0,26.31112421612463,16,9.0,2,230,1.0,0.0,0.0,Japan,Regular Customers,174.6623661293589
12764.0,287,1,1693.88,386,8.577777777777778,24,37.64177777777778,153.0,29.117840071063654,45,45.0,1,0,0.0,0.0,0.0,Lebanon,VIP Customers,136.0671926890812
12765.0,442,6,1404.58,1009,14.838235294117647,60,20.65558823529412,99.0,15.2722977561758,49,11.333333333333334,5,169,0.058823529411764705,0.0,0.0,Netherlands,VIP Customers,205.00084952711399
12766.0,28,10,8158.71,4736,12.333333333333334,96,21.246640625,168.0,19.829526904318787,248,38.4,7,350,0.09114583333333333,718.4300000000001,6.578459231809892,Portugal,Regular Customers,625.591246973706
12767.0,346,1,949.8199999999999,598,13.906976744186046,48,22.088837209302323,100.8,16.016995468995447,43,43.0,1,0,0.0,0.0,0.0,Korea,VIP Customers,96.24669235608403
12768.0,402,2,-3.552713678800501e-15,0,0.0,48,-1.7763568394002506e-16,19.8,17.495262817478096,10,10.0,2,19,0.0,0.0,0.0,Korea,VIP Customers,-40.976592249040664
12769.0,209,1,1143.6,356,11.125,24,35.7375,175.2,32.896282464740594,32,32.0,1,0,0.0,0.0,0.0,Brazil,VIP Customers,127.44295794417282
12770.0,181,7,2975.95,1771,47.86486486486486,144,80.43108108108108,318.0,79.59860550787809,24,5.285714285714286,6,400,0.0,0.0,0.0,Japan,Regular Customers,176.1473017280605
12771.0,435,2,262.5,100,6.25,12,16.40625,56.0,14.10398141188036,15,8.0,2,21,0.0,0.0,0.0,Portugal,VIP Customers,-16.545825642997244
12772.0,30,1,892.47,556,10.10909090909091,25,16.226727272727274,140.0,18.005438895835052,55,55.0,1,0,0.0,0.0,0.0,Portugal,VIP Customers,188.58402770965907
12773.0,534,2,0.0,0,0.0,60,0.0,87.0,37.94397712417611,6,6.0,1,0,0.0,0.0,0.0,Portugal,VIP Customers,-20.219372277013093
12774.0,506,1,98.7,53,8.833333333333334,12,16.45,21.0,3.9180352218937498,6,6.0,1,0,0.0,0.0,0.0,Netherlands,VIP Customers,232.0239288143658
12775.0,160,7,1429.96,922,13.558823529411764,36,21.028823529411767,59.4,12.472932907366934,45,9.714285714285714,6,219,0.0,221.36,5.404297690085269,Netherlands,Regular Customers,448.96507613044844
12776.0,638,1,55.5,46,11.5,25,13.875,28.0,9.46374661537385,4,4.0,1,0,0.0,0.0,0.0,Portugal,VIP Customers,-56.523907487036325
12777.0,428,1,519.45,458,17.615384615384617,75,19.978846153846156,31.5,6.462061173912286,26,26.0,1,0,0.0,0.0,0.0,United Kingdom,VIP Customers,7.1901106740883165
12778.0,33,8,1617.44,1580,14.90566037735849,108,15.258867924528303,60.0,7.468406513377308,73,13.25,7,539,0.0,140.24,4.950460571060185,Netherlands,Regular Customers,280.05920785478406
12779.0,8,20,6177.96,3340,11.76056338028169,72,21.75338028169014,102.0,17.506077062447734,142,14.2,11,699,0.0,-19.36,,Poland,Regular Customers,238.56382492837614
12780.0,569,1,337.4,285,14.25,48,16.869999999999997,39.8,9.405221953787162,20,20.0,1,0,0.0,0.0,0.0,Netherlands,VIP Customers,244.16961096835203
12781.0,34,3,769.23,632,23.40740740740741,72,28.490000000000002,70.8,22.425402663394575,25,9.0,3,221,0.0,-61.51,,Czech Republic,Regular Customers,179.83528404929413
12782.0,120,13,4273.79,1857,8.180616740088105,50,18.82726872246696,112.0,17.402483815524516,136,17.46153846153846,7,369,0.022026431718061675,252.25,5.5343771431287925,Portugal,Regular Customers,358.6091037776115
12783.0,3,7,1203.29,480,6.956521739130435,48,17.438985507246375,339.02,77.07402956106031,63,9.857142857142858,3,42,0.2608695652173913,400.58,5.995406766340606,Portugal,Regular Customers,477.81318208108473
12784.0,499,1,1230.33,582,8.083333333333334,25,17.087916666666665,196.0,21.655245725449,72,72.0,1,0,0.0,532.82,6.280058703484731,Portugal,Regular Customers,391.5936528965109
12785.0,334,4,1085.55,450,7.894736842105263,60,19.044736842105262,84.0,13.502244139568477,42,14.25,3,366,0.0,-6.24,,Portugal,Regular Customers,73.94491964344294
12786.0,580,1,728.5,324,18.0,48,40.47222222222222,70.8,23.664065722862325,18,18.0,1,0,0.0,0.0,0.0,Netherlands,VIP Customers,247.10559403127525
12787.0,62,4,740.18,458,11.170731707317072,24,18.053170731707315,42.0,8.645160044505941,28,10.25,3,321,0.0,119.0,4.787491742782046,Netherlands,Regular Customers,388.7404154826643
12788.0,433,4,444.9,194,7.461538461538462,12,17.111538461538462,30.6,3.810336145074544,20,6.5,3,65,0.11538461538461539,0.0,0.0,Netherlands,VIP Customers,219.0177021571862
12789.0,35,3,273.35,36,4.5,15,34.16875,74.25,26.025824228748537,5,2.6666666666666665,3,628,0.0,0.0,0.0,Netherlands,Regular Customers,124.65337270917448
12790.0,162,3,563.4499999999999,300,7.5,24,14.086249999999998,39.8,10.65607126513765,36,13.333333333333334,2,218,0.0,0.0,0.0,Netherlands,Regular Customers,449.4271554862256
12791.0,344,8,585.15,351,11.7,96,19.505,177.6,57.72622667862264,17,3.75,4,250,0.3,0.0,0.0,Netherlands,Regular Customers,394.30454551618845
12792.0,227,3,813.88,393,8.1875,25,16.955833333333334,56.0,10.355826571144924,40,16.0,3,425,0.0,0.0,0.0,Portugal,Regular Customers,30.91262755959488
12793.0,305,3,885.53,461,10.477272727272727,40,20.125681818181818,66.0,12.579844417592156,34,14.666666666666666,3,66,0.38636363636363635,0.0,0.0,Portugal,VIP Customers,-5.964850713675844
12794.0,23,2,860.41,592,13.155555555555555,36,19.12022222222222,59.4,10.090821997531155,43,22.5,2,45,0.0,0.0,0.0,Portugal,VIP Customers,100.4205032459395
12796.0,598,1,381.0,182,26.0,30,54.42857142857143,58.5,10.771987480762975,7,7.0,1,0,1.0,0.0,0.0,Netherlands,VIP Customers,186.8613737618675
12797.0,330,6,471.43,172,4.777777777777778,24,13.095277777777778,56.0,14.856703246319702,27,6.0,3,64,0.0,0.0,0.0,Portugal,VIP Customers,24.680919183324818
12798.0,14,3,4859.33,6415,200.46875,960,151.8540625,1718.4,312.1001260333941,27,10.666666666666666,2,377,0.0,3651.6,8.203194521757942,Japan,Regular Customers,608.6407731159958
12799.0,499,1,219.35,137,9.133333333333333,12,14.623333333333333,21.0,3.605693249504707,15,15.0,1,0,0.0,0.0,0.0,Japan,VIP Customers,46.71187819012879
12800.0,440,3,584.25,284,8.352941176470589,24,17.183823529411764,56.0,8.11819953718127,31,11.333333333333334,2,206,0.0,0.0,0.0,Portugal,VIP Customers,-98.02577438705416
12801.0,448,2,1031.87,504,9.882352941176471,48,20.232745098039214,200.0,28.74043758041491,50,25.5,2,23,0.0,0.0,0.0,Sweden,VIP Customers,80.13537041916769
12802.0,154,9,2350.42,1954,13.957142857142857,200,16.788714285714285,68.0,12.543526969662217,108,15.555555555555555,4,380,0.0,0.0,0.0,Netherlands,Regular Customers,497.6225225446092
12803.0,363,1,1092.81,872,15.854545454545455,48,19.869272727272726,79.2,13.77968913998472,55,55.0,1,0,0.0,0.0,0.0,Netherlands,VIP Customers,369.89950043698343
12804.0,436,2,325.37,270,4.090909090909091,25,4.929848484848485,30.0,4.641562565948352,60,31.5,2,34,0.0,0.0,0.0,Netherlands,VIP Customers,281.7228165068973
12805.0,352,4,1434.95,593,10.224137931034482,36,24.74051724137931,106.2,18.72937803244287,44,14.5,4,293,0.25862068965517243,0.0,0.0,Netherlands,Regular Customers,365.7525152493736
12806.0,405,4,2878.96,2087,31.149253731343283,504,42.96955223880597,534.24,71.77349659472384,58,16.75,4,153,0.417910447761194,0.0,0.0,Netherlands,VIP Customers,287.06770905081333
12807.0,353,3,269.95,120,6.666666666666667,24,14.997222222222222,80.0,22.585084043275774,17,6.0,1,3,0.8888888888888888,0.0,0.0,Sweden,VIP Customers,27.494813846115676
12808.0,7,5,776.7,322,6.851063829787234,12,16.52553191489362,28.0,3.9037728732212926,46,9.4,4,425,0.0,0.0,0.0,Portugal,Regular Customers,74.41704638568174
12809.0,138,8,1705.34,508,5.707865168539326,24,19.161123595505618,168.0,22.6972326826523,75,11.125,3,479,0.24719101123595505,0.0,0.0,Portugal,Regular Customers,170.32467380050633
12810.0,505,2,534.99,389,12.15625,48,16.7184375,60.0,9.063424585760847,32,16.0,2,142,0.0,0.0,0.0,Japan,VIP Customers,-29.57059582862911
12811.0,231,5,1033.9,435,7.767857142857143,36,18.462500000000002,56.0,7.5968190113302745,47,11.2,4,166,0.0,0.0,0.0,Portugal,Regular Customers,217.8996366506041
12812.0,15,1,229.64,164,10.933333333333334,24,15.309333333333333,31.6,5.879105212125233,15,15.0,1,0,0.0,0.0,0.0,Japan,VIP Customers,139.74675880789155
12813.0,472,3,1687.8,1141,25.355555555555554,120,37.50666666666667,150.0,30.584654500404138,37,15.0,3,191,0.0,0.0,0.0,Netherlands,VIP Customers,185.79999666329775
12814.0,72,1,125.92,49,24.5,48,62.96,85.92,32.470343392086264,2,2.0,1,0,0.0,0.0,0.0,Poland,VIP Customers,39.21562381049381
12815.0,118,2,1063.46,379,8.063829787234043,30,22.6268085106383,120.0,18.546249955693373,38,23.5,2,50,0.0,0.0,0.0,Poland,VIP Customers,91.38364451305833
12816.0,66,2,572.2,128,4.413793103448276,12,19.731034482758623,80.0,13.632566141629802,27,14.5,2,80,0.0,0.0,0.0,Poland,VIP Customers,42.97773900579077
12817.0,251,3,690.98,219,8.76,24,27.639200000000002,71.4,14.867026972464938,16,8.333333333333334,3,153,0.0,0.0,0.0,Austria,VIP Customers,-68.37847664102154
12818.0,148,2,1517.8799999999999,923,57.6875,288,94.86749999999999,360.0,118.43577908160466,14,8.0,2,83,0.0,0.0,0.0,Austria,VIP Customers,16.28032051469455
12819.0,428,1,540.52,344,18.105263157894736,72,28.448421052631577,90.0,20.120522763022585,19,19.0,1,0,0.0,0.0,0.0,United Kingdom,VIP Customers,8.562488912573485
12820.0,14,12,2437.59,1811,12.073333333333334,60,16.250600000000002,53.1,8.082702902789698,125,12.5,8,689,0.09333333333333334,210.35,5.3535155270127985,United Kingdom,Regular Customers,27.36785633533836
12821.0,184,2,220.8,162,12.461538461538462,24,16.984615384615385,30.0,5.431495520548976,13,6.5,2,397,0.0,0.0,0.0,United Kingdom,Regular Customers,2.002339958272586
12822.0,41,3,918.98,548,11.659574468085106,48,19.55276595744681,102.0,16.18714408064349,41,15.666666666666666,1,16,0.0,0.0,0.0,United Kingdom,VIP Customers,151.08365490694655
12823.0,45,18,6501.5,930,51.666666666666664,100,361.19444444444446,765.0,176.8827410601931,1,1.0,10,604,0.0,0.0,0.0,United Kingdom,Regular Customers,128.80188043574964
12824.0,30,1,397.12,232,9.28,16,15.8848,47.7,8.947605415230752,25,25.0,1,0,0.0,0.0,0.0,United Kingdom,VIP Customers,93.02894649189557
12825.0,491,2,518.63,139,5.791666666666667,12,21.609583333333333,63.8,11.810707551299322,20,12.0,2,120,0.0,0.0,0.0,United Kingdom,VIP Customers,-91.92340330438736
12826.0,42,13,2351.59,1705,12.178571428571429,100,16.797071428571428,94.8,12.713164677214293,91,10.76923076923077,7,650,0.05,422.1,6.047608557726022,United Kingdom,Regular Customers,57.3817217672667
12827.0,3,2,318.7,150,7.5,12,15.934999999999999,29.7,5.835006426731679,17,10.0,2,11,0.0,111.44999999999999,4.722508678405324,United Kingdom,VIP Customers,59.546978615532765
12828.0,36,4,661.31,309,8.131578947368421,24,17.402894736842104,45.9,8.662338460845422,36,9.5,3,64,0.0,357.4,5.881649681100775,United Kingdom,Regular Customers,298.16088070143496
12829.0,292,4,345.35,549,27.45,120,17.267500000000002,79.9,21.924012040394626,17,5.0,3,227,0.0,0.0,0.0,United Kingdom,Regular Customers,103.20778830023886
12830.0,8,7,6748.4,9847,252.48717948717947,864,173.03589743589743,587.52,138.0235121983503,14,5.571428571428571,4,134,0.0,0.0,0.0,United Kingdom,Regular Customers,542.2959148660632
12831.0,232,3,451.11,303,13.772727272727273,48,20.505,42.0,7.46498987337048,16,7.333333333333333,2,200,0.0,0.0,0.0,United Kingdom,VIP Customers,-96.48303585211278
12832.0,2,2,383.03000000000003,195,7.222222222222222,12,14.186296296296298,19.8,3.5025311157110672,27,13.5,2,65,0.0,0.0,0.0,United Kingdom,VIP Customers,34.629964635917474
12833.0,115,1,417.38,156,6.5,24,17.390833333333333,27.04,5.030143845005755,24,24.0,1,0,1.0,0.0,0.0,United Kingdom,VIP Customers,31.741993610219964
12834.0,253,1,312.38,110,6.111111111111111,16,17.354444444444443,25.2,4.183209044321923,18,18.0,1,0,0.0,0.0,0.0,United Kingdom,VIP Customers,30.10798982102955
12835.0,388,49,5972.19,2335,3.736,96,9.555503999999999,95.25,10.34963908901274,140,12.591836734693878,11,318,0.0016,0.0,0.0,United Kingdom,Regular Customers,823.9709000519466
12836.0,29,17,6520.58,2227,5.366265060240964,36,15.712240963855422,153.0,17.595394106362654,280,24.11764705882353,11,679,0.02891566265060241,0.0,0.0,United Kingdom,Regular Customers,329.69514894027327
12837.0,143,2,662.66,194,2.2045454545454546,12,7.530227272727273,39.9,6.7862748533002275,83,42.5,2,396,0.13636363636363635,0.0,0.0,United Kingdom,Regular Customers,100.2727472142453
12838.0,4,12,2953.46,1599,4.441666666666666,72,8.204055555555556,183.6,15.801771953712267,230,29.0,7,559,0.16944444444444445,0.0,0.0,United Kingdom,Regular Customers,292.2897143855725
12839.0,13,27,7702.15,5195,10.959915611814345,36,16.249261603375526,93.0,10.866591920239635,145,17.51851851851852,12,689,0.03375527426160337,1823.07,7.508825547090874,United Kingdom,Regular Customers,408.93031475909527
12840.0,114,11,4013.87,2244,12.397790055248619,96,22.176077348066297,101.76,13.717559086991207,109,16.454545454545453,7,530,0.0,0.0,0.0,United Kingdom,Regular Customers,170.69046993682204
12841.0,14,38,6367.55,4607,7.589785831960461,72,10.49019769357496,107.28,11.322608824291134,281,15.921052631578947,12,475,0.30477759472817134,440.45,6.090064763347591,United Kingdom,Regular Customers,787.699025358509
12842.0,40,4,1917.99,887,18.479166666666668,120,39.958125,306.0,48.804931197324024,45,12.0,4,667,0.22916666666666666,0.0,0.0,United Kingdom,Regular Customers,-45.865982324523515
12843.0,36,34,6340.56,2897,12.706140350877194,180,27.809473684210527,333.0,41.426740738077875,130,6.617647058823529,10,661,0.25,0.0,0.0,United Kingdom,Regular Customers,501.2468723526342
12844.0,100,3,497.52,175,2.2151898734177213,8,6.297721518987341,19.9,4.321785584616941,68,26.0,3,463,0.26582278481012656,151.08,5.024406698180174,United Kingdom,Regular Customers,19.918311503617048
12845.0,237,4,354.09000000000003,204,7.555555555555555,144,13.114444444444446,208.8,41.46181119029278,26,6.75,2,22,0.0,0.0,0.0,United Kingdom,VIP Customers,61.20452265080462
12846.0,652,1,15.58,1,1.0,1,15.58,15.58,0.0,1,1.0,1,0,0.0,0.0,0.0,United Kingdom,VIP Customers,-74.81220806762724
12847.0,358,1,765.36,624,17.82857142857143,100,21.867428571428572,106.0,21.116346378333255,34,34.0,1,0,0.0,843.64,6.738910501075306,United Kingdom,Regular Customers,298.194937867414
12848.0,646,1,208.0,58,3.625,10,13.0,29.5,7.648289569134614,16,16.0,1,0,0.0,0.0,0.0,United Kingdom,VIP Customers,-48.776809266267264
12849.0,1,6,3042.47,1855,12.881944444444445,72,21.12826388888889,100.0,17.977421788666973,123,23.5,4,559,0.0,0.0,0.0,United Kingdom,Regular Customers,161.04613912691147
12850.0,416,1,330.0,200,100.0,100,165.0,165.0,0.0,2,2.0,1,0,0.0,0.0,0.0,United Kingdom,VIP Customers,-23.47309709411485
12851.0,67,2,280.76,157,2.038961038961039,12,3.6462337662337663,25.5,3.9142677741554945,71,36.5,2,380,0.6103896103896104,0.0,0.0,United Kingdom,Regular Customers,83.43401306202435
12852.0,260,2,299.75,145,7.25,24,14.9875,34.8,9.423764403162664,17,10.0,1,4,0.0,0.0,0.0,United Kingdom,VIP Customers,38.94537926640086
12853.0,78,16,3728.5,1639,10.439490445859873,96,23.748407643312103,175.2,23.550882190171265,111,9.8125,8,564,0.0,0.0,0.0,United Kingdom,Regular Customers,203.6659845693357
12854.0,49,11,2899.32,1609,5.937269372693727,80,10.69859778597786,135.2,11.915452535998153,188,24.454545454545453,6,649,0.0,0.0,0.0,United Kingdom,Regular Customers,181.28997927095955
12855.0,343,4,612.84,240,3.582089552238806,12,9.146865671641791,165.0,20.20466306880931,65,16.5,2,29,0.0,0.0,0.0,United Kingdom,VIP Customers,112.00601137962201
12856.0,9,4,1334.37,672,3.518324607329843,48,6.986230366492146,40.8,6.201660510177421,129,47.25,1,24,0.0,819.16,6.709499443175706,United Kingdom,Regular Customers,503.183507302836
12857.0,181,7,3684.25,1419,11.631147540983607,48,30.19877049180328,306.0,38.93196463545915,71,17.428571428571427,6,472,0.0,0.0,0.0,United Kingdom,Regular Customers,168.19024004878156
12858.0,353,2,121.08,50,1.3157894736842106,6,3.186315789473684,19.95,6.178867394268966,37,18.5,2,298,0.9736842105263158,0.0,0.0,United Kingdom,VIP Customers,-218.56896844770992
12859.0,429,1,575.1,292,13.904761904761905,30,27.385714285714286,58.5,16.008030350867212,21,21.0,1,0,0.0,0.0,0.0,United Kingdom,VIP Customers,11.693863983558913
12860.0,663,1,54.22,26,1.625,8,3.38875,12.75,3.6374292662080276,16,16.0,1,0,0.0,0.0,0.0,United Kingdom,VIP Customers,-57.140171451910305
12861.0,590,1,68.25,27,6.75,12,17.0625,19.8,3.4125686806275417,4,4.0,1,0,0.0,0.0,0.0,United Kingdom,VIP Customers,-59.64575008278962
12862.0,396,2,984.62,611,4.66412213740458,48,7.51618320610687,40.8,6.611548690681651,119,65.0,2,69,1.0,0.0,0.0,United Kingdom,VIP Customers,46.07831543205906
12863.0,22,7,2775.55,893,18.224489795918366,100,56.64387755102041,408.0,84.25653450960363,24,6.857142857142857,6,537,0.0,0.0,0.0,United Kingdom,Regular Customers,64.94945057869336
12864.0,108,2,299.57,447,63.857142857142854,144,42.79571428571428,119.52,45.977659015781,5,3.5,1,369,0.42857142857142855,0.0,0.0,United Kingdom,Regular Customers,31.219108685667976
12865.0,94,4,2716.46,1550,9.748427672955975,48,17.084654088050314,50.4,8.318863631916505,131,39.75,3,352,0.0,586.85,6.37647181331375,Austria,Regular Customers,282.1367569345415
12866.0,253,3,1227.35,553,8.777777777777779,30,19.48174603174603,60.0,10.538878335934097,58,21.0,3,219,0.5873015873015873,0.0,0.0,Belgium,Regular Customers,176.3441127559887
12867.0,66,14,6814.33,6943,7.270157068062828,48,7.135424083769633,74.7,6.139736087790848,339,67.21428571428571,8,626,0.39790575916230364,964.33,6.872470011792862,United Kingdom,Regular Customers,541.9623012423167
12868.0,156,8,2043.76,1170,8.73134328358209,24,15.251940298507463,31.6,5.563633052986925,86,16.75,6,207,0.0,0.0,0.0,United Kingdom,Regular Customers,261.94967398669974
12869.0,652,1,337.66999999999996,144,3.891891891891892,32,9.126216216216216,81.6,13.863766193320739,35,35.0,1,0,0.0,0.0,0.0,United Kingdom,VIP Customers,-10.59023972183428
12870.0,336,4,1662.05,904,9.51578947368421,96,17.495263157894737,125.0,16.75732147654598,85,23.75,4,257,0.0,0.0,0.0,United Kingdom,Regular Customers,179.20287146170693
12871.0,54,3,744.02,484,26.88888888888889,96,41.33444444444444,163.2,47.95609894626324,13,6.0,2,355,0.3888888888888889,0.0,0.0,United Kingdom,Regular Customers,80.7037926782659
12872.0,297,13,3276.81,1639,4.138888888888889,64,8.274772727272728,64.9,8.86396377882192,218,29.846153846153847,10,409,0.37373737373737376,0.0,0.0,United Kingdom,Regular Customers,226.65369225893866
12873.0,252,3,2027.3,786,22.457142857142856,48,57.92285714285714,196.2,46.46509813330663,33,11.666666666666666,3,399,0.4857142857142857,0.0,0.0,United Kingdom,Regular Customers,61.36376255879517
12874.0,355,3,933.42,611,12.46938775510204,48,19.04938775510204,46.8,10.51332476117872,44,16.333333333333332,2,169,0.0,0.0,0.0,Belgium,Regular Customers,208.53253549874782
12875.0,113,5,1356.99,5187,648.375,1728,169.62375,293.76,75.87093362838536,2,1.6,5,554,0.125,0.0,0.0,United Kingdom,Regular Customers,-294.55240905749565
12876.0,28,5,4068.59,3039,17.771929824561404,72,23.792923976608186,122.4,20.657299655258136,117,34.2,4,532,0.0,0.0,0.0,Belgium,Regular Customers,230.17802025673527
12877.0,48,18,2566.74,1881,9.131067961165048,48,12.459902912621358,79.2,11.952106171790291,95,11.333333333333334,12,612,0.22815533980582525,375.4,5.930652407711224,United Kingdom,Regular Customers,40.56022861763691
12878.0,206,2,854.99,547,11.638297872340425,24,18.191276595744682,30.6,6.617481662404998,38,23.5,2,29,0.5957446808510638,-13.35,,United Kingdom,VIP Customers,31.785747683924455
12879.0,15,4,552.57,363,30.25,96,46.04750000000001,183.6,57.2940461963148,7,3.0,2,47,0.0,0.0,0.0,United Kingdom,VIP Customers,65.82314374886178
12880.0,352,2,640.13,279,7.75,48,17.781388888888888,35.7,5.663815550254227,32,18.0,2,192,0.0,0.0,0.0,United Kingdom,VIP Customers,-108.9645742228617
12881.0,246,1,298.0,21,3.0,6,42.57142857142857,195.0,67.25485643643673,7,7.0,1,0,0.0,0.0,0.0,United Kingdom,VIP Customers,38.42278243506206
12882.0,4,1,471.84,106,21.2,36,94.368,141.6,37.02973291829149,5,5.0,1,0,1.0,991.1999999999999,6.899924699866949,United Kingdom,VIP Customers,26.96985157035067
12883.0,59,1,291.63,68,3.5789473684210527,12,15.348947368421053,19.8,2.461990826629814,19,19.0,1,0,1.0,411.84000000000003,6.023060108697733,United Kingdom,VIP Customers,32.98770621426445
12884.0,58,1,309.05,43,6.142857142857143,10,44.15,170.0,55.695937912921444,7,7.0,1,0,0.0,0.0,0.0,United Kingdom,VIP Customers,70.8101392907754
12885.0,33,4,1158.27,654,9.083333333333334,25,16.087083333333332,46.8,7.291222861074756,66,18.0,2,60,0.0,0.0,0.0,United Kingdom,Regular Customers,381.1504302346193
12886.0,38,3,1351.09,761,8.848837209302326,48,15.7103488372093,35.4,7.6426155743997395,75,28.666666666666668,2,151,0.0,0.0,0.0,United Kingdom,Regular Customers,312.35764000104007
12887.0,354,1,222.4,100,7.6923076923076925,24,17.107692307692307,30.0,4.695026009594541,13,13.0,1,0,1.0,0.0,0.0,United Kingdom,VIP Customers,-31.972542886141667
12888.0,184,4,313.77,68,9.714285714285714,24,44.824285714285715,106.5,51.18110909868433,4,1.75,3,41,0.0,0.0,0.0,United Kingdom,VIP Customers,-15.263691638525074
12889.0,351,6,365.65999999999997,120,4.444444444444445,12,13.542962962962962,23.4,8.510347916062047,25,4.5,5,121,0.4444444444444444,0.0,0.0,United Kingdom,VIP Customers,-112.02823801845952
12890.0,357,1,329.3,201,3.5892857142857144,36,5.880357142857143,32.45,6.9685621222708525,56,56.0,1,0,0.0,376.71999999999997,5.934153180394868,United Kingdom,Regular Customers,303.7172380129275
12891.0,156,12,819.5,2275,189.58333333333334,600,68.29166666666667,204.0,69.82265142140588,2,1.0,6,473,0.16666666666666666,0.0,0.0,United Kingdom,Regular Customers,-48.76104529730563
12892.0,367,1,263.38,140,7.777777777777778,24,14.632222222222222,19.35,3.3825009117959826,18,18.0,1,0,0.0,0.0,0.0,United Kingdom,VIP Customers,5.370879118711429
12893.0,1,1,176.55,90,2.903225806451613,18,5.695161290322581,37.44,6.817009545232054,27,27.0,1,0,0.0,0.0,0.0,United Kingdom,VIP Customers,91.18569861956041
12894.0,545,1,157.35,33,1.5714285714285714,6,7.492857142857143,20.25,5.883117492331037,21,21.0,1,0,0.0,0.0,0.0,United Kingdom,VIP Customers,-25.17742096795081
12895.0,12,3,347.3,204,8.5,24,14.470833333333333,25.0,8.960285766340979,22,8.0,2,44,0.0,0.0,0.0,United Kingdom,Regular Customers,297.3876151891929
12896.0,701,1,-29.75,-5,-5.0,-5,-29.75,-29.75,0.0,1,1.0,1,0,0.0,0.0,0.0,,,-70.8865108840549
12897.0,175,4,514.25,249,17.785714285714285,40,36.732142857142854,70.8,20.01376071936177,10,3.5,4,339,0.0,0.0,0.0,United Kingdom,Regular Customers,22.79162077419673
12898.0,434,2,296.21,235,8.703703703703704,144,10.97074074074074,152.64,29.07442623627611,27,13.5,2,195,0.0,0.0,0.0,United Kingdom,VIP Customers,-134.56386802418373
12899.0,384,1,366.4,108,6.352941176470588,12,21.552941176470586,84.75,16.757176359960635,17,17.0,1,0,0.0,0.0,0.0,United Kingdom,VIP Customers,19.769481002421998
12900.0,392,1,340.33,139,10.692307692307692,24,26.179230769230767,59.4,13.413709691666496,13,13.0,1,0,0.0,0.0,0.0,United Kingdom,VIP Customers,2.275437953645792
12901.0,8,32,13862.789999999999,18064,157.0782608695652,4800,120.54599999999999,1519.8,277.2121366289469,31,3.59375,9,233,0.02608695652173913,2430.31,7.796185485725482,United Kingdom,Regular Customers,364.7267868859609
12902.0,235,1,138.68,66,6.6,12,13.868,17.7,4.766596269876441,10,10.0,1,0,1.0,0.0,0.0,United Kingdom,VIP Customers,-16.094641915448392
12903.0,399,1,833.53,493,12.024390243902438,32,20.33,46.8,7.178274165842372,41,41.0,1,0,0.0,0.0,0.0,United Kingdom,VIP Customers,54.56367826135869
12904.0,142,1,244.69,165,5.15625,41,7.6465625,30.75,6.347539329878534,32,32.0,1,0,0.0,251.37,5.530896264648732,United Kingdom,Regular Customers,311.05841181929054
12905.0,547,3,1011.8199999999999,528,9.6,48,18.396727272727272,51.0,9.610475968970961,52,18.333333333333332,2,105,0.0,0.0,0.0,United Kingdom,VIP Customers,-34.32582809447928
12906.0,48,2,1936.59,1163,24.74468085106383,128,41.204042553191485,360.0,58.42374519720311,47,23.5,1,0,0.0,983.22,6.89184944929836,United Kingdom,Regular Customers,484.07169903566137
12907.0,366,3,440.36,164,5.655172413793103,24,15.184827586206897,66.0,16.89494760079171,27,9.666666666666666,3,258,0.0,0.0,0.0,United Kingdom,VIP Customers,-170.3297451360238
12908.0,29,7,1272.0,1800,257.14285714285717,600,181.71428571428572,432.0,309.8524994712346,2,1.0,6,571,0.0,0.0,0.0,United Kingdom,Regular Customers,-220.58034405887665
12909.0,10,13,3034.77,1932,11.5,96,18.064107142857143,290.0,26.944505740822084,121,12.846153846153847,6,614,0.13095238095238096,0.0,0.0,United Kingdom,Regular Customers,225.8202302006898
12910.0,34,12,5288.5599999999995,3416,26.276923076923076,256,40.681230769230766,153.0,28.488601474578225,73,10.833333333333334,8,556,0.18461538461538463,458.46,6.130051886864025,United Kingdom,Regular Customers,142.20404903656896
12911.0,522,1,1651.72,807,3.419491525423729,48,6.998813559322034,144.5,11.560755343760352,220,220.0,1,0,1.0,0.0,0.0,United Kingdom,VIP Customers,271.4341180712871
12912.0,11,1,318.06,126,18.0,24,45.43714285714286,90.0,21.182201423432293,7,7.0,1,0,1.0,1344.24,7.204327714779365,United Kingdom,VIP Customers,34.44090228995634
12913.0,253,11,4666.0,2012,35.29824561403509,280,81.85964912280701,714.0,109.42024688532793,31,5.181818181818182,7,455,0.0,1617.24,7.389094417891618,United Kingdom,Regular Customers,235.70680728599942
12914.0,371,1,223.98,336,37.333333333333336,144,24.886666666666667,108.0,31.43873725199535,9,9.0,1,0,0.0,0.0,0.0,United Kingdom,VIP Customers,-13.11741239726166
12915.0,119,8,885.2,393,5.779411764705882,25,13.01764705882353,38.25,10.477312962699427,46,8.5,6,440,0.0,0.0,0.0,United Kingdom,Regular Customers,24.44916040042196
12916.0,109,8,4455.93,1673,9.614942528735632,64,25.608793103448278,163.2,24.840851428464575,82,20.75,6,545,0.9195402298850575,0.0,0.0,United Kingdom,Regular Customers,108.19303284339699
12917.0,98,8,4329.5,1098,20.71698113207547,72,81.68867924528301,297.0,107.11152825331416,45,6.625,5,602,0.0,0.0,0.0,United Kingdom,Regular Customers,63.4877656004486
12918.0,596,3,-10953.5,-1,-0.3333333333333333,1,-3651.1666666666665,10953.5,12648.012347137132,1,1.0,1,0,0.0,0.0,0.0,United Kingdom,VIP Customers,-996.814916366909
12919.0,2,6,744.02,376,10.444444444444445,24,20.66722222222222,95.2,17.33398867808744,29,6.0,5,138,0.0,557.42,6.3251113674256745,United Kingdom,Regular Customers,240.47133264142423
12920.0,541,3,323.86,292,9.125,30,10.120625,50.4,9.667631373349304,32,10.666666666666666,2,153,0.0,162.78,5.098524063842042,United Kingdom,Regular Customers,143.26771283303282
12921.0,1,98,30934.86,19354,13.12135593220339,108,20.972786440677968,175.2,18.159596138637145,325,15.03061224489796,12,707,0.05288135593220339,3016.79,8.012280054401849,United Kingdom,Regular Customers,2609.025241091637
12922.0,131,1,405.38,370,13.214285714285714,36,14.477857142857143,35.4,5.352446555266491,28,28.0,1,0,0.0,0.0,0.0,United Kingdom,VIP Customers,74.31607979758729
12923.0,34,3,770.42,230,3.8333333333333335,30,12.840333333333332,102.0,18.170556176171722,54,20.0,3,511,0.25,0.0,0.0,United Kingdom,Regular Customers,9.159129453520308
12924.0,58,14,2423.15,1412,18.57894736842105,276,31.883552631578947,579.6,69.88893519871746,56,5.142857142857143,7,642,0.02631578947368421,0.0,0.0,United Kingdom,Regular Customers,130.4006712021364
12925.0,45,2,403.59000000000003,366,13.071428571428571,48,14.413928571428572,34.68,6.86724880988968,28,14.0,2,518,0.0,325.74,5.789164747598362,United Kingdom,Regular Customers,-31.41228318218586
12926.0,381,4,1523.97,754,2.877862595419847,24,5.816679389312977,30.0,5.795127167973412,202,63.5,3,314,0.13740458015267176,0.0,0.0,United Kingdom,Regular Customers,260.41996767296473
12927.0,365,1,197.31,145,13.181818181818182,24,17.937272727272727,30.6,6.480061868391521,11,11.0,1,0,0.0,0.0,0.0,United Kingdom,VIP Customers,-1.836131397043033
12928.0,5,12,4304.89,2899,16.195530726256983,288,24.049664804469277,126.0,16.108110906175945,94,14.916666666666666,7,514,0.0,0.0,0.0,United Kingdom,Regular Customers,184.15332389558657
12929.0,92,2,105.1,36,4.0,12,11.677777777777777,17.85,9.59870144573965,8,4.5,2,189,0.0,0.0,0.0,United Kingdom,VIP Customers,-100.26766401004247
12930.0,48,4,409.9,250,9.25925925925926,32,15.18148148148148,27.04,7.39613813143449,20,6.75,3,93,0.0,0.0,0.0,United Kingdom,Regular Customers,245.75979173673716
12931.0,37,66,64733.97,43987,165.988679245283,2880,244.2791320754717,4176.0,556.915728483402,39,3.9545454545454546,11,671,0.022641509433962263,6565.7,8.789766702187219,United Kingdom,At-Risk Customers,3489.6410109076824
12932.0,509,8,1698.56,1609,16.936842105263157,96,17.87957894736842,101.76,14.556629762194087,69,11.875,5,128,0.2736842105263158,0.0,0.0,United Kingdom,VIP Customers,6.28789612080503
12933.0,141,10,1326.84,773,3.2754237288135593,100,5.622203389830508,52.5,6.1897780024940054,180,23.2,5,557,0.0,250.04,5.525612288984722,United Kingdom,Regular Customers,138.4833151698773
12934.0,707,1,181.65,31,15.5,30,90.825,101.7,15.379572490807409,2,2.0,1,0,0.0,0.0,0.0,United Kingdom,VIP Customers,-88.55642035393225
12935.0,80,16,3556.65,2585,11.591928251121077,48,15.949103139013454,70.8,7.985828444737208,93,13.9375,8,497,0.13452914798206278,625.36,6.439925285677242,United Kingdom,Regular Customers,231.64709971676683
12936.0,48,1,798.46,434,13.151515151515152,40,24.195757575757575,70.8,16.03318258922395,33,33.0,1,0,0.0,214.44,5.372682448503343,United Kingdom,Regular Customers,356.34210437240165
12937.0,41,8,2419.7799999999997,1497,9.535031847133759,36,15.412611464968151,81.6,14.660915472626826,93,19.625,6,664,0.0,677.83,6.5203707280228365,United Kingdom,Regular Customers,11.764793484431408
12939.0,34,20,25264.8,10328,120.09302325581395,500,293.7767441860465,825.0,192.98983160925624,24,4.3,9,632,0.12790697674418605,0.0,0.0,United Kingdom,Regular Customers,850.6714516254775
12940.0,16,4,862.44,399,3.99,48,8.624400000000001,51.0,8.567632691671248,88,24.0,2,41,0.77,0.0,0.0,United Kingdom,Regular Customers,376.00118600997473
12941.0,694,1,377.49,381,14.11111111111111,48,13.981111111111112,46.8,10.530264564334164,27,27.0,1,0,0.0,0.0,0.0,United Kingdom,VIP Customers,-36.036616734741074
12942.0,101,3,675.6,198,2.8285714285714287,15,9.651428571428571,25.5,7.261847947373042,68,23.333333333333332,3,234,0.6571428571428571,0.0,0.0,United Kingdom,Regular Customers,162.53832667184616
12943.0,271,4,489.0,220,8.148148148148149,48,18.11111111111111,79.2,15.72489655911516,23,6.75,4,304,0.18518518518518517,0.0,0.0,United Kingdom,VIP Customers,-204.51957863450733
12944.0,6,2,604.51,289,9.633333333333333,24,20.150333333333332,39.8,7.678847113239445,29,15.0,2,319,0.0,0.0,0.0,United Kingdom,Regular Customers,119.24428754767897
12945.0,258,2,900.11,446,8.745098039215685,40,17.64921568627451,58.0,6.761484701790651,47,25.5,1,367,0.5490196078431373,0.0,0.0,United Kingdom,Regular Customers,81.63920814212685
12946.0,407,1,324.45,149,7.45,12,16.2225,23.4,3.3743800600219416,20,20.0,1,0,0.0,0.0,0.0,United Kingdom,VIP Customers,5.794168215331865
12947.0,114,11,1407.29,1157,11.233009708737864,48,13.663009708737864,130.0,21.21657592058677,83,9.363636363636363,6,229,0.0,0.0,0.0,United Kingdom,Regular Customers,301.79920374700475
12948.0,14,9,2096.24,1241,10.606837606837606,96,17.916581196581195,49.5,9.035593139547423,85,13.0,5,693,0.21367521367521367,209.94,5.351573732848468,United Kingdom,Regular Customers,-15.747171918608416
12949.0,1,28,15391.0,8197,11.306206896551725,60,21.22896551724138,76.2,11.476956755137946,347,25.892857142857142,11,705,0.0,0.0,0.0,United Kingdom,Regular Customers,892.4728367588536
12951.0,133,19,2852.13,1478,8.076502732240437,24,15.585409836065574,35.7,7.469674862461668,104,9.631578947368421,9,535,0.2677595628415301,312.29,5.747129279159567,United Kingdom,Regular Customers,169.24104602930373
12952.0,13,3,1090.06,534,8.754098360655737,48,17.869836065573768,31.8,5.260033108832201,55,20.333333333333332,2,35,0.0,292.78,5.682831187903269,United Kingdom,Regular Customers,361.1618365191217
12953.0,492,1,498.96,280,9.03225806451613,24,16.09548387096774,27.04,4.4652546315670705,31,31.0,1,0,0.0,329.85,5.801665100458068,United Kingdom,Regular Customers,254.00719111813675
12954.0,609,1,162.45,83,8.3,12,16.244999999999997,25.5,5.29813646483365,10,10.0,1,0,0.0,0.0,0.0,United Kingdom,VIP Customers,-50.55194854844024
12955.0,8,11,3085.02,2504,18.686567164179106,96,23.022537313432835,81.12,12.572825253976063,81,12.181818181818182,8,230,0.0,1649.24,7.408676010862594,United Kingdom,Regular Customers,314.1506024792301
12956.0,276,4,521.89,340,8.095238095238095,48,12.425952380952381,35.4,8.246113662463214,42,10.5,3,417,0.6666666666666666,0.0,0.0,United Kingdom,Regular Customers,-12.562997088420929
12957.0,38,18,7261.5,3831,9.09976247030879,48,17.248218527315913,76.5,8.506613808411986,344,23.38888888888889,8,660,0.0,1366.92,7.221046616940337,United Kingdom,Regular Customers,528.9353540080092
12958.0,370,2,467.34000000000003,118,2.4081632653061225,12,9.537551020408165,65.7,11.56007290393178,45,22.5,2,182,0.0,0.0,0.0,United Kingdom,VIP Customers,-81.6949795007535
12959.0,454,2,133.35,108,12.0,48,14.816666666666666,40.8,17.272521529875135,9,4.5,2,213,0.0,0.0,0.0,United Kingdom,VIP Customers,-186.47777425792006
12960.0,384,4,1322.07,1379,19.7,240,18.886714285714284,70.8,9.948268907956317,49,17.5,4,247,0.0,0.0,0.0,United Kingdom,VIP Customers,-153.24754045568784
12961.0,349,1,211.99,180,4.5,48,5.29975,17.7,4.062610306194775,37,37.0,1,0,0.0,0.0,0.0,United Kingdom,VIP Customers,26.83499354396477
12962.0,83,1,170.54,78,7.090909090909091,12,15.503636363636362,25.5,5.738235395532797,11,11.0,1,0,0.0,95.85,4.573163389853005,United Kingdom,Regular Customers,296.6133432078283
12963.0,23,9,2015.29,1118,9.016129032258064,50,16.25233870967742,50.4,10.085802071677715,88,13.777777777777779,6,465,0.0,1131.7,7.032359442206668,United Kingdom,Regular Customers,125.97140613922451
12964.0,407,1,132.24,56,2.1538461538461537,12,5.086153846153847,9.9,2.4959055702058555,26,26.0,1,0,0.0,0.0,0.0,United Kingdom,VIP Customers,4.469715848280146
12965.0,59,1,769.8100000000001,282,2.611111111111111,24,7.1278703703703705,31.8,5.507692674783292,108,108.0,1,0,1.0,0.0,0.0,United Kingdom,VIP Customers,159.6990967214172
12967.0,272,4,2908.57,911,13.803030303030303,60,44.069242424242425,204.0,46.65896231199997,47,16.5,3,81,0.696969696969697,-436.2,,United Kingdom,VIP Customers,77.33082109755603
12968.0,82,1,135.95,73,14.6,24,27.189999999999998,61.2,21.266182073893752,5,5.0,1,0,0.0,0.0,0.0,United Kingdom,VIP Customers,42.43739543096322
12969.0,573,1,122.45,55,11.0,24,24.490000000000002,63.5,21.878939645238752,5,5.0,1,0,0.0,0.0,0.0,United Kingdom,VIP Customers,-51.368022422030606
12970.0,292,8,1071.93,694,3.0982142857142856,48,4.785401785714286,60.0,5.845801745194781,181,26.5,3,413,0.0,381.67,5.947172998974857,United Kingdom,Regular Customers,239.37227870282612
12971.0,2,107,13297.0,10911,30.563025210084035,1440,37.246498599439775,230.4,43.82069584173752,95,3.336448598130841,12,692,0.07563025210084033,1917.55,7.559324971375024,United Kingdom,Regular Customers,1541.383192178065
12972.0,384,6,1115.95,829,9.75294117647059,48,13.128823529411765,59.8,11.571414842472056,69,14.166666666666666,4,247,0.0,0.0,0.0,United Kingdom,Regular Customers,167.7549108865058
12973.0,384,1,385.55,31,5.166666666666667,12,64.25833333333334,290.0,110.64772214856782,6,6.0,1,0,0.0,0.0,0.0,United Kingdom,VIP Customers,17.300519881550912
12974.0,168,2,408.95,104,3.25,12,12.7796875,35.7,6.774744125331206,27,16.0,1,367,0.75,0.0,0.0,United Kingdom,Regular Customers,50.04232980510716
12975.0,400,8,1993.99,903,7.6525423728813555,48,16.89822033898305,107.4,13.895580901876984,92,14.75,4,303,0.19491525423728814,0.0,0.0,United Kingdom,Regular Customers,211.51049317631905
12976.0,182,8,3156.38,2684,17.428571428571427,100,20.495974025974025,145.0,23.61100013714889,106,19.25,6,453,0.0,0.0,0.0,United Kingdom,Regular Customers,186.8093659482102
12977.0,126,4,513.88,128,2.206896551724138,12,8.86,125.0,18.183308424573287,54,14.0,1,355,0.0,0.0,0.0,United Kingdom,Regular Customers,177.64552657398065
12978.0,355,6,2496.07,1393,8.49390243902439,50,15.219939024390245,67.5,13.12782431181585,126,27.166666666666668,4,344,0.0,0.0,0.0,United Kingdom,Regular Customers,214.45141362238724
12979.0,699,2,479.54,484,8.491228070175438,120,8.412982456140352,66.0,13.287246297122703,56,28.5,1,0,0.0,0.0,0.0,United Arab Emirates,VIP Customers,11.935533171190542
12980.0,126,26,15909.39,1883,31.915254237288135,144,269.6506779661017,838.8,245.9445821785483,7,2.269230769230769,11,582,0.1016949152542373,0.0,0.0,United Kingdom,Regular Customers,510.05659506018003
12981.0,103,1,187.18,134,12.181818181818182,24,17.016363636363636,34.68,6.793501707848866,11,11.0,1,0,0.0,185.04,5.225961704355896,United Kingdom,Regular Customers,294.6817166620506
12982.0,210,17,2562.12,1665,7.780373831775701,48,11.972523364485982,50.4,9.723125484616169,140,12.588235294117647,6,366,0.0,0.0,0.0,United Kingdom,Regular Customers,357.65814657186434
12983.0,568,1,490.08,638,21.266666666666666,48,16.336,30.6,7.039150418956088,30,30.0,1,0,0.0,0.0,0.0,United Kingdom,VIP Customers,-2.8580784143719598
12986.0,373,12,1998.34,882,6.25531914893617,120,14.172624113475177,232.5,40.211832545113786,63,11.666666666666666,7,285,0.0,0.0,0.0,United Kingdom,Regular Customers,201.55533872959862
12987.0,44,6,1298.51,583,8.573529411764707,25,19.095735294117645,49.95,9.298803536609809,61,11.333333333333334,6,615,0.0,0.0,0.0,United Kingdom,Regular Customers,-76.81294740162994
12988.0,262,1,505.82,126,1.5180722891566265,8,6.094216867469879,29.85,5.620339396157913,75,75.0,1,0,1.0,0.0,0.0,United Kingdom,VIP Customers,74.3716397232696
12989.0,24,35,12423.91,6637,86.1948051948052,648,161.34948051948052,810.0,185.17716476317102,28,2.2,10,675,0.03896103896103896,422.89000000000004,6.049473987610882,United Kingdom,Regular Customers,612.9713223219966
12990.0,1,7,955.5,480,17.77777777777778,30,35.388888888888886,58.5,15.542951242712348,9,3.857142857142857,7,588,0.0,0.0,0.0,United Kingdom,Regular Customers,-129.1721375519667
12991.0,82,2,564.62,439,12.194444444444445,50,15.68388888888889,42.5,8.535505099382654,36,18.0,2,277,0.0,200.2,5.304299438225584,United Kingdom,Regular Customers,138.74571242729397
12992.0,695,1,93.35,21,3.5,4,15.558333333333332,17.85,1.1778865253778346,6,6.0,1,0,0.0,0.0,0.0,United Kingdom,VIP Customers,-74.50229824846622
12993.0,91,9,1148.9,612,7.746835443037975,48,14.543037974683546,26.4,8.693695085642766,55,8.777777777777779,6,539,0.0,42.36,3.769537357131391,United Kingdom,Regular Customers,-10.211965286762819
12994.0,78,4,573.27,284,5.3584905660377355,25,10.816415094339622,25.5,9.934027205352866,38,13.25,2,161,0.0,328.95,5.798941127829431,United Kingdom,Regular Customers,245.85715427700026
12995.0,48,2,200.72,98,19.6,36,40.144,135.0,57.32546624319771,3,2.5,1,7,0.0,0.0,0.0,United Kingdom,VIP Customers,61.662345062398
12996.0,346,1,355.5,122,5.545454545454546,12,16.15909090909091,29.85,5.782231328319469,22,22.0,1,0,0.0,0.0,0.0,United Kingdom,VIP Customers,20.7901417797938
12997.0,56,15,1754.61,969,8.72972972972973,48,15.807297297297296,81.6,12.276998222540612,62,7.4,7,636,0.16216216216216217,310.5,5.741399338227508,United Kingdom,Regular Customers,39.232505374592876
12998.0,463,4,897.38,1102,18.065573770491802,144,14.711147540983607,93.6,14.478424649383262,58,15.25,3,160,0.0,0.0,0.0,United Kingdom,VIP Customers,-60.791191945569835
12999.0,166,3,455.88,342,12.214285714285714,48,16.28142857142857,76.5,13.59014558946508,25,9.333333333333334,2,49,0.0,0.0,0.0,United Kingdom,VIP Customers,38.021685455673634
13000.0,77,5,965.0,538,8.276923076923078,72,14.846153846153847,76.32,12.39402019275673,58,13.0,4,618,0.0,0.0,0.0,United Kingdom,Regular Customers,-61.446101369349066
13001.0,128,35,22803.2,12801,13.035641547861507,198,23.221181262729125,415.0,31.355832133701625,295,27.6,11,578,0.06924643584521385,1203.4,7.093736796607579,United Kingdom,Regular Customers,1386.8350276015851
13002.0,288,3,414.13,201,8.73913043478261,24,18.00565217391304,35.4,6.463808915159824,19,7.666666666666667,2,116,0.0,0.0,0.0,United Kingdom,VIP Customers,-46.971897092139926
13003.0,76,3,149.05,103,17.166666666666668,48,24.84166666666667,60.0,18.582314620807242,4,2.0,3,109,0.0,0.0,0.0,United Kingdom,VIP Customers,-57.5265599751354
13004.0,6,44,10482.01,7912,9.731857318573185,72,12.8930012300123,59.4,8.272300095094407,397,18.477272727272727,12,689,0.06273062730627306,661.98,6.496744823818343,United Kingdom,Regular Customers,1024.1355242378934
13005.0,144,6,935.03,455,7.583333333333333,24,15.583833333333333,75.0,13.0834992587269,41,10.0,4,283,0.13333333333333333,0.0,0.0,United Kingdom,Regular Customers,153.71435540880108
13006.0,26,1,81.57,55,13.75,24,20.3925,38.25,17.128158832752572,4,4.0,1,0,0.0,0.0,0.0,United Kingdom,VIP Customers,46.33918194347575
13007.0,550,1,175.25,59,5.363636363636363,12,15.931818181818182,25.5,5.734556335379081,11,11.0,1,0,1.0,0.0,0.0,United Kingdom,VIP Customers,-73.02192724363448
13008.0,293,7,543.28,312,8.0,60,13.93025641025641,51.0,14.710405462797146,31,5.571428571428571,4,399,0.2564102564102564,0.0,0.0,United Kingdom,Regular Customers,16.710070470812155
13009.0,643,1,234.0,120,30.0,30,58.5,58.5,0.0,4,4.0,1,0,0.0,0.0,0.0,United Kingdom,VIP Customers,-63.26034062421462
13010.0,344,2,330.12,323,26.916666666666668,50,27.51,51.0,15.352700680395555,10,6.0,2,274,0.0,0.0,0.0,United Kingdom,Regular Customers,53.00846836871497
13011.0,342,1,50.55,13,4.333333333333333,6,16.849999999999998,17.85,1.603901493234543,3,3.0,1,0,0.0,0.0,0.0,United Kingdom,VIP Customers,-12.99881823352598
13012.0,48,11,2135.18,1175,8.047945205479452,48,14.624520547945204,50.4,16.383249060199883,82,13.272727272727273,7,514,0.0,441.0,6.091309882077698,United Kingdom,Regular Customers,88.87456295305361
13013.0,6,29,10480.73,5393,11.474468085106382,200,22.299425531914892,212.0,16.634887296349397,284,16.20689655172414,10,689,0.0,592.75,6.386458355348851,United Kingdom,Regular Customers,697.896888282943
13014.0,2,15,4611.23,1854,8.131578947368421,48,20.224692982456137,175.2,19.92453045876468,139,15.2,7,400,0.5043859649122807,609.6,6.414442080300778,United Kingdom,Regular Customers,393.5142366886032
13015.0,23,14,6459.08,3455,9.650837988826815,72,18.042122905027934,295.0,22.62759312942476,260,25.571428571428573,6,549,0.04189944134078212,0.0,0.0,United Kingdom,Regular Customers,553.3414683326329
13016.0,43,3,789.89,527,11.212765957446809,24,16.806170212765956,34.68,5.488934541892478,39,15.666666666666666,2,49,0.0,0.0,0.0,United Kingdom,VIP Customers,84.23279901850523
13018.0,1,33,8958.11,6385,11.320921985815604,50,15.883173758865249,125.0,8.3757249063515,387,17.09090909090909,10,617,0.11702127659574468,784.7,6.666575040181776,United Kingdom,Regular Customers,898.305322403247
13019.0,349,8,1212.95,395,6.9298245614035086,24,21.279824561403508,50.4,9.083473511829066,46,7.125,5,353,0.3508771929824561,0.0,0.0,United Kingdom,Regular Customers,64.78410348578393
13020.0,518,5,606.96,271,6.4523809523809526,24,14.451428571428572,35.4,7.18096690664187,38,8.4,3,111,0.0,0.0,0.0,United Kingdom,VIP Customers,-58.60551939813442
13021.0,8,22,4108.66,1981,8.883408071748878,48,18.424484304932736,75.6,10.999774304747492,134,10.136363636363637,10,696,0.29596412556053814,698.0,6.54965074223381,United Kingdom,Regular Customers,181.32854342246304
13022.0,400,1,65.3,35,7.0,12,13.059999999999999,15.0,2.1232051243344348,5,5.0,1,0,0.0,0.0,0.0,Belgium,VIP Customers,-8.311897169026395
13023.0,34,3,1449.03,585,7.697368421052632,48,19.066184210526316,108.0,14.826646190073262,69,25.333333333333332,3,464,0.0,0.0,0.0,United Kingdom,Regular Customers,88.25686654127901
13024.0,434,3,535.42,174,5.117647058823529,12,15.747647058823528,30.0,8.952115395451285,26,11.333333333333334,3,118,0.0,0.0,0.0,United Kingdom,VIP Customers,-93.09173447037281
13025.0,702,1,323.39,241,18.53846153846154,72,24.876153846153844,90.0,20.75424034523288,13,13.0,1,0,0.0,0.0,0.0,United Kingdom,VIP Customers,-57.93673460662808
13026.0,2,10,1512.22,1952,27.885714285714286,192,21.603142857142856,159.36,23.325362792453753,38,7.0,7,694,0.5571428571428572,177.9,5.186826990514674,United Kingdom,Regular Customers,-99.45502184613841
13027.0,84,23,17052.0,42597,478.6179775280899,1680,191.59550561797752,672.0,139.6240731312219,9,3.8260869565217392,12,574,0.056179775280898875,0.0,0.0,United Kingdom,Regular Customers,1143.7195497416483
13028.0,9,2,354.3,378,14.538461538461538,36,13.626923076923077,33.0,7.7610992877198886,24,13.0,2,6,0.0,305.38,5.72482616158455,United Kingdom,VIP Customers,71.72759557420068
13029.0,1,5,1927.3,194,11.411764705882353,30,113.37058823529412,449.1,158.46042788621503,13,3.4,3,492,0.5882352941176471,0.0,0.0,United Kingdom,Regular Customers,55.1163936255017
13030.0,338,1,402.36,174,3.0526315789473686,12,7.058947368421053,44.85,7.419521231235334,50,50.0,1,0,0.0,350.08,5.861014117723917,United Kingdom,Regular Customers,311.2244359421733
13031.0,377,5,3292.84,2309,5.673218673218673,36,8.090515970515971,52.2,6.7407934645075915,275,79.6,5,147,0.0,0.0,0.0,United Kingdom,Regular Customers,498.20952438772986
13032.0,9,11,2790.0,1262,5.897196261682243,72,13.037383177570094,90.0,11.255327989159865,148,19.272727272727273,3,421,0.3177570093457944,0.0,0.0,United Kingdom,Regular Customers,348.7999844763299
13033.0,327,2,220.55,98,7.538461538461538,10,16.965384615384615,19.5,3.7826018721346975,12,6.5,2,72,0.0,0.0,0.0,United Kingdom,VIP Customers,-55.19947051981745
13034.0,25,3,756.8199999999999,406,9.227272727272727,24,17.200454545454544,30.0,4.625685092965277,42,14.666666666666666,3,346,0.8409090909090909,0.0,0.0,United Kingdom,Regular Customers,74.99378876402014
13035.0,28,4,1328.95,909,20.2,72,29.532222222222224,102.0,26.175998972765537,27,11.25,3,373,0.0,0.0,0.0,United Kingdom,Regular Customers,112.7323493964206
13036.0,655,1,307.1,38,6.333333333333333,12,51.18333333333334,79.6,24.710355454073635,6,6.0,1,0,1.0,0.0,0.0,United Kingdom,VIP Customers,-98.93076548603841
13037.0,108,16,3842.55,2105,8.734439834024895,48,15.944190871369296,58.5,8.960113575177662,181,15.0625,10,597,0.07883817427385892,0.0,0.0,United Kingdom,Regular Customers,180.0937443590617
13038.0,50,3,908.46,360,12.857142857142858,24,32.445,102.0,30.383893698739406,24,9.333333333333334,3,210,0.0,0.0,0.0,United Kingdom,Regular Customers,183.30733678793806
13039.0,554,4,1010.73,290,5.2727272727272725,24,18.37690909090909,51.0,6.70319793021081,37,13.75,4,138,0.0,0.0,0.0,United Kingdom,VIP Customers,-110.61516278363732
13040.0,3,1,303.25,167,7.9523809523809526,25,14.44047619047619,19.8,3.1187761641234797,21,21.0,1,0,1.0,373.74,5.926232452170367,United Kingdom,VIP Customers,46.2959677405899
13041.0,421,4,799.13,335,9.571428571428571,30,22.832285714285714,58.5,14.672432952291715,23,8.75,3,139,0.0,0.0,0.0,United Kingdom,VIP Customers,-81.08063951484885
13042.0,554,4,1454.84,807,4.3621621621621625,48,7.864,31.2,7.0349271650381215,164,44.25,4,147,0.0,0.0,0.0,United Kingdom,VIP Customers,23.756003954328662
13043.0,224,2,471.57,251,17.928571428571427,96,33.683571428571426,120.0,35.369345616517414,13,7.0,1,19,0.0,0.0,0.0,United Kingdom,VIP Customers,32.69839831150213
13044.0,261,13,4818.35,2546,6.090909090909091,96,11.527153110047848,102.0,13.075075554224664,356,31.76923076923077,7,409,0.49521531100478466,0.0,0.0,United Kingdom,Regular Customers,503.11584136257636
13045.0,69,3,808.92,405,9.0,25,17.976,41.6,7.689349600111006,41,15.0,3,387,0.0,0.0,0.0,United Kingdom,Regular Customers,70.17363024598058
13046.0,1,3,949.25,505,9.017857142857142,25,16.950892857142858,85.0,10.036951959776292,50,18.666666666666668,3,425,0.0,0.0,0.0,United Kingdom,Regular Customers,87.45910216336532
13047.0,2,42,8100.09,3258,7.720379146919432,64,19.19452606635071,163.2,17.838562385170725,191,10.047619047619047,11,692,0.13033175355450238,0.0,0.0,United Kingdom,Regular Customers,683.7028430462789
13048.0,83,12,3539.2200000000003,2367,9.8625,144,14.74675,103.68,11.77487863203537,119,19.916666666666668,6,568,0.16666666666666666,460.86,6.135261814855749,United Kingdom,Regular Customers,179.90513234472587
13049.0,34,5,1384.14,606,21.642857142857142,96,49.43357142857143,177.6,50.909600580017624,19,5.6,3,336,0.0,0.0,0.0,United Kingdom,Regular Customers,139.07690167916567
13050.0,5,54,10766.93,6517,6.62970498474059,96,10.953133265513733,92.03,10.522221522732954,506,18.01851851851852,12,688,0.3631739572736521,697.5,6.5489351786970165,United Kingdom,Regular Customers,1250.2897611091091
13051.0,549,2,155.8,72,18.0,60,38.95,75.0,24.722661669003198,4,2.0,2,40,0.0,0.0,0.0,United Kingdom,VIP Customers,-96.21810944281663
13052.0,182,7,3119.33,1424,5.741935483870968,48,12.577943548387097,70.8,10.978373781921702,161,34.285714285714285,5,442,0.0,0.0,0.0,United Kingdom,Regular Customers,224.7124169570579
13053.0,592,1,127.65,47,2.764705882352941,12,7.508823529411765,34.0,8.124081396035603,17,17.0,1,0,1.0,0.0,0.0,United Kingdom,VIP Customers,-70.93889722775634
13054.0,652,1,-14.0,-1,-1.0,-1,-14.0,-14.0,0.0,1,1.0,1,0,0.0,0.0,0.0,,,-61.5706341944385
13055.0,34,6,2292.51,1805,11.424050632911392,48,14.509556962025318,40.8,6.750842584347936,145,26.333333333333332,3,365,0.0,0.0,0.0,United Kingdom,Regular Customers,305.3418418672869
13056.0,521,1,209.48,158,8.31578947368421,50,11.025263157894736,21.0,5.465265438731176,18,18.0,1,0,1.0,0.0,0.0,United Kingdom,VIP Customers,-64.68512230506792
13057.0,500,4,528.24,443,10.547619047619047,48,12.577142857142857,132.0,37.750321871392416,36,10.5,2,101,0.047619047619047616,0.0,0.0,United Kingdom,VIP Customers,-22.87673307758419
13058.0,28,2,137.70000000000002,26,4.333333333333333,6,22.950000000000003,32.7,8.31979567056788,4,3.0,2,93,0.0,133.7,4.903050083416319,United Kingdom,Regular Customers,221.76773307772828
13059.0,220,12,2261.22,855,4.253731343283582,50,11.249850746268656,89.25,8.965972143477355,155,16.416666666666668,6,368,0.19402985074626866,0.0,0.0,United Kingdom,Regular Customers,271.7507826144865
13060.0,224,1,307.53,123,8.2,24,20.502,61.2,12.509541615445844,15,15.0,1,0,0.0,0.0,0.0,United Kingdom,VIP Customers,38.16129632158294
13061.0,42,1,248.60999999999999,107,10.7,24,24.860999999999997,51.75,15.128490010572769,10,10.0,1,0,0.0,0.0,0.0,United Kingdom,VIP Customers,59.40090691320955
13062.0,161,1,346.98,343,31.181818181818183,288,31.543636363636367,102.0,28.294397775081645,11,11.0,1,0,0.0,0.0,0.0,United Kingdom,VIP Customers,-8.773191173912295
13063.0,451,1,188.4,116,9.666666666666666,24,15.700000000000001,30.0,5.326776272244354,12,12.0,1,0,0.0,0.0,0.0,United Kingdom,VIP Customers,-17.56484109187116
13064.0,58,5,1403.58,520,7.123287671232877,72,19.227123287671233,125.0,16.594760843197548,44,14.2,5,503,0.4931506849315068,263.26,5.576933466986071,United Kingdom,Regular Customers,-12.708441853486676
13065.0,343,6,1050.1,380,6.031746031746032,12,16.668253968253968,30.6,5.461721795067731,49,10.5,5,174,0.0,0.0,0.0,United Kingdom,Regular Customers,165.67859553007798
13066.0,2,1,151.81,136,4.857142857142857,12,5.421785714285714,12.5,2.9577970450638356,28,28.0,1,0,0.0,279.09000000000003,5.635110980093582,United Kingdom,VIP Customers,87.73973339233874
13067.0,52,3,508.51,131,4.09375,12,15.8909375,45.0,13.22122861875991,24,10.333333333333334,2,363,0.84375,0.0,0.0,United Kingdom,Regular Customers,58.31684728398204
13068.0,290,1,165.0,100,100.0,100,165.0,165.0,0.0,1,1.0,1,0,0.0,179.0,5.19295685089021,United Kingdom,Regular Customers,238.31565203886626
13069.0,23,39,8216.42,14159,13.881372549019607,1440,8.055313725490196,244.8,21.396152263838417,554,25.71794871794872,12,489,0.2784313725490196,132.37,4.8931272206343035,United Kingdom,Regular Customers,1011.7293987565266
13070.0,162,5,743.9,368,10.514285714285714,30,21.254285714285714,58.5,10.68779795889144,12,7.0,4,545,0.0,0.0,0.0,United Kingdom,Regular Customers,-79.2954822903902
13071.0,582,1,129.22,30,2.5,5,10.768333333333333,25.5,10.431910688175037,12,12.0,1,0,0.0,0.0,0.0,United Kingdom,VIP Customers,-44.878180753344
13072.0,237,1,177.15,69,9.857142857142858,24,25.307142857142857,35.4,9.165443641355127,7,7.0,1,0,0.0,0.0,0.0,United Kingdom,VIP Customers,12.497960407128147
13073.0,381,2,418.08,261,9.666666666666666,25,15.484444444444444,33.9,4.959652076300183,25,13.5,2,26,0.2222222222222222,0.0,0.0,United Kingdom,VIP Customers,-17.574100551023747
13074.0,481,5,1362.8400000000001,824,27.466666666666665,200,45.428000000000004,290.0,60.12721630584319,26,6.0,5,212,0.0,0.0,0.0,United Kingdom,VIP Customers,-140.63401198265043
13075.0,100,1,919.61,485,22.045454545454547,40,41.80045454545455,102.0,24.03382863447205,22,22.0,1,0,0.0,0.0,0.0,United Kingdom,VIP Customers,94.55696351034473
13076.0,428,1,135.4,44,4.888888888888889,12,15.044444444444444,17.85,2.6538232378547337,9,9.0,1,0,0.0,0.0,0.0,United Kingdom,VIP Customers,-20.523421013811003
13077.0,260,13,2564.32,2151,7.46875,96,8.90388888888889,82.8,9.681442761942465,177,22.0,7,438,0.0,151.83,5.029326192539745,United Kingdom,Regular Customers,259.032974968954
13078.0,3,87,25982.25,10365,12.940074906367041,200,32.43726591760299,237.6,35.74888966304335,153,9.206896551724139,12,706,0.10861423220973783,2387.19,7.778291035836519,United Kingdom,Regular Customers,1923.1777777604705
13079.0,45,4,371.48,128,8.533333333333333,16,24.765333333333334,95.2,20.208541994013558,11,3.75,3,341,0.13333333333333333,47.7,3.885679030088544,United Kingdom,Regular Customers,80.36685131394557
13080.0,149,5,260.83,191,9.55,24,13.0415,20.1,9.10806136574108,17,4.0,4,430,0.0,0.0,0.0,United Kingdom,Regular Customers,-20.78734576727905
13081.0,6,37,53834.2,38312,16.796142042963613,360,23.601139850942566,207.5,26.878299779767456,726,61.648648648648646,10,695,0.013590530469092503,2127.17,7.663017734488767,United Kingdom,Regular Customers,3097.881296914377
13082.0,96,25,7268.92,8413,62.78358208955224,1200,54.24567164179105,864.0,104.02199600711815,100,5.36,10,591,0.007462686567164179,0.0,0.0,United Kingdom,Regular Customers,424.0127634746161
13083.0,46,2,284.07,263,14.61111111111111,48,15.781666666666666,40.8,10.871397036692743,18,9.0,2,349,1.0,111.36,4.721708002236043,United Kingdom,Regular Customers,31.92143941592738
13084.0,458,2,116.44999999999999,137,34.25,96,29.112499999999997,81.6,40.624753845408094,2,2.0,1,4,0.0,0.0,0.0,United Kingdom,VIP Customers,-36.137624841865915
13085.0,128,10,1459.46,835,9.076086956521738,48,15.863695652173913,100.8,92.10638351978201,51,9.2,6,581,0.0,0.0,0.0,United Kingdom,Regular Customers,-33.207663895295724
13086.0,353,1,439.33,155,3.297872340425532,12,9.347446808510638,35.4,8.688068897378026,47,47.0,1,0,0.0,0.0,0.0,United Kingdom,VIP Customers,55.025033224269635
13087.0,696,1,313.64,86,5.733333333333333,18,20.909333333333333,53.1,11.685134919855997,15,15.0,1,0,1.0,0.0,0.0,United Kingdom,VIP Customers,-88.2805874190193
13088.0,387,1,236.11,76,3.8,12,11.8055,38.25,8.307490263231381,19,19.0,1,0,0.0,0.0,0.0,United Kingdom,VIP Customers,8.169121842821852
13089.0,2,237,101844.81999999999,54297,16.831060136391816,288,31.569999999999997,1051.2,54.02927710564098,851,13.603375527426161,12,705,0.06013639181649101,8048.42,8.993355318127465,United Kingdom,At-Risk Customers,7921.909683605859
13090.0,1,28,11828.79,2899,10.898496240601503,96,44.469135338345865,612.0,91.20546639735453,158,9.428571428571429,10,463,0.0,931.14,6.837483017996783,United Kingdom,Regular Customers,818.001525394884
13091.0,700,4,-450.03999999999996,-1535,-15.66326530612245,120,-4.5922448979591834,1213.02,129.11499513265048,38,24.5,1,2,0.0,319.82,5.770880218188696,United Kingdom,Regular Customers,531.7103125101759
13092.0,41,15,2007.33,601,5.226086956521739,100,17.45504347826087,59.7,13.547514524029669,52,7.666666666666667,9,597,0.02608695652173913,0.0,0.0,United Kingdom,Regular Customers,-15.279649305462073
13093.0,237,88,53274.33,25799,23.496357012750455,200,48.5194262295082,734.4,65.49958180148963,204,12.477272727272727,12,468,0.13296903460837886,0.0,0.0,United Kingdom,Regular Customers,3334.396235755658
13094.0,50,16,1838.34,1578,47.81818181818182,144,55.70727272727272,152.64,51.510303779482264,5,2.0625,10,309,0.09090909090909091,152.64,5.034612203477704,United Kingdom,Regular Customers,134.04133276536353
13095.0,41,1,74.4,144,24.0,48,12.4,17.4,3.5155426323684367,6,6.0,1,0,0.0,0.0,0.0,United Kingdom,VIP Customers,45.76805904993694
13096.0,364,1,419.7,6,6.0,6,419.7,419.7,0.0,1,1.0,1,0,0.0,0.0,0.0,United Kingdom,VIP Customers,-19.027343685442105
13097.0,3,40,12796.61,5299,5.149659863945578,48,12.435966958211857,308.74,18.456259489960992,390,25.425,11,705,0.12730806608357628,0.0,0.0,United Kingdom,Regular Customers,1060.9878336189367
13098.0,13,32,22571.57,12621,25.041666666666668,192,44.78486111111111,408.0,52.45912773847906,157,15.75,10,274,0.0,6087.31,8.714125818087464,United Kingdom,Regular Customers,1438.1948448110222
13099.0,69,1,207.36,288,288.0,288,207.36,207.36,0.0,1,1.0,1,0,0.0,0.0,0.0,United Kingdom,VIP Customers,31.384351622486292
13100.0,595,1,-1598.67,-1,-1.0,-1,-1598.67,-1598.67,0.0,1,1.0,1,0,0.0,0.0,0.0,,,-54.093688175357926
13101.0,204,4,695.4,478,9.372549019607844,66,13.635294117647058,81.36,15.03699682156529,48,12.75,4,446,0.0,0.0,0.0,United Kingdom,Regular Customers,-0.656951404614432
13102.0,12,39,10358.17,5868,12.756521739130434,144,22.51776086956522,257.76,21.607469639290123,192,11.794871794871796,12,539,0.1108695652173913,765.13,6.641351868134738,United Kingdom,Regular Customers,843.6062376517601
13103.0,10,3,709.64,426,12.909090909090908,25,21.504242424242424,51.0,12.440269046101612,27,11.0,3,537,0.0,0.0,0.0,United Kingdom,Regular Customers,-35.00967296349077
13104.0,17,8,1369.62,726,27.923076923076923,96,52.677692307692304,162.72,38.68817300495771,15,3.25,7,606,0.0,339.48,5.830356386713225,United Kingdom,Regular Customers,-102.42299615421953
13105.0,406,1,72.0,100,100.0,100,72.0,72.0,0.0,1,1.0,1,0,0.0,0.0,0.0,United Kingdom,VIP Customers,-29.625207785178475
13106.0,99,3,586.46,227,13.352941176470589,96,34.49764705882353,165.0,46.068276439624334,15,5.666666666666667,3,284,0.0,0.0,0.0,United Kingdom,Regular Customers,98.81155306964305
13107.0,14,15,5109.62,4255,22.513227513227513,144,27.035026455026454,175.2,27.503952165220596,143,12.6,8,686,0.0,0.0,0.0,United Kingdom,Regular Customers,232.92000992134874
13108.0,343,2,748.46,745,21.285714285714285,72,21.38457142857143,102.0,18.720230695985677,27,17.5,2,62,0.0,0.0,0.0,United Kingdom,VIP Customers,1.470325938065855
13109.0,21,6,1119.38,754,10.32876712328767,48,15.333972602739728,51.0,7.559407079138407,57,12.166666666666666,3,500,0.3150684931506849,-11.8,,United Kingdom,Regular Customers,68.13843635234429
13110.0,1,14,2896.17,757,2.9803149606299213,24,11.40224409448819,70.8,11.527463446969161,167,18.071428571428573,9,707,0.12598425196850394,0.0,0.0,United Kingdom,Regular Customers,62.57729932149394
13111.0,689,1,321.88000000000005,180,15.0,48,26.823333333333338,130.8,34.04955194828249,12,12.0,1,0,0.0,0.0,0.0,United Kingdom,VIP Customers,-45.3043302852584
13112.0,511,3,-5.44,-1,-0.2,9,-1.088,18.9,13.197347081894906,3,1.6666666666666667,2,189,0.0,0.0,0.0,United Kingdom,VIP Customers,-170.67838230939324
13113.0,10,58,15560.28,3766,8.012765957446808,200,33.106978723404254,1700.0,99.80845739841465,168,8.0,12,580,0.3382978723404255,676.16,6.517907581769049,United Kingdom,Regular Customers,1616.7090144761462
13114.0,701,1,234.38,74,4.625,12,14.64875,27.0,4.562794282746776,16,16.0,1,0,0.0,0.0,0.0,United Kingdom,VIP Customers,-58.57597467436807
13115.0,21,21,4896.39,3577,11.651465798045603,120,15.949153094462542,71.4,10.312264666327222,178,14.619047619047619,10,609,0.0,483.06,6.182208865975514,United Kingdom,Regular Customers,313.4871785294664
13116.0,87,2,485.19,290,9.35483870967742,25,15.651290322580644,31.9,9.827611015886307,30,15.5,2,21,1.0,0.0,0.0,United Kingdom,VIP Customers,20.03665593668748
13117.0,92,18,2110.82,1608,10.509803921568627,48,13.7962091503268,93.0,8.853628605395876,114,8.5,11,501,0.032679738562091505,143.14,4.970785049496295,United Kingdom,Regular Customers,145.12834338387984
13118.0,178,9,1995.39,687,5.725,60,16.62825,76.5,17.674144276410136,85,13.333333333333334,6,230,0.5583333333333333,338.71000000000004,5.828092312472438,United Kingdom,Regular Customers,224.14109754418297
13119.0,639,1,134.9,110,10.0,24,12.263636363636364,15.0,2.3838090222468447,11,11.0,1,0,0.0,0.0,0.0,United Kingdom,VIP Customers,-58.7472347856675
13120.0,209,1,30.6,12,12.0,12,30.6,30.6,0.0,1,1.0,1,0,0.0,0.0,0.0,United Kingdom,VIP Customers,9.625799554191673
13121.0,239,2,254.73,227,4.283018867924528,36,4.806226415094339,20.28,5.174119109871262,50,26.5,1,0,0.0,0.0,0.0,United Kingdom,VIP Customers,78.42800403457233
13122.0,64,2,922.39,585,10.636363636363637,48,16.77072727272727,30.6,4.76560549747624,54,27.5,2,146,0.0,0.0,0.0,United Kingdom,Regular Customers,259.70297012547223
13123.0,443,2,506.75,268,5.955555555555556,25,11.261111111111111,29.7,5.481874771471983,36,22.5,2,56,0.0,0.0,0.0,United Kingdom,VIP Customers,-27.814302676500034
13124.0,60,4,4641.66,2738,9.674911660777385,72,16.401625441696112,114.75,13.105923658301336,216,67.75,4,295,0.2791519434628975,0.0,0.0,United Kingdom,Regular Customers,456.251404594767
13125.0,494,1,148.62,53,2.65,6,7.431,12.75,3.136816857899103,20,20.0,1,0,1.0,0.0,0.0,United Kingdom,VIP Customers,-51.49949974977591
13126.0,9,18,3309.59,2813,12.963133640552995,144,15.251566820276498,46.8,8.760073795584098,159,12.055555555555555,9,608,0.0,369.44,5.9146914883020685,United Kingdom,Regular Customers,205.7124404951094
13127.0,48,1,259.17,127,8.466666666666667,20,17.278000000000002,34.68,6.868984329162917,15,15.0,1,0,0.0,0.0,0.0,United Kingdom,VIP Customers,66.23322173196524
13128.0,601,1,263.5,31,31.0,31,263.5,263.5,0.0,1,1.0,1,0,0.0,0.0,0.0,United Kingdom,VIP Customers,-65.11987327672188
13129.0,422,2,233.25,296,26.90909090909091,150,21.204545454545453,37.8,10.203368427765767,10,5.5,2,77,0.0,0.0,0.0,United Kingdom,VIP Customers,-104.01682831214387
13130.0,64,1,64.0,32,16.0,20,32.0,39.0,9.899494936611665,2,2.0,1,0,0.0,0.0,0.0,United Kingdom,VIP Customers,36.48260291101843
13131.0,34,7,2978.67,1353,9.804347826086957,25,21.584565217391305,119.4,18.901493515298057,103,19.714285714285715,4,604,0.34057971014492755,301.1,5.710758088392627,United Kingdom,Regular Customers,113.13364086889317
13132.0,232,1,77.3,20,6.666666666666667,12,25.766666666666666,45.0,16.678229322483045,3,3.0,1,0,0.0,0.0,0.0,United Kingdom,VIP Customers,7.000351288554498
13133.0,244,3,200.45,55,4.583333333333333,12,16.704166666666666,25.5,4.226080191841938,12,4.0,3,185,0.0,0.0,0.0,United Kingdom,VIP Customers,-128.26390683777896
13134.0,43,9,2422.28,1349,10.5390625,36,18.9240625,139.8,15.466519667017407,110,14.222222222222221,5,343,0.0,0.0,0.0,United Kingdom,Regular Customers,299.5954786561707
13135.0,167,2,3371.45,4423,245.72222222222223,4300,187.30277777777778,3096.0,725.9289886824173,18,9.0,2,294,0.0,0.0,0.0,United Kingdom,Regular Customers,-116.68844253730427
13136.0,20,24,6097.9,3042,8.894736842105264,36,17.830116959064327,53.64,10.323669383818807,207,14.25,8,681,0.21637426900584794,0.0,0.0,United Kingdom,Regular Customers,418.875870386506
13137.0,11,15,6398.61,3568,2.9126530612244896,48,5.223355102040816,51.0,5.2431908777479075,589,77.8,7,461,0.6293877551020408,1143.0,7.042286171939743,United Kingdom,Regular Customers,836.4939861234708
13138.0,17,7,1130.56,526,6.743589743589744,24,14.494358974358974,25.2,4.419802425431875,39,11.142857142857142,6,349,0.0,130.7,4.880526608749236,United Kingdom,Regular Customers,91.53945264104078
13139.0,3,7,7849.46,4390,17.015503875968992,288,30.424263565891472,117.0,19.702963366175705,212,36.857142857142854,5,405,0.1124031007751938,344.37,5.844616306121053,United Kingdom,Regular Customers,467.4147035349282
13140.0,78,5,1054.92,572,5.447619047619048,64,10.046857142857144,41.6,8.158190117238686,89,20.8,3,382,0.0,0.0,0.0,United Kingdom,Regular Customers,151.22724236608815
13141.0,55,21,7524.13,5124,11.916279069767441,48,17.497976744186047,130.8,14.892840032776897,285,20.476190476190474,10,645,0.0,0.0,0.0,United Kingdom,Regular Customers,525.6618597888696
13143.0,552,2,399.2,196,8.166666666666666,12,16.633333333333333,34.0,7.692902243466782,23,12.0,1,2,0.0,0.0,0.0,United Kingdom,VIP Customers,-2.368601345011456
13144.0,303,2,135.35,29,4.833333333333333,8,22.558333333333334,63.75,21.662003985473426,6,3.0,2,98,0.0,0.0,0.0,United Kingdom,VIP Customers,-73.4331414773236
13145.0,10,8,1124.77,262,26.2,72,112.477,306.0,108.58741159391667,5,1.25,6,560,0.1,0.0,0.0,United Kingdom,Regular Customers,-72.38025362287001
13147.0,1,3,475.2,96,32.0,48,158.4,237.6,68.58921197972754,1,1.0,3,68,0.0,237.6,5.474788509663815,United Kingdom,VIP Customers,-18.09990518808044
13148.0,77,34,7082.36,3711,5.028455284552845,96,9.596693766937669,59.4,9.348264173455119,406,21.058823529411764,11,625,0.4065040650406504,917.25,6.822469684699777,United Kingdom,Regular Customers,730.2137357217938
13149.0,76,3,1132.62,884,13.8125,96,17.6971875,69.6,9.126921536103533,58,21.333333333333332,3,182,0.0,543.44,6.299757743463873,United Kingdom,Regular Customers,235.7025200280914
13150.0,441,4,435.02,170,18.88888888888889,96,48.33555555555555,132.0,48.35952080798338,7,2.25,2,160,0.0,0.0,0.0,United Kingdom,VIP Customers,-116.4622674371559
13151.0,173,5,2396.16,806,4.914634146341464,36,14.610731707317072,47.4,11.453408127868679,135,30.4,3,424,0.0,0.0,0.0,United Kingdom,Regular Customers,196.9199953328992
13152.0,387,9,2114.98,969,7.021739130434782,32,15.325942028985507,47.7,6.994031620116123,114,15.333333333333334,8,277,0.2971014492753623,0.0,0.0,United Kingdom,Regular Customers,147.4051186238538
13154.0,114,5,997.43,972,10.02061855670103,96,10.282783505154638,79.6,64.87932531731295,79,19.4,4,591,0.0,0.0,0.0,United Kingdom,Regular Customers,-45.56414088409909
13155.0,3,6,1370.48,741,6.616071428571429,25,12.236428571428572,46.8,8.29068704236818,79,18.5,6,458,0.05357142857142857,0.0,0.0,United Kingdom,Regular Customers,60.44614658291533
13156.0,355,3,1586.54,914,8.788461538461538,48,15.255192307692308,34.0,7.122706884374574,94,34.666666666666664,2,290,0.0,0.0,0.0,United Kingdom,Regular Customers,187.3077574683126
13157.0,19,10,5667.71,4753,18.786561264822133,96,22.40201581027668,90.0,12.765554295679427,173,25.3,7,592,0.22924901185770752,0.0,0.0,United Kingdom,Regular Customers,284.9803144768193
13158.0,65,5,1508.18,992,9.92,36,15.081800000000001,35.4,6.134632336089091,70,20.0,5,293,0.0,0.0,0.0,United Kingdom,Regular Customers,168.2261495949857
13159.0,20,4,1088.69,792,8.081632653061224,36,11.109081632653062,74.7,10.973529357986289,95,24.25,2,65,0.0,282.56,5.647423740986817,United Kingdom,Regular Customers,417.1243415208056
13161.0,283,2,472.13,105,3.1818181818181817,10,14.306969696969697,39.5,9.134461356878306,30,16.5,2,187,0.24242424242424243,0.0,0.0,United Kingdom,Regular Customers,144.03321414709197
13162.0,92,19,9116.94,5668,23.325102880658438,100,37.51827160493827,165.0,34.20359114791207,186,12.789473684210526,10,613,0.22633744855967078,0.0,0.0,United Kingdom,Regular Customers,446.50443330870144
13163.0,580,2,0.0,0,0.0,2,0.0,13.9,11.755069828234397,2,2.0,2,45,0.5,0.0,0.0,United Kingdom,VIP Customers,-119.84477961321574
13164.0,539,3,297.46000000000004,114,9.5,48,24.788333333333338,153.0,50.0726335769683,8,4.0,2,98,0.0,0.0,0.0,United Kingdom,VIP Customers,-86.79267393120543
13165.0,16,3,1451.16,1736,35.42857142857143,100,29.615510204081634,169.0,36.34140940793438,47,16.333333333333332,2,366,0.0,0.0,0.0,United Kingdom,Regular Customers,188.35015247572048
13166.0,252,3,873.43,520,7.536231884057971,96,12.658405797101448,76.2,12.311022275991782,55,22.333333333333332,2,131,0.0,0.0,0.0,United Kingdom,Regular Customers,247.03743851867137
13167.0,37,4,993.49,915,13.071428571428571,144,14.192714285714287,41.76,9.617153593996386,55,17.5,4,323,0.22857142857142856,131.66,4.88778946409741,United Kingdom,Regular Customers,101.03288374528188
13168.0,6,6,1831.68,896,5.12,32,10.466742857142858,81.6,9.588558208899375,127,28.5,5,505,0.13142857142857142,0.0,0.0,United Kingdom,Regular Customers,125.8895836166482
13169.0,34,3,840.08,296,16.444444444444443,72,46.67111111111112,153.0,48.426450828749374,16,6.0,3,498,0.0,0.0,0.0,United Kingdom,Regular Customers,-26.3012818277966
13171.0,19,2,272.89,113,3.138888888888889,24,7.580277777777777,50.0,8.795500630959351,35,18.0,2,250,0.6388888888888888,153.92,5.0429088546465515,United Kingdom,Regular Customers,141.3334133809841
13172.0,370,1,69.6,48,48.0,48,69.6,69.6,0.0,1,1.0,1,0,0.0,0.0,0.0,United Kingdom,VIP Customers,-21.743249091215944
13173.0,337,12,2193.2599999999998,1315,6.641414141414141,72,11.077070707070705,60.0,10.307649000810473,147,16.333333333333332,7,362,0.0,187.71,5.2402114451410045,United Kingdom,Regular Customers,218.3689902313677
13174.0,286,11,7286.6,3369,3.8903002309468824,48,8.414087759815242,63.6,7.13806806081619,564,75.36363636363636,7,418,0.17551963048498845,708.76,6.564926884721947,United Kingdom,Regular Customers,763.9338058435286
13175.0,524,4,793.1,392,7.686274509803922,24,15.550980392156863,79.9,13.924103167515234,40,12.75,3,181,0.0,0.0,0.0,United Kingdom,VIP Customers,-99.25345923438368
13176.0,16,1,481.49,448,6.686567164179104,72,7.186417910447761,30.24,6.607057223608555,66,66.0,1,0,0.0,0.0,0.0,United Kingdom,VIP Customers,135.25744565327716
13177.0,35,2,512.2,180,6.0,12,17.073333333333334,34.0,4.3308582675185,23,15.0,1,365,0.0,0.0,0.0,United Kingdom,Regular Customers,102.31268005011754
13178.0,6,24,13691.41,8581,12.527007299270073,50,19.9874598540146,122.4,12.112553428396868,186,28.541666666666668,11,687,0.09781021897810219,306.48,5.728410044480931,United Kingdom,Regular Customers,672.5129366544245
13179.0,589,1,572.31,368,10.823529411764707,24,16.83264705882353,35.4,6.757998766365912,34,34.0,1,0,0.0,0.0,0.0,United Kingdom,VIP Customers,-0.5746268397177516
13180.0,577,1,86.1,42,10.5,24,21.525,30.0,7.292633269265636,4,4.0,1,0,1.0,0.0,0.0,United Kingdom,VIP Customers,-92.53804345180606
13181.0,351,1,359.69,171,9.0,24,18.931052631578947,50.4,9.559270599055395,19,19.0,1,0,0.0,0.0,0.0,United Kingdom,VIP Customers,19.53014106084322
13182.0,15,1,121.18,201,18.272727272727273,25,11.016363636363637,15.0,3.564410954778567,11,11.0,1,0,0.0,0.0,0.0,United Kingdom,VIP Customers,63.62474185901536
13183.0,7,17,6581.82,3787,24.43225806451613,96,42.46335483870968,177.6,40.05078547598537,64,9.117647058823529,9,598,0.25806451612903225,429.05999999999995,6.063924733837243,United Kingdom,Regular Customers,244.1873878832713
13184.0,101,11,1419.6,1507,9.41875,144,8.872499999999999,60.0,10.681587814505562,122,14.454545454545455,5,159,0.0,196.85,5.287509167831433,United Kingdom,Regular Customers,381.51434314075505
13185.0,238,1,71.4,12,12.0,12,71.4,71.4,0.0,1,1.0,1,0,0.0,0.0,0.0,United Kingdom,VIP Customers,4.174195722380688
13186.0,10,5,1539.69,804,9.571428571428571,100,18.329642857142858,50.4,11.112762926964303,69,16.8,3,89,0.0,0.0,0.0,United Kingdom,Regular Customers,349.86258363554407
13187.0,307,5,322.66,274,4.807017543859649,25,5.660701754385966,20.4,5.786705780015185,51,10.8,2,287,0.0,0.0,0.0,United Kingdom,Regular Customers,139.42496477104285
13189.0,85,1,127.0,526,29.22222222222222,100,7.055555555555555,18.72,4.1099967399761255,18,18.0,1,0,0.0,133.68,4.9029015942928735,United Kingdom,Regular Customers,297.42414165546023
13190.0,514,4,518.76,306,17.0,96,28.82,155.7,43.837688190441256,16,4.5,3,188,0.7777777777777778,0.0,0.0,United Kingdom,VIP Customers,-171.15017055620993
13191.0,628,1,164.69,115,1.9491525423728813,12,2.79135593220339,10.2,2.038823576973875,58,58.0,1,0,0.0,0.0,0.0,United Kingdom,VIP Customers,3.9296650004397975
13192.0,65,8,2544.53,1618,9.806060606060607,50,15.42139393939394,34.8,6.083404343863609,135,20.625,7,591,0.0,0.0,0.0,United Kingdom,Regular Customers,58.659193529610974
13193.0,31,1,112.08,46,1.84,12,4.4832,16.95,4.223970998953472,22,22.0,1,0,1.0,0.0,0.0,United Kingdom,VIP Customers,38.55447077060285
13194.0,106,2,472.78,326,32.6,96,47.278,102.0,26.297326353325985,10,5.0,2,285,0.0,0.0,0.0,United Kingdom,Regular Customers,89.3730862535885
13195.0,384,1,136.73,70,1.5217391304347827,6,2.972391304347826,17.7,2.9882006364162126,43,43.0,1,0,0.0,0.0,0.0,United Kingdom,VIP Customers,34.36488091605631
13196.0,55,6,2848.81,1839,10.389830508474576,25,16.09497175141243,53.1,8.85849682792368,131,29.5,4,532,0.0,210.83,5.355784066196366,United Kingdom,Regular Customers,173.73671034370815
13197.0,580,1,373.01,204,10.736842105263158,25,19.632105263157893,79.9,15.340019766374116,19,19.0,1,0,0.0,0.0,0.0,United Kingdom,VIP Customers,-15.612140674422847
13198.0,34,11,4520.22,3159,10.600671140939598,48,15.168523489932888,79.9,8.49515777114736,248,27.09090909090909,7,370,0.0,392.06,5.97396227197184,United Kingdom,Regular Customers,469.53439204449126
13199.0,2,60,13805.56,10236,56.552486187845304,576,76.27381215469613,414.72,76.17243224238067,55,3.0166666666666666,12,703,0.016574585635359115,2130.74,7.664693826629568,United Kingdom,Regular Customers,1032.8253771009595
13200.0,44,2,627.01,410,11.714285714285714,72,17.914571428571428,76.32,12.499698194675867,34,17.5,2,51,0.0,243.08,5.497496040408414,United Kingdom,Regular Customers,300.27998505552614
13201.0,472,4,1233.06,1036,12.046511627906977,36,14.337906976744186,81.6,12.797715339882219,65,21.25,3,140,0.3023255813953488,0.0,0.0,United Kingdom,VIP Customers,-20.62047704530373
13202.0,349,8,1571.3500000000001,571,8.157142857142857,24,22.447857142857146,79.5,14.441382254776423,55,8.75,7,352,0.12857142857142856,0.0,0.0,United Kingdom,Regular Customers,48.714746325471225
13203.0,9,10,2467.33,2211,13.99367088607595,48,15.616012658227847,83.4,9.514248111167683,149,15.8,8,682,0.1518987341772152,163.22,5.101206992280643,United Kingdom,Regular Customers,47.001566297072856
13204.0,701,1,966.66,428,7.508771929824562,24,16.95894736842105,50.4,6.605105894092875,57,57.0,1,0,0.0,0.0,0.0,United Kingdom,VIP Customers,21.931361013001208
13205.0,413,1,2803.2,256,256.0,256,2803.2,2803.2,0.0,1,1.0,1,0,0.0,0.0,0.0,United Kingdom,VIP Customers,-28.1154026659554
13206.0,370,15,8211.0,6809,11.966608084358525,200,14.430579964850615,139.2,15.070240431728049,395,37.266666666666666,7,332,0.026362038664323375,0.0,0.0,United Kingdom,Regular Customers,792.0747075942378
13207.0,121,3,483.12,120,12.0,24,48.312,71.4,20.43040479285714,8,3.3333333333333335,3,461,0.0,52.74,3.984157603187345,United Kingdom,Regular Customers,-44.42936304693458
13208.0,29,10,1958.3,1325,5.237154150197629,48,7.740316205533596,60.0,7.054670628554891,198,24.7,8,677,0.0,0.0,0.0,United Kingdom,Regular Customers,59.8032997120219
13209.0,78,13,6702.53,4762,16.36426116838488,144,23.03274914089347,153.0,23.08293694340917,230,22.384615384615383,7,576,0.10996563573883161,1735.53,7.459644148165045,United Kingdom,Regular Customers,418.8081575973115
13210.0,64,1,353.48,316,14.363636363636363,48,16.067272727272726,30.24,6.0310925977038305,22,22.0,1,0,0.0,0.0,0.0,United Kingdom,VIP Customers,71.75204913484606
13211.0,65,11,2285.54,1585,8.170103092783505,96,11.781134020618557,204.0,27.518575012672066,98,16.727272727272727,6,638,0.5412371134020618,310.78,5.742297810884534,United Kingdom,Regular Customers,77.44365117819547
13212.0,31,2,291.47,95,1.6964285714285714,11,5.204821428571429,19.9,3.548766746642828,55,28.0,1,0,1.0,487.86,6.192076149915105,United Kingdom,Regular Customers,339.07499988853715
13213.0,27,14,3834.62,2952,14.124401913875598,96,18.347464114832537,79.2,12.860892598969004,181,14.928571428571429,6,511,0.16267942583732056,0.0,0.0,United Kingdom,Regular Customers,340.50171977470757
13214.0,388,7,3264.23,2966,12.951965065502183,100,14.254279475982532,31.8,5.149067964593859,207,32.714285714285715,6,228,0.034934497816593885,0.0,0.0,United Kingdom,Regular Customers,359.3085029360009
13215.0,372,1,81.6,96,96.0,96,81.6,81.6,0.0,1,1.0,1,0,0.0,0.0,0.0,United Kingdom,VIP Customers,-23.032310345792496
13216.0,238,1,333.74,297,59.4,96,66.748,92.5,33.546316042152824,5,5.0,1,0,0.0,0.0,0.0,United Kingdom,VIP Customers,4.568214294775288
13217.0,92,6,266.12,364,45.5,250,33.265,239.04,161.60096560885484,3,1.3333333333333333,3,533,0.25,0.0,0.0,United Kingdom,Regular Customers,-106.99066868331644
13218.0,97,1,62.64,88,17.6,28,12.528,19.8,5.922458948781326,5,5.0,1,0,0.0,0.0,0.0,United Kingdom,VIP Customers,35.723367216554806
13219.0,588,1,76.23,11,1.0,1,6.930000000000001,7.49,0.7769684678286504,11,11.0,1,0,0.0,0.0,0.0,United Kingdom,VIP Customers,-48.73331813382276
13220.0,48,5,1336.0900000000001,396,7.471698113207547,25,25.20924528301887,166.8,30.741302575441285,46,10.6,4,497,0.018867924528301886,0.0,0.0,United Kingdom,Regular Customers,50.69741984459495
13221.0,210,2,847.41,244,3.696969696969697,18,12.839545454545455,59.4,9.854281136302468,62,33.0,2,119,0.0,0.0,0.0,United Kingdom,VIP Customers,18.865117782262715
13222.0,547,1,88.5,30,30.0,30,88.5,88.5,0.0,1,1.0,1,0,0.0,0.0,0.0,United Kingdom,VIP Customers,-55.16232591968452
13223.0,170,6,969.12,568,43.69230769230769,96,74.5476923076923,201.6,78.55142245198853,8,2.1666666666666665,5,464,0.3076923076923077,0.0,0.0,United Kingdom,Regular Customers,-54.15346967032943
13224.0,30,3,2150.85,1512,13.871559633027523,192,19.732568807339447,135.0,21.905620215913377,101,36.333333333333336,2,91,0.0,0.0,0.0,United Kingdom,Regular Customers,409.56463312859637
13225.0,30,16,14516.07,6473,53.94166666666667,288,120.96724999999999,380.8,96.58399650795974,55,7.4375,10,662,0.15833333333333333,1363.2,7.218323455220619,United Kingdom,Regular Customers,392.62165430638595
13226.0,243,2,312.46,179,6.392857142857143,24,11.159285714285714,25.2,6.513195113153805,28,14.0,2,120,0.0,0.0,0.0,United Kingdom,VIP Customers,-51.19241166854323
13227.0,172,1,257.7,99,11.0,24,28.633333333333333,67.5,22.122895380125993,9,9.0,1,0,1.0,0.0,0.0,United Kingdom,VIP Customers,0.3381686871047407
13228.0,51,1,358.0,200,100.0,100,179.0,179.0,0.0,2,2.0,1,0,0.0,0.0,0.0,United Kingdom,VIP Customers,46.647067327977936
13229.0,196,1,160.95,63,6.3,12,16.095,21.9,2.809848750377856,10,10.0,1,0,0.0,0.0,0.0,United Kingdom,VIP Customers,27.357444121459423
13230.0,108,29,5516.05,3093,2.801630434782609,121,4.996422101449276,119.7,7.1778652257985875,582,37.0,12,492,0.483695652173913,560.4,6.330433663927782,United Kingdom,Regular Customers,835.9127773520313
13231.0,516,1,-355.2,-1,-1.0,-1,-355.2,-355.2,0.0,1,1.0,1,0,0.0,0.0,0.0,,,-36.327059111942646
13232.0,68,5,1019.05,649,3.957317073170732,100,6.213719512195122,36.0,5.643559242798721,129,32.4,4,144,0.5548780487804879,309.3,5.7375395714543345,United Kingdom,Regular Customers,299.35542525158485
13233.0,44,4,1176.46,1604,21.105263157894736,60,15.479736842105263,46.8,7.417013410384569,74,19.0,3,619,0.0,0.0,0.0,United Kingdom,Regular Customers,0.06549701914170214
13234.0,643,2,346.5,159,2.6065573770491803,12,5.680327868852459,17.0,3.817155995071512,56,29.0,2,59,0.0,0.0,0.0,United Kingdom,VIP Customers,-53.389032621613666
13235.0,182,2,101.16999999999996,440,7.4576271186440675,36,1.7147457627118636,75.6,124.17694441950682,54,27.0,1,0,0.0,0.0,0.0,United Kingdom,VIP Customers,59.987643047537745
13236.0,58,2,421.65,163,6.791666666666667,24,17.568749999999998,40.56,11.212618013532401,21,12.0,2,18,0.0,305.62,5.725609195882308,United Kingdom,Regular Customers,294.6383452954062
13237.0,358,1,643.0,128,5.333333333333333,12,26.791666666666668,67.5,18.025402767415112,24,24.0,1,0,0.0,0.0,0.0,United Kingdom,VIP Customers,32.08621703123475
13238.0,134,4,624.75,281,8.78125,12,19.5234375,25.5,2.097424856395529,19,8.0,4,426,0.0,361.98,5.894347736328255,United Kingdom,Regular Customers,-10.43667343082521
13239.0,232,6,1579.84,1148,12.212765957446809,50,16.806808510638298,89.7,11.578799797847637,86,15.666666666666666,4,240,0.1702127659574468,0.0,0.0,United Kingdom,Regular Customers,240.62212131629263
13240.0,66,9,1398.44,696,3.4455445544554455,48,6.922970297029703,83.3,9.711893210924782,160,21.11111111111111,7,556,0.7722772277227723,0.0,0.0,United Kingdom,Regular Customers,60.647737352671726
13241.0,382,1,112.53,46,1.15,3,2.81325,8.5,2.076113711005647,40,40.0,1,0,1.0,0.0,0.0,United Kingdom,VIP Customers,-6.084045141516583
13242.0,82,7,699.4,350,10.0,10,19.982857142857142,20.8,0.6373131626028833,19,5.0,4,555,0.2571428571428571,0.0,0.0,United Kingdom,Regular Customers,-47.16029022483056
13243.0,173,5,1220.38,554,2.702439024390244,24,5.953073170731708,34.0,5.7845417582089365,165,40.0,3,428,0.0,0.0,0.0,United Kingdom,Regular Customers,191.641056243086
13244.0,63,1,121.74000000000001,38,1.4074074074074074,3,4.508888888888889,9.95,2.2246474799968667,27,27.0,1,0,0.0,0.0,0.0,United Kingdom,VIP Customers,73.20243494072383
13245.0,21,2,989.22,371,8.244444444444444,24,21.982666666666667,38.25,8.081856616127038,43,22.5,1,381,0.6444444444444445,0.0,0.0,United Kingdom,Regular Customers,105.23127316343158
13246.0,146,12,3184.19,2721,7.752136752136752,120,9.071766381766382,174.0,18.890516691477256,214,28.25,8,348,0.06552706552706553,57.81,4.074311908471865,United Kingdom,Regular Customers,383.5746882924632
13247.0,21,2,390.87,281,14.05,48,19.5435,52.02,11.321068052180646,17,10.0,2,31,0.7,110.25,4.711779921046349,United Kingdom,VIP Customers,19.829693080227827
13248.0,95,2,465.68,305,11.73076923076923,48,17.91076923076923,31.6,5.222703455550141,25,13.0,2,64,0.19230769230769232,0.0,0.0,United Kingdom,VIP Customers,7.350358500110431
13249.0,62,9,1608.9299999999998,1246,35.6,144,45.969428571428566,152.64,51.596005599091804,21,3.888888888888889,7,592,0.11428571428571428,0.0,0.0,United Kingdom,Regular Customers,-83.68684109603723
13250.0,423,3,245.59,105,5.25,16,12.2795,60.0,17.04136869811997,17,6.666666666666667,2,49,0.95,0.0,0.0,United Kingdom,VIP Customers,-61.674214771198535
13251.0,372,1,252.68,215,8.6,24,10.1072,25.2,6.344140682551105,25,25.0,1,0,0.0,0.0,0.0,United Kingdom,VIP Customers,16.78750926360533
13252.0,364,3,341.3,128,5.818181818181818,12,15.513636363636364,51.0,20.2434538614937,19,7.333333333333333,2,231,0.0,0.0,0.0,United Kingdom,Regular Customers,105.55300570561647
13253.0,127,4,2951.11,3015,40.2,144,39.34813333333334,180.0,31.183402103342388,73,18.75,3,546,0.0,0.0,0.0,United Kingdom,Regular Customers,120.7818202244566
13254.0,346,1,51.41,43,10.75,24,12.8525,19.35,5.070406788414516,4,4.0,1,0,1.0,0.0,0.0,United Kingdom,VIP Customers,-48.70274293443802
13255.0,344,2,504.95,340,17.894736842105264,72,26.576315789473682,90.0,24.98111157800058,19,9.5,2,138,0.0,164.96,5.111746795464668,United Kingdom,Regular Customers,160.64750540520893
13257.0,398,3,117.94999999999999,29,3.2222222222222223,12,13.105555555555554,33.9,18.065911346449635,7,3.0,2,8,0.0,0.0,0.0,United Kingdom,VIP Customers,-21.75865296052143
13258.0,175,3,535.47,241,11.476190476190476,32,25.49857142857143,81.6,21.904085757162814,14,6.666666666666667,2,195,0.0,473.96,6.16323058996242,United Kingdom,Regular Customers,171.01690411600026
13259.0,32,9,1402.54,503,1.6070287539936101,12,4.480958466453674,30.6,4.523163500555402,234,34.22222222222222,6,637,0.9744408945686901,0.0,0.0,United Kingdom,Regular Customers,94.67079688474698
13260.0,31,1,557.62,142,17.75,48,69.7025,219.0,69.16298385490815,8,8.0,1,0,1.0,0.0,0.0,United Kingdom,VIP Customers,46.04184636263716
13261.0,239,2,944.1,210,23.333333333333332,48,104.9,135.0,26.09913791679718,8,4.5,2,17,0.8888888888888888,0.0,0.0,United Kingdom,VIP Customers,-23.4562138544118
13262.0,233,3,573.45,247,4.94,24,11.469000000000001,51.0,9.016639097371309,48,16.666666666666668,3,337,0.52,0.0,0.0,United Kingdom,Regular Customers,56.35598032024146
13263.0,13,35,7806.27,4736,2.7439165701042874,60,4.5227520278099655,122.4,5.193495565615547,484,48.97142857142857,10,369,0.06373117033603708,869.93,6.769561606229071,United Kingdom,Regular Customers,1126.1450080871284
13264.0,413,1,722.56,375,9.868421052631579,25,19.01473684210526,35.7,9.137946347095157,38,38.0,1,0,0.0,0.0,0.0,United Kingdom,VIP Customers,39.68489616204269
13265.0,23,5,2092.66,1740,19.333333333333332,160,23.251777777777775,232.0,28.314400138992198,66,18.0,5,220,0.0,0.0,0.0,United Kingdom,Regular Customers,279.21529794117976
13266.0,13,27,5386.83,5970,20.657439446366784,240,18.63955017301038,117.0,15.870554522089634,148,10.666666666666666,10,679,0.058823529411764705,578.47,6.36211389267358,United Kingdom,Regular Customers,381.3207141537508
13267.0,6,45,8186.4,3453,8.899484536082474,48,21.098969072164948,102.0,15.867802577054077,149,8.622222222222222,11,696,0.07216494845360824,1011.26,6.919940733845938,United Kingdom,Regular Customers,679.1342129923792
13268.0,9,11,2810.94,3213,8.052631578947368,96,7.0449624060150375,60.0,6.590958092643675,246,35.81818181818182,6,228,0.0,316.76,5.761296380856808,United Kingdom,Regular Customers,537.4560702489605
13269.0,16,26,7078.63,5460,12.78688524590164,120,16.577587822014053,177.6,13.704096438335975,224,16.384615384615383,10,691,0.2997658079625293,1428.3799999999999,7.264996062803284,United Kingdom,Regular Customers,506.3655176400654
13270.0,336,1,590.0,200,200.0,200,590.0,590.0,0.0,1,1.0,1,0,0.0,0.0,0.0,United Kingdom,VIP Customers,-17.08269133666539
13271.0,7,2,172.37,168,1.826086956521739,22,1.8735869565217391,15.3,3.6736602047614277,79,42.0,1,0,0.0,0.0,0.0,United Kingdom,VIP Customers,153.46040536152378
13272.0,1,2,276.56,96,6.4,24,18.437333333333335,29.7,4.787839457068988,15,7.5,2,58,0.5333333333333333,0.0,0.0,United Kingdom,VIP Customers,1.5330518095239682
13273.0,83,1,138.98,153,9.5625,36,8.68625,24.9,6.223321594347079,16,16.0,1,0,0.0,0.0,0.0,United Kingdom,VIP Customers,54.37511419397168
13274.0,379,1,360.85,199,10.473684210526315,24,18.992105263157896,38.25,7.331292578883548,19,19.0,1,0,0.0,0.0,0.0,United Kingdom,VIP Customers,11.93808095170516
13275.0,354,2,238.86,138,2.875,24,4.97625,42.5,7.82961335014482,48,24.0,2,248,0.08333333333333333,0.0,0.0,United Kingdom,Regular Customers,109.6972638468666
13276.0,34,7,1871.21,838,3.4771784232365146,36,7.764356846473029,46.0,7.455591616730583,210,33.42857142857143,5,578,0.8755186721991701,0.0,0.0,United Kingdom,Regular Customers,128.03419794671788
13277.0,86,5,390.8,292,15.368421052631579,36,20.568421052631578,49.5,15.804827062626538,9,3.8,4,423,0.0,132.5,4.894101477840304,United Kingdom,Regular Customers,-3.2634657390663904
13278.0,11,5,1428.2,1355,12.431192660550458,144,13.102752293577982,60.48,10.766995339974672,80,21.8,4,569,0.42201834862385323,0.0,0.0,United Kingdom,Regular Customers,1.8488005526618565
13279.0,34,2,126.3,70,6.363636363636363,24,11.481818181818182,25.5,10.57273173610474,9,5.5,2,14,0.0,0.0,0.0,United Kingdom,VIP Customers,30.69702872311308
13280.0,92,8,2267.83,1487,7.218446601941747,96,11.00888349514563,44.85,7.9514228342353555,159,25.5,5,522,0.0,0.0,0.0,United Kingdom,Regular Customers,159.21353302529582
13281.0,407,3,306.45,175,6.730769230769231,30,11.786538461538461,30.6,11.265412177921478,24,8.666666666666666,2,154,0.8461538461538461,0.0,0.0,United Kingdom,VIP Customers,-126.1036423228791
13282.0,49,6,869.85,257,6.589743589743589,18,22.303846153846155,91.8,25.955015194855545,29,6.5,4,327,0.0,359.03999999999996,5.886215136388884,United Kingdom,Regular Customers,127.15184539464343
13283.0,30,4,373.36,204,10.2,24,18.668,71.4,13.128332399011972,19,5.0,4,580,0.0,0.0,0.0,United Kingdom,Regular Customers,-94.84173831589905
13284.0,293,2,196.15,79,5.642857142857143,24,14.010714285714286,25.5,7.390529765840891,13,7.0,1,8,0.0,0.0,0.0,United Kingdom,VIP Customers,18.882204057911366
13285.0,131,5,2625.57,1860,10.276243093922652,72,14.505911602209945,33.0,5.073164569348994,147,36.2,4,463,0.1270718232044199,739.02,6.606677212860019,United Kingdom,Regular Customers,180.25961006874513
13286.0,570,1,734.91,274,5.591836734693878,36,14.998163265306122,51.0,12.691945226774964,46,46.0,1,0,1.0,0.0,0.0,United Kingdom,VIP Customers,-15.284994894053654
13287.0,553,7,519.67,237,3.2027027027027026,36,7.022567567567567,25.5,13.097456101510268,46,10.571428571428571,5,121,0.0,0.0,0.0,United Kingdom,VIP Customers,-97.51984903936321
13288.0,413,6,892.16,376,31.333333333333332,96,74.34666666666666,365.76,105.95780346511302,7,2.0,3,223,0.08333333333333333,0.0,0.0,United Kingdom,VIP Customers,-87.7150602053224
13289.0,694,1,307.95,119,7.4375,12,19.246875,39.8,7.4840156054977145,16,16.0,1,0,0.0,0.0,0.0,United Kingdom,VIP Customers,-52.25148599910875
13290.0,401,3,-208.63,-1,-0.3333333333333333,1,-69.54333333333334,208.63,240.90517332206326,1,1.0,2,8,0.0,0.0,0.0,United Kingdom,VIP Customers,-47.101513839737805
13291.0,126,11,3270.79,1600,5.031446540880503,48,10.285503144654088,51.0,7.488400719088361,155,28.0,8,510,0.0,0.0,0.0,United Kingdom,Regular Customers,166.53900373192218
13292.0,9,6,987.79,514,8.566666666666666,48,16.463166666666666,39.6,6.688300306408241,55,10.0,5,487,0.0,0.0,0.0,United Kingdom,Regular Customers,19.897602771398766
13293.0,362,7,1180.34,549,7.52054794520548,16,16.16904109589041,76.5,9.596221068209838,52,10.428571428571429,6,346,0.0684931506849315,0.0,0.0,United Kingdom,Regular Customers,56.21377509036273
13294.0,160,3,1689.53,996,9.764705882352942,25,16.564019607843136,49.95,7.184105704392783,93,34.0,3,456,0.0,0.0,0.0,United Kingdom,Regular Customers,100.60030239749454
13295.0,330,9,1061.27,699,9.32,36,14.150266666666667,30.0,8.398181105088998,56,8.333333333333334,5,217,0.49333333333333335,0.0,0.0,United Kingdom,Regular Customers,176.3574351774001
13296.0,107,6,792.51,653,12.320754716981131,36,14.953018867924529,51.0,8.378464744832812,50,8.833333333333334,5,439,0.0,0.0,0.0,United Kingdom,Regular Customers,34.19828756262646
13297.0,37,5,3578.2,2348,22.796116504854368,100,34.73980582524272,165.0,31.249955230731302,94,20.6,3,475,0.0,774.47,6.653469297148785,United Kingdom,Regular Customers,226.4079233785452
13299.0,238,5,1173.3,408,6.181818181818182,25,17.777272727272727,59.7,11.781248405241866,56,13.2,4,260,0.0,0.0,0.0,United Kingdom,Regular Customers,154.17841340846883
13300.0,135,5,1267.21,447,7.706896551724138,25,21.84844827586207,142.8,21.27911996941406,44,11.6,3,409,0.0,0.0,0.0,United Kingdom,Regular Customers,116.01835127593176
13301.0,74,4,618.09,345,4.2592592592592595,36,7.630740740740741,34.0,6.385995180427593,75,20.25,4,188,0.7037037037037037,0.0,0.0,United Kingdom,Regular Customers,192.01284913252314
13302.0,125,2,159.2,12,4.0,6,53.06666666666666,76.5,30.225830564822093,3,1.5,1,371,0.0,0.0,0.0,United Kingdom,Regular Customers,36.176872547816316
13303.0,370,1,61.72,26,6.5,12,15.43,23.25,5.627782274869324,4,4.0,1,0,0.0,0.0,0.0,United Kingdom,VIP Customers,-17.083031330295142
13304.0,321,7,1120.79,688,7.908045977011494,48,12.88264367816092,43.8,9.919453339655615,59,12.428571428571429,5,318,0.0,0.0,0.0,United Kingdom,Regular Customers,102.42948072964421
13305.0,63,14,3086.7999999999997,1931,10.909604519774012,48,17.439548022598867,63.6,10.95405377532617,140,12.642857142857142,9,546,0.05084745762711865,529.61,6.274027288114812,United Kingdom,Regular Customers,158.07424702280116
13306.0,400,1,53.65,74,18.5,25,13.4125,23.4,7.869601324082433,4,4.0,1,0,0.0,0.0,0.0,United Kingdom,VIP Customers,-22.920499303684096
13307.0,90,3,273.34,140,9.333333333333334,36,18.222666666666665,30.6,6.072466510719473,15,5.0,2,472,0.0,0.0,0.0,United Kingdom,Regular Customers,-16.968365116111414
13308.0,22,4,1366.59,906,15.894736842105264,288,23.975263157894734,149.4,24.49732267479617,52,14.25,4,544,0.0,285.88,5.659064009856823,United Kingdom,Regular Customers,-40.3339930189417
13309.0,15,5,1471.49,1598,14.017543859649123,36,12.90780701754386,27.0,4.780854287116538,90,22.8,5,347,0.0,234.88,5.463323201132304,United Kingdom,Regular Customers,173.23046233232375
13310.0,170,6,1195.02,616,7.7974683544303796,25,15.126835443037974,46.5,7.996188602383111,65,13.166666666666666,3,202,0.0,297.78,5.699707516614171,United Kingdom,Regular Customers,260.90986278655885
13311.0,120,1,490.11,271,11.291666666666666,48,20.42125,70.8,18.386029978479996,24,24.0,1,0,0.0,108.46,4.695559185715772,United Kingdom,Regular Customers,317.76354224514444
13312.0,421,1,124.75,41,8.2,24,24.95,81.0,33.24874057765196,5,5.0,1,0,0.0,0.0,0.0,United Kingdom,VIP Customers,-22.527804006086257
13313.0,6,14,3110.59,2109,11.915254237288135,200,17.573954802259887,53.1,7.737239506423703,104,12.642857142857142,8,701,0.07909604519774012,312.68,5.748373357984076,United Kingdom,Regular Customers,20.938626473029302
13314.0,21,3,407.04,298,5.0508474576271185,24,6.898983050847458,29.7,12.567625032120572,40,19.333333333333332,2,22,0.0,186.47,5.2336188326091,United Kingdom,Regular Customers,336.0360278202769
13315.0,659,1,310.26,232,10.545454545454545,36,14.102727272727272,35.4,6.401157768655667,22,22.0,1,0,0.0,0.0,0.0,United Kingdom,VIP Customers,-40.34226165485467
13316.0,7,12,12656.18,19882,113.61142857142858,2880,72.32102857142857,489.6,88.84933981264493,116,14.583333333333334,6,602,0.21142857142857144,0.0,0.0,United Kingdom,Regular Customers,205.3665947926015
13317.0,34,31,6068.53,3052,8.010498687664041,48,15.92790026246719,204.0,17.771540282163286,222,12.290322580645162,10,662,0.10498687664041995,0.0,0.0,United Kingdom,Regular Customers,546.3075400576296
13318.0,7,1,302.96,176,13.538461538461538,36,23.30461538461538,42.96,9.336748734065672,13,13.0,1,0,0.0,337.8,5.8254099627779,United Kingdom,VIP Customers,70.4202528495467
13319.0,37,73,18377.99,7738,8.70416197975253,60,20.67265466816648,153.0,14.261044334562888,319,12.178082191780822,12,666,0.05174353205849269,2596.97,7.862485649819763,United Kingdom,Regular Customers,1642.736441780027
13320.0,40,9,2144.45,1472,9.558441558441558,25,13.924999999999999,25.2,6.905356190497856,98,17.11111111111111,4,408,0.0,0.0,0.0,United Kingdom,Regular Customers,237.05532615127137
13321.0,42,2,567.36,372,33.81818181818182,160,51.57818181818182,232.0,64.266079671656,10,5.5,1,14,0.0,0.0,0.0,United Kingdom,VIP Customers,78.93868033828647
13323.0,2,2,218.0,48,6.0,12,27.25,51.0,12.810932830984637,5,4.0,2,52,0.0,569.85,6.347126478122337,United Kingdom,Regular Customers,259.63856330566813
13324.0,2,23,10421.369999999999,8430,60.64748201438849,240,74.97388489208632,350.4,64.33333751044657,36,6.043478260869565,9,531,0.19424460431654678,0.0,0.0,United Kingdom,Regular Customers,574.4662005955951
13325.0,52,1,675.3,240,20.0,40,56.275,133.0,45.28724735206671,12,12.0,1,0,0.0,0.0,0.0,United Kingdom,VIP Customers,74.7690794286936
13326.0,402,1,281.76,140,10.76923076923077,24,21.673846153846153,40.56,8.788964234066055,13,13.0,1,0,1.0,0.0,0.0,United Kingdom,VIP Customers,-37.903101372576
13327.0,9,22,8996.03,4172,12.836923076923076,40,27.68009230769231,99.6,19.722878885564935,176,14.772727272727273,12,682,0.1076923076923077,0.0,0.0,United Kingdom,Regular Customers,366.520568358216
13328.0,286,1,1308.48,680,40.0,144,76.96941176470588,266.4,63.11562331057464,17,17.0,1,0,0.0,0.0,0.0,United Kingdom,VIP Customers,71.0637023531051
13329.0,2,14,4672.82,3266,26.128,144,37.38256,306.0,45.35843347098681,68,8.928571428571429,5,703,0.0,0.0,0.0,United Kingdom,Regular Customers,218.80398980807453
13330.0,63,6,2796.1,1951,16.675213675213676,72,23.898290598290597,102.0,15.4794095322318,80,19.5,5,562,0.15384615384615385,0.0,0.0,United Kingdom,Regular Customers,71.15975158023411
13331.0,372,1,262.4,54,4.5,12,21.866666666666664,79.95,18.40924092718523,12,12.0,1,0,0.0,0.0,0.0,United Kingdom,VIP Customers,9.119744972845325
13333.0,381,3,1015.74,685,12.454545454545455,48,18.468,39.8,7.641904309887783,54,18.333333333333332,3,247,0.10909090909090909,0.0,0.0,United Kingdom,Regular Customers,119.90241399948053
13334.0,52,6,6195.05,3197,6.730526315789474,32,13.04221052631579,81.6,9.373021949292252,307,78.16666666666667,3,570,0.10947368421052632,0.0,0.0,United Kingdom,Regular Customers,476.8264572532987
13335.0,510,1,-955.06,-1,-1.0,-1,-955.06,-955.06,0.0,1,1.0,1,0,0.0,0.0,0.0,,,-36.47212593981541
13336.0,47,1,795.12,559,10.96078431372549,48,15.590588235294117,30.0,3.9830809239907263,51,51.0,1,0,0.0,0.0,0.0,United Kingdom,VIP Customers,127.31255490362858
13337.0,489,2,1548.55,955,10.61111111111111,48,17.20611111111111,51.0,9.38542507336457,88,45.0,2,27,0.0,0.0,0.0,United Kingdom,VIP Customers,79.12948276976388
13338.0,124,10,2223.62,1126,7.712328767123288,72,15.230273972602738,130.8,17.09404441339673,113,14.6,4,549,0.0,0.0,0.0,United Kingdom,Regular Customers,168.28463443946666
13339.0,171,1,860.12,326,6.037037037037037,24,15.928148148148148,34.0,4.7164293633958065,54,54.0,1,0,0.0,0.0,0.0,United Kingdom,VIP Customers,109.61964807637992
13340.0,15,12,22100.56,9636,44.818604651162794,576,102.79330232558141,960.0,124.41773235391497,190,17.916666666666668,5,609,0.11627906976744186,0.0,0.0,United Kingdom,Regular Customers,1027.906924332172
13341.0,231,1,775.85,301,7.166666666666667,24,18.472619047619048,87.6,11.596510210871537,42,42.0,1,0,0.0,0.0,0.0,United Kingdom,VIP Customers,95.82663232137165
13342.0,552,1,-14.100000000000001,-4,-2.0,-2,-7.050000000000001,-4.2,4.030508652763321,2,2.0,1,0,0.0,0.0,0.0,,,-42.34328965019765
13343.0,143,2,303.93,126,5.7272727272727275,24,13.815,50.0,14.91620395664361,19,11.0,1,4,0.0,0.0,0.0,United Kingdom,VIP Customers,65.97091563736998
13344.0,38,3,2511.69,952,8.206896551724139,24,21.6525,290.0,28.127613289218594,115,38.666666666666664,2,209,0.0,0.0,0.0,United Kingdom,Regular Customers,431.65904989743353
13345.0,247,2,377.59999999999997,139,6.318181818181818,12,17.16363636363636,50.0,10.530728073890893,20,11.0,2,10,0.0,0.0,0.0,United Kingdom,VIP Customers,22.176888137156084
13346.0,433,6,299.4,180,30.0,48,49.9,60.0,5.941716923583621,4,1.0,5,133,0.0,0.0,0.0,United Kingdom,VIP Customers,-144.86428563998146
13347.0,40,1,341.36,205,25.625,36,42.67,59.4,8.849490703666833,8,8.0,1,0,0.0,0.0,0.0,United Kingdom,VIP Customers,61.147077497625645
13348.0,34,1,233.76,136,9.714285714285714,12,16.697142857142858,29.7,7.690140969570592,14,14.0,1,0,0.0,0.0,0.0,United Kingdom,VIP Customers,67.67198318603192
13350.0,20,2,578.17,152,4.3428571428571425,12,16.519142857142857,50.0,15.99427625036873,32,17.5,2,29,0.0,332.55,5.809792779155525,United Kingdom,Regular Customers,314.12645570899184
13351.0,36,1,373.94,117,7.3125,24,23.37125,50.0,8.333968142487706,16,16.0,1,0,0.0,0.0,0.0,United Kingdom,VIP Customers,73.64232912473503
13352.0,30,1,397.98,321,13.375,25,16.5825,50.0,8.598097489257876,24,24.0,1,0,0.0,-8.7,,United Kingdom,VIP Customers,93.17442443192328
13353.0,359,1,-28.849999999999998,-3,-1.0,-1,-9.616666666666665,-7.95,1.5275252316519465,3,3.0,1,0,0.0,0.0,0.0,,,-3.87874486237331
13354.0,41,1,743.53,604,11.843137254901961,36,14.579019607843136,39.6,6.413009045651491,51,51.0,1,0,0.0,0.0,0.0,United Kingdom,VIP Customers,134.0254398602346
13355.0,92,1,674.7,314,9.8125,48,21.084375,102.0,15.690450339452934,32,32.0,1,0,0.0,0.0,0.0,United Kingdom,VIP Customers,104.57152989225368
13356.0,50,1,768.24,325,7.738095238095238,24,18.291428571428572,47.7,8.719023096830643,42,42.0,1,0,0.0,0.0,0.0,United Kingdom,VIP Customers,118.32679294914915
13357.0,227,5,3805.51,2112,5.3604060913705585,48,9.658654822335025,51.0,7.586475844761165,284,77.2,3,369,0.22588832487309646,0.0,0.0,United Kingdom,Regular Customers,436.2692797637749
13358.0,239,1,439.03,285,9.827586206896552,48,15.138965517241378,50.0,7.954944259851222,29,29.0,1,0,0.0,0.0,0.0,United Kingdom,VIP Customers,53.63959350984919
13359.0,29,4,1001.96,374,6.131147540983607,24,16.425573770491805,50.0,10.860111191049898,52,15.25,2,344,0.0,0.0,0.0,United Kingdom,Regular Customers,165.62641182530024
13360.0,398,7,1464.1,932,12.767123287671232,48,20.056164383561644,142.8,21.258458096467614,58,10.428571428571429,3,272,0.0,0.0,0.0,United Kingdom,Regular Customers,213.741658560657
13361.0,442,2,1450.5,324,9.529411764705882,36,42.661764705882355,135.0,28.423208770148456,29,17.0,2,145,0.0,0.0,0.0,United Kingdom,VIP Customers,-56.84869665796066
13362.0,23,8,4609.72,2106,7.887640449438202,48,17.26486891385768,47.4,7.7366729629333175,172,33.375,4,372,0.19101123595505617,747.85,6.618538696438405,United Kingdom,Regular Customers,395.2946212315784
13363.0,14,2,1335.18,879,10.851851851851851,36,16.483703703703704,50.0,7.239500059473106,71,40.5,1,365,0.0,388.68,5.9653258894982875,United Kingdom,Regular Customers,194.9772780492921
13364.0,37,2,0.0,0,0.0,12,0.0,24.96,14.737283903152075,10,10.0,2,4,0.0,0.0,0.0,United Kingdom,VIP Customers,37.9247030122292
13365.0,4,3,2198.47,1245,9.576923076923077,25,16.91130769230769,76.5,9.831930294476475,124,43.333333333333336,2,359,0.6846153846153846,-34.15,,United Kingdom,Regular Customers,257.7978197449728
13366.0,20,1,56.16,144,144.0,144,56.16,56.16,0.0,1,1.0,1,0,0.0,0.0,0.0,United Kingdom,VIP Customers,43.217202835806376
13367.0,402,1,510.2,253,12.65,48,25.509999999999998,100.8,22.088194036395862,20,20.0,1,0,0.0,0.0,0.0,United Kingdom,VIP Customers,20.801037353949624
13368.0,227,5,1086.1,594,11.20754716981132,48,20.49245283018868,51.0,13.677942364605249,45,10.6,3,166,0.0,0.0,0.0,United Kingdom,Regular Customers,227.81541557940406
13369.0,324,2,263.75,127,6.684210526315789,32,13.881578947368421,50.0,17.735496191147256,14,9.5,1,11,0.0,0.0,0.0,United Kingdom,VIP Customers,17.412225533408673
13370.0,336,2,721.3199999999999,336,7.636363636363637,48,16.39363636363636,39.8,10.818092745738094,39,22.0,1,5,0.0,0.0,0.0,United Kingdom,VIP Customers,57.4413090777538
13371.0,469,4,2271.46,1016,10.694736842105263,48,23.910105263157895,102.0,19.90519367138096,75,23.75,2,133,0.0,0.0,0.0,United Kingdom,VIP Customers,55.81531570261035
13372.0,60,1,378.64,159,6.913043478260869,24,16.46260869565217,50.0,8.9308898148715,23,23.0,1,0,1.0,0.0,0.0,United Kingdom,VIP Customers,46.750840660049306
13373.0,31,6,7587.19,4263,11.90782122905028,288,21.19326815642458,123.75,14.266255525266763,292,59.666666666666664,4,672,0.3128491620111732,0.0,0.0,United Kingdom,Regular Customers,365.28282369537715
13374.0,385,2,422.8,135,7.9411764705882355,18,24.870588235294118,68.0,17.43819495768851,17,8.5,2,34,0.0,0.0,0.0,United Kingdom,VIP Customers,-23.66394129963453
13375.0,51,3,1786.48,1123,15.597222222222221,120,24.81222222222222,252.0,31.36994292210041,62,24.0,1,363,0.0,0.0,0.0,United Kingdom,Regular Customers,245.17362444047274
13376.0,69,3,1019.76,493,9.30188679245283,24,19.240754716981133,50.0,10.131652202011548,45,17.666666666666668,3,135,0.0,0.0,0.0,United Kingdom,Regular Customers,253.2498803640526
13377.0,367,4,1495.43,744,9.185185185185185,36,18.4620987654321,59.5,13.447149485676265,71,20.25,2,249,0.0,0.0,0.0,United Kingdom,Regular Customers,204.4240489486403
13378.0,393,1,-756.4,-1,-1.0,-1,-756.4,-756.4,0.0,1,1.0,1,0,0.0,0.0,0.0,,,-13.695819132221601
13379.0,38,2,435.82,475,8.189655172413794,25,7.514137931034482,33.0,5.907509355697949,57,28.5,2,68,0.7758620689655172,136.74,4.925367850116552,United Kingdom,Regular Customers,287.56117299502404
13380.0,403,1,62.4,48,16.0,24,20.8,30.0,8.057294831393476,3,3.0,1,0,1.0,0.0,0.0,United Kingdom,VIP Customers,-59.886304378106786
13381.0,2,14,8197.52,5110,14.194444444444445,120,22.77088888888889,102.0,16.0756549371691,155,25.642857142857142,8,706,0.06388888888888888,-12.5,,United Kingdom,Regular Customers,305.7486408393038
13382.0,251,5,1387.58,863,10.034883720930232,24,16.134651162790696,35.7,5.743455958520899,74,17.2,3,451,0.0,0.0,0.0,United Kingdom,Regular Customers,80.46364610872544
13383.0,514,1,305.28,288,288.0,288,305.28,305.28,0.0,1,1.0,1,0,0.0,0.0,0.0,United Kingdom,VIP Customers,-53.406370851274744
13384.0,1,15,6635.09,4130,15.239852398523984,192,24.483726937269374,232.0,23.90595505662983,192,18.066666666666666,6,469,0.07749077490774908,0.0,0.0,United Kingdom,Regular Customers,525.7704980758796
13385.0,300,1,534.57,281,8.028571428571428,25,15.273428571428573,49.9,7.62667028682016,35,35.0,1,0,0.0,0.0,0.0,United Kingdom,VIP Customers,57.2132426935589
13386.0,384,2,835.46,514,16.580645161290324,48,26.950322580645164,60.0,16.486021449270485,24,15.5,2,22,0.0,0.0,0.0,United Kingdom,VIP Customers,3.6113937950398736
13387.0,387,1,186.94,123,1.732394366197183,12,2.632957746478873,9.95,1.8960631351500004,71,71.0,1,0,0.0,0.0,0.0,United Kingdom,VIP Customers,66.29723328270649
13388.0,91,4,1135.7,700,10.0,48,16.224285714285713,53.1,11.363771517660414,68,17.5,3,482,0.5,0.0,0.0,United Kingdom,Regular Customers,39.055177145719114
13389.0,45,2,580.15,319,8.394736842105264,24,15.267105263157895,30.0,4.657602856298353,38,19.0,2,157,0.0,217.81,5.38820377334256,United Kingdom,Regular Customers,229.7136166644013
13390.0,45,1,544.08,224,17.23076923076923,48,41.8523076923077,119.4,37.67481345980056,13,13.0,1,0,0.0,0.0,0.0,United Kingdom,VIP Customers,74.98122657033949
13391.0,174,1,59.8,4,4.0,4,59.8,59.8,0.0,1,1.0,1,0,0.0,0.0,0.0,United Kingdom,VIP Customers,16.529637558539577
13392.0,647,1,91.14,82,10.25,12,11.3925,17.7,4.197603908353976,8,8.0,1,0,1.0,0.0,0.0,United Kingdom,VIP Customers,-96.09872847957581
13393.0,554,6,1105.85,658,9.013698630136986,60,15.1486301369863,108.0,16.38122657826708,54,12.166666666666666,4,148,0.0,0.0,0.0,United Kingdom,VIP Customers,-51.83964371601269
13394.0,8,23,6021.78,4983,12.124087591240876,96,14.651532846715329,75.6,13.347230692426251,251,17.869565217391305,12,701,0.19951338199513383,302.09999999999997,5.714062784063757,United Kingdom,Regular Customers,361.89458035970415
13395.0,155,3,1180.23,1660,20.493827160493826,288,14.57074074074074,60.48,10.636540177352996,77,27.0,3,236,0.0,0.0,0.0,United Kingdom,Regular Customers,171.88744909531448
13396.0,283,2,370.92,136,8.5,24,23.1825,59.4,16.536953568699808,15,8.0,1,6,0.0,954.37,6.862098700002317,United Kingdom,Regular Customers,280.5730149341164
13397.0,43,13,3094.11,1327,14.268817204301076,432,33.27,162.72,30.00281787490606,69,7.153846153846154,8,616,0.021505376344086023,0.0,0.0,United Kingdom,Regular Customers,-32.17335188746577
13398.0,162,2,670.34,341,8.743589743589743,48,17.18820512820513,35.7,5.883078263252322,37,19.5,2,256,0.0,0.0,0.0,United Kingdom,Regular Customers,137.50582825729194
13399.0,434,3,275.4,120,8.0,10,18.36,19.5,2.36206628671956,10,5.0,2,54,0.0,0.0,0.0,United Kingdom,VIP Customers,-48.14114933664092
13400.0,544,2,300.93,282,11.75,72,12.53875,19.5,6.289478662641768,23,12.0,1,8,0.0,0.0,0.0,United Kingdom,VIP Customers,-23.068318805550945
13401.0,594,1,-1834.14,-1,-1.0,-1,-1834.14,-1834.14,0.0,1,1.0,1,0,0.0,0.0,0.0,,,-54.40950536403162
13402.0,97,4,1226.85,917,11.60759493670886,48,15.529746835443037,53.1,9.040724666706126,55,19.75,4,437,0.0,0.0,0.0,United Kingdom,Regular Customers,55.69118317827355
13403.0,358,2,154.5,70,11.666666666666666,24,25.75,35.4,8.98882639725565,6,3.0,2,335,0.0,75.0,4.330733340286331,United Kingdom,Regular Customers,-4.091151830435393
13404.0,183,1,217.81,99,11.0,25,24.20111111111111,63.75,15.95286059335789,9,9.0,1,0,0.0,34.68,3.5745903077118086,United Kingdom,Regular Customers,279.7224456014681
13405.0,44,9,1196.56,848,18.434782608695652,288,26.012173913043476,87.6,21.259168261460328,33,5.0,5,650,0.10869565217391304,0.0,0.0,United Kingdom,Regular Customers,-115.52711671970886
13406.0,397,3,557.22,286,28.6,48,55.722,91.8,33.65590646528481,7,3.3333333333333335,2,204,0.0,0.0,0.0,United Kingdom,Regular Customers,103.14484469460325
13407.0,549,6,2111.89,1623,17.641304347826086,72,22.95532608695652,61.2,17.72429756205653,86,15.333333333333334,3,83,0.0,0.0,0.0,United Kingdom,VIP Customers,78.18329272424847
13408.0,1,124,45070.05,26069,32.87389659520807,160,56.834867591424974,306.0,48.9282760165674,311,6.370967741935484,12,705,0.17780580075662042,4244.97,8.353725576764853,United Kingdom,Regular Customers,3530.000094284604
13409.0,594,1,-525.65,-1,-1.0,-1,-525.65,-525.65,0.0,1,1.0,1,0,0.0,0.0,0.0,,,-51.59307736555385
13410.0,45,10,1906.41,1123,23.893617021276597,192,40.56191489361702,306.0,51.321897421559946,24,4.7,7,656,0.1702127659574468,266.1,5.587623120115915,United Kingdom,Regular Customers,-60.98674555103443
13411.0,77,1,213.55,72,4.0,7,11.863888888888889,34.65,9.207474673833268,17,17.0,1,0,0.0,0.0,0.0,United Kingdom,VIP Customers,63.933927273667734
13412.0,590,1,487.35,176,5.176470588235294,24,14.333823529411765,30.6,7.633823465026367,33,33.0,1,0,0.0,0.0,0.0,United Kingdom,VIP Customers,-11.002837215142904
13413.0,610,8,345.8,382,8.488888888888889,144,7.684444444444445,120.0,25.599892183327242,39,5.625,3,47,0.06666666666666667,0.0,0.0,United Kingdom,VIP Customers,-0.1056383457978427
13414.0,104,7,2482.24,2700,47.36842105263158,600,43.548070175438596,432.0,87.13170899437647,50,8.142857142857142,6,597,0.08771929824561403,0.0,0.0,United Kingdom,Regular Customers,-46.21785913408726
13415.0,443,5,665.42,404,3.575221238938053,60,5.888672566371681,51.0,11.693487313184876,85,22.6,3,255,0.0,0.0,0.0,United Kingdom,Regular Customers,153.302326045473
13416.0,14,3,940.8,208,8.0,16,36.184615384615384,79.2,18.531717509344723,16,8.666666666666666,3,692,0.0,0.0,0.0,United Kingdom,Regular Customers,-146.93589509400877
13417.0,175,6,1189.06,418,6.53125,24,18.5790625,51.0,12.66145578514597,42,10.666666666666666,4,464,0.0,404.83,6.005934352702543,United Kingdom,Regular Customers,28.081685833823457
13418.0,29,36,10553.6,6874,12.872659176029963,160,19.763295880149812,250.0,25.478519753983548,320,14.833333333333334,10,669,0.028089887640449437,688.62,6.53614072124911,United Kingdom,Regular Customers,904.2125906377959
13419.0,34,1,221.06,275,17.1875,25,13.81625,25.2,7.596547351703053,16,16.0,1,0,0.0,0.0,0.0,United Kingdom,VIP Customers,70.74359102283569
13420.0,105,4,140.35,88,8.8,25,14.035,38.25,15.95020114815693,8,2.5,2,36,0.0,0.0,0.0,United Kingdom,VIP Customers,33.60771610622112
13421.0,10,11,4044.45,2348,8.761194029850746,96,15.091231343283582,81.6,14.90824371573838,176,24.0,4,623,0.40671641791044777,0.0,0.0,United Kingdom,Regular Customers,257.2504080741903
13422.0,21,2,2601.55,1321,10.3203125,36,20.324609375,75.0,10.942120085805808,127,64.0,1,13,0.0,0.0,0.0,United Kingdom,VIP Customers,292.1555216891392
13423.0,399,1,217.03,141,11.75,24,18.085833333333333,30.0,6.701541828474093,12,12.0,1,0,0.0,0.0,0.0,United Kingdom,VIP Customers,-7.380884556791756
13424.0,414,2,557.92,526,12.829268292682928,25,13.60780487804878,22.5,6.280288413837027,40,20.5,1,5,0.0,0.0,0.0,United Kingdom,VIP Customers,47.28487600726294
13425.0,78,8,3362.73,2352,13.066666666666666,96,18.681833333333334,88.8,14.622144890580085,124,22.5,5,471,0.28888888888888886,0.0,0.0,United Kingdom,Regular Customers,212.51913474528033
13426.0,34,21,7143.55,4258,14.193333333333333,72,23.811833333333333,149.4,27.351990890203,148,14.285714285714286,10,665,0.03666666666666667,933.21,6.839701252356681,United Kingdom,Regular Customers,348.52184621188235
13427.0,90,5,888.79,766,16.652173913043477,48,19.321521739130436,79.2,12.656421113831035,32,9.2,4,601,0.1956521739130435,117.74000000000001,4.776936228842529,United Kingdom,Regular Customers,-73.90758770650248
13428.0,484,2,276.76,205,3.0597014925373136,24,4.130746268656717,17.7,3.4121833024019113,66,33.0,1,0,0.0,201.78,5.3121216475244335,United Kingdom,Regular Customers,296.906580479807
13429.0,20,3,693.0,1104,23.0,72,14.4375,51.0,8.958823892225748,38,16.0,2,25,0.5,313.8,5.751937516543248,United Kingdom,Regular Customers,338.3980113837649
13430.0,43,3,305.55,420,12.352941176470589,80,8.986764705882353,24.9,9.114044679932586,30,11.333333333333334,1,13,0.0,343.14,5.841048551325011,United Kingdom,Regular Customers,339.9303984801144
13431.0,37,9,3289.24,1566,12.046153846153846,96,25.301846153846153,183.6,23.69667192099318,113,14.444444444444445,6,592,0.0,0.0,0.0,United Kingdom,Regular Customers,131.0132754927032
13432.0,541,2,439.1,217,1.954954954954955,16,3.955855855855856,27.04,3.894213765545088,98,55.0,2,40,0.0,0.0,0.0,United Kingdom,VIP Customers,31.620416722158495
13433.0,407,5,656.87,189,7.56,24,26.2748,175.2,33.48714555865678,22,5.0,4,259,0.0,0.0,0.0,United Kingdom,VIP Customers,-147.83235366410548
13434.0,44,5,1666.86,864,24.685714285714287,96,47.62457142857143,177.6,41.47726381743994,17,7.0,3,581,0.3142857142857143,0.0,0.0,United Kingdom,Regular Customers,-20.5641295858953
13435.0,14,8,3157.81,1993,17.034188034188034,144,26.98982905982906,180.0,37.079024160961254,83,14.125,6,455,0.48717948717948717,1274.1200000000001,7.150795570810797,United Kingdom,Regular Customers,154.45205364815473
13437.0,1,5,2595.64,953,6.618055555555555,24,18.025277777777777,50.85,6.738123137699653,132,28.8,4,158,0.0,812.42,6.701247581319353,United Kingdom,Regular Customers,392.51949608786606
13438.0,517,1,46.5,10,10.0,10,46.5,46.5,0.0,1,1.0,1,0,0.0,0.0,0.0,United Kingdom,VIP Customers,-49.133598249395504
13439.0,225,3,986.61,952,5.700598802395209,96,5.907844311377246,27.84,4.2630507091880805,132,55.0,3,270,0.0,0.0,0.0,United Kingdom,Regular Customers,213.95855389740942
13440.0,393,10,1213.95,551,7.871428571428571,24,17.342142857142857,83.4,17.663342527807654,49,7.0,2,28,0.0,0.0,0.0,United Kingdom,VIP Customers,168.9593847468807
13441.0,62,2,720.9,520,13.68421052631579,48,18.971052631578946,81.12,12.133517301477884,33,19.0,2,339,0.0,0.0,0.0,United Kingdom,Regular Customers,115.80531237686091
13442.0,637,3,419.87,115,3.026315789473684,30,11.04921052631579,45.95,10.509633002458873,33,12.666666666666666,3,70,0.0,0.0,0.0,United Kingdom,VIP Customers,-95.62621346418996
13443.0,419,7,1240.71,794,3.9502487562189055,48,6.172686567164179,79.9,9.709356814242058,176,28.571428571428573,4,228,0.08955223880597014,0.0,0.0,United Kingdom,Regular Customers,301.3791487618977
13444.0,344,2,619.08,331,5.807017543859649,30,10.861052631578948,29.7,6.652943409877886,51,26.5,2,131,0.0,0.0,0.0,United Kingdom,VIP Customers,-41.58954111353634
13445.0,596,1,241.89999999999998,198,28.285714285714285,50,34.55714285714286,81.6,25.427600302483462,7,7.0,1,0,0.0,0.0,0.0,United Kingdom,VIP Customers,-48.975656691817676
13446.0,390,18,3608.86,2337,10.92056074766355,144,16.863831775700934,152.64,19.22882727558035,115,11.88888888888889,8,243,0.1588785046728972,0.0,0.0,United Kingdom,Regular Customers,387.01169228147046
13447.0,4,2,654.01,349,9.18421052631579,25,17.210789473684212,42.96,6.810844048808011,38,19.0,1,2,0.5789473684210527,450.22,6.111955025442605,United Kingdom,VIP Customers,108.89932708837568
13448.0,49,18,6902.49,3719,7.349802371541502,50,13.641284584980237,359.71,30.120267150177447,317,27.77777777777778,6,654,0.1324110671936759,1050.32,6.957801796466272,United Kingdom,Regular Customers,633.9673079522136
13450.0,59,13,3801.1,3952,28.431654676258994,144,27.346043165467623,93.6,19.05128937850744,57,10.692307692307692,7,513,0.19424460431654678,316.44,5.7602888240965076,United Kingdom,Regular Customers,184.6413937618563
13451.0,96,12,6506.35,4835,5.068134171907757,32,6.820073375262055,39.8,5.221417903826963,535,77.41666666666667,8,502,0.5251572327044025,512.76,6.2417562303412035,United Kingdom,Regular Customers,704.5974201874541
13452.0,229,3,729.8,6,2.0,4,243.26666666666665,295.0,89.60476177822991,2,1.0,2,213,0.0,0.0,0.0,United Kingdom,VIP Customers,-142.99764342998708
13453.0,136,5,758.99,339,8.071428571428571,24,18.071190476190477,39.8,10.087162380454833,33,8.4,3,236,0.0,0.0,0.0,United Kingdom,Regular Customers,176.03951365807833
13454.0,611,1,219.87,198,8.608695652173912,25,9.559565217391304,35.4,8.323102283436947,23,23.0,1,0,0.0,0.0,0.0,United Kingdom,VIP Customers,-29.92168134118748
13455.0,170,10,1715.48,603,5.110169491525424,25,14.537966101694915,63.75,12.914445338147647,70,11.8,7,530,0.3728813559322034,365.4,5.903725632799975,United Kingdom,Regular Customers,2.440656967071874
13456.0,33,5,1280.92,506,10.541666666666666,50,26.685833333333335,207.5,41.37688437996399,39,9.6,4,143,0.0,456.9,6.12665081966305,United Kingdom,Regular Customers,289.4198380906696
13457.0,659,4,143.26999999999998,93,8.454545454545455,24,13.024545454545454,46.8,13.087575301511249,9,2.75,2,48,0.0,0.0,0.0,United Kingdom,VIP Customers,-74.211506554307
13458.0,14,21,10909.89,6249,13.794701986754967,60,24.08364238410596,122.4,18.303423267154354,274,21.571428571428573,11,344,0.0,940.73,6.847718609287973,United Kingdom,Regular Customers,804.5006512299295
13459.0,595,2,1160.41,986,13.506849315068493,90,15.896027397260275,39.6,6.021980049905612,57,36.5,2,57,0.0,0.0,0.0,United Kingdom,VIP Customers,-14.067478755708834
13460.0,20,1,107.46000000000001,197,17.90909090909091,25,9.76909090909091,15.0,3.419770327216302,11,11.0,1,0,0.0,75.98,4.3435456478556,United Kingdom,VIP Customers,62.670311499652286
13461.0,9,8,4138.5,3128,47.39393939393939,200,62.70454545454545,208.8,49.41479202960052,30,8.25,5,558,0.07575757575757576,0.0,0.0,United Kingdom,Regular Customers,111.5390910418688
13462.0,153,6,1145.6,696,9.666666666666666,25,15.91111111111111,39.6,7.155121391585576,64,12.0,6,542,0.0,0.0,0.0,United Kingdom,Regular Customers,-48.22432709445806
13463.0,390,1,-158.65,-1,-1.0,-1,-158.65,-158.65,0.0,1,1.0,1,0,0.0,0.0,0.0,,,-11.836162704681641
13464.0,28,7,3083.89,1429,9.401315789473685,25,20.28875,68.0,11.810194345569954,128,21.714285714285715,4,572,0.0,0.0,0.0,United Kingdom,Regular Customers,161.40804293737315
13465.0,416,2,931.12,584,17.176470588235293,96,27.385882352941177,175.2,33.773226003039845,34,17.0,2,139,1.0,0.0,0.0,United Kingdom,VIP Customers,-81.45369209592599
13466.0,70,7,952.25,648,10.983050847457626,50,16.139830508474578,51.0,12.788385961020204,49,8.428571428571429,6,528,0.2711864406779661,0.0,0.0,United Kingdom,Regular Customers,-42.711399716047964
13467.0,6,1,770.66,422,5.410256410256411,26,9.88025641025641,39.8,10.179347946146876,71,71.0,1,0,0.0,301.25,5.711254489494902,United Kingdom,VIP Customers,162.45361769573157
13468.0,9,82,11972.53,5202,7.65,96,17.606661764705883,163.2,12.083294077432575,285,8.292682926829269,12,697,0.027941176470588237,521.85,6.259294616044598,United Kingdom,Regular Customers,1503.1379185522703
13469.0,623,1,82.4,52,8.666666666666666,10,13.733333333333334,19.9,3.9403891516786342,6,6.0,1,0,0.0,0.0,0.0,United Kingdom,VIP Customers,-60.64034462209116
13470.0,69,2,165.0,100,10.0,10,16.5,16.5,0.0,7,5.0,2,15,0.0,0.0,0.0,United Kingdom,VIP Customers,27.334017996133213
13471.0,17,1,941.67,587,7.072289156626506,48,11.345421686746988,34.75,7.069974005748748,81,81.0,1,0,1.0,1560.17,7.353190819134129,United Kingdom,Regular Customers,386.0462230139883
13472.0,434,2,592.24,310,11.071428571428571,24,21.15142857142857,47.6,10.132214380576846,24,14.0,2,91,0.0,0.0,0.0,United Kingdom,VIP Customers,-58.06882245276512
13473.0,31,10,2410.98,956,13.277777777777779,48,33.48583333333333,306.0,58.78293567062077,65,7.2,6,663,0.0,0.0,0.0,United Kingdom,Regular Customers,52.14336703832211
13474.0,206,3,646.59,318,2.5238095238095237,12,5.131666666666667,22.95,4.438626589385505,116,41.0,3,258,0.9682539682539683,0.0,0.0,United Kingdom,Regular Customers,169.96424286403618
13475.0,161,4,1431.78,1012,11.767441860465116,72,16.648604651162792,76.32,8.627178417180234,64,21.5,4,107,0.0,0.0,0.0,United Kingdom,Regular Customers,283.4711312788307
13476.0,149,7,1915.77,710,6.513761467889908,48,17.57587155963303,125.0,21.24337836750153,86,15.571428571428571,4,466,0.0,0.0,0.0,United Kingdom,Regular Customers,131.41703765574772
13477.0,8,13,2806.12,2088,13.132075471698114,108,17.648553459119498,90.0,12.006107192574635,112,12.23076923076923,10,646,0.050314465408805034,0.0,0.0,United Kingdom,Regular Customers,22.56941480674223
13478.0,439,7,2068.03,1168,8.916030534351146,60,15.786488549618323,51.0,11.52222580818775,114,18.714285714285715,6,207,0.19083969465648856,0.0,0.0,United Kingdom,Regular Customers,207.68149874163478
13479.0,168,7,808.5,708,12.206896551724139,36,13.939655172413794,39.6,9.743126765943954,45,8.285714285714286,4,279,0.0,0.0,0.0,United Kingdom,Regular Customers,165.264899059264
13480.0,387,2,627.8199999999999,362,8.829268292682928,48,15.312682926829266,26.0,3.488053916147401,40,20.5,2,262,0.0,0.0,0.0,United Kingdom,Regular Customers,91.35348241997104
13481.0,16,14,3803.09,2040,8.986784140969164,48,16.753700440528636,41.6,7.038043112110081,162,16.214285714285715,9,689,0.0,0.0,0.0,United Kingdom,Regular Customers,109.47576378847089
13482.0,202,2,336.09,187,9.35,24,16.804499999999997,23.4,3.951402782224108,20,10.0,2,395,0.0,0.0,0.0,United Kingdom,Regular Customers,8.753788362932909
13483.0,36,1,140.34,160,16.0,24,14.034,30.0,6.5758619206914615,10,10.0,1,0,0.0,0.0,0.0,United Kingdom,VIP Customers,60.46364786972475
13484.0,211,4,767.32,212,5.3,24,19.183,67.5,16.471333014727474,38,10.0,4,398,0.5,0.0,0.0,United Kingdom,Regular Customers,1.3568429020768065
13485.0,203,15,2957.92,1788,11.037037037037036,48,18.258765432098766,101.7,12.97291127842181,132,10.8,7,503,0.05555555555555555,0.0,0.0,United Kingdom,Regular Customers,227.16126393155614
13486.0,48,3,1122.41,669,9.695652173913043,36,16.2668115942029,39.6,5.601415391706979,69,23.0,3,76,0.0,0.0,0.0,United Kingdom,Regular Customers,324.0119408084794
13487.0,28,5,846.87,362,7.387755102040816,25,17.283061224489796,35.4,5.725661971947594,31,9.8,4,677,0.12244897959183673,0.0,0.0,United Kingdom,Regular Customers,-129.26192355192345
13488.0,13,28,13409.67,6964,10.583586626139818,96,20.379437689969606,238.8,16.500302672005777,361,23.5,11,640,0.04559270516717325,722.14,6.583602841034444,United Kingdom,Regular Customers,909.3448391595778
13489.0,75,4,449.52,560,40.0,288,32.10857142857143,158.4,41.072152433181614,11,3.5,3,189,0.0,0.0,0.0,United Kingdom,Regular Customers,139.63114306334302
13490.0,624,1,154.25,25,3.125,12,19.28125,29.9,5.913660789102756,8,8.0,1,0,0.0,0.0,0.0,United Kingdom,VIP Customers,-58.36365372009897
13491.0,22,27,4467.66,2349,9.0,60,17.117471264367815,75.0,8.824434288042426,144,9.666666666666666,12,681,0.06513409961685823,0.0,0.0,United Kingdom,Regular Customers,245.1344894954942
13492.0,106,3,1269.84,408,8.16,24,25.3968,67.5,14.51249784264077,38,16.666666666666668,2,78,0.0,0.0,0.0,Switzerland,VIP Customers,67.87003347640827
13493.0,245,2,618.63,380,47.5,144,77.32875,156.6,47.671480374238726,6,4.0,2,11,0.0,0.0,0.0,Switzerland,VIP Customers,-6.224162911040281
13494.0,282,1,316.26,162,9.0,48,17.57,35.4,5.548250386648135,18,18.0,1,0,0.0,0.0,0.0,United Kingdom,VIP Customers,21.096175770666406
13495.0,6,12,4477.7699999999995,2367,17.404411764705884,96,32.9247794117647,135.0,30.452765877348643,57,11.333333333333334,5,696,0.0,312.64,5.748245831362721,United Kingdom,Regular Customers,115.61598365596845
13496.0,328,2,465.61,217,8.037037037037036,24,17.244814814814816,70.8,17.194801622845286,26,13.5,1,1,0.0,152.32,5.032527240512354,United Kingdom,Regular Customers,297.2126697413944
13497.0,253,7,1139.83,521,8.830508474576272,24,19.31915254237288,40.8,10.146496811476126,52,8.428571428571429,4,386,0.0,0.0,0.0,United Kingdom,Regular Customers,88.6774275230868
13498.0,700,1,327.38,362,21.294117647058822,60,19.25764705882353,51.0,9.411319334591035,17,17.0,1,0,0.0,0.0,0.0,United Kingdom,VIP Customers,-52.45314264715694
13499.0,34,5,601.7,444,14.32258064516129,48,19.40967741935484,61.2,13.316110163725485,24,6.2,5,205,0.0,545.26,6.303095052878391,United Kingdom,Regular Customers,152.16302186395694
13500.0,6,3,968.3299999999999,549,9.46551724137931,36,16.695344827586204,39.6,5.3835529960671895,52,19.333333333333332,2,365,0.0,467.97,6.1505388005155135,United Kingdom,Regular Customers,141.10761190020716
13501.0,213,5,2840.2599999999998,1238,10.672413793103448,36,24.485,102.0,19.79201466116641,90,23.2,4,327,0.0,0.0,0.0,Switzerland,Regular Customers,220.56492222149382
13502.0,245,5,671.76,334,13.36,42,26.8704,107.1,26.001397956007416,20,5.0,4,273,0.0,102.84,4.64285125295578,United Kingdom,Regular Customers,97.20880434564572
13503.0,41,12,1747.39,1082,5.383084577114428,25,8.693482587064677,81.2,9.364164127723589,159,16.0,5,589,0.0,0.0,0.0,United Kingdom,Regular Customers,190.98377037774077
13504.0,34,1,295.93,178,8.090909090909092,25,13.451363636363636,22.5,5.43636984573043,22,22.0,1,0,0.0,0.0,0.0,United Kingdom,VIP Customers,75.90519521617588
13505.0,38,8,4282.88,2461,10.841409691629956,60,18.867312775330397,320.0,27.224362012628678,182,28.375,6,165,0.11894273127753303,0.0,0.0,Switzerland,Regular Customers,573.0991023710351
13506.0,282,8,1308.53,936,10.883720930232558,48,15.21546511627907,44.55,8.225205973745187,55,10.75,5,148,0.5,0.0,0.0,United Kingdom,Regular Customers,229.9407455693316
13507.0,68,3,2022.79,1212,9.46875,48,15.803046875,39.6,5.740798396913614,123,42.666666666666664,3,47,0.640625,456.37,6.125492691330997,United Kingdom,Regular Customers,406.6635849470796
13508.0,214,2,287.05,180,6.428571428571429,36,10.251785714285715,27.25,7.396261845399626,27,14.0,2,399,1.0,0.0,0.0,United Kingdom,Regular Customers,-25.631063960377702
13509.0,23,7,1016.62,1079,24.522727272727273,120,23.105,127.2,20.64192623290402,24,6.285714285714286,5,454,0.0,98.1,4.596129441335942,United Kingdom,Regular Customers,45.38567390249537
13510.0,15,16,4146.53,2768,9.850533807829182,48,14.756334519572953,40.8,7.255862635668968,171,17.5625,9,680,0.1494661921708185,341.86,5.837322200579335,United Kingdom,Regular Customers,176.71603048283637
13511.0,454,2,244.61,53,8.833333333333334,24,40.76833333333334,130.8,56.43383574298904,5,3.0,2,192,0.0,0.0,0.0,United Kingdom,VIP Customers,-165.71604046756175
13512.0,231,4,713.39,419,10.743589743589743,36,18.292051282051283,45.0,8.635906126682938,31,9.75,4,322,0.0,0.0,0.0,United Kingdom,Regular Customers,56.577828659001256
13513.0,97,4,796.99,352,8.380952380952381,48,18.975952380952382,91.44,16.8124422653137,32,10.5,4,528,0.0,0.0,0.0,United Kingdom,Regular Customers,-45.916414708922304
13514.0,44,4,815.9,288,13.714285714285714,36,38.852380952380955,79.2,18.080061367363193,15,5.25,4,608,0.23809523809523808,0.0,0.0,United Kingdom,Regular Customers,-123.91787321570908
13515.0,43,6,1265.82,819,10.776315789473685,32,16.655526315789473,81.6,9.182261507165045,64,12.666666666666666,5,571,0.17105263157894737,0.0,0.0,United Kingdom,Regular Customers,-7.355124793631461
13516.0,43,3,916.26,449,8.163636363636364,24,16.65927272727273,35.4,4.759329961612419,51,18.333333333333332,3,345,0.0,769.0,6.646390514847729,United Kingdom,Regular Customers,117.17692015856804
13517.0,30,5,2109.07,1360,9.51048951048951,48,14.74874125874126,35.4,5.691659931040301,125,28.6,3,120,0.0,0.0,0.0,United Kingdom,Regular Customers,420.3176116072616
13518.0,56,1,627.16,382,10.61111111111111,48,17.42111111111111,35.4,5.423984712250777,36,36.0,1,0,0.0,0.0,0.0,United Kingdom,VIP Customers,99.56933454667818
13519.0,20,3,331.26,132,6.6,24,16.563,29.96,8.6096861609163,19,6.666666666666667,2,392,0.0,0.0,0.0,United Kingdom,Regular Customers,57.413303400320075
13520.0,29,15,6377.25,3115,15.12135922330097,96,30.95752427184466,200.0,34.990563134579844,81,13.733333333333333,10,663,0.12135922330097088,0.0,0.0,Switzerland,Regular Customers,154.03491051478744
13523.0,3,7,4325.07,1982,9.62135922330097,72,20.9954854368932,165.0,24.823017966853136,177,29.428571428571427,5,369,0.22815533980582525,0.0,0.0,United Kingdom,Regular Customers,376.5303416706771
13524.0,11,5,680.18,324,12.0,48,25.19185185185185,40.8,12.082589201961715,17,5.4,5,179,0.37037037037037035,0.0,0.0,United Kingdom,Regular Customers,144.79414100089014
13525.0,218,1,282.88,208,104.0,160,141.44,232.0,128.07118020850749,2,2.0,1,0,0.0,345.9,5.849036553975704,United Kingdom,Regular Customers,217.0695952031506
13526.0,708,4,942.6,1647,30.5,288,17.455555555555556,244.8,42.34381992138394,29,11.25,1,0,0.0,0.0,0.0,United Kingdom,VIP Customers,44.30096480664372
13527.0,4,14,4507.59,2716,6.103370786516854,48,10.12941573033708,35.8,6.791691175784533,267,30.785714285714285,8,653,0.7573033707865169,0.0,0.0,United Kingdom,Regular Customers,273.0024141529273
13528.0,652,1,-40.0,-16,-16.0,-16,-40.0,-40.0,0.0,1,1.0,1,0,0.0,0.0,0.0,,,-61.33507814502238
13529.0,49,2,307.76,74,4.933333333333334,12,20.517333333333333,50.85,12.543615602407161,15,7.5,2,125,0.0,0.0,0.0,United Kingdom,Regular Customers,217.15944251391244
13530.0,604,1,402.98,272,15.11111111111111,36,22.387777777777778,35.4,7.423914106022158,18,18.0,1,0,0.0,0.0,0.0,United Kingdom,VIP Customers,-33.84552591537886
13531.0,175,6,1433.07,497,6.626666666666667,20,19.107599999999998,41.6,7.370582293913511,44,12.5,4,531,0.0,0.0,0.0,United Kingdom,Regular Customers,-6.315127963705237
13532.0,4,1,210.31,129,1.9545454545454546,25,3.1865151515151515,30.0,3.843936080643719,66,66.0,1,0,1.0,0.0,0.0,United Kingdom,VIP Customers,102.81568100157915
13533.0,153,3,269.09,202,2.6933333333333334,9,3.5878666666666663,13.05,2.1859856415871604,61,24.333333333333332,2,84,0.0,0.0,0.0,United Kingdom,VIP Customers,42.170652608582245
13534.0,3,59,6967.3,3528,7.89261744966443,30,15.586800894854587,58.5,12.076437303652826,163,7.576271186440678,12,487,0.013422818791946308,357.2,5.881091489626612,United Kingdom,Regular Customers,986.9538014320609
13535.0,373,1,89.5,10,10.0,10,89.5,89.5,0.0,1,1.0,1,0,0.0,0.0,0.0,United Kingdom,VIP Customers,-21.53494442899057
13536.0,23,2,824.91,621,15.146341463414634,72,20.119756097560973,41.6,7.094912081134226,30,20.5,2,22,0.6097560975609756,2619.48,7.871112786081824,United Kingdom,Regular Customers,300.50741093028626
13537.0,396,2,717.85,337,8.023809523809524,12,17.09166666666667,39.8,7.420167941254615,38,21.0,2,26,0.38095238095238093,0.0,0.0,United Kingdom,VIP Customers,1.2492980127899784
13538.0,13,12,3103.13,959,6.753521126760563,64,21.853028169014085,70.8,18.780831067550054,105,11.5,9,632,0.04929577464788732,0.0,0.0,United Kingdom,Regular Customers,16.296302847383316
13539.0,56,9,1531.26,698,7.931818181818182,48,17.40068181818182,63.5,11.344990974850342,70,9.777777777777779,6,504,0.0,0.0,0.0,United Kingdom,Regular Customers,57.016179402646344
13540.0,437,3,632.39,189,5.90625,24,19.7621875,35.7,7.993987552902979,26,10.666666666666666,2,188,0.375,0.0,0.0,United Kingdom,VIP Customers,-125.6530735055324
13541.0,393,3,717.9,266,22.166666666666668,64,59.824999999999996,163.2,64.32511703695674,10,4.0,2,146,0.0,0.0,0.0,United Kingdom,VIP Customers,-92.24585060187638
13542.0,347,18,3924.09,801,2.3982035928143715,15,11.74877245508982,76.2,10.886066665125531,98,18.333333333333332,12,352,0.562874251497006,0.0,0.0,United Kingdom,Regular Customers,169.1920731451073
13543.0,604,2,1439.61,329,7.0,32,30.63,81.6,24.267206266894416,37,23.0,2,52,0.0,0.0,0.0,United Kingdom,VIP Customers,-28.16446748240662
13544.0,10,7,781.7,330,1.3807531380753137,8,3.27071129707113,25.5,3.0314413876716544,219,33.57142857142857,4,605,0.25523012552301255,0.0,0.0,United Kingdom,Regular Customers,133.8866775641972
13545.0,361,3,337.64,245,4.375,60,6.029285714285714,30.6,6.401973518772547,56,18.666666666666668,3,347,0.9642857142857143,0.0,0.0,United Kingdom,Regular Customers,-1.5080618640475052
13546.0,23,4,877.53,443,3.8859649122807016,24,7.697631578947369,51.0,7.683348885294305,75,28.0,3,370,0.0,208.71,5.345725623943028,United Kingdom,Regular Customers,149.9361844682335
13547.0,378,1,167.08,79,1.7954545454545454,12,3.7972727272727274,23.8,3.611689267607407,44,44.0,1,0,0.0,0.0,0.0,United Kingdom,VIP Customers,37.76521633593791
13548.0,66,3,901.4399999999999,558,3.032608695652174,86,4.899130434782609,54.18,5.958555799677173,169,60.333333333333336,3,375,0.6684782608695652,0.0,0.0,United Kingdom,Regular Customers,186.32903215190683
13549.0,34,8,917.72,527,9.410714285714286,32,16.387857142857143,45.0,7.222719385707529,44,7.0,5,323,0.19642857142857142,86.0,4.465908118654584,United Kingdom,Regular Customers,143.0026421812815
13550.0,353,1,342.55,430,10.238095238095237,100,8.155952380952382,34.8,6.962053614721914,40,40.0,1,0,1.0,0.0,0.0,United Kingdom,VIP Customers,-3.728301649362379
13551.0,289,2,244.20000000000002,36,7.2,24,48.84,152.4,58.561851917438545,5,2.5,2,346,0.0,0.0,0.0,United Kingdom,Regular Customers,10.526952104356297
13552.0,36,32,6588.63,2562,11.336283185840708,48,29.153230088495576,175.2,30.488871626803643,162,7.03125,10,592,0.0,0.0,0.0,United Kingdom,Regular Customers,537.0225416629459
13553.0,645,1,499.6,201,2.258426966292135,12,5.613483146067416,27.9,4.535159639648762,85,85.0,1,0,0.0,0.0,0.0,United Kingdom,VIP Customers,47.88966207276641
13554.0,350,10,1547.46,563,2.7198067632850242,36,7.475652173913043,59.7,8.126542359046752,156,20.6,3,66,0.028985507246376812,0.0,0.0,United Kingdom,VIP Customers,231.44938559947937
13555.0,44,16,8798.99,4743,11.76923076923077,100,21.833722084367245,229.5,25.90078898781324,264,24.4375,8,615,0.23325062034739455,0.0,0.0,United Kingdom,Regular Customers,537.5644135170984
13556.0,399,2,200.82,134,14.88888888888889,48,22.313333333333333,45.0,11.049959275943058,8,4.5,2,6,0.0,0.0,0.0,United Kingdom,VIP Customers,-33.20352441353941
13557.0,251,15,2636.7,2038,12.351515151515152,48,15.979999999999999,60.0,9.182124601372058,116,11.0,7,450,0.10909090909090909,343.38,5.841745698858039,United Kingdom,Regular Customers,222.5655691867923
13558.0,32,2,312.71,187,2.2,24,3.678941176470588,16.6,3.5139612783219762,72,41.5,1,6,1.0,281.81,5.644775294076169,United Kingdom,Regular Customers,353.1484155682664
13559.0,483,2,990.0,360,180.0,240,495.0,660.0,233.3452377915607,1,1.0,2,30,0.0,0.0,0.0,United Kingdom,VIP Customers,-125.58526389248448
13561.0,186,11,1803.4,1125,4.9126637554585155,48,7.875109170305677,81.6,8.301159959705993,131,20.545454545454547,8,433,0.777292576419214,0.0,0.0,United Kingdom,Regular Customers,117.57568751154955
13562.0,52,8,4838.18,1603,8.178571428571429,48,24.684591836734697,170.0,15.873281512856579,88,24.5,7,612,0.0,0.0,0.0,United Kingdom,Regular Customers,104.00210980010024
13563.0,54,2,777.53,209,4.26530612244898,32,15.867959183673468,165.0,28.898367959943677,49,24.5,2,55,0.0,0.0,0.0,United Kingdom,VIP Customers,98.13388171549678
13564.0,114,54,15036.14,8774,7.036086607858861,72,12.05785084202085,550.64,29.188299158001026,491,22.574074074074073,12,593,0.23336006415396954,0.0,0.0,United Kingdom,Regular Customers,1607.3856077986472
13565.0,304,2,284.76,166,4.742857142857143,24,8.136,37.5,7.717514534371496,28,17.5,2,76,1.0,130.04,4.8755026201047595,United Kingdom,Regular Customers,182.73268063707502
13566.0,11,5,1688.6,1257,3.4344262295081966,30,4.613661202185792,47.6,4.523001274759594,263,71.4,4,598,0.6612021857923497,0.0,0.0,United Kingdom,Regular Customers,191.3513093046982
13567.0,398,5,1074.19,641,3.1732673267326734,28,5.317772277227723,30.0,4.967320116714262,180,39.6,3,113,0.0,0.0,0.0,United Kingdom,VIP Customers,125.0989313649008
13568.0,143,1,187.05,66,1.5348837209302326,4,4.3500000000000005,11.8,2.800127548115315,41,41.0,1,0,1.0,0.0,0.0,United Kingdom,VIP Customers,43.26381216403678
13569.0,338,3,497.74,232,1.886178861788618,6,4.046666666666667,15.9,2.963465147940855,103,39.333333333333336,3,60,0.0,228.8,5.437209365414655,United Kingdom,Regular Customers,292.3484717559495
13570.0,213,1,239.49,161,5.962962962962963,24,8.870000000000001,40.56,10.635411821616717,27,27.0,1,0,1.0,0.0,0.0,United Kingdom,VIP Customers,17.230337174401484
13571.0,8,24,4084.5,2828,4.605863192182411,50,6.65228013029316,76.5,5.7076848981815065,250,24.958333333333332,11,693,0.21335504885993486,452.76,6.117568423903708,United Kingdom,Regular Customers,326.52036364060734
13572.0,176,1,1384.25,534,16.181818181818183,60,41.946969696969695,157.92,31.117735345463416,32,32.0,1,0,0.0,0.0,0.0,United Kingdom,VIP Customers,115.21100811446937
13573.0,20,6,904.52,647,7.436781609195402,192,10.396781609195402,84.5,14.431214593297316,73,13.333333333333334,4,586,0.0,0.0,0.0,United Kingdom,Regular Customers,-26.158805285106183
13574.0,381,1,404.45,304,3.340659340659341,25,4.444505494505495,25.5,4.4082672997540175,84,84.0,1,0,1.0,0.0,0.0,United Kingdom,VIP Customers,59.51780595608537
13575.0,29,4,624.62,382,9.794871794871796,24,16.015897435897436,41.6,5.935039448256573,38,9.75,4,117,0.0,107.45,4.6862892372728835,United Kingdom,Regular Customers,240.0789373155685
13576.0,21,29,10076.93,3966,15.864,96,40.30772,244.08,59.23029202337514,131,8.620689655172415,12,679,0.052,1090.07,6.994914145094711,United Kingdom,Regular Customers,470.36902484087693
13577.0,59,13,2852.82,1418,8.974683544303797,48,18.05582278481013,83.4,14.736485127217428,92,12.153846153846153,7,636,0.0,493.8,6.204153640518333,United Kingdom,Regular Customers,80.47977281718084
13578.0,379,1,147.66,127,14.11111111111111,48,16.406666666666666,61.2,22.309296268596192,9,9.0,1,0,0.0,0.0,0.0,United Kingdom,VIP Customers,-10.692130167143006
13579.0,339,5,1068.8,584,8.46376811594203,48,15.489855072463767,40.8,6.887750954700762,62,13.8,4,290,0.13043478260869565,302.34000000000003,5.714854288623251,United Kingdom,Regular Customers,108.40724375026392
13580.0,376,1,107.75,45,9.0,12,21.55,39.95,10.29575155100394,5,5.0,1,0,0.0,0.0,0.0,United Kingdom,VIP Customers,-13.454418120392347
13581.0,279,2,280.53000000000003,119,3.606060606060606,24,8.500909090909092,31.8,7.700927039826262,32,16.5,2,104,0.0,0.0,0.0,United Kingdom,VIP Customers,-43.001176288392344
13582.0,360,2,241.68,106,9.636363636363637,16,21.970909090909092,47.2,9.795555578470735,10,5.5,2,227,0.0,0.0,0.0,United Kingdom,Regular Customers,82.43518112516185
13583.0,126,2,1445.03,1097,11.427083333333334,48,15.052395833333334,31.6,5.785051834329335,93,48.0,2,523,0.0,0.0,0.0,United Kingdom,Regular Customers,62.51136120410163
13584.0,277,5,340.4,273,3.211764705882353,50,4.004705882352941,27.25,6.049567199835218,74,16.8,2,369,0.2823529411764706,0.0,0.0,United Kingdom,Regular Customers,99.98461983728265
13585.0,501,4,674.46,1338,33.45,96,16.8615,34.8,8.865075975494067,29,10.0,3,207,0.45,0.0,0.0,United Kingdom,VIP Customers,-146.84132045811074
13586.0,511,1,127.28,38,1.9,12,6.364,19.8,5.913234398586917,20,20.0,1,0,0.0,0.0,0.0,United Kingdom,VIP Customers,-21.784501065916686
13587.0,2,6,1308.1,644,19.515151515151516,100,39.63939393939393,299.4,90.61828230065504,27,5.5,4,631,0.30303030303030304,0.0,0.0,United Kingdom,Regular Customers,-42.3971709566263
13588.0,1,9,2231.21,2399,14.808641975308642,96,13.772901234567902,39.6,7.985041269595374,126,18.0,6,224,0.0,213.91,5.370219335837115,United Kingdom,Regular Customers,351.41822524545944
13589.0,150,5,888.09,207,5.175,30,22.20225,90.0,18.28820826309562,36,8.0,4,554,0.5,232.65,5.453824269146435,United Kingdom,Regular Customers,-71.3852524799951
13590.0,22,20,5971.6,4717,11.91161616161616,144,15.07979797979798,113.76,14.40055512149396,246,19.65,9,686,0.20707070707070707,313.14,5.749838746414886,United Kingdom,Regular Customers,392.51038379931026
13591.0,35,8,2081.19,849,8.323529411764707,24,20.403823529411767,76.5,10.675399317234517,89,12.75,6,660,0.0,0.0,0.0,United Kingdom,Regular Customers,-12.819187266850946
13592.0,6,4,247.96,84,5.25,24,15.4975,32.85,5.5590592729345865,15,4.0,3,228,0.375,0.0,0.0,United Kingdom,Regular Customers,140.75832037402557
13593.0,78,16,5444.81,2142,5.224390243902439,40,13.280024390243904,85.0,10.367546351901055,212,25.5,8,538,0.25609756097560976,0.0,0.0,United Kingdom,Regular Customers,359.3149610350973
13594.0,23,3,508.42,394,11.257142857142858,25,14.526285714285715,33.0,9.935090835818583,33,11.666666666666666,3,648,0.0,0.0,0.0,United Kingdom,Regular Customers,-115.27576559747737
13595.0,487,3,784.48,341,2.3846153846153846,16,5.485874125874126,64.5,6.273969173921062,114,43.666666666666664,3,129,0.27972027972027974,0.0,0.0,United Kingdom,VIP Customers,-3.660271730716886
13597.0,358,3,372.21,220,11.578947368421053,36,19.59,65.4,17.774673305327195,18,6.333333333333333,1,14,0.0,0.0,0.0,United Kingdom,VIP Customers,35.50595610129534
13598.0,17,6,749.21,392,4.21505376344086,32,8.056021505376345,81.6,11.173467615952974,78,14.666666666666666,4,604,0.7956989247311828,0.0,0.0,United Kingdom,Regular Customers,-27.79378731633372
13599.0,2,41,8170.8,5263,14.262872628726287,240,22.14308943089431,165.0,26.68066613337802,217,8.975609756097562,11,706,0.0,1262.95,7.14199701696238,United Kingdom,Regular Customers,686.7439913680854
13600.0,282,2,518.42,599,14.609756097560975,50,12.644390243902437,74.75,15.621876175539942,35,20.5,2,321,0.0,0.0,0.0,United Kingdom,Regular Customers,82.82173668687619
13601.0,15,4,1159.99,957,5.172972972972973,120,6.270216216216216,29.7,5.692332940089023,160,45.5,4,501,0.0,0.0,0.0,United Kingdom,Regular Customers,108.93898706437477
13602.0,35,4,1025.17,538,9.275862068965518,48,17.67534482758621,30.6,5.949325545001833,49,14.5,4,495,0.0,0.0,0.0,United Kingdom,Regular Customers,-0.24546493860455598
13604.0,622,2,713.39,239,10.391304347826088,50,31.01695652173913,97.5,26.883349770102313,21,11.5,1,6,0.0,0.0,0.0,United Kingdom,VIP Customers,-12.529793253918058
13605.0,357,2,522.67,425,8.018867924528301,60,9.861698113207547,39.0,8.570346401725736,50,26.0,2,184,0.0,0.0,0.0,United Kingdom,VIP Customers,-85.66116661775578
13606.0,213,2,246.63,240,6.486486486486487,48,6.665675675675676,30.6,7.880251173570456,37,18.5,2,68,0.918918918918919,30.119999999999997,3.4378506993101907,United Kingdom,Regular Customers,209.8392828729623
13607.0,10,3,1058.11,460,3.7704918032786887,25,8.673032786885246,25.5,6.89562274491858,110,39.333333333333336,2,362,0.7950819672131147,0.0,0.0,United Kingdom,Regular Customers,173.92003027581094
13608.0,511,1,232.05,110,3.235294117647059,18,6.825,29.5,6.6764086017994595,31,31.0,1,0,0.0,0.0,0.0,United Kingdom,VIP Customers,-2.576295788085133
13609.0,563,1,167.35,19,2.7142857142857144,8,23.907142857142855,39.9,10.950092411003835,7,7.0,1,0,1.0,0.0,0.0,United Kingdom,VIP Customers,-81.33364354120465
13610.0,24,16,1958.67,826,2.156657963446475,12,5.11402088772846,51.0,5.015431946714861,303,23.5,11,649,0.5169712793733682,113.29,4.738739077909506,United Kingdom,Regular Customers,166.8198814958311
13611.0,59,14,3259.43,1975,8.476394849785407,48,13.988969957081544,60.84,9.97345173205745,170,16.5,7,647,0.17167381974248927,0.0,0.0,United Kingdom,Regular Customers,175.75680813437612
13612.0,488,2,777.79,438,8.423076923076923,25,14.9575,35.4,8.703751923683233,51,26.0,2,114,0.0,0.0,0.0,United Kingdom,VIP Customers,-49.78063695959287
13613.0,423,5,1039.85,445,7.5423728813559325,24,17.624576271186438,35.7,6.297844546989702,50,11.8,3,207,0.0,0.0,0.0,United Kingdom,VIP Customers,-77.90798327179763
13614.0,59,5,1828.31,567,3.296511627906977,12,10.629709302325582,50.85,8.113142282295959,154,34.0,4,462,0.3488372093023256,504.43,6.225409552116048,United Kingdom,Regular Customers,162.4269504840438
13615.0,283,12,6212.23,2891,7.6888297872340425,40,16.52188829787234,295.0,15.716568341238574,259,31.333333333333332,8,367,0.06382978723404255,0.0,0.0,United Kingdom,Regular Customers,532.8702103234767
13616.0,538,2,283.85,172,4.914285714285715,24,8.110000000000001,31.2,6.672923779326861,31,16.0,2,122,0.5714285714285714,0.0,0.0,United Kingdom,VIP Customers,-123.06266255494774
13617.0,10,9,1263.8,592,5.481481481481482,48,11.70185185185185,63.75,11.233407963860296,48,11.666666666666666,4,454,0.6018518518518519,0.0,0.0,United Kingdom,Regular Customers,105.37035488800666
13618.0,144,1,177.34,246,18.923076923076923,48,13.641538461538461,30.0,8.221295362404726,13,13.0,1,0,1.0,0.0,0.0,United Kingdom,VIP Customers,6.209588948036185
13619.0,515,2,224.94,79,1.7555555555555555,6,4.998666666666667,15.3,4.301053042305718,39,21.0,2,129,0.5111111111111111,0.0,0.0,United Kingdom,VIP Customers,-115.58161818337089
13620.0,498,1,112.34,74,14.8,48,22.468,60.0,21.521625635625202,5,5.0,1,0,0.0,0.0,0.0,United Kingdom,VIP Customers,-42.541339494162116
13621.0,87,1,213.85,343,18.05263157894737,100,11.255263157894737,20.0,4.990491367948376,19,19.0,1,0,0.0,0.0,0.0,United Kingdom,VIP Customers,46.792168389498784
13622.0,659,2,651.45,377,11.088235294117647,36,19.16029411764706,59.5,14.022379620232213,32,17.0,1,7,0.0,0.0,0.0,United Kingdom,VIP Customers,-6.144910403630234
13623.0,1,15,2412.93,996,3.376271186440678,64,8.179423728813559,109.5,13.352750615004755,214,18.933333333333334,9,707,0.03389830508474576,0.0,0.0,United Kingdom,Regular Customers,121.54267820760725
13624.0,351,2,427.18,814,33.916666666666664,288,17.799166666666668,60.48,17.18698089598172,22,12.0,1,7,0.0,0.0,0.0,United Kingdom,VIP Customers,-14.45671759417209
13625.0,567,1,301.26,144,6.857142857142857,24,14.345714285714285,30.0,5.9363040449665085,21,21.0,1,0,0.0,0.0,0.0,United Kingdom,VIP Customers,-25.698538553856793
13626.0,223,3,689.49,395,8.58695652173913,24,14.988913043478261,51.0,9.46254540062753,44,15.333333333333334,2,126,0.0,0.0,0.0,United Kingdom,Regular Customers,246.51722165071595
13627.0,29,10,2217.55,1627,12.325757575757576,192,16.799621212121213,203.52,18.68650766081545,118,13.2,8,581,0.1590909090909091,0.0,0.0,United Kingdom,Regular Customers,61.0497852482213
13628.0,646,1,310.14,106,6.625,12,19.38375,91.8,19.739428183207334,16,16.0,1,0,0.0,0.0,0.0,United Kingdom,VIP Customers,-31.0548343670406
13629.0,1,18,12654.86,7322,87.16666666666667,200,150.65309523809523,358.0,97.4580501410326,27,4.666666666666667,10,635,0.07142857142857142,716.0,6.57507584059962,United Kingdom,Regular Customers,404.20626324445584
13630.0,46,10,1763.68,1257,16.539473684210527,144,23.206315789473685,158.4,32.443052048868864,50,7.6,6,209,0.25,232.0,5.4510384535657,United Kingdom,Regular Customers,262.36194616399064
13631.0,70,12,3021.77,460,38.333333333333336,100,251.81416666666667,850.0,281.61697658209886,6,1.0,5,167,0.08333333333333333,0.0,0.0,United Kingdom,Regular Customers,378.5798958459279
13632.0,13,9,3180.22,1342,6.514563106796117,24,15.437961165048543,53.1,10.00480215030648,157,22.88888888888889,5,568,0.32038834951456313,452.14,6.116201128509308,United Kingdom,Regular Customers,184.8296724121128
13633.0,573,1,-306.66,-1,-1.0,-1,-306.66,-306.66,0.0,1,1.0,1,0,0.0,0.0,0.0,,,-47.11041140184042
13634.0,3,17,4479.85,1934,4.080168776371308,48,9.451160337552743,59.4,12.333788828001312,269,27.41176470588235,8,664,0.630801687763713,0.0,0.0,United Kingdom,Regular Customers,304.18146232951324
13635.0,38,6,2948.22,1869,11.191616766467066,48,17.654011976047904,81.6,11.894242206315889,136,27.833333333333332,3,671,0.0,0.0,0.0,United Kingdom,Regular Customers,120.36543794852639
13636.0,7,6,941.62,586,9.15625,36,14.7128125,34.0,6.158991741013542,57,10.666666666666666,5,248,0.171875,0.0,0.0,United Kingdom,Regular Customers,179.73002861704333
13637.0,22,3,804.3,405,4.090909090909091,12,8.124242424242423,25.5,6.244168232857168,79,31.666666666666668,3,174,0.29292929292929293,0.0,0.0,United Kingdom,Regular Customers,253.06828408308948
13639.0,44,2,1346.27,997,16.89830508474576,144,22.81813559322034,237.6,32.354360761065266,49,29.0,1,362,0.0,0.0,0.0,United Kingdom,Regular Customers,195.7758945039493
13640.0,581,1,405.0,108,27.0,36,101.25,135.0,22.5,4,4.0,1,0,0.0,0.0,0.0,United Kingdom,VIP Customers,-49.04783110707439
13641.0,611,7,921.8199999999999,1080,21.6,100,18.4364,76.5,20.734118363859373,41,7.142857142857143,2,93,0.3,0.0,0.0,United Kingdom,VIP Customers,3.2302843223533415
13642.0,186,5,459.45,230,2.169811320754717,20,4.334433962264151,29.4,5.009534163342209,93,20.6,2,217,1.0,0.0,0.0,United Kingdom,Regular Customers,224.5984675358007
13643.0,1,15,2112.17,894,8.355140186915888,25,19.739906542056076,70.8,13.147849992494796,72,7.133333333333334,8,700,0.0,0.0,0.0,United Kingdom,Regular Customers,2.2981207209524825
13644.0,15,3,1845.34,1586,14.55045871559633,96,16.929724770642203,35.4,6.652175425115482,108,36.333333333333336,3,60,0.0,752.1800000000001,6.624304243058172,United Kingdom,Regular Customers,404.53587394267356
13645.0,90,1,252.1,158,31.6,72,50.42,90.0,27.270350199438216,5,5.0,1,0,0.0,0.0,0.0,United Kingdom,VIP Customers,35.82154341369434
13646.0,370,3,323.3,78,1.3220338983050848,3,5.479661016949152,29.9,4.445106944177863,58,19.666666666666668,1,0,0.0,0.0,0.0,United Kingdom,VIP Customers,84.17846247327378
13647.0,34,8,2661.56,1566,12.836065573770492,120,21.81606557377049,225.0,27.367030008749527,87,15.25,6,539,0.13934426229508196,372.22,5.922168058105326,United Kingdom,Regular Customers,114.52213504682496
13648.0,370,11,1679.01,928,8.212389380530974,36,14.858495575221239,59.4,9.647024358137491,95,10.272727272727273,7,337,0.19469026548672566,0.0,0.0,United Kingdom,Regular Customers,142.58412527776278
13649.0,227,6,1453.68,782,7.2407407407407405,48,13.46,83.4,10.07242205138905,97,17.833333333333332,6,270,0.37962962962962965,0.0,0.0,United Kingdom,Regular Customers,158.3701418861982
13650.0,37,15,2800.2599999999998,1544,9.245508982035927,36,16.768023952095806,81.0,14.088321842461305,122,11.133333333333333,9,616,0.0,298.24,5.701245927004204,United Kingdom,Regular Customers,107.15595953567723
13651.0,5,4,208.95,60,4.0,12,13.93,25.5,9.371057266163422,14,3.75,2,346,0.0,0.0,0.0,United Kingdom,Regular Customers,97.94820211519772
13652.0,16,5,2262.05,1458,10.340425531914894,48,16.04290780141844,30.0,4.835007244640324,116,28.2,4,606,0.0,0.0,0.0,United Kingdom,Regular Customers,65.26171998753574
13653.0,458,1,152.2,72,8.0,12,16.91111111111111,19.8,1.8769619365109962,9,9.0,1,0,0.0,0.0,0.0,United Kingdom,VIP Customers,-24.150062868417223
13654.0,13,11,6308.0,4762,14.474164133738602,108,19.173252279635257,102.0,12.297687148708178,262,29.90909090909091,8,694,0.44072948328267475,0.0,0.0,United Kingdom,Regular Customers,301.5008226432802
13655.0,84,8,2259.3,1212,9.853658536585366,48,18.368292682926832,59.7,9.545067021148919,104,15.375,5,477,0.0,0.0,0.0,United Kingdom,Regular Customers,145.19265722470337
13656.0,135,7,1053.35,859,9.544444444444444,80,11.703888888888887,81.6,10.964333258695683,81,12.857142857142858,6,430,0.0,0.0,0.0,United Kingdom,Regular Customers,63.619606095264544
13657.0,172,1,152.34,132,14.666666666666666,48,16.926666666666666,39.84,9.885008851791687,9,9.0,1,0,1.0,229.8,5.441551534633945,United Kingdom,Regular Customers,238.88725858982605
13658.0,55,11,5229.67,1938,8.849315068493151,60,23.879771689497716,167.0,22.776658771866003,156,19.90909090909091,7,587,0.0821917808219178,542.4,6.297845696992248,United Kingdom,Regular Customers,237.0303271893309
13659.0,167,17,4706.43,2492,8.652777777777779,48,16.341770833333335,79.9,12.997627470032317,226,16.58823529411765,9,463,0.21180555555555555,0.0,0.0,United Kingdom,Regular Customers,376.3685984639153
13660.0,366,2,295.74,134,3.268292682926829,25,7.213170731707318,21.8,5.168381003285453,39,20.0,1,4,0.0,0.0,0.0,United Kingdom,VIP Customers,40.69836288452214
13661.0,573,1,325.24,118,6.9411764705882355,12,19.131764705882354,25.5,4.72476221001401,17,17.0,1,0,0.0,0.0,0.0,United Kingdom,VIP Customers,-31.29133331524048
13662.0,56,17,2166.63,1142,7.7687074829931975,36,14.738979591836735,35.4,8.314453229965235,126,8.647058823529411,6,572,0.0,0.0,0.0,United Kingdom,Regular Customers,209.48201130731545
13663.0,149,6,2013.61,891,8.821782178217822,48,19.936732673267326,85.0,14.05557228354014,87,16.833333333333332,4,467,0.1188118811881188,0.0,0.0,United Kingdom,Regular Customers,108.22845592767621
13664.0,652,1,-13.14,-1,-1.0,-1,-13.14,-13.14,0.0,1,1.0,1,0,0.0,0.0,0.0,,,-61.568783108011615
13665.0,356,3,1711.66,1652,15.584905660377359,96,16.147735849056605,34.0,5.841372520224674,97,35.333333333333336,3,117,0.0,0.0,0.0,United Kingdom,VIP Customers,43.39696033185312
13666.0,30,5,127.9,54,2.8421052631578947,24,6.731578947368422,20.4,5.684364777525858,19,3.8,3,675,0.0,0.0,0.0,United Kingdom,Regular Customers,-137.92205269218456
13667.0,119,1,299.05,149,1.7951807228915662,7,3.603012048192771,15.8,3.2458783376429716,82,82.0,1,0,0.0,0.0,0.0,United Kingdom,VIP Customers,136.58272325289522
13668.0,2,42,11616.300000000001,5443,7.934402332361516,300,16.93338192419825,297.0,29.526610389623748,369,16.11904761904762,11,696,0.34402332361516036,991.38,6.900106098450522,United Kingdom,Regular Customers,965.6337098507007
13669.0,21,3,413.55,393,28.071428571428573,80,29.539285714285715,60.0,15.05602586458873,13,4.666666666666667,2,356,0.0,0.0,0.0,United Kingdom,Regular Customers,76.34638986029768
13670.0,45,1,349.7,282,11.28,24,13.988,30.0,7.292715543609253,25,25.0,1,0,1.0,0.0,0.0,United Kingdom,VIP Customers,49.71695326493381
13671.0,365,1,172.6,95,1.484375,4,2.696875,10.2,1.8114905508649546,61,61.0,1,0,0.0,0.0,0.0,United Kingdom,VIP Customers,59.6099863373382
13672.0,271,7,162.07,80,2.857142857142857,24,5.788214285714285,54.0,27.536550666687496,14,4.0,3,429,0.0,0.0,0.0,United Kingdom,Regular Customers,11.201747394958574
13673.0,2,1,204.12,50,1.3888888888888888,2,5.67,29.95,6.490411829328374,34,34.0,1,0,0.0,183.32,5.216673377507527,United Kingdom,VIP Customers,100.52390033494446
13674.0,400,2,215.88,98,6.125,16,13.4925,22.95,10.499836506663646,14,8.0,1,3,0.875,0.0,0.0,United Kingdom,VIP Customers,-25.766866348798743
13675.0,121,2,486.82,330,13.2,32,19.4728,35.4,7.931443500397643,25,12.5,2,133,0.0,0.0,0.0,United Kingdom,Regular Customers,213.05541878143728
13676.0,509,3,153.15,59,3.933333333333333,42,10.21,52.5,27.629159027582222,13,5.0,2,80,0.0,0.0,0.0,United Kingdom,VIP Customers,-88.05231410097952
13677.0,375,2,551.24,217,2.047169811320755,15,5.200377358490566,29.85,6.263338821234065,98,53.0,2,115,0.42452830188679247,0.0,0.0,United Kingdom,VIP Customers,0.6012066671309526
13678.0,122,1,232.6,924,57.75,216,14.5375,19.0,4.252057541159731,16,16.0,1,0,0.0,0.0,0.0,United Kingdom,VIP Customers,27.82180019477039
13679.0,464,3,281.26,102,2.04,6,5.6251999999999995,23.8,4.262170683909258,44,16.666666666666668,3,241,0.0,0.0,0.0,United Kingdom,VIP Customers,-167.02573564243824
13680.0,9,12,9264.48,4253,7.0297520661157025,100,15.313190082644628,306.0,42.22413886886408,317,50.0,7,695,0.0,635.08,6.455324341593228,United Kingdom,Regular Customers,541.3361787021128
13681.0,39,2,531.08,248,7.515151515151516,25,16.093333333333334,41.25,9.919314387429539,29,16.5,2,86,0.6060606060606061,296.75,5.696254208235409,United Kingdom,Regular Customers,246.73771382923346
13682.0,157,1,59.5,10,3.3333333333333335,4,19.833333333333332,25.5,4.907477288111819,3,3.0,1,0,1.0,0.0,0.0,United Kingdom,VIP Customers,-11.171530103130607
13683.0,428,1,258.6,180,18.0,36,25.860000000000003,35.4,8.454347993784026,10,10.0,1,0,0.0,0.0,0.0,United Kingdom,VIP Customers,-16.89819448813904
13684.0,256,6,544.42,222,1.9821428571428572,24,4.860892857142857,152.64,15.031496335312294,81,18.5,4,335,0.8839285714285714,0.0,0.0,United Kingdom,Regular Customers,124.68411971806773
13685.0,15,3,1934.45,4441,193.08695652173913,1200,84.10652173913044,468.0,122.46695174278635,16,7.666666666666667,1,15,0.0,1184.99,7.0783331478189195,United Kingdom,VIP Customers,44.57165919790634
13686.0,153,3,409.04,378,11.117647058823529,24,12.030588235294118,26.4,4.719607675770384,27,11.333333333333334,2,218,0.0,0.0,0.0,United Kingdom,Regular Customers,168.61551365691057
13687.0,408,1,11880.84,87167,1937.0444444444445,7128,264.01866666666666,1653.12,291.26473326449315,45,45.0,1,0,0.0,0.0,0.0,United Kingdom,VIP Customers,1272.9704645107997
13688.0,605,1,375.5,130,26.0,50,75.1,92.5,15.883954167649817,5,5.0,1,0,1.0,0.0,0.0,United Kingdom,VIP Customers,-92.54724602512022
13689.0,33,2,1259.5,722,80.22222222222223,100,139.94444444444446,179.0,69.82139913935968,6,4.5,2,381,0.0,0.0,0.0,United Kingdom,Regular Customers,46.14152288128017
13690.0,29,1,172.25,67,7.444444444444445,24,19.13888888888889,44.85,11.474013513636416,9,9.0,1,0,0.0,0.0,0.0,United Kingdom,VIP Customers,58.4690680787329
13691.0,366,1,212.78,145,2.685185185185185,24,3.9403703703703705,41.25,5.826868139323883,54,54.0,1,0,0.0,0.0,0.0,United Kingdom,VIP Customers,56.88205142318259
13692.0,174,7,2399.71,1598,20.487179487179485,72,30.76551282051282,183.6,44.437762683679324,70,11.142857142857142,4,216,0.3974358974358974,616.74,6.426067656959469,United Kingdom,Regular Customers,299.9893302005262
13693.0,295,13,1948.32,871,7.776785714285714,48,17.395714285714284,50.85,10.42766173285887,80,8.615384615384615,6,407,0.2767857142857143,0.0,0.0,United Kingdom,Regular Customers,148.9847558614764
13694.0,13,158,182233.46,178905,119.27,1600,121.48897333333333,952.0,117.57782826456798,883,9.49367088607595,12,692,0.027333333333333334,7787.38,8.960388158316645,United Kingdom,At-Risk Customers,11320.316939625372
13695.0,1,16,2770.73,1791,18.65625,96,28.861770833333335,158.4,24.78724659322301,47,6.0,9,546,0.052083333333333336,0.0,0.0,United Kingdom,Regular Customers,112.69693743714203
13696.0,392,4,2008.6999999999998,546,21.84,100,80.348,745.0,143.51950250749897,25,6.25,4,273,0.0,0.0,0.0,United Kingdom,Regular Customers,234.24854506759513
13697.0,9,1,151.3,177,14.75,25,12.608333333333334,19.8,3.9591868617256005,12,12.0,1,0,0.0,0.0,0.0,United Kingdom,VIP Customers,66.35177279719096
13698.0,567,2,451.73,227,5.973684210526316,36,11.887631578947369,79.9,12.658390323825822,31,17.0,2,85,0.0,0.0,0.0,United Kingdom,VIP Customers,-68.35666947553506
13699.0,125,3,711.4,214,5.35,24,17.785,44.85,12.814853161018332,33,13.333333333333334,2,395,0.0,0.0,0.0,United Kingdom,Regular Customers,64.60591341208166
13700.0,22,13,2261.62,2637,11.221276595744682,100,9.623914893617021,72.0,10.849860410756303,162,18.076923076923077,7,618,0.30638297872340425,308.1,5.733664849138071,United Kingdom,Regular Customers,156.48833232375563
13701.0,407,2,159.55,79,7.9,12,15.955000000000002,29.7,8.140722394917487,9,5.0,1,9,0.9,0.0,0.0,United Kingdom,VIP Customers,-35.41887692489931
13702.0,416,1,135.18,74,14.8,24,27.036,39.6,9.306152803387661,5,5.0,1,0,0.0,0.0,0.0,United Kingdom,VIP Customers,-23.260949825357955
13703.0,288,3,99.5,10,0.136986301369863,12,1.3630136986301369,99.5,16.57727198145195,36,23.666666666666668,2,96,0.0,0.0,0.0,United Kingdom,VIP Customers,-0.9646293116912545
13704.0,17,8,1893.27,1336,11.928571428571429,72,16.904196428571428,51.0,8.480102905885136,102,14.0,2,41,0.0,402.04,5.9990358126043,United Kingdom,Regular Customers,515.5126955042196
13705.0,115,6,1528.01,780,11.64179104477612,32,22.806119402985075,165.0,21.635618917075632,51,11.166666666666666,5,479,0.0,189.18,5.2479709921112985,United Kingdom,Regular Customers,61.35007093871852
13706.0,273,2,631.17,301,7.921052631578948,24,16.609736842105264,39.9,7.666610825553745,38,19.0,2,324,0.0,0.0,0.0,United Kingdom,Regular Customers,76.30105517226795
13707.0,237,5,3365.86,2210,14.258064516129032,108,21.715225806451613,91.8,15.486138222909865,142,31.0,4,269,0.0,0.0,0.0,United Kingdom,Regular Customers,320.92942779345253
13708.0,241,1,285.33,301,6.142857142857143,48,5.823061224489796,17.7,3.779778545145222,49,49.0,1,0,1.0,0.0,0.0,United Kingdom,VIP Customers,32.84982203847119
13709.0,1,20,6964.1,3882,9.979434447300772,96,17.902570694087405,177.6,16.276459475734317,284,19.45,7,666,0.06940874035989718,528.31,6.271574271562859,United Kingdom,Regular Customers,543.3910433020548
13710.0,2,3,509.52,336,22.4,48,33.967999999999996,67.2,21.270896011754115,13,5.0,3,580,0.0,0.0,0.0,United Kingdom,Regular Customers,-91.35400981219792
13711.0,189,15,1632.61,796,7.728155339805825,64,15.850582524271843,54.0,13.060830741470419,81,6.866666666666666,5,519,0.038834951456310676,0.0,0.0,United Kingdom,Regular Customers,146.76299964564433
13712.0,217,2,766.42,1128,34.18181818181818,288,23.224848484848483,101.76,18.193998000922605,32,16.5,1,364,0.0,0.0,0.0,United Kingdom,Regular Customers,55.45702468816879
13713.0,378,3,740.76,284,3.55,12,9.2595,39.9,8.301372907652006,70,25.333333333333332,3,174,0.0,0.0,0.0,United Kingdom,VIP Customers,-61.550594240603075
13714.0,435,1,161.35,50,1.6666666666666667,4,5.378333333333333,21.9,4.493706007090464,30,30.0,1,0,0.0,0.0,0.0,United Kingdom,VIP Customers,9.65946286780877
13715.0,251,21,8108.09,4785,9.237451737451737,144,15.652683397683399,152.64,16.292453674957393,277,24.095238095238095,10,357,0.1525096525096525,0.0,0.0,United Kingdom,Regular Customers,660.10534943109
13716.0,239,1,138.28,138,6.571428571428571,24,6.584761904761905,20.4,5.088206578989909,21,21.0,1,0,0.0,0.0,0.0,United Kingdom,VIP Customers,32.38910539639477
13717.0,2,11,1748.05,2141,16.858267716535433,144,13.764173228346456,34.68,7.1252643995436795,110,11.545454545454545,7,453,0.0,0.0,0.0,United Kingdom,Regular Customers,152.582548096939
13718.0,216,2,306.55,173,14.416666666666666,100,25.545833333333334,111.6,27.90380764448834,9,6.0,2,49,0.0,0.0,0.0,United Kingdom,VIP Customers,-21.376320951991687
13719.0,3,10,2661.42,1506,6.223140495867769,72,10.997603305785125,52.2,7.270700996960951,189,24.2,7,538,0.1115702479338843,121.66,4.809416300197838,United Kingdom,Regular Customers,185.7017027281167
13720.0,87,4,799.9,501,11.651162790697674,144,18.60232558139535,79.2,10.435915283109326,42,10.75,4,138,0.0,0.0,0.0,United Kingdom,Regular Customers,205.80419073819002
13721.0,6,2,741.54,512,12.19047619047619,24,17.655714285714286,39.6,7.06682153096586,41,21.0,1,358,0.0,0.0,0.0,United Kingdom,Regular Customers,143.33200778702755
13722.0,90,11,5629.16,3058,16.094736842105263,288,29.62715789473684,102.0,18.85258772257462,137,17.272727272727273,5,526,0.20526315789473684,0.0,0.0,United Kingdom,Regular Customers,259.04974461110817
13723.0,187,6,1194.08,593,10.224137931034482,48,20.58758620689655,61.2,16.015687628439064,51,9.333333333333334,4,394,0.0,0.0,0.0,United Kingdom,Regular Customers,80.89503947076463
13724.0,607,1,213.01,130,3.0952380952380953,24,5.071666666666666,14.75,2.6158605510929336,39,39.0,1,0,0.0,0.0,0.0,United Kingdom,VIP Customers,-15.568510580223176
13725.0,20,11,1809.81,659,5.584745762711864,48,15.337372881355932,136.0,18.30503500992205,97,10.727272727272727,6,258,0.1016949152542373,0.0,0.0,United Kingdom,Regular Customers,310.9381692633822
13726.0,9,2,1079.66,1054,25.095238095238095,100,25.70619047619048,179.0,38.765993014520575,39,21.0,2,61,0.0,0.0,0.0,United Kingdom,VIP Customers,103.52435462246225
13727.0,4,8,951.0,323,4.141025641025641,32,12.192307692307692,47.7,11.327303403617403,69,9.75,5,696,0.1794871794871795,110.4,4.713127327493184,United Kingdom,Regular Customers,-81.7785520970397
13728.0,7,16,2855.17,1269,7.737804878048781,24,17.409573170731708,44.94,6.130033311953217,75,10.25,11,693,0.0,0.0,0.0,United Kingdom,Regular Customers,-32.793433212443716
13729.0,406,5,676.43,405,9.204545454545455,48,15.37340909090909,59.7,13.848418420851722,36,8.8,2,248,0.45454545454545453,0.0,0.0,United Kingdom,Regular Customers,130.53673121812074
13730.0,106,2,752.6,488,11.348837209302326,36,17.50232558139535,39.6,8.672115092478139,38,21.5,1,25,0.0,0.0,0.0,United Kingdom,VIP Customers,95.6039761355566
13731.0,189,2,610.59,278,7.315789473684211,25,16.068157894736842,23.4,3.5273087936480416,36,19.0,2,27,0.0,0.0,0.0,United Kingdom,VIP Customers,39.43294093859052
13733.0,381,3,484.53,333,11.1,64,16.151,70.8,11.396594576057995,28,10.0,2,324,0.0,0.0,0.0,United Kingdom,Regular Customers,55.91292213928904
13734.0,479,6,3445.3399999999997,209,7.206896551724138,85,118.80482758620688,2970.75,970.0190011379774,24,4.833333333333333,2,94,0.0,0.0,0.0,United Kingdom,VIP Customers,587.3929837749932
13735.0,13,20,8948.64,3888,6.0092735703245745,40,13.83097372488408,102.0,14.23303593400542,351,31.1,9,683,0.12210200927357033,473.72,6.162725156542511,United Kingdom,Regular Customers,581.332628135165
13736.0,230,11,2329.0,1269,2.813747228381375,24,5.164079822616408,35.4,4.831094307395324,257,40.54545454545455,5,473,0.6363636363636364,372.27,5.9223020183729105,United Kingdom,Regular Customers,300.26183810809323
13737.0,170,1,339.6,125,4.166666666666667,29,11.32,73.95,15.018624070317403,29,29.0,1,0,0.0,0.0,0.0,United Kingdom,VIP Customers,70.7066301723379
13738.0,366,1,434.78000000000003,237,2.662921348314607,24,4.885168539325843,40.56,5.749751202593574,88,88.0,1,0,0.0,0.0,0.0,United Kingdom,VIP Customers,105.02382970617037
13739.0,498,1,75.3,22,7.333333333333333,12,25.099999999999998,45.0,17.23455830591547,3,3.0,1,0,0.0,216.9,5.384036241950574,United Kingdom,Regular Customers,201.9014301146483
13740.0,211,5,1582.77,987,10.5,48,16.837978723404255,67.8,8.354022220963959,83,18.8,5,496,0.0,0.0,0.0,United Kingdom,Regular Customers,24.185473116543648
13741.0,42,4,666.33,217,6.2,24,19.038,47.7,7.9642343156950215,34,8.75,3,145,0.0,0.0,0.0,United Kingdom,Regular Customers,238.44302038918642
13742.0,60,13,2746.87,986,3.6791044776119404,48,10.249514925373134,51.0,10.498568519675585,164,20.076923076923077,6,230,0.6791044776119403,332.4,5.809342970316694,United Kingdom,Regular Customers,405.9233829873857
13743.0,59,7,1064.39,1415,40.42857142857143,192,30.41114285714286,70.2,15.629413216080493,8,5.0,5,170,0.0,275.76,5.623150704630611,United Kingdom,Regular Customers,187.72130924361628
13744.0,65,2,1080.52,1153,18.3015873015873,144,17.15111111111111,41.76,10.890767044154227,54,31.5,2,197,0.6984126984126984,0.0,0.0,United Kingdom,Regular Customers,197.6521327080517
13745.0,121,4,761.27,1121,19.0,108,12.902881355932204,81.36,11.488724915121614,46,14.75,2,394,0.0,0.0,0.0,United Kingdom,Regular Customers,112.7150729248905
13746.0,384,1,176.69,83,9.222222222222221,12,19.63222222222222,35.7,10.759395635650009,9,9.0,1,0,0.0,0.0,0.0,United Kingdom,VIP Customers,-8.430995174516596
13747.0,344,2,169.8,60,12.0,24,33.96,79.6,27.45082876708825,4,2.5,2,51,0.0,0.0,0.0,United Kingdom,VIP Customers,-54.03049835275456
13748.0,66,9,2064.35,1028,17.724137931034484,80,35.592241379310344,204.0,37.836604157697984,40,6.444444444444445,5,642,0.0,0.0,0.0,United Kingdom,Regular Customers,6.20555267639449
13749.0,671,1,-10.25,-7,-3.5,-2,-5.125,-2.75,3.3587572106361008,2,2.0,1,0,0.0,0.0,0.0,,,-65.265540991665
13750.0,24,13,3563.6,1360,17.662337662337663,96,46.28051948051948,325.44,72.91364140103117,51,5.923076923076923,8,563,0.19480519480519481,0.0,0.0,United Kingdom,Regular Customers,116.74382287464417
13751.0,258,1,296.25,152,16.88888888888889,100,32.916666666666664,165.0,51.73385013702344,9,9.0,1,0,0.0,0.0,0.0,United Kingdom,VIP Customers,20.582749608068667
13752.0,94,7,1579.83,1005,10.691489361702128,72,16.806702127659573,75.0,12.984428506127953,75,13.428571428571429,5,403,0.3723404255319149,0.0,0.0,United Kingdom,Regular Customers,113.01250567687691
13753.0,258,4,2094.57,1450,18.125,120,26.182125000000003,86.4,16.408775106341928,64,20.0,3,449,0.0,0.0,0.0,United Kingdom,Regular Customers,74.68095483342321
13754.0,122,3,447.05,315,15.0,48,21.288095238095238,52.2,10.89265698489015,16,7.0,3,285,0.0,0.0,0.0,United Kingdom,Regular Customers,87.92923842423235
13755.0,8,4,992.56,715,5.5,48,7.635076923076923,59.4,9.15251049951047,118,31.5,2,24,0.0,1108.83,7.011962129424085,United Kingdom,Regular Customers,459.1396543411072
13756.0,6,20,7326.61,4436,14.082539682539682,192,23.259079365079366,355.2,32.307468543233554,139,15.3,10,688,0.0,1269.04,7.146803675019639,United Kingdom,Regular Customers,363.9445811435211
13757.0,645,1,195.55,54,6.75,25,24.44375,153.0,52.071752950684726,8,8.0,1,0,0.0,0.0,0.0,United Kingdom,VIP Customers,-43.491166090944205
13758.0,9,18,8031.48,4465,15.946428571428571,288,28.683857142857143,204.0,29.18354001844521,209,15.444444444444445,8,699,0.28214285714285714,512.81,6.241853547312387,United Kingdom,Regular Customers,376.2403998780368
13759.0,3,2,659.41,287,11.48,48,26.3764,157.92,32.0436926815039,24,12.5,2,37,0.04,0.0,0.0,United Kingdom,VIP Customers,80.39405754518144
13760.0,24,6,1358.6399999999999,619,5.158333333333333,25,11.322,175.2,22.631353598808126,95,19.166666666666668,5,539,0.65,0.0,0.0,United Kingdom,Regular Customers,58.98822221847442
13761.0,20,6,1952.17,1079,8.844262295081966,25,16.001393442622952,119.4,10.6046224379058,118,20.333333333333332,5,606,0.3442622950819672,0.0,0.0,United Kingdom,Regular Customers,58.21862510222704
13762.0,174,6,2165.7599999999998,2336,55.61904761904762,256,51.56571428571428,208.8,62.68917769995764,23,7.0,4,494,0.4523809523809524,0.0,0.0,United Kingdom,Regular Customers,14.502819032620295
13763.0,33,6,5181.99,3220,60.75471698113208,192,97.77339622641509,204.0,54.857900733250965,50,8.833333333333334,5,371,0.0,0.0,0.0,United Kingdom,Regular Customers,240.35683757213607
13764.0,41,6,2919.62,2084,5.632432432432433,60,7.890864864864865,34.0,4.889713256106789,295,60.5,5,571,0.26216216216216215,0.0,0.0,United Kingdom,Regular Customers,270.7589194929768
13765.0,623,1,352.82,297,17.470588235294116,144,20.754117647058823,39.9,9.950625017318968,17,17.0,1,0,0.0,0.0,0.0,United Kingdom,VIP Customers,-65.74142290838483
13766.0,465,1,190.35,137,8.058823529411764,24,11.197058823529412,20.0,4.751605997852046,16,16.0,1,0,1.0,0.0,0.0,United Kingdom,VIP Customers,-50.808894323151634
13767.0,31,92,30011.64,12782,16.4293059125964,160,38.57537275064267,232.0,38.04851597303362,119,8.456521739130435,12,677,0.12339331619537275,3469.18,8.151961744794384,United Kingdom,Regular Customers,2150.23511540102
13768.0,534,8,758.0699999999999,357,8.30232558139535,24,17.62953488372093,89.1,22.097751658255746,37,5.25,3,174,0.2558139534883721,0.0,0.0,United Kingdom,VIP Customers,-51.04263532887671
13769.0,7,27,5128.1,2289,8.477777777777778,96,18.992962962962963,157.92,20.130948988394568,120,10.0,12,686,0.0,316.23,5.759627062842112,United Kingdom,Regular Customers,254.32868153201653
13770.0,392,4,785.37,468,9.75,96,16.361875,177.6,29.39889711755737,48,12.0,4,308,0.0,0.0,0.0,United Kingdom,Regular Customers,76.45494865968627
13771.0,34,10,5726.07,3139,14.465437788018432,144,26.38741935483871,102.0,19.76541097693686,182,21.7,5,588,0.0,0.0,0.0,United Kingdom,Regular Customers,304.6150533934167
13772.0,4,9,3080.52,1424,2.5026362038664325,25,5.413919156414763,74.25,6.7597060316479665,394,61.111111111111114,6,620,0.24077328646748683,0.0,0.0,United Kingdom,Regular Customers,368.69883021522026
13773.0,367,2,301.54,174,9.157894736842104,24,15.870526315789474,35.4,8.189739836923469,19,9.5,2,263,0.0,0.0,0.0,United Kingdom,Regular Customers,66.22560529925445
13774.0,52,1,345.0,192,8.727272727272727,24,15.681818181818182,24.9,3.26378196687106,22,22.0,1,0,0.0,0.0,0.0,United Kingdom,VIP Customers,75.493967448957
13775.0,561,1,1049.66,455,7.222222222222222,24,16.661269841269842,71.4,15.421709194850207,63,63.0,1,0,0.0,0.0,0.0,United Kingdom,VIP Customers,61.975547662664354
13776.0,398,8,-340.17,-4,-0.5,1,-42.52125,311.99,253.15845509073674,3,1.0,2,254,0.0,0.0,0.0,United Kingdom,VIP Customers,-115.9216100296876
13777.0,28,66,40232.659999999996,18415,51.87323943661972,384,113.3314366197183,1139.04,177.54601470219166,50,5.348484848484849,12,680,0.08732394366197183,8985.75,9.103506549312172,United Kingdom,Regular Customers,2257.1327542656727
13778.0,73,5,1116.54,510,11.333333333333334,144,24.811999999999998,152.64,24.638426897835828,34,9.0,3,462,0.6888888888888889,0.0,0.0,United Kingdom,Regular Customers,27.165316697752218
13779.0,486,1,161.13,53,1.962962962962963,16,5.967777777777777,25.5,5.784992742056037,27,27.0,1,0,0.0,0.0,0.0,United Kingdom,VIP Customers,-6.202300638242377
13780.0,141,2,488.34,334,6.68,156,9.7668,85.8,14.75243175250253,43,22.0,2,236,0.0,243.73,5.5001555620349105,United Kingdom,Regular Customers,144.13603163499593
13781.0,221,4,770.88,299,5.155172413793103,24,13.29103448275862,29.7,6.574850992816297,56,14.5,2,470,0.29310344827586204,0.0,0.0,United Kingdom,Regular Customers,25.829415219144465
13782.0,18,13,1608.07,546,2.4375,32,7.1788839285714285,33.9,5.632584023756173,178,17.23076923076923,8,685,0.9598214285714286,170.06,5.1420143721526355,United Kingdom,Regular Customers,17.728805599310334
13783.0,458,4,1542.09,3437,343.7,985,154.209,244.8,74.82739077369997,4,2.5,4,185,0.0,0.0,0.0,United Kingdom,VIP Customers,-260.45333743889876
13784.0,28,14,2859.02,2786,63.31818181818182,432,64.97772727272728,199.68,55.56759687643119,13,3.142857142857143,8,392,0.045454545454545456,38.16,3.6676558176623097,United Kingdom,Regular Customers,109.96400739644406
13785.0,399,4,542.49,151,5.033333333333333,24,18.083000000000002,31.8,4.477287625645534,26,7.5,2,31,0.16666666666666666,0.0,0.0,United Kingdom,VIP Customers,6.299164031144585
13786.0,337,8,2505.46,1502,12.728813559322035,60,21.23271186440678,119.4,63.56344668892725,81,14.625,5,368,0.5847457627118644,0.0,0.0,United Kingdom,Regular Customers,134.1080182358947
13787.0,46,9,1173.7,987,10.5,96,12.486170212765957,54.24,10.457563924716563,71,9.666666666666666,5,619,0.2553191489361702,0.0,0.0,United Kingdom,Regular Customers,-14.66571769778821
13788.0,475,1,3.75,1,1.0,1,3.75,3.75,0.0,1,1.0,1,0,0.0,0.0,0.0,United Kingdom,VIP Customers,-41.02809063386388
13789.0,358,1,239.46,258,14.333333333333334,24,13.303333333333335,19.8,4.344479932322503,18,18.0,1,0,0.0,0.0,0.0,United Kingdom,VIP Customers,10.799904806210463
13791.0,13,3,1047.68,828,48.705882352941174,200,61.62823529411765,290.0,121.44182476783348,7,5.666666666666667,3,124,0.0,0.0,0.0,United Kingdom,VIP Customers,-24.803229986602133
13792.0,36,3,383.95,156,6.782608695652174,12,16.693478260869565,39.8,6.615311171610388,23,7.666666666666667,2,356,0.0,0.0,0.0,United Kingdom,Regular Customers,91.9395107511672
13793.0,617,1,96.0,52,7.428571428571429,12,13.714285714285714,19.5,4.280353790451039,7,7.0,1,0,0.0,0.0,0.0,United Kingdom,VIP Customers,-59.01008670818953
13794.0,517,1,126.03,63,7.0,12,14.003333333333334,17.9,3.6455932301890175,9,9.0,1,0,0.0,0.0,0.0,United Kingdom,VIP Customers,-36.93177634320739
13795.0,358,4,836.3,1250,43.10344827586207,240,28.837931034482757,100.8,23.586492257117715,23,7.25,4,249,0.3103448275862069,0.0,0.0,United Kingdom,VIP Customers,-197.43119138921676
13796.0,469,1,289.7,218,9.909090909090908,24,13.168181818181818,25.2,4.328107071516463,22,22.0,1,0,0.0,0.0,0.0,United Kingdom,VIP Customers,-4.214253879050659
13797.0,407,4,1168.45,570,7.125,12,14.605625,51.0,8.560871960165882,71,20.0,3,210,0.0,0.0,0.0,United Kingdom,Regular Customers,189.68860221568167
13798.0,1,119,69868.51,45029,52.116898148148145,432,80.86633101851851,510.0,80.64212827766275,160,7.19327731092437,12,700,0.3148148148148148,3298.41,8.101498943591325,United Kingdom,Regular Customers,4385.091977868188
13799.0,87,13,2039.82,1358,11.706896551724139,192,17.584655172413793,148.5,45.505160288955565,65,8.923076923076923,7,527,0.04310344827586207,0.0,0.0,United Kingdom,Regular Customers,70.2286415358135
13800.0,280,3,1679.56,891,12.205479452054794,48,23.00767123287671,100.8,21.75274653926538,73,24.333333333333332,3,427,0.0,0.0,0.0,United Kingdom,Regular Customers,76.50386872097101
13801.0,37,1,324.8,168,7.304347826086956,24,14.121739130434783,20.4,3.8447965452424526,23,23.0,1,0,0.0,0.0,0.0,United Kingdom,VIP Customers,76.90352848965938
13802.0,108,24,25491.56,13830,30.26258205689278,250,55.780218818380746,510.0,73.10857762179371,212,19.041666666666668,11,523,0.1838074398249453,0.0,0.0,United Kingdom,Regular Customers,1260.8131323734515
13803.0,225,4,1319.11,819,10.367088607594937,144,16.69759493670886,60.48,8.511017477392867,73,19.75,3,363,0.0,0.0,0.0,United Kingdom,Regular Customers,102.35203861491254
13804.0,1,9,3161.12,1797,10.760479041916168,48,18.928862275449102,69.36,8.502846541023473,149,18.555555555555557,4,406,0.059880239520958084,0.0,0.0,United Kingdom,Regular Customers,333.14581643867757
13805.0,22,2,924.5999999999999,1900,146.15384615384616,272,71.12307692307692,169.0,53.34235955670618,10,6.5,2,76,0.0,0.0,0.0,United Kingdom,VIP Customers,30.00575755166051
13806.0,34,1,256.38,56,5.6,12,25.637999999999998,65.4,16.587026255480517,10,10.0,1,0,0.0,0.0,0.0,United Kingdom,VIP Customers,65.75883973328311
13807.0,337,4,397.3,114,4.222222222222222,18,14.714814814814815,53.1,10.991927237180219,25,6.75,2,368,0.0,0.0,0.0,United Kingdom,Regular Customers,44.10447576582257
13808.0,17,4,1518.5,668,10.603174603174603,36,24.103174603174605,106.2,19.400466973544805,59,15.75,2,50,0.42857142857142855,229.16,5.438774719243292,United Kingdom,Regular Customers,388.72352567368785
13809.0,275,3,679.6999999999999,281,11.24,192,27.188,278.4,53.97160572930918,23,8.0,3,155,0.36,0.0,0.0,Cyprus,VIP Customers,-67.36224790728724
13810.0,26,3,653.5,179,8.136363636363637,12,29.704545454545453,599.5,186.52974287859556,21,7.333333333333333,1,0,0.0,246.01,5.509428821638408,Germany,VIP Customers,241.2551685115234
13811.0,154,4,591.75,67,4.785714285714286,10,42.267857142857146,222.75,90.24658869995044,7,3.5,2,55,0.0,0.0,0.0,Germany,VIP Customers,57.99908175993565
13812.0,12,3,539.0,333,9.25,24,14.972222222222221,26.4,4.938802695339435,33,12.0,2,63,0.0,0.0,0.0,Germany,VIP Customers,73.9700012315808
13813.0,10,12,2686.42,1276,8.339869281045752,48,17.55830065359477,54.0,12.099091733573799,84,12.75,8,694,0.1830065359477124,0.0,0.0,Germany,Regular Customers,-8.604552471995845
13814.0,26,5,2239.07,1211,14.950617283950617,48,27.64283950617284,90.0,19.55621156017749,56,16.2,4,471,0.0,0.0,0.0,Germany,Regular Customers,112.839175424345
13815.0,119,8,6236.18,4763,14.838006230529595,288,19.42735202492212,198.0,21.612462756562838,188,40.125,7,517,0.0,1049.61,6.957126226845016,Germany,Regular Customers,324.0105664708706
13816.0,28,2,363.73,172,8.19047619047619,36,17.320476190476192,54.0,13.531836341084857,19,10.5,1,6,0.0,191.31,5.259108653322756,Germany,Regular Customers,346.1165256988684
13817.0,322,1,128.7,63,7.0,12,14.299999999999999,19.5,3.241527417746147,9,9.0,1,0,0.0,254.28,5.542360981969988,Germany,Regular Customers,259.8720150135247
13818.0,400,1,61.28,60,12.0,24,12.256,15.3,2.1896757750863483,5,5.0,1,0,0.0,0.0,0.0,United Kingdom,VIP Customers,-22.74997748064274
13819.0,272,7,2631.1,2302,22.134615384615383,120,25.299038461538462,66.0,14.583325996655221,47,14.857142857142858,3,436,0.0,0.0,0.0,United Kingdom,Regular Customers,138.68661047221264
13820.0,388,5,632.5,282,3.0652173913043477,12,6.875,33.75,6.572578817153302,68,17.4,3,262,0.532608695652174,0.0,0.0,United Kingdom,Regular Customers,128.34305018674368
13821.0,115,7,1355.38,471,2.297560975609756,10,6.611609756097561,39.95,5.906141025047363,158,29.285714285714285,4,559,0.0,0.0,0.0,United Kingdom,Regular Customers,116.09420521124696
13822.0,10,1,468.38,500,5.4945054945054945,100,5.147032967032967,30.6,4.7273545560811385,90,90.0,1,0,1.0,163.62,5.103639787544498,United Kingdom,VIP Customers,126.28266721453814
13823.0,62,7,3051.31,1446,9.513157894736842,48,20.07440789473684,100.8,16.57812424916038,101,21.714285714285715,6,632,0.0,307.24,5.730878700317902,United Kingdom,Regular Customers,38.28129993514946
13824.0,3,14,3273.36,1434,13.788461538461538,96,31.474615384615387,207.5,32.483401494704474,59,7.428571428571429,8,604,0.04807692307692308,0.0,0.0,United Kingdom,Regular Customers,97.7614466176868
13825.0,592,2,255.59,182,4.55,60,6.38975,30.0,6.519369753831999,38,20.0,2,108,0.45,0.0,0.0,United Kingdom,VIP Customers,-121.83593241116418
13826.0,128,2,174.65,80,6.666666666666667,24,14.554166666666667,29.7,11.462576624772804,11,6.0,2,18,0.0,0.0,0.0,United Kingdom,VIP Customers,13.52668992775861
13827.0,28,3,409.8,138,1.5,12,4.4543478260869565,19.9,4.152987089770135,83,30.666666666666668,2,85,0.0,0.0,0.0,United Kingdom,VIP Customers,89.90132013891018
13829.0,329,2,0.0,0,0.0,12,0.0,102.0,144.2497833620557,1,1.0,2,61,0.0,0.0,0.0,United Kingdom,VIP Customers,-100.10831470815887
13830.0,544,2,135.95000000000002,45,3.4615384615384617,12,10.457692307692309,18.95,10.319719112655273,11,6.5,1,7,0.0,0.0,0.0,United Kingdom,VIP Customers,-32.455918614394534
13831.0,58,19,6163.74,2265,12.513812154696133,128,34.05381215469613,326.4,53.83267142367136,121,9.421052631578947,9,641,0.19337016574585636,407.4,6.01224708629051,United Kingdom,Regular Customers,283.5886146411557
13832.0,392,1,557.69,392,7.538461538461538,72,10.724807692307694,62.4,15.662708489185215,51,51.0,1,0,0.0,40.95,3.7364784329132155,United Kingdom,Regular Customers,297.6780097240513
13833.0,129,2,700.41,243,5.5227272727272725,24,15.91840909090909,51.0,8.671379264014497,43,22.0,2,244,1.0,0.0,0.0,United Kingdom,Regular Customers,132.67875695176593
13834.0,547,3,247.89,214,10.19047619047619,96,11.804285714285713,61.2,18.808493711998462,20,7.0,3,145,0.0,0.0,0.0,United Kingdom,VIP Customers,-158.987092716797
13835.0,23,7,953.16,467,6.970149253731344,24,14.226268656716417,31.8,9.08898698156029,56,9.571428571428571,4,593,0.31343283582089554,91.66,4.528936879988502,United Kingdom,Regular Customers,-20.490679714149138
13836.0,369,3,602.52,270,8.181818181818182,32,18.258181818181818,38.25,9.669721251975629,29,11.0,2,15,0.0,0.0,0.0,United Kingdom,VIP Customers,19.439131109564187
13837.0,182,2,266.59,182,10.11111111111111,36,14.810555555555554,45.0,13.538157174194817,17,9.0,2,105,0.0,0.0,0.0,United Kingdom,VIP Customers,-42.16412232190149
13838.0,88,9,1482.79,604,1.7159090909090908,24,4.21247159090909,21.0,3.340733558882142,291,38.333333333333336,4,461,1.0,207.28,5.338883328294698,United Kingdom,Regular Customers,308.3519358410905
13839.0,456,1,139.95000000000002,25,3.5714285714285716,6,19.992857142857144,35.7,7.007164700708636,7,7.0,1,0,0.0,0.0,0.0,United Kingdom,VIP Customers,-24.95105995813708
13840.0,386,1,651.4,358,8.95,25,16.285,35.8,6.788094781986383,40,40.0,1,0,0.0,0.0,0.0,United Kingdom,VIP Customers,46.914709344696405
13841.0,223,1,85.0,100,100.0,100,85.0,85.0,0.0,1,1.0,1,0,0.0,0.0,0.0,United Kingdom,VIP Customers,5.358441867223064
13842.0,29,19,5294.39,2709,8.014792899408285,48,15.663875739644972,50.85,6.585797465570177,214,17.789473684210527,11,602,0.0621301775147929,0.0,0.0,United Kingdom,Regular Customers,293.79267822041436
13843.0,351,1,319.75,145,8.055555555555555,16,17.76388888888889,30.6,6.740631964515327,18,18.0,1,0,0.0,0.0,0.0,United Kingdom,VIP Customers,13.357644762341806
13845.0,35,1,312.98,182,20.22222222222222,40,34.775555555555556,102.0,27.188015333557868,9,9.0,1,0,0.0,0.0,0.0,United Kingdom,VIP Customers,69.1636139169415
13846.0,212,4,1089.21,657,9.125,24,15.127916666666668,30.6,6.907492959017277,69,18.0,3,157,0.0,201.13,5.308911054758907,United Kingdom,Regular Customers,250.85710760043816
13847.0,690,1,310.72,96,5.052631578947368,16,16.353684210526318,25.5,4.21105451365321,19,19.0,1,0,1.0,0.0,0.0,United Kingdom,VIP Customers,-86.30046564544944
13848.0,62,8,3015.0,9200,920.0,1500,301.5,480.0,139.8024399723489,3,1.25,7,637,0.1,0.0,0.0,United Kingdom,Regular Customers,-106.90271550853655
13849.0,22,6,3443.8,1881,8.51131221719457,48,15.582805429864255,40.5,6.4560403219963804,189,36.833333333333336,4,572,0.13574660633484162,0.0,0.0,United Kingdom,Regular Customers,211.69890779113197
13850.0,58,2,1586.81,941,10.01063829787234,24,16.88095744680851,30.6,5.379508925333209,93,47.0,2,41,0.0,0.0,0.0,United Kingdom,VIP Customers,158.82420467239484
13851.0,66,9,4516.76,2519,17.865248226950353,480,32.03375886524823,888.0,77.00543665908093,111,15.666666666666666,5,584,0.0,0.0,0.0,United Kingdom,Regular Customers,332.11863305509837
13852.0,577,2,170.45000000000002,79,6.076923076923077,24,13.111538461538462,18.0,9.746412883854456,11,6.5,1,3,0.0,0.0,0.0,United Kingdom,VIP Customers,-37.96408673353224
13853.0,27,1,1090.1399999999999,312,13.565217391304348,36,47.39739130434782,175.2,37.85093168270778,23,23.0,1,0,0.0,-33.2,,United Kingdom,VIP Customers,126.50794093052845
13854.0,7,43,11236.49,3357,19.18285714285714,160,64.20851428571429,350.4,63.931275017523106,59,4.069767441860465,12,663,0.08571428571428572,612.32,6.418886822568188,United Kingdom,Regular Customers,657.8298869852146
13855.0,471,5,1253.94,561,7.285714285714286,56,16.284935064935066,94.64,14.015608556870166,65,15.4,4,230,0.0,0.0,0.0,United Kingdom,VIP Customers,-97.14036881397948
13856.0,139,15,1058.88,1086,17.516129032258064,144,17.078709677419358,93.6,21.151521472529005,33,4.133333333333334,6,450,0.0967741935483871,0.0,0.0,United Kingdom,Regular Customers,110.92576509715093
13857.0,363,7,997.11,780,6.046511627906977,48,7.72953488372093,40.8,6.352724545970552,99,18.0,5,177,0.20930232558139536,0.0,0.0,United Kingdom,Regular Customers,221.7551120561605
13858.0,27,1,216.17000000000002,75,6.818181818181818,12,19.651818181818182,30.6,6.440111517950319,11,11.0,1,0,0.0,0.0,0.0,United Kingdom,VIP Customers,62.71072510803745
13859.0,296,2,515.86,167,4.638888888888889,25,14.329444444444444,127.5,21.677030495690847,34,17.5,2,203,0.0,0.0,0.0,United Kingdom,Regular Customers,167.00203066312872
13860.0,22,4,611.91,261,6.868421052631579,12,16.102894736842103,29.88,6.163447573283979,36,9.5,2,34,0.0,628.09,6.444274330725595,United Kingdom,Regular Customers,344.5286488160456
13861.0,399,3,251.31,220,9.565217391304348,25,10.926521739130434,23.4,8.817853072393762,21,7.666666666666667,3,101,0.43478260869565216,0.0,0.0,United Kingdom,VIP Customers,-104.67321387189804
13862.0,43,10,2414.38,1774,11.44516129032258,48,15.576645161290323,45.0,6.823883979675877,111,15.5,8,316,0.12903225806451613,119.66,4.792976673012616,United Kingdom,Regular Customers,227.6817362086873
13863.0,215,6,1217.63,546,7.378378378378378,24,16.45445945945946,53.55,8.683482216394731,59,12.333333333333334,4,348,0.24324324324324326,0.0,0.0,United Kingdom,Regular Customers,113.82474869420946
13864.0,356,1,662.4,192,192.0,192,662.4,662.4,0.0,1,1.0,1,0,0.0,0.0,0.0,United Kingdom,VIP Customers,-20.59167041776132
13865.0,28,4,501.56,204,6.8,12,16.718666666666667,25.5,4.276587209553845,26,7.5,4,231,0.0,0.0,0.0,United Kingdom,Regular Customers,141.84585194405707
13866.0,44,1,145.67,57,8.142857142857142,16,20.81,34.68,8.302045932579912,7,7.0,1,0,0.0,0.0,0.0,United Kingdom,VIP Customers,51.77940310083844
13867.0,1,3,1005.09,501,8.35,25,16.7515,63.6,7.950785447821374,51,19.666666666666668,3,186,0.0,0.0,0.0,United Kingdom,Regular Customers,244.1067239008781
13868.0,9,1,507.54,464,14.5,48,15.860625,47.7,9.410906485939428,32,32.0,1,0,0.0,2685.0,7.895808377083183,United Kingdom,VIP Customers,106.36097852550704
13869.0,93,10,7996.87,4302,5.133651551312649,48,9.542804295942721,53.7,6.6921326792570115,502,81.1,7,567,0.37589498806682575,0.0,0.0,United Kingdom,Regular Customers,659.0982743831972
13870.0,8,17,5537.09,3386,14.049792531120332,96,22.975477178423237,225.0,31.652262371098395,157,14.176470588235293,8,632,0.0954356846473029,152.75,5.035327906686628,United Kingdom,Regular Customers,330.29385457622095
13871.0,15,20,7272.1900000000005,3196,8.279792746113989,36,18.839870466321244,67.2,10.33180866899827,183,19.3,10,674,0.11139896373056994,532.76,6.2799462997303275,United Kingdom,Regular Customers,329.909105188283
13872.0,483,6,891.32,332,5.442622950819672,18,14.611803278688525,30.0,7.432795460703578,52,10.166666666666666,4,217,0.0,0.0,0.0,United Kingdom,Regular Customers,132.47925898356766
13873.0,90,9,1031.02,470,7.704918032786885,48,16.901967213114755,51.0,8.372082739611878,55,6.777777777777778,6,526,0.32786885245901637,0.0,0.0,United Kingdom,Regular Customers,-11.495120851332928
13874.0,328,10,1989.2,851,11.657534246575343,32,27.24931506849315,178.75,29.441289380013348,47,7.3,6,370,0.0,0.0,0.0,United Kingdom,Regular Customers,137.31127191387466
13875.0,24,14,4814.37,3072,11.377777777777778,50,17.831,295.0,21.22126208366957,159,19.285714285714285,9,668,0.0962962962962963,0.0,0.0,United Kingdom,Regular Customers,248.9591901208466
13876.0,34,1,122.7,36,5.142857142857143,12,17.52857142857143,23.9,4.940551347678477,7,7.0,1,0,0.0,0.0,0.0,United Kingdom,VIP Customers,52.001206689717435
13877.0,56,5,446.33,475,19.0,96,17.8532,69.6,14.359279148573812,23,5.0,4,603,0.0,0.0,0.0,United Kingdom,Regular Customers,-105.46428490831548
13878.0,25,4,2416.9,927,9.088235294117647,48,23.695098039215686,102.0,19.03629658347588,93,25.0,4,549,0.3431372549019608,0.0,0.0,United Kingdom,Regular Customers,59.76621370987138
13879.0,616,1,395.5,204,8.16,24,15.82,25.5,4.304512167481932,25,25.0,1,0,0.0,0.0,0.0,United Kingdom,VIP Customers,-27.481798481884198
13880.0,22,16,3897.21,2276,11.494949494949495,48,19.68287878787879,59.4,9.055092814748516,136,12.375,10,509,0.08080808080808081,396.65,5.985572221403144,United Kingdom,Regular Customers,217.88327243267122
13881.0,9,45,40696.82,27348,61.873303167420815,480,92.07425339366516,612.0,86.08904221810629,181,9.822222222222223,10,606,0.0,3695.68,8.21519039852282,United Kingdom,Regular Customers,2227.744606977094
13882.0,9,3,623.46,464,13.257142857142858,48,17.813142857142857,59.85,17.268329864307116,32,11.666666666666666,2,25,0.0,507.82,6.232094319429467,United Kingdom,Regular Customers,336.22462418465386
13883.0,170,24,5447.19,2968,10.487632508833922,48,19.248021201413426,122.4,14.978148373366595,192,11.75,10,530,0.2332155477031802,895.55,6.798554063938373,United Kingdom,Regular Customers,422.0920177335008
13884.0,59,13,1541.83,659,3.8092485549132946,42,8.912312138728323,69.3,8.36989124819756,105,12.692307692307692,4,380,0.48554913294797686,247.1,5.513831890697755,United Kingdom,Regular Customers,279.2551845723763
13885.0,159,2,506.8,182,6.5,24,18.1,51.0,8.591845832812341,28,14.0,2,11,0.0,0.0,0.0,United Kingdom,VIP Customers,48.80700823389327
13886.0,41,1,243.56,126,7.875,16,15.2225,20.0,3.627758720385541,16,16.0,1,0,0.0,0.0,0.0,United Kingdom,VIP Customers,66.37589450568069
13887.0,174,1,349.55,147,7.7368421052631575,24,18.397368421052633,32.7,7.294246470948688,19,19.0,1,0,0.0,0.0,0.0,United Kingdom,VIP Customers,47.307603134748575
13888.0,90,7,2001.59,795,4.649122807017544,32,11.705204678362573,61.2,8.19444864736676,124,22.571428571428573,3,455,0.3216374269005848,0.0,0.0,United Kingdom,Regular Customers,197.33049006009614
13889.0,63,8,1855.73,947,10.522222222222222,24,20.619222222222223,70.8,16.51235820667563,59,11.25,6,593,0.0,0.0,0.0,United Kingdom,Regular Customers,-9.440980718381326
13890.0,3,16,1984.78,970,7.51937984496124,24,15.385891472868217,50.4,8.540618629928387,80,8.0625,8,700,0.10077519379844961,873.95,6.774166741867757,United Kingdom,Regular Customers,16.745452727382002
13891.0,348,3,859.21,476,4.808080808080808,24,8.678888888888888,47.6,8.123672499263094,97,32.666666666666664,3,203,0.0,0.0,0.0,United Kingdom,VIP Customers,-40.509181547345804
13892.0,23,5,1206.45,3101,88.6,864,34.47,250.56,47.485516615440694,33,7.0,4,522,0.0,61.2,4.130354999745133,United Kingdom,Regular Customers,-95.52285506521233
13893.0,268,1,821.1,190,9.047619047619047,48,39.1,306.0,64.2484241051872,21,21.0,1,0,0.0,0.0,0.0,United Kingdom,VIP Customers,100.68362966285707
13894.0,272,2,150.95,99,9.0,24,13.72272727272727,30.0,10.036467596628897,10,5.5,1,8,0.0,385.02,5.9558891815940616,United Kingdom,Regular Customers,265.7285835296988
13895.0,37,6,3246.61,1641,10.796052631578947,100,21.359276315789476,180.0,19.431303825193645,126,25.333333333333332,4,669,0.0,677.01,6.519162037094163,United Kingdom,Regular Customers,103.51041711094777
13896.0,596,1,388.55,149,7.095238095238095,12,18.502380952380953,76.5,15.727288992309484,21,21.0,1,0,0.0,0.0,0.0,United Kingdom,VIP Customers,-15.510550916233285
13897.0,20,3,1160.72,820,13.898305084745763,48,19.67322033898305,53.1,8.86344127158022,58,19.666666666666668,3,627,0.3898305084745763,0.0,0.0,United Kingdom,Regular Customers,-61.15280273759575
13898.0,296,2,686.4,544,11.826086956521738,30,14.921739130434782,39.6,5.904593430108396,43,23.0,2,85,0.7391304347826086,0.0,0.0,United Kingdom,VIP Customers,-24.733232623069952
13899.0,245,1,298.5,122,8.133333333333333,12,19.9,51.0,9.180802952745628,15,15.0,1,0,0.0,90.02,4.5110792625884955,United Kingdom,Regular Customers,280.7536524240188
13900.0,153,7,1608.09,936,9.75,72,16.7509375,102.0,12.072679210613044,80,13.714285714285714,5,441,0.0,0.0,0.0,United Kingdom,Regular Customers,102.42538669241489
13901.0,42,20,5599.34,3326,10.459119496855346,48,17.607987421383648,119.7,10.883988603638441,280,15.9,9,631,0.0,0.0,0.0,United Kingdom,Regular Customers,448.6015258860009
13902.0,602,8,30411.26,218090,3255.0746268656717,19152,453.89940298507463,3630.8,797.9267719588867,60,8.375,4,98,0.0,0.0,0.0,Denmark,At-Risk Customers,2293.979757241673
13903.0,370,1,165.45000000000002,103,10.3,24,16.545,19.8,1.6325593404222716,10,10.0,1,0,0.0,0.0,0.0,United Kingdom,VIP Customers,-7.425980449746589
13904.0,7,2,332.64,332,12.76923076923077,25,12.793846153846154,19.8,4.275716620098275,24,13.0,2,257,0.0,0.0,0.0,United Kingdom,Regular Customers,147.10912231175655
13905.0,541,3,244.45,124,8.266666666666667,25,16.296666666666667,130.8,36.35294852782463,12,5.0,3,161,0.0,0.0,0.0,United Kingdom,VIP Customers,-146.3349156607706
13906.0,379,1,42.0,100,100.0,100,42.0,42.0,0.0,1,1.0,1,0,0.0,0.0,0.0,United Kingdom,VIP Customers,-24.532386911437015
13907.0,662,1,136.79999999999998,68,17.0,24,34.199999999999996,40.8,7.868926229162398,4,4.0,1,0,1.0,0.0,0.0,United Kingdom,VIP Customers,-106.66675953618494
13908.0,50,5,2347.05,1470,11.666666666666666,120,18.627380952380953,124.8,14.789429802589222,104,25.2,4,196,0.0,0.0,0.0,United Kingdom,Regular Customers,334.2080647517528
13909.0,393,2,282.85,301,7.921052631578948,60,7.44342105263158,23.4,5.0103683180768295,35,18.5,2,98,0.0,0.0,0.0,United Kingdom,VIP Customers,-62.802625969497655
13910.0,413,1,-127.66,-1,-1.0,-1,-127.66,-127.66,0.0,1,1.0,1,0,0.0,0.0,0.0,,,-16.162794357187778
13911.0,27,22,4200.04,4476,18.49586776859504,384,17.355537190082643,119.52,15.237960158538833,178,11.0,9,590,0.1487603305785124,0.0,0.0,United Kingdom,Regular Customers,311.4118163415729
13912.0,394,1,124.95,29,4.142857142857143,6,17.85,22.5,2.9673220249915584,7,7.0,1,0,0.0,0.0,0.0,United Kingdom,VIP Customers,-15.228717199501318
13913.0,477,1,42.22,10,3.3333333333333335,8,14.073333333333332,15.95,1.670219546446913,3,3.0,1,0,0.0,0.0,0.0,United Kingdom,VIP Customers,-39.4627036669138
13914.0,6,1,321.07,125,7.8125,12,20.066875,59.4,11.536785640578863,16,16.0,1,0,0.0,292.88,5.683171520752077,United Kingdom,VIP Customers,84.39856223830549
13915.0,364,2,31.2,16,4.0,18,7.8,53.1,34.993427954403096,4,2.0,2,337,0.0,0.0,0.0,United Kingdom,VIP Customers,-258.0645608133784
13916.0,434,5,1260.51,667,8.893333333333333,36,16.8068,125.0,14.294668648967832,73,15.0,4,274,0.0,0.0,0.0,United Kingdom,VIP Customers,-93.90153646770239
13917.0,20,2,272.04,228,12.666666666666666,24,15.113333333333335,30.6,7.703667575749038,16,9.0,2,141,0.0,0.0,0.0,United Kingdom,Regular Customers,211.64216704991924
13918.0,20,2,1212.84,1140,38.0,288,40.428,254.4,49.833115315711154,30,15.0,2,203,0.0,0.0,0.0,United Kingdom,Regular Customers,217.11998327232806
13919.0,23,5,1326.03,1096,13.365853658536585,48,16.17109756097561,58.5,10.408386576514477,65,16.4,3,487,0.0,0.0,0.0,Denmark,Regular Customers,108.57157284392761
13920.0,402,5,1734.8799999999999,1768,20.09090909090909,96,19.714545454545455,90.0,17.716721947714333,81,17.6,5,130,0.0,0.0,0.0,United Kingdom,VIP Customers,0.02564110520981444
13921.0,369,5,720.75,209,4.644444444444445,12,16.016666666666666,35.7,6.336402764976354,36,9.0,4,322,0.0,0.0,0.0,United Kingdom,Regular Customers,49.023500664665306
13922.0,322,5,824.7,453,13.727272727272727,48,24.990909090909092,94.5,24.007028445285094,31,6.6,4,115,0.3939393939393939,0.0,0.0,United Kingdom,VIP Customers,-57.073598883576395
13923.0,24,1,351.13,185,9.25,12,17.5565,35.4,10.710563047266643,20,20.0,1,0,0.0,0.0,0.0,United Kingdom,VIP Customers,81.16824423586215
13924.0,2,6,1049.07,657,8.2125,72,13.113375,34.0,12.05663123843556,57,13.333333333333334,3,40,0.0,633.01,6.452064727183498,United Kingdom,Regular Customers,374.0595655215931
13925.0,6,6,616.65,327,7.266666666666667,40,13.703333333333333,33.2,10.966338992986259,28,7.5,4,98,0.0,0.0,0.0,United Kingdom,Regular Customers,267.71621301772797
13927.0,45,3,689.96,457,10.386363636363637,48,15.680909090909092,41.6,8.12873565447792,37,14.666666666666666,2,362,0.0,0.0,0.0,United Kingdom,Regular Customers,107.90914366233949
13928.0,1,3,356.67,111,5.285714285714286,12,16.984285714285715,35.4,6.4709601848787255,19,7.0,3,101,0.0,107.9,4.690430029938915,United Kingdom,Regular Customers,235.39686971418107
13929.0,139,14,3318.1,1550,25.833333333333332,432,55.30166666666666,477.6,86.49382982141063,38,4.285714285714286,8,525,0.0,0.0,0.0,United Kingdom,Regular Customers,86.45508542192206
13930.0,28,2,337.34,274,16.11764705882353,24,19.843529411764706,39.6,8.034688031573216,15,8.5,2,78,0.0,0.0,0.0,United Kingdom,VIP Customers,10.568079616253897
13931.0,56,12,5250.78,3484,12.808823529411764,288,19.304338235294118,255.0,17.503935781021774,205,22.666666666666668,5,650,0.0,0.0,0.0,United Kingdom,Regular Customers,326.45290233604953
13932.0,265,1,307.4,72,4.5,12,19.2125,34.0,7.391763434165535,16,16.0,1,0,0.0,0.0,0.0,United Kingdom,VIP Customers,25.99000285697872
13933.0,79,2,608.79,205,8.91304347826087,12,26.469130434782606,67.5,13.936000115150907,23,11.5,2,39,0.0,0.0,0.0,United Kingdom,VIP Customers,46.94440956180205
13934.0,234,1,922.1,390,12.580645161290322,24,29.74516129032258,90.0,20.27719718813356,31,31.0,1,0,0.0,0.0,0.0,United Kingdom,VIP Customers,81.75595337680261
13935.0,567,3,6116.92,2252,28.15,176,76.4615,275.4,55.109872030244034,67,26.666666666666668,3,55,0.0,0.0,0.0,United Kingdom,VIP Customers,165.7978452600336
13936.0,141,4,924.36,655,10.916666666666666,36,15.406,31.6,7.358152909344039,56,15.0,3,243,0.0,0.0,0.0,United Kingdom,Regular Customers,186.64556598100822
13937.0,139,3,867.38,586,10.654545454545454,48,15.770545454545454,30.6,6.033111849274683,54,18.333333333333332,2,233,0.0,0.0,0.0,United Kingdom,Regular Customers,198.2714798256462
13938.0,5,1,71.66,70,10.0,16,10.237142857142857,19.8,4.855820268110269,7,7.0,1,0,0.0,0.0,0.0,United Kingdom,VIP Customers,58.32387413079695
13939.0,79,9,1355.32,1410,13.823529411764707,48,13.287450980392157,102.0,11.396358345417946,81,11.333333333333334,5,503,0.0,178.34,5.189283445523902,United Kingdom,Regular Customers,119.04418756718312
13940.0,34,3,616.3,376,9.170731707317072,48,15.03170731707317,30.24,4.919718946463823,36,13.666666666666666,3,80,0.0,222.84,5.410931510917171,United Kingdom,Regular Customers,264.977739154563
13941.0,60,16,8572.97,4139,47.57471264367816,256,98.53988505747125,612.0,109.24411518921744,41,5.4375,9,633,0.28735632183908044,1253.66,7.134619898526763,United Kingdom,Regular Customers,294.9577210494432
13942.0,505,1,320.0,1000,1000.0,1000,320.0,320.0,0.0,1,1.0,1,0,0.0,0.0,0.0,United Kingdom,VIP Customers,-65.49299716975742
13943.0,548,1,246.54,94,6.266666666666667,12,16.436,23.25,2.9843563555887322,15,15.0,1,0,0.0,0.0,0.0,United Kingdom,VIP Customers,-30.659558806121026
13944.0,623,1,200.43,153,4.371428571428571,36,5.726571428571429,11.8,1.7906192534775143,35,35.0,1,0,0.0,0.0,0.0,United Kingdom,VIP Customers,-26.92912158766336
13945.0,365,2,854.15,413,8.098039215686274,24,16.748039215686273,70.8,10.850576762478175,49,25.5,2,85,0.0,0.0,0.0,United Kingdom,VIP Customers,3.5538159660664803
13946.0,49,7,1745.43,2823,49.526315789473685,600,30.621578947368423,183.6,53.97303737546957,49,8.142857142857142,6,656,0.3333333333333333,0.0,0.0,United Kingdom,Regular Customers,-167.4478292344896
13947.0,35,1,90.6,44,8.8,12,18.119999999999997,19.8,2.738065010185113,5,5.0,1,0,0.0,0.0,0.0,United Kingdom,VIP Customers,48.9063277848758
13948.0,331,5,536.86,246,9.84,24,21.4744,47.4,13.073433966126368,23,5.0,3,374,0.32,0.0,0.0,United Kingdom,Regular Customers,17.30578125592487
13949.0,10,4,1604.25,1541,15.565656565656566,100,16.204545454545453,135.2,15.55841725547177,80,24.75,2,54,0.18181818181818182,823.0699999999999,6.714255477757612,United Kingdom,Regular Customers,439.5572341629413
13950.0,43,2,323.66,150,10.0,24,21.577333333333335,50.85,12.879920955096107,15,7.5,2,173,0.0,404.9,6.006106823844852,United Kingdom,Regular Customers,185.6588856464491
13951.0,146,3,674.45,459,11.76923076923077,120,17.293589743589745,38.16,6.164979398599415,38,13.0,3,118,0.5128205128205128,0.0,0.0,United Kingdom,VIP Customers,-56.50271150797175
13952.0,181,17,12790.89,5938,14.37772397094431,144,30.970677966101693,238.8,23.975276090525345,238,24.294117647058822,10,512,0.08232445520581114,0.0,0.0,United Kingdom,Regular Customers,645.7907036442895
13953.0,23,11,6229.36,4948,274.8888888888889,800,346.0755555555555,1000.0,307.88965353768475,8,1.6363636363636365,7,675,0.0,411.32,6.021799746904055,United Kingdom,Regular Customers,45.07425677656292
13954.0,28,2,166.07999999999998,40,2.2222222222222223,8,9.226666666666667,33.9,14.903566884553271,13,9.0,2,12,0.0,212.51,5.36368366997929,United Kingdom,Regular Customers,288.78956973493615
13955.0,124,3,544.0699999999999,272,3.2,48,6.400823529411764,51.0,7.665464483141053,82,28.333333333333332,3,220,0.0,0.0,0.0,United Kingdom,Regular Customers,204.01343661354485
13956.0,24,4,865.72,436,3.4330708661417324,36,6.816692913385827,49.01,6.590059620502289,107,30.25,4,217,1.0,153.55,5.040517668578126,United Kingdom,Regular Customers,218.35566347252487
13957.0,388,3,458.25,157,5.814814814814815,24,16.97222222222222,23.25,2.64035739616575,21,9.0,3,240,0.3333333333333333,0.0,0.0,United Kingdom,VIP Customers,-188.18398029804294
13958.0,342,12,4504.78,2215,9.040816326530612,108,18.386857142857142,135.0,19.21645961148931,177,20.416666666666668,5,362,0.2,0.0,0.0,United Kingdom,Regular Customers,386.1620196971015
13959.0,49,6,1064.77,694,4.420382165605096,36,6.781974522292994,42.5,6.2919458528130505,120,25.5,6,431,0.10191082802547771,0.0,0.0,United Kingdom,Regular Customers,97.17335931833637
13960.0,42,1,128.1,40,10.0,12,32.025,70.8,25.868948567732705,4,4.0,1,0,0.0,102.11999999999999,4.635893358630931,United Kingdom,VIP Customers,49.4277716671229
13961.0,355,2,498.7,222,10.571428571428571,36,23.747619047619047,106.2,28.49363295628725,19,10.5,1,7,0.0,0.0,0.0,United Kingdom,VIP Customers,38.270382131185784
13962.0,216,2,310.85,103,5.421052631578948,24,16.360526315789475,30.0,4.75729203280397,19,9.5,2,190,0.0,51.95,3.9693480720474157,United Kingdom,Regular Customers,141.4629249184165
13963.0,278,18,2748.32,2000,11.834319526627219,96,16.26224852071006,60.0,11.085754572327037,129,9.38888888888889,11,288,0.09467455621301775,0.0,0.0,United Kingdom,Regular Customers,265.1504559858138
13964.0,357,3,421.9,226,9.04,24,16.875999999999998,47.2,11.575189703269086,22,8.333333333333334,2,43,0.0,0.0,0.0,United Kingdom,VIP Customers,-5.0901530980573
13965.0,425,5,777.66,402,14.357142857142858,96,27.773571428571426,229.5,66.80860086647115,23,5.6,4,248,0.0,0.0,0.0,United Kingdom,Regular Customers,96.76756462073979
13966.0,405,1,384.26,760,36.19047619047619,288,18.298095238095236,60.48,14.470011616805158,21,21.0,1,0,0.0,0.0,0.0,United Kingdom,VIP Customers,-34.87099483211341
13967.0,116,2,166.3,66,11.0,36,27.71666666666667,45.0,12.733486037478764,4,3.0,2,250,0.3333333333333333,0.0,0.0,United Kingdom,Regular Customers,83.94095138541692
13968.0,393,1,123.66,174,21.75,36,15.4575,30.0,6.544122226417055,8,8.0,1,0,0.0,0.0,0.0,United Kingdom,VIP Customers,-12.614497763285584
13969.0,8,34,10268.0,5424,5.819742489270387,100,11.017167381974248,179.0,13.425584035080806,429,27.058823529411764,11,586,0.0,2552.36,7.8451654178762205,United Kingdom,Regular Customers,968.6163802935364
13970.0,356,2,846.55,469,36.07692307692308,176,65.11923076923077,255.2,80.46999590546554,10,6.5,2,51,0.0,0.0,0.0,United Kingdom,VIP Customers,-31.216162999126283
13971.0,30,16,4201.43,2820,11.510204081632653,48,17.148693877551022,49.8,8.999883601715611,174,15.3125,9,623,0.0653061224489796,392.4,5.974826905954958,United Kingdom,Regular Customers,221.66600479711312
13972.0,41,2,190.25,187,12.466666666666667,25,12.683333333333334,23.6,5.204066633298379,15,7.5,2,131,0.6,0.0,0.0,United Kingdom,Regular Customers,188.83300014597566
13973.0,257,1,264.7,109,9.909090909090908,25,24.063636363636363,68.0,16.977250821453556,11,11.0,1,0,0.0,0.0,0.0,United Kingdom,VIP Customers,24.695977432414395
13974.0,19,4,663.52,354,7.866666666666666,12,14.74488888888889,24.96,6.078442018621003,43,11.25,2,532,0.0,0.0,0.0,United Kingdom,Regular Customers,19.883915630031282
13975.0,1,14,5224.85,3876,5.237837837837838,75,7.0606081081081085,51.0,7.043503540110937,434,51.285714285714285,8,644,0.014864864864864866,0.0,0.0,United Kingdom,Regular Customers,510.6031646640921
13976.0,177,4,1192.3600000000001,452,8.071428571428571,48,21.29214285714286,69.36,13.198102716855761,49,14.0,4,461,0.0,0.0,0.0,United Kingdom,Regular Customers,6.359992189614076
13977.0,381,1,519.81,303,23.307692307692307,36,39.98538461538461,127.2,31.56807844838005,13,13.0,1,0,1.0,0.0,0.0,United Kingdom,VIP Customers,-11.360894642566507
13978.0,15,1,158.99,297,21.214285714285715,54,11.356428571428571,40.56,10.893560982485063,14,14.0,1,0,0.0,37.8,3.6584202466292277,United Kingdom,VIP Customers,68.99797905440593
13979.0,43,11,3290.53,2252,5.644110275689223,72,8.246942355889725,27.0,7.159209283293473,358,35.36363636363637,5,663,0.3383458646616541,0.0,0.0,United Kingdom,Regular Customers,342.1026025617831
13980.0,30,9,722.02,457,6.82089552238806,64,10.77641791044776,47.2,11.115452348582746,58,7.222222222222222,5,595,0.7014925373134329,0.0,0.0,United Kingdom,Regular Customers,-42.22172631750297
13981.0,371,2,327.39,233,10.130434782608695,48,14.234347826086957,31.2,6.796097694524247,22,11.5,2,15,0.0,0.0,0.0,United Kingdom,VIP Customers,-14.238064600694543
13982.0,9,13,3927.49,2466,10.405063291139241,64,16.57168776371308,163.2,20.167426447424198,123,17.615384615384617,7,649,0.0,0.0,0.0,United Kingdom,Regular Customers,186.27064194141934
13983.0,10,29,6509.97,3739,10.932748538011696,144,19.035,290.0,33.26863628941206,240,11.620689655172415,11,690,0.017543859649122806,128.88,4.866610947234645,United Kingdom,Regular Customers,518.7104889718499
13984.0,96,12,1360.1399999999999,861,10.129411764705882,408,16.00164705882353,432.48,69.57676282945572,50,6.833333333333333,7,606,0.2235294117647059,101.18,4.626735963902652,United Kingdom,Regular Customers,-17.41926445364558
13985.0,2,20,8302.72,4148,10.241975308641976,60,20.500543209876543,88.5,9.892761965606622,138,20.25,9,636,0.04938271604938271,1679.59,7.426900201220554,United Kingdom,Regular Customers,395.95764576554177
13987.0,350,2,682.54,492,10.695652173913043,24,14.837826086956522,30.0,5.103147574691734,46,23.0,1,21,0.0,0.0,0.0,United Kingdom,VIP Customers,60.01867699728339
13988.0,14,9,4263.51,2980,11.037037037037036,96,15.790777777777778,71.9,10.152763159089261,206,29.444444444444443,6,581,0.15925925925925927,445.13,6.100610389368702,United Kingdom,Regular Customers,256.8231741656403
13989.0,36,5,2026.06,2207,25.662790697674417,180,23.558837209302325,145.0,22.76896951444351,61,17.2,5,497,0.0,0.0,0.0,United Kingdom,Regular Customers,62.93082975700014
13990.0,183,1,311.3,190,11.875,48,19.45625,35.7,8.045782228389397,16,16.0,1,0,0.0,0.0,0.0,United Kingdom,VIP Customers,36.985791075142146
13991.0,13,4,531.82,644,12.88,48,10.636400000000002,39.6,9.06834992978213,35,12.25,3,100,0.6,315.71999999999997,5.758018102797875,United Kingdom,Regular Customers,257.04187339581335
13992.0,350,2,142.7,90,15.0,24,23.78333333333333,46.8,12.963088623729556,5,3.0,2,82,0.0,76.8,4.354141431184346,United Kingdom,Regular Customers,170.31415416388512
13993.0,2,24,6690.36,2120,7.940074906367041,48,25.05752808988764,204.0,21.933505540502654,110,11.125,12,704,0.20224719101123595,0.0,0.0,United Kingdom,Regular Customers,243.53164257284422
13994.0,10,5,2158.04,906,6.335664335664336,36,15.091188811188811,49.5,8.709086034865589,121,27.8,4,108,0.0,116.1,4.763028270603671,United Kingdom,Regular Customers,397.8255388092806
13995.0,26,17,3620.5,2226,9.893333333333333,48,16.09111111111111,53.1,9.013177857959219,140,13.235294117647058,9,665,0.057777777777777775,215.76,5.378790750697913,United Kingdom,Regular Customers,149.88716831382584
13996.0,356,2,895.76,613,18.575757575757574,144,27.144242424242425,94.8,22.048591087400435,29,16.5,1,13,0.0,0.0,0.0,United Kingdom,VIP Customers,36.076100018072395
13997.0,489,3,376.46,143,3.25,24,8.55590909090909,25.5,6.003843853299247,36,14.666666666666666,2,31,0.0,0.0,0.0,United Kingdom,VIP Customers,-13.773863611799243
13998.0,417,3,566.7,204,6.580645161290323,18,18.280645161290323,33.9,5.835518791837831,30,10.333333333333334,3,129,0.5161290322580645,0.0,0.0,United Kingdom,VIP Customers,-109.18634403064596
13999.0,35,34,8713.61,4655,10.725806451612904,120,20.077442396313366,122.04,16.73471854439009,168,12.764705882352942,12,669,0.06912442396313365,724.4,6.586723226848802,United Kingdom,Regular Customers,543.9022379027048
14000.0,176,8,1877.59,1811,34.82692307692308,144,36.1075,166.8,42.43811946615366,28,6.5,6,531,0.0,0.0,0.0,United Kingdom,Regular Customers,-8.901820125832813
14001.0,16,10,4216.1,1776,17.076923076923077,100,40.53942307692308,204.0,40.79767185502308,61,10.4,7,447,0.0,0.0,0.0,United Kingdom,Regular Customers,194.30247707766782
14002.0,104,2,529.73,877,18.659574468085108,108,11.270851063829788,23.4,5.519688802580795,47,23.5,1,22,0.0,0.0,0.0,United Kingdom,VIP Customers,91.14014836785975
14003.0,703,1,209.41,149,9.3125,48,13.088125,19.8,4.0013568011363345,16,16.0,1,0,0.0,0.0,0.0,United Kingdom,VIP Customers,-67.83183960700808
14004.0,13,11,6258.45,3425,14.21161825726141,72,25.968672199170125,82.5,14.79094336848055,127,21.90909090909091,6,392,0.11618257261410789,0.0,0.0,United Kingdom,Regular Customers,408.5187892874268
14005.0,46,4,977.68,1092,20.22222222222222,120,18.105185185185185,76.5,11.295304875443174,40,13.5,4,140,0.5555555555555556,1897.04,7.548577053763398,United Kingdom,Regular Customers,217.4802001988747
14006.0,86,7,2196.67,2181,28.324675324675326,144,28.528181818181817,152.64,32.645699109299656,55,11.0,6,536,0.0,0.0,0.0,United Kingdom,Regular Customers,33.771726011275604
14007.0,483,1,79.48,16,3.2,6,15.896,19.9,2.7274676900011112,5,5.0,1,0,0.0,0.0,0.0,United Kingdom,VIP Customers,-36.39518452268584
14008.0,345,2,493.74,320,9.696969696969697,24,14.961818181818183,30.0,6.4745561887212855,32,16.5,2,57,0.9696969696969697,0.0,0.0,United Kingdom,VIP Customers,-47.886575488781034
14009.0,168,4,1090.23,947,12.460526315789474,48,14.345131578947369,30.0,6.215685640575474,71,19.0,2,264,0.0,0.0,0.0,United Kingdom,Regular Customers,218.1933923950593
14010.0,535,3,288.1,128,4.571428571428571,30,10.289285714285715,63.0,27.504478952233626,20,9.0,1,0,1.0,0.0,0.0,United Kingdom,VIP Customers,-26.505941657232967
14011.0,450,3,451.92,642,19.454545454545453,48,13.694545454545455,35.7,6.948379798066729,32,11.0,2,127,0.6666666666666666,0.0,0.0,United Kingdom,VIP Customers,-86.21098959298106
14012.0,248,1,328.8,160,14.545454545454545,24,29.89090909090909,39.6,8.732062132790231,11,11.0,1,0,0.0,0.0,0.0,United Kingdom,VIP Customers,22.256704359423566
14013.0,80,6,1006.22,766,10.63888888888889,48,13.975277777777778,44.55,11.074015642799317,59,12.0,5,621,0.3611111111111111,0.0,0.0,United Kingdom,Regular Customers,-84.38786616369887
14014.0,47,3,1948.21,2004,26.36842105263158,192,25.63434210526316,175.2,32.342447004332705,76,25.333333333333332,3,499,0.32894736842105265,0.0,0.0,United Kingdom,Regular Customers,83.30601590232715
14015.0,23,1,917.34,378,18.9,72,45.867000000000004,108.48,28.2101872416779,20,20.0,1,0,0.0,0.0,0.0,United Kingdom,VIP Customers,94.22203549039438
14016.0,124,13,11379.71,5720,12.71111111111111,108,25.28824444444444,207.5,27.79902793933961,354,34.61538461538461,9,546,0.11555555555555555,0.0,0.0,EIRE,Regular Customers,677.8677067372207
14017.0,541,1,229.75,73,5.214285714285714,12,16.410714285714285,25.2,4.28737765339807,14,14.0,1,0,0.0,0.0,0.0,United Kingdom,VIP Customers,-31.58791232026971
14018.0,615,1,367.15,224,17.23076923076923,60,28.24230769230769,59.4,16.120432249087983,13,13.0,1,0,0.0,0.0,0.0,United Kingdom,VIP Customers,-47.551780491599004
14019.0,17,4,1398.96,1034,15.205882352941176,144,20.57294117647059,99.84,18.11493125860407,37,17.0,3,91,0.36764705882352944,0.0,0.0,United Kingdom,Regular Customers,294.16050349781347
14020.0,58,4,901.6,380,6.909090909090909,24,16.392727272727274,39.6,9.261470856415974,44,13.75,4,441,0.0,311.65999999999997,5.745116338149178,United Kingdom,Regular Customers,27.66603667146225
14021.0,125,7,1716.58,878,9.755555555555556,48,19.07311111111111,76.5,12.023896211290046,84,12.857142857142858,7,437,0.0,0.0,0.0,United Kingdom,Regular Customers,57.757137126608285
14022.0,195,2,792.15,681,14.48936170212766,48,16.854255319148937,35.4,6.8381890383857735,45,23.5,2,261,0.0,0.0,0.0,United Kingdom,Regular Customers,148.22761779516264
14023.0,220,1,273.14,162,10.125,24,17.07125,30.0,5.303803509432327,16,16.0,1,0,1.0,310.93,5.742778803662883,United Kingdom,Regular Customers,245.8245508004703
14024.0,92,3,645.74,238,7.0,24,18.99235294117647,30.6,4.578108686388413,33,11.333333333333334,2,269,0.9117647058823529,0.0,0.0,United Kingdom,Regular Customers,121.62878973579964
14025.0,435,10,3969.1,1898,18.792079207920793,96,39.298019801980196,170.0,33.772356714324864,60,10.0,5,119,0.0,0.0,0.0,United Kingdom,VIP Customers,131.80041495888793
14026.0,441,2,713.11,427,8.54,12,14.2622,22.95,3.899737976545896,43,25.0,2,154,0.0,0.0,0.0,United Kingdom,VIP Customers,-75.84906939531965
14027.0,31,1,104.82,62,10.333333333333334,12,17.47,24.96,6.668849975820419,6,6.0,1,0,0.0,0.0,0.0,United Kingdom,VIP Customers,52.212205009159106
14028.0,469,5,3175.5,4679,359.9230769230769,830,244.26923076923077,1203.5,1545.3427426650996,4,2.6,2,52,0.0,0.0,0.0,United Kingdom,VIP Customers,-369.13209034190913
14029.0,33,2,467.66,198,13.2,40,31.177333333333333,79.2,19.70363978944959,15,7.5,2,80,0.0,0.0,0.0,United Kingdom,VIP Customers,9.130617164033936
14030.0,59,21,6863.07,3713,4.815823605706874,72,8.901517509727626,290.0,15.565702404020744,556,36.23809523809524,7,649,0.17639429312581065,542.03,6.297164567026571,United Kingdom,Regular Customers,854.5842691919955
14031.0,19,53,33473.05,12282,16.552560646900268,288,45.11192722371968,1416.0,106.78709084708898,281,13.90566037735849,12,687,0.0,2575.21,7.854074605640658,United Kingdom,Regular Customers,2125.561622957765
14032.0,8,20,3762.76,3327,15.619718309859154,288,17.665539906103287,85.92,13.226176422140272,71,10.65,9,687,0.07042253521126761,719.45,6.579876016778943,United Kingdom,Regular Customers,97.08428415056227
14033.0,525,1,109.44,576,576.0,576,109.44,109.44,0.0,1,1.0,1,0,0.0,0.0,0.0,United Kingdom,VIP Customers,-61.526229599544365
14034.0,127,3,334.11,199,7.107142857142857,48,11.932500000000001,87.8,28.425743108954887,23,9.333333333333334,1,0,0.0,174.98,5.1703703522174145,United Kingdom,Regular Customers,340.28400313758857
14035.0,17,10,2490.18,1282,9.426470588235293,48,18.310147058823528,81.6,20.585144085365314,69,13.1,7,565,0.20588235294117646,300.32,5.7081728229574935,United Kingdom,Regular Customers,45.630838550963716
14036.0,255,1,626.65,268,7.052631578947368,24,16.49078947368421,31.8,6.075939870162652,38,38.0,1,0,0.0,0.0,0.0,United Kingdom,VIP Customers,65.51641287507923
14037.0,146,7,755.95,563,4.895652173913043,48,6.573478260869566,114.75,14.171409446145882,96,16.428571428571427,5,556,0.06086956521739131,0.0,0.0,United Kingdom,Regular Customers,21.324198834869406
14038.0,48,8,3000.93,1697,10.101190476190476,40,17.86267857142857,78.0,10.94880938340005,99,21.0,5,595,0.25595238095238093,0.0,0.0,United Kingdom,Regular Customers,99.728139936009
14039.0,3,2,267.28,192,19.2,72,26.727999999999998,76.32,24.593730366362344,10,5.0,2,542,0.6,0.0,0.0,United Kingdom,Regular Customers,-89.82730070860148
14040.0,11,42,12336.08,4922,6.191194968553459,72,15.517081761006288,175.2,16.65813869926761,336,18.333333333333332,12,698,0.3572327044025157,0.0,0.0,United Kingdom,Regular Customers,934.2391973115272
14041.0,236,1,141.41,94,4.476190476190476,19,6.733809523809524,39.9,10.859188034190437,21,21.0,1,0,0.0,0.0,0.0,United Kingdom,VIP Customers,36.95247507657632
14042.0,695,1,431.98,180,8.571428571428571,24,20.570476190476192,90.0,16.815388926870074,21,21.0,1,0,0.0,0.0,0.0,United Kingdom,VIP Customers,-31.892109641450332
14043.0,461,3,299.65,151,3.5952380952380953,24,7.134523809523809,35.8,8.820297324334547,37,13.333333333333334,2,238,0.0,0.0,0.0,United Kingdom,Regular Customers,99.6458307120983
14044.0,73,10,2950.04,2042,2.542963885429639,288,3.6737733499377336,60.48,4.63591625621091,520,78.9,6,580,0.8057285180572852,110.71,4.715906227582757,United Kingdom,Regular Customers,440.47038737678133
14045.0,79,19,9334.23,4119,100.46341463414635,600,227.6641463414634,1224.0,327.2437566171096,16,2.1578947368421053,10,591,0.0,0.0,0.0,United Kingdom,Regular Customers,331.4257481570163
14046.0,254,1,154.99,460,32.857142857142854,96,11.070714285714287,40.32,10.525707331821687,14,14.0,1,0,0.0,0.0,0.0,United Kingdom,VIP Customers,18.8735699863945
14047.0,43,18,3529.96,1419,9.653061224489797,48,24.013333333333332,183.6,25.42398876191952,89,8.166666666666666,9,603,0.14965986394557823,351.15,5.86405722119142,United Kingdom,Regular Customers,165.8545208775861
14048.0,247,4,713.89,453,3.1458333333333335,48,4.957569444444444,39.95,5.338220185641325,126,35.25,3,104,0.0,0.0,0.0,United Kingdom,VIP Customers,77.5588451156327
14049.0,129,16,10544.97,6780,7.793103448275862,75,12.120655172413793,125.0,14.839797009712518,471,54.0625,8,458,0.0,2303.43,7.742588636346651,United Kingdom,Regular Customers,906.1861033465866
14050.0,2,2,746.36,689,12.75925925925926,25,13.821481481481483,30.0,5.103282483208644,49,27.0,2,74,0.0,0.0,0.0,United Kingdom,Regular Customers,320.03161947520357
14051.0,1,39,18520.08,4891,16.63605442176871,72,62.993469387755106,297.0,54.70079424463542,82,7.487179487179487,12,705,0.1054421768707483,2921.4,7.980160475481073,United Kingdom,Regular Customers,826.4550003641407
14052.0,361,1,241.3,85,1.3076923076923077,6,3.7123076923076925,16.95,3.102809094811692,65,65.0,1,0,1.0,225.36,5.422126652274323,United Kingdom,Regular Customers,279.1546981282444
14053.0,94,4,572.3,490,54.44444444444444,130,63.58888888888888,137.8,50.55911625128658,3,2.0,3,362,0.7777777777777778,0.0,0.0,United Kingdom,Regular Customers,7.512899778661762
14054.0,35,1,92.46000000000001,62,10.333333333333334,12,15.410000000000002,16.5,2.669943819633664,6,6.0,1,0,0.0,0.0,0.0,United Kingdom,VIP Customers,50.78951607792962
14055.0,76,3,1520.96,720,21.818181818181817,144,46.08969696969697,415.0,68.57029151192448,33,11.0,3,616,0.0,0.0,0.0,United Kingdom,Regular Customers,-3.645461595648186
14056.0,5,27,7103.47,3819,3.8459214501510575,30,7.153544813695872,74.25,7.672983968844516,307,36.111111111111114,10,249,0.0,958.99,6.8669228677409615,United Kingdom,Regular Customers,867.9697288935454
14057.0,37,22,7636.94,5780,13.136363636363637,216,17.356681818181816,386.64,23.77872376245132,241,19.818181818181817,11,669,0.07272727272727272,639.16,6.461718145108925,United Kingdom,Regular Customers,518.2410643097415
14058.0,433,2,469.19,211,8.791666666666666,24,19.549583333333334,46.8,10.09802971706197,23,12.0,2,67,0.7916666666666666,0.0,0.0,United Kingdom,VIP Customers,-75.81973721374086
14059.0,237,1,183.6,128,16.0,60,22.95,51.0,11.947384651043926,8,8.0,1,0,0.0,0.0,0.0,United Kingdom,VIP Customers,12.314739989062417
14060.0,27,30,8172.26,6877,28.300411522633745,144,33.63069958847737,302.4,36.60888999093058,98,8.1,12,582,0.053497942386831275,710.04,6.56672868701121,United Kingdom,Regular Customers,559.5581510438857
14061.0,477,3,917.4300000000001,133,7.0,52,48.28578947368421,364.0,79.63650407499408,17,6.333333333333333,2,230,0.0,0.0,0.0,United Kingdom,VIP Customers,-88.16422209695997
14062.0,42,26,24176.9,11303,34.14803625377643,1002,73.04199395770394,594.0,85.17715879777022,138,12.653846153846153,11,657,0.0,1239.38,7.123173063265281,United Kingdom,Regular Customers,881.265282097489
14063.0,401,13,-3767.1999999999994,3846,87.4090909090909,288,-85.61818181818181,10468.8,2874.2240340018425,30,3.3846153846153846,4,300,0.0,0.0,0.0,United Kingdom,Regular Customers,2441.788587161992
14064.0,83,19,2740.16,3128,14.026905829596412,864,12.287713004484305,311.04,28.664424723794678,116,10.947368421052632,9,574,0.1210762331838565,227.41,5.431142259660542,United Kingdom,Regular Customers,76.60905037493026
14065.0,359,4,889.37,581,11.62,48,17.7874,51.0,8.537045756284662,42,12.5,2,42,0.0,0.0,0.0,United Kingdom,VIP Customers,47.68633218772868
14066.0,237,1,152.55,45,6.428571428571429,12,21.792857142857144,38.25,10.437210218389641,7,7.0,1,0,0.0,0.0,0.0,United Kingdom,VIP Customers,15.370485241819011
14067.0,34,2,374.7,361,6.9423076923076925,48,7.2057692307692305,24.75,5.988123980717706,51,26.0,2,32,0.4807692307692308,0.0,0.0,United Kingdom,VIP Customers,57.476571529011096
14068.0,290,5,1493.32,498,4.568807339449541,32,13.700183486238531,40.5,8.641199010345234,93,21.2,3,357,0.7247706422018348,0.0,0.0,United Kingdom,Regular Customers,122.67426303180179
14069.0,485,2,225.81,58,1.4146341463414633,3,5.507560975609756,21.5,4.535963944129078,37,20.5,2,46,0.0,0.0,0.0,United Kingdom,VIP Customers,-36.566959619829134
14070.0,655,1,321.6,85,2.073170731707317,8,7.843902439024391,29.95,6.272122797765036,40,40.0,1,0,1.0,0.0,0.0,United Kingdom,VIP Customers,-49.22805567578081
14071.0,2,6,810.34,510,2.81767955801105,30,4.477016574585636,40.56,8.57157329943002,153,30.0,4,233,0.17679558011049723,495.82,6.208227787457905,United Kingdom,Regular Customers,312.1102072893442
14072.0,637,1,390.85,65,3.4210526315789473,10,20.571052631578947,51.0,11.950840460791795,19,19.0,1,0,0.0,0.0,0.0,United Kingdom,VIP Customers,-35.82806663198363
14073.0,2,1,151.04,130,10.0,24,11.618461538461538,17.0,3.1488353565348732,13,13.0,1,0,0.0,-11.5,,United Kingdom,VIP Customers,66.79760806287135
14074.0,593,1,219.4,228,38.0,48,36.56666666666667,60.0,13.34371262680168,6,6.0,1,0,0.0,0.0,0.0,United Kingdom,VIP Customers,-49.592241925493454
14075.0,231,4,1100.53,1010,18.035714285714285,100,19.65232142857143,79.6,14.073428734006818,48,14.0,4,280,0.0,634.34,6.454160288670418,United Kingdom,Regular Customers,119.75704801316442
14076.0,99,1,118.67,79,1.7954545454545454,12,2.6970454545454547,16.95,2.826311245015274,43,43.0,1,0,0.0,0.0,0.0,United Kingdom,VIP Customers,86.9627876321228
14077.0,11,6,615.08,376,6.714285714285714,48,10.983571428571429,85.92,13.70211389511871,43,9.333333333333334,6,354,0.03571428571428571,0.0,0.0,United Kingdom,Regular Customers,70.85242284587508
14078.0,72,9,1553.47,586,3.9594594594594597,36,10.49641891891892,158.75,22.438838717879023,107,16.22222222222222,7,519,0.49324324324324326,0.0,0.0,United Kingdom,Regular Customers,67.15321383942617
14079.0,95,2,618.73,302,23.23076923076923,100,47.59461538461539,243.63,72.82945004316416,13,6.5,2,557,0.9230769230769231,0.0,0.0,United Kingdom,Regular Customers,-91.4911220468795
14080.0,3,6,1075.73,267,3.1785714285714284,24,12.806309523809524,79.9,13.969142135414984,74,14.0,4,704,0.10714285714285714,0.0,0.0,United Kingdom,Regular Customers,-68.91357795338305
14081.0,237,16,4747.52,3361,3.94021101992966,60,5.56567409144197,39.75,5.829034432458404,467,51.5,6,461,0.08089097303634232,0.0,0.0,United Kingdom,Regular Customers,678.4131424012336
14082.0,335,2,413.36,246,3.7846153846153845,36,6.359384615384616,23.85,5.385326962254438,48,32.0,2,27,0.0,0.0,0.0,United Kingdom,VIP Customers,19.567158641545433
14083.0,96,9,612.68,429,4.047169811320755,120,5.779999999999999,39.75,6.080542895561374,99,11.777777777777779,5,595,0.0,469.51,6.153817212784694,United Kingdom,Regular Customers,-8.584624088138497
14084.0,482,1,150.5,306,43.714285714285715,90,21.5,31.2,8.950418984606252,7,7.0,1,0,0.0,0.0,0.0,United Kingdom,VIP Customers,-39.20683199995864
14085.0,15,30,8798.11,5698,5.898550724637682,108,9.107774327122154,51.0,7.1395865190505665,444,31.833333333333332,10,686,0.0,909.81,6.814334313488117,United Kingdom,Regular Customers,804.8329567500358
14086.0,433,1,39.95,1,1.0,1,39.95,39.95,0.0,1,1.0,1,0,0.0,0.0,0.0,United Kingdom,VIP Customers,-32.927560455956325
14087.0,375,3,608.0,444,3.041095890410959,36,4.164383561643835,33.9,6.332514342127081,126,46.0,2,330,0.5547945205479452,178.72,5.191400084201959,United Kingdom,Regular Customers,140.18316118923428
14088.0,7,16,49511.26,12373,23.703065134099617,100,94.84915708812261,559.2,97.59602734738051,388,32.625,6,383,0.1839080459770115,12888.76,9.464188476675334,United Kingdom,Regular Customers,2182.382369451889
14089.0,27,1,158.75,133,10.23076923076923,48,12.211538461538462,31.2,11.767861492325787,13,13.0,1,0,0.0,0.0,0.0,United Kingdom,VIP Customers,56.90174618959884
14090.0,295,1,76.32,72,72.0,72,76.32,76.32,0.0,1,1.0,1,0,0.0,0.0,0.0,United Kingdom,VIP Customers,-7.869121902779085
14091.0,624,2,9530.08,3316,255.07692307692307,700,733.0830769230769,1485.0,491.50284596301526,13,6.5,2,44,0.3076923076923077,0.0,0.0,United Kingdom,VIP Customers,111.20287102972014
14092.0,34,24,6235.32,3183,9.501492537313434,48,18.612895522388058,87.6,10.651867775175871,162,13.958333333333334,11,659,0.1701492537313433,980.32,6.888898604131832,United Kingdom,Regular Customers,324.74929639052675
14094.0,410,2,310.82,157,3.5681818181818183,42,7.0640909090909085,52.5,9.365280591081234,41,21.0,1,0,1.0,0.0,0.0,United Kingdom,VIP Customers,8.560509237243082
14095.0,693,1,2.95,1,1.0,1,2.95,2.95,0.0,1,1.0,1,0,0.0,0.0,0.0,United Kingdom,VIP Customers,-82.67099098302765
14096.0,9,24,24850.92,7051,2.6114814814814813,48,9.204044444444444,901.58,45.774767212823384,918,111.79166666666667,3,62,0.0,32269.989999999998,10.381923963224327,United Kingdom,Regular Customers,2533.8168258052333
14097.0,451,2,422.86,352,8.8,25,10.5715,35.7,8.406551947203186,39,20.0,2,164,0.675,0.0,0.0,United Kingdom,VIP Customers,-121.4353667966179
14098.0,7,1,147.35,104,4.9523809523809526,24,7.016666666666667,61.2,13.099159260553073,21,21.0,1,0,0.0,0.0,0.0,United Kingdom,VIP Customers,86.19894629399994
14099.0,13,21,5471.91,3582,7.009784735812133,72,10.708238747553816,121.68,10.814951706841747,267,24.19047619047619,12,686,0.0,213.8,5.36970736263471,United Kingdom,Regular Customers,340.4534686497849
14100.0,108,1,191.95,63,2.52,6,7.678,23.85,5.351773070674803,24,24.0,1,0,0.0,0.0,0.0,United Kingdom,VIP Customers,65.13518499317007
14101.0,44,14,9942.13,10530,115.71428571428571,2160,109.25417582417582,550.0,110.93846331353586,19,6.5,10,547,0.21978021978021978,0.0,0.0,United Kingdom,Regular Customers,-39.091785424902724
14102.0,7,3,520.95,336,8.615384615384615,60,13.357692307692309,75.0,17.14062402314554,27,12.333333333333334,2,7,0.0,539.38,6.292272595778669,United Kingdom,Regular Customers,341.5032764883189
14104.0,124,5,743.53,496,3.674074074074074,48,5.507629629629629,85.0,8.90777768551943,117,25.8,4,405,0.0,0.0,0.0,United Kingdom,Regular Customers,137.5809494980473
14105.0,55,9,5703.98,3483,11.887372013651877,48,19.467508532423206,81.12,17.131766004780836,202,32.55555555555556,6,635,0.3720136518771331,0.0,0.0,United Kingdom,Regular Customers,263.3820821615881
14106.0,707,1,214.8,24,24.0,24,214.8,214.8,0.0,1,1.0,1,0,0.0,0.0,0.0,United Kingdom,VIP Customers,-85.33619963182451
14107.0,22,13,4853.7,3481,14.564853556485355,48,20.30836820083682,71.4,11.107042898444757,102,18.384615384615383,8,678,0.28870292887029286,0.0,0.0,United Kingdom,Regular Customers,131.67674155337616
14108.0,1,5,1041.21,659,12.433962264150944,48,19.64547169811321,66.6,11.797641968767405,49,10.6,4,707,0.0,0.0,0.0,United Kingdom,Regular Customers,-108.79797226978243
14109.0,43,1,144.2,88,9.777777777777779,16,16.022222222222222,25.2,5.205952789302304,9,9.0,1,0,0.0,-64.0,,United Kingdom,VIP Customers,55.30623401957527
14110.0,7,33,12306.72,5621,14.0525,96,30.7668,325.44,33.599954346549715,178,12.121212121212121,11,702,0.1225,650.88,6.479860495907788,United Kingdom,Regular Customers,729.3700967461099
14111.0,55,4,291.25,201,33.5,144,48.541666666666664,153.0,58.894128881125894,5,1.5,3,156,0.0,397.35,5.987331015826375,United Kingdom,Regular Customers,166.4731857854101
14112.0,5,26,5313.41,3334,9.471590909090908,60,15.094914772727272,58.5,11.28722339455224,196,13.538461538461538,10,686,0.125,211.1,5.357057861570636,United Kingdom,Regular Customers,370.08000031855863
14113.0,20,29,5242.71,2673,22.275,168,43.68925,510.0,94.96175868231285,64,4.137931034482759,11,682,0.0,914.04,6.818967780167006,United Kingdom,Regular Customers,334.33151649597505
14114.0,244,7,1364.09,650,8.783783783783784,36,18.43364864864865,89.7,10.80976861287522,72,10.571428571428571,7,332,0.13513513513513514,0.0,0.0,United Kingdom,Regular Customers,82.97051484153369
14115.0,472,2,622.67,509,23.136363636363637,48,28.303181818181816,100.8,22.24009407875863,22,11.0,2,165,0.0,0.0,0.0,United Kingdom,VIP Customers,-105.61654817992763
14116.0,1,4,1169.82,609,9.515625,32,18.2784375,54.08,8.314963795270948,55,16.0,4,90,0.0,212.92,5.365602113353633,United Kingdom,Regular Customers,300.987341516446
14117.0,114,1,90.0,72,24.0,24,30.0,30.0,0.0,3,3.0,1,0,0.0,0.0,0.0,United Kingdom,VIP Customers,32.62488279586415
14118.0,399,1,458.45,97,6.466666666666667,12,30.563333333333333,59.7,17.92244668671371,15,15.0,1,0,0.0,0.0,0.0,United Kingdom,VIP Customers,4.0408204219879735
14119.0,324,3,163.47,175,14.583333333333334,96,13.6225,36.48,13.328180756304564,11,4.0,2,363,0.0,0.0,0.0,United Kingdom,Regular Customers,-8.407792080856979
14120.0,400,1,-23.8,-4,-4.0,-4,-23.8,-23.8,0.0,1,1.0,1,0,0.0,0.0,0.0,,,-13.39775002115519
14121.0,16,2,218.25,231,11.0,24,10.392857142857142,30.0,9.578962962062825,20,10.5,1,13,0.0,2522.05,7.8332237661220585,United Kingdom,Regular Customers,328.61746719814244
14122.0,365,5,309.77,95,5.9375,32,19.360625,89.7,27.047692068825388,12,3.2,3,342,0.0,0.0,0.0,United Kingdom,Regular Customers,29.202577209936152
14123.0,703,1,436.18,234,9.75,24,18.174166666666668,35.7,6.6266109881602215,24,24.0,1,0,1.0,0.0,0.0,United Kingdom,VIP Customers,-75.58441463658977
14124.0,54,1,419.58,1618,323.6,500,83.916,143.26,58.550696665368555,4,4.0,1,0,0.0,0.0,0.0,United Kingdom,VIP Customers,23.719094799296585
14125.0,48,1,1295.43,972,11.571428571428571,25,15.421785714285715,30.6,5.001313601111304,84,84.0,1,0,0.0,1425.2,7.262768843594204,United Kingdom,Regular Customers,440.8286745064553
14126.0,414,1,466.33,379,13.535714285714286,36,16.654642857142857,30.0,6.559807179947839,28,28.0,1,0,0.0,643.63,6.468676508788589,United Kingdom,Regular Customers,264.4657664824092
14127.0,93,6,1900.08,828,7.076923076923077,24,16.24,39.95,5.049347346013113,96,19.5,5,302,0.452991452991453,0.0,0.0,United Kingdom,Regular Customers,191.6508785530672
14128.0,31,4,909.36,811,12.287878787878787,25,13.77818181818182,30.0,7.014667689720075,50,16.5,3,490,0.2878787878787879,0.0,0.0,United Kingdom,Regular Customers,33.20100134255071
14129.0,66,7,2193.71,1177,12.934065934065934,48,24.106703296703298,81.36,11.488314648173308,40,13.0,5,483,0.24175824175824176,397.63,5.988033668368522,United Kingdom,Regular Customers,63.39206035912804
14130.0,289,4,1858.77,1215,5.5227272727272725,96,8.448954545454546,81.6,11.595472990749581,189,54.75,4,408,0.0,0.0,0.0,United Kingdom,Regular Customers,193.82637198549554
14131.0,619,1,168.22,105,2.282608695652174,8,3.65695652173913,10.5,2.4841979430572465,45,45.0,1,0,0.0,0.0,0.0,United Kingdom,VIP Customers,-9.380739068857082
14132.0,6,8,2627.9,2432,16.54421768707483,108,17.87687074829932,74.0,12.029464443533971,78,18.375,6,148,0.0,952.23,6.859856217662602,United Kingdom,Regular Customers,358.6678263844683
14133.0,100,6,895.84,392,10.31578947368421,36,23.574736842105263,59.7,13.552476134948023,34,6.333333333333333,4,603,0.21052631578947367,0.0,0.0,United Kingdom,Regular Customers,-76.64637416120027
14134.0,353,15,11123.35,5814,32.3,144,61.79638888888889,254.4,44.89086446689739,130,12.0,9,347,0.016666666666666666,0.0,0.0,United Kingdom,Regular Customers,559.6537624863571
14135.0,2,23,8357.9,8334,40.06730769230769,600,40.18221153846154,590.0,54.46521504738536,132,9.043478260869565,10,705,0.08653846153846154,442.9,6.095599311839989,United Kingdom,Regular Customers,471.6303573198471
14136.0,371,7,1553.96,1145,10.601851851851851,72,14.388518518518518,39.6,6.105809064059953,86,15.428571428571429,6,331,0.0,0.0,0.0,United Kingdom,Regular Customers,99.09762959214032
14137.0,652,2,294.09999999999997,400,28.571428571428573,144,21.007142857142856,93.6,26.79249447960306,11,7.0,1,13,0.0,0.0,0.0,United Kingdom,VIP Customers,-58.72584358400306
14138.0,34,1,621.71,449,14.03125,24,19.4284375,99.6,15.913711699678483,32,32.0,1,0,0.0,344.17,5.844037049291348,United Kingdom,VIP Customers,124.13714130617021
14139.0,16,4,1086.8,1049,15.202898550724637,72,15.75072463768116,61.2,8.119272880882685,48,17.25,4,496,0.0,0.0,0.0,United Kingdom,Regular Customers,21.43596233216701
14140.0,2,1,540.99,517,12.925,24,13.524750000000001,30.6,4.688681399842686,40,40.0,1,0,0.0,379.06,5.9403291349932115,United Kingdom,Regular Customers,367.9015929917508
14141.0,30,5,652.68,260,7.222222222222222,24,18.13,59.4,15.801448577356986,27,7.2,3,45,0.0,226.35,5.426490680271019,United Kingdom,Regular Customers,318.13905283531835
14142.0,343,4,655.9399999999999,512,10.666666666666666,36,13.665416666666665,25.2,7.758167133382956,42,12.0,3,273,0.0,0.0,0.0,United Kingdom,Regular Customers,101.85561543466628
14143.0,104,1,115.8,30,4.285714285714286,12,16.54285714285714,19.8,1.7501020378415486,7,7.0,1,0,0.0,0.0,0.0,United Kingdom,VIP Customers,38.54050753211948
14144.0,456,1,30.6,12,12.0,12,30.6,30.6,0.0,1,1.0,1,0,0.0,0.0,0.0,United Kingdom,VIP Customers,-37.55480166989315
14145.0,17,8,7006.05,1535,59.03846153846154,120,269.46346153846156,594.0,240.85228732884906,11,3.25,6,564,0.23076923076923078,0.0,0.0,United Kingdom,Regular Customers,85.26573328964488
14146.0,51,12,6983.71,4569,10.930622009569378,160,16.70744019138756,232.0,29.843068701907544,291,34.833333333333336,6,613,0.18899521531100477,1225.16,7.111642613690652,United Kingdom,Regular Customers,492.61975396949526
14147.0,19,12,2019.3,837,25.363636363636363,144,61.19090909090909,540.0,154.83651128617154,24,2.75,6,590,0.06060606060606061,0.0,0.0,United Kingdom,Regular Customers,84.7028313578117
14148.0,204,2,466.29,223,13.117647058823529,24,27.428823529411765,127.5,37.761830080511345,15,8.5,2,180,0.0,0.0,0.0,United Kingdom,Regular Customers,169.65776421322468
14149.0,183,3,259.43,129,3.225,24,6.48575,25.5,15.235223507402598,28,13.333333333333334,1,8,0.0,0.0,0.0,United Kingdom,VIP Customers,72.48438104968616
14150.0,6,2,658.64,496,19.076923076923077,40,25.33230769230769,118.8,28.46339295413564,23,13.0,2,324,0.0,0.0,0.0,United Kingdom,Regular Customers,129.92259771016955
14151.0,643,3,666.7,404,8.977777777777778,25,14.815555555555557,23.4,5.356769530041384,44,15.0,3,43,0.0,0.0,0.0,United Kingdom,VIP Customers,-58.91333282484331
14152.0,45,9,1975.44,1826,13.525925925925925,60,14.632888888888889,75.0,8.581625273705937,104,15.0,5,583,0.14814814814814814,0.0,0.0,United Kingdom,Regular Customers,103.27976158420267
14153.0,453,1,233.39999999999998,312,18.352941176470587,25,13.729411764705882,17.4,2.793242897127448,17,17.0,1,0,0.0,0.0,0.0,United Kingdom,VIP Customers,-7.1294340227177315
14154.0,209,10,6263.6,3204,10.89795918367347,48,21.304761904761907,195.0,28.04727521295866,236,29.4,5,456,0.0,0.0,0.0,United Kingdom,Regular Customers,482.4586329680661
14155.0,236,1,118.75,25,4.166666666666667,10,19.791666666666668,29.5,4.756092583904004,6,6.0,1,0,0.0,0.0,0.0,United Kingdom,VIP Customers,13.363498127597694
14156.0,1,196,289744.44,158631,39.40163934426229,1440,71.96831594634874,2736.16,190.2566656199343,1411,20.520408163265305,12,707,0.07054148037754596,6319.0,8.751474487140904,EIRE,At-Risk Customers,15410.243153839174
14157.0,255,5,790.53,425,5.51948051948052,24,10.266623376623377,35.4,9.96850680503745,68,15.0,4,360,0.4935064935064935,155.71,5.054396963535125,United Kingdom,Regular Customers,64.12721859400568
14158.0,10,1,507.65999999999997,781,19.048780487804876,96,12.381951219512194,34.0,6.019237169073916,41,41.0,1,0,1.0,0.0,0.0,United Kingdom,VIP Customers,76.95105728187697
14159.0,11,24,6673.08,5582,3.368738684369342,210,4.027205793602897,304.5,11.390620393488906,676,67.5,8,695,0.17742908871454435,821.59,6.712457899145724,United Kingdom,Regular Customers,983.1551807397217
14160.0,580,7,8421.47,4661,43.5607476635514,192,78.70532710280374,279.0,67.15857471092812,80,15.285714285714286,4,88,0.514018691588785,0.0,0.0,United Kingdom,VIP Customers,277.9508867450407
14161.0,186,7,2996.93,1480,5.342960288808665,72,10.819241877256317,61.2,9.176698306824294,202,38.57142857142857,5,510,1.0,0.0,0.0,United Kingdom,Regular Customers,173.4443532384776
14162.0,144,2,289.36,142,5.68,48,11.5744,40.8,8.98245608580044,25,12.5,2,118,1.0,0.0,0.0,United Kingdom,Regular Customers,173.79925634712546
14163.0,57,5,2594.62,950,16.379310344827587,80,44.7348275862069,297.0,46.87694885741049,42,11.6,4,374,0.29310344827586204,0.0,0.0,United Kingdom,Regular Customers,183.37352311651355
14164.0,41,2,1631.77,1033,35.62068965517241,200,56.26793103448276,358.0,68.73940206000124,28,14.5,1,10,0.0,0.0,0.0,United Kingdom,VIP Customers,174.63522356843725
14165.0,246,1,120.44,53,2.2083333333333335,9,5.0183333333333335,17.0,3.8084741514573577,23,23.0,1,0,0.0,0.0,0.0,United Kingdom,VIP Customers,33.93334976190158
14166.0,475,2,251.15,82,1.607843137254902,5,4.924509803921569,14.85,3.640389711954197,39,25.0,2,121,0.0,0.0,0.0,United Kingdom,VIP Customers,-82.94954953071203
14167.0,9,8,1274.29,340,2.9565217391304346,12,11.080782608695651,38.25,7.856122894024166,48,13.375,5,641,0.0,0.0,0.0,United Kingdom,Regular Customers,-45.67293334841949
14168.0,391,3,305.9,138,8.117647058823529,24,17.99411764705882,102.0,28.91265338455283,11,5.666666666666667,3,143,0.0,0.0,0.0,United Kingdom,VIP Customers,-111.41667293962959
14169.0,401,2,621.51,205,3.203125,12,9.71109375,35.4,8.681431035058,50,30.0,2,13,0.0,0.0,0.0,United Kingdom,VIP Customers,29.56475678033675
14170.0,345,3,570.18,270,1.8620689655172413,12,3.9322758620689653,37.9,4.328811702615972,123,47.333333333333336,1,19,0.0,0.0,0.0,United Kingdom,VIP Customers,156.22102730096304
14171.0,68,2,498.79,211,3.296875,30,7.79359375,101.7,12.99709642387056,61,31.5,2,632,0.0,0.0,0.0,United Kingdom,Regular Customers,-52.51675300800585
14172.0,575,4,356.27,77,1.711111111111111,12,7.917111111111111,35.4,7.582094224439765,38,11.25,2,37,0.4,0.0,0.0,United Kingdom,VIP Customers,-27.748621613544913
14173.0,15,5,359.92,112,4.0,32,12.854285714285714,81.6,17.483288619489784,26,5.6,4,685,0.0,207.03,5.337682300070291,United Kingdom,Regular Customers,-142.57261310614663
14174.0,3,1,134.46,94,3.6153846153846154,8,5.171538461538462,9.95,2.4833875127457534,26,26.0,1,0,1.0,0.0,0.0,United Kingdom,VIP Customers,49.90786214094672
14175.0,21,17,7350.44,2920,7.913279132791328,48,19.91989159891599,102.0,16.568126090844743,238,21.705882352941178,9,576,0.11924119241192412,0.0,0.0,United Kingdom,Regular Customers,428.2496043078364
14176.0,267,6,753.56,263,6.921052631578948,24,19.830526315789474,81.36,13.425080592111698,33,6.333333333333333,4,83,0.0,0.0,0.0,United Kingdom,VIP Customers,6.297862234670191
14177.0,55,14,2204.7400000000002,1042,5.058252427184466,50,10.702621359223302,109.0,15.15921994010632,141,14.5,7,566,0.0048543689320388345,0.0,0.0,United Kingdom,Regular Customers,174.16315610070222
14178.0,11,5,934.93,755,3.871794871794872,24,4.7945128205128205,59.4,6.5405014265664105,141,37.6,4,141,0.26153846153846155,665.33,6.501785043318527,United Kingdom,Regular Customers,362.8824480241452
14179.0,11,2,701.57,319,2.031847133757962,24,4.46859872611465,34.8,4.149653593605307,135,72.5,1,11,0.24203821656050956,0.0,0.0,United Kingdom,VIP Customers,219.93603961530485
14180.0,28,40,5569.1,775,2.7385159010600706,24,19.67879858657244,171.8,18.51351074517664,121,7.075,12,490,0.045936395759717315,339.9,5.831589179143857,United Kingdom,Regular Customers,581.0983124845653
14181.0,381,2,308.35,120,2.3076923076923075,12,5.929807692307692,31.6,6.177880050881283,48,26.0,2,151,0.0,0.0,0.0,United Kingdom,VIP Customers,-71.48321739336569
14182.0,414,5,660.07,172,3.3076923076923075,24,12.693653846153847,102.0,14.46613544188378,42,10.4,5,152,0.0,0.0,0.0,United Kingdom,VIP Customers,-97.1862893693289
14183.0,381,2,278.34000000000003,60,1.7647058823529411,5,8.186470588235295,22.47,4.921325814436186,27,16.5,2,69,1.0,0.0,0.0,United Kingdom,VIP Customers,-76.38608323930404
14184.0,37,1,452.89,127,5.291666666666667,12,18.870416666666667,39.8,6.429460373033321,24,24.0,1,0,0.0,0.0,0.0,United Kingdom,VIP Customers,87.00664946208994
14185.0,301,1,197.65,6,2.0,3,65.88333333333334,165.0,85.9119656004525,3,3.0,1,0,0.0,0.0,0.0,United Kingdom,VIP Customers,-7.177586638083341
14186.0,397,5,1550.6299999999999,1550,14.903846153846153,96,14.909903846153846,39.6,6.526665318892906,75,20.8,5,217,0.0,0.0,0.0,United Kingdom,VIP Customers,-83.87107112542583
14187.0,444,1,123.5,50,6.25,12,15.4375,19.8,2.9891171654138007,8,8.0,1,0,0.0,0.0,0.0,United Kingdom,VIP Customers,-24.2808084591544
14188.0,1,9,2042.6100000000001,1151,16.442857142857143,30,29.180142857142858,62.4,16.057973548117758,34,7.777777777777778,7,279,0.0,-23.7,,United Kingdom,Regular Customers,181.11683932556633
14189.0,9,19,4557.62,3609,13.934362934362934,144,17.596988416988417,87.8,12.119179694872487,166,13.631578947368421,11,350,0.07722007722007722,895.76,6.798788267730199,United Kingdom,Regular Customers,408.19255035971037
14190.0,636,1,79.9,2,2.0,2,79.9,79.9,0.0,1,1.0,1,0,0.0,0.0,0.0,United Kingdom,VIP Customers,-71.63696535312857
14191.0,8,14,3178.4900000000002,2197,11.940217391304348,48,17.274402173913046,79.0,12.517062220632543,96,13.142857142857142,8,690,0.0,1534.92,7.3368848290179,United Kingdom,Regular Customers,73.2951886416339
14192.0,358,1,293.74,218,15.571428571428571,24,20.981428571428573,45.9,9.079760973762433,14,14.0,1,0,0.0,0.0,0.0,United Kingdom,VIP Customers,10.84446964002288
14193.0,38,3,1210.19,653,10.203125,40,18.90921875,74.0,9.02576634475539,49,21.333333333333332,3,328,0.0,0.0,0.0,United Kingdom,Regular Customers,147.96058640868193
14194.0,12,49,15836.21,8624,9.946943483275664,72,18.265524798154555,129.0,12.289393812258094,392,17.693877551020407,12,686,0.15570934256055363,2606.66,7.866208546449725,United Kingdom,Regular Customers,1272.6443000919132
14195.0,172,10,2381.24,1844,83.81818181818181,392,108.23818181818181,392.0,124.39822815444504,11,2.1,4,432,0.18181818181818182,0.0,0.0,United Kingdom,Regular Customers,94.73511592886808
14196.0,77,1,335.52,142,23.666666666666668,64,55.919999999999995,163.2,57.818723610954954,6,6.0,1,0,0.0,0.0,0.0,United Kingdom,VIP Customers,51.05411891934938
14197.0,381,1,390.05,143,7.15,24,19.5025,30.0,4.882742838976773,20,20.0,1,0,0.0,0.0,0.0,United Kingdom,VIP Customers,9.57784581083115
14198.0,50,11,1363.18,568,6.682352941176471,48,16.037411764705883,40.8,8.317398596422123,50,7.7272727272727275,8,623,0.10588235294117647,164.4,5.108366782589591,United Kingdom,Regular Customers,-81.52791481502939
14199.0,188,6,916.5,230,11.5,25,45.825,175.2,66.81991607455464,15,3.3333333333333335,5,312,0.25,0.0,0.0,United Kingdom,Regular Customers,62.50342006931177
14200.0,587,1,379.2,140,6.666666666666667,24,18.057142857142857,26.0,3.560627954247878,21,21.0,1,0,0.0,0.0,0.0,United Kingdom,VIP Customers,-29.277996858236122
14201.0,30,12,1134.1399999999999,794,13.929824561403509,96,19.897192982456136,102.0,18.394361981167915,47,4.75,7,528,0.10526315789473684,0.0,0.0,United Kingdom,Regular Customers,28.75775124729543
14202.0,351,3,847.76,166,5.724137931034483,18,29.233103448275862,95.8,22.27337457648999,27,9.666666666666666,3,243,0.0,0.0,0.0,United Kingdom,Regular Customers,103.23885808876432
14203.0,367,1,339.34,80,5.0,24,21.20875,87.6,21.575998045667937,16,16.0,1,0,1.0,0.0,0.0,United Kingdom,VIP Customers,-18.04143304784688
14204.0,392,3,874.22,397,2.1933701657458564,30,4.829944751381215,102.0,8.357299902695688,158,59.666666666666664,3,315,0.0,150.61,5.021311434093491,United Kingdom,Regular Customers,202.16633878993608
14205.0,234,10,1912.5,1158,8.976744186046512,48,14.825581395348838,175.2,19.9950545411772,70,12.9,7,378,0.31007751937984496,234.08,5.45992588174445,United Kingdom,Regular Customers,143.30699967103885
14206.0,209,5,1145.21,926,12.684931506849315,48,15.687808219178082,51.0,10.10624356614587,62,14.6,3,163,0.0,0.0,0.0,United Kingdom,Regular Customers,263.1465555106844
14207.0,658,1,157.8,36,18.0,24,78.9,102.0,32.6683332908185,2,2.0,1,0,0.0,0.0,0.0,United Kingdom,VIP Customers,-81.08533946972233
14208.0,65,2,567.05,529,15.114285714285714,48,16.20142857142857,30.0,4.127569533284792,34,17.5,2,456,0.7142857142857143,0.0,0.0,United Kingdom,Regular Customers,-3.845062597671614
14209.0,91,18,4740.2699999999995,1693,7.329004329004329,48,20.52064935064935,89.5,13.872910920300662,132,12.833333333333334,11,610,0.04329004329004329,197.1,5.288771953704505,United Kingdom,Regular Customers,154.2398132023453
14210.0,61,21,5509.37,2503,7.797507788161994,48,17.163146417445482,51.0,7.7756125406054,143,15.285714285714286,10,611,0.0529595015576324,0.0,0.0,United Kingdom,Regular Customers,273.05147760099646
14211.0,23,26,4301.69,2551,10.08300395256917,96,17.00272727272727,147.5,13.627778414569065,155,9.73076923076923,11,677,0.1383399209486166,0.0,0.0,United Kingdom,Regular Customers,281.3972464486498
14212.0,60,2,2190.14,2046,97.42857142857143,200,104.29238095238095,237.6,44.34117611258884,18,10.5,1,356,0.42857142857142855,0.0,0.0,United Kingdom,Regular Customers,161.75333141422985
14213.0,342,2,0.0,0,0.0,50,0.0,367.2,273.4283818479713,5,5.0,2,32,0.5,0.0,0.0,United Kingdom,VIP Customers,-72.3176125129157
14214.0,1,7,1000.23,748,10.685714285714285,36,14.289,33.9,6.543568841878704,64,10.0,5,246,0.0,0.0,0.0,United Kingdom,Regular Customers,215.4238546182594
14215.0,48,9,2792.72,1666,10.477987421383649,36,17.564276729559747,79.9,9.246966143532964,141,17.666666666666668,5,654,0.0,445.81,6.102133448323279,United Kingdom,Regular Customers,118.88085438824481
14216.0,8,3,762.89,357,7.14,24,15.2578,30.0,6.6372767005753195,48,16.666666666666668,2,376,0.0,1379.5,7.230201031370209,United Kingdom,Regular Customers,118.23417785854002
14217.0,10,28,2785.58,1010,6.121212121212121,48,16.88230303030303,130.8,18.44210782435602,115,5.892857142857143,12,487,0.10303030303030303,319.94,5.771254189771214,United Kingdom,Regular Customers,306.32024386795155
14218.0,13,1,169.48,160,13.333333333333334,24,14.123333333333333,20.8,5.016248749329675,12,12.0,1,0,0.0,0.0,0.0,United Kingdom,VIP Customers,64.92101375430013
14219.0,380,2,543.89,285,7.916666666666667,24,15.108055555555556,30.0,6.004031416803899,32,18.0,2,83,0.0,89.94,4.510199948396864,United Kingdom,Regular Customers,207.2063470798489
14220.0,217,4,1515.0,468,12.31578947368421,72,39.86842105263158,262.8,46.3778505804934,26,9.5,3,321,0.0,0.0,0.0,United Kingdom,Regular Customers,146.21612900102474
14221.0,12,19,6506.59,3806,10.9054441260745,48,18.64352435530086,131.4,12.63327384115162,167,18.36842105263158,9,693,0.13753581661891118,0.0,0.0,United Kingdom,Regular Customers,326.08054678740314
14222.0,147,1,683.17,607,14.804878048780488,48,16.662682926829266,40.8,7.721414709879999,41,41.0,1,0,0.0,0.0,0.0,United Kingdom,VIP Customers,96.8540162201339
14223.0,62,4,975.23,583,9.557377049180328,48,15.987377049180328,39.6,6.934990964098739,50,15.25,3,171,0.29508196721311475,0.0,0.0,United Kingdom,Regular Customers,233.65707568226665
14224.0,80,9,1841.71,826,3.606986899563319,48,8.042401746724892,125.0,12.016454723361358,189,24.77777777777778,7,433,0.7816593886462883,0.0,0.0,United Kingdom,Regular Customers,196.1235227196149
14225.0,405,5,2009.17,1154,12.822222222222223,96,22.32411111111111,81.6,16.756460159179422,70,17.8,4,261,0.0,0.0,0.0,United Kingdom,Regular Customers,161.92045489537085
14226.0,41,7,2613.36,1571,17.263736263736263,160,28.71824175824176,232.0,32.09805745570583,77,12.857142857142858,3,370,0.0,337.02,5.823105065330082,United Kingdom,Regular Customers,274.49371157316386
14227.0,13,21,6008.25,3849,10.319034852546917,48,16.107908847184987,70.8,8.07242977653229,246,17.761904761904763,7,626,0.0,319.06,5.768508478217845,United Kingdom,Regular Customers,503.5886025272281
14228.0,408,3,745.5,260,6.842105263157895,24,19.61842105263158,81.0,12.527906907923562,38,12.666666666666666,3,108,0.0,0.0,0.0,United Kingdom,VIP Customers,-50.34765764867683
14229.0,22,11,2468.99,911,11.679487179487179,48,31.653717948717947,175.2,36.08546489802268,41,7.090909090909091,6,419,0.0,0.0,0.0,United Kingdom,Regular Customers,176.61642939733866
14230.0,406,3,979.8,246,7.454545454545454,24,29.690909090909088,76.5,17.36823381990026,27,11.0,2,112,0.0,0.0,0.0,United Kingdom,VIP Customers,-37.84795231455524
14231.0,149,6,1131.97,603,8.26027397260274,24,15.506438356164384,79.9,15.12001096504076,66,12.166666666666666,5,271,0.0,0.0,0.0,United Kingdom,Regular Customers,171.67794328707203
14232.0,2,8,2043.93,1937,16.415254237288135,72,17.321440677966102,53.1,9.523299029350794,81,14.75,6,232,0.4067796610169492,0.0,0.0,United Kingdom,Regular Customers,267.43060050370764
14233.0,14,10,2766.96,1226,15.922077922077921,160,35.93454545454546,232.0,46.51433379941959,42,7.7,8,600,0.0,0.0,0.0,United Kingdom,Regular Customers,-11.444015475571263
14234.0,15,2,431.0,610,4.88,100,3.448,18.72,3.368945225954834,108,56.5,1,12,0.0,323.12,5.781113817592525,United Kingdom,VIP Customers,173.04629736642474
14235.0,45,9,4717.99,3014,20.364864864864863,100,31.87831081081081,179.0,30.071453170185926,107,16.444444444444443,5,544,0.0472972972972973,-51.0,,United Kingdom,Regular Customers,247.0410802991438
14236.0,51,7,1543.44,772,15.755102040816327,48,31.498775510204084,158.4,41.96654330300176,39,7.0,6,424,0.0,0.0,0.0,United Kingdom,Regular Customers,68.6499866578898
14237.0,343,3,466.03999999999996,236,8.74074074074074,48,17.26074074074074,51.0,9.892084996806567,26,9.0,2,217,0.0,0.0,0.0,United Kingdom,Regular Customers,127.21725556921265
14238.0,296,3,434.23,189,14.538461538461538,32,33.402307692307694,139.3,34.84082235774728,13,4.333333333333333,3,408,0.15384615384615385,0.0,0.0,United Kingdom,Regular Customers,-21.12768711296431
14239.0,13,24,4203.72,1721,8.004651162790697,30,19.55218604651163,88.5,11.583855400795258,97,8.958333333333334,10,691,0.06046511627906977,0.0,0.0,United Kingdom,Regular Customers,192.72227253104967
14240.0,196,2,584.0,316,10.89655172413793,24,20.137931034482758,35.4,8.29016903985435,26,14.5,2,197,0.0,663.49,6.49901982913111,United Kingdom,Regular Customers,160.56917114821704
14241.0,154,2,333.7,242,20.166666666666668,48,27.808333333333334,66.4,21.035487691618712,12,6.0,2,512,0.0,0.0,0.0,United Kingdom,Regular Customers,-68.89356638169059
14242.0,205,2,280.55,123,7.6875,12,17.534375,25.5,3.4350506425184877,13,8.0,2,91,0.0,0.0,0.0,United Kingdom,VIP Customers,-39.61142776776029
14243.0,8,22,7044.64,3544,9.630434782608695,72,19.14304347826087,142.8,14.014479685248414,234,16.727272727272727,11,437,0.10054347826086957,107.42,4.686012573832192,United Kingdom,Regular Customers,559.1771903537717
14244.0,629,2,354.82,802,40.1,288,17.741,60.48,18.298104561028058,16,10.0,1,1,0.0,0.0,0.0,United Kingdom,VIP Customers,-70.99230206680988
14245.0,146,5,1677.48,971,8.669642857142858,24,14.977500000000001,39.6,6.85158329831096,107,22.4,3,87,0.0,0.0,0.0,United Kingdom,Regular Customers,388.4185652651645
14246.0,81,3,1474.06,804,10.72,72,19.654133333333334,39.6,6.879477724781567,57,25.0,3,135,0.3333333333333333,0.0,0.0,United Kingdom,Regular Customers,257.56851921496866
14247.0,248,6,750.61,377,3.307017543859649,36,6.584298245614035,30.0,4.817275690512632,82,18.166666666666668,5,273,0.9912280701754386,0.0,0.0,United Kingdom,Regular Customers,105.42881344532475
14248.0,288,3,1032.95,692,14.72340425531915,48,21.977659574468085,204.0,30.018724968778344,41,15.666666666666666,3,197,0.0,0.0,0.0,United Kingdom,VIP Customers,-36.577883843253375
14249.0,381,12,5400.46,2383,8.761029411764707,44,19.854632352941177,111.6,16.642638296208712,178,21.833333333333332,7,268,0.4852941176470588,0.0,0.0,United Kingdom,Regular Customers,415.78633750888207
14250.0,59,1,1228.83,866,11.702702702702704,48,16.60581081081081,39.6,6.92205468877573,74,74.0,1,0,1.0,675.22,6.516518466884604,United Kingdom,Regular Customers,384.4545988984918
14251.0,28,1,1259.46,746,20.72222222222222,72,34.985,102.0,27.501776929604283,36,36.0,1,0,0.0,1620.24,7.390946567531446,United Kingdom,VIP Customers,132.47864938134876
14252.0,351,1,350.99,111,11.1,24,35.099000000000004,220.0,65.05788473010443,10,10.0,1,0,0.0,0.0,0.0,United Kingdom,VIP Customers,35.09446391695502
14253.0,463,2,363.40000000000003,88,7.333333333333333,24,30.283333333333335,71.4,24.903325200876413,11,6.0,2,129,0.0,0.0,0.0,United Kingdom,VIP Customers,-117.30045963270354
14254.0,403,1,601.03,263,11.434782608695652,24,26.13173913043478,90.0,24.140852521696665,23,23.0,1,0,1.0,0.0,0.0,United Kingdom,VIP Customers,-6.208296352388885
14255.0,516,4,-1441.6,-2,-0.5,1,-360.4,1000.63,923.0909514235312,1,1.0,1,0,0.0,0.0,0.0,United Kingdom,VIP Customers,15.36008246516704
14256.0,224,9,2384.14,1138,8.246376811594203,24,17.2763768115942,76.5,10.834528606928354,100,15.333333333333334,6,440,0.0,0.0,0.0,United Kingdom,Regular Customers,141.09570481773218
14257.0,21,10,5942.0,3327,13.804979253112034,240,24.65560165975104,249.6,25.28960092094503,168,24.1,8,596,0.029045643153526972,0.0,0.0,United Kingdom,Regular Customers,241.975118257018
14258.0,60,31,29655.75,16311,53.83168316831683,1200,97.87376237623762,504.0,80.2419679112774,99,9.774193548387096,12,646,0.07260726072607261,1371.6,7.224462030474534,United Kingdom,Regular Customers,1070.9139756456163
14259.0,112,1,120.0,68,13.6,24,24.0,39.6,11.480635870891469,5,5.0,1,0,0.0,0.0,0.0,United Kingdom,VIP Customers,34.1360100620858
14260.0,441,3,824.28,544,10.666666666666666,48,16.16235294117647,30.0,4.500771306447505,50,17.0,2,77,0.0,0.0,0.0,United Kingdom,VIP Customers,-5.964451922400116
14261.0,21,2,1163.45,406,7.8076923076923075,32,22.37403846153846,70.8,12.375210714722632,52,26.0,2,27,0.0,0.0,0.0,United Kingdom,VIP Customers,114.24417206425991
14262.0,24,5,1593.75,1037,11.522222222222222,36,17.708333333333332,59.4,9.7008086365131,65,18.0,5,186,0.0,1024.48,6.932916074640636,United Kingdom,Regular Customers,252.19359681863634
14263.0,393,1,322.93,171,10.6875,24,20.183125,35.4,6.938800778953089,16,16.0,1,0,0.0,0.0,0.0,United Kingdom,VIP Customers,2.809738611638579
14264.0,125,8,1475.86,545,6.646341463414634,32,17.998292682926827,47.6,9.574109223288191,59,10.25,6,456,0.21951219512195122,0.0,0.0,United Kingdom,Regular Customers,36.9578457585512
14265.0,79,4,1373.35,715,9.050632911392405,36,17.384177215189872,34.5,6.377309055448463,74,19.75,4,502,0.0,0.0,0.0,Unspecified,Regular Customers,42.16772286107326
14266.0,398,1,40.56,24,24.0,24,40.56,40.56,0.0,1,1.0,1,0,0.0,0.0,0.0,United Kingdom,VIP Customers,-26.687733176542395
14267.0,121,9,1259.19,459,6.75,24,18.517500000000002,76.5,25.429463718293395,26,7.555555555555555,6,580,0.0,0.0,0.0,United Kingdom,Regular Customers,-57.183873201855164
14268.0,441,1,354.85,147,7.7368421052631575,24,18.676315789473687,30.0,5.105535351759909,19,19.0,1,0,0.0,0.0,0.0,United Kingdom,VIP Customers,-3.5860652063752525
14269.0,405,2,261.68,114,5.7,24,13.084,35.4,12.557919036461245,16,10.0,1,4,0.8,0.0,0.0,United Kingdom,VIP Customers,-19.47245225254892
14270.0,302,1,492.65,197,6.793103448275862,24,16.98793103448276,31.8,5.594012346959116,29,29.0,1,0,0.0,0.0,0.0,United Kingdom,VIP Customers,40.564997524341806
14271.0,196,2,214.18,148,3.8947368421052633,12,5.636315789473684,19.9,4.834350299316415,38,19.0,2,183,0.0,0.0,0.0,United Kingdom,Regular Customers,171.89614409257715
14272.0,44,4,920.81,1097,17.140625,120,14.38765625,34.68,6.54923786725334,62,16.0,3,508,0.0,0.0,0.0,United Kingdom,Regular Customers,24.51683357295437
14273.0,21,4,559.97,264,9.10344827586207,20,19.309310344827587,41.6,5.215178349939231,22,7.25,4,190,0.0,0.0,0.0,United Kingdom,Regular Customers,172.54071181187138
14274.0,656,1,256.6,178,11.866666666666667,20,17.10666666666667,33.6,7.375293375924267,15,15.0,1,0,0.0,0.0,0.0,United Kingdom,VIP Customers,-48.61146587038212
14275.0,366,6,1189.3799999999999,538,23.391304347826086,64,51.71217391304347,163.2,47.2111914656339,14,3.8333333333333335,4,211,0.34782608695652173,0.0,0.0,United Kingdom,VIP Customers,-116.71730266933912
14276.0,58,13,1929.32,1344,9.333333333333334,24,13.398055555555555,44.85,11.46784493797189,76,11.076923076923077,7,572,0.16666666666666666,0.0,0.0,United Kingdom,Regular Customers,72.79925622580407
14277.0,182,11,1996.4999999999998,1122,3.573248407643312,7128,6.358280254777069,1653.12,211.06574531249112,238,28.09090909090909,6,523,0.3057324840764331,2299.77,7.740999128498744,France,Regular Customers,-1113.1617177239712
14278.0,380,1,205.82999999999998,131,10.076923076923077,24,15.833076923076922,51.0,11.066829856689903,13,13.0,1,0,0.0,0.0,0.0,United Kingdom,VIP Customers,2.7193209791457775
14279.0,491,2,191.86,46,15.333333333333334,24,63.95333333333334,81.36,15.662264629782417,3,1.5,2,160,0.0,0.0,0.0,United Kingdom,VIP Customers,-160.7276741324113
14280.0,167,1,134.04,52,6.5,12,16.755,25.5,5.854624545726956,8,8.0,1,0,0.0,0.0,0.0,United Kingdom,VIP Customers,29.17926280860712
14281.0,378,1,245.14999999999998,45,6.428571428571429,12,35.021428571428565,87.6,24.11296084997404,7,7.0,1,0,0.0,0.0,0.0,United Kingdom,VIP Customers,-3.1535355009869193
14282.0,2,22,6562.86,4792,22.81904761904762,100,31.251714285714286,179.0,40.76619296565712,98,9.545454545454545,10,631,0.023809523809523808,682.9,6.527811708104051,United Kingdom,Regular Customers,338.5810192470426
14283.0,433,4,628.44,550,13.414634146341463,48,15.327804878048783,30.6,6.321505165779398,36,10.25,4,106,0.0,0.0,0.0,United Kingdom,VIP Customers,-82.20593397914354
14284.0,1,4,1282.85,506,7.333333333333333,24,18.592028985507245,53.1,9.298484471661807,59,17.25,3,622,0.0,0.0,0.0,United Kingdom,Regular Customers,-24.200046519923234
14285.0,8,8,2802.66,847,14.859649122807017,72,49.16947368421052,183.6,52.88920452299494,49,7.0,8,693,0.2807017543859649,355.98,5.877679757801362,United Kingdom,Regular Customers,-117.14074613800457
14286.0,10,11,6460.8,7190,17.20095693779904,288,15.456459330143542,79.2,10.759782539034454,225,38.0,6,696,0.20334928229665072,1935.9,7.568844035848193,United Kingdom,Regular Customers,339.06528594717906
14287.0,153,3,57.88,191,31.833333333333332,144,9.646666666666667,30.0,18.65973919074612,5,2.0,2,15,0.0,93.35,4.547011271814559,United Kingdom,Regular Customers,237.72664213246378
14288.0,182,2,413.85,187,11.0,48,24.344117647058823,69.6,18.044925553609083,16,8.5,1,1,0.0,0.0,0.0,United Kingdom,VIP Customers,57.80158564388435
14289.0,105,5,832.78,278,6.619047619047619,24,19.828095238095237,67.5,12.817687519851702,33,8.4,5,154,0.0,78.48,4.375505417683616,United Kingdom,Regular Customers,190.92143166591976
14290.0,26,13,3944.4,1417,9.083333333333334,48,25.284615384615385,183.6,35.38568909537219,125,12.0,6,675,0.0,264.53000000000003,5.581727828648895,United Kingdom,Regular Customers,169.87767873487587
14291.0,28,23,7286.71,5642,12.212121212121213,48,15.772099567099568,89.7,8.986028159862839,238,20.08695652173913,9,672,0.15367965367965367,557.6899999999999,6.325594757611524,United Kingdom,Regular Customers,516.3865263647226
14292.0,5,25,8474.58,3177,15.885,100,42.3729,350.4,71.52626038184198,123,8.0,10,703,0.215,413.32,6.026638622115636,United Kingdom,Regular Customers,405.58298030341973
14293.0,117,9,2502.2599999999998,1132,11.434343434343434,144,25.27535353535353,135.0,24.9019579311007,78,11.0,5,582,0.24242424242424243,307.15,5.730586677408252,United Kingdom,Regular Customers,46.96150086074985
14294.0,377,1,375.34,190,8.26086956521739,24,16.319130434782608,35.7,7.201195552913722,23,23.0,1,0,0.0,0.0,0.0,United Kingdom,VIP Customers,16.977569008942794
14295.0,10,8,2316.06,1022,13.447368421052632,50,30.474473684210526,175.2,32.90975909543093,68,9.5,6,691,0.06578947368421052,0.0,0.0,United Kingdom,Regular Customers,-26.49839347296225
14296.0,384,3,448.45,313,11.178571428571429,25,16.01607142857143,30.0,6.7451361567048265,27,9.333333333333334,2,160,0.0,0.0,0.0,United Kingdom,VIP Customers,-84.51509784792825
14297.0,13,5,703.68,403,10.605263157894736,48,18.517894736842106,40.56,10.868748941630209,37,7.6,2,232,0.0,580.38,6.365404587808289,United Kingdom,Regular Customers,226.9151783285841
14298.0,1,82,90516.56999999999,99816,35.01087337776219,900,31.74905997895475,650.25,29.85753180760871,1370,34.76829268292683,12,697,0.0,-27.25999999999999,,United Kingdom,At-Risk Customers,6488.858305889419
14299.0,28,38,11794.33,7226,21.8969696969697,288,35.74039393939394,350.4,63.208698937922215,166,8.657894736842104,10,679,0.08484848484848485,813.2,6.702206036068879,United Kingdom,Regular Customers,803.2353266047173
14301.0,78,7,1956.23,1673,27.883333333333333,240,32.603833333333334,91.8,27.52643463473911,37,8.571428571428571,4,558,0.48333333333333334,0.0,0.0,United Kingdom,Regular Customers,-22.503050757633247
14302.0,401,3,742.9,298,10.642857142857142,48,26.532142857142855,165.6,30.907098592172048,25,9.333333333333334,3,306,0.0,0.0,0.0,United Kingdom,Regular Customers,64.4037970208141
14303.0,377,2,277.94,218,9.909090909090908,16,12.633636363636363,19.8,4.192580232306712,21,11.0,1,27,0.0,0.0,0.0,United Kingdom,VIP Customers,6.93034713713584
14304.0,193,5,1523.81,687,6.9393939393939394,48,15.392020202020202,47.7,14.588850158198323,69,19.8,3,348,0.1717171717171717,0.0,0.0,United Kingdom,Regular Customers,144.03526203106986
14305.0,41,5,1803.76,1069,9.718181818181819,24,16.39781818181818,53.1,11.231120213542482,96,22.0,3,64,0.0,0.0,0.0,United Kingdom,Regular Customers,421.57467234008595
14306.0,21,7,3141.5,2063,42.979166666666664,200,65.44791666666667,302.4,73.96741036137047,43,6.857142857142857,5,625,0.20833333333333334,0.0,0.0,United Kingdom,Regular Customers,24.41702537110345
14307.0,59,11,4279.97,2815,10.70342205323194,96,16.27365019011407,81.6,7.761513805239393,205,23.90909090909091,7,643,0.0,0.0,0.0,United Kingdom,Regular Customers,214.29157348993502
14308.0,519,5,-849.45,-1,-0.2,1,-169.89000000000001,849.45,741.1947545685952,1,1.0,1,0,0.0,0.0,0.0,United Kingdom,VIP Customers,6.286682140869175
14309.0,63,10,3029.13,2136,13.267080745341614,192,18.814472049689442,138.24,18.06295497353011,117,16.1,7,457,0.0,718.83,6.579015073020373,United Kingdom,Regular Customers,180.32252004955896
14310.0,403,1,492.1,230,10.454545454545455,24,22.36818181818182,39.6,9.095963854455363,22,22.0,1,0,1.0,0.0,0.0,United Kingdom,VIP Customers,-20.489732524422124
14311.0,195,3,435.9,214,5.631578947368421,36,11.471052631578948,59.4,14.035150619643309,31,12.666666666666666,2,342,0.0,0.0,0.0,United Kingdom,Regular Customers,81.39636378270444
14312.0,17,11,3090.29,1904,10.577777777777778,96,17.168277777777778,66.0,7.596251268239462,148,16.363636363636363,8,457,0.0,0.0,0.0,United Kingdom,Regular Customers,207.0506403294682
14313.0,594,1,-302.31,-1,-1.0,-1,-302.31,-302.31,0.0,1,1.0,1,0,0.0,0.0,0.0,,,-51.11235452534865
14314.0,77,3,221.89999999999998,330,30.0,80,20.172727272727272,94.8,28.278806584051274,10,3.6666666666666665,2,324,0.0,0.0,0.0,United Kingdom,Regular Customers,87.53718984387766
14315.0,15,9,3192.87,1343,10.022388059701493,48,23.82738805970149,70.8,13.287304808211573,83,14.88888888888889,6,589,0.0,-24.15,,United Kingdom,Regular Customers,79.63054273850767
14316.0,392,6,1355.34,4482,140.0625,864,42.354375,181.44,45.401924709627785,21,5.333333333333333,4,208,0.0,0.0,0.0,United Kingdom,VIP Customers,-175.94582250463475
14317.0,35,1,508.58,255,10.625,24,21.190833333333334,66.0,11.332300858767525,24,24.0,1,0,0.0,0.0,0.0,United Kingdom,VIP Customers,95.88593449443201
14318.0,430,1,158.02,152,16.88888888888889,48,17.55777777777778,30.0,7.549307547347931,9,9.0,1,0,1.0,0.0,0.0,United Kingdom,VIP Customers,-57.48061776078154
14319.0,394,2,476.95,327,12.11111111111111,50,17.664814814814815,35.4,11.980463382065103,27,13.5,2,304,0.0,0.0,0.0,United Kingdom,VIP Customers,-203.8975243869484
14320.0,177,7,1204.12,626,6.731182795698925,24,12.947526881720428,39.9,11.293774319616169,68,13.285714285714286,4,480,0.0,0.0,0.0,United Kingdom,Regular Customers,61.39547210390742
14321.0,44,7,1898.42,2903,17.919753086419753,100,11.718641975308643,35.4,6.313438640003105,153,23.142857142857142,5,399,0.0,300.16,5.707641684981922,United Kingdom,Regular Customers,250.75985444047342
14322.0,397,6,384.3,142,8.352941176470589,32,22.605882352941176,102.0,35.67005432761905,10,2.8333333333333335,3,232,0.0,0.0,0.0,United Kingdom,Regular Customers,113.19659608300992
14323.0,85,4,574.26,340,8.292682926829269,24,14.006341463414634,35.4,9.969676463180127,32,10.25,3,123,0.0,0.0,0.0,United Kingdom,Regular Customers,241.0648625922336
14324.0,380,2,701.61,402,9.804878048780488,60,17.112439024390245,45.0,7.625525483692192,41,20.5,2,283,0.0,0.0,0.0,United Kingdom,Regular Customers,83.54391647946377
14325.0,540,1,245.48,320,17.77777777777778,48,13.637777777777778,23.6,5.2612004395726535,18,18.0,1,0,0.0,0.0,0.0,United Kingdom,VIP Customers,-27.0423948390372
14326.0,205,4,923.98,568,9.793103448275861,48,15.930689655172413,60.0,8.621776359092532,54,14.5,3,297,0.0,0.0,0.0,United Kingdom,Regular Customers,139.92436772580123
14327.0,133,6,1894.93,1296,12.226415094339623,48,17.87669811320755,70.8,9.438295722034134,99,17.666666666666668,6,536,0.0,0.0,0.0,United Kingdom,Regular Customers,31.070637980366968
14328.0,401,3,-445.06,-1,-0.3333333333333333,1,-148.35333333333332,445.05,513.9023613813556,1,1.0,2,25,0.0,0.0,0.0,United Kingdom,VIP Customers,-79.32007608412277
14329.0,2,25,9331.57,5547,10.030741410488245,288,16.874448462929475,79.8,10.378011930259259,346,22.12,11,691,0.0,364.35,5.9008557982372265,United Kingdom,Regular Customers,576.5469059337896
14330.0,594,1,200.63,103,7.923076923076923,12,15.433076923076923,19.5,3.2341237468990593,13,13.0,1,0,0.0,0.0,0.0,United Kingdom,VIP Customers,-43.5418738598874
14331.0,94,2,462.65999999999997,252,9.0,24,16.523571428571426,34.0,5.546110558584488,27,14.0,2,10,0.14285714285714285,0.0,0.0,United Kingdom,VIP Customers,53.153049071597394
14332.0,36,4,1636.44,684,13.153846153846153,36,31.470000000000002,104.04,19.51271320115653,42,12.75,3,350,0.0,280.97,5.64180068230032,United Kingdom,Regular Customers,154.7923208706128
14333.0,34,2,351.45,52,2.736842105263158,12,18.49736842105263,102.0,28.41457701839855,15,9.5,1,3,0.0,0.0,0.0,United Kingdom,VIP Customers,95.5073428811495
14334.0,64,13,4069.48,2850,11.585365853658537,48,16.54260162601626,58.0,8.015782578561677,146,18.923076923076923,9,475,0.13008130081300814,223.5,5.413875707182309,United Kingdom,Regular Customers,241.74809937137755
14335.0,66,1,347.5,337,8.425,48,8.6875,20.4,5.491853523921147,40,40.0,1,0,1.0,107.36,4.685459017216894,Germany,Regular Customers,316.38998735471
14336.0,168,3,1114.3899999999999,989,16.76271186440678,96,18.887966101694914,45.0,9.320702537466504,53,19.666666666666668,2,77,0.0,500.52,6.217643486965713,United Kingdom,Regular Customers,304.1251276550057
14337.0,701,1,-658.63,-393,-10.916666666666666,-3,-18.295277777777777,-6.72,6.236312319729212,36,36.0,1,0,0.0,0.0,0.0,,,-55.44119667481587
14338.0,128,5,894.1,616,11.622641509433961,48,16.869811320754717,60.0,11.516780815329033,43,10.6,3,378,0.0,0.0,0.0,United Kingdom,Regular Customers,103.3938089465291
14339.0,205,5,600.66,438,16.22222222222222,120,22.246666666666666,61.2,18.19845280828523,22,5.4,2,194,0.0,0.0,0.0,United Kingdom,Regular Customers,184.39892978524801
14340.0,189,1,134.7,58,9.666666666666666,12,22.45,35.4,8.396606457373121,6,6.0,1,0,0.0,0.0,0.0,United Kingdom,VIP Customers,23.57183650039022
14341.0,15,20,4428.17,2810,10.52434456928839,48,16.5849063670412,85.92,7.934149155993083,185,13.3,10,693,0.1760299625468165,0.0,0.0,United Kingdom,Regular Customers,237.07761576162557
14342.0,1,8,684.96,383,11.96875,50,21.405,153.0,33.18809911068492,25,4.0,5,441,0.0625,157.78,5.067519596296967,United Kingdom,Regular Customers,66.34761766365432
14343.0,391,4,1079.66,626,2.675213675213675,25,4.613931623931625,18.75,3.0467594710240262,193,57.5,4,268,0.09401709401709402,0.0,0.0,United Kingdom,Regular Customers,236.65786858766825
14344.0,97,20,2993.05,1546,6.721739130434782,120,13.013260869565219,70.8,11.410155718150207,140,11.45,8,498,0.0,0.0,0.0,United Kingdom,Regular Customers,278.26621668395296
14345.0,9,1,108.98,50,8.333333333333334,24,18.163333333333334,39.6,11.521869061340121,6,6.0,1,0,0.0,0.0,0.0,United Kingdom,VIP Customers,55.33147445504338
14346.0,91,5,2315.75,1878,12.863013698630137,48,15.861301369863014,85.0,8.0524507525562,123,29.2,4,376,0.2602739726027397,0.0,0.0,United Kingdom,Regular Customers,232.92498433006003
14347.0,707,1,82.6,48,8.0,12,13.766666666666666,17.7,3.5875711375060804,6,6.0,1,0,0.0,0.0,0.0,United Kingdom,VIP Customers,-78.04970276750913
14348.0,230,1,409.57,183,10.166666666666666,24,22.753888888888888,91.8,18.785680760461858,18,18.0,1,0,0.0,0.0,0.0,United Kingdom,VIP Customers,52.05615832481578
14350.0,241,4,947.8,526,8.483870967741936,48,15.287096774193548,39.95,8.325167135051814,56,15.5,3,159,0.0,0.0,0.0,United Kingdom,Regular Customers,220.68243496926723
14351.0,135,1,51.0,12,12.0,12,51.0,51.0,0.0,1,1.0,1,0,0.0,0.0,0.0,United Kingdom,VIP Customers,23.804787955417794
14352.0,127,4,1078.96,538,11.446808510638299,36,22.95659574468085,70.8,11.374724320901286,44,11.25,3,116,0.0,0.0,0.0,United Kingdom,VIP Customers,27.456203492634245
14353.0,185,3,376.5,344,13.76,25,15.06,40.56,6.712394009094917,18,8.333333333333334,2,216,0.24,0.0,0.0,United Kingdom,Regular Customers,148.07336562827015
14355.0,336,3,840.05,617,10.283333333333333,25,14.000833333333333,25.5,4.93240350929758,57,20.0,3,261,0.0,0.0,0.0,United Kingdom,Regular Customers,123.2140425155292
14356.0,30,4,666.94,266,7.0,24,17.551052631578948,89.7,19.597985802389708,36,9.5,2,21,0.0,0.0,0.0,United Kingdom,VIP Customers,118.80133977764172
14357.0,13,1,225.12,147,3.675,24,5.628,29.5,5.752951617012984,39,39.0,1,0,0.0,0.0,0.0,United Kingdom,VIP Customers,102.22493399437221
14358.0,359,3,384.3,337,12.961538461538462,24,14.78076923076923,45.9,10.291160448881136,22,8.666666666666666,3,292,0.0,0.0,0.0,United Kingdom,VIP Customers,-196.49446991370613
14359.0,6,4,764.73,316,6.448979591836735,12,15.606734693877552,30.0,6.952512851407007,44,12.25,3,52,0.0,117.85,4.777862193806203,United Kingdom,Regular Customers,321.6636840582779
14360.0,2,4,2118.03,1139,9.735042735042734,25,18.102820512820514,68.0,10.692780262155772,104,29.25,3,62,0.0,0.0,0.0,United Kingdom,Regular Customers,438.7657892714444
14361.0,549,1,214.71,251,17.928571428571427,60,15.336428571428572,30.0,5.450551993419294,14,14.0,1,0,0.0,0.0,0.0,United Kingdom,VIP Customers,-37.50271164209204
14363.0,372,2,227.47,105,13.125,24,28.43375,65.4,22.232716521571795,8,4.0,2,49,0.0,0.0,0.0,United Kingdom,VIP Customers,-51.58662391093878
14364.0,79,8,3717.35,1967,28.507246376811594,120,53.87463768115942,207.5,61.56656174608456,61,8.625,4,102,0.18840579710144928,0.0,0.0,United Kingdom,Regular Customers,432.7224592009693
14365.0,365,2,634.68,557,10.92156862745098,25,12.44470588235294,22.5,5.237677482602829,50,25.5,2,287,0.0,0.0,0.0,United Kingdom,Regular Customers,99.48678411773602
14366.0,495,1,136.0,16,16.0,16,136.0,136.0,0.0,1,1.0,1,0,0.0,0.0,0.0,United Kingdom,VIP Customers,-44.855243009610604
14367.0,1,17,8185.74,3917,7.9452332657200815,100,16.60393509127789,214.8,16.287215593853244,262,28.941176470588236,8,245,0.08113590263691683,948.38,6.8558091399589465,United Kingdom,Regular Customers,779.670533602601
14368.0,290,1,155.0,36,4.5,12,19.375,29.9,5.261653732430517,8,8.0,1,0,0.0,0.0,0.0,United Kingdom,VIP Customers,6.272339398830695
14369.0,612,2,469.13,255,9.807692307692308,24,18.04346153846154,53.1,10.067766362925866,24,13.0,2,19,0.7307692307692307,0.0,0.0,United Kingdom,VIP Customers,-70.46555962145419
14370.0,421,9,1092.1299999999999,257,5.244897959183674,48,22.288367346938774,159.6,29.732858601423526,37,5.444444444444445,6,226,0.1836734693877551,0.0,0.0,United Kingdom,Regular Customers,136.95546405080978
14371.0,265,1,100.5,34,8.5,18,25.125,39.6,10.666888018536616,4,4.0,1,0,0.0,0.0,0.0,United Kingdom,VIP Customers,2.8194889235355447
14372.0,413,3,830.18,376,9.64102564102564,24,21.286666666666665,102.0,17.92983140985896,37,13.0,3,282,0.0,0.0,0.0,United Kingdom,VIP Customers,-159.37609718735106
14373.0,328,1,76.55,17,4.25,12,19.1375,25.5,7.4078083803511,4,4.0,1,0,0.0,0.0,0.0,United Kingdom,VIP Customers,-10.786464608235377
14374.0,511,1,108.0,20,2.857142857142857,6,15.428571428571429,17.7,2.2974364595597163,7,7.0,1,0,0.0,0.0,0.0,United Kingdom,VIP Customers,-38.97160676440211
14375.0,155,3,1106.82,647,3.15609756097561,42,5.399121951219512,39.9,6.195046978707129,176,64.33333333333333,2,355,0.0,0.0,0.0,United Kingdom,Regular Customers,253.71542800826208
14376.0,653,1,215.46,50,2.7777777777777777,7,11.97,41.65,14.185320498566778,17,17.0,1,0,0.0,0.0,0.0,United Kingdom,VIP Customers,-46.71269437512075
14377.0,161,2,617.05,219,19.90909090909091,60,56.095454545454544,159.2,43.16176232816181,11,5.5,2,70,0.0,0.0,0.0,United Kingdom,VIP Customers,-4.364415007680492
14378.0,592,1,131.25,57,6.333333333333333,12,14.583333333333334,23.25,3.4392041230494006,9,9.0,1,0,1.0,0.0,0.0,United Kingdom,VIP Customers,-83.6565075907435
14379.0,14,4,1265.16,712,5.5625,24,9.8840625,76.5,11.11020743957527,93,30.75,4,436,0.0,0.0,0.0,United Kingdom,Regular Customers,121.00848497076626
14380.0,573,2,-99.72999999999999,0,0.0,1,-49.864999999999995,48.96,139.75965530152112,2,1.0,2,78,0.0,0.0,0.0,United Kingdom,VIP Customers,-154.82778783247093
14381.0,22,2,625.9399999999999,449,4.008928571428571,24,5.588749999999999,30.6,5.683265798388733,104,56.0,2,399,0.0,0.0,0.0,United Kingdom,Regular Customers,149.3452065570964
14382.0,360,2,572.1899999999999,435,2.824675324675325,36,3.7155194805194802,28.75,3.9950898036006293,138,69.0,1,0,1.0,615.49,6.424042101872682,United Kingdom,Regular Customers,376.90430669250816
14383.0,8,3,1247.69,817,13.847457627118644,100,21.14728813559322,135.2,18.18840070223882,49,19.666666666666668,3,125,0.0,0.0,0.0,United Kingdom,Regular Customers,296.1015740769873
14384.0,471,1,58.5,30,10.0,10,19.5,19.5,0.0,3,3.0,1,0,0.0,0.0,0.0,United Kingdom,VIP Customers,-36.51840160193467
14386.0,267,1,142.4,54,7.714285714285714,12,20.342857142857145,31.8,7.88624480617088,7,7.0,1,0,0.0,0.0,0.0,United Kingdom,VIP Customers,9.327024499487862
14387.0,3,3,1727.6,795,5.719424460431655,25,12.428776978417266,83.2,9.697187733701691,125,46.0,3,76,0.0,0.0,0.0,United Kingdom,Regular Customers,426.4998102512028
14388.0,5,18,5845.32,3972,10.480211081794195,48,15.42300791556728,41.6,6.432769769496232,172,21.055555555555557,11,653,0.052770448548812667,444.63,6.0994890113019675,United Kingdom,Regular Customers,251.89761267776782
14389.0,35,10,1846.47,1348,12.254545454545454,100,16.78609090909091,72.0,16.068673957235966,54,11.0,7,663,0.0,-25.4,,United Kingdom,Regular Customers,-60.158847090948626
14390.0,8,15,4471.83,2113,5.3224181360201515,60,11.264055415617129,135.0,14.686038547172707,193,26.133333333333333,6,387,0.22921914357682618,1607.65,7.38315059691616,United Kingdom,Regular Customers,481.0142554528014
14391.0,547,1,135.6,168,12.0,12,9.685714285714285,10.2,1.0219567527031679,14,14.0,1,0,0.0,0.0,0.0,United Kingdom,VIP Customers,-32.78279569685384
14392.0,402,1,266.4,114,8.142857142857142,12,19.02857142857143,59.7,12.747333269923772,14,14.0,1,0,1.0,0.0,0.0,United Kingdom,VIP Customers,-29.337750475507562
14393.0,188,1,67.95,13,2.6,4,13.59,17.25,3.595552808679077,5,5.0,1,0,0.0,0.0,0.0,United Kingdom,VIP Customers,19.499614590361716
14394.0,535,1,93.8,58,9.666666666666666,12,15.633333333333333,17.0,0.9831920802501755,6,6.0,1,0,0.0,0.0,0.0,United Kingdom,VIP Customers,-44.044092699472
14395.0,15,23,7195.74,3618,4.976616231086657,48,9.897854195323246,47.2,7.617244920741909,306,30.91304347826087,10,555,0.17881705639614856,558.99,6.327918926426897,United Kingdom,Regular Customers,573.0495305631824
14396.0,35,7,1969.38,959,3.8514056224899598,32,7.909156626506024,35.4,6.647393778310233,202,34.714285714285715,5,672,0.5220883534136547,0.0,0.0,United Kingdom,Regular Customers,72.6882250363802
14397.0,12,16,1583.53,1099,17.725806451612904,48,25.5408064516129,81.9,19.011930878593493,16,3.875,6,171,0.06451612903225806,973.15,6.881565295891896,United Kingdom,Regular Customers,356.08886934866894
14398.0,371,2,707.79,267,5.037735849056604,24,13.354528301886791,47.7,8.839995337198069,50,26.5,2,126,0.0,0.0,0.0,United Kingdom,VIP Customers,-37.72211689750944
14399.0,364,9,2093.21,957,4.907692307692308,32,10.734410256410257,81.6,15.183369090693414,120,21.333333333333332,8,280,0.0,0.0,0.0,United Kingdom,Regular Customers,175.53444908570245
14400.0,111,5,1703.0,1693,21.98701298701299,192,22.116883116883116,138.24,23.053586846150445,71,15.4,4,490,0.0,0.0,0.0,United Kingdom,Regular Customers,62.97393187455714
14401.0,8,23,6361.12,5923,24.274590163934427,144,26.07016393442623,127.0,23.62626072525631,149,10.608695652173912,11,687,0.00819672131147541,342.28,5.8385464406832694,United Kingdom,Regular Customers,337.88551328239726
14402.0,622,1,285.6,240,30.0,144,35.7,180.0,58.36985523367349,8,8.0,1,0,0.0,0.0,0.0,United Kingdom,VIP Customers,-55.790343140150526
14403.0,100,9,1822.76,726,22.0,108,55.235151515151514,244.8,65.53547699153167,20,3.6666666666666665,5,508,0.0,0.0,0.0,United Kingdom,Regular Customers,44.85913467356724
14404.0,4,15,2625.13,1557,8.508196721311476,108,14.34497267759563,79.95,17.451394537126763,123,12.133333333333333,8,685,0.639344262295082,0.0,0.0,United Kingdom,Regular Customers,49.54460288080327
14405.0,357,1,195.0,100,50.0,60,97.5,117.0,27.577164466275352,2,2.0,1,0,0.0,0.0,0.0,United Kingdom,VIP Customers,-22.869696398751614
14406.0,89,1,156.75,77,9.625,36,19.59375,30.6,5.416669871793924,8,8.0,1,0,0.0,0.0,0.0,United Kingdom,VIP Customers,40.66588332824017
14407.0,77,9,2111.08,1412,18.57894736842105,240,27.777368421052632,207.5,37.42424096289894,67,8.444444444444445,5,169,0.0,0.0,0.0,United Kingdom,Regular Customers,321.0672252522811
14408.0,65,10,3794.05,2276,18.966666666666665,72,31.617083333333333,133.2,30.341012496631162,62,11.8,7,637,0.075,308.22,5.734052997674449,United Kingdom,Regular Customers,47.428778212962385
14409.0,41,10,3276.09,2161,20.580952380952382,144,31.200857142857146,356.4,45.57392329869313,76,10.5,7,496,0.0,0.0,0.0,United Kingdom,Regular Customers,198.60800050016115
14410.0,62,16,2241.93,1128,2.484581497797357,48,4.938171806167401,61.2,8.712497149732908,308,27.4375,7,344,0.28634361233480177,-136.85,,United Kingdom,Regular Customers,493.5774029631423
14411.0,281,1,1063.0,196,14.0,48,75.92857142857143,102.0,17.539161832943947,14,14.0,1,0,0.0,0.0,0.0,United Kingdom,VIP Customers,33.9788925844648
14412.0,5,4,1417.49,1426,16.58139534883721,100,16.482441860465116,81.6,11.984176521911913,75,21.5,3,389,0.0,0.0,0.0,United Kingdom,Regular Customers,164.36368574424884
14413.0,332,4,764.52,277,2.8854166666666665,24,7.96375,342.8,34.805773696781664,93,24.0,3,326,0.22916666666666666,0.0,0.0,United Kingdom,Regular Customers,210.6919861893012
14414.0,62,9,2387.48,2874,24.15126050420168,192,20.062857142857144,79.8,15.918363776684984,99,13.222222222222221,5,283,0.17647058823529413,0.0,0.0,United Kingdom,Regular Customers,295.16080205992785
14415.0,13,30,10601.49,5475,4.744367417677643,72,9.186733102253033,45.05,6.652422234177764,406,37.46666666666667,11,680,0.41421143847487,1202.13,7.09268177331167,United Kingdom,Regular Customers,783.8729545096254
14416.0,12,1,361.0,262,23.818181818181817,120,32.81818181818182,214.8,60.47353963812303,11,11.0,1,0,0.0,129.22,4.869225327808716,United Kingdom,VIP Customers,83.94662906576599
14417.0,358,1,524.65,543,4.641025641025641,120,4.484188034188034,40.8,5.042553273497711,106,106.0,1,0,0.0,0.0,0.0,United Kingdom,VIP Customers,113.78322763154597
14418.0,78,1,150.44,148,7.7894736842105265,24,7.917894736842105,26.25,6.75523301592293,17,17.0,1,0,0.0,1786.81,7.48874668610494,United Kingdom,Regular Customers,305.52239950827266
14419.0,9,6,1043.74,469,2.6201117318435756,24,5.830949720670391,30.0,4.71435480503906,107,29.5,5,344,0.0,210.9,5.356114465274254,United Kingdom,Regular Customers,176.48708744214886
14420.0,55,7,1627.72,1115,11.494845360824742,48,16.780618556701032,68.0,9.554665942881975,85,13.714285714285714,5,606,0.23711340206185566,0.0,0.0,United Kingdom,Regular Customers,7.301590599432217
14421.0,27,7,2456.62,1341,13.824742268041238,48,25.325979381443297,162.75,25.553554370339633,72,13.857142857142858,5,634,0.44329896907216493,0.0,0.0,United Kingdom,Regular Customers,24.880615332397525
14422.0,23,19,9488.36,5573,10.717307692307692,96,18.246846153846153,83.4,9.824138180903217,297,27.36842105263158,12,669,0.06346153846153846,712.56,6.570266525883067,United Kingdom,Regular Customers,476.503770401509
14423.0,188,4,914.96,418,26.125,96,57.185,244.8,83.24109682122166,12,4.0,4,476,0.0,0.0,0.0,United Kingdom,Regular Customers,-44.09165449990391
14425.0,397,5,635.89,319,7.780487804878049,48,15.509512195121951,30.0,7.290364514624599,36,8.2,2,310,0.0,0.0,0.0,United Kingdom,Regular Customers,95.12209939515463
14426.0,2,24,10454.68,6221,9.969551282051283,72,16.754294871794873,199.8,17.959569945630992,439,26.0,8,613,0.03205128205128205,649.29,6.477418417238802,United Kingdom,Regular Customers,920.5593614889968
14427.0,20,4,1263.52,538,12.227272727272727,36,28.716363636363635,295.0,42.65411853889152,43,11.0,3,581,0.0,0.0,0.0,United Kingdom,Regular Customers,46.68632504968767
14428.0,6,6,1007.51,344,2.6875,72,7.871171875,76.32,9.770608877060532,102,20.333333333333332,5,288,0.0,201.85999999999999,5.312516085947849,United Kingdom,Regular Customers,204.4878315136425
14429.0,374,1,516.28,286,13.0,24,23.467272727272725,45.0,9.430807763120562,22,22.0,1,0,0.0,0.0,0.0,United Kingdom,VIP Customers,22.854360660736916
14430.0,482,5,956.4,408,10.2,48,23.91,71.4,34.04328165205325,33,8.0,3,95,0.55,0.0,0.0,United Kingdom,VIP Customers,-60.840161168467446
14431.0,269,5,2567.1,1196,14.070588235294117,72,30.201176470588234,175.2,31.411981048022824,72,17.0,4,389,0.0,0.0,0.0,United Kingdom,Regular Customers,148.64731088767834
14432.0,8,4,1383.05,1402,5.2706766917293235,60,5.199436090225563,99.0,7.8043761346194165,197,65.25,3,50,0.9849624060150376,865.4499999999999,6.764404404086254,United Kingdom,Regular Customers,502.01155847948746
14433.0,436,1,280.7,131,1.7702702702702702,12,3.7932432432432432,19.9,3.071402833345009,72,72.0,1,0,0.0,0.0,0.0,United Kingdom,VIP Customers,63.30392321713268
14434.0,8,5,1032.0,300,30.0,48,103.2,141.6,29.556725123057866,3,2.0,3,34,0.0,340.79999999999995,5.83422577068149,United Kingdom,VIP Customers,60.64270513300755
14435.0,472,1,90.42,282,94.0,144,30.14,37.5,7.410506055594314,3,3.0,1,0,0.0,0.0,0.0,United Kingdom,VIP Customers,-47.63573577660168
14436.0,69,2,271.7,297,27.0,144,24.7,152.64,43.112606972902945,11,5.5,2,454,0.0,0.0,0.0,United Kingdom,Regular Customers,-17.305743739495057
14437.0,113,7,744.4399999999999,413,9.386363636363637,48,16.919090909090908,70.8,23.973108463169567,35,6.285714285714286,7,440,0.1590909090909091,0.0,0.0,United Kingdom,Regular Customers,-37.927806140128865
14438.0,276,1,131.9,82,9.11111111111111,10,14.655555555555557,19.5,5.776484898082725,9,9.0,1,0,1.0,0.0,0.0,United Kingdom,VIP Customers,-24.011356129917743
14439.0,290,5,9443.04,2244,17.3953488372093,96,73.20186046511628,229.5,45.75344873899265,105,25.8,3,367,0.0,0.0,0.0,Greece,Regular Customers,429.35439472251267
14440.0,12,14,5252.88,1478,12.214876033057852,64,43.41223140495868,196.2,36.85211562193781,61,8.642857142857142,7,695,0.0,617.25,6.426892906401526,United Kingdom,Regular Customers,116.5257580688947
14441.0,13,15,4136.04,1165,7.766666666666667,32,27.5736,175.2,27.49865095605027,98,9.933333333333334,10,647,0.18,234.05,5.45979825747014,United Kingdom,Regular Customers,84.98094950719494
14442.0,168,11,5276.27,1421,7.518518518518518,48,27.91677248677249,290.0,26.780928464513064,129,17.181818181818183,4,492,0.0,-4.25,,Channel Islands,Regular Customers,382.49593187420453
14443.0,24,8,2063.65,1350,9.782608695652174,48,14.953985507246378,91.8,8.778960544014597,119,17.25,5,325,0.18840579710144928,0.0,0.0,United Kingdom,Regular Customers,277.73255960258757
14444.0,426,1,120.44,172,15.636363636363637,48,10.94909090909091,27.2,8.089011626330445,11,11.0,1,0,0.0,0.0,0.0,United Kingdom,VIP Customers,-19.875963868926362
14445.0,426,1,221.65,83,2.59375,4,6.9265625,17.85,3.8412234352922905,32,32.0,1,0,0.0,0.0,0.0,United Kingdom,VIP Customers,14.634871694367632
14446.0,51,3,864.49,855,3.9220183486238533,60,3.9655504587155965,26.35,3.862341869726235,191,71.0,3,306,0.0,335.79,5.819459590715978,United Kingdom,Regular Customers,285.9840575165148
14447.0,21,5,1420.97,787,8.554347826086957,25,15.445326086956522,34.8,4.882766836580555,75,18.4,4,349,0.0,290.76,5.675931546500425,United Kingdom,Regular Customers,166.0305245807275
14448.0,334,1,102.35000000000001,44,2.4444444444444446,10,5.686111111111112,19.5,4.95511635631043,18,18.0,1,0,0.0,273.0,5.6131281063880705,United Kingdom,Regular Customers,255.91884629858941
14449.0,34,7,2043.63,1497,3.425629290617849,36,4.6764988558352405,88.5,6.08023104025379,278,59.857142857142854,5,372,0.0,187.33,5.2381957432066555,United Kingdom,Regular Customers,402.998822988137
14450.0,151,7,1128.44,522,6.868421052631579,25,14.847894736842106,44.55,9.65975601014014,47,10.857142857142858,4,429,0.5263157894736842,0.0,0.0,United Kingdom,Regular Customers,59.60972338819397
14451.0,30,18,3215.5,1703,3.28131021194605,24,6.195568400770713,38.25,5.498155571275643,245,27.833333333333332,10,631,0.4489402697495183,0.0,0.0,United Kingdom,Regular Customers,230.78502365285885
14452.0,64,3,527.27,215,2.1717171717171717,12,5.325959595959596,16.95,3.661012996646715,86,32.333333333333336,3,427,0.0,131.68,4.887940214078852,United Kingdom,Regular Customers,78.77666868008973
14453.0,160,1,119.93,49,2.227272727272727,12,5.451363636363637,15.0,3.5758679205587818,22,22.0,1,0,0.0,0.0,0.0,United Kingdom,VIP Customers,47.53456458920812
14454.0,346,6,970.7,396,3.5675675675675675,36,8.745045045045046,91.8,10.264715722395279,94,18.0,5,357,1.0,0.0,0.0,United Kingdom,Regular Customers,65.64664804054416
14455.0,402,5,584.37,669,8.3625,108,7.304625,41.25,9.693835826036661,66,15.4,3,63,0.8875,0.0,0.0,United Kingdom,VIP Customers,-15.548676431203504
14456.0,10,8,2052.82,1903,2.9968503937007873,48,3.2327874015748033,30.0,3.672072444161778,462,76.875,3,101,0.7165354330708661,949.69,6.857188036744397,United Kingdom,Regular Customers,798.3310126414934
14457.0,281,1,113.64,88,22.0,36,28.41,45.0,16.84091446448203,4,4.0,1,0,0.0,0.0,0.0,United Kingdom,VIP Customers,-2.583045669658958
14458.0,351,1,228.07,317,6.74468085106383,48,4.852553191489362,23.4,4.857442728559915,46,46.0,1,0,0.0,0.0,0.0,United Kingdom,VIP Customers,43.09207789008971
14459.0,125,3,5339.14,2302,20.19298245614035,96,46.83456140350877,178.2,30.389570088435168,113,38.0,3,496,0.0,0.0,0.0,United Kingdom,Regular Customers,233.28261076814462
14460.0,80,12,919.6,1761,36.6875,192,19.158333333333335,69.12,22.375052533715422,33,4.0,8,613,0.3333333333333333,0.0,0.0,United Kingdom,Regular Customers,-102.25452791912446
14461.0,118,14,6661.01,3003,4.714285714285714,60,10.456844583987442,67.6,8.894901846798124,515,45.214285714285715,8,542,0.0,0.0,0.0,United Kingdom,Regular Customers,656.2605531533567
14462.0,34,16,2204.69,1031,3.592334494773519,48,7.681846689895471,39.6,7.602312337145767,183,17.3125,9,368,0.25435540069686413,0.0,0.0,United Kingdom,Regular Customers,299.70018798010506
14463.0,68,4,786.5699999999999,210,26.25,72,98.32124999999999,178.5,67.86725413576544,7,2.0,4,401,0.0,0.0,0.0,United Kingdom,Regular Customers,-9.349502143604838
14464.0,538,2,111.0,62,15.5,48,27.75,60.0,21.509184084943804,4,2.0,2,59,0.0,0.0,0.0,United Kingdom,VIP Customers,-105.31284050333349
14465.0,217,11,3925.85,2539,13.155440414507773,384,20.34119170984456,245.76,35.96536314244949,128,17.272727272727273,7,454,0.046632124352331605,0.0,0.0,United Kingdom,Regular Customers,189.52729481763302
14466.0,44,12,3780.4,2330,12.135416666666666,60,19.689583333333335,127.5,17.641064090180524,77,15.916666666666666,8,652,0.20833333333333334,486.75,6.189802979503221,United Kingdom,Regular Customers,66.60387179520441
14467.0,16,10,1918.95,1039,4.074509803921568,60,7.525294117647059,29.7,4.978837479710972,129,25.1,9,691,0.0,284.29,5.653506206781466,United Kingdom,Regular Customers,-58.809657330961016
14468.0,704,1,204.24,164,13.666666666666666,72,17.02,31.2,8.43565377107516,12,12.0,1,0,1.0,0.0,0.0,United Kingdom,VIP Customers,-111.39940185920756
14469.0,386,4,2093.46,973,6.710344827586207,144,14.437655172413793,103.68,13.743478353072755,120,36.0,4,263,0.0,0.0,0.0,United Kingdom,Regular Customers,196.54625805759778
14470.0,258,2,548.49,227,4.365384615384615,36,10.547884615384616,61.2,9.946686183128586,48,26.0,2,142,0.0,163.55,5.103214475389349,United Kingdom,Regular Customers,213.58528013728014
14471.0,561,2,400.95,187,4.560975609756097,12,9.779268292682927,25.2,6.113838561102142,38,20.5,2,141,0.0,0.0,0.0,United Kingdom,VIP Customers,-109.0885570338782
14472.0,74,9,2118.72,1271,4.11326860841424,48,6.856699029126213,49.9,6.068768578157051,173,32.666666666666664,7,585,0.8576051779935275,0.0,0.0,United Kingdom,Regular Customers,74.37483349802858
14473.0,44,2,234.34,88,12.571428571428571,36,33.47714285714286,85.0,24.93664085523263,7,3.5,2,208,0.0,0.0,0.0,United Kingdom,Regular Customers,148.99762786945445
14474.0,13,3,1248.94,447,3.4921875,24,9.75734375,34.0,7.8789499764435105,122,42.333333333333336,2,536,0.765625,0.0,0.0,United Kingdom,Regular Customers,76.40140915902444
14475.0,42,7,1025.12,522,9.849056603773585,36,19.34188679245283,119.4,25.482026173560342,41,7.571428571428571,4,337,0.018867924528301886,0.0,0.0,United Kingdom,Regular Customers,165.2948067314241
14476.0,227,1,193.0,110,6.470588235294118,24,11.352941176470589,30.0,6.8776238308607365,17,17.0,1,0,1.0,0.0,0.0,United Kingdom,VIP Customers,-2.592715681881714
14477.0,21,9,1615.21,935,66.78571428571429,100,115.37214285714286,179.0,79.14406787416432,7,1.5555555555555556,7,666,0.0,345.4,5.84759417668828,United Kingdom,Regular Customers,-153.8297273884763
14478.0,352,4,1276.66,1226,18.029411764705884,72,18.774411764705885,70.8,15.741710387295006,59,17.0,4,356,0.0,0.0,0.0,United Kingdom,Regular Customers,69.9211789673574
14479.0,224,4,1124.71,562,4.043165467625899,24,8.091438848920864,32.11,7.019221287288862,127,33.75,3,479,0.8705035971223022,0.0,0.0,United Kingdom,Regular Customers,61.44465713877156
14480.0,373,4,1016.22,526,9.924528301886792,30,19.173962264150944,50.4,8.923344565201873,43,13.25,4,315,0.0,279.05,5.634968158655841,United Kingdom,Regular Customers,59.51889417884047
14481.0,135,6,1908.52,1567,10.37748344370861,84,12.639205298013245,141.96,34.73302473675793,115,24.833333333333332,5,512,0.2781456953642384,0.0,0.0,United Kingdom,Regular Customers,93.27393175062736
14482.0,4,12,3527.08,2254,12.384615384615385,200,19.37956043956044,179.0,37.73599424533785,131,14.333333333333334,5,436,0.06043956043956044,613.98,6.421589746952518,United Kingdom,Regular Customers,319.8169710962162
14483.0,120,3,249.2,191,13.642857142857142,25,17.8,30.0,12.161525081489259,14,4.666666666666667,3,586,0.0,0.0,0.0,United Kingdom,Regular Customers,-125.99672340057728
14484.0,20,4,1070.98,744,14.037735849056604,48,20.207169811320757,45.9,8.19504526137557,47,13.25,4,672,0.0,0.0,0.0,United Kingdom,Regular Customers,-108.2026970049154
14485.0,9,1,162.8,70,1.5217391304347827,6,3.539130434782609,9.95,2.3234187703917466,44,44.0,1,0,0.0,0.0,0.0,United Kingdom,VIP Customers,105.2679893726154
14486.0,482,2,175.5,90,15.0,20,29.25,39.0,10.680589871350739,4,3.0,2,41,0.0,0.0,0.0,United Kingdom,VIP Customers,-75.66860278774973
14487.0,11,7,1101.33,669,4.46,16,7.342199999999999,51.0,7.407873452432103,117,20.0,4,338,0.72,152.19,5.031678981024605,United Kingdom,Regular Customers,219.0790414602928
14488.0,21,2,1047.43,793,16.183673469387756,120,21.376122448979594,158.4,26.646070756017554,46,24.5,1,16,0.0,0.0,0.0,United Kingdom,VIP Customers,152.0958732753235
14489.0,177,4,1574.93,1011,10.11,36,15.7493,39.6,6.269170076209805,65,25.0,4,405,0.0,0.0,0.0,United Kingdom,Regular Customers,83.24126221524125
14490.0,376,2,1273.47,933,11.6625,32,15.918375000000001,66.0,7.583666065751804,72,40.0,1,22,0.0,0.0,0.0,United Kingdom,VIP Customers,118.07108877402024
14491.0,145,2,340.93,139,8.176470588235293,24,20.05470588235294,47.7,10.913203080241303,17,8.5,2,197,0.0,0.0,0.0,United Kingdom,Regular Customers,152.36112523112124
14492.0,400,10,1574.3600000000001,639,6.144230769230769,32,15.138076923076925,81.6,20.789211918401335,70,10.4,6,188,0.09615384615384616,0.0,0.0,United Kingdom,Regular Customers,222.38934539889365
14493.0,8,10,3624.99,2351,8.134948096885813,72,12.543217993079583,79.95,12.131124928839842,247,27.7,7,604,0.20069204152249134,1368.77,7.222398121516528,United Kingdom,Regular Customers,244.46338809182168
14494.0,371,2,261.9,118,11.8,30,26.189999999999998,114.3,31.190399163845278,10,5.0,2,329,0.0,139.56,4.945634443878841,United Kingdom,Regular Customers,21.262478426141996
14495.0,21,4,166.3,67,8.375,12,20.7875,51.0,15.908347988219447,7,2.0,4,609,0.0,0.0,0.0,United Kingdom,Regular Customers,-139.72529989350122
14496.0,282,10,2341.54,894,8.20183486238532,96,21.482018348623853,139.2,19.94801845630271,64,10.9,6,321,0.08256880733944955,0.0,0.0,United Kingdom,Regular Customers,178.79019692171715
14497.0,271,3,679.16,330,7.857142857142857,24,16.17047619047619,41.7,8.479240633389965,40,14.0,1,372,0.0,0.0,0.0,United Kingdom,Regular Customers,89.82137591176792
14498.0,13,10,3900.83,2120,5.745257452574526,72,10.571355013550136,170.0,15.58592140314572,276,36.3,6,507,0.0,0.0,0.0,United Kingdom,Regular Customers,403.94884841464136
14499.0,104,9,1642.81,914,4.352380952380952,24,7.822904761904762,34.8,7.388109912353141,141,22.88888888888889,6,335,0.41904761904761906,440.63,6.090472427438032,United Kingdom,Regular Customers,225.47631308055284
14500.0,58,3,356.85,117,16.714285714285715,60,50.978571428571435,102.0,32.148378097280656,6,2.0,3,101,0.0,0.0,0.0,United Kingdom,Regular Customers,199.9697864685832
14501.0,34,3,190.31,119,9.916666666666666,24,15.859166666666667,35.4,22.926709496422145,9,4.0,3,255,0.0,0.0,0.0,United Kingdom,Regular Customers,101.95157060199739
14502.0,3,13,1976.05,1222,2.2969924812030076,25,3.7143796992481204,89.55,7.3901222942592,331,39.69230769230769,7,279,0.8026315789473685,334.13,5.814518516250867,United Kingdom,Regular Customers,521.27846201161
14503.0,40,2,1284.45,941,11.070588235294117,48,15.111176470588235,40.8,6.493782449713087,81,42.5,2,108,0.0,2258.81,7.723036017935724,United Kingdom,Regular Customers,340.2111761389127
14504.0,17,4,673.26,308,2.878504672897196,25,6.2921495327102805,27.0,5.03050450000781,85,26.75,3,231,0.794392523364486,0.0,0.0,United Kingdom,Regular Customers,210.8516268277695
14505.0,7,26,10907.5,4922,3.3301759133964817,72,7.379905277401894,91.8,8.201165141174084,855,55.19230769230769,9,693,0.39918809201623817,688.54,6.536024708603601,United Kingdom,Regular Customers,1202.8069702850105
14506.0,36,6,2484.28,687,2.081818181818182,14,7.528121212121213,59.92,7.955149970245232,227,53.5,6,533,0.13636363636363635,475.97,6.167453595828728,United Kingdom,Regular Customers,184.4767479929617
14507.0,10,13,2867.2,1400,5.2434456928838955,25,10.738576779026216,71.4,10.424666897398422,189,20.153846153846153,8,688,0.30711610486891383,237.6,5.474788509663815,United Kingdom,Regular Customers,115.3697850629299
14508.0,60,5,673.58,275,1.870748299319728,25,4.5821768707483,23.6,4.659636724773577,119,28.0,3,450,0.5238095238095238,130.49,4.878930803098828,United Kingdom,Regular Customers,110.71113318704852
14509.0,504,1,110.95,38,1.52,4,4.438,9.95,2.473689888944584,25,25.0,1,0,0.0,0.0,0.0,United Kingdom,VIP Customers,-14.03785731727669
14510.0,346,4,964.55,787,10.355263157894736,50,12.691447368421052,59.5,13.518426703720356,67,19.0,2,60,0.0,0.0,0.0,United Kingdom,VIP Customers,71.5803392009099
14511.0,3,5,966.09,563,10.826923076923077,48,18.57865384615385,40.8,12.342371467690295,39,10.4,4,100,0.3269230769230769,301.32,5.711486059041233,United Kingdom,Regular Customers,264.9429313904558
14512.0,158,7,1215.97,736,9.316455696202532,72,15.392025316455696,70.8,12.468627335852837,55,11.285714285714286,6,544,0.31645569620253167,0.0,0.0,United Kingdom,Regular Customers,-55.15336493906497
14513.0,71,7,770.9100000000001,587,23.48,192,30.836400000000005,138.24,42.85358900566751,15,3.5714285714285716,5,467,0.04,0.0,0.0,United Kingdom,Regular Customers,-28.942719297907416
14514.0,31,10,4375.79,2361,7.378125,48,13.67434375,64.9,12.44473383383289,213,31.3,8,665,0.253125,0.0,0.0,United Kingdom,Regular Customers,159.79505048410144
14515.0,37,12,2940.68,1519,10.77304964539007,96,20.855886524822694,67.5,18.26210757164846,91,11.75,4,484,0.0,753.02,6.625418892855108,United Kingdom,Regular Customers,235.994387094215
14516.0,486,1,151.17,63,1.8,12,4.3191428571428565,23.6,4.252578713473239,35,35.0,1,0,1.0,0.0,0.0,United Kingdom,VIP Customers,-28.998302931342153
14517.0,3,2,330.45,91,5.055555555555555,16,18.358333333333334,31.8,5.983537464429825,17,9.0,2,108,0.2222222222222222,0.0,0.0,United Kingdom,Regular Customers,229.25511378735817
14518.0,34,1,174.37,278,17.375,96,10.898125,29.75,9.999577470240096,16,16.0,1,0,0.0,0.0,0.0,United Kingdom,VIP Customers,52.88440858667323
14519.0,654,2,203.14,81,2.1315789473684212,10,5.34578947368421,20.25,4.054956680928974,38,19.0,2,45,0.0,0.0,0.0,United Kingdom,VIP Customers,-69.51875587339876
14520.0,261,1,165.0,100,100.0,100,165.0,165.0,0.0,1,1.0,1,0,0.0,105.6,4.669083511731744,United Kingdom,Regular Customers,243.85507485464947
14521.0,447,2,167.65,203,10.15,36,8.3825,19.8,11.063646431824411,17,10.0,1,13,0.0,0.0,0.0,United Kingdom,VIP Customers,-10.97985852104594
14522.0,42,7,1605.3799999999999,860,19.545454545454547,72,36.48590909090909,122.4,31.765065740210826,34,6.142857142857143,6,612,0.13636363636363635,143.04,4.970091038780675,United Kingdom,Regular Customers,-76.94288686509995
14523.0,78,1,241.09,251,20.916666666666668,72,20.090833333333332,46.8,12.787029975958475,12,12.0,1,0,0.0,0.0,0.0,United Kingdom,VIP Customers,49.00849715068162
14524.0,2,13,2909.86,1169,3.630434782608696,36,9.036832298136646,102.0,11.219241061529548,250,24.692307692307693,7,385,0.13664596273291926,0.0,0.0,United Kingdom,Regular Customers,414.9799932924044
14525.0,13,19,6941.19,4537,9.715203426124196,144,14.863361884368308,326.4,28.845330920734796,301,23.894736842105264,10,683,0.1006423982869379,974.52,6.882970662159506,United Kingdom,Regular Customers,498.3346648820162
14526.0,359,1,258.65,178,4.341463414634147,12,6.308536585365853,15.9,3.778738255671864,41,41.0,1,0,0.0,0.0,0.0,United Kingdom,VIP Customers,39.27278947431671
14527.0,2,181,23877.75,6100,2.3371647509578546,36,9.148563218390805,207.6,14.758502461526627,607,14.342541436464089,12,705,0.027969348659003832,1408.16,7.25074906116499,United Kingdom,At-Risk Customers,3452.677799634109
14528.0,7,1,364.21999999999997,278,15.444444444444445,36,20.234444444444442,45.0,13.119363875460275,18,18.0,1,0,0.0,0.0,0.0,United Kingdom,VIP Customers,80.89588250324056
14529.0,30,3,578.61,325,1.5258215962441315,9,2.7164788732394367,15.3,2.674584131978781,177,68.0,3,50,0.2347417840375587,0.0,0.0,United Kingdom,Regular Customers,430.2751201586731
14530.0,63,18,5588.83,2630,5.844444444444444,48,12.419622222222221,84.15,12.584559195557793,251,24.61111111111111,10,594,0.0,379.79,5.942248042068195,United Kingdom,Regular Customers,358.1987089486745
14531.0,450,1,376.34,260,8.96551724137931,24,12.977241379310344,22.5,4.305398518597424,29,29.0,1,0,0.0,0.0,0.0,United Kingdom,VIP Customers,9.990237049328897
14532.0,206,12,3833.03,1110,3.5238095238095237,32,12.168349206349207,135.0,15.508017521826721,209,26.083333333333332,8,462,0.9555555555555556,0.0,0.0,United Kingdom,Regular Customers,248.50501995160457
14533.0,30,14,3032.46,4673,52.50561797752809,1200,34.07258426966292,169.0,41.074367463953,71,6.357142857142857,6,550,0.2808988764044944,152.66,5.034742369439489,United Kingdom,Regular Customers,-40.305535180170324
14534.0,31,33,5090.58,2339,3.3510028653295127,100,7.2930945558739255,169.92,13.620667366399895,420,20.545454545454547,11,573,0.02005730659025788,612.39,6.419000948971456,United Kingdom,Regular Customers,736.3954326789858
14535.0,29,11,5815.13,3188,3.831730769230769,100,6.989338942307692,55.65,7.766084085132645,589,74.63636363636364,9,594,0.0,0.0,0.0,United Kingdom,Regular Customers,610.6098403180298
14536.0,230,1,170.95,39,2.1666666666666665,8,9.497222222222222,51.0,11.08981345281789,18,18.0,1,0,0.0,0.0,0.0,United Kingdom,VIP Customers,39.09632405714777
14537.0,28,3,635.45,227,9.458333333333334,24,26.477083333333336,54.24,15.511682968475496,23,8.0,3,565,0.0,0.0,0.0,United Kingdom,Regular Customers,-70.97968547600632
14538.0,35,5,1370.84,284,5.461538461538462,18,26.36230769230769,102.0,23.36995243733023,45,10.4,4,618,0.34615384615384615,0.0,0.0,United Kingdom,Regular Customers,-60.23084152170904
14539.0,15,1,72.13,53,7.571428571428571,12,10.304285714285713,15.0,4.30750452560357,7,7.0,1,0,0.0,465.35,6.144936425172872,United Kingdom,VIP Customers,55.093118864251636
14540.0,46,11,3385.01,1482,5.928,48,13.540040000000001,122.4,14.206323963666417,190,21.818181818181817,8,656,0.18,314.73,5.754887417973469,United Kingdom,Regular Customers,129.5845371230676
14541.0,29,14,2491.38,1123,6.417142857142857,30,14.236457142857143,90.0,14.49211497923711,99,11.857142857142858,8,642,0.0,0.0,0.0,United Kingdom,Regular Customers,68.58884759498267
14542.0,156,1,103.25,19,3.8,6,20.65,35.7,9.486174149782409,5,5.0,1,0,0.0,0.0,0.0,United Kingdom,VIP Customers,27.5034504329239
14543.0,44,47,11609.18,1983,7.656370656370656,150,44.8230888030888,510.0,100.5093450151953,103,5.404255319148936,12,664,0.04247104247104247,296.53,5.695515060237774,United Kingdom,Regular Customers,779.0329359767779
14544.0,331,2,2036.0,1712,13.169230769230769,144,15.661538461538461,103.68,17.211223733976322,111,60.5,2,108,0.0,902.53,6.806309313686902,United Kingdom,Regular Customers,347.4940404765041
14545.0,644,1,349.25,236,10.26086956521739,25,15.184782608695652,40.5,6.6035017360386625,23,23.0,1,0,0.0,0.0,0.0,United Kingdom,VIP Customers,-31.09821380796558
14546.0,11,18,4507.14,2393,3.1611624834874505,25,5.953949801849406,41.25,6.436594297523808,400,41.666666666666664,8,692,0.6023778071334214,480.83,6.1775913547429155,United Kingdom,Regular Customers,440.67481566697484
14547.0,3,2,944.95,501,3.5034965034965033,36,6.608041958041959,29.12,4.329960358069399,119,69.5,2,21,1.0,3009.0,8.009695357742922,United Kingdom,Regular Customers,396.7705740046358
14548.0,121,9,2541.29,986,8.963636363636363,128,23.102636363636364,326.4,55.96195173159773,66,11.444444444444445,6,582,0.4909090909090909,0.0,0.0,United Kingdom,Regular Customers,54.21226405764122
14549.0,281,4,913.6,394,2.7552447552447554,36,6.388811188811189,34.0,5.421664742196381,117,35.75,4,425,0.1888111888111888,0.0,0.0,United Kingdom,Regular Customers,63.41055384826362
14550.0,15,3,928.48,589,7.75,50,12.216842105263158,52.02,9.641287909890645,65,25.0,3,439,0.0,416.58,6.034476142701229,United Kingdom,Regular Customers,76.1145483806099
14551.0,174,8,795.84,435,5.576923076923077,50,10.203076923076923,62.5,12.585996475953237,68,9.5,4,477,0.8076923076923077,60.8,4.123903364463645,United Kingdom,Regular Customers,37.16375118620917
14552.0,122,3,507.93,258,1.6753246753246753,4,3.298246753246753,15.0,2.7557019041374042,124,51.333333333333336,3,440,0.0,0.0,0.0,United Kingdom,Regular Customers,102.32224443608354
14553.0,3,9,1651.62,929,3.6431372549019607,36,6.4769411764705875,165.0,13.330866086146179,206,27.333333333333332,6,476,0.8431372549019608,141.48,4.959201638981406,United Kingdom,Regular Customers,237.82947637599742
14554.0,22,1,334.93,224,4.666666666666667,24,6.977708333333333,22.88,5.149006613377956,47,47.0,1,0,0.0,1944.56,7.5733051323499785,United Kingdom,Regular Customers,358.0205216988512
14555.0,27,7,2294.88,839,7.050420168067227,48,19.28470588235294,60.84,13.616167410660557,95,16.285714285714285,6,664,0.0,0.0,0.0,United Kingdom,Regular Customers,-30.38983660372432
14556.0,566,3,815.69,323,1.6479591836734695,13,4.161683673469388,23.25,3.8949525156828795,158,65.33333333333333,3,92,0.0,0.0,0.0,United Kingdom,VIP Customers,50.5545112570162
14557.0,34,2,1.4210854715202004e-14,0,0.0,48,4.440892098500626e-16,102.0,59.39751205824767,16,16.0,2,21,0.0,0.0,0.0,United Kingdom,VIP Customers,31.19030584678788
14558.0,623,5,614.1,158,9.294117647058824,36,36.12352941176471,102.0,33.43987663351505,13,3.4,3,85,0.0,0.0,0.0,United Kingdom,VIP Customers,-87.67918698650723
14559.0,360,1,75.6,72,36.0,36,37.8,45.0,10.18233764908628,2,2.0,1,0,1.0,0.0,0.0,United Kingdom,VIP Customers,-52.85373921857985
14560.0,1,43,5851.96,4279,22.056701030927837,240,30.164742268041238,136.0,26.07510340936116,60,4.488372093023256,11,706,0.26288659793814434,198.48,5.295713980677922,United Kingdom,Regular Customers,466.5645881525543
14561.0,46,3,1080.76,1014,14.695652173913043,72,15.6631884057971,39.6,6.4672415459747015,67,23.0,2,108,0.4782608695652174,0.0,0.0,United Kingdom,Regular Customers,310.31516436040386
14562.0,8,23,5161.93,2032,3.88527724665392,24,9.869847036328872,90.0,12.405519225580637,229,22.08695652173913,9,632,0.26195028680688337,1146.07,7.044966144037897,United Kingdom,Regular Customers,401.29622593095473
14563.0,480,2,640.54,279,2.6320754716981134,48,6.042830188679245,31.9,6.306705087175377,95,51.5,2,82,0.19811320754716982,0.0,0.0,United Kingdom,VIP Customers,3.02330694467598
14564.0,397,5,2519.32,1284,11.36283185840708,48,22.29486725663717,76.5,16.585344063522953,108,22.6,2,308,0.0,0.0,0.0,Channel Islands,Regular Customers,262.74129295914247
14565.0,66,7,3833.87,1932,11.925925925925926,48,23.665864197530862,67.5,13.6612963584216,139,23.142857142857142,4,378,0.0,0.0,0.0,United Kingdom,Regular Customers,318.8955164425565
14566.0,81,4,4092.0,2400,150.0,200,255.75,358.0,104.51937619408184,9,4.0,3,423,0.25,0.0,0.0,Channel Islands,Regular Customers,125.96458563862225
14567.0,5,3,1524.46,410,12.058823529411764,24,44.83705882352941,153.0,30.35886217069845,33,11.333333333333334,3,95,0.0,0.0,0.0,United Kingdom,Regular Customers,308.571450842588
14568.0,394,2,909.5,633,13.1875,48,18.947916666666668,61.2,13.087056941771252,47,24.0,2,10,0.0,0.0,0.0,Channel Islands,VIP Customers,55.66167066039557
14569.0,423,3,369.94,178,8.090909090909092,32,16.815454545454546,97.5,23.358767442872843,21,7.333333333333333,3,150,0.0,227.39,5.431054693986231,United Kingdom,Regular Customers,135.08698955007492
14570.0,251,3,613.75,431,6.338235294117647,67,9.025735294117647,100.5,15.605253642357686,64,22.0,2,162,0.0,0.0,0.0,United Kingdom,VIP Customers,-4.27551643192011
14571.0,395,1,160.0,56,1.8666666666666667,6,5.333333333333333,19.9,5.226084004585893,30,30.0,1,0,1.0,0.0,0.0,United Kingdom,VIP Customers,-18.096344827058488
14572.0,10,14,5349.93,2859,5.6390532544378695,100,10.552130177514794,76.5,11.199036458006706,335,34.142857142857146,6,581,0.3826429980276134,135.05,4.913022465229256,United Kingdom,Regular Customers,475.3628271641479
14573.0,150,17,2113.42,677,2.142405063291139,48,6.688037974683544,44.85,7.156928707147241,183,18.352941176470587,6,520,0.23734177215189872,0.0,0.0,United Kingdom,Regular Customers,264.441813302637
14574.0,703,1,143.7,63,5.7272727272727275,24,13.063636363636363,44.25,15.687225549935382,11,11.0,1,0,0.0,0.0,0.0,United Kingdom,VIP Customers,-68.98861866592159
14575.0,458,1,420.22,163,2.263888888888889,12,5.836388888888889,39.0,5.462900819872363,71,71.0,1,0,1.0,0.0,0.0,United Kingdom,VIP Customers,33.23378899232148
14576.0,342,1,35.4,12,12.0,12,35.4,35.4,0.0,1,1.0,1,0,0.0,0.0,0.0,United Kingdom,VIP Customers,-15.768807921296201
14577.0,134,6,1151.08,496,3.3288590604026846,36,7.725369127516778,53.64,5.946799562095831,95,23.666666666666668,5,564,0.2550335570469799,213.07,5.366303064339131,United Kingdom,Regular Customers,-9.162216342482822
14579.0,402,1,105.56,56,2.24,5,4.2224,15.9,3.541811306850399,24,24.0,1,0,1.0,0.0,0.0,United Kingdom,VIP Customers,-27.92054667377198
14580.0,488,1,14.85,3,3.0,3,14.85,14.85,0.0,1,1.0,1,0,0.0,0.0,0.0,United Kingdom,VIP Customers,-43.52625745950223
14581.0,514,1,271.05,87,2.0232558139534884,4,6.303488372093024,25.5,5.503239255514246,43,43.0,1,0,1.0,138.6,4.938781190328272,United Kingdom,Regular Customers,225.98933548433024
14582.0,11,1,114.10999999999999,73,12.166666666666666,25,19.01833333333333,35.4,12.203352681401396,6,6.0,1,0,1.0,0.0,0.0,United Kingdom,VIP Customers,20.074135749248796
14583.0,114,7,1415.05,872,2.3253333333333335,36,3.7734666666666667,25.5,3.562038822136835,292,50.57142857142857,5,476,0.25333333333333335,245.24,5.506306670090569,United Kingdom,Regular Customers,267.9561329469591
14584.0,139,9,1725.16,956,4.365296803652968,24,7.87744292237443,63.8,6.5028102492524145,127,24.11111111111111,5,491,0.0,0.0,0.0,United Kingdom,Regular Customers,156.2357282148274
14585.0,20,5,1143.27,630,5.675675675675675,80,10.29972972972973,204.0,27.222217512354252,88,22.2,2,366,0.0,0.0,0.0,United Kingdom,Regular Customers,247.02259061858607
14586.0,197,3,134.16,236,8.74074074074074,48,4.9688888888888885,20.4,12.269613915727977,19,9.0,2,49,0.07407407407407407,0.0,0.0,United Kingdom,VIP Customers,-2.5525226758396116
14587.0,154,9,1449.78,714,2.028409090909091,36,4.118693181818181,38.25,4.239964722903167,166,38.666666666666664,6,147,0.0,127.61,4.856784569277996,United Kingdom,Regular Customers,374.76753132504393
14588.0,548,1,135.39,62,3.875,16,8.461875,27.04,7.786466223518855,16,16.0,1,0,0.0,0.0,0.0,United Kingdom,VIP Customers,-32.60282837884233
14589.0,342,1,39.75,5,1.6666666666666667,2,13.25,15.9,4.589934640057525,3,3.0,1,0,0.0,0.0,0.0,United Kingdom,VIP Customers,-13.732962931896111
14590.0,395,28,2871.04,878,4.064814814814815,48,13.291851851851852,100.8,20.297697619378344,124,7.642857142857143,10,307,0.0,0.0,0.0,United Kingdom,Regular Customers,409.0251322570691
14591.0,183,1,204.02,91,2.4594594594594597,40,5.514054054054054,50.0,8.270252065035214,33,33.0,1,0,0.0,1116.19,7.018571883082161,United Kingdom,Regular Customers,307.95695165596953
14592.0,5,3,557.94,407,2.5759493670886076,25,3.5312658227848104,14.95,3.020244165726989,132,52.333333333333336,2,28,0.0,0.0,0.0,United Kingdom,VIP Customers,190.12281794735725
14593.0,169,17,3291.13,1623,3.050751879699248,36,6.186334586466166,75.0,7.625215498476018,370,29.352941176470587,6,531,0.10526315789473684,277.56,5.629633476019879,United Kingdom,Regular Customers,501.53050476526255
14594.0,343,1,255.0,146,4.709677419354839,12,8.225806451612904,17.0,3.8879701423695354,31,31.0,1,0,0.0,108.33,4.694370831446394,United Kingdom,Regular Customers,274.7970816571161
14595.0,26,6,1956.92,1157,9.330645161290322,36,15.781612903225808,59.0,8.550114855606308,112,20.666666666666668,3,632,0.23387096774193547,207.53,5.3400829157805045,United Kingdom,Regular Customers,71.11550591528913
14596.0,597,1,222.22,75,1.4150943396226414,6,4.192830188679245,39.95,5.493057288473854,50,50.0,1,0,0.0,0.0,0.0,United Kingdom,VIP Customers,10.574009031384406
14597.0,162,5,1483.49,988,19.372549019607842,84,29.088039215686276,122.4,33.026545142936634,44,9.0,3,245,0.0,701.14,6.554132814341683,United Kingdom,Regular Customers,210.6065265321033
14598.0,14,3,221.97,189,1.4538461538461538,25,1.7074615384615384,14.85,4.686174174097899,83,43.0,2,525,0.0,0.0,0.0,United Kingdom,Regular Customers,37.565151267615164
14599.0,360,2,457.89,292,3.6962025316455698,12,5.796075949367088,23.4,5.057393272438525,77,38.5,2,118,1.0,0.0,0.0,United Kingdom,VIP Customers,-43.05601185669299
14600.0,276,2,865.17,487,9.018518518518519,36,16.021666666666665,30.0,4.798467031152408,53,27.0,2,87,0.0,0.0,0.0,United Kingdom,VIP Customers,11.247940414321505
14602.0,626,1,205.36,80,2.5806451612903225,6,6.6245161290322585,22.5,4.314390523746993,31,31.0,1,0,1.0,0.0,0.0,United Kingdom,VIP Customers,-58.26833741255351
14603.0,245,1,660.0,400,200.0,200,330.0,510.0,254.55844122715712,2,2.0,1,0,0.0,0.0,0.0,United Kingdom,VIP Customers,-40.923671335257836
14604.0,603,1,143.85999999999999,88,3.8260869565217392,27,6.254782608695652,39.15,7.827018397579466,20,20.0,1,0,0.0,0.0,0.0,United Kingdom,VIP Customers,-35.299503695384715
14605.0,344,4,921.56,416,3.8518518518518516,25,8.532962962962962,51.0,10.27268133415069,88,26.0,3,357,0.0,0.0,0.0,United Kingdom,Regular Customers,107.67750669877964
14606.0,2,248,27966.39,14238,2.308740068104427,100,4.534845143505756,139.3,7.286007370993433,1247,24.637096774193548,12,704,0.20366466677476894,1231.2,7.1165564685804705,United Kingdom,At-Risk Customers,5342.223841579374
14607.0,6,23,15331.76,9250,43.22429906542056,720,71.64373831775701,1293.6,201.22009655196447,100,9.26086956521739,8,688,0.056074766355140186,3039.3,8.019711473741827,United Kingdom,Regular Customers,848.9803602076258
14608.0,56,10,2279.24,673,21.03125,48,71.22625,204.0,67.91824799926985,15,3.2,6,647,0.125,994.2,6.902943721984915,United Kingdom,Regular Customers,-56.06686625472824
14609.0,42,11,1366.2,10320,737.1428571428571,3186,97.58571428571429,264.0,99.23690455860473,6,1.2727272727272727,6,596,0.07142857142857142,0.0,0.0,United Kingdom,Regular Customers,-470.4320697047888
14610.0,366,2,24.35,15,1.5,6,2.435,5.1,1.7371832245205328,10,5.0,2,118,0.0,0.0,0.0,United Kingdom,VIP Customers,-101.8487879575301
14611.0,409,3,599.38,581,14.897435897435898,48,15.368717948717949,39.6,8.568197679266342,37,13.0,2,159,0.02564102564102564,0.0,0.0,United Kingdom,VIP Customers,-71.4140393217595
14612.0,385,1,877.7,134,9.571428571428571,12,62.69285714285714,107.4,36.62681792360335,14,14.0,1,0,0.0,0.0,0.0,United Kingdom,VIP Customers,14.096134157216653
14613.0,650,1,76.32,72,72.0,72,76.32,76.32,0.0,1,1.0,1,0,0.0,0.0,0.0,United Kingdom,VIP Customers,-75.6792977511601
14614.0,356,1,295.13,189,9.947368421052632,25,15.533157894736842,25.5,4.021905370221624,19,19.0,1,0,0.0,0.0,0.0,United Kingdom,VIP Customers,12.364853878052003
14615.0,364,6,934.26,481,9.431372549019608,25,18.318823529411766,51.0,10.544631363316372,40,8.5,4,153,0.0,0.0,0.0,United Kingdom,VIP Customers,-50.822731406224534
14616.0,213,5,527.78,170,34.0,50,105.556,237.6,92.21506211026482,3,1.0,5,306,0.0,0.0,0.0,United Kingdom,Regular Customers,17.458558212221504
14617.0,373,2,190.47,81,9.0,32,21.163333333333334,54.08,13.409975764333058,7,4.5,2,13,0.0,0.0,0.0,United Kingdom,VIP Customers,-30.001992954526656
14618.0,308,7,968.88,528,12.571428571428571,96,23.068571428571428,102.0,21.793373749211533,35,6.0,5,209,0.047619047619047616,341.64,5.8366803333071156,United Kingdom,Regular Customers,144.47647258086775
14619.0,209,3,1276.31,587,9.46774193548387,32,20.585645161290323,88.0,14.750522704933093,58,20.666666666666668,2,302,0.0,0.0,0.0,United Kingdom,Regular Customers,171.78152127695697
14620.0,174,3,393.28000000000003,188,6.266666666666667,36,13.109333333333334,30.0,9.89649256340201,26,10.0,2,79,0.0,0.0,0.0,United Kingdom,VIP Customers,0.6834838649832591
14621.0,97,14,2092.82,1088,8.059259259259258,24,15.502370370370372,99.5,14.248073355349279,105,9.642857142857142,5,611,0.1259259259259259,785.45,6.667529147686651,United Kingdom,Regular Customers,151.8981397840201
14622.0,155,1,320.58,146,6.9523809523809526,24,15.265714285714285,23.6,5.071507242850563,21,21.0,1,0,0.0,0.0,0.0,United Kingdom,VIP Customers,51.395643441270266
14623.0,2,12,1988.23,1020,3.5789473684210527,48,6.976245614035088,60.0,8.092321147802998,193,23.666666666666668,6,569,0.0,0.0,0.0,United Kingdom,Regular Customers,210.91128489605492
14624.0,27,6,814.07,645,12.647058823529411,48,15.962156862745099,44.55,5.991391262044397,39,8.5,3,547,0.0,0.0,0.0,United Kingdom,Regular Customers,16.54792155393065
14625.0,155,18,4429.18,2144,7.796363636363636,60,16.106109090909094,102.0,9.29102497168919,167,15.277777777777779,9,543,0.0,0.0,0.0,United Kingdom,Regular Customers,283.22918162757975
14626.0,27,13,4769.65,2910,13.923444976076555,72,22.821291866028705,187.5,24.08916812426723,155,16.076923076923077,9,671,0.05263157894736842,605.12,6.407077986267962,United Kingdom,Regular Customers,176.9796038575949
14627.0,282,3,406.4,269,6.897435897435898,25,10.42051282051282,39.6,10.784984188241575,32,13.0,3,416,0.0,0.0,0.0,United Kingdom,VIP Customers,-258.0263099422169
14628.0,61,5,1998.0,1147,13.337209302325581,36,23.232558139534884,70.8,13.777656608227215,65,17.2,4,592,0.0,0.0,0.0,United Kingdom,Regular Customers,12.712753884452894
14629.0,6,2,583.38,210,2.5,25,6.945,29.7,6.5908566640661395,82,41.5,2,11,0.9880952380952381,352.08,5.8666946601520324,United Kingdom,Regular Customers,346.80307472052823
14630.0,454,1,338.65,111,5.285714285714286,12,16.126190476190477,22.95,3.7764606130482488,21,21.0,1,0,0.0,0.0,0.0,United Kingdom,VIP Customers,-3.261453023166098
14631.0,21,7,2023.17,1395,15.16304347826087,72,21.990978260869564,111.0,19.709673870651297,65,13.142857142857142,5,436,0.0,0.0,0.0,United Kingdom,Regular Customers,137.25420595897305
14632.0,233,1,114.56,96,12.0,48,14.32,19.8,5.252210419024955,8,8.0,1,0,0.0,0.0,0.0,United Kingdom,VIP Customers,8.173647900372089
14633.0,236,1,344.9,96,4.8,12,17.244999999999997,27.0,3.7524342976119844,20,20.0,1,0,0.0,0.0,0.0,United Kingdom,VIP Customers,37.9054834838378
14634.0,408,7,1971.82,1850,15.677966101694915,120,16.710338983050846,127.2,17.264355202783243,105,16.857142857142858,5,147,0.0,0.0,0.0,United Kingdom,Regular Customers,301.4475527944345
14635.0,424,1,215.22,118,7.866666666666666,30,14.348,25.5,4.607322122758203,15,15.0,1,0,1.0,0.0,0.0,United Kingdom,VIP Customers,-44.73267884264192
14636.0,6,2,609.85,241,8.607142857142858,24,21.780357142857145,42.96,8.422267875342197,27,14.0,2,232,0.0,0.0,0.0,United Kingdom,Regular Customers,174.55955476151405
14637.0,647,1,106.67999999999999,100,14.285714285714286,24,15.239999999999998,20.4,5.316690700050175,7,7.0,1,0,1.0,0.0,0.0,United Kingdom,VIP Customers,-99.70927033588413
14638.0,21,1,443.6,166,10.375,24,27.725,57.8,15.240436126743006,16,16.0,1,0,0.0,0.0,0.0,United Kingdom,VIP Customers,78.03131438606266
14639.0,22,11,4946.81,2407,8.159322033898306,48,16.76884745762712,60.0,6.217027147944936,203,26.818181818181817,6,609,0.0,0.0,0.0,United Kingdom,Regular Customers,283.20669562252573
14640.0,29,14,3194.66,1403,7.015,36,15.9733,53.55,11.221247976081072,149,14.285714285714286,8,626,0.0,251.67,5.532084289499378,United Kingdom,Regular Customers,138.24062955216488
14642.0,29,1,96.11999999999999,76,38.0,72,48.059999999999995,76.32,39.96567527266366,2,2.0,1,0,0.0,0.0,0.0,United Kingdom,VIP Customers,29.454621601654907
14643.0,140,6,1654.69,1317,20.26153846153846,48,25.456769230769233,139.8,24.574670592126736,57,10.833333333333334,4,558,0.0,0.0,0.0,United Kingdom,Regular Customers,38.33763397012345
14644.0,30,11,2088.42,756,10.647887323943662,48,29.4143661971831,350.4,50.482719581835816,50,6.454545454545454,4,676,0.0,-10.95,,United Kingdom,Regular Customers,106.2604846309057
14645.0,127,4,840.24,574,10.62962962962963,48,15.56,102.0,16.385082377830813,45,13.5,2,477,0.0,0.0,0.0,United Kingdom,Regular Customers,61.59538887104529
14646.0,7,151,490725.55,341034,92.92479564032698,2400,133.71268392370573,4992.0,163.8970904363234,934,24.28476821192053,12,699,0.02806539509536785,32616.52,10.392604846307494,Netherlands,At-Risk Customers,24592.720338546787
14647.0,171,2,506.03999999999996,175,3.6458333333333335,20,10.542499999999999,99.0,16.52658058878021,42,21.0,2,322,1.0,0.0,0.0,United Kingdom,Regular Customers,80.10318063847419
14648.0,374,19,4378.0,3224,7.3106575963718825,432,9.927437641723357,155.52,14.600143866393855,286,21.842105263157894,10,325,0.0,0.0,0.0,United Kingdom,Regular Customers,434.9017597218527
14649.0,42,10,3122.63,2065,4.609375,144,6.9701562500000005,81.6,9.90246310726497,333,42.7,5,616,0.078125,507.41,6.23128820867339,United Kingdom,Regular Customers,336.7409032055299
14650.0,559,1,62.5,22,5.5,10,15.625,19.5,4.548351349665063,4,4.0,1,0,0.0,0.0,0.0,United Kingdom,VIP Customers,-53.83947926546841
14651.0,37,9,2025.52,880,3.1095406360424027,36,7.157314487632509,178.2,12.248288715179449,216,30.88888888888889,6,564,0.0,0.0,0.0,United Kingdom,Regular Customers,224.59837769994968
14652.0,47,1,114.18,53,1.8275862068965518,12,3.937241379310345,22.5,4.269149209780499,29,29.0,1,0,0.0,0.0,0.0,United Kingdom,VIP Customers,80.22427300556524
14653.0,2,9,2898.23,1647,5.508361204013378,72,9.693076923076923,178.31,15.651695339829532,246,33.0,6,705,0.24414715719063546,694.83,6.545105377626265,United Kingdom,Regular Customers,186.16403706956777
14654.0,708,1,246.86,273,10.11111111111111,48,9.142962962962963,27.6,7.493634126487123,27,27.0,1,0,0.0,0.0,0.0,United Kingdom,VIP Customers,-49.00884187415568
14655.0,41,9,3110.25,1998,22.96551724137931,100,35.75,179.0,39.66851947337211,64,9.666666666666666,5,525,0.16091954022988506,718.98,6.579223433846513,United Kingdom,Regular Customers,143.66202538426
14656.0,139,5,790.0,309,1.4927536231884058,8,3.816425120772947,17.0,3.1945502399979153,148,39.4,5,434,0.0,0.0,0.0,United Kingdom,Regular Customers,106.88159068351285
14657.0,125,6,1230.96,751,4.242937853107344,24,6.954576271186441,29.7,5.348546952858667,132,28.333333333333332,5,279,0.0,209.28,5.348439975951247,United Kingdom,Regular Customers,231.94493160229567
14658.0,87,1,123.14,23,1.6428571428571428,3,8.795714285714286,39.95,9.799554710672957,14,14.0,1,0,1.0,124.01,4.828393734102471,United Kingdom,Regular Customers,269.7411080928263
14659.0,6,11,2307.13,1107,4.690677966101695,24,9.775974576271187,29.75,7.045401661940522,141,21.363636363636363,8,279,0.2330508474576271,149.4,5.0132984115157395,United Kingdom,Regular Customers,284.2692077016678
14660.0,57,2,285.74,228,7.6,24,9.524666666666667,81.36,15.71532586765024,24,15.0,2,14,0.0,0.0,0.0,United Kingdom,VIP Customers,68.79814000550658
14662.0,205,6,1147.34,651,3.875,36,6.829404761904762,45.0,7.0702325891816935,139,27.166666666666668,5,501,0.0,229.09,5.438470536731441,United Kingdom,Regular Customers,70.54840480994915
14663.0,400,2,490.6,397,5.838235294117647,36,7.214705882352941,45.0,7.819459742109577,60,31.5,1,0,0.0,0.0,0.0,United Kingdom,VIP Customers,75.31568505203853
14664.0,3,1,387.39,301,4.630769230769231,24,5.959846153846153,19.9,5.086969718158496,64,64.0,1,0,1.0,248.85,5.520860737790214,United Kingdom,VIP Customers,104.944176413721
14665.0,31,9,2172.33,904,5.685534591194968,64,13.662452830188679,163.2,22.201733445750996,94,17.666666666666668,4,532,0.1509433962264151,0.0,0.0,United Kingdom,Regular Customers,164.7187298595968
14667.0,1,58,19087.27,10983,9.099420049710025,264,15.813811101905552,170.0,15.942614365074354,540,20.551724137931036,12,706,0.06379453189726594,1101.52,7.005353747746032,United Kingdom,Regular Customers,1646.2175748646957
14668.0,415,1,111.63,49,4.083333333333333,12,9.3025,39.75,14.401293581417674,10,10.0,1,0,0.0,0.0,0.0,United Kingdom,VIP Customers,-13.174815456782
14669.0,212,7,3216.7799999999997,2043,5.27906976744186,48,8.312093023255814,35.4,5.98175321412045,334,53.57142857142857,5,495,0.0,0.0,0.0,United Kingdom,Regular Customers,357.7315587862404
14670.0,250,3,583.33,423,2.363128491620112,15,3.2588268156424585,18.75,2.717055839715263,159,58.0,2,452,0.0,0.0,0.0,United Kingdom,Regular Customers,135.67565275887785
14671.0,519,2,1127.45,571,10.381818181818181,60,20.49909090909091,70.8,14.128935016971544,48,26.5,2,18,0.0,0.0,0.0,United Kingdom,VIP Customers,17.66091950357574
14672.0,205,4,1113.14,646,6.09433962264151,42,10.501320754716982,45.0,9.835428291008235,93,26.25,3,445,0.0,0.0,0.0,United Kingdom,Regular Customers,83.62908382642723
14673.0,8,4,1979.09,1237,11.560747663551401,48,18.496168224299065,75.6,9.307500692519174,77,26.75,3,372,0.0,1058.23,6.965297508044488,United Kingdom,Regular Customers,199.6674808822996
14674.0,479,1,173.66,103,7.357142857142857,12,12.404285714285715,25.5,5.31147482674679,14,14.0,1,0,1.0,0.0,0.0,United Kingdom,VIP Customers,-52.94918900892927
14675.0,359,1,419.22,324,2.6129032258064515,25,3.3808064516129033,17.0,3.142625797851837,114,114.0,1,0,0.0,596.36,6.392519946727447,United Kingdom,Regular Customers,377.9445991854069
14676.0,1,16,8285.49,8744,62.457142857142856,432,59.182071428571426,178.2,37.73311839400328,77,8.75,8,608,0.03571428571428571,0.0,0.0,United Kingdom,Regular Customers,345.7340857038105
14677.0,563,1,184.91,139,9.928571428571429,24,13.207857142857142,20.4,4.784578075717582,14,14.0,1,0,0.0,0.0,0.0,United Kingdom,VIP Customers,-38.24173341066228
14678.0,541,2,386.44,178,7.12,12,15.4576,45.0,9.860793274377068,24,12.5,1,7,0.96,0.0,0.0,United Kingdom,VIP Customers,-32.90595673342631
14679.0,342,5,1272.95,789,11.776119402985074,96,18.999253731343284,81.6,14.00870014447005,49,13.4,3,359,0.0,0.0,0.0,United Kingdom,Regular Customers,88.87397346815925
14680.0,42,86,51912.42,25082,17.51536312849162,300,36.25168994413408,622.5,64.46642741728849,222,16.511627906976745,12,664,0.0,1167.6,7.063561730120337,United Kingdom,Regular Customers,3117.672094481422
14681.0,41,6,875.15,172,8.6,40,43.7575,340.0,73.84768156393551,19,3.3333333333333335,5,582,0.0,0.0,0.0,United Kingdom,Regular Customers,-30.466858103647354
14682.0,158,6,1514.81,949,11.034883720930232,48,17.61406976744186,34.8,5.978725887857216,79,14.333333333333334,5,484,0.023255813953488372,0.0,0.0,United Kingdom,Regular Customers,38.85158048959593
14683.0,558,1,146.56,386,18.38095238095238,80,6.979047619047619,12.8,3.0075303901405634,21,21.0,1,0,0.0,0.0,0.0,United Kingdom,VIP Customers,-36.33732139576961
14684.0,10,5,1116.9,758,1.8762376237623761,24,2.7646039603960397,30.0,2.8160692016480415,255,80.0,5,349,0.8985148514851485,313.13,5.749806912967481,United Kingdom,Regular Customers,288.5605149047236
14685.0,546,13,4241.16,1909,9.739795918367347,108,21.638571428571428,238.8,34.86164962188356,110,14.461538461538462,5,150,0.6020408163265306,0.0,0.0,United Kingdom,Regular Customers,441.52555405765463
14686.0,384,6,844.58,456,2.0727272727272728,24,3.839,35.4,4.106641229981117,185,35.5,2,245,0.0,0.0,0.0,United Kingdom,Regular Customers,324.02631905955957
14687.0,77,3,1402.06,850,21.25,144,35.0515,120.0,28.162131379676392,34,13.333333333333334,3,445,0.25,0.0,0.0,United Kingdom,Regular Customers,23.620549663008973
14688.0,10,31,6060.8,4362,9.241525423728813,120,12.840677966101696,153.0,19.80803750647341,167,15.096774193548388,12,416,0.04449152542372881,606.13,6.408742936168337,United Kingdom,Regular Customers,607.8449039457535
14689.0,179,1,112.8,76,5.846153846153846,24,8.676923076923076,30.0,6.9374771886896855,13,13.0,1,0,1.0,0.0,0.0,United Kingdom,VIP Customers,-0.2785059170309694
14690.0,14,5,764.59,334,3.121495327102804,18,7.145700934579439,53.7,7.3314167737018,69,21.4,3,366,0.0,0.0,0.0,United Kingdom,Regular Customers,159.66241286146146
14691.0,1,5,2114.33,707,9.95774647887324,36,29.779295774647885,122.04,24.478897753192804,50,14.2,3,182,0.4084507042253521,0.0,0.0,United Kingdom,Regular Customers,300.89567015224884
14692.0,107,13,1705.64,880,5.5,100,10.660250000000001,72.0,10.524633574941815,101,11.846153846153847,8,480,0.075,0.0,0.0,United Kingdom,Regular Customers,98.71029575859342
14693.0,234,8,1139.8600000000001,386,5.078947368421052,25,14.998157894736844,127.5,25.99962157214479,43,9.5,5,261,0.5657894736842105,0.0,0.0,United Kingdom,Regular Customers,157.79349566274684
14694.0,587,1,244.31,193,12.866666666666667,72,16.287333333333333,35.4,6.426813770298252,15,15.0,1,0,0.0,0.0,0.0,United Kingdom,VIP Customers,-47.22360219594344
14695.0,489,4,1466.72,607,6.670329670329671,48,16.1178021978022,153.0,22.593774944154557,85,22.5,2,213,0.0,0.0,0.0,United Kingdom,VIP Customers,-4.865816123958723
14696.0,41,9,2164.7599999999998,1672,12.204379562043796,48,15.801167883211678,51.0,8.078965886949291,122,15.222222222222221,7,350,0.11678832116788321,300.54,5.708902677350773,United Kingdom,Regular Customers,220.04251304316196
14697.0,188,2,188.61,181,8.227272727272727,48,8.57318181818182,39.84,7.998398879277943,22,11.0,1,0,0.0,0.0,0.0,United Kingdom,VIP Customers,57.04723499171416
14698.0,18,2,611.77,291,3.779220779220779,16,7.945064935064935,19.8,3.939272115297385,71,38.0,1,3,0.23376623376623376,605.5,6.407704728384105,United Kingdom,Regular Customers,394.0536666324766
14699.0,184,4,702.6,484,9.68,16,14.052,35.4,5.496193116649942,45,12.5,4,311,0.0,0.0,0.0,United Kingdom,Regular Customers,92.53509864222437
14700.0,2,5,3076.06,1606,9.616766467065869,72,18.419520958083833,76.2,14.068496070897105,111,33.0,5,453,0.0,0.0,0.0,United Kingdom,Regular Customers,169.88778220291897
14701.0,143,16,3839.3,1466,2.8355899419729207,36,7.426112185686654,323.55,16.80162599905724,377,31.4375,7,511,0.2205029013539652,584.66,6.3727394164149285,United Kingdom,Regular Customers,573.5493027732748
14702.0,3,29,5855.2,2653,4.224522292993631,40,9.323566878980891,59.85,7.842214600533139,327,21.586206896551722,11,696,0.15764331210191082,455.08,6.122668232723327,United Kingdom,Regular Customers,512.8151218140953
14704.0,9,8,1366.97,953,2.722857142857143,28,3.9056285714285717,29.9,3.2296270029181233,262,40.375,5,584,0.17142857142857143,385.95,5.9582954857164685,United Kingdom,Regular Customers,207.42496495553883
14705.0,169,1,179.0,100,100.0,100,179.0,179.0,0.0,1,1.0,1,0,0.0,0.0,0.0,United Kingdom,VIP Customers,15.875557230679846
14706.0,589,1,367.54,246,9.84,36,14.701600000000001,44.25,10.691407250685009,25,25.0,1,0,0.0,0.0,0.0,United Kingdom,VIP Customers,-20.814735282407696
14707.0,406,2,139.2,96,48.0,48,69.6,69.6,0.0,1,1.0,2,141,0.0,0.0,0.0,United Kingdom,VIP Customers,-132.06091222073871
14708.0,124,5,1338.33,942,33.642857142857146,192,47.7975,162.72,51.74263473262716,14,5.6,4,301,0.0,425.19,6.054885256226418,United Kingdom,Regular Customers,93.08630473093731
14709.0,1,26,8554.48,3988,11.426934097421203,48,24.511404011461316,64.5,12.798657527933944,105,13.423076923076923,12,703,0.22636103151862463,312.0,5.746203190540153,United Kingdom,Regular Customers,319.2084326650248
14710.0,10,11,1619.54,969,2.691666666666667,36,4.498722222222222,29.7,4.138178656935835,254,31.272727272727273,8,695,0.09722222222222222,280.25,5.63924395351863,United Kingdom,Regular Customers,94.69957652545875
14711.0,61,10,2325.03,783,2.868131868131868,100,8.516593406593408,195.0,19.866714526389213,177,26.9,6,171,0.1282051282051282,483.99,6.184128272168217,United Kingdom,Regular Customers,448.89563534848844
14712.0,45,3,832.47,291,10.777777777777779,48,30.832222222222224,67.5,25.404980937018163,24,9.0,3,343,0.7407407407407407,495.6,6.207784873074067,United Kingdom,Regular Customers,50.20087340009127
14713.0,69,23,4436.77,2941,4.743548387096774,40,7.156080645161291,102.0,7.8029754458999685,209,26.82608695652174,10,636,0.0,632.59,6.451402057547384,United Kingdom,Regular Customers,356.6806113680227
14714.0,370,6,736.21,408,4.636363636363637,24,8.366022727272728,25.5,6.378700826137138,59,14.333333333333334,4,287,0.0,160.19,5.08258379340884,United Kingdom,Regular Customers,111.82503995269406
14715.0,65,7,1552.82,806,7.008695652173913,192,13.502782608695652,163.2,19.593509601522598,87,16.142857142857142,5,594,0.0,272.63,5.611776828860177,United Kingdom,Regular Customers,6.693151267819161
14716.0,13,3,543.28,643,6.697916666666667,120,5.659166666666667,50.4,6.407107018840654,85,30.666666666666668,3,401,0.0,0.0,0.0,United Kingdom,Regular Customers,98.34795748394365
14717.0,703,2,72.8,30,2.5,6,6.066666666666666,14.85,5.985981097278013,12,6.0,1,0,1.0,0.0,0.0,United Kingdom,VIP Customers,-89.78425771889908
14718.0,380,1,226.42,202,18.363636363636363,48,20.583636363636362,40.8,10.107484625491422,11,11.0,1,0,0.0,0.0,0.0,United Kingdom,VIP Customers,-6.7950759656172295
14719.0,30,4,778.05,559,4.203007518796992,25,5.85,30.0,5.543477603399687,117,32.75,3,189,0.0,793.84,6.678140836537615,United Kingdom,Regular Customers,304.8040940622898
14720.0,59,2,401.13,147,6.681818181818182,24,18.23318181818182,60.0,10.176122091568617,22,11.0,2,37,0.5909090909090909,262.68,5.574736246721107,United Kingdom,Regular Customers,268.3409149414982
14721.0,349,1,109.07,57,2.28,12,4.3628,10.2,2.9317465215578697,24,24.0,1,0,0.0,0.0,0.0,United Kingdom,VIP Customers,12.764747444350121
14722.0,117,3,489.52,214,2.4597701149425286,24,5.626666666666666,30.0,4.803126565707129,72,29.0,2,339,0.0,0.0,0.0,United Kingdom,Regular Customers,140.83474701777837
14723.0,6,10,1492.3899999999999,991,2.775910364145658,36,4.180364145658263,35.4,4.428803974247038,258,33.9,5,699,0.2913165266106443,310.67,5.74194493575055,United Kingdom,Regular Customers,155.50162626449637
14724.0,560,1,341.9,184,4.487804878048781,24,8.339024390243901,39.9,7.738076894448016,40,40.0,1,0,0.0,0.0,0.0,United Kingdom,VIP Customers,4.7518475526958355
14725.0,365,4,546.76,723,13.145454545454545,72,9.941090909090908,40.8,10.85205300131889,41,13.0,2,140,0.0,655.58,6.487044544658406,United Kingdom,Regular Customers,212.11575517272692
14726.0,625,1,116.5,82,5.466666666666667,24,7.766666666666667,30.0,8.681809115835796,15,15.0,1,0,0.0,0.0,0.0,United Kingdom,VIP Customers,-49.386134422217765
14727.0,244,4,291.13,76,1.0704225352112675,120,4.100422535211267,50.85,13.047565775885415,43,17.5,2,272,0.0,0.0,0.0,United Kingdom,Regular Customers,117.59251728374954
14728.0,383,1,190.57999999999998,68,4.857142857142857,12,13.612857142857141,29.85,6.01852196086436,14,14.0,1,0,0.0,0.0,0.0,United Kingdom,VIP Customers,-0.7653645179311184
14729.0,344,3,586.24,372,2.8181818181818183,16,4.441212121212121,19.9,3.8662288133404443,126,42.666666666666664,2,251,0.0,0.0,0.0,United Kingdom,Regular Customers,216.1984635182242
14730.0,35,7,1669.38,901,2.263819095477387,25,4.194422110552764,35.4,4.187413194584447,277,53.857142857142854,5,211,0.0,228.19,5.434551353871315,United Kingdom,Regular Customers,469.936913123256
14731.0,17,3,380.02,256,5.688888888888889,32,8.444888888888888,24.9,6.564212070081991,38,14.666666666666666,2,165,0.3333333333333333,0.0,0.0,United Kingdom,Regular Customers,223.15654585969358
14732.0,1,22,4989.66,2111,7.966037735849056,96,18.82890566037736,120.0,13.719168488839156,157,12.045454545454545,11,699,0.0,457.86,6.128745152642016,United Kingdom,Regular Customers,213.34999885619948
14733.0,81,16,13671.52,5643,17.689655172413794,80,42.85742946708464,204.0,36.022008117861496,137,19.875,9,291,0.0219435736677116,529.26,6.273367452295723,United Kingdom,Regular Customers,743.4292753240755
14734.0,386,5,1045.47,377,5.890625,24,16.33546875,35.4,6.297611018369622,48,12.8,4,134,0.40625,0.0,0.0,United Kingdom,VIP Customers,-65.65167405792857
14735.0,52,53,10191.27,3726,11.089285714285714,96,30.331160714285716,244.8,27.109107873434283,184,6.339622641509434,12,654,0.1488095238095238,1718.44,7.449753935399021,United Kingdom,Regular Customers,913.179791104137
14736.0,455,2,374.05,148,1.6818181818181819,8,4.250568181818182,25.5,4.634927954642132,70,43.0,1,0,0.0,0.0,0.0,United Kingdom,VIP Customers,70.45564169184493
14737.0,99,3,3471.37,1029,23.930232558139537,50,80.72953488372093,306.0,63.01473965719632,28,14.333333333333334,3,271,0.0,82.8,4.428433007488037,United Kingdom,Regular Customers,254.93626056805084
14738.0,9,12,1763.64,727,8.759036144578314,48,21.24867469879518,88.8,16.345646677183733,59,6.833333333333333,8,693,0.0,0.0,0.0,United Kingdom,Regular Customers,-67.74872451781093
14739.0,36,25,10513.95,9095,39.54347826086956,432,45.712826086956525,184.32,38.23154426248715,125,9.2,11,671,0.034782608695652174,1041.74,6.949607143004697,United Kingdom,Regular Customers,468.43303750651523
14740.0,161,13,4068.86,2059,8.65126050420168,60,17.09605042016807,87.45,10.968499562257184,173,18.307692307692307,7,461,0.08403361344537816,0.0,0.0,United Kingdom,Regular Customers,300.02661074765706
14741.0,24,6,1481.1399999999999,840,12.727272727272727,144,22.441515151515148,93.6,14.87192204663894,44,11.0,4,363,0.19696969696969696,231.95,5.450823838262806,United Kingdom,Regular Customers,120.34239950233433
14742.0,405,1,579.85,374,11.0,48,17.054411764705883,40.8,6.1755550314545875,34,34.0,1,0,0.0,0.0,0.0,United Kingdom,VIP Customers,30.836364006161375
14743.0,563,1,50.480000000000004,40,13.333333333333334,16,16.826666666666668,20.28,5.5708287833439405,3,3.0,1,0,0.0,0.0,0.0,United Kingdom,VIP Customers,-56.21478138396418
14744.0,30,16,3507.82,2323,19.854700854700855,250,29.981367521367524,362.5,46.6764958925091,57,7.3125,7,510,0.0,88.2,4.490881039585964,United Kingdom,Regular Customers,250.02092897233626
14745.0,83,17,2471.06,1945,13.321917808219178,96,16.925068493150686,70.8,11.51271238879008,74,8.588235294117647,6,524,0.0547945205479452,0.0,0.0,United Kingdom,Regular Customers,208.71029882748437
14746.0,376,4,593.5,398,44.22222222222222,120,65.94444444444444,174.0,49.95831039754825,7,2.25,1,17,0.0,0.0,0.0,United Kingdom,VIP Customers,35.2230180600873
14747.0,218,2,294.3,82,4.315789473684211,12,15.489473684210527,33.9,13.142272538848829,18,9.5,1,1,0.0,0.0,0.0,United Kingdom,VIP Customers,48.417306635749355
14748.0,94,15,1904.85,1828,10.505747126436782,100,10.947413793103447,39.6,14.918289495815689,121,11.6,8,615,0.0,296.98,5.697026370159193,United Kingdom,Regular Customers,77.20351029740459
14749.0,450,1,310.15,403,22.38888888888889,50,17.230555555555554,30.0,5.700596947299077,18,18.0,1,0,0.0,0.0,0.0,United Kingdom,VIP Customers,-5.060669620359448
14750.0,706,1,112.03,65,2.03125,25,3.5009375,10.5,2.9777653012815044,32,32.0,1,0,0.0,0.0,0.0,United Kingdom,VIP Customers,-48.582427770073764
14751.0,654,2,126.44999999999999,65,9.285714285714286,24,18.064285714285713,29.7,7.543800671506941,7,3.5,2,41,1.0,0.0,0.0,United Kingdom,VIP Customers,-141.34998156279937
14752.0,14,1,389.64,260,52.0,144,77.928,208.8,74.02276622769512,5,5.0,1,0,0.0,0.0,0.0,United Kingdom,VIP Customers,51.71476683543369
14753.0,57,2,869.51,412,8.583333333333334,36,18.114791666666665,35.4,5.841803856352874,45,24.0,1,373,0.375,0.0,0.0,United Kingdom,Regular Customers,111.40952501345652
14754.0,15,7,1543.73,1008,7.357664233576642,25,11.268102189781022,35.7,6.5283791715193376,110,19.571428571428573,5,646,0.2116788321167883,0.0,0.0,United Kingdom,Regular Customers,6.264328286675806
14755.0,10,28,8456.36,3683,8.585081585081586,32,19.711794871794872,81.6,11.209668923674101,209,15.321428571428571,12,695,0.20512820512820512,1395.09,7.241430751158262,United Kingdom,Regular Customers,454.1676443634258
14756.0,344,3,1874.5,1003,11.94047619047619,36,22.31547619047619,89.7,17.80575150105995,68,28.0,2,50,0.0,738.96,6.606596130683188,United Kingdom,Regular Customers,350.073807976627
14757.0,45,1,420.5,160,8.421052631578947,24,22.13157894736842,40.56,8.996419820719977,19,19.0,1,0,1.0,0.0,0.0,United Kingdom,VIP Customers,40.82731993128661
14758.0,115,7,2864.97,840,6.176470588235294,48,21.065955882352938,59.7,8.449970710330692,91,19.428571428571427,5,465,0.0,0.0,0.0,United Kingdom,Regular Customers,126.98228349522788
14759.0,83,2,870.85,247,4.75,12,16.747115384615384,35.4,5.244870635814132,47,26.0,2,119,0.0,755.12,6.628200093741964,United Kingdom,Regular Customers,267.6287852234534
14760.0,264,2,53.8,28,4.0,12,7.685714285714285,23.8,17.805376395106858,5,3.5,1,2,0.0,0.0,0.0,United Kingdom,VIP Customers,14.818415047302409
14761.0,29,3,447.92,206,8.583333333333334,24,18.663333333333334,51.0,11.844755826090722,21,8.0,3,385,0.2916666666666667,0.0,0.0,United Kingdom,Regular Customers,35.90954785816902
14762.0,234,2,417.57,428,14.266666666666667,36,13.919,33.0,6.61817005127446,28,15.0,1,362,0.0,0.0,0.0,United Kingdom,Regular Customers,69.5522995710239
14763.0,702,1,-9.95,-1,-1.0,-1,-9.95,-9.95,0.0,1,1.0,1,0,0.0,0.0,0.0,,,-71.11264586155337
14764.0,14,2,250.55,175,25.0,50,35.792857142857144,88.8,36.9723593667331,6,3.5,1,2,0.0,0.0,0.0,United Kingdom,VIP Customers,70.1387286089873
14765.0,82,2,95.5,22,2.75,4,11.9375,31.6,10.321639889087393,8,4.0,2,63,0.0,158.61,5.072733339694467,United Kingdom,Regular Customers,237.3791336478276
14766.0,51,13,5879.36,3813,11.915625,144,18.372999999999998,131.4,13.210182227462221,236,24.615384615384617,9,470,0.215625,422.52,6.048600738478791,United Kingdom,Regular Customers,397.8331365749925
14767.0,444,1,382.81,117,6.5,12,21.267222222222223,59.7,13.54582193261322,18,18.0,1,0,1.0,0.0,0.0,United Kingdom,VIP Customers,-30.98774919003455
14768.0,49,2,80.1,22,4.4,18,16.02,53.1,40.976420048608446,4,2.5,2,48,0.0,59.4,4.100989104940769,United Kingdom,Regular Customers,237.74846248176289
14769.0,48,20,15096.93,10804,7.80635838150289,132,10.908186416184972,165.0,9.272361154503233,831,68.05,10,645,0.7210982658959537,341.96999999999997,5.837642979783928,United Kingdom,Regular Customers,1333.1529496551696
14770.0,202,9,3624.89,1597,8.065656565656566,36,18.307525252525252,76.5,10.081501853957013,152,22.0,7,419,0.09090909090909091,0.0,0.0,United Kingdom,Regular Customers,219.58886244402126
14771.0,576,3,579.92,608,12.16,25,11.5984,30.0,6.507414095021281,46,16.666666666666668,3,131,0.56,0.0,0.0,United Kingdom,VIP Customers,-115.92682300281265
14772.0,82,1,139.26,82,9.11111111111111,16,15.473333333333333,24.96,4.28952503198198,9,9.0,1,0,0.0,0.0,0.0,United Kingdom,VIP Customers,47.99087603981724
14773.0,559,2,125.7,50,4.545454545454546,12,11.427272727272728,19.8,9.042520766809544,10,5.5,1,4,0.0,0.0,0.0,United Kingdom,VIP Customers,-33.89683886279599
14774.0,499,1,241.45,99,7.615384615384615,24,18.573076923076922,30.0,4.247038938318054,13,13.0,1,0,0.0,0.0,0.0,United Kingdom,VIP Customers,-25.54204935162693
14775.0,28,3,1011.9,1174,19.566666666666666,72,16.865,50.4,9.209601934753215,57,20.0,3,313,0.0,0.0,0.0,United Kingdom,Regular Customers,160.0156448896754
14776.0,21,19,3339.02,4204,19.924170616113745,72,15.824739336492891,100.8,17.2515133719395,68,11.105263157894736,9,395,0.0947867298578199,0.0,0.0,United Kingdom,Regular Customers,341.5912079340392
14777.0,328,3,242.20999999999998,201,10.05,36,12.110499999999998,33.9,16.994715734449247,16,6.666666666666667,2,45,0.0,-2.95,,United Kingdom,VIP Customers,-20.50395961463812
14778.0,97,2,730.86,306,8.742857142857142,24,20.881714285714285,59.4,12.360369422833104,34,17.5,2,181,0.0,0.0,0.0,United Kingdom,Regular Customers,207.8878902024588
14779.0,251,3,386.15,84,2.048780487804878,9,9.418292682926829,39.95,9.344956902639796,40,13.666666666666666,2,43,0.0,0.0,0.0,United Kingdom,VIP Customers,32.7576357835176
14780.0,25,2,447.68,310,11.481481481481481,24,16.58074074074074,29.85,5.786745415786192,26,13.5,2,24,0.2962962962962963,0.0,0.0,United Kingdom,VIP Customers,50.53349922574259
14781.0,390,1,-530.31,-1,-1.0,-1,-530.31,-530.31,0.0,1,1.0,1,0,0.0,0.0,0.0,,,-12.636133380738983
14782.0,290,1,200.1,114,19.0,72,33.35,90.0,28.758981205877234,6,6.0,1,0,0.0,0.0,0.0,United Kingdom,VIP Customers,-0.592302404364176
14783.0,625,2,305.35,261,14.5,96,16.96388888888889,35.4,9.504102605710298,17,9.0,1,3,0.0,0.0,0.0,United Kingdom,VIP Customers,-45.11241343306213
14784.0,294,2,274.62,182,11.375,24,17.16375,40.56,9.38277064624304,14,8.0,2,65,0.0,175.31,5.172243809292668,United Kingdom,Regular Customers,208.9279437835489
14786.0,520,1,90.96,112,16.0,24,12.994285714285713,20.4,5.265760018404615,7,7.0,1,0,0.0,0.0,0.0,United Kingdom,VIP Customers,-40.35200723025008
14787.0,441,1,110.64999999999999,59,3.933333333333333,10,7.376666666666666,16.5,4.627783589622676,14,14.0,1,0,0.0,0.0,0.0,United Kingdom,VIP Customers,-15.536848574937437
14788.0,566,1,476.88,298,10.642857142857142,36,17.03142857142857,34.8,6.454386228550441,28,28.0,1,0,0.0,679.44,6.522739647741382,United Kingdom,Regular Customers,234.80509685300595
14790.0,90,8,2145.6,2327,18.322834645669293,96,16.89448818897638,59.4,8.474425645065761,62,15.875,7,608,0.11023622047244094,381.02,5.9454729632569885,United Kingdom,Regular Customers,-27.728055907437266
14791.0,577,1,303.63,127,6.684210526315789,12,15.980526315789474,23.8,2.9533285810424728,19,19.0,1,0,0.0,0.0,0.0,United Kingdom,VIP Customers,-28.672452063983684
14792.0,34,2,0.0,0,0.0,1,0.0,4.25,3.8179401077893647,2,2.0,1,0,0.0,0.0,0.0,United Kingdom,VIP Customers,59.34096336293911
14793.0,505,1,396.91,270,10.8,25,15.8764,25.2,5.301109852348532,25,25.0,1,0,0.0,214.14000000000001,5.371288979003859,United Kingdom,Regular Customers,240.58582997133485
14794.0,1,10,1409.83,468,6.324324324324325,25,19.051756756756756,159.9,23.49738023043095,64,7.4,6,456,0.12162162162162163,479.32,6.174452548445097,United Kingdom,Regular Customers,129.42238276062724
14795.0,136,1,131.45000000000002,17,2.8333333333333335,4,21.908333333333335,31.8,9.216746533710618,6,6.0,1,0,1.0,0.0,0.0,United Kingdom,VIP Customers,-2.1860852912379016
14796.0,27,37,9175.2,6405,4.6615720524017465,48,6.677729257641922,100.8,8.770069104713196,450,36.5945945945946,12,668,0.0,797.56,6.682810105721299,United Kingdom,Regular Customers,934.6444427549875
14797.0,477,1,300.31,99,6.1875,12,18.769375,35.4,5.918683940145253,16,16.0,1,0,0.0,0.0,0.0,United Kingdom,VIP Customers,-12.367232813657552
14798.0,23,9,715.11,599,11.745098039215685,24,14.021764705882353,30.0,7.548612244878486,30,5.666666666666667,7,596,0.0,0.0,0.0,United Kingdom,Regular Customers,-89.4220859981331
14799.0,21,2,338.15,495,21.52173913043478,288,14.702173913043477,30.0,9.572064922338877,20,11.5,2,686,0.0,0.0,0.0,United Kingdom,Regular Customers,-209.66624094700384
14800.0,18,23,6832.6,6378,10.455737704918032,150,11.200983606557378,106.0,14.665752483628683,338,26.217391304347824,10,387,0.8360655737704918,0.0,0.0,United Kingdom,Regular Customers,737.3410796297063
14801.0,31,1,189.34,173,3.0350877192982457,24,3.3217543859649123,8.5,2.063054360829919,56,56.0,1,0,1.0,0.0,0.0,United Kingdom,VIP Customers,79.89121377024259
14802.0,400,6,-1502.98,-2,-0.3333333333333333,1,-250.49666666666667,1343.44,1011.3714110586014,1,1.0,2,11,0.0,0.0,0.0,United Kingdom,VIP Customers,70.20555019540853
14803.0,132,3,845.5500000000001,370,8.409090909090908,48,19.217045454545456,175.2,38.86422301555167,35,13.666666666666666,3,130,0.3181818181818182,0.0,0.0,United Kingdom,Regular Customers,240.02331663876868
14805.0,23,5,781.8,371,3.3727272727272726,120,7.1072727272727265,39.15,6.53057535842696,84,22.0,4,568,0.9090909090909091,300.75,5.709598859977641,United Kingdom,Regular Customers,-51.34567832081714
14806.0,45,2,303.43,423,21.15,50,15.1715,25.2,5.024552637850091,17,10.0,1,363,1.0,0.0,0.0,United Kingdom,Regular Customers,51.69502091499203
14807.0,361,2,504.14,234,6.157894736842105,24,13.266842105263157,101.15,16.747342525011877,37,19.0,2,259,1.0,0.0,0.0,United Kingdom,Regular Customers,81.42336175070619
14808.0,10,15,2152.8,2027,8.043650793650794,108,8.542857142857143,125.0,22.069411827635044,179,16.2,4,132,0.21825396825396826,0.0,0.0,United Kingdom,Regular Customers,609.9635278072523
14809.0,591,2,686.76,232,12.88888888888889,36,38.153333333333336,162.0,41.24151064158537,18,9.0,1,0,1.0,0.0,0.0,United Kingdom,VIP Customers,-23.533966398824987
14810.0,11,13,2354.03,1162,3.86046511627907,25,7.820697674418605,35.4,5.352660320964513,125,22.923076923076923,9,388,0.6877076411960132,0.0,0.0,United Kingdom,Regular Customers,189.54019680532096
14811.0,357,1,170.5,74,2.642857142857143,12,6.089285714285714,15.3,4.106506967107139,28,28.0,1,0,0.0,0.0,0.0,United Kingdom,VIP Customers,18.712422736978112
14812.0,569,1,178.85,135,3.75,10,4.968055555555555,11.9,2.72418147019241,36,36.0,1,0,0.0,0.0,0.0,United Kingdom,VIP Customers,-9.947801585265552
14813.0,340,4,888.91,392,2.8405797101449277,25,6.4413768115942025,43.9,5.92603684506715,110,32.25,3,241,0.21014492753623187,0.0,0.0,United Kingdom,Regular Customers,200.0882156807484
14814.0,551,1,154.21,93,3.1,24,5.140333333333333,22.5,5.008221849314786,28,28.0,1,0,0.0,0.0,0.0,United Kingdom,VIP Customers,-18.877149686098278
14815.0,7,2,778.5,744,14.037735849056604,72,14.68867924528302,30.0,5.0797425880178695,53,26.5,2,31,0.0,0.0,0.0,United Kingdom,VIP Customers,95.94817740253734
14816.0,167,1,271.85,5,1.25,2,67.9625,125.0,65.8660430343284,4,4.0,1,0,0.0,0.0,0.0,United Kingdom,VIP Customers,16.18665394107316
14817.0,170,9,3889.21,2445,10.448717948717949,50,16.620555555555555,88.0,10.718845428940487,145,26.0,7,530,0.09829059829059829,0.0,0.0,United Kingdom,Regular Customers,173.20125484160795
14818.0,44,6,1153.56,543,5.221153846153846,60,11.091923076923077,75.0,12.498638223059288,87,17.166666666666668,4,573,0.0,0.0,0.0,United Kingdom,Regular Customers,27.086406633442976
14819.0,34,4,456.41,170,3.1481481481481484,36,8.452037037037037,51.0,10.140233963217568,52,13.25,4,653,0.0,0.0,0.0,United Kingdom,Regular Customers,-116.9012562378181
14820.0,4,8,1148.76,674,11.620689655172415,96,19.806206896551725,79.95,13.106729599657886,50,7.25,6,643,0.7758620689655172,126.0,4.844187086458591,United Kingdom,Regular Customers,-105.81271846409393
14821.0,337,7,1230.15,459,6.6521739130434785,40,17.82826086956522,76.7,16.543970996792492,65,9.714285714285714,4,309,0.0,0.0,0.0,United Kingdom,Regular Customers,143.33044784131934
14822.0,455,1,157.7,94,10.444444444444445,24,17.522222222222222,30.0,5.563447172791744,9,9.0,1,0,0.0,0.0,0.0,United Kingdom,VIP Customers,-23.86394464536619
14823.0,150,3,321.43,88,1.2571428571428571,8,4.591857142857143,12.75,2.953316138035366,56,23.333333333333332,2,14,1.0,0.0,0.0,United Kingdom,VIP Customers,48.73802225460696
14824.0,3,11,3635.81,1782,11.496774193548386,80,23.45683870967742,166.4,20.138567919875214,84,14.090909090909092,6,604,0.012903225806451613,316.7,5.761107541275471,United Kingdom,Regular Customers,147.3325213767247
14825.0,33,24,4120.18,2455,8.83093525179856,192,14.820791366906477,85.0,12.185604015388531,179,11.375,11,549,0.025179856115107913,576.1,6.358015561716921,United Kingdom,Regular Customers,308.8121784838146
14826.0,552,2,385.2,152,15.2,24,38.519999999999996,102.0,32.63378617322851,10,5.0,2,113,0.0,0.0,0.0,United Kingdom,VIP Customers,-116.96484949323667
14828.0,167,14,9803.46,9670,94.80392156862744,600,96.11235294117647,432.0,68.40864979435041,72,7.285714285714286,8,535,0.0784313725490196,0.0,0.0,United Kingdom,Regular Customers,411.4778977621836
14829.0,154,8,1237.05,831,9.662790697674419,48,14.384302325581395,34.8,9.014596077956039,72,10.75,4,252,0.0,165.92000000000002,5.117514655723352,United Kingdom,Regular Customers,236.3360236827849
14830.0,23,1,188.88,164,4.205128205128205,25,4.843076923076923,22.88,4.786859290009282,39,39.0,1,0,0.0,0.0,0.0,United Kingdom,VIP Customers,98.03327011354479
14831.0,544,7,1623.97,877,9.744444444444444,72,18.04411111111111,86.0,13.839681338024997,67,12.857142857142858,5,163,0.0,0.0,0.0,United Kingdom,VIP Customers,-51.1407970332541
14832.0,600,3,-274.63,-1,-0.3333333333333333,1,-91.54333333333334,322.69,359.54051473141845,1,1.0,1,0,0.0,0.0,0.0,United Kingdom,VIP Customers,-61.34789660997512
14833.0,469,1,94.8,58,8.285714285714286,12,13.542857142857143,15.3,3.2051298168494116,7,7.0,1,0,0.0,0.0,0.0,United Kingdom,VIP Customers,-31.354248739784623
14834.0,28,7,1659.05,627,8.142857142857142,24,21.546103896103894,65.2,12.50591566923053,52,11.0,4,348,0.0,525.16,6.265605348993096,United Kingdom,Regular Customers,180.49996209598135
14835.0,497,3,293.09999999999997,178,59.333333333333336,108,97.69999999999999,178.2,92.86554797124712,1,1.0,2,89,0.0,0.0,0.0,United Kingdom,VIP Customers,-121.72326292739433
14837.0,60,12,3445.8199999999997,3022,14.187793427230046,108,16.17755868544601,75.6,8.578135691185949,171,17.75,6,595,0.5633802816901409,0.0,0.0,United Kingdom,Regular Customers,214.43751108488135
14838.0,393,2,769.9200000000001,361,5.1571428571428575,25,10.998857142857144,83.4,12.40378057642071,69,35.0,2,313,0.0,0.0,0.0,United Kingdom,Regular Customers,113.19557006340904
14839.0,388,3,915.28,927,12.527027027027026,50,12.368648648648648,25.5,6.144198360347714,61,24.666666666666668,3,285,0.4594594594594595,0.0,0.0,United Kingdom,Regular Customers,89.71934780405974
14840.0,238,3,340.21,173,7.208333333333333,16,14.175416666666665,25.5,8.499035228709232,20,8.0,2,271,0.0,0.0,0.0,United Kingdom,Regular Customers,101.15328463412331
14841.0,23,14,7163.0,4164,13.88,120,23.876666666666665,81.36,11.272370558831346,196,21.428571428571427,7,683,0.0,0.0,0.0,United Kingdom,Regular Customers,328.84198196803356
14842.0,5,8,2456.8,1146,7.253164556962025,36,15.549367088607596,295.0,34.49463480267796,128,19.75,5,272,0.0,0.0,0.0,United Kingdom,Regular Customers,399.5583572338161
14843.0,407,1,211.8,132,14.666666666666666,24,23.533333333333335,50.4,14.028898745090437,9,9.0,1,0,0.0,0.0,0.0,United Kingdom,VIP Customers,-10.523724938249842
14844.0,34,12,6688.43,4365,15.64516129032258,200,23.972867383512547,358.0,34.12191046472816,159,23.25,5,542,0.0,0.0,0.0,United Kingdom,Regular Customers,468.76377028841955
14845.0,570,1,150.0,600,600.0,600,150.0,150.0,0.0,1,1.0,1,0,0.0,0.0,0.0,United Kingdom,VIP Customers,-70.50101389518767
14846.0,393,2,406.8,181,13.923076923076923,48,31.292307692307695,131.4,45.13353264736508,12,6.5,1,3,0.0,0.0,0.0,United Kingdom,VIP Customers,18.643270035695565
14847.0,119,4,1320.6,529,8.138461538461538,48,20.316923076923075,81.6,15.240158906967318,56,16.25,4,415,0.0,0.0,0.0,United Kingdom,Regular Customers,64.34714704859402
14848.0,375,1,310.56,260,23.636363636363637,48,28.232727272727274,61.2,18.24411197669489,11,11.0,1,0,1.0,0.0,0.0,United Kingdom,VIP Customers,-34.651754545902065
14849.0,7,48,14383.68,11043,15.3375,144,19.977333333333334,175.2,14.705583324640388,278,15.0,12,662,0.15694444444444444,802.92,6.689499761740703,United Kingdom,Regular Customers,1181.9041832545763
14850.0,282,9,1599.76,1377,6.954545454545454,72,8.07959595959596,89.7,14.168009143300752,129,20.444444444444443,4,256,0.45454545454545453,0.0,0.0,United Kingdom,Regular Customers,299.39105869643254
14851.0,226,2,524.19,445,15.892857142857142,120,18.72107142857143,81.36,15.378978037444181,24,14.0,1,374,0.0,305.22,5.724303797876949,United Kingdom,Regular Customers,51.97907509086707
14852.0,28,21,6108.88,4361,13.977564102564102,72,19.57974358974359,81.6,11.197162763545725,152,14.857142857142858,7,585,0.09294871794871795,0.0,0.0,United Kingdom,Regular Customers,447.0040493184673
14853.0,181,5,1102.82,296,11.384615384615385,48,42.41615384615385,175.2,50.83982258638777,21,5.2,4,394,0.0,248.54999999999998,5.519659295915618,United Kingdom,Regular Customers,44.091306446602715
14854.0,48,14,4282.37,2974,13.457013574660634,72,19.377239819004526,102.0,17.636051765977143,170,15.785714285714286,9,608,0.049773755656108594,0.0,0.0,United Kingdom,Regular Customers,207.64729134338612
14855.0,89,7,6520.3,3510,16.956521739130434,100,31.499033816425122,175.2,35.0809515988574,168,29.428571428571427,3,491,0.3140096618357488,0.0,0.0,United Kingdom,Regular Customers,403.4186602947033
14856.0,6,3,1290.53,711,10.938461538461539,48,19.854307692307692,89.7,16.212217708532233,65,21.666666666666668,2,20,0.0,0.0,0.0,United Kingdom,VIP Customers,160.92730907778468
14857.0,30,10,3578.93,2065,9.472477064220184,48,16.41711009174312,38.25,8.039179257280006,170,21.8,6,574,0.0,0.0,0.0,United Kingdom,Regular Customers,205.6497038177415
14858.0,476,1,180.75,105,9.545454545454545,12,16.431818181818183,23.4,3.9030931789590118,11,11.0,1,0,0.0,0.0,0.0,United Kingdom,VIP Customers,-22.847192617384678
14859.0,50,4,1277.32,678,13.038461538461538,100,24.563846153846153,165.0,22.792727353503818,44,13.0,3,474,0.0,426.62,6.058234950741834,United Kingdom,Regular Customers,66.92642693843317
14861.0,22,14,1318.4,1054,11.094736842105263,72,13.877894736842107,44.55,10.148978136878824,62,6.785714285714286,7,679,0.1368421052631579,0.0,0.0,United Kingdom,Regular Customers,-24.428972769386604
14862.0,119,1,304.1,430,20.476190476190474,100,14.480952380952383,23.4,5.971189081549758,21,21.0,1,0,0.0,537.1,6.288044416495374,United Kingdom,Regular Customers,293.0978665625076
14864.0,701,1,-48.75,-17,-8.5,-5,-24.375,-15.0,13.258252147247767,2,2.0,1,0,0.0,0.0,0.0,,,-74.22580488501885
14865.0,342,3,77.52,192,38.4,48,15.504,31.2,9.533167364522665,3,1.6666666666666667,2,366,0.0,15.0,2.772588722239781,United Kingdom,Regular Customers,-7.093592043927089
14866.0,9,18,20019.53,8626,65.34848484848484,320,151.66310606060605,816.0,141.13332209761546,40,7.333333333333333,6,431,0.030303030303030304,534.56,6.283312928429178,United Kingdom,Regular Customers,990.7537231590011
14867.0,156,19,2910.41,993,7.0928571428571425,32,20.788642857142857,119.7,13.048127085795528,67,7.368421052631579,8,548,0.1,0.0,0.0,United Kingdom,Regular Customers,166.77949987320824
14868.0,3,10,3423.7799999999997,1955,10.80110497237569,48,18.915911602209942,51.0,8.224060559178254,125,18.1,6,387,0.14917127071823205,746.28,6.616439947564594,United Kingdom,Regular Customers,285.6730464677214
14869.0,73,7,2420.06,1924,8.329004329004329,48,10.476450216450216,45.0,7.1900419328696445,171,32.285714285714285,4,620,0.7532467532467533,330.64,5.804050043248018,United Kingdom,Regular Customers,123.26119025989266
14870.0,232,9,1794.6,478,6.927536231884058,32,26.008695652173913,88.0,20.32181158791789,43,7.666666666666667,5,422,0.0,0.0,0.0,United Kingdom,Regular Customers,86.88029872544826
14871.0,148,8,1062.19,376,2.3647798742138364,25,6.680440251572327,39.0,5.494340396010272,101,19.75,4,560,0.0,165.98,5.117874044765855,United Kingdom,Regular Customers,55.05858749282214
14872.0,451,4,802.68,614,13.954545454545455,48,18.242727272727272,118.8,17.475460983191628,34,11.0,3,152,0.0,0.0,0.0,United Kingdom,VIP Customers,-60.379930574713995
14873.0,180,2,854.13,311,6.346938775510204,24,17.43122448979592,39.8,4.767522781213296,48,24.5,2,423,0.0,0.0,0.0,United Kingdom,Regular Customers,45.07522318315486
14874.0,505,1,116.18,148,24.666666666666668,64,19.363333333333333,41.6,15.087639532632885,6,6.0,1,0,0.0,0.0,0.0,United Kingdom,VIP Customers,-45.15997077080664
14875.0,78,6,2845.3,1328,14.434782608695652,96,30.92717391304348,237.6,35.40196674011661,89,15.333333333333334,4,334,0.0,-3.75,,United Kingdom,Regular Customers,276.91589716581393
14876.0,491,2,256.7,162,12.461538461538462,24,19.746153846153845,53.1,10.907371772079605,12,6.5,2,40,0.0,0.0,0.0,United Kingdom,VIP Customers,-57.730815670931065
14877.0,388,2,425.85,168,2.6666666666666665,9,6.7595238095238095,23.6,5.376455970417997,57,30.5,2,224,1.0,0.0,0.0,United Kingdom,Regular Customers,101.58960410581787
14878.0,6,27,3634.63,2097,5.760989010989011,120,9.985247252747254,127.2,17.03815779803729,159,13.185185185185185,11,620,0.7197802197802198,148.85,5.009634793762673,United Kingdom,Regular Customers,282.03383438646483
14879.0,655,1,185.06,104,3.8518518518518516,32,6.854074074074074,15.9,3.219107926189465,27,27.0,1,0,1.0,0.0,0.0,United Kingdom,VIP Customers,-76.894994776386
14880.0,47,3,690.59,365,7.934782608695652,24,15.012826086956522,25.5,4.478600804836497,45,15.333333333333334,3,211,0.0,0.0,0.0,United Kingdom,Regular Customers,189.43926424935728
14882.0,4,14,3003.25,1330,21.451612903225808,144,48.439516129032256,250.2,64.26976645429716,32,4.428571428571429,5,585,0.3064516129032258,341.8,5.837147186723625,United Kingdom,Regular Customers,130.4419453244852
14883.0,10,6,661.12,699,14.5625,48,13.773333333333333,30.0,7.036971160987331,37,8.0,4,172,0.0,95.52000000000001,4.569750240756831,United Kingdom,Regular Customers,235.65984120715953
14884.0,639,1,120.6,72,9.0,12,15.075,27.0,5.8156807733181894,8,8.0,1,0,0.0,0.0,0.0,United Kingdom,VIP Customers,-59.16409446279067
14885.0,102,4,1496.12,1284,40.125,120,46.75375,102.0,36.949986228117396,24,8.0,3,334,0.46875,0.0,0.0,United Kingdom,Regular Customers,98.75552332135712
14886.0,223,1,364.8,160,8.88888888888889,24,20.266666666666666,39.8,7.189371239790682,18,18.0,1,0,0.0,0.0,0.0,United Kingdom,VIP Customers,39.53331217448732
14887.0,49,1,1862.0,1100,183.33333333333334,200,310.3333333333333,358.0,116.75901107266482,6,6.0,1,0,0.0,0.0,0.0,United Kingdom,VIP Customers,63.76092117484092
14888.0,177,1,369.2,184,9.2,12,18.46,40.5,6.250002105262803,20,20.0,1,0,0.0,0.0,0.0,United Kingdom,VIP Customers,55.90191368263126
14889.0,306,1,135.9,90,9.0,24,13.59,17.7,2.4445858544956036,10,10.0,1,0,0.0,0.0,0.0,United Kingdom,VIP Customers,3.432625130124194
14890.0,224,3,817.25,636,11.157894736842104,30,14.337719298245615,30.0,4.926139468453633,55,19.0,2,406,0.0,0.0,0.0,United Kingdom,Regular Customers,72.2739031284678
14891.0,118,4,1106.73,788,12.507936507936508,48,17.56714285714286,30.6,4.9060822779456466,55,15.75,4,288,0.42857142857142855,0.0,0.0,United Kingdom,Regular Customers,123.52682162211914
14892.0,661,1,202.35,79,6.076923076923077,12,15.565384615384614,19.9,2.465460117248622,13,13.0,1,0,0.0,0.0,0.0,United Kingdom,VIP Customers,-56.79847252775289
14893.0,537,4,544.41,235,6.351351351351352,24,14.713783783783782,34.0,9.588344299012025,34,9.25,2,50,0.0,1237.85,7.121938808924836,United Kingdom,Regular Customers,228.25750888430068
14894.0,55,5,1412.21,591,12.061224489795919,48,28.82061224489796,130.8,31.082886328879013,39,9.8,3,652,0.0,0.0,0.0,United Kingdom,Regular Customers,-46.36691991447188
14895.0,10,44,22792.28,9885,11.781883194278903,192,27.16600715137068,295.0,25.430212588961133,440,19.045454545454547,12,696,0.21215733015494637,1696.54,7.436935423220024,United Kingdom,Regular Customers,1462.9355948523892
14896.0,175,10,1727.3,917,3.526923076923077,25,6.643461538461538,39.0,7.214592378218132,150,25.5,6,528,0.48846153846153845,0.0,0.0,United Kingdom,Regular Customers,108.21385987895289
14897.0,23,8,2480.68,1012,9.2,48,22.551636363636362,76.5,15.043223993660275,85,13.75,6,671,0.0,620.0600000000001,6.4314276956237135,United Kingdom,Regular Customers,-15.892503012670005
14898.0,104,17,2964.47,2037,7.895348837209302,240,11.490193798449612,100.8,14.223339411298198,163,14.764705882352942,7,601,0.2441860465116279,278.13,5.631677623121245,United Kingdom,Regular Customers,191.99490739222776
14899.0,365,1,1331.38,570,4.4186046511627906,48,10.32077519379845,79.9,8.65133069717485,126,126.0,1,0,0.0,0.0,0.0,United Kingdom,VIP Customers,186.65422064730387
14900.0,492,1,13.92,48,48.0,48,13.92,13.92,0.0,1,1.0,1,0,0.0,0.0,0.0,United Kingdom,VIP Customers,-45.16687491748576
14901.0,2,12,1717.8799999999999,787,6.450819672131147,48,14.080983606557377,75.0,12.902180186696238,95,10.083333333333334,6,466,0.0,194.82,5.277195869925925,United Kingdom,Regular Customers,173.81199993439006
14902.0,366,3,686.16,494,12.048780487804878,48,16.73560975609756,40.8,9.463582843928743,34,13.666666666666666,2,157,0.0,314.11,5.752921784216493,United Kingdom,Regular Customers,181.15065051400464
14903.0,92,9,2332.47,1285,4.297658862876254,48,7.800903010033444,45.0,6.7388381629078635,195,32.888888888888886,5,156,0.47491638795986624,396.71,5.985723096478868,United Kingdom,Regular Customers,450.61987140446024
14904.0,378,2,605.05,537,7.458333333333333,72,8.403472222222222,61.2,10.887631328387247,62,32.0,1,19,0.0,1025.44,6.933851783703411,United Kingdom,Regular Customers,315.44097046925185
14905.0,124,10,1939.69,987,12.185185185185185,40,23.94679012345679,81.6,22.072940947411176,45,8.1,6,581,0.0,0.0,0.0,United Kingdom,Regular Customers,3.3651839970798108
14906.0,415,3,-66.98,-1,-0.3333333333333333,1,-22.326666666666668,68.44,78.60962875712703,1,1.0,1,0,0.0,0.0,0.0,United Kingdom,VIP Customers,-4.944515091080973
14907.0,34,20,4591.2,2167,8.91769547325103,48,18.893827160493828,95.7,11.862098043898513,142,12.15,6,666,0.0823045267489712,885.42,6.78719087891537,United Kingdom,Regular Customers,312.63423588254096
14908.0,44,2,381.9,182,13.0,36,27.27857142857143,79.6,19.330771745166725,14,7.0,1,388,0.0,0.0,0.0,United Kingdom,Regular Customers,71.71555518560947
14909.0,398,5,1380.98,886,10.804878048780488,24,16.84121951219512,39.8,7.753099004491155,61,16.4,4,235,0.25609756097560976,0.0,0.0,United Kingdom,Regular Customers,150.2453934849766
14910.0,2,3,294.49,148,6.434782608695652,12,12.80391304347826,24.96,9.237242671593782,18,7.666666666666667,2,23,0.6521739130434783,95.37,4.568194949863196,United Kingdom,Regular Customers,287.8699915093194
14911.0,1,468,239002.69,126761,12.285423531692189,640,23.1636644698585,1687.17,57.80893613631875,2451,22.04700854700855,12,707,0.07394843962008141,26755.22,10.19452224865927,EIRE,At-Risk Customers,18422.75132484116
14912.0,217,9,389.8499999999999,1278,23.666666666666668,96,7.219444444444442,81.6,112.49146824531815,39,6.0,4,435,0.037037037037037035,358.73,5.885353750059451,Italy,Regular Customers,46.4030296394823
14913.0,6,8,4073.13,3955,16.012145748987855,100,16.490404858299595,75.6,11.36049301137234,176,30.875,7,449,0.0,0.0,0.0,United Kingdom,Regular Customers,300.40924006558646
14914.0,576,1,-5.85,-3,-3.0,-3,-5.85,-5.85,0.0,1,1.0,1,0,0.0,0.0,0.0,,,-46.99711463596398
14915.0,56,13,1752.65,699,7.5978260869565215,24,19.05054347826087,83.4,13.561315162334179,65,7.076923076923077,8,651,0.0,0.0,0.0,United Kingdom,Regular Customers,-22.155729444444574
14916.0,41,11,2888.21,2379,16.992857142857144,100,20.63007142857143,175.2,31.27653094198021,113,12.727272727272727,6,546,0.05,0.0,0.0,United Kingdom,Regular Customers,193.43487312183177
14917.0,567,2,1123.75,891,30.724137931034484,216,38.75,101.76,26.60258150738651,29,14.5,1,0,0.0,0.0,0.0,United Kingdom,VIP Customers,-3.5546536250772647
14918.0,86,9,5955.81,2551,18.092198581560282,96,42.23978723404256,121.68,24.51015752901773,79,15.666666666666666,6,495,0.1773049645390071,0.0,0.0,United Kingdom,Regular Customers,215.60728501902705
14919.0,509,1,359.35,129,9.923076923076923,24,27.642307692307693,53.1,15.47153092718265,13,13.0,1,0,0.0,0.0,0.0,United Kingdom,VIP Customers,-23.67238685973362
14920.0,183,3,1607.17,886,9.1340206185567,48,16.568762886597938,30.0,4.399238394723369,90,32.333333333333336,1,352,0.41237113402061853,0.0,0.0,United Kingdom,Regular Customers,186.54140322710123
14921.0,171,1,903.01,631,11.90566037735849,36,17.037924528301886,30.6,6.28050994943593,53,53.0,1,0,1.0,413.06,6.026010890860565,United Kingdom,Regular Customers,324.0103712355175
14922.0,364,2,843.74,376,7.52,25,16.8748,31.8,5.202485763791092,49,25.0,2,114,0.0,0.0,0.0,United Kingdom,VIP Customers,-28.456927879414394
14923.0,21,1,749.1,418,9.5,48,17.025000000000002,46.8,7.53182318334122,44,44.0,1,0,0.0,0.0,0.0,United Kingdom,VIP Customers,122.80394111115496
14924.0,216,3,931.01,312,10.064516129032258,36,30.03258064516129,125.0,27.470388902445716,30,10.333333333333334,2,393,0.0,0.0,0.0,United Kingdom,Regular Customers,67.60296249270232
14925.0,701,1,-7.95,-1,-1.0,-1,-7.95,-7.95,0.0,1,1.0,1,0,0.0,0.0,0.0,,,-70.91732642954324
14926.0,352,3,337.65,189,47.25,96,84.4125,139.2,75.90665731673342,2,1.3333333333333333,2,216,0.0,0.0,0.0,United Kingdom,Regular Customers,68.33242786505366
14927.0,367,1,308.2,196,9.8,24,15.41,30.6,4.791758275249395,20,20.0,1,0,0.0,0.0,0.0,United Kingdom,VIP Customers,13.666230637993124
14928.0,589,2,204.46,263,10.958333333333334,25,8.519166666666667,17.7,7.403106232120268,21,12.0,1,8,0.0,0.0,0.0,United Kingdom,VIP Customers,-24.207926926315395
14929.0,2,2,836.6899999999999,487,14.323529411764707,48,24.608529411764703,70.8,16.317603458238615,34,17.0,2,389,0.0,0.0,0.0,United Kingdom,Regular Customers,88.82785035462544
14930.0,79,9,5126.74,2186,7.697183098591549,48,18.051901408450703,79.9,11.387092713718047,213,31.555555555555557,6,497,0.0,0.0,0.0,Channel Islands,Regular Customers,344.13979219857356
14931.0,45,4,554.65,278,9.928571428571429,24,19.80892857142857,293.0,80.72710129810625,27,7.0,3,166,0.0,410.03,6.018666204533127,Channel Islands,Regular Customers,281.0236644770082
14932.0,336,2,666.13,257,8.03125,36,20.8165625,50.0,10.08096117069201,29,16.0,2,20,0.0,0.0,0.0,Channel Islands,VIP Customers,24.796788639327673
14933.0,414,5,885.0,300,60.0,300,177.0,885.0,646.312617856096,1,1.0,1,0,0.0,0.0,0.0,Channel Islands,VIP Customers,-45.01357450094039
14934.0,43,9,2444.1,1446,5.830645161290323,96,9.855241935483871,81.6,18.801788525645446,116,27.555555555555557,3,368,0.0,0.0,0.0,Channel Islands,Regular Customers,327.1788325245101
14935.0,267,2,2849.83,1931,74.26923076923077,407,109.60884615384614,408.0,87.5216664524584,25,13.0,2,322,0.0,0.0,0.0,Channel Islands,Regular Customers,146.99191033649586
14936.0,4,13,12398.06,6273,11.880681818181818,72,23.481174242424242,262.8,19.94632449494462,267,40.61538461538461,7,549,0.20643939393939395,-19.599999999999998,,Channel Islands,Regular Customers,742.91743290855
14937.0,27,4,1617.63,483,13.8,72,46.218,212.4,39.74387853715929,33,8.75,2,73,0.0,0.0,0.0,Channel Islands,Regular Customers,382.31853738473274
14938.0,472,4,2289.43,1361,17.907894736842106,144,30.124078947368417,152.64,30.864957915739193,71,19.0,2,60,0.013157894736842105,0.0,0.0,Channel Islands,VIP Customers,107.67716444105153
14939.0,601,1,-934.66,-1,-1.0,-1,-934.66,-934.66,0.0,1,1.0,1,0,0.0,0.0,0.0,,,-53.8105432145974
14940.0,388,2,531.49,384,12.0,36,16.6090625,25.2,4.579110604850205,32,16.0,2,315,0.3125,0.0,0.0,United Kingdom,Regular Customers,36.73410409192664
14941.0,549,1,182.1,80,11.428571428571429,32,26.014285714285712,81.6,24.620548908816563,7,7.0,1,0,0.0,0.0,0.0,United Kingdom,VIP Customers,-39.719409185742165
14942.0,372,5,706.56,353,17.65,64,35.327999999999996,163.2,41.47372390727461,13,4.0,4,328,0.0,0.0,0.0,United Kingdom,Regular Customers,35.08482744813611
14943.0,633,1,107.62,46,9.2,16,21.524,39.6,11.923459229602795,5,5.0,1,0,1.0,0.0,0.0,United Kingdom,VIP Customers,-98.38589337580567
14944.0,34,21,8697.18,4483,15.248299319727892,50,29.582244897959185,107.1,22.520842172187926,180,14.0,11,596,0.0,977.74,6.8862660301391525,United Kingdom,Regular Customers,436.17523170206493
14945.0,384,1,179.39999999999998,156,14.181818181818182,24,16.30909090909091,23.4,4.4603709588899765,11,11.0,1,0,0.0,0.0,0.0,United Kingdom,VIP Customers,-6.440904359370535
14947.0,42,6,1049.79,416,7.703703703703703,24,19.440555555555555,51.0,9.961623042847926,47,9.0,6,552,0.0,0.0,0.0,United Kingdom,Regular Customers,-58.15029375379808
14948.0,2,6,798.87,557,10.711538461538462,32,15.362884615384615,59.7,10.97851437082208,45,8.666666666666666,5,187,0.0,267.7,5.593595515621446,United Kingdom,Regular Customers,219.26968624933517
14949.0,430,6,498.55,243,8.1,18,16.618333333333332,39.6,9.898649536359907,16,5.0,5,261,0.0,0.0,0.0,United Kingdom,Regular Customers,40.69158935369725
14951.0,49,1,311.69,311,15.55,48,15.5845,38.25,8.977058758155056,20,20.0,1,0,0.0,0.0,0.0,United Kingdom,VIP Customers,72.87277411018101
14952.0,16,43,17347.25,6875,21.088957055214724,192,53.21242331288344,350.4,51.50607545898259,243,7.5813953488372094,11,689,0.049079754601226995,0.0,0.0,United Kingdom,Regular Customers,1083.629358947684
14953.0,388,4,677.25,770,4.010416666666667,60,3.52734375,19.95,3.458191538783474,153,46.5,2,17,0.6614583333333334,285.67,5.658331728418817,United Kingdom,Regular Customers,385.2479408175899
14954.0,673,1,167.27,92,2.2439024390243905,32,4.079756097560976,13.9,3.3762023693825567,41,41.0,1,0,0.0,294.85,5.689852569122703,United Kingdom,Regular Customers,215.19348321276038
14955.0,703,1,163.77,74,2.3870967741935485,16,5.282903225806452,54.24,9.431668001489587,30,30.0,1,0,0.0,0.0,0.0,United Kingdom,VIP Customers,-34.800295353785884
14956.0,391,1,1325.0,2500,625.0,625,331.25,331.25,0.0,4,4.0,1,0,0.0,0.0,0.0,United Kingdom,VIP Customers,36.689489224265486
14957.0,223,2,261.69,97,3.4642857142857144,12,9.34607142857143,71.6,14.498201252233482,27,13.5,1,391,0.0,0.0,0.0,United Kingdom,Regular Customers,54.48787525027862
14958.0,117,6,941.99,248,3.492957746478873,25,13.267464788732395,35.4,8.206645341831193,52,11.833333333333334,5,588,0.0,0.0,0.0,United Kingdom,Regular Customers,-74.4108354290415
14959.0,29,5,684.97,491,8.049180327868852,32,11.229016393442624,54.08,9.93674069718336,37,12.0,4,237,0.3770491803278688,0.0,0.0,United Kingdom,Regular Customers,167.70051556673874
14960.0,141,1,88.3,20,10.0,10,44.15,67.5,33.02188668141177,2,2.0,1,0,0.0,132.97,4.8976158942888945,United Kingdom,Regular Customers,263.7006976628107
14961.0,51,27,15184.15,7878,12.271028037383177,100,23.65132398753894,407.95,24.495533528194606,314,23.77777777777778,11,654,0.021806853582554516,1144.75,7.043814723389233,United Kingdom,Regular Customers,955.867179132442
14962.0,241,4,366.91,123,8.785714285714286,36,26.207857142857144,70.2,19.55579047772785,14,3.5,3,313,0.0,0.0,0.0,United Kingdom,Regular Customers,54.69081336264472
14963.0,4,11,2550.31,1740,4.172661870503597,100,6.115851318944844,72.0,7.0370003106488195,278,36.18181818181818,5,492,0.1486810551558753,567.41,6.3428429893123806,United Kingdom,Regular Customers,374.44095280634554
14964.0,217,1,206.21,143,11.0,96,15.862307692307693,101.76,26.92584512875011,13,13.0,1,0,0.0,0.0,0.0,United Kingdom,VIP Customers,26.158940160794856
14965.0,66,2,596.09,363,4.481481481481482,24,7.359135802469136,75.0,9.824950915593785,80,40.0,1,0,1.0,0.0,0.0,United Kingdom,VIP Customers,140.296353642263
14966.0,357,5,881.24,881,7.660869565217391,144,7.6629565217391304,42.5,9.111321083358767,93,22.2,2,336,0.0,183.02,5.215044447354215,United Kingdom,Regular Customers,143.18448953572846
14967.0,20,7,1680.52,651,21.7,60,56.01733333333333,255.0,95.09871517074474,23,4.285714285714286,5,686,0.0,0.0,0.0,United Kingdom,Regular Customers,-91.10686757017223
14968.0,428,1,353.65,130,2.765957446808511,24,7.524468085106382,17.0,4.558364890153638,47,47.0,1,0,0.0,147.59,5.001190835268256,United Kingdom,Regular Customers,276.3985625018335
14969.0,674,1,906.23,665,51.15384615384615,144,69.71000000000001,131.4,37.00883182881261,13,13.0,1,0,0.0,0.0,0.0,United Kingdom,VIP Customers,-48.785218538208426
14970.0,38,16,3593.4,763,6.0078740157480315,40,28.294488188976377,340.0,69.07849191730595,75,7.9375,8,595,0.7795275590551181,0.0,0.0,United Kingdom,Regular Customers,154.47594617356313
14971.0,5,3,1097.98,639,4.122580645161291,48,7.083741935483871,28.9,5.707536729394374,144,50.0,2,8,0.0,0.0,0.0,United Kingdom,VIP Customers,230.42533488678308
14972.0,98,2,145.07,40,2.0,6,7.2535,19.9,5.641275774895343,20,10.0,2,252,0.0,0.0,0.0,United Kingdom,Regular Customers,120.92691139420756
14973.0,77,3,1314.45,369,11.53125,24,41.0765625,295.0,71.41399233137471,29,10.666666666666666,3,118,0.0,0.0,0.0,United Kingdom,Regular Customers,300.86233036888393
14974.0,7,1,89.94,37,2.176470588235294,10,5.290588235294117,12.5,3.5441985528964004,17,17.0,1,0,0.0,0.0,0.0,United Kingdom,VIP Customers,69.40794079415843
14975.0,27,2,472.39,507,19.5,96,18.168846153846154,53.55,15.47831291243928,25,13.0,1,363,0.0,0.0,0.0,United Kingdom,Regular Customers,95.50942605617496
14976.0,27,8,765.86,230,3.1506849315068495,12,10.49123287671233,51.0,11.264493496677154,47,9.125,5,269,0.0,0.0,0.0,United Kingdom,Regular Customers,186.0490099155819
14977.0,696,1,31.93,17,4.25,12,7.9825,19.8,8.39872361334348,4,4.0,1,0,0.0,0.0,0.0,United Kingdom,VIP Customers,-80.53990949342011
14978.0,42,12,3076.39,732,2.506849315068493,25,10.535582191780822,47.7,8.136697068146772,175,24.166666666666668,7,518,0.0,0.0,0.0,United Kingdom,Regular Customers,216.00418639488433
14979.0,705,1,429.66,209,4.26530612244898,36,8.768571428571429,34.65,7.357381780678957,42,42.0,1,0,0.0,0.0,0.0,United Kingdom,VIP Customers,-22.616757940153434
14980.0,707,1,150.68,79,3.2916666666666665,30,6.278333333333333,23.6,5.578219029065808,24,24.0,1,0,0.0,0.0,0.0,United Kingdom,VIP Customers,-55.69313139885435
14981.0,216,3,313.52,229,9.541666666666666,24,13.063333333333333,29.7,14.285789432514568,20,8.0,3,177,0.0,0.0,0.0,United Kingdom,Regular Customers,139.69249751875213
14982.0,542,1,237.78,125,3.2051282051282053,8,6.096923076923077,19.9,3.594757259827848,39,39.0,1,0,1.0,0.0,0.0,United Kingdom,VIP Customers,-31.506582089492554
14983.0,659,1,183.2,90,3.0,18,6.1066666666666665,29.7,6.562507580729063,30,30.0,1,0,0.0,0.0,0.0,United Kingdom,VIP Customers,-33.454803824651776
14984.0,151,5,1160.37,310,10.0,96,37.431290322580644,365.76,70.98602387052142,27,6.2,3,516,0.8709677419354839,100.14,4.616505695651837,United Kingdom,Regular Customers,19.44342022222648
14985.0,168,2,292.01,256,3.0843373493975905,48,3.5181927710843373,19.0,3.3550981028070255,78,41.0,2,159,0.0,0.0,0.0,United Kingdom,Regular Customers,232.72531705632875
14986.0,346,2,563.1,338,3.4489795918367347,12,5.745918367346939,29.85,4.282582522898112,87,48.0,2,307,1.0,0.0,0.0,United Kingdom,Regular Customers,96.42146362065503
14987.0,336,8,1305.85,511,36.5,128,93.27499999999999,326.4,97.39214498020952,4,1.75,2,371,0.2857142857142857,163.2,5.101085197018328,United Kingdom,Regular Customers,111.39613409859516
14988.0,182,7,2038.65,1260,5.361702127659575,108,8.675106382978724,67.5,8.759865567095854,171,33.0,4,390,0.0,0.0,0.0,United Kingdom,Regular Customers,249.1628241515336
14989.0,632,1,342.4,200,11.11111111111111,24,19.022222222222222,39.8,7.51183815176423,18,18.0,1,0,0.0,0.0,0.0,United Kingdom,VIP Customers,-37.46622765594532
14990.0,582,2,304.17,129,3.0714285714285716,12,7.242142857142857,104.65,16.235777195743534,41,21.0,2,118,0.0,0.0,0.0,United Kingdom,VIP Customers,-74.89606257233373
14991.0,400,1,314.67,191,9.095238095238095,72,14.984285714285715,30.0,8.402504728608353,21,21.0,1,0,0.0,0.0,0.0,United Kingdom,VIP Customers,-5.635845096449373
14992.0,412,1,210.5,145,5.37037037037037,18,7.796296296296297,26.1,6.943388747106653,27,27.0,1,0,0.0,0.0,0.0,United Kingdom,VIP Customers,10.565556342982632
14993.0,534,1,36.13,21,2.1,5,3.6130000000000004,11.9,3.5098941104635433,9,9.0,1,0,0.0,0.0,0.0,United Kingdom,VIP Customers,-40.92223038636337
14994.0,352,8,872.42,480,1.5384615384615385,12,2.7962179487179486,18.95,3.2954634789009662,234,37.5,4,241,0.0,0.0,0.0,United Kingdom,Regular Customers,355.00717689259693
14995.0,9,2,231.98,102,1.7,6,3.866333333333333,10.65,2.6955185449164873,53,30.0,2,241,0.0,0.0,0.0,United Kingdom,Regular Customers,184.42714587141649
14996.0,451,2,442.29,404,9.853658536585366,36,10.787560975609757,30.6,6.108440382162947,37,19.0,1,0,1.0,0.0,0.0,United Kingdom,VIP Customers,1.004501165380134
14997.0,16,5,771.38,1390,35.64102564102564,108,19.77897435897436,46.8,12.046913514928516,36,7.8,4,609,0.0,0.0,0.0,United Kingdom,Regular Customers,-66.45170099690509
14998.0,140,4,753.18,352,2.816,24,6.02544,43.8,6.4501469730691845,111,30.75,3,435,0.0,0.0,0.0,United Kingdom,Regular Customers,111.184986159792
14999.0,563,1,129.48,88,9.777777777777779,24,14.386666666666665,22.5,3.9598895186608427,9,9.0,1,0,0.0,0.0,0.0,United Kingdom,VIP Customers,-46.22665021604968
15000.0,18,1,490.52,218,2.831168831168831,36,6.37038961038961,30.6,4.433145622395494,76,76.0,1,0,1.0,0.0,0.0,United Kingdom,VIP Customers,117.66997139381554
15001.0,364,2,199.10999999999999,70,1.5217391304347827,12,4.328478260869565,16.95,3.8534624934473927,44,22.0,1,0,0.0,0.0,0.0,United Kingdom,VIP Customers,47.89490981092786
15002.0,86,9,4138.08,2214,6.56973293768546,60,12.279169139465875,76.5,9.890484058065828,220,36.77777777777778,6,580,0.0,0.0,0.0,United Kingdom,Regular Customers,254.51897969566593
15003.0,443,7,1022.03,521,1.5787878787878789,30,3.097060606060606,81.36,5.056943479211414,253,46.857142857142854,4,209,0.0,0.0,0.0,United Kingdom,Regular Customers,385.0043633178825
15004.0,117,1,1220.77,623,4.045454545454546,48,7.927077922077922,112.5,10.923989426964148,154,154.0,1,0,0.0,0.0,0.0,United Kingdom,VIP Customers,277.02175470715395
15005.0,2,74,12889.98,8138,3.385191347753744,72,5.361888519134776,38.16,4.194291030395758,581,31.77027027027027,12,706,0.0894342762063228,522.92,6.261339000909798,United Kingdom,Regular Customers,1715.978636755088
15006.0,21,2,757.78,387,2.1263736263736264,25,4.163626373626373,38.25,5.017716131324011,165,84.0,2,402,0.27472527472527475,0.0,0.0,United Kingdom,Regular Customers,207.31426988531553
15007.0,129,1,156.91,69,5.75,12,13.075833333333334,29.7,9.253618907151292,12,12.0,1,0,1.0,0.0,0.0,United Kingdom,VIP Customers,9.325975947397751
15008.0,450,2,360.0,1500,125.0,216,30.0,43.2,11.705476573731708,6,6.0,2,157,0.0,0.0,0.0,United Kingdom,VIP Customers,-133.59649657211733
15010.0,6,1,308.94,184,9.2,24,15.447,30.0,5.758146723053393,20,20.0,1,0,0.0,0.0,0.0,United Kingdom,VIP Customers,81.56389164407753
15011.0,366,2,416.6,289,14.45,48,20.830000000000002,49.5,12.228971209472418,17,10.0,2,20,0.0,0.0,0.0,United Kingdom,VIP Customers,-15.706797405298516
15012.0,24,3,646.26,383,2.005235602094241,36,3.3835602094240835,12.75,2.7765722706220566,165,60.666666666666664,3,523,0.0,0.0,0.0,United Kingdom,Regular Customers,103.41575562675843
15013.0,458,10,1610.82,1715,5.044117647058823,120,4.737705882352941,42.5,5.298055136729299,177,32.2,8,189,0.31470588235294117,0.0,0.0,United Kingdom,Regular Customers,254.69170866714134
15014.0,13,2,257.67,149,4.515151515151516,50,7.808181818181819,82.5,14.80711916075876,29,14.5,2,133,0.0,0.0,0.0,United Kingdom,Regular Customers,238.84474836800072
15015.0,471,20,2265.77,1554,5.078431372549019,48,7.404477124183006,63.75,8.638552392074876,158,15.15,7,224,0.06535947712418301,0.0,0.0,United Kingdom,Regular Customers,433.69461947950924
15016.0,143,6,612.89,240,2.2429906542056073,24,5.727943925233645,25.5,4.84730439353858,93,17.666666666666668,3,370,0.0,0.0,0.0,United Kingdom,Regular Customers,153.0368544254606
15017.0,4,1,125.58,63,3.15,10,6.279,12.48,2.9837593736761017,20,20.0,1,0,1.0,0.0,0.0,United Kingdom,VIP Customers,41.203809011916206
15018.0,9,4,456.26,188,5.875,25,14.258125,51.0,13.40034988409366,30,8.0,3,329,0.0,0.0,0.0,United Kingdom,Regular Customers,111.01750746990712
15019.0,237,1,252.81,150,2.272727272727273,12,3.8304545454545456,17.85,3.445867282509779,64,64.0,1,0,0.0,0.0,0.0,United Kingdom,VIP Customers,90.64005660406684
15020.0,349,1,198.47,111,4.111111111111111,12,7.350740740740741,20.4,4.789522158537583,27,27.0,1,0,0.0,0.0,0.0,United Kingdom,VIP Customers,21.945950123611425
15021.0,56,13,1959.18,868,1.6628352490421456,14,3.753218390804598,41.5,4.611795149106201,329,39.0,7,411,0.0,463.17,6.14025086443609,United Kingdom,Regular Customers,426.23259366842683
15022.0,17,2,598.93,341,5.5,32,9.66016129032258,81.6,14.073552977701896,57,28.5,2,629,1.0,534.51,6.283219563849765,United Kingdom,Regular Customers,-81.9095634302569
15023.0,9,22,10808.52,4418,4.952914798206278,72,12.117174887892377,250.0,14.669049105578056,455,39.77272727272727,12,635,0.05605381165919283,691.64,6.54051038369367,United Kingdom,Regular Customers,770.4356291287719
15024.0,30,13,2975.69,1590,6.0227272727272725,36,11.27155303030303,88.5,10.48832975630653,148,19.923076923076923,5,364,0.0,583.7,6.371098895181625,United Kingdom,Regular Customers,393.1351035688266
15025.0,3,2,979.79,503,3.618705035971223,25,7.048848920863309,40.56,5.78890406377739,132,69.0,2,535,0.48201438848920863,0.0,0.0,United Kingdom,Regular Customers,87.82598550846001
15026.0,50,5,1048.89,655,4.746376811594203,60,7.600652173913044,76.5,8.190633533112953,109,27.2,4,368,0.0,0.0,0.0,United Kingdom,Regular Customers,174.9669935648062
15027.0,1,13,2974.04,2204,23.4468085106383,576,31.63872340425532,254.4,46.57651496988453,69,7.153846153846154,5,593,0.0,0.0,0.0,United Kingdom,Regular Customers,80.15971868428772
15028.0,13,5,848.24,611,6.298969072164948,48,8.744742268041238,59.0,10.988597128840677,64,19.2,3,351,0.0,114.7,4.751000634199631,United Kingdom,Regular Customers,165.80516898191615
15029.0,588,2,362.15,233,21.181818181818183,120,32.92272727272727,106.5,28.180572773068008,10,5.5,1,1,0.0,0.0,0.0,United Kingdom,VIP Customers,-37.81486590849704
15030.0,42,9,1964.66,1223,34.94285714285714,192,56.13314285714286,203.52,50.31635634962573,26,3.888888888888889,5,573,0.22857142857142856,0.0,0.0,United Kingdom,Regular Customers,-1.2475849638417742
15031.0,80,14,2412.33,1112,3.0299727520435966,30,6.5731062670299725,59.7,10.378306327976174,227,25.714285714285715,9,621,0.13896457765667575,391.4,5.972281727691208,United Kingdom,Regular Customers,155.04534396122756
15032.0,226,10,10515.05,6301,64.29591836734694,200,107.29642857142856,330.0,117.37478220394138,39,9.6,6,473,0.0,0.0,0.0,United Kingdom,Regular Customers,381.79458539846644
15033.0,9,9,2100.69,1271,3.20959595959596,36,5.304772727272727,52.02,5.890842986148662,273,42.333333333333336,6,290,0.33585858585858586,440.84,6.090947825592932,United Kingdom,Regular Customers,429.3351281344693
15034.0,40,14,7194.25,3987,6.143297380585516,200,11.08513097072419,212.5,16.97027285649437,370,45.785714285714285,9,507,0.04930662557781202,1006.0,6.914730892718563,United Kingdom,Regular Customers,578.8943771696827
15035.0,60,1,252.73,245,9.074074074074074,96,9.36037037037037,35.4,9.596994514101988,26,26.0,1,0,1.0,0.0,0.0,United Kingdom,VIP Customers,28.148829181981313
15036.0,42,3,429.56,316,2.6554621848739495,60,3.609747899159664,23.4,3.7828877549320747,107,38.333333333333336,2,107,0.0,0.0,0.0,United Kingdom,Regular Customers,336.6126013199814
15037.0,346,2,397.76,298,6.622222222222222,30,8.83911111111111,61.2,12.488635710884994,40,20.0,1,0,1.0,0.0,0.0,United Kingdom,VIP Customers,29.816707062988428
15038.0,13,10,1106.6299999999999,351,1.4747899159663866,16,4.649705882352941,49.5,5.062606389739734,190,23.3,6,382,0.9831932773109243,0.0,0.0,United Kingdom,Regular Customers,234.9396190120502
15039.0,2,104,38425.04,17460,6.621160409556314,480,14.571497914296549,375.0,25.424206740528675,555,25.028846153846153,12,698,0.011755783086841108,428.0,6.061456918928017,United Kingdom,Regular Customers,3051.396868541623
15040.0,512,1,7.49,1,1.0,1,7.49,7.49,0.0,1,1.0,1,0,0.0,0.0,0.0,United Kingdom,VIP Customers,-48.08758001495306
15041.0,140,2,289.4,194,1.8653846153846154,12,2.7826923076923076,16.5,2.9773253882491697,98,50.5,2,274,0.0,0.0,0.0,United Kingdom,Regular Customers,189.01226132851934
15042.0,169,2,315.45,238,26.444444444444443,72,35.05,76.5,31.288004890053312,9,4.5,2,396,0.0,0.0,0.0,United Kingdom,Regular Customers,-6.320919336872549
15043.0,1,6,2870.32,1019,19.980392156862745,100,56.28078431372549,350.4,83.96057117107141,39,8.333333333333334,5,501,0.0,0.0,0.0,United Kingdom,Regular Customers,105.03507807733897
15044.0,9,46,14810.28,4497,5.296819787985866,48,17.444381625441697,98.88,14.335876863607972,314,17.956521739130434,11,683,0.17667844522968199,851.07,6.747668683078812,United Kingdom,Regular Customers,1054.413128945205
15045.0,122,3,633.66,106,8.153846153846153,16,48.74307692307692,175.2,65.67860678899629,11,4.333333333333333,3,105,0.3076923076923077,0.0,0.0,United Kingdom,Regular Customers,207.2965965912958
15046.0,16,26,6685.89,3810,10.106100795755967,160,17.734456233421753,232.0,28.136975621243415,237,14.346153846153847,10,648,0.3448275862068966,708.89,6.565110028455069,United Kingdom,Regular Customers,497.84921703611246
15047.0,240,1,343.62,222,10.090909090909092,48,15.61909090909091,23.4,3.996572232600033,22,22.0,1,0,0.0,0.0,0.0,United Kingdom,VIP Customers,33.50447242583496
15048.0,35,5,377.52,180,1.894736842105263,24,3.973894736842105,30.0,4.805836941907835,86,19.0,4,303,0.0,0.0,0.0,United Kingdom,Regular Customers,164.5810015407799
15049.0,244,1,121.17000000000002,63,21.0,48,40.39000000000001,81.12,39.74928049663289,3,3.0,1,0,0.0,0.0,0.0,United Kingdom,VIP Customers,-2.8801512863839207
15050.0,41,5,3613.16,2265,17.423076923076923,96,27.79353846153846,122.4,24.562759132871037,98,24.2,3,409,0.0,419.11,6.040516581748254,United Kingdom,Regular Customers,264.37867338751937
15051.0,19,9,3666.23,2916,11.390625,156,14.3212109375,85.8,15.537873441269223,200,27.333333333333332,7,689,0.0,245.68,5.508091950123292,United Kingdom,Regular Customers,125.73774304285496
15052.0,289,1,207.73000000000002,79,2.8214285714285716,12,7.418928571428572,79.9,14.535892827446316,27,27.0,1,0,0.0,0.0,0.0,United Kingdom,VIP Customers,48.89307610780634
15053.0,126,2,478.6,514,12.85,96,11.965,33.0,10.028024833000867,28,19.5,2,125,0.0,215.35,5.3768974666708935,United Kingdom,Regular Customers,210.5901569669629
15054.0,10,1,168.42,111,1.6567164179104477,16,2.513731343283582,15.9,2.622169952551382,65,65.0,1,0,1.0,133.68,4.9029015942928735,United Kingdom,VIP Customers,97.09442871849207
15055.0,445,3,549.12,225,2.7777777777777777,36,6.779259259259259,45.0,7.885392789483885,77,25.666666666666668,3,248,0.35802469135802467,0.0,0.0,United Kingdom,VIP Customers,-139.5351183938405
15056.0,490,1,113.65,69,11.5,24,18.941666666666666,30.0,9.120384677559748,6,6.0,1,0,0.0,0.0,0.0,United Kingdom,VIP Customers,-37.83668290193151
15057.0,245,6,3184.56,1382,19.464788732394368,75,44.85295774647887,269.1,38.863082165629564,62,11.833333333333334,4,458,0.15492957746478872,0.0,0.0,United Kingdom,Regular Customers,151.24830085881155
15058.0,20,15,2885.33,1446,5.2202166064981945,32,10.416353790613718,91.44,12.260784578018718,180,18.066666666666666,9,603,0.5487364620938628,469.4,6.153583396584417,United Kingdom,Regular Customers,163.31303529646473
15059.0,11,27,3395.25,1580,2.646566164154104,48,5.687185929648241,54.45,5.796381171487158,309,21.85185185185185,9,693,0.7051926298157454,0.0,0.0,United Kingdom,Regular Customers,409.5304079206883
15061.0,5,135,117395.31999999999,70129,80.79377880184332,800,135.24806451612903,2978.4,223.96854127203952,131,6.42962962962963,12,703,0.02304147465437788,7566.66,8.931639183718282,United Kingdom,At-Risk Customers,6888.7131588176735
15062.0,41,8,2585.62,1872,11.773584905660377,200,16.26176100628931,39.0,5.899637570351915,98,19.875,7,539,0.0,0.0,0.0,United Kingdom,Regular Customers,33.519018335344214
15063.0,183,1,370.79999999999995,56,11.2,24,74.16,255.2,101.46340719688058,5,5.0,1,0,0.0,0.0,0.0,United Kingdom,VIP Customers,41.280068949782844
15064.0,380,4,1254.41,810,10.0,48,15.486543209876544,50.0,7.2834955825643615,75,20.25,4,306,0.0,0.0,0.0,United Kingdom,Regular Customers,106.08887684664072
15065.0,8,7,3304.71,1418,8.390532544378699,36,19.55449704142012,250.0,20.011593720332964,156,24.142857142857142,6,373,0.005917159763313609,0.0,0.0,United Kingdom,Regular Customers,333.9731565473734
15066.0,2,2,760.59,279,5.264150943396227,24,14.350754716981132,66.4,17.58902103466563,42,26.5,2,21,0.0,0.0,0.0,United Kingdom,VIP Customers,99.72615267292929
15067.0,48,6,3850.13,2150,12.07865168539326,96,21.62994382022472,102.0,15.54898777736933,170,29.666666666666668,4,528,0.21348314606741572,0.0,0.0,United Kingdom,Regular Customers,234.4296814458856
15068.0,16,4,1174.9,832,3.81651376146789,48,5.389449541284404,45.0,4.632497775530965,178,54.0,2,575,0.5229357798165137,0.0,0.0,United Kingdom,Regular Customers,136.34054645431905
15069.0,149,1,1109.53,520,7.428571428571429,25,15.850428571428571,29.7,4.430248933272943,70,70.0,1,0,0.0,0.0,0.0,United Kingdom,VIP Customers,142.74668345099542
15070.0,343,3,737.05,339,10.59375,36,23.0328125,106.2,17.770747117805712,26,10.666666666666666,2,351,0.0,0.0,0.0,United Kingdom,Regular Customers,64.10368711779262
15071.0,64,4,1455.56,416,7.703703703703703,48,26.954814814814814,142.8,29.412171703304775,41,13.5,4,476,0.0,0.0,0.0,United Kingdom,Regular Customers,32.36598736723997
15072.0,449,1,187.51999999999998,164,12.615384615384615,30,14.424615384615382,29.7,5.8496903271093705,13,13.0,1,0,0.0,0.0,0.0,United Kingdom,VIP Customers,-15.683544338921365
15073.0,156,8,2175.59,1133,6.625730994152047,48,12.722748538011697,64.68,15.56873224053813,109,21.375,5,496,0.0,181.45,5.206476162882456,United Kingdom,Regular Customers,121.25277864930868
15074.0,75,3,1553.13,1039,14.430555555555555,48,21.571250000000003,122.4,18.608063596458905,63,24.0,2,362,0.3055555555555556,0.0,0.0,United Kingdom,Regular Customers,176.7514727110616
15075.0,48,1,773.03,447,16.555555555555557,120,28.63074074074074,102.0,21.776542235577526,27,27.0,1,0,0.0,0.0,0.0,United Kingdom,VIP Customers,89.89781847686743
15076.0,143,5,1425.84,864,10.536585365853659,24,17.388292682926828,50.4,9.459915277056217,68,16.4,3,349,0.0,0.0,0.0,United Kingdom,Regular Customers,167.94902654288464
15077.0,426,4,2423.88,526,15.470588235294118,60,71.29058823529412,297.0,87.19571861678781,28,8.5,4,274,0.0,0.0,0.0,United Kingdom,Regular Customers,122.78413558750756
15078.0,4,60,15970.73,7927,10.654569892473118,72,21.466034946236558,76.5,10.784951170050105,104,12.4,12,702,0.03225806451612903,1130.64,7.0314231869822486,United Kingdom,Regular Customers,1137.1905936589546
15079.0,183,17,3544.7999999999997,1439,9.593333333333334,128,23.631999999999998,326.4,38.07538952195134,120,8.823529411764707,9,519,0.0,0.0,0.0,United Kingdom,Regular Customers,238.63505829682796
15080.0,398,2,546.25,287,9.258064516129032,20,17.620967741935484,35.4,6.2480500183863805,31,15.5,2,74,0.0,0.0,0.0,United Kingdom,VIP Customers,-35.10030371927709
15081.0,36,12,1748.87,722,7.443298969072165,24,18.02958762886598,53.1,10.394132751774533,72,8.083333333333334,8,470,0.09278350515463918,88.25,4.491441420659749,United Kingdom,Regular Customers,83.14317212462356
15082.0,639,1,93.35,43,7.166666666666667,10,15.558333333333332,22.95,4.773511984552533,6,6.0,1,0,0.0,0.0,0.0,United Kingdom,VIP Customers,-63.94050902993689
15083.0,227,1,88.2,38,7.6,24,17.64,34.8,9.632523033971939,5,5.0,1,0,0.0,0.0,0.0,United Kingdom,VIP Customers,10.903163554710346
15084.0,350,2,965.1999999999999,600,19.35483870967742,120,31.13548387096774,79.2,21.264844044997474,31,15.5,2,266,0.0,0.0,0.0,United Kingdom,Regular Customers,88.56560523756431
15085.0,700,1,347.54,169,18.77777777777778,25,38.61555555555556,61.2,15.901640725968429,9,9.0,1,0,0.0,0.0,0.0,United Kingdom,VIP Customers,-64.15783695870653
15086.0,535,2,218.53,95,8.636363636363637,12,19.866363636363637,34.0,7.768554914174545,10,5.5,2,60,0.0,0.0,0.0,United Kingdom,VIP Customers,-87.2580881824544
15087.0,252,1,306.94,470,31.333333333333332,288,20.462666666666667,60.48,11.716261877448472,15,15.0,1,0,0.0,0.0,0.0,United Kingdom,VIP Customers,-22.141389670323406
15088.0,13,2,844.39,337,7.837209302325581,24,19.636976744186047,85.0,16.392677885609512,40,21.5,1,24,0.0,295.88,5.693328016752342,United Kingdom,Regular Customers,374.2560799341553
15089.0,15,4,2182.93,1218,9.36923076923077,36,16.79176923076923,68.0,10.252017193483438,126,32.5,3,83,0.0,237.91,5.476086911973929,United Kingdom,Regular Customers,444.81756842054995
15090.0,278,1,381.32,208,9.043478260869565,36,16.57913043478261,31.8,4.97084400465123,23,23.0,1,0,0.0,0.0,0.0,United Kingdom,VIP Customers,33.110308168318795
15091.0,24,6,1023.11,574,9.566666666666666,32,17.051833333333335,83.4,15.28584229108827,56,10.0,4,684,0.0,0.0,0.0,United Kingdom,Regular Customers,-69.61996376584878
15092.0,185,4,773.16,228,4.956521739130435,12,16.80782608695652,38.25,5.375140272296147,39,11.5,3,247,0.15217391304347827,0.0,0.0,United Kingdom,Regular Customers,147.40879595626464
15093.0,87,33,12464.23,10170,31.9811320754717,288,39.19569182389937,243.36,53.215029458278245,104,9.606060606060606,12,614,0.06918238993710692,569.9200000000001,6.347249094761568,United Kingdom,Regular Customers,700.9902387955298
15094.0,433,2,83.0,28,5.6,6,16.6,17.7,1.2206555615733703,4,2.5,2,181,0.0,0.0,0.0,United Kingdom,VIP Customers,-161.1639737207139
15095.0,74,11,3135.74,2231,17.706349206349206,96,24.886825396825394,122.4,16.996481219395672,90,11.454545454545455,7,584,0.1984126984126984,0.0,0.0,United Kingdom,Regular Customers,98.61055040509308
15096.0,13,1,219.39,120,10.909090909090908,24,19.94454545454545,46.8,11.028455343914995,11,11.0,1,0,0.0,0.0,0.0,United Kingdom,VIP Customers,67.72151804986282
15097.0,553,4,338.96999999999997,128,2.9767441860465116,126,7.883023255813953,321.3,68.78123368556986,39,10.5,1,0,0.0,248.08,5.517774130004251,United Kingdom,Regular Customers,331.50447225075834
15098.0,152,5,649.5,60,12.0,60,129.9,38970.0,27558.28232219853,2,1.0,1,0,0.0,0.0,0.0,United Kingdom,At-Risk Customers,878.7109010032386
15099.0,54,1,410.48,343,14.91304347826087,96,17.84695652173913,79.68,15.474018528071971,23,23.0,1,0,0.0,0.0,0.0,United Kingdom,VIP Customers,76.97318842202878
15100.0,300,14,1750.1,226,9.826086956521738,32,76.09130434782608,350.4,159.44046954910638,11,1.6428571428571428,3,371,0.0,0.0,0.0,United Kingdom,Regular Customers,210.37723808492106
15101.0,307,10,1088.24,448,7.466666666666667,48,18.137333333333334,139.8,29.25254158835658,49,6.0,6,253,0.016666666666666666,215.25,5.376435145811989,United Kingdom,Regular Customers,172.67193374397948
15102.0,501,2,554.67,339,12.555555555555555,48,20.543333333333333,76.2,13.6490836547874,26,13.5,1,16,0.25925925925925924,0.0,0.0,United Kingdom,VIP Customers,1.9382510726907753
15103.0,1,2,703.36,329,9.4,25,20.096,85.0,12.891941440979599,35,17.5,2,55,0.0,0.0,0.0,United Kingdom,VIP Customers,74.95480754943468
15104.0,137,3,968.64,633,9.173913043478262,50,14.038260869565217,33.9,7.567404745221781,66,23.0,3,115,0.028985507246376812,0.0,0.0,United Kingdom,Regular Customers,266.33535039552044
15105.0,37,6,2513.55,1555,11.691729323308271,48,18.89887218045113,162.72,15.637994507072682,114,22.166666666666668,4,559,0.0,581.36,6.367088813205125,United Kingdom,Regular Customers,154.33415242663816
15106.0,22,6,1287.67,1022,10.989247311827956,36,13.845913978494625,39.6,6.099664145522444,86,15.5,4,217,0.0,120.06,4.7962862904635415,United Kingdom,Regular Customers,280.79262244325787
15107.0,281,12,740.26,320,6.808510638297872,48,15.750212765957446,51.0,16.25101876262875,33,3.9166666666666665,5,140,0.10638297872340426,0.0,0.0,United Kingdom,Regular Customers,256.70064606096844
15108.0,112,5,1291.75,497,8.147540983606557,24,21.17622950819672,60.0,11.514246995777945,50,12.2,3,85,0.3114754098360656,0.0,0.0,European Community,Regular Customers,324.59937854491636
15109.0,211,4,961.9,254,4.980392156862745,18,18.86078431372549,51.0,10.110748309227613,46,12.75,3,494,0.23529411764705882,0.0,0.0,United Kingdom,Regular Customers,-14.032030772503191
15110.0,5,8,1167.25,266,5.428571428571429,12,23.821428571428573,119.85,24.397376481225734,22,6.125,5,449,0.0,315.7,5.757954953544594,United Kingdom,Regular Customers,70.11770725233265
15111.0,37,4,2112.69,910,7.647058823529412,48,17.753697478991597,39.6,5.8247086004869635,100,29.75,3,525,0.0,329.68,5.801151140384475,United Kingdom,Regular Customers,97.92769385438908
15112.0,581,1,209.4,72,10.285714285714286,36,29.914285714285715,59.4,18.9704751804331,7,7.0,1,0,0.0,0.0,0.0,United Kingdom,VIP Customers,-53.171990022716216
15113.0,24,1,2142.79,1370,19.02777777777778,144,29.76097222222222,169.92,29.775218363916927,68,68.0,1,0,1.0,1196.72,7.0881750284864955,United Kingdom,Regular Customers,426.5932482819352
15114.0,41,11,2891.84,2968,15.142857142857142,48,14.754285714285714,40.8,5.6095132564563,127,17.818181818181817,9,350,0.0663265306122449,508.28,6.232997963533783,United Kingdom,Regular Customers,251.59097397884972
15115.0,688,2,187.99,87,5.8,12,12.532666666666668,17.85,5.088132504264445,14,7.5,1,14,0.0,340.11,5.832205005910728,United Kingdom,Regular Customers,188.08772399113073
15116.0,28,3,1202.75,531,14.75,50,33.40972222222222,157.92,30.88902750040271,32,12.0,3,147,0.0,150.0,5.017279836814924,United Kingdom,Regular Customers,262.39305843589966
15117.0,20,6,2136.22,2524,21.033333333333335,600,17.80183333333333,192.0,21.257824974843135,86,20.0,5,584,0.06666666666666667,348.1,5.855358414110991,United Kingdom,Regular Customers,-35.04483776050077
15118.0,104,1,244.8,1440,1440.0,1440,244.8,244.8,0.0,1,1.0,1,0,0.0,0.0,0.0,United Kingdom,VIP Customers,2.390759172718049
15119.0,216,1,266.4,88,6.285714285714286,24,19.02857142857143,39.95,8.29317871426953,14,14.0,1,0,0.0,0.0,0.0,United Kingdom,VIP Customers,31.262892403405033
15120.0,100,2,343.82,292,13.272727272727273,48,15.628181818181817,39.95,10.585978883303563,21,11.0,2,4,0.0,0.0,0.0,United Kingdom,VIP Customers,47.10828967079354
15121.0,20,2,457.72,199,7.107142857142857,24,16.34714285714286,25.5,4.678321048270184,28,14.0,2,238,0.0,0.0,0.0,United Kingdom,Regular Customers,161.1368039778533
15122.0,55,16,4451.22,2007,8.540425531914893,30,18.94136170212766,70.8,11.813633939469772,155,14.6875,9,534,0.0,0.0,0.0,United Kingdom,Regular Customers,258.3018005326943
15123.0,176,4,3526.33,1838,14.138461538461538,72,27.125615384615383,141.6,22.70504629234977,113,32.5,4,427,0.0,1129.84,7.030715998380943,United Kingdom,Regular Customers,201.28575900634877
15124.0,162,3,357.38,318,12.72,48,14.2952,34.8,6.713052658813277,25,8.333333333333334,3,459,0.0,93.44,4.547964712217312,United Kingdom,Regular Customers,-32.262363849509455
15125.0,13,35,15766.33,7935,30.637065637065636,176,60.873861003861,439.2,65.5184068680187,151,7.4,7,575,0.0,358.0,5.883322388488279,United Kingdom,Regular Customers,1072.0137296111684
15126.0,507,2,449.49,273,10.92,24,17.9796,46.5,8.876384624383961,25,12.5,2,150,0.0,0.0,0.0,United Kingdom,VIP Customers,-114.4144189245034
15127.0,36,2,711.5,464,16.571428571428573,48,25.410714285714285,60.0,14.027377709209423,27,14.0,2,454,0.0,0.0,0.0,United Kingdom,Regular Customers,24.961150665579254
15128.0,30,9,1732.22,1566,11.863636363636363,80,13.122878787878788,49.8,8.741132172054007,89,14.666666666666666,4,369,0.0,0.0,0.0,United Kingdom,Regular Customers,241.80580721074094
15129.0,20,23,6860.18,4002,19.333333333333332,144,33.14096618357488,408.0,43.38866189012235,86,9.0,10,559,0.0,0.0,0.0,United Kingdom,Regular Customers,444.1932575646358
15130.0,140,1,330.11,197,8.954545454545455,24,15.005,35.4,5.6030967203094795,22,22.0,1,0,0.0,0.0,0.0,United Kingdom,VIP Customers,61.294911393259554
15131.0,365,1,80.28,88,12.571428571428571,36,11.468571428571428,17.7,4.327013706824561,7,7.0,1,0,0.0,0.0,0.0,United Kingdom,VIP Customers,-15.3500207092587
15132.0,26,4,948.4300000000001,669,13.117647058823529,96,18.596666666666668,102.0,15.349363330987599,49,12.75,4,206,0.0,29.5,3.417726683613366,United Kingdom,Regular Customers,204.97649212746578
15133.0,98,5,1806.9,960,19.591836734693878,96,36.875510204081635,102.0,27.279774945707228,45,9.8,5,392,0.14285714285714285,0.0,0.0,United Kingdom,Regular Customers,63.6271785285073
15134.0,1,9,1444.9099999999999,987,12.3375,96,18.061374999999998,47.4,8.0001001170555,46,8.88888888888889,7,391,0.0,151.38,5.026377401044863,United Kingdom,Regular Customers,82.47852825283638
15135.0,203,3,293.78,82,3.9047619047619047,12,13.989523809523808,19.5,6.175508461811445,17,7.0,2,323,0.0,0.0,0.0,United Kingdom,Regular Customers,65.87117810682972
15136.0,58,2,578.65,373,12.433333333333334,24,19.288333333333334,45.0,8.4104188600984,29,15.0,1,8,0.9666666666666667,703.8,6.557914074621969,United Kingdom,Regular Customers,316.22367934675844
15137.0,491,5,747.55,507,12.675,48,18.68875,63.9,18.064069903384425,39,8.0,4,210,0.0,0.0,0.0,United Kingdom,Regular Customers,106.97844495492177
15138.0,355,2,486.59,278,8.424242424242424,48,14.745151515151514,39.95,8.856901306753722,31,16.5,1,8,0.0,0.0,0.0,United Kingdom,VIP Customers,37.09463017638518
15139.0,210,2,178.95999999999998,208,16.0,48,13.766153846153845,23.4,5.860519798421665,13,6.5,2,96,0.0,0.0,0.0,United Kingdom,VIP Customers,-52.99191693839211
15140.0,22,9,3239.44,2005,17.743362831858406,144,28.667610619469027,95.2,18.368813111704938,103,12.555555555555555,7,390,0.1504424778761062,0.0,0.0,United Kingdom,Regular Customers,195.62988713283903
15141.0,428,9,1378.31,1184,14.265060240963855,96,16.606144578313252,40.32,7.485171818306773,44,9.222222222222221,6,163,0.1927710843373494,0.0,0.0,United Kingdom,VIP Customers,-71.1527739714268
15142.0,16,7,2608.97,2154,15.062937062937063,48,18.244545454545452,53.1,10.779667331828527,115,20.428571428571427,4,454,0.0,0.0,0.0,United Kingdom,Regular Customers,226.08857514016833
15143.0,196,2,563.63,320,10.32258064516129,25,18.181612903225805,39.8,7.136828939510036,27,15.5,2,206,0.5483870967741935,0.0,0.0,United Kingdom,Regular Customers,139.04807407454538
15144.0,13,31,10784.37,4689,15.028846153846153,72,34.565288461538465,130.8,25.460148089760494,189,10.064516129032258,12,683,0.05448717948717949,1222.14,7.109176601744023,United Kingdom,Regular Customers,573.9711738833904
15145.0,14,3,1036.37,628,10.64406779661017,36,17.565593220338982,68.0,9.707812401606287,46,19.666666666666668,2,204,0.0,158.35999999999999,5.071165793836288,United Kingdom,Regular Customers,253.78091865451594
15146.0,135,3,1313.66,1459,15.357894736842105,96,13.828000000000001,81.6,9.958323109285827,90,31.666666666666668,2,126,0.0,0.0,0.0,United Kingdom,Regular Customers,345.31690273611
15147.0,189,2,608.65,363,12.517241379310345,36,20.98793103448276,87.6,16.47949838420678,28,14.5,2,21,0.0,0.0,0.0,United Kingdom,VIP Customers,49.61403361422373
15149.0,104,5,1554.61,380,5.507246376811594,36,22.530579710144927,220.0,26.479792677572632,62,13.8,3,515,0.2898550724637681,0.0,0.0,United Kingdom,Regular Customers,85.22586315245294
15150.0,3,13,8674.85,5938,10.71841155234657,72,15.658574007220217,51.0,6.427612249404149,488,42.61538461538461,6,510,0.09386281588447654,292.59,5.682184236214804,United Kingdom,Regular Customers,821.907724325171
15151.0,393,2,2085.61,795,13.947368421052632,48,36.58964912280702,295.0,52.29347084227465,56,28.5,2,86,0.3508771929824561,0.0,0.0,United Kingdom,VIP Customers,81.06849879383303
15152.0,19,14,3780.82,2109,9.586363636363636,36,17.185545454545455,45.0,9.137502340146858,166,15.714285714285714,6,651,0.19545454545454546,1417.15,7.257108484290134,United Kingdom,Regular Customers,216.89002210472873
15153.0,1,1,329.25,198,9.0,72,14.965909090909092,28.08,4.850521483099385,22,22.0,1,0,0.0,0.0,0.0,United Kingdom,VIP Customers,73.2865014802224
15154.0,44,4,1314.17,329,1.8587570621468927,6,7.424689265536723,39.8,7.691716474082246,166,42.75,2,403,0.4011299435028249,0.0,0.0,United Kingdom,Regular Customers,235.05775893518236
15155.0,353,1,383.96999999999997,192,8.0,25,15.99875,31.8,5.558817760217036,24,24.0,1,0,1.0,0.0,0.0,United Kingdom,VIP Customers,-11.766350579726748
15156.0,4,1,317.8,268,13.4,25,15.89,47.8,9.875384602770245,20,20.0,1,0,1.0,643.6899999999999,6.468769581105846,United Kingdom,VIP Customers,54.90806555192563
15157.0,93,6,2156.84,2834,22.85483870967742,200,17.393870967741936,90.0,15.502886734053964,117,20.666666666666668,4,605,0.0,430.7,6.067730902561432,United Kingdom,Regular Customers,73.61093973533761
15158.0,15,3,437.66,210,16.153846153846153,36,33.66615384615385,165.0,80.86285730981619,11,4.333333333333333,2,356,0.0,0.0,0.0,United Kingdom,Regular Customers,85.36901760357674
15159.0,5,33,17950.41,11162,16.390602055800294,96,26.358898678414096,250.0,25.997604818238667,367,20.636363636363637,11,396,0.042584434654919234,4098.99,8.318739813665035,United Kingdom,Regular Customers,1372.4216777555705
15160.0,327,4,589.27,307,13.347826086956522,36,25.620434782608694,106.2,20.347453822901254,17,5.75,3,63,0.0,0.0,0.0,United Kingdom,VIP Customers,-12.340896860458173
15161.0,358,1,119.92,144,4.363636363636363,25,3.633939393939394,9.0,2.236322231077651,33,33.0,1,0,0.0,0.0,0.0,United Kingdom,VIP Customers,21.39124240596186
15162.0,699,2,241.5,66,4.125,12,15.09375,65.7,25.615437240070687,12,8.0,1,2,0.0,0.0,0.0,United Kingdom,VIP Customers,-46.44042257141777
15163.0,162,1,155.0,48,4.8,14,15.5,69.3,19.79841463911245,10,10.0,1,0,0.0,149.47,5.013763728770787,United Kingdom,Regular Customers,287.00681826318595
15164.0,39,10,2011.21,910,2.5706214689265536,16,5.68138418079096,29.7,4.795927102813361,243,34.6,7,621,0.4576271186440678,0.0,0.0,United Kingdom,Regular Customers,142.27666098022144
15165.0,343,1,487.75,160,5.925925925925926,18,18.064814814814813,26.1,4.125129713923569,27,27.0,1,0,0.0,0.0,0.0,United Kingdom,VIP Customers,29.000866296000737
15166.0,438,1,167.16,140,11.666666666666666,24,13.93,19.8,4.662420362468793,12,12.0,1,0,1.0,0.0,0.0,United Kingdom,VIP Customers,-51.25910278386641
15167.0,291,5,1627.62,863,2.838815789473684,90,5.3540131578947365,79.2,6.511206258729691,262,59.4,4,352,0.12828947368421054,0.0,0.0,United Kingdom,Regular Customers,300.7608245213123
15169.0,352,2,569.22,356,6.033898305084746,48,9.647796610169491,40.8,7.499249633221154,58,29.0,2,344,0.8305084745762712,0.0,0.0,United Kingdom,Regular Customers,36.840664401295584
15170.0,377,1,81.15,33,8.25,12,20.2875,30.6,6.998615934597354,4,4.0,1,0,0.0,0.0,0.0,United Kingdom,VIP Customers,-17.251187914871394
15171.0,295,2,1034.5,190,27.142857142857142,100,147.78571428571428,745.0,292.3257111999754,5,3.5,1,6,0.0,0.0,0.0,United Kingdom,VIP Customers,90.54671145633543
15172.0,40,4,1247.95,1225,14.583333333333334,48,14.85654761904762,40.8,6.152289121249102,82,21.0,4,166,0.2976190476190476,376.1,5.9325104042643115,United Kingdom,Regular Customers,269.665572211724
15173.0,351,8,1399.26,828,9.409090909090908,48,15.900681818181818,101.88,16.225405139581987,68,11.0,5,236,0.06818181818181818,0.0,0.0,United Kingdom,Regular Customers,200.11712679512013
15174.0,293,2,481.46,382,11.235294117647058,36,14.160588235294117,37.8,6.783442828917387,34,17.0,2,87,0.0,0.0,0.0,United Kingdom,VIP Customers,-21.92371096780579
15175.0,42,1,224.14,454,19.73913043478261,80,9.745217391304347,19.5,4.598980983539344,23,23.0,1,0,0.0,0.0,0.0,United Kingdom,VIP Customers,69.10142775552075
15176.0,567,2,985.09,447,8.433962264150944,24,18.586603773584905,49.95,7.581905571159898,52,26.5,2,71,0.0,0.0,0.0,United Kingdom,VIP Customers,-24.709396738890035
15177.0,396,1,948.93,485,18.653846153846153,80,36.49730769230769,204.0,36.994868136831336,26,26.0,1,0,1.0,0.0,0.0,United Kingdom,VIP Customers,30.171580313269942
15178.0,230,1,40.5,30,10.0,10,13.5,19.5,5.5677643628300215,3,3.0,1,0,0.0,0.0,0.0,United Kingdom,VIP Customers,8.700566213657027
15179.0,20,16,6863.54,4941,17.15625,288,23.831736111111113,114.48,18.78752189238776,201,18.0,9,686,0.11458333333333333,563.28,6.335550582206301,United Kingdom,Regular Customers,279.5453720926129
15180.0,337,3,816.93,654,12.576923076923077,48,15.710192307692306,35.4,5.307652813972025,46,17.333333333333332,3,221,0.0,0.0,0.0,United Kingdom,Regular Customers,136.42112606736984
15181.0,36,8,953.4,638,27.73913043478261,100,41.452173913043474,238.8,88.43643510539194,17,2.875,4,664,0.0,0.0,0.0,United Kingdom,Regular Customers,-68.43247889245762
15182.0,124,14,2942.75,1174,9.171875,48,22.990234375,166.8,23.1136528649959,78,9.142857142857142,7,524,0.1484375,0.0,0.0,United Kingdom,Regular Customers,160.15735380486242
15183.0,518,4,637.03,295,7.564102564102564,24,16.33410256410256,95.4,14.0940033381033,33,9.75,2,36,0.0,0.0,0.0,United Kingdom,VIP Customers,17.782829754842766
15184.0,161,3,518.42,336,8.0,36,12.343333333333332,39.6,7.2919791106114324,34,14.0,3,533,0.0,166.97,5.123785392028911,United Kingdom,Regular Customers,-63.040521210812955
15185.0,40,1,310.62,666,31.714285714285715,96,14.791428571428572,79.9,15.745971639030182,21,21.0,1,0,0.0,0.0,0.0,United Kingdom,VIP Customers,86.77736572556725
15186.0,138,4,1221.05,663,15.418604651162791,96,28.396511627906975,60.0,14.111936501672707,26,10.75,4,528,0.37209302325581395,182.15,5.210305489224823,United Kingdom,Regular Customers,-77.66371279576938
15187.0,1,12,2885.96,1077,18.56896551724138,72,49.75793103448276,306.0,76.76573245827079,49,4.833333333333333,7,181,0.15517241379310345,1784.12,7.487240918844869,United Kingdom,Regular Customers,360.7878961617439
15188.0,695,1,310.43,233,10.130434782608695,36,13.496956521739131,39.0,10.121151764669783,23,23.0,1,0,0.0,0.0,0.0,United Kingdom,VIP Customers,-46.32387706769009
15189.0,1,52,14647.31,5854,24.493723849372383,216,61.285815899581586,350.4,73.03303616511761,89,4.596153846153846,11,478,0.0502092050209205,2453.82,7.805808717784996,United Kingdom,Regular Customers,1110.1113909791648
15190.0,404,1,834.4399999999999,790,19.75,60,20.860999999999997,51.0,10.453455519955703,40,40.0,1,0,0.0,0.0,0.0,United Kingdom,VIP Customers,53.482534186846436
15191.0,433,3,588.05,287,8.2,24,16.80142857142857,30.0,5.315314800514776,33,11.666666666666666,2,225,0.0,0.0,0.0,United Kingdom,Regular Customers,117.29463683857998
15192.0,90,5,1666.39,1448,15.912087912087912,72,18.311978021978025,69.6,12.49862083234077,56,18.2,5,560,0.0,0.0,0.0,United Kingdom,Regular Customers,-15.020590518272371
15193.0,31,1,499.32,144,7.578947368421052,48,26.28,70.8,16.647016416029498,19,19.0,1,0,0.0,0.0,0.0,United Kingdom,VIP Customers,78.32265200858743
15194.0,2,38,11074.88,8075,16.928721174004192,160,23.217777777777776,232.0,22.87991771285798,265,12.552631578947368,10,704,0.020964360587002098,706.64,6.561935489800413,United Kingdom,Regular Customers,901.2137812700634
15196.0,403,2,313.7,130,3.0952380952380953,12,7.469047619047619,35.4,6.008296625428919,34,20.0,2,293,1.0,0.0,0.0,United Kingdom,Regular Customers,27.188899776399666
15197.0,223,8,1125.25,774,16.82608695652174,60,24.46195652173913,419.4,93.01375278526326,36,5.75,5,475,0.0,302.59,5.715678106902588,United Kingdom,Regular Customers,97.27876687061669
15198.0,62,6,559.45,325,10.15625,36,17.4828125,91.8,16.646749025710694,28,5.333333333333333,5,597,0.15625,0.0,0.0,United Kingdom,Regular Customers,-94.82905064281763
15199.0,29,10,3122.4,894,17.529411764705884,100,61.22352941176471,255.0,56.159646858702,17,5.1,8,516,0.0,0.0,0.0,United Kingdom,Regular Customers,29.85344537536568
15200.0,465,1,549.05,195,6.5,18,18.301666666666666,45.9,6.177189453159899,30,30.0,1,0,0.0,0.0,0.0,United Kingdom,VIP Customers,17.72279381523714
15201.0,49,14,1525.9,1409,10.755725190839694,96,11.648091603053436,120.0,19.482160838710644,44,9.357142857142858,4,532,0.12213740458015267,0.0,0.0,United Kingdom,Regular Customers,165.1887112831531
15202.0,390,8,-2570.1800000000003,-2,-0.25,1,-321.27250000000004,2667.88,2098.9757430283535,1,1.0,1,2,0.0,0.0,0.0,United Kingdom,VIP Customers,92.88236775031206
15203.0,50,14,4090.1,3893,12.203761755485893,50,12.821630094043886,33.0,5.936403192929924,143,22.785714285714285,12,651,0.06583072100313479,310.08,5.740050113826743,United Kingdom,Regular Customers,78.62707870001043
15204.0,327,1,316.58,258,28.666666666666668,96,35.175555555555555,68.0,19.57198451301701,9,9.0,1,0,0.0,0.0,0.0,United Kingdom,VIP Customers,-5.886707748571155
15205.0,55,3,648.8299999999999,377,9.921052631578947,36,17.074473684210524,87.6,13.738207856955375,38,12.666666666666666,2,42,0.0,0.0,0.0,United Kingdom,Regular Customers,334.5157114020317
15206.0,70,3,236.7,90,15.0,24,39.449999999999996,61.2,23.825931251474724,3,2.0,3,176,0.3333333333333333,183.60000000000002,5.218191322068752,United Kingdom,Regular Customers,132.15998384068826
15207.0,380,5,653.77,398,14.74074074074074,48,24.213703703703704,100.8,25.06143791505927,20,5.4,2,137,0.0,0.0,0.0,United Kingdom,VIP Customers,-29.509197024892103
15208.0,1,6,760.42,306,7.65,25,19.0105,66.0,11.532641512524798,27,6.666666666666667,4,392,0.0,207.6,5.340418542566672,United Kingdom,Regular Customers,86.37986215282729
15209.0,700,1,178.98,94,7.230769230769231,12,13.767692307692307,34.0,7.544681519505593,13,13.0,1,0,0.0,0.0,0.0,United Kingdom,VIP Customers,-61.02507760898908
15210.0,195,3,1176.19,841,12.552238805970148,144,17.55507462686567,93.6,12.764703865232196,66,22.333333333333332,3,350,0.0,0.0,0.0,United Kingdom,Regular Customers,102.0248460161186
15211.0,30,2,894.41,240,4.615384615384615,12,17.20019230769231,38.25,5.660942030101965,52,26.0,2,304,0.0,0.0,0.0,United Kingdom,Regular Customers,159.11539363547928
15212.0,209,3,195.43,81,6.75,12,16.285833333333333,39.8,14.259244183930988,7,4.0,2,137,0.4166666666666667,0.0,0.0,United Kingdom,Regular Customers,165.95909749670702
15213.0,289,3,325.05,270,10.8,25,13.002,19.5,5.385174091893408,22,8.333333333333334,1,11,0.0,0.0,0.0,United Kingdom,VIP Customers,49.697054118627136
15214.0,9,5,1244.55,895,10.914634146341463,48,15.177439024390244,30.0,6.050886642708053,82,16.4,5,204,0.21951219512195122,416.89,6.035218239997905,United Kingdom,Regular Customers,227.518488078206
15215.0,15,11,1496.46,470,2.9559748427672954,25,9.411698113207548,175.2,26.874661403991183,85,14.454545454545455,7,568,0.33962264150943394,0.0,0.0,United Kingdom,Regular Customers,62.859554805186036
15216.0,58,2,486.09,217,9.041666666666666,24,20.25375,63.6,11.427761701225661,24,12.0,2,531,0.0,0.0,0.0,United Kingdom,Regular Customers,-37.01655223803792
15217.0,533,1,426.24,190,6.785714285714286,12,15.222857142857142,19.8,2.9077837521394803,28,28.0,1,0,0.0,0.0,0.0,United Kingdom,VIP Customers,-5.869982973029153
15218.0,24,24,10600.58,5982,15.417525773195877,192,27.321082474226802,255.2,35.404982457339955,136,15.875,10,628,0.005154639175257732,807.68,6.6954032887461254,United Kingdom,Regular Customers,544.3787060419836
15219.0,146,2,685.45,271,10.423076923076923,24,26.36346153846154,89.2,19.751514563153417,26,13.0,2,472,0.0,0.0,0.0,United Kingdom,Regular Customers,-2.426790715820431
15220.0,22,7,1758.92,1377,11.571428571428571,120,14.780840336134455,46.8,8.219668905434657,110,17.0,6,229,0.0,0.0,0.0,United Kingdom,Regular Customers,257.0600321925665
15221.0,336,7,1702.0,214,5.487179487179487,16,43.64102564102564,175.6,61.47493163862006,21,5.571428571428571,4,271,0.3076923076923077,0.0,0.0,United Kingdom,Regular Customers,133.38835350398196
15222.0,289,17,3415.66,4141,26.37579617834395,288,21.75579617834395,165.0,27.720643888611537,98,9.235294117647058,7,404,0.0,0.0,0.0,United Kingdom,Regular Customers,299.84715849540527
15223.0,196,6,1117.1,270,5.869565217391305,24,24.28478260869565,175.2,45.89509398807146,26,7.666666666666667,3,509,0.17391304347826086,0.0,0.0,United Kingdom,Regular Customers,19.714179436614103
15224.0,328,8,837.26,423,10.575,45,20.9315,94.5,21.325193425040357,24,4.875,4,334,0.1,0.0,0.0,United Kingdom,Regular Customers,92.07228401507876
15225.0,204,1,409.4,226,9.826086956521738,24,17.8,35.4,5.382125298362416,23,23.0,1,0,0.0,0.0,0.0,United Kingdom,VIP Customers,52.27559133648734
15226.0,281,1,154.41,71,8.875,24,19.30125,30.6,8.568197739314845,8,8.0,1,0,0.0,0.0,0.0,United Kingdom,VIP Customers,5.369687260537802
15227.0,7,9,2488.4900000000002,1217,10.141666666666667,96,20.737416666666668,71.4,10.170251601610259,86,13.333333333333334,6,597,0.10833333333333334,0.0,0.0,United Kingdom,Regular Customers,43.427634986925426
15228.0,36,7,5570.5199999999995,3372,14.348936170212767,120,23.704340425531914,102.0,15.174457814666233,184,33.57142857142857,5,433,0.0,0.0,0.0,United Kingdom,Regular Customers,377.62228787224535
15229.0,556,1,160.5,114,12.666666666666666,24,17.833333333333332,30.0,7.291776189653657,9,9.0,1,0,1.0,0.0,0.0,United Kingdom,VIP Customers,-77.0652856468335
15230.0,209,2,429.6,351,15.26086956521739,25,18.678260869565218,59.4,14.000193392227224,23,11.5,1,1,0.0,0.0,0.0,United Kingdom,VIP Customers,71.43299558652475
15231.0,566,2,228.35999999999999,182,10.705882352941176,48,13.432941176470587,30.0,10.974043673998365,14,8.5,2,25,0.8235294117647058,0.0,0.0,United Kingdom,VIP Customers,-100.18200956909038
15232.0,83,2,612.06,686,22.129032258064516,40,19.743870967741934,50.0,10.872788565165594,26,15.5,2,27,0.0,0.0,0.0,United Kingdom,VIP Customers,62.73471769540794
15233.0,371,1,59.4,12,12.0,12,59.4,59.4,0.0,1,1.0,1,0,0.0,0.0,0.0,United Kingdom,VIP Customers,-21.256572511213392
15234.0,247,1,197.0,196,14.0,48,14.071428571428571,19.8,5.162520042267457,14,14.0,1,0,0.0,0.0,0.0,United Kingdom,VIP Customers,17.73470775776798
15235.0,188,16,2772.7599999999998,1676,9.415730337078651,25,15.577303370786515,35.4,5.774052374433441,161,11.125,6,170,0.02247191011235955,0.0,0.0,United Kingdom,Regular Customers,503.8584625065462
15236.0,269,1,321.05,269,17.933333333333334,25,21.403333333333332,90.0,20.52779010674716,15,15.0,1,0,0.0,0.0,0.0,United Kingdom,VIP Customers,41.14151286393641
15237.0,48,3,1328.72,983,10.684782608695652,25,14.442608695652174,30.0,4.78937144458532,89,30.666666666666668,3,149,0.0,83.6,4.437934266612178,United Kingdom,Regular Customers,309.040444988389
15238.0,65,4,757.33,574,14.717948717948717,80,19.41871794871795,135.2,27.35010787811758,37,9.75,2,88,0.0,299.21,5.704482229770474,United Kingdom,Regular Customers,321.9927013811691
15239.0,28,2,445.53999999999996,370,11.212121212121213,48,13.50121212121212,30.0,8.23599749483015,30,16.5,2,21,0.0,318.8,5.767695800399854,United Kingdom,Regular Customers,307.3087922607229
15240.0,15,20,4320.45,3155,13.037190082644628,100,17.85309917355372,101.76,13.880060024685733,135,12.1,9,689,0.15702479338842976,0.0,0.0,United Kingdom,Regular Customers,215.21200936577833
15241.0,37,12,3032.31,3325,17.972972972972972,180,16.390864864864863,85.0,11.675683403706858,120,15.416666666666666,8,587,0.0,0.0,0.0,United Kingdom,Regular Customers,121.24604560733269
15242.0,392,1,302.03999999999996,196,49.0,72,75.50999999999999,102.0,22.3099708650639,4,4.0,1,0,0.0,0.0,0.0,United Kingdom,VIP Customers,-20.005062248778387
15243.0,44,2,927.28,543,8.901639344262295,48,15.201311475409836,35.4,4.824314277839506,56,30.5,1,360,0.0,0.0,0.0,United Kingdom,Regular Customers,150.43809149043165
15244.0,35,4,850.18,470,9.4,25,17.0036,79.9,16.651695845487097,44,12.5,3,600,0.0,0.0,0.0,United Kingdom,Regular Customers,-36.64629569272185
15245.0,104,8,4610.84,3021,20.41216216216216,96,31.154324324324325,244.8,39.055261078473194,72,18.5,6,461,0.10810810810810811,0.0,0.0,United Kingdom,Regular Customers,232.4301306878854
15246.0,208,3,780.4,359,7.03921568627451,36,15.301960784313724,23.4,3.4667414207626406,45,17.0,3,317,0.0,0.0,0.0,United Kingdom,Regular Customers,86.45428976172491
15247.0,92,4,967.11,513,28.5,100,53.72833333333333,163.2,40.40868693006201,13,4.5,3,414,0.3888888888888889,0.0,0.0,United Kingdom,Regular Customers,26.520668531637938
15248.0,381,4,1865.03,1057,9.522522522522523,48,16.80207207207207,102.0,11.318327624386045,103,27.75,3,122,0.06306306306306306,0.0,0.0,United Kingdom,VIP Customers,74.51890910899152
15249.0,2,21,9147.15,4947,9.624513618677042,48,17.79601167315175,59.4,9.492890201310264,304,24.476190476190474,9,591,0.0,0.0,0.0,United Kingdom,Regular Customers,633.612536912207
15250.0,611,1,60.0,48,16.0,16,20.0,20.0,0.0,3,3.0,1,0,0.0,0.0,0.0,United Kingdom,VIP Customers,-63.072709210343646
15251.0,1,30,19731.72,11736,48.2962962962963,288,81.2004938271605,348.0,49.547769167816156,181,8.1,11,648,0.14814814814814814,363.88,5.899568532403445,United Kingdom,Regular Customers,997.9244236994978
15252.0,6,7,2053.06,1415,11.694214876033058,36,16.967438016528924,81.6,13.389891991655844,106,17.285714285714285,5,575,0.0,0.0,0.0,United Kingdom,Regular Customers,90.24763493737169
15253.0,50,10,1755.69,1311,12.367924528301886,48,16.563113207547172,53.1,8.526195641691277,87,10.6,6,506,0.22641509433962265,277.59999999999997,5.629777061345705,United Kingdom,Regular Customers,99.62754056681277
15254.0,97,4,1073.4,710,10.441176470588236,72,15.78529411764706,79.0,11.149280610028566,65,17.0,4,611,0.0,0.0,0.0,United Kingdom,Regular Customers,-59.985443032062534
15255.0,37,11,3647.37,2195,11.432291666666666,60,18.99671875,165.2,16.80374927510491,137,17.363636363636363,6,670,0.171875,0.0,0.0,United Kingdom,Regular Customers,159.01630225489725
15256.0,119,2,170.4,92,9.2,12,17.04,25.2,7.720096430025269,6,5.0,2,413,0.0,0.0,0.0,United Kingdom,Regular Customers,-6.565245628196095
15257.0,251,3,600.9,70,5.384615384615385,24,46.223076923076924,290.0,89.94335165208297,11,4.333333333333333,2,132,0.0,0.0,0.0,United Kingdom,Regular Customers,227.51549392778446
15258.0,139,2,623.16,142,4.176470588235294,12,18.328235294117647,38.25,5.97422112108056,32,17.0,2,48,0.0,0.0,0.0,United Kingdom,VIP Customers,33.69381484261942
15259.0,483,4,1182.3799999999999,631,11.070175438596491,48,20.74350877192982,295.0,37.34211919589059,50,14.25,3,169,0.0,0.0,0.0,United Kingdom,VIP Customers,-0.9090902443529245
15260.0,70,30,8677.88,4431,11.449612403100776,288,22.42346253229974,244.8,23.006948925501607,187,12.9,10,633,0.24031007751937986,0.0,0.0,United Kingdom,Regular Customers,555.4649358733411
15261.0,105,4,1508.0,806,8.76086956521739,24,16.391304347826086,70.8,8.756437157119,87,23.0,3,299,0.0,0.0,0.0,United Kingdom,Regular Customers,221.07199826061694
15262.0,294,3,418.82,218,8.384615384615385,12,16.108461538461537,23.6,3.828522108916382,22,8.666666666666666,3,164,0.34615384615384615,0.0,0.0,United Kingdom,VIP Customers,-114.83075618639293
15263.0,77,1,156.51,89,7.416666666666667,16,13.042499999999999,17.4,4.250249457919554,12,12.0,1,0,0.0,0.0,0.0,United Kingdom,VIP Customers,51.074770184508594
15264.0,34,3,844.2,441,7.7368421052631575,24,14.810526315789474,29.7,5.637906913110773,52,19.0,3,466,0.5614035087719298,0.0,0.0,United Kingdom,Regular Customers,15.691216380454733
15265.0,121,4,3345.64,1570,8.134715025906736,24,17.334922279792746,63.75,5.748376593219148,179,48.25,3,586,0.0,0.0,0.0,United Kingdom,Regular Customers,182.0292924932887
15266.0,308,6,841.7,235,5.108695652173913,40,18.297826086956523,158.0,21.952426331404656,39,7.666666666666667,3,363,0.3695652173913043,0.0,0.0,United Kingdom,Regular Customers,96.86590928389069
15267.0,13,4,1587.76,848,94.22222222222223,144,176.4177777777778,306.0,78.0495409624198,8,2.25,3,140,0.0,129.6,4.8721392168423305,United Kingdom,Regular Customers,247.2737089749737
15268.0,449,4,941.25,422,15.62962962962963,144,34.861111111111114,266.4,55.93058770499056,21,6.75,2,126,0.0,0.0,0.0,United Kingdom,VIP Customers,-26.28012300495621
15269.0,350,2,816.56,346,10.484848484848484,24,24.744242424242422,45.0,10.863269831841329,32,16.5,1,10,0.5454545454545454,408.8,6.0156692358048,United Kingdom,Regular Customers,278.67965921607515
15270.0,78,29,6711.99,3144,16.634920634920636,192,35.513174603174605,290.0,67.3559537281913,66,6.413793103448276,10,614,0.06349206349206349,529.2,6.273254293854925,United Kingdom,Regular Customers,377.5499873096842
15271.0,1,24,4083.07,2172,3.9707495429616086,60,7.464478976234004,43.35,7.418698621907283,367,21.833333333333332,9,460,0.02010968921389397,375.22,5.930174078664875,United Kingdom,Regular Customers,622.619368298121
15272.0,27,6,2030.95,665,2.325174825174825,42,7.101223776223776,125.0,9.784554543765594,257,47.166666666666664,5,605,0.5769230769230769,0.0,0.0,United Kingdom,Regular Customers,178.52850761420305
15273.0,570,1,228.96,216,216.0,216,228.96,228.96,0.0,1,1.0,1,0,0.0,0.0,0.0,United Kingdom,VIP Customers,-62.86816866968553
15275.0,1,2,609.19,497,11.833333333333334,48,14.50452380952381,24.9,6.038761867275708,41,21.0,1,6,0.0,0.0,0.0,United Kingdom,VIP Customers,121.72300860317542
15276.0,36,5,601.3,313,1.7197802197802199,12,3.3038461538461537,19.8,3.431779097976088,160,34.0,2,368,0.0,0.0,0.0,United Kingdom,Regular Customers,257.0501784333575
15277.0,17,2,476.34000000000003,373,14.346153846153847,48,18.320769230769233,45.0,10.985260278419233,23,13.0,1,378,0.5384615384615384,0.0,0.0,United Kingdom,Regular Customers,74.48188278058814
15278.0,532,4,496.16,458,15.793103448275861,36,17.10896551724138,61.2,11.803271442645404,29,7.25,2,103,0.0,0.0,0.0,United Kingdom,VIP Customers,-46.784325599453666
15279.0,325,7,1554.84,738,7.608247422680412,60,16.02927835051546,43.0,8.009174198929452,74,13.857142857142858,5,321,0.010309278350515464,0.0,0.0,United Kingdom,Regular Customers,122.52160274412262
15280.0,142,3,397.52,507,8.45,50,6.625333333333333,25.5,5.712968733628115,48,19.666666666666668,3,399,0.38333333333333336,0.0,0.0,United Kingdom,Regular Customers,27.34574904888072
15281.0,29,22,8317.62,5181,9.523897058823529,48,15.289742647058825,139.8,9.97248880163106,428,24.727272727272727,9,368,0.09558823529411764,0.0,0.0,United Kingdom,Regular Customers,918.2819062472896
15282.0,540,1,348.59,395,14.62962962962963,30,12.91074074074074,39.6,11.313204988972274,27,27.0,1,0,0.0,0.0,0.0,United Kingdom,VIP Customers,-4.7895720878411225
15283.0,360,4,135.43,25,2.5,6,13.543000000000001,33.9,11.379999072446749,9,2.5,3,127,0.1,0.0,0.0,United Kingdom,VIP Customers,-103.07258978407214
15284.0,470,1,24.75,5,5.0,5,24.75,24.75,0.0,1,1.0,1,0,0.0,0.0,0.0,United Kingdom,VIP Customers,-40.10555522094148
15285.0,378,1,94.92,120,20.0,36,15.82,23.4,5.491447896502342,6,6.0,1,0,0.0,0.0,0.0,United Kingdom,VIP Customers,-16.481093290085283
15286.0,20,1,240.55,55,18.333333333333332,27,80.18333333333334,114.75,30.139522778792188,3,3.0,1,0,0.0,0.0,0.0,United Kingdom,VIP Customers,49.053737695799754
15287.0,13,5,708.87,752,23.5,200,22.1521875,90.0,21.243652218406627,22,6.4,4,695,0.0,145.71,4.988457849151553,United Kingdom,Regular Customers,-169.8334171001782
15288.0,13,10,3715.38,1336,8.732026143790849,72,24.283529411764707,135.0,26.791191317262143,128,15.1,9,622,0.2679738562091503,0.0,0.0,United Kingdom,Regular Customers,48.06100053860828
15289.0,105,6,1328.9099999999999,1369,15.382022471910112,128,14.931573033707863,90.0,11.16565379949484,65,14.833333333333334,5,486,0.3146067415730337,241.79999999999998,5.492238059185343,United Kingdom,Regular Customers,27.826718538674953
15290.0,1,27,8817.87,5207,19.073260073260073,80,32.299890109890114,122.4,22.94692734594836,86,10.11111111111111,12,622,0.05860805860805861,1537.71,7.33869968203487,United Kingdom,Regular Customers,417.36709671129177
15291.0,2,52,12804.32,4190,16.24031007751938,288,49.629147286821706,408.0,62.160771520321134,116,4.961538461538462,11,704,0.11627906976744186,318.12,5.765567207597151,United Kingdom,Regular Customers,903.1222647772835
15292.0,171,1,178.39,55,2.2916666666666665,16,7.432916666666666,15.95,4.804006913768571,24,24.0,1,0,1.0,0.0,0.0,United Kingdom,VIP Customers,13.51069568055459
15293.0,636,1,247.5,178,9.368421052631579,24,13.026315789473685,23.6,4.540293933860226,19,19.0,1,0,0.0,0.0,0.0,United Kingdom,VIP Customers,-42.46522811025068
15294.0,370,2,222.3,95,5.588235294117647,12,13.076470588235296,19.8,7.463831908926266,15,8.5,2,10,0.0,0.0,0.0,United Kingdom,VIP Customers,-19.519822803154426
15295.0,624,1,207.04,139,2.673076923076923,12,3.9815384615384612,13.9,2.798122188683945,50,50.0,1,0,0.0,0.0,0.0,United Kingdom,VIP Customers,-2.5631802698340493
15296.0,14,20,10204.13,5426,9.937728937728938,96,18.688882783882782,238.8,16.491604815533865,342,27.3,7,643,0.0,0.0,0.0,United Kingdom,Regular Customers,756.9622370688477
15297.0,34,1,230.46,96,6.857142857142857,12,16.461428571428574,24.96,4.893475809126423,14,14.0,1,0,0.0,404.58,6.0053181413965175,United Kingdom,Regular Customers,311.3583802368239
15298.0,11,25,7028.85,4850,12.340966921119593,360,17.885114503816794,990.0,71.54367141074172,190,15.72,11,690,0.15012722646310434,929.58,6.835808047668749,United Kingdom,Regular Customers,618.1343732934869
15299.0,37,15,5408.61,3346,196.8235294117647,1824,318.1535294117647,1003.2,421.91040058792663,10,1.0666666666666667,9,671,0.0,0.0,0.0,United Kingdom,Regular Customers,-326.2562091953545
15300.0,34,1,496.44,292,10.428571428571429,24,17.73,34.8,5.107254825427437,28,28.0,1,0,0.0,0.0,0.0,United Kingdom,VIP Customers,94.6312197838505
15301.0,21,19,6867.44,3756,10.7621776504298,150,19.677478510028653,622.5,34.39095184654205,231,18.36842105263158,10,399,0.09455587392550144,0.0,0.0,United Kingdom,Regular Customers,699.2004116324287
15302.0,692,2,291.05,101,6.3125,18,18.190625,41.7,12.949932030066156,15,8.0,1,8,0.0,0.0,0.0,United Kingdom,VIP Customers,-48.97830956570496
15303.0,260,4,1178.78,510,7.183098591549296,24,16.602535211267604,35.4,9.264577041970108,63,17.75,4,393,0.29577464788732394,0.0,0.0,United Kingdom,Regular Customers,38.861604839213015
15304.0,31,11,782.3,108,4.0,8,28.97407407407407,102.0,24.740197632949073,8,2.4545454545454546,7,360,0.037037037037037035,0.0,0.0,United Kingdom,Regular Customers,80.54535917541617
15305.0,525,1,93.6,40,8.0,12,18.72,30.0,6.4013279872226505,5,5.0,1,0,0.0,0.0,0.0,United Kingdom,VIP Customers,-43.2337116137997
15306.0,34,10,3480.98,3073,18.85276073619632,288,21.35570552147239,207.36,27.704058466543938,123,16.3,6,594,0.17177914110429449,0.0,0.0,United Kingdom,Regular Customers,149.39189383949122
15307.0,66,1,205.3,37,3.0833333333333335,6,17.108333333333334,22.5,2.770611462978503,12,12.0,1,0,0.0,0.0,0.0,United Kingdom,VIP Customers,55.859305342607115
15308.0,241,2,302.27,173,8.238095238095237,48,14.393809523809523,25.5,6.985653495694213,19,10.5,1,3,0.0,0.0,0.0,United Kingdom,VIP Customers,38.08078011445079
15309.0,581,10,715.53,417,6.836065573770492,24,11.73,29.5,9.648617863024043,49,6.1,4,124,0.0,0.0,0.0,United Kingdom,VIP Customers,-15.37756783150877
15310.0,449,1,1634.6399999999999,1476,32.8,288,36.32533333333333,201.6,29.151011022541965,45,45.0,1,0,0.0,0.0,0.0,United Kingdom,VIP Customers,70.07026216312397
15311.0,5,255,103937.67,63992,14.92002797854978,1200,24.23354394963861,408.0,45.085798787602975,853,16.76078431372549,12,703,0.041734670086267196,7801.69,8.962223825017947,United Kingdom,At-Risk Customers,8029.809862379161
15312.0,45,14,2916.49,1689,10.236363636363636,32,17.67569696969697,81.6,9.732644730195286,118,11.785714285714286,8,648,0.2545454545454545,0.0,0.0,United Kingdom,Regular Customers,93.07549270720045
15313.0,80,1,52.0,25,25.0,25,52.0,52.0,0.0,1,1.0,1,0,1.0,0.0,0.0,United Kingdom,VIP Customers,0.05585528397836015
15314.0,169,4,800.65,738,14.470588235294118,50,15.699019607843137,127.5,17.437034983609106,49,12.75,3,228,0.0,0.0,0.0,United Kingdom,Regular Customers,208.81849603531478
15315.0,34,3,551.54,838,22.05263157894737,96,14.514210526315788,34.8,8.173318367937835,35,12.666666666666666,2,51,0.0,0.0,0.0,United Kingdom,Regular Customers,309.97453193473973
15316.0,297,1,165.0,100,100.0,100,165.0,165.0,0.0,1,1.0,1,0,0.0,0.0,0.0,United Kingdom,VIP Customers,-8.60444295579677
15317.0,647,2,112.05,39,6.5,12,18.675,59.4,24.48701186343487,6,3.0,2,53,0.8333333333333334,0.0,0.0,United Kingdom,VIP Customers,-139.66767656732176
15319.0,254,1,204.5,175,10.9375,25,12.78125,25.5,6.010126870541088,16,16.0,1,0,0.0,0.0,0.0,United Kingdom,VIP Customers,25.858565099025213
15320.0,14,1,267.13,326,9.055555555555555,240,7.420277777777778,69.6,11.075888996531702,36,36.0,1,0,0.0,0.0,0.0,United Kingdom,VIP Customers,60.03838241194427
15321.0,19,18,6573.4,3615,11.021341463414634,60,20.040853658536584,92.5,13.625764828403096,243,18.22222222222222,7,672,0.0,0.0,0.0,United Kingdom,Regular Customers,432.58010268485555
15322.0,34,3,1314.15,920,10.222222222222221,48,14.601666666666668,79.95,11.849328360049343,76,29.666666666666668,3,412,0.0,0.0,0.0,United Kingdom,Regular Customers,128.8339745000905
15323.0,503,4,320.9,139,3.7567567567567566,16,8.672972972972973,23.25,12.872508359735933,30,9.25,4,128,0.0,0.0,0.0,United Kingdom,VIP Customers,-130.76932267695864
15324.0,671,1,140.22,74,9.25,16,17.5275,35.4,8.066530055907382,8,8.0,1,0,0.0,0.0,0.0,United Kingdom,VIP Customers,-64.71392380992154
15325.0,74,9,1596.26,1374,6.1066666666666665,25,7.094488888888889,23.8,5.867416369170193,164,24.666666666666668,5,557,0.21333333333333335,0.0,0.0,United Kingdom,Regular Customers,144.5571905024431
15326.0,304,10,1529.82,1320,9.04109589041096,30,10.478219178082192,33.9,9.796799736784667,95,14.6,4,404,0.00684931506849315,0.0,0.0,United Kingdom,Regular Customers,182.93824188818166
15327.0,23,1,208.75,116,11.6,25,20.875,38.25,9.357327788067133,10,10.0,1,0,0.0,0.0,0.0,United Kingdom,VIP Customers,61.56920314493186
15328.0,378,1,107.24,88,11.0,30,13.405,23.7,5.713010214789199,8,8.0,1,0,0.0,0.0,0.0,United Kingdom,VIP Customers,-13.984386035440394
15329.0,5,20,2735.18,1159,6.660919540229885,25,15.719425287356321,76.5,14.022860308385367,99,8.7,9,690,0.011494252873563218,0.0,0.0,United Kingdom,Regular Customers,108.94743509359859
15330.0,2,2,714.9599999999999,1312,100.92307692307692,240,54.99692307692307,254.4,65.47506489555336,10,6.5,2,28,0.0,0.0,0.0,United Kingdom,VIP Customers,75.76330875569508
15331.0,470,4,755.41,697,15.152173913043478,48,16.42195652173913,60.0,10.304396606317608,41,11.5,2,109,0.0,0.0,0.0,United Kingdom,VIP Customers,-17.013586467566086
15332.0,336,6,4892.68,2306,14.974025974025974,48,31.770649350649354,122.4,20.188634953233816,113,25.666666666666668,3,147,0.22077922077922077,0.0,0.0,Lithuania,VIP Customers,221.25346831801957
15333.0,178,1,1028.56,344,21.5,48,64.285,180.0,67.12463065075293,16,16.0,1,0,1.0,0.0,0.0,United Kingdom,VIP Customers,34.78225891342359
15334.0,127,3,350.82,273,2.7857142857142856,12,3.579795918367347,20.65,3.449885693487176,67,32.0,2,16,0.29591836734693877,0.0,0.0,United Kingdom,VIP Customers,95.53169547335224
15335.0,23,1,170.22,79,2.257142857142857,12,4.863428571428571,15.0,3.6952950553668225,34,34.0,1,0,0.0,0.0,0.0,United Kingdom,VIP Customers,90.26646918797746
15336.0,372,1,240.5,84,5.6,12,16.033333333333335,19.8,3.128479015812789,15,15.0,1,0,0.0,0.0,0.0,United Kingdom,VIP Customers,1.3025518689852902
15337.0,373,2,344.72,192,8.0,24,14.363333333333335,30.0,10.945596560168433,21,12.0,2,8,0.875,0.0,0.0,United Kingdom,VIP Customers,-37.61856493386961
15338.0,647,1,277.93,148,2.5517241379310347,12,4.791896551724138,19.8,4.1046214676410155,56,56.0,1,0,1.0,0.0,0.0,United Kingdom,VIP Customers,-30.56746035621063
15339.0,36,11,1627.27,1095,4.802631578947368,64,7.137149122807018,90.0,12.978414347417754,162,20.09090909090909,5,602,0.0,0.0,0.0,United Kingdom,Regular Customers,160.55023124487542
15340.0,532,1,105.5,76,10.857142857142858,16,15.071428571428571,19.8,4.14918236351625,7,7.0,1,0,0.0,0.0,0.0,United Kingdom,VIP Customers,-42.60401109827251
15341.0,51,3,2401.02,1006,40.24,100,96.0408,180.0,49.582428836568035,23,8.333333333333334,2,480,0.0,0.0,0.0,United Kingdom,Regular Customers,62.711094811003505
15342.0,86,2,391.76,276,10.615384615384615,24,15.067692307692308,30.6,9.212855934048815,24,13.0,1,13,0.0,0.0,0.0,United Kingdom,VIP Customers,78.22195040946545
15343.0,57,1,364.5,84,4.0,12,17.357142857142858,31.8,6.026323209766585,21,21.0,1,0,0.0,0.0,0.0,United Kingdom,VIP Customers,73.94455774104983
15344.0,2,3,403.18,98,3.5,24,14.399285714285714,35.8,14.475932498223447,20,9.333333333333334,3,42,0.0,73.4,4.309455941839047,United Kingdom,Regular Customers,271.2609992077998
15345.0,5,2,367.69,78,3.391304347826087,12,15.986521739130435,30.0,11.628316382745751,20,11.5,2,10,0.0,0.0,0.0,United Kingdom,VIP Customers,59.174122611570226
15346.0,303,4,591.65,257,6.7631578947368425,24,15.569736842105263,25.5,4.922847718405067,36,9.5,2,98,0.13157894736842105,0.0,0.0,United Kingdom,VIP Customers,-6.723379901192004
15347.0,336,6,1132.3,536,14.105263157894736,96,29.79736842105263,120.0,28.52919781597021,29,6.333333333333333,3,71,0.0,0.0,0.0,United Kingdom,VIP Customers,26.59939617197773
15348.0,42,1,158.04,84,9.333333333333334,12,17.56,30.0,9.86521160442086,9,9.0,1,0,0.0,0.0,0.0,United Kingdom,VIP Customers,55.64713202944583
15349.0,128,2,463.91,321,4.52112676056338,45,6.533943661971831,38.25,6.285024031974338,65,35.0,2,29,0.8309859154929577,0.0,0.0,United Kingdom,VIP Customers,51.57814442769589
15350.0,343,2,547.6,272,9.066666666666666,12,18.253333333333334,25.2,5.045139916950688,26,15.0,2,9,0.8333333333333334,0.0,0.0,United Kingdom,VIP Customers,-15.558543059504501
15351.0,3,13,3043.99,1190,4.594594594594595,48,11.752857142857142,90.0,14.403946391529493,160,19.307692307692307,4,399,0.6563706563706564,276.51,5.625856968573243,United Kingdom,Regular Customers,378.2209563274464
15352.0,519,1,111.15,40,1.1764705882352942,2,3.269117647058824,12.75,3.088051624281012,34,34.0,1,0,0.0,0.0,0.0,United Kingdom,VIP Customers,-4.500044149367426
15353.0,225,8,2772.57,1389,3.847645429362881,25,7.680249307479225,76.5,8.201162600096932,274,44.0,6,483,0.0,0.0,0.0,United Kingdom,Regular Customers,285.7131241614357
15354.0,569,7,-94.8,-1,-0.14285714285714285,1,-13.542857142857143,94.8,101.34546293319131,1,1.0,1,4,0.0,0.0,0.0,United Kingdom,VIP Customers,19.502989393072113
15355.0,23,1,126.25,21,2.625,6,15.78125,47.7,13.40663315303287,8,8.0,1,0,0.0,150.8,5.02256386496153,United Kingdom,VIP Customers,61.099361435912584
15356.0,1,13,3239.57,1892,2.828101644245142,30,4.842406576980569,35.4,3.627522295191633,290,50.46153846153846,10,390,0.07174887892376682,0.0,0.0,United Kingdom,Regular Customers,385.4574393483007
15357.0,652,1,-36.75,-1,-1.0,-1,-36.75,-36.75,0.0,1,1.0,1,0,0.0,0.0,0.0,,,-61.61960188770743
15358.0,5,52,15391.09,14096,13.386514719848053,240,14.61641975308642,79.0,9.165537805950565,357,20.25,12,697,0.027540360873694207,822.56,6.7136364067085434,United Kingdom,Regular Customers,1342.7244414377872
15359.0,525,9,162.6,130,7.647058823529412,15,9.564705882352941,24.75,10.37855006590941,10,1.8888888888888888,3,138,0.0,0.0,0.0,United Kingdom,VIP Customers,-59.805879531675316
15360.0,10,1,427.93,223,17.153846153846153,24,32.917692307692306,50.4,13.08615945305456,13,13.0,1,0,0.0,0.0,0.0,United Kingdom,VIP Customers,75.37046137088782
15361.0,332,4,689.07,373,37.3,192,68.90700000000001,203.52,57.37750857261058,10,2.5,3,181,0.0,0.0,0.0,United Kingdom,VIP Customers,-130.23436597103313
15362.0,419,2,613.08,368,9.2,48,15.327000000000002,35.8,6.153973158945823,38,20.0,2,290,0.0,0.0,0.0,United Kingdom,Regular Customers,66.43907076635256
15363.0,211,3,670.16,382,10.61111111111111,24,18.615555555555556,39.6,8.517548421412766,32,12.0,3,251,0.0,0.0,0.0,United Kingdom,VIP Customers,-125.20390673341447
15364.0,66,2,913.19,493,17.0,48,31.489310344827587,237.6,44.028621854022774,29,14.5,2,158,0.0,0.0,0.0,United Kingdom,Regular Customers,272.1868249781418
15365.0,34,12,3204.09,1596,6.791489361702127,25,13.634425531914895,99.6,26.68577839159198,118,19.583333333333332,6,609,0.14893617021276595,369.17,5.913962359578552,United Kingdom,Regular Customers,156.73576472948696
15366.0,45,7,2389.08,2447,17.731884057971016,144,17.312173913043477,104.4,13.6602188555386,86,19.714285714285715,6,576,0.2608695652173913,0.0,0.0,United Kingdom,Regular Customers,42.08622237611914
15367.0,27,13,5005.73,2936,10.448398576512455,48,17.813985765124553,71.4,10.045925388638036,214,21.615384615384617,6,671,0.11743772241992882,0.0,0.0,United Kingdom,Regular Customers,292.42808043222243
15368.0,364,1,275.8,176,44.0,168,68.95,210.0,94.41964837892587,4,4.0,1,0,0.0,446.94,6.104659294874325,United Kingdom,Regular Customers,210.7028516668464
15369.0,114,13,1713.39,1755,16.875,216,16.474903846153847,534.6,203.5997251700283,46,7.769230769230769,7,587,0.3557692307692308,0.0,0.0,United Kingdom,Regular Customers,53.65091921721617
15370.0,11,9,3713.51,1395,9.620689655172415,24,25.61041379310345,262.8,26.971800908949902,90,16.0,6,369,0.013793103448275862,0.0,0.0,United Kingdom,Regular Customers,315.7856181328399
15371.0,632,1,59.4,12,12.0,12,59.4,59.4,0.0,1,1.0,1,0,0.0,0.0,0.0,United Kingdom,VIP Customers,-71.11137785326252
15372.0,107,10,5954.42,6336,105.6,384,99.24033333333334,360.0,71.0748679977948,45,6.0,4,526,0.06666666666666667,0.0,0.0,United Kingdom,Regular Customers,302.22049423761985
15373.0,86,15,2152.73,556,3.432098765432099,24,13.288456790123456,102.0,20.13303026227298,98,10.733333333333333,9,470,0.2777777777777778,729.01,6.593058232678748,United Kingdom,Regular Customers,131.8441481616611
15374.0,99,2,307.32,290,29.0,108,30.732,91.8,25.90414329793595,8,4.5,2,495,0.0,0.0,0.0,United Kingdom,Regular Customers,-58.70815165799948
15375.0,660,1,60.96,84,14.0,48,10.16,15.0,5.943292017055867,6,6.0,1,0,0.0,0.0,0.0,United Kingdom,VIP Customers,-77.49024543594066
15376.0,10,3,1221.56,615,5.301724137931035,24,10.530689655172413,34.8,6.152029672023476,100,38.333333333333336,3,182,1.0,0.0,0.0,United Kingdom,Regular Customers,262.6831334237071
15377.0,353,5,1179.95,249,11.318181818181818,36,53.63409090909091,250.2,58.583929184188456,15,4.4,2,32,0.0,0.0,0.0,United Kingdom,VIP Customers,79.80765426195804
15378.0,433,2,246.5,130,10.833333333333334,20,20.541666666666668,39.0,6.151342548705538,8,6.0,2,39,0.0,0.0,0.0,United Kingdom,VIP Customers,-53.18226074611255
15379.0,139,9,4806.44,2988,11.275471698113208,100,18.13750943396226,70.8,11.041590718359686,177,29.444444444444443,6,231,0.03773584905660377,0.0,0.0,United Kingdom,Regular Customers,457.2344169281307
15380.0,17,12,2806.8,882,18.0,90,57.28163265306123,265.5,68.23170754089024,27,4.083333333333333,7,691,0.0,385.29999999999995,5.956614269672236,United Kingdom,Regular Customers,-24.83813583166196
15381.0,184,6,1887.62,801,32.04,192,75.50479999999999,349.5,87.21106438405623,20,4.166666666666667,4,369,0.0,0.0,0.0,United Kingdom,Regular Customers,105.9814507688256
15382.0,55,19,12400.69,8423,14.373720136518772,144,21.161587030716724,130.8,14.967307303064848,296,30.842105263157894,9,650,0.0,1245.81,7.128343568393581,United Kingdom,Regular Customers,710.7168849358826
15383.0,652,1,-10.5,-1,-1.0,-1,-10.5,-10.5,0.0,1,1.0,1,0,0.0,0.0,0.0,,,-61.563100703166384
15384.0,140,5,2021.1399999999999,1764,14.7,48,16.84283333333333,102.0,12.039244942915568,83,24.0,4,422,0.0,0.0,0.0,United Kingdom,Regular Customers,156.60865674903755
15385.0,10,3,942.08,428,20.38095238095238,96,44.860952380952384,244.8,68.20792548558869,18,7.0,3,637,0.8095238095238095,0.0,0.0,United Kingdom,Regular Customers,-116.55246941273194
15386.0,156,1,394.14,446,14.387096774193548,36,12.714193548387096,23.4,4.167736215416028,31,31.0,1,0,0.0,0.0,0.0,United Kingdom,VIP Customers,71.85586230261131
15387.0,462,1,468.65,335,16.75,24,23.432499999999997,83.4,15.037079389926335,20,20.0,1,0,0.0,0.0,0.0,United Kingdom,VIP Customers,15.168899143845351
15388.0,240,1,140.54,88,8.8,16,14.053999999999998,23.4,4.6193029777229375,10,10.0,1,0,0.0,0.0,0.0,Canada,VIP Customers,32.21205229871924
15389.0,142,5,2733.8,3940,656.6666666666666,1440,455.6333333333334,604.8,124.34921256954811,2,1.2,4,509,0.0,0.0,0.0,United Kingdom,Regular Customers,-175.69120520405514
15390.0,366,2,1216.66,894,11.61038961038961,24,15.800779220779221,33.0,6.0077103454937,77,38.5,2,12,0.0,0.0,0.0,Canada,VIP Customers,106.0315641365106
15391.0,541,2,282.92,108,8.307692307692308,72,21.763076923076923,76.32,19.37274218440925,12,6.5,1,13,0.0,0.0,0.0,United Kingdom,VIP Customers,-32.44247565955163
15392.0,59,6,2021.75,1571,14.961904761904762,144,19.254761904761907,152.64,19.603472371733126,74,17.5,4,342,0.0,870.07,6.769722341017017,United Kingdom,Regular Customers,215.37916208118605
15393.0,251,4,783.58,322,8.05,16,19.5895,79.5,14.441485993217864,35,10.0,4,442,0.0,107.76,4.68914361976427,United Kingdom,Regular Customers,-11.040611295284435
15394.0,48,12,4922.0,2230,10.372093023255815,90,22.893023255813954,76.5,12.248256052648161,128,17.916666666666668,7,645,0.26046511627906976,329.4,5.800304041646823,United Kingdom,Regular Customers,147.02062419467796
15395.0,296,1,107.45,17,2.4285714285714284,3,15.35,17.85,1.6643316977093245,7,7.0,1,0,0.0,0.0,0.0,United Kingdom,VIP Customers,3.069525447130246
15396.0,83,2,796.38,278,17.375,96,49.77375,283.2,82.19250337875509,16,8.0,2,471,0.0,0.0,0.0,United Kingdom,Regular Customers,15.774320717813822
15397.0,260,1,94.0,20,3.3333333333333335,4,15.666666666666666,17.85,1.5727894540168648,6,6.0,1,0,0.0,0.0,0.0,United Kingdom,VIP Customers,8.323484520053
15398.0,44,2,628.9499999999999,373,10.36111111111111,24,17.47083333333333,35.4,7.246617092527677,35,18.0,1,4,0.0,710.68,6.567628372182108,United Kingdom,Regular Customers,359.58595708692667
15399.0,49,1,305.17,139,9.266666666666667,24,20.34466666666667,49.92,8.895532479578618,15,15.0,1,0,0.0,510.6,6.237543069704688,United Kingdom,Regular Customers,315.4998571774201
15400.0,62,9,1252.8,632,22.571428571428573,72,44.74285714285714,139.5,39.64888657136801,16,3.111111111111111,6,468,0.17857142857142858,0.0,0.0,United Kingdom,Regular Customers,13.287063601767812
15401.0,422,2,216.95,93,6.642857142857143,24,15.49642857142857,25.5,3.8215715799470957,14,7.0,2,116,0.0,0.0,0.0,United Kingdom,VIP Customers,-102.31072852854552
15402.0,119,7,1816.64,2032,15.278195488721805,216,13.658947368421053,45.36,10.323306689466545,79,18.857142857142858,6,443,0.0,0.0,0.0,United Kingdom,Regular Customers,57.97048070029331
15403.0,462,2,170.88,492,61.5,144,21.36,27.36,6.780948100587199,6,4.0,2,238,0.0,0.0,0.0,United Kingdom,VIP Customers,-214.25319041146193
15404.0,346,1,257.06,334,20.875,72,16.06625,20.88,4.826000241746091,16,16.0,1,0,0.0,0.0,0.0,United Kingdom,VIP Customers,1.0705408330944692
15405.0,159,2,659.84,348,11.6,96,21.994666666666667,102.0,24.18081181908261,29,15.0,2,386,0.0,0.0,0.0,United Kingdom,Regular Customers,43.07037299719846
15406.0,1,4,975.87,547,4.483606557377049,48,7.998934426229508,48.75,8.664072945918303,108,29.75,3,422,0.5655737704918032,-84.1,,United Kingdom,Regular Customers,128.70175586470836
15407.0,4,4,1046.74,552,3.72972972972973,48,7.072567567567567,195.0,17.540224756804374,142,36.5,4,271,0.8378378378378378,0.0,0.0,United Kingdom,Regular Customers,275.9212435126153
15408.0,234,1,267.18,106,3.1176470588235294,18,7.858235294117647,22.5,6.135656083853025,34,34.0,1,0,1.0,0.0,0.0,United Kingdom,VIP Customers,18.150361011669673
15409.0,672,2,117.2,54,4.5,12,9.766666666666667,22.95,9.93525250933475,9,6.0,2,19,0.0,0.0,0.0,United Kingdom,VIP Customers,-92.26918561145268
15410.0,54,10,4685.72,1902,11.74074074074074,144,28.9241975308642,118.8,21.81771417533274,80,16.2,6,515,0.13580246913580246,0.0,0.0,United Kingdom,Regular Customers,169.19310413364315
15411.0,16,4,978.76,404,7.214285714285714,24,17.477857142857143,51.0,8.770946608866367,52,14.0,4,136,0.21428571428571427,357.67,5.882402745690731,United Kingdom,Regular Customers,247.39199811421364
15412.0,141,1,190.53,108,10.8,72,19.053,102.0,30.226878417873202,10,10.0,1,0,0.0,0.0,0.0,United Kingdom,VIP Customers,39.36422506546148
15413.0,400,7,-2531.3799999999997,2692,99.70370370370371,480,-93.75481481481481,784.8,1485.6836590047083,21,3.857142857142857,3,308,0.3333333333333333,0.0,0.0,United Kingdom,VIP Customers,-674.0284709231878
15414.0,7,2,421.5,250,11.904761904761905,72,20.071428571428573,59.4,15.185459586629008,21,10.5,2,205,0.0,353.4,5.870426218730926,United Kingdom,Regular Customers,172.81928390966746
15415.0,283,1,559.61,551,11.72340425531915,48,11.906595744680851,31.2,6.360617715625528,46,46.0,1,0,1.0,0.0,0.0,United Kingdom,VIP Customers,36.69477541736012
15416.0,35,9,4554.65,2418,10.513043478260869,48,19.80282608695652,153.0,14.26438788898253,190,25.555555555555557,6,611,0.0,0.0,0.0,United Kingdom,Regular Customers,254.07247795932213
15417.0,55,1,508.8,284,10.142857142857142,24,18.17142857142857,20.8,2.422251346846895,28,28.0,1,0,0.0,0.0,0.0,United Kingdom,VIP Customers,86.88563346596334
15418.0,395,2,449.42,264,3.8823529411764706,25,6.609117647058824,45.9,7.571520231288975,64,32.0,2,161,1.0,0.0,0.0,United Kingdom,VIP Customers,-90.2603082176044
15420.0,404,6,743.0,844,15.071428571428571,48,13.267857142857142,30.0,5.635178052937785,52,9.333333333333334,5,300,0.5,0.0,0.0,United Kingdom,Regular Customers,51.05035159595761
15421.0,29,10,3805.34,1927,6.098101265822785,48,12.042215189873419,45.0,8.122457453096066,170,31.1,7,673,0.37658227848101267,0.0,0.0,United Kingdom,Regular Customers,107.92798876194985
15422.0,293,8,1615.02,709,5.859504132231405,100,13.347272727272728,65.7,10.23842972986255,80,14.875,5,347,0.4793388429752066,0.0,0.0,United Kingdom,Regular Customers,114.66622698807276
15423.0,8,4,219.14,193,11.352941176470589,100,12.890588235294118,45.0,16.93103307191717,13,4.25,4,583,0.5294117647058824,0.0,0.0,United Kingdom,Regular Customers,-148.9460356223935
15424.0,224,3,597.78,873,26.454545454545453,288,18.114545454545453,60.48,11.9949593816812,33,11.0,2,208,0.0,0.0,0.0,United Kingdom,VIP Customers,-120.39904488126004
15425.0,370,4,1941.12,1041,7.27972027972028,100,13.574265734265733,72.0,11.3601230211494,114,35.0,4,263,0.8811188811188811,0.0,0.0,United Kingdom,Regular Customers,163.15401066558195
15426.0,3,10,1700.95,809,2.3314121037463975,24,4.901873198847262,81.36,8.33678288029163,271,34.0,6,552,0.9510086455331412,437.90999999999997,6.084294380667942,United Kingdom,Regular Customers,235.79268901269344
15427.0,3,3,1430.54,967,3.3116438356164384,48,4.899109589041096,34.68,4.704310726411403,233,91.0,2,13,1.0,0.0,0.0,United Kingdom,VIP Customers,306.67510860934624
15428.0,357,3,668.97,245,6.447368421052632,24,17.60447368421053,39.95,7.041824355665621,35,12.666666666666666,3,334,0.0,93.78,4.551558416539442,United Kingdom,Regular Customers,36.76536193099392
15429.0,45,2,210.60999999999999,298,6.208333333333333,48,4.387708333333333,35.4,8.166069196736368,44,22.5,1,0,1.0,154.29,5.045294336581097,United Kingdom,Regular Customers,322.2617720695441
15430.0,438,3,903.75,301,7.341463414634147,24,22.04268292682927,76.5,21.82009842145427,36,13.666666666666666,3,60,0.07317073170731707,0.0,0.0,United Kingdom,VIP Customers,-29.454250614028894
15431.0,473,1,153.24,84,42.0,48,76.62,122.04,64.23358000298597,2,2.0,1,0,1.0,0.0,0.0,United Kingdom,VIP Customers,-86.57329533659407
15432.0,498,3,130.07,25,3.125,8,16.25875,38.25,18.765763992288875,6,2.6666666666666665,1,13,0.0,171.19,5.148598518298095,United Kingdom,Regular Customers,228.67248755015677
15433.0,49,3,417.87,399,7.528301886792453,24,7.88433962264151,16.5,10.108082164104347,40,17.666666666666668,3,188,0.0,0.0,0.0,United Kingdom,VIP Customers,-54.691603434206414
15434.0,2,12,2366.21,1367,10.435114503816793,48,18.06267175572519,60.0,11.77008344682709,82,10.916666666666666,6,652,0.1450381679389313,150.9,5.023222409601727,United Kingdom,Regular Customers,57.13528357489815
15436.0,17,2,836.55,458,2.1009174311926606,24,3.8373853211009172,22.5,3.5634703284465594,194,103.5,2,186,0.42660550458715596,231.2,5.4475990692637914,United Kingdom,Regular Customers,379.5566759863335
15437.0,232,2,393.45,177,3.1052631578947367,25,6.902631578947368,35.7,6.659118755059484,56,28.0,1,378,0.0,0.0,0.0,United Kingdom,Regular Customers,86.25590763402423
15438.0,101,1,156.57999999999998,59,2.36,12,6.263199999999999,17.4,3.9685458293939355,25,25.0,1,0,1.0,0.0,0.0,United Kingdom,VIP Customers,29.97371739655307
15439.0,375,4,1269.05,572,10.035087719298245,32,22.264035087719297,81.6,17.414284352184755,49,14.25,2,248,0.24561403508771928,0.0,0.0,United Kingdom,VIP Customers,-76.70327004923965
15440.0,25,3,383.68,197,3.1774193548387095,16,6.188387096774194,42.5,7.131408752730367,50,20.0,3,154,0.8064516129032258,0.0,0.0,United Kingdom,Regular Customers,207.50305905073427
15441.0,366,3,1254.21,587,10.298245614035087,48,22.003684210526316,76.5,12.580013006974161,45,19.0,3,334,0.0,0.0,0.0,United Kingdom,Regular Customers,72.59539673208275
15442.0,219,1,594.0,120,60.0,60,297.0,297.0,0.0,2,2.0,1,0,0.0,0.0,0.0,United Kingdom,VIP Customers,17.781248186182722
15443.0,15,13,3506.23,1852,4.106430155210643,36,7.774345898004435,47.6,7.597378770491234,341,33.84615384615385,8,597,0.6208425720620843,1548.21,7.345500402564252,United Kingdom,Regular Customers,328.29138938760514
15444.0,10,1,335.85,187,2.791044776119403,12,5.012686567164179,19.8,3.525680928038154,67,67.0,1,0,1.0,1075.36,6.981340257255541,United Kingdom,Regular Customers,352.5329758067651
15445.0,234,2,284.5,118,8.428571428571429,24,20.321428571428573,38.25,7.025549917860641,12,7.0,2,326,0.35714285714285715,0.0,0.0,United Kingdom,Regular Customers,27.9319806108289
15446.0,347,5,391.65,261,2.289473684210526,12,3.4355263157894735,11.9,2.6332267940416516,91,21.6,4,349,0.9912280701754386,0.0,0.0,United Kingdom,Regular Customers,46.00510612856752
15447.0,301,6,484.93,227,7.566666666666666,20,16.164333333333335,29.0,6.450831372954874,27,5.0,4,294,0.0,0.0,0.0,United Kingdom,Regular Customers,77.16138534444758
15448.0,283,2,788.81,487,9.938775510204081,48,16.09816326530612,34.8,5.316175267312874,49,24.5,2,361,0.0,0.0,0.0,United Kingdom,Regular Customers,63.42377901256867
15449.0,55,4,644.4,514,12.238095238095237,48,15.342857142857142,31.2,6.677242488287119,30,10.5,4,176,0.0,326.82,5.792464677261214,United Kingdom,Regular Customers,182.3899642770172
15451.0,404,2,226.86,76,1.2666666666666666,9,3.781,19.9,3.625624294576554,56,30.0,2,164,0.0,0.0,0.0,United Kingdom,VIP Customers,-80.82466789082122
15452.0,41,5,1659.71,1027,5.321243523316062,30,8.599533678756476,35.4,6.4610407193613355,155,37.2,5,439,0.26424870466321243,125.4,4.839451481712757,United Kingdom,Regular Customers,156.99265692935342
15453.0,6,6,1236.49,770,3.0923694779116464,24,4.965823293172691,30.0,4.933065222027561,161,39.0,5,151,0.285140562248996,135.28,4.914711592792766,United Kingdom,Regular Customers,362.2262521649171
15454.0,332,2,305.99,146,3.65,15,7.64975,21.9,5.532498618304253,35,19.0,2,256,0.625,0.0,0.0,United Kingdom,Regular Customers,73.9802229107311
15455.0,568,1,38.25,3,1.5,2,19.125,25.5,9.015611460128481,2,2.0,1,0,0.0,0.0,0.0,United Kingdom,VIP Customers,-59.115305422490906
15456.0,253,10,2091.52,2727,12.013215859030836,144,9.21374449339207,69.0,8.182632243355602,128,22.7,7,448,0.07929515418502203,0.0,0.0,United Kingdom,Regular Customers,144.32255695945517
15457.0,232,1,237.07,132,2.2758620689655173,6,4.087413793103448,19.9,3.121386084567114,56,56.0,1,0,0.0,0.0,0.0,United Kingdom,VIP Customers,83.5016884334845
15458.0,372,1,208.8,144,24.0,24,34.800000000000004,39.6,4.293250516799597,6,6.0,1,0,0.0,161.64,5.091539169320091,United Kingdom,Regular Customers,236.88714648862415
15459.0,387,2,202.82999999999998,121,17.285714285714285,48,28.975714285714282,69.6,20.500344596406872,6,3.5,2,80,0.0,0.0,0.0,United Kingdom,VIP Customers,-80.78645005855739
15460.0,324,1,214.26,107,1.9107142857142858,24,3.8260714285714283,13.2,3.021716958390275,53,53.0,1,0,0.0,0.0,0.0,United Kingdom,VIP Customers,54.23856541747807
15461.0,431,3,391.29999999999995,226,45.2,130,78.25999999999999,219.7,124.98290583115755,4,1.6666666666666667,3,278,0.2,0.0,0.0,United Kingdom,VIP Customers,-265.2024021519916
15462.0,64,4,737.05,495,12.073170731707316,36,17.976829268292683,45.0,8.220348970397907,32,10.25,3,351,0.12195121951219512,0.0,0.0,United Kingdom,Regular Customers,95.95085391128615
15464.0,308,1,1044.65,348,2.2451612903225806,20,6.739677419354839,59.9,7.657249889437593,155,155.0,1,0,0.0,0.0,0.0,United Kingdom,VIP Customers,221.13718317089322
15465.0,32,38,10884.46,2348,9.244094488188976,120,42.85220472440945,525.6,76.46015930102008,94,6.684210526315789,12,668,0.5787401574803149,786.44,6.668787177320956,United Kingdom,Regular Customers,627.8878249786494
15466.0,55,4,1560.46,941,3.5916030534351147,24,5.9559541984732824,35.4,5.686820722418517,211,64.0,4,651,0.0,0.0,0.0,United Kingdom,Regular Customers,89.58620216235363
15467.0,115,2,402.56,235,6.0256410256410255,24,10.322051282051282,30.0,7.689192408311668,36,19.0,1,7,1.0,109.32,4.703385233485046,United Kingdom,Regular Customers,301.684660392321
15468.0,5,7,1387.48,1390,15.795454545454545,288,15.766818181818183,60.48,10.636691814101384,80,12.571428571428571,3,357,0.0,0.0,0.0,United Kingdom,Regular Customers,177.78633853943495
15469.0,13,6,834.4,280,5.957446808510638,24,17.7531914893617,83.2,13.989845868309501,38,7.833333333333333,3,395,0.0,0.0,0.0,United Kingdom,Regular Customers,126.28177179348637
15470.0,546,1,63.419999999999995,232,58.0,90,15.854999999999999,21.0,5.533543168712069,4,4.0,1,0,0.0,0.0,0.0,United Kingdom,VIP Customers,-55.82637790210339
15471.0,350,2,837.53,414,5.048780487804878,64,10.213780487804877,163.2,21.518488555867425,67,35.5,2,170,0.0,454.48,6.121351807942404,United Kingdom,Regular Customers,232.70439991975624
15472.0,83,1,371.56,251,3.3026315789473686,9,4.888947368421053,16.6,3.1386606820733234,76,76.0,1,0,0.0,0.0,0.0,United Kingdom,VIP Customers,140.19902720971243
15473.0,28,9,1026.0,376,26.857142857142858,80,73.28571428571429,204.0,101.72048320420377,5,1.5555555555555556,2,386,0.0,714.0,6.5722825426940075,United Kingdom,Regular Customers,148.6634843392008
15474.0,566,1,150.35,55,2.8947368421052633,12,7.913157894736842,35.4,7.825278875138204,19,19.0,1,0,0.0,0.0,0.0,United Kingdom,VIP Customers,-28.283924539416432
15475.0,47,1,454.11,319,11.0,12,15.65896551724138,47.8,8.019238628282608,29,29.0,1,0,0.0,0.0,0.0,United Kingdom,VIP Customers,100.03618657368591
15476.0,350,5,2180.2799999999997,1168,14.6,72,27.253499999999995,111.2,24.549205720735394,67,16.0,2,62,0.0,0.0,0.0,United Kingdom,VIP Customers,127.78731504386245
15477.0,620,1,368.4,216,108.0,120,184.2,306.0,172.25121189704296,2,2.0,1,0,1.0,0.0,0.0,United Kingdom,VIP Customers,-136.30565703819758
15478.0,10,3,1983.48,894,12.956521739130435,72,28.74608695652174,118.8,24.07612499462971,53,22.666666666666668,2,534,0.2898550724637681,0.0,0.0,United Kingdom,Regular Customers,59.462563195195315
15479.0,703,1,147.4,38,4.222222222222222,12,16.37777777777778,17.85,2.310318039674289,9,9.0,1,0,1.0,0.0,0.0,United Kingdom,VIP Customers,-107.36089738543478
15480.0,86,7,3592.25,1850,8.525345622119815,144,16.554147465437786,1868.56,196.76753882563222,199,31.0,2,559,0.0,0.0,0.0,Malta,Regular Customers,832.4732575165523
15481.0,371,1,1993.34,1450,38.1578947368421,144,52.456315789473685,306.0,51.09060988569402,38,38.0,1,0,0.0,0.0,0.0,Norway,VIP Customers,237.9697082777501
15482.0,5,19,3867.41,2571,22.55263157894737,288,33.92464912280702,525.6,222.79484487521958,56,6.0,7,702,0.22807017543859648,4065.2200000000003,8.310469099955242,United Kingdom,Regular Customers,142.9284965069661
15483.0,131,10,817.8199999999999,905,3.3643122676579926,48,3.0402230483271375,30.0,3.49115074612274,216,24.8,6,522,0.35687732342007433,0.0,0.0,United Kingdom,Regular Customers,156.00296799727408
15484.0,27,4,3088.47,2664,15.05084745762712,192,17.448983050847456,118.8,16.15088138197057,156,44.25,4,677,0.1864406779661017,1532.43,7.335262335300181,United Kingdom,Regular Customers,73.94627152013814
15485.0,306,7,3367.55,1422,14.510204081632653,96,34.362755102040815,204.0,37.13269517681211,58,13.857142857142858,4,401,0.0,1296.37,7.1680944173421945,United Kingdom,Regular Customers,176.70197288037755
15486.0,497,1,102.0,40,40.0,40,102.0,102.0,0.0,1,1.0,1,0,0.0,0.0,0.0,United Kingdom,VIP Customers,-45.776885259863604
15487.0,650,1,231.32,144,10.285714285714286,24,16.52285714285714,30.0,6.210234020824545,14,14.0,1,0,0.0,0.0,0.0,United Kingdom,VIP Customers,-51.98642699270499
15488.0,63,5,431.92,251,22.818181818181817,88,39.265454545454546,148.72,41.272998525340114,10,2.2,3,490,0.0,0.0,0.0,United Kingdom,Regular Customers,-12.105660284391291
15489.0,9,11,1983.98,1015,8.903508771929825,48,17.403333333333332,71.4,13.407129833916013,71,10.363636363636363,8,654,0.06140350877192982,343.38,5.841745698858039,United Kingdom,Regular Customers,-37.769354681546446
15490.0,400,2,181.35,72,2.769230769230769,12,6.975,32.45,10.878822086972468,22,11.5,1,0,0.0,0.0,0.0,United Kingdom,VIP Customers,18.761413063555693
15491.0,65,7,3090.85,1624,10.477419354838709,48,19.940967741935484,88.8,13.83633700748384,108,22.142857142857142,5,140,0.0,0.0,0.0,United Kingdom,Regular Customers,404.60806426388444
15492.0,44,1,487.74,327,11.678571428571429,25,17.419285714285714,50.0,9.90750928395428,28,28.0,1,0,0.0,171.72,5.151671786206552,United Kingdom,VIP Customers,96.51385506966697
15493.0,3,11,4087.13,1201,1.9560260586319218,24,6.65656351791531,51.0,5.843326843115103,289,53.36363636363637,5,622,0.0,0.0,0.0,United Kingdom,Regular Customers,347.40280408592105
15494.0,91,5,3532.8,2983,8.931137724550899,192,10.577245508982037,151.2,13.035850067586289,276,65.6,3,607,0.0,160.7,5.085742766583061,United Kingdom,Regular Customers,308.11146705808505
15495.0,349,1,246.5,194,9.7,24,12.325,30.0,6.373186016428519,20,20.0,1,0,0.0,0.0,0.0,United Kingdom,VIP Customers,15.617358506504786
15496.0,601,1,146.14,98,4.454545454545454,24,6.642727272727272,15.8,4.707797161364763,22,22.0,1,0,0.0,0.0,0.0,United Kingdom,VIP Customers,-38.185215542158176
15497.0,283,10,8351.86,2836,24.033898305084747,160,70.7784745762712,232.0,38.52918870503997,65,11.8,7,408,0.0,291.6,5.678806488586024,United Kingdom,Regular Customers,292.85077835029233
15498.0,13,52,21772.18,11383,12.647777777777778,108,24.191311111111112,178.5,37.631382914219145,570,17.26923076923077,12,679,0.06111111111111111,1302.9099999999999,7.17312272169981,United Kingdom,Regular Customers,1707.2822417576806
15499.0,694,1,158.65,59,1.4390243902439024,5,3.8695121951219513,11.8,2.9173377857384915,40,40.0,1,0,0.0,0.0,0.0,United Kingdom,VIP Customers,-30.24326430666588
15500.0,51,1,406.02,154,8.555555555555555,24,22.556666666666665,35.4,8.613582297743488,18,18.0,1,0,0.0,725.54,6.588293539994329,United Kingdom,Regular Customers,315.79329218501096
15501.0,375,2,399.95,205,2.971014492753623,24,5.796376811594203,19.9,4.125214422596184,64,34.0,1,10,0.30434782608695654,0.0,0.0,United Kingdom,VIP Customers,56.529871854640305
15502.0,2,23,7451.98,4811,13.745714285714286,384,21.291371428571427,3155.95,246.71183682049008,231,14.826086956521738,7,522,0.10285714285714286,617.35,6.427054640188066,United Kingdom,Regular Customers,1528.875924149538
15503.0,333,2,257.3,130,1.1111111111111112,5,2.1991452991452993,9.95,1.7525270289861008,112,58.0,1,363,1.0,0.0,0.0,United Kingdom,Regular Customers,98.23535933364673
15504.0,51,5,392.75,140,2.1538461538461537,6,6.042307692307692,29.85,5.102132142922814,42,11.4,5,584,0.0,0.0,0.0,United Kingdom,Regular Customers,-94.18374230703748
15505.0,23,7,3497.14,2348,23.717171717171716,72,35.32464646464646,177.0,40.36808426430038,90,14.142857142857142,4,102,0.0,0.0,0.0,United Kingdom,Regular Customers,483.2381280806213
15506.0,16,5,1565.48,1162,5.781094527363184,60,7.788457711442786,60.0,8.956708664986975,135,36.6,4,431,0.527363184079602,464.85,6.143863693896434,United Kingdom,Regular Customers,167.2473162762744
15507.0,142,1,475.86,160,3.5555555555555554,16,10.574666666666667,29.85,8.434249872341399,41,41.0,1,0,0.0,0.0,0.0,United Kingdom,VIP Customers,85.96568421626284
15508.0,159,6,1000.27,440,4.782608695652174,36,10.8725,45.0,9.304486407518274,78,15.333333333333334,3,46,0.0,0.0,0.0,United Kingdom,VIP Customers,122.73198763987303
15509.0,350,1,152.41,58,2.230769230769231,12,5.861923076923077,15.9,4.187599808225012,26,26.0,1,0,0.0,0.0,0.0,United Kingdom,VIP Customers,16.97583771215156
15510.0,301,1,250.0,2,2.0,2,250.0,250.0,0.0,1,1.0,1,0,0.0,0.0,0.0,United Kingdom,VIP Customers,-7.280953426013866
15511.0,8,4,735.6,225,1.7045454545454546,12,5.572727272727273,25.5,4.718037030506995,104,32.0,3,47,0.0,164.93,5.111566012674697,United Kingdom,Regular Customers,385.06279744657445
15512.0,126,4,331.58,235,7.34375,60,10.361875,39.0,9.541557131831262,29,7.5,4,520,0.75,0.0,0.0,United Kingdom,Regular Customers,-105.22308462989466
15513.0,1,41,25950.95,10261,18.323214285714286,288,46.34098214285714,295.0,49.15426355191002,280,13.658536585365853,12,664,0.18392857142857144,0.0,0.0,United Kingdom,Regular Customers,1341.0202242483736
15514.0,4,17,4328.96,3207,10.213375796178344,432,13.786496815286624,734.4,61.6969941518142,148,17.41176470588235,6,701,0.10509554140127389,946.83,6.854175161279875,United Kingdom,Regular Customers,375.13711010467694
15515.0,357,1,171.81,131,18.714285714285715,48,24.544285714285714,60.0,17.619753930501656,7,7.0,1,0,0.0,0.0,0.0,United Kingdom,VIP Customers,-8.45041977375223
15516.0,15,3,62.43,27,1.8,6,4.162,8.67,2.6623786357315895,15,5.0,1,1,0.0,0.0,0.0,United Kingdom,VIP Customers,92.5548846922857
15517.0,203,1,267.03,293,10.851851851851851,36,9.889999999999999,30.6,8.246409008681386,27,27.0,1,0,0.0,0.0,0.0,United Kingdom,VIP Customers,52.12086634183754
15518.0,34,23,4074.83,2759,6.037199124726477,72,8.916477024070021,59.4,8.782672612554647,251,19.608695652173914,9,655,0.3085339168490153,0.0,0.0,United Kingdom,Regular Customers,366.5795490897425
15519.0,353,2,344.61,116,3.135135135135135,24,9.313783783783784,81.36,17.334602573938533,34,18.5,2,63,1.0,0.0,0.0,United Kingdom,VIP Customers,-47.108403024313404
15521.0,6,24,6665.99,4341,10.311163895486937,96,15.833705463182897,250.0,25.00267942876931,186,17.375,10,667,0.1377672209026128,0.0,0.0,United Kingdom,Regular Customers,453.1932516816238
15522.0,3,2,397.99,572,10.214285714285714,75,7.106964285714286,39.84,7.95456322317125,47,27.5,2,54,0.0,0.0,0.0,United Kingdom,VIP Customers,65.26682083964505
15523.0,54,18,17119.24,15610,70.95454545454545,480,77.81472727272728,697.5,102.96987342991082,66,12.11111111111111,10,653,0.09090909090909091,0.0,0.0,United Kingdom,Regular Customers,796.4266887865439
15524.0,577,1,151.4,24,3.0,12,18.925,29.9,6.2035704005262735,8,8.0,1,0,0.0,440.0,6.089044875446846,United Kingdom,Regular Customers,196.070457782216
15525.0,343,2,430.78000000000003,253,3.513888888888889,18,5.983055555555556,29.85,5.329485517776933,66,34.0,2,9,0.0,444.54,6.099287029636728,United Kingdom,Regular Customers,300.46825544557663
15526.0,3,2,148.44,24,6.0,12,37.11,119.4,55.359736271048114,4,2.0,1,0,1.0,0.0,0.0,United Kingdom,VIP Customers,38.518438557293166
15527.0,6,30,4841.94,1991,6.340764331210191,50,15.420191082802546,102.0,21.49019062861253,196,10.433333333333334,9,687,0.19745222929936307,179.09,5.193456725931862,United Kingdom,Regular Customers,423.684615485897
15528.0,224,1,229.33,123,4.730769230769231,40,8.820384615384615,58.0,13.313802606549109,26,26.0,1,0,0.0,0.0,0.0,United Kingdom,VIP Customers,47.2749494663893
15529.0,37,11,4434.1,3959,5.576056338028169,60,6.245211267605634,59.4,6.085740427930629,429,63.90909090909091,9,327,0.0,322.11,5.777992822521732,United Kingdom,Regular Customers,631.2258562442157
15530.0,120,4,1475.06,1044,8.15625,80,11.52390625,51.0,9.056569654808685,98,30.0,3,363,0.0,333.62,5.812995559629518,United Kingdom,Regular Customers,172.10346150923255
15532.0,101,11,3324.76,1180,2.0593368237347294,52,5.802373472949389,47.7,6.464652594530226,386,51.54545454545455,5,417,0.5462478184991274,350.24,5.8614697504917945,United Kingdom,Regular Customers,508.71538951126627
15533.0,52,3,501.34000000000003,155,3.369565217391304,48,10.898695652173913,79.2,15.247644569819176,41,15.333333333333334,1,6,1.0,245.57999999999998,5.5076864844404065,United Kingdom,Regular Customers,341.0125549527746
15534.0,696,1,162.25,63,7.875,12,20.28125,35.4,10.185982577612657,8,8.0,1,0,0.0,0.0,0.0,United Kingdom,VIP Customers,-70.43948407553495
15535.0,143,10,955.12,299,2.2313432835820897,24,7.12776119402985,38.25,9.175271575484638,88,13.3,7,275,0.7761194029850746,0.0,0.0,United Kingdom,Regular Customers,150.5723723028835
15536.0,379,1,259.09,242,15.125,36,16.193125,30.6,7.735432518612002,16,16.0,1,0,0.0,0.0,0.0,United Kingdom,VIP Customers,2.741850958648172
15537.0,133,1,110.92,29,1.2083333333333333,4,4.621666666666667,19.8,4.641271065284731,24,24.0,1,0,0.0,0.0,0.0,United Kingdom,VIP Customers,57.725154084849805
15538.0,508,11,3036.1,989,30.90625,400,94.878125,1020.0,216.80971809604634,20,2.909090909090909,4,125,0.1875,0.0,0.0,United Kingdom,VIP Customers,181.01833733005594
15540.0,346,1,247.38,244,15.25,36,15.46125,30.0,6.620612131819837,16,16.0,1,0,0.0,213.3,5.367376902479531,United Kingdom,Regular Customers,254.97336500642052
15541.0,84,1,85.13,49,1.6896551724137931,3,2.9355172413793102,8.85,2.6876869851322454,29,29.0,1,0,0.0,0.0,0.0,United Kingdom,VIP Customers,70.92300781736671
15542.0,482,4,833.16,401,1.7587719298245614,12,3.654210526315789,29.9,3.8851051601292808,212,56.25,2,225,0.0,0.0,0.0,United Kingdom,Regular Customers,318.1876861892895
15543.0,258,2,242.26,167,2.982142857142857,12,4.326071428571429,25.5,4.172234926956329,50,27.0,2,171,0.0,0.0,0.0,United Kingdom,Regular Customers,185.16041896334775
15544.0,90,23,7007.79,5838,12.238993710691824,50,14.691383647798743,60.0,8.182036314363557,154,20.73913043478261,9,560,0.09433962264150944,771.79,6.650007342855994,United Kingdom,Regular Customers,490.92048303523177
15545.0,24,2,288.97,162,2.025,12,3.6121250000000003,23.25,3.410762078899781,78,40.0,2,316,0.6125,0.0,0.0,United Kingdom,Regular Customers,141.8319845909245
15546.0,577,3,539.5500000000001,99,5.5,24,29.975000000000005,130.8,97.01198114302233,6,6.0,1,0,0.0,0.0,0.0,United Kingdom,VIP Customers,-22.54100630247953
15547.0,10,27,9524.89,6887,5.554032258064516,480,7.681362903225806,201.6,9.726689457882548,611,44.407407407407405,12,693,0.8104838709677419,518.66,6.2531747515710085,United Kingdom,Regular Customers,834.3331348302326
15548.0,566,1,158.09,64,2.782608695652174,14,6.8734782608695655,50.85,10.657696582408779,23,23.0,1,0,0.0,0.0,0.0,United Kingdom,VIP Customers,-19.144039847818362
15549.0,47,9,2296.66,926,5.716049382716049,40,14.176913580246913,124.8,14.6606759389284,139,17.22222222222222,6,620,0.0,0.0,0.0,United Kingdom,Regular Customers,95.09826564660511
15550.0,76,13,1845.5,1088,4.814159292035399,40,8.165929203539823,209.7,21.917770086785467,161,17.076923076923077,8,630,0.0,142.35,4.9652891923293785,United Kingdom,Regular Customers,131.1750499858471
15551.0,7,9,1629.01,788,5.43448275862069,36,11.234551724137932,40.56,9.889981461286858,117,15.666666666666666,4,513,0.027586206896551724,0.0,0.0,United Kingdom,Regular Customers,161.00542816484642
15552.0,187,2,252.52,166,5.533333333333333,48,8.417333333333334,31.2,7.502238715685237,29,15.0,2,405,0.0,0.0,0.0,United Kingdom,Regular Customers,9.122344762218148
15553.0,30,1,428.93,449,8.163636363636364,25,7.798727272727273,26.55,5.9692378242134225,51,51.0,1,0,0.0,0.0,0.0,United Kingdom,VIP Customers,124.46415999084722
15554.0,248,1,217.2,74,5.285714285714286,12,15.514285714285714,19.9,2.639597038843718,14,14.0,1,0,0.0,0.0,0.0,United Kingdom,VIP Customers,23.332965933714974
15555.0,4,43,10098.6,7660,5.082946250829463,250,6.701128069011281,132.5,9.877739090333801,633,34.372093023255815,10,700,0.617120106171201,777.04,6.656777936738491,United Kingdom,Regular Customers,1225.0434272894302
15558.0,609,2,131.88,49,2.0416666666666665,24,5.495,70.8,21.385304381239486,23,12.0,1,0,0.0,0.0,0.0,United Kingdom,VIP Customers,-16.095779613042765
15559.0,538,1,1109.4,526,8.483870967741936,24,17.893548387096775,30.6,6.062532635511062,62,62.0,1,0,0.0,0.0,0.0,United Kingdom,VIP Customers,58.273959807199276
15560.0,368,2,153.52,72,7.2,12,15.352,19.8,2.5475774985485944,10,5.0,1,0,1.0,0.0,0.0,United Kingdom,VIP Customers,-25.502059293727797
15561.0,67,8,1505.62,1151,13.541176470588235,144,17.713176470588234,89.7,18.820270114184556,55,10.125,6,567,0.7529411764705882,350.92,5.863403877040464,United Kingdom,Regular Customers,-50.552069652997915
15562.0,322,3,671.4300000000001,560,16.96969696969697,144,20.346363636363638,153.0,36.69600334319306,32,10.666666666666666,2,374,0.8181818181818182,0.0,0.0,United Kingdom,Regular Customers,15.899043537183928
15563.0,171,6,2189.6,2234,10.792270531400966,180,10.577777777777778,47.7,8.21093935764012,151,34.166666666666664,5,480,0.0,584.07,6.371731498193053,United Kingdom,Regular Customers,131.62024261529007
15564.0,433,2,70.74000000000001,42,10.5,12,17.685000000000002,35.7,12.895150251160318,4,2.0,2,212,0.0,0.0,0.0,United Kingdom,VIP Customers,-182.15721674445194
15565.0,20,2,173.16,60,7.5,12,21.645,30.6,5.495886773630934,8,4.0,2,20,0.0,0.0,0.0,United Kingdom,VIP Customers,32.690583163019625
15566.0,363,2,227.87,153,12.75,50,18.989166666666666,35.4,10.428843270933596,9,6.0,2,331,0.0,0.0,0.0,United Kingdom,Regular Customers,0.47857236443596207
15568.0,15,2,422.52,281,7.805555555555555,24,11.736666666666666,33.9,8.67024534172559,26,18.0,2,28,0.0,335.77,5.8194002047666755,United Kingdom,Regular Customers,306.3813128282354
15569.0,74,10,3583.45,1734,12.385714285714286,120,25.596071428571427,356.4,62.662462616353835,123,13.9,8,545,0.9428571428571428,0.0,0.0,United Kingdom,Regular Customers,141.71451788148283
15570.0,6,25,8292.42,3837,5.344011142061281,48,11.54933147632312,79.8,9.55487678639656,435,27.36,11,585,0.233983286908078,380.02,5.942851867187289,United Kingdom,Regular Customers,719.607879459758
15571.0,4,12,3640.7,2326,3.942372881355932,240,6.170677966101694,254.4,12.162355915165193,439,47.5,7,699,0.4440677966101695,251.65,5.532005131737917,United Kingdom,Regular Customers,406.92102462317905
15572.0,80,7,2984.57,1563,5.965648854961832,144,11.391488549618321,195.0,15.105782978214862,204,37.0,5,494,0.15267175572519084,980.63,6.889214455276871,United Kingdom,Regular Customers,261.6838040592429
15573.0,2,5,1188.42,770,3.6492890995260665,100,5.632322274881517,38.25,6.512387669110861,181,40.2,5,697,0.0,0.0,0.0,United Kingdom,Regular Customers,-9.70547801347081
15574.0,148,7,1059.44,650,2.813852813852814,136,4.586320346320346,57.12,7.16422263518501,191,31.571428571428573,4,286,0.0,0.0,0.0,United Kingdom,Regular Customers,294.7275831119885
15575.0,589,1,30.1,6,2.0,3,10.033333333333333,14.85,4.495089913820782,3,3.0,1,0,0.0,0.0,0.0,United Kingdom,VIP Customers,-60.45167133639745
15576.0,8,1,921.37,394,9.162790697674419,96,21.427209302325583,239.04,36.85762461183002,43,43.0,1,0,0.0,0.0,0.0,United Kingdom,VIP Customers,167.60635656504334
15577.0,121,5,396.03,120,2.0338983050847457,6,6.712372881355932,24.9,6.757216152708472,58,11.8,3,575,0.3050847457627119,0.0,0.0,United Kingdom,Regular Customers,-45.889744142549915
15578.0,132,1,127.1,52,4.0,24,9.776923076923076,39.6,14.370711177377054,13,13.0,1,0,0.0,0.0,0.0,United Kingdom,VIP Customers,41.625970517689154
15579.0,39,7,1215.38,637,3.860606060606061,36,7.365939393939395,45.0,7.075057777663736,140,22.714285714285715,3,363,0.8545454545454545,0.0,0.0,United Kingdom,Regular Customers,236.5826716997648
15580.0,347,14,1216.15,902,3.5511811023622046,25,4.787992125984252,50.85,6.710960852012924,155,17.357142857142858,7,293,0.5236220472440944,0.0,0.0,United Kingdom,Regular Customers,260.62192692083573
15581.0,91,43,5486.79,2965,4.089655172413793,96,7.567986206896552,2500.0,111.32694861748645,542,16.53488372093023,11,616,0.09517241379310344,0.0,0.0,United Kingdom,Regular Customers,1755.9908431248934
15582.0,70,2,541.51,407,11.305555555555555,25,15.041944444444445,35.4,6.160655725509579,33,18.0,2,120,0.0,141.4,4.958639998977875,United Kingdom,Regular Customers,247.5442455755416
15583.0,346,1,95.96000000000001,56,1.435897435897436,4,2.460512820512821,8.5,2.063094187096486,37,37.0,1,0,1.0,0.0,0.0,United Kingdom,VIP Customers,-3.065641737454115
15584.0,18,5,1124.14,416,2.1780104712041886,36,5.885549738219896,53.75,6.823256329131964,166,37.4,5,623,0.5078534031413613,141.56,4.9597629637225,United Kingdom,Regular Customers,16.506629561542894
15585.0,147,1,455.3,320,10.32258064516129,24,14.687096774193549,39.6,6.634818858893028,31,31.0,1,0,0.0,0.0,0.0,United Kingdom,VIP Customers,78.28374353188207
15586.0,561,4,1128.66,1302,33.38461538461539,288,28.94,120.96,21.388532096970984,30,9.75,3,109,0.0,0.0,0.0,United Kingdom,VIP Customers,-94.80790302738075
15587.0,20,7,1522.08,528,37.714285714285715,72,108.72,244.08,65.49214961763327,3,2.0,6,441,0.14285714285714285,0.0,0.0,United Kingdom,Regular Customers,5.9759093131874295
15588.0,648,1,579.6,96,24.0,24,144.9,204.0,57.285600284888346,4,4.0,1,0,1.0,0.0,0.0,United Kingdom,VIP Customers,-97.40576643919707
15589.0,223,4,456.58,242,8.066666666666666,24,15.219333333333333,30.0,8.047415919940123,28,7.5,3,58,0.0,0.0,0.0,United Kingdom,VIP Customers,1.4903566892620006
15590.0,259,6,1466.41,831,9.443181818181818,36,16.66375,45.0,7.546135695624721,76,14.666666666666666,5,317,0.4431818181818182,0.0,0.0,United Kingdom,Regular Customers,116.77800582748884
15591.0,553,3,217.9,58,8.285714285714286,24,31.12857142857143,61.2,22.674707957377993,6,2.3333333333333335,3,91,0.0,0.0,0.0,United Kingdom,VIP Customers,-133.3671366528049
15592.0,17,1,388.58,354,14.75,48,16.190833333333334,60.0,10.913099793434,24,24.0,1,0,0.0,0.0,0.0,United Kingdom,VIP Customers,93.10661842180986
15593.0,41,1,199.8,60,12.0,12,39.96,83.4,34.60705130461132,5,5.0,1,0,0.0,0.0,0.0,United Kingdom,VIP Customers,50.9855755956259
15594.0,52,4,1502.18,865,9.61111111111111,28,16.69088888888889,39.6,5.866436363371985,81,22.5,2,153,0.0,265.35,5.584811233363008,United Kingdom,Regular Customers,341.3726948818236
15595.0,458,1,357.59999999999997,144,36.0,48,89.39999999999999,223.2,90.92854337335443,4,4.0,1,0,0.0,0.0,0.0,United Kingdom,VIP Customers,-23.612573936902493
15596.0,71,16,2621.27,1185,7.13855421686747,24,15.79078313253012,39.8,9.316888997680918,82,10.375,8,398,0.0,0.0,0.0,United Kingdom,Regular Customers,230.13003059696624
15597.0,5,2,563.37,393,10.621621621621621,24,15.226216216216216,30.6,5.884711524767355,35,18.5,2,540,0.0,-8.85,,United Kingdom,Regular Customers,-21.61739445163201
15598.0,5,4,543.02,400,10.526315789473685,24,14.29,24.96,6.1806253510247435,32,9.5,2,392,0.0,0.0,0.0,United Kingdom,Regular Customers,101.44442781821007
15599.0,174,2,937.15,741,12.35,48,15.619166666666667,35.4,6.28450078695539,58,30.0,2,241,0.0,312.91,5.749106320619864,United Kingdom,Regular Customers,184.98541095649202
15600.0,398,5,1178.71,651,8.797297297297296,36,15.928513513513513,70.8,9.711910451059765,56,14.8,5,165,0.2702702702702703,0.0,0.0,United Kingdom,VIP Customers,-84.93677163407216
15601.0,26,34,13972.44,10212,12.408262454434993,144,16.977448359659782,88.5,11.606180585695718,310,24.205882352941178,12,681,0.0899149453219927,178.4,5.1896179496246955,United Kingdom,Regular Customers,925.0668212604454
15602.0,41,22,2530.74,1772,14.290322580645162,72,20.409193548387094,90.0,23.396310966133594,61,5.636363636363637,10,667,0.0,352.68,5.868392549517988,United Kingdom,Regular Customers,82.49941880711626
15603.0,49,3,74.73,117,23.4,48,14.946000000000002,34.56,17.750407882637514,4,1.6666666666666667,2,569,0.0,0.0,0.0,United Kingdom,Regular Customers,-94.11246969085263
15604.0,22,1,216.39,159,9.352941176470589,12,12.728823529411764,29.88,5.7879053663144635,17,17.0,1,0,0.0,0.0,0.0,United Kingdom,VIP Customers,75.98089472513635
15605.0,6,10,1738.55,637,6.37,24,17.3855,50.4,6.804898469618647,80,10.0,7,658,0.11,0.0,0.0,United Kingdom,Regular Customers,-35.487787766665605
15606.0,27,19,4733.47,1443,9.075471698113208,48,29.770251572327044,102.0,31.83236981895537,84,8.368421052631579,10,589,0.24528301886792453,0.0,0.0,United Kingdom,Regular Customers,157.41455612488446
15607.0,307,13,1578.57,1434,12.469565217391304,48,13.726695652173913,53.1,12.888245884058989,96,8.846153846153847,5,364,0.0,0.0,0.0,United Kingdom,Regular Customers,232.28030454016167
15608.0,30,4,1663.58,1154,11.20388349514563,36,16.15126213592233,35.4,5.515908841902639,92,25.75,2,355,0.0,122.4,4.8154311114712876,United Kingdom,Regular Customers,229.0016690566493
15609.0,153,2,270.03,145,8.055555555555555,24,15.001666666666665,30.0,12.127898925739,16,9.0,1,1,0.0,0.0,0.0,United Kingdom,VIP Customers,56.652730972122356
15610.0,22,1,112.46000000000001,66,11.0,20,18.743333333333336,25.0,4.2631146673138725,6,6.0,1,0,0.0,0.0,0.0,United Kingdom,VIP Customers,52.960873866926846
15611.0,13,30,2607.26,628,7.056179775280899,120,29.295056179775283,214.8,35.77053269622649,41,2.966666666666667,10,640,0.21348314606741572,251.11,5.529865500206057,United Kingdom,Regular Customers,199.4184722373039
15612.0,6,2,195.15,52,8.666666666666666,24,32.525,89.25,28.682865093989477,4,3.0,2,25,0.5,0.0,0.0,United Kingdom,VIP Customers,14.247366919023506
15613.0,580,1,433.71999999999997,700,25.925925925925927,288,16.063703703703702,60.48,11.328993487829951,27,27.0,1,0,0.0,0.0,0.0,United Kingdom,VIP Customers,-61.107355456763685
15614.0,398,7,3008.86,1606,18.894117647058824,100,35.39835294117647,165.0,37.164379126070834,74,12.142857142857142,6,310,0.0,0.0,0.0,United Kingdom,Regular Customers,161.21901825830028
15615.0,1,53,20242.98,11602,13.154195011337869,72,22.95122448979592,122.04,18.750017464314283,291,16.641509433962263,12,706,0.031746031746031744,1039.09,6.94706252685272,United Kingdom,Regular Customers,1411.7339474199268
15616.0,408,1,317.11,137,10.538461538461538,24,24.393076923076926,67.5,16.401254720607703,13,13.0,1,0,0.0,0.0,0.0,United Kingdom,VIP Customers,0.6406661906195552
15617.0,366,3,828.55,485,11.547619047619047,36,19.72738095238095,59.4,10.722074348704197,41,14.0,3,111,0.0,0.0,0.0,United Kingdom,VIP Customers,-42.64642702397825
15618.0,3,5,747.03,428,8.73469387755102,24,15.245510204081633,30.0,8.650486513588048,39,9.8,3,103,0.0,0.0,0.0,United Kingdom,Regular Customers,296.9773856340323
15620.0,20,8,1909.93,1228,9.029411764705882,48,14.043602941176472,31.6,6.521146533228886,114,17.0,4,359,0.0,0.0,0.0,United Kingdom,Regular Customers,257.70669233165734
15622.0,13,29,7700.03,4067,9.098434004474273,48,17.226017897091722,67.6,9.811349439770016,332,15.413793103448276,7,658,0.0,-381.95,,United Kingdom,Regular Customers,732.2764816357987
15623.0,111,8,2437.05,1087,10.064814814814815,96,22.56527777777778,139.2,14.759656586077496,91,13.5,7,588,0.17592592592592593,0.0,0.0,United Kingdom,Regular Customers,5.9892609376854296
15624.0,87,4,588.13,357,10.5,64,17.297941176470587,35.4,6.267041145844477,26,8.5,4,139,0.0,0.0,0.0,United Kingdom,Regular Customers,188.2135617065361
15625.0,70,14,3203.25,2993,16.90960451977401,60,18.097457627118644,69.6,11.316633964879722,106,12.642857142857142,5,442,0.22598870056497175,0.0,0.0,United Kingdom,Regular Customers,324.8191021844111
15626.0,45,4,1049.37,1133,13.817073170731707,72,12.797195121951217,39.8,6.196462207371502,73,20.5,3,346,0.0,0.0,0.0,United Kingdom,Regular Customers,163.08811261150754
15627.0,427,2,566.9,344,14.333333333333334,48,23.620833333333334,81.12,21.985039560863964,23,12.0,2,65,0.0,0.0,0.0,United Kingdom,VIP Customers,-40.79201113495486
15628.0,17,19,4777.3,3265,11.619217081850534,96,17.001067615658364,53.1,8.11242126964115,133,14.789473684210526,10,679,0.06405693950177936,506.88,6.23024519920159,United Kingdom,Regular Customers,182.33901846356582
15629.0,420,4,2240.9,1518,19.714285714285715,96,29.102597402597404,81.6,15.841999259347004,39,19.25,3,82,0.0,0.0,0.0,United Kingdom,VIP Customers,30.843705064280158
15630.0,15,4,1475.45,986,12.17283950617284,36,18.215432098765433,59.8,10.149261186089202,76,20.25,3,599,0.0,0.0,0.0,United Kingdom,Regular Customers,21.399688094625304
15631.0,612,1,596.67,525,13.461538461538462,48,15.299230769230768,30.6,4.8792958856868855,39,39.0,1,0,1.0,0.0,0.0,United Kingdom,VIP Customers,-34.57061208276582
15632.0,16,9,2840.96,1844,11.312883435582823,96,17.42920245398773,79.2,16.27730992811148,99,18.11111111111111,6,228,0.0,306.35,5.727987163353019,United Kingdom,Regular Customers,331.9550931859121
15633.0,479,18,4156.91,2014,10.945652173913043,100,22.59190217391304,175.2,22.8381178626765,77,10.222222222222221,8,221,0.18478260869565216,0.0,0.0,United Kingdom,Regular Customers,370.5653117050349
15634.0,353,1,311.1,128,6.7368421052631575,24,16.373684210526317,30.0,5.119146207595251,19,19.0,1,0,1.0,243.55,5.499419786985366,United Kingdom,Regular Customers,223.8477218536152
15635.0,366,1,100.35,5,2.5,3,50.175,74.85,34.895719651556114,2,2.0,1,0,0.0,0.0,0.0,United Kingdom,VIP Customers,-25.250931236764245
15636.0,60,4,1444.58,560,9.824561403508772,24,25.343508771929823,71.6,14.252437822956574,39,14.25,3,479,0.2982456140350877,0.0,0.0,United Kingdom,Regular Customers,38.802750395543825
15637.0,23,5,797.59,651,15.878048780487806,288,19.45341463414634,103.68,16.67510773724657,37,8.2,4,671,0.0,0.0,0.0,United Kingdom,Regular Customers,-157.57696514667222
15638.0,271,9,2137.2,1078,37.172413793103445,200,73.69655172413792,212.0,65.23439218233749,20,3.2222222222222223,6,380,0.1724137931034483,0.0,0.0,United Kingdom,Regular Customers,42.92029814149285
15639.0,104,5,1028.33,832,11.555555555555555,25,14.28236111111111,39.8,10.213768874824096,61,14.2,4,471,0.0,0.0,0.0,United Kingdom,Regular Customers,45.048510654563955
15640.0,6,32,21301.75,11125,16.076589595375722,160,30.782875722543352,275.4,37.887012184878394,294,21.53125,10,689,0.3338150289017341,2073.34,7.637398309779923,United Kingdom,Regular Customers,1182.1118248755233
15641.0,75,12,5345.55,4422,14.218649517684888,72,17.188263665594857,81.36,9.581340512040867,249,25.916666666666668,8,627,0.18971061093247588,0.0,0.0,United Kingdom,Regular Customers,316.28568978415785
15642.0,700,1,105.77999999999999,270,45.0,48,17.63,23.7,4.706450892126677,6,6.0,1,0,0.0,0.0,0.0,United Kingdom,VIP Customers,-72.1593360721102
15643.0,149,6,647.4,242,6.722222222222222,25,17.983333333333334,66.4,14.403848692028708,31,6.0,2,103,0.0,0.0,0.0,United Kingdom,Regular Customers,304.5933450770018
15644.0,136,4,803.54,550,2.3706896551724137,16,3.4635344827586207,22.95,3.0491908668577525,166,56.5,2,94,0.5172413793103449,0.0,0.0,United Kingdom,Regular Customers,411.80829538981266
15645.0,373,3,430.56,134,7.882352941176471,32,25.327058823529413,81.6,23.539953208509644,16,5.666666666666667,2,22,0.8823529411764706,612.01,6.418381249016855,United Kingdom,Regular Customers,214.36529517341447
15646.0,128,6,762.31,815,11.81159420289855,48,11.047971014492752,22.5,6.945162637258469,65,11.5,5,252,0.0,0.0,0.0,United Kingdom,Regular Customers,162.4482160221486
15647.0,385,1,169.0,124,11.272727272727273,24,15.363636363636363,25.2,4.343563681419377,11,11.0,1,0,0.0,0.0,0.0,United Kingdom,VIP Customers,-7.233938611737727
15648.0,174,4,582.05,210,7.777777777777778,40,21.557407407407407,58.0,20.07882401409938,24,6.75,3,62,0.0,0.0,0.0,United Kingdom,Regular Customers,250.0488536326897
15649.0,306,4,1660.35,365,33.18181818181818,120,150.9409090909091,510.0,161.50083098575968,8,2.75,3,50,0.0,0.0,0.0,United Kingdom,VIP Customers,32.30804908605381
15650.0,485,3,539.03,207,5.594594594594595,24,14.568378378378378,25.2,6.199044511281788,33,12.333333333333334,2,113,0.6756756756756757,0.0,0.0,United Kingdom,VIP Customers,-90.68874852637666
15651.0,7,5,1259.06,871,14.516666666666667,48,20.984333333333332,85.92,17.28126646789706,52,12.0,4,559,0.0,0.0,0.0,United Kingdom,Regular Customers,7.507099602164914
15652.0,61,6,1397.44,655,6.359223300970874,48,13.567378640776699,89.7,17.00586588309037,93,17.166666666666668,4,393,0.0,0.0,0.0,United Kingdom,Regular Customers,164.89933274361297
15653.0,63,2,877.44,1200,200.0,576,146.24,414.72,207.9824084868718,4,3.0,2,23,0.0,0.0,0.0,United Kingdom,VIP Customers,-46.81687613854612
15655.0,203,2,511.32,319,8.621621621621621,25,13.819459459459459,25.5,10.249921665268673,34,18.5,1,10,0.918918918918919,0.0,0.0,United Kingdom,VIP Customers,39.08021930357427
15656.0,15,4,748.5,343,7.297872340425532,24,15.925531914893616,30.0,5.025112505126297,46,11.75,4,238,0.0,0.0,0.0,United Kingdom,Regular Customers,167.6292870053038
15658.0,160,13,1964.14,598,5.067796610169491,36,16.645254237288135,76.5,15.175264495187998,79,9.076923076923077,10,546,0.0,0.0,0.0,United Kingdom,Regular Customers,-14.679055641678048
15659.0,14,3,532.49,161,7.666666666666667,36,25.356666666666666,63.5,13.42036338305835,14,7.0,3,609,0.0,0.0,0.0,United Kingdom,Regular Customers,-109.61421554124061
15660.0,55,16,2210.48,1592,11.705882352941176,60,16.253529411764706,51.0,11.00272966329597,66,8.5,9,586,0.007352941176470588,344.36,5.844587351247222,United Kingdom,Regular Customers,57.312122182399975
15661.0,287,8,1215.95,779,17.704545454545453,120,27.635227272727274,174.0,33.46087152485661,27,5.5,7,261,0.06818181818181818,0.0,0.0,United Kingdom,Regular Customers,91.86494430216678
15662.0,631,2,283.73,145,12.083333333333334,24,23.644166666666667,70.8,16.900537085781586,12,6.0,2,77,0.0,0.0,0.0,United Kingdom,VIP Customers,-107.28669093965257
15663.0,76,1,138.14,106,11.777777777777779,36,15.348888888888887,23.4,3.208116442885312,9,9.0,1,0,0.0,0.0,0.0,United Kingdom,VIP Customers,45.08232587309536
15664.0,21,7,1212.35,511,6.905405405405405,24,16.383108108108107,44.25,11.906811786522006,55,10.571428571428571,5,598,0.36486486486486486,0.0,0.0,United Kingdom,Regular Customers,-42.87071303295201
15665.0,138,5,3987.07,2777,9.70979020979021,96,13.940804195804196,71.4,11.350566616204436,163,55.8,5,466,0.8636363636363636,0.0,0.0,United Kingdom,Regular Customers,206.4380924224255
15666.0,442,2,632.9399999999999,469,7.0,48,9.44686567164179,46.8,7.8891552355222005,62,32.5,1,23,0.5522388059701493,0.0,0.0,United Kingdom,VIP Customers,37.52133988457584
15667.0,10,1,301.32,240,18.46153846153846,24,23.178461538461537,41.4,14.085894745071425,13,13.0,1,0,0.0,0.0,0.0,United Kingdom,VIP Customers,72.73148573994126
15668.0,188,1,76.32,72,72.0,72,76.32,76.32,0.0,1,1.0,1,0,0.0,0.0,0.0,United Kingdom,VIP Customers,12.569438141662516
15669.0,10,5,677.69,339,9.685714285714285,48,19.36257142857143,85.92,18.49395693715321,31,7.0,4,223,0.22857142857142856,0.0,0.0,United Kingdom,Regular Customers,175.52067594583798
15670.0,267,3,315.2,124,6.2,12,15.76,59.4,12.019781940398788,19,6.666666666666667,2,259,0.0,0.0,0.0,United Kingdom,Regular Customers,111.04422862861463
15671.0,65,8,1951.25,1167,17.417910447761194,144,29.12313432835821,201.6,35.88300218888803,47,8.375,4,176,0.0,684.24,6.529769141862258,United Kingdom,Regular Customers,324.4130459408435
15672.0,695,1,45.3,10,3.3333333333333335,6,15.1,17.7,2.484451649760968,3,3.0,1,0,0.0,0.0,0.0,United Kingdom,VIP Customers,-80.65679853292903
15673.0,58,10,6199.37,3273,12.16728624535316,72,23.045985130111525,204.0,20.549104627327505,177,25.8,7,567,0.14869888475836432,0.0,0.0,United Kingdom,Regular Customers,321.59604402318723
15674.0,43,18,6217.85,3444,9.20855614973262,96,16.625267379679144,334.71,27.519218423423496,262,20.77777777777778,10,657,0.05614973262032086,0.0,0.0,United Kingdom,Regular Customers,429.8241375742216
15675.0,51,4,542.04,624,17.82857142857143,108,15.486857142857142,27.36,5.41285005466489,32,8.75,4,322,0.4,0.0,0.0,United Kingdom,Regular Customers,57.567102571047
15676.0,5,3,3247.44,2178,11.0,96,16.401212121212122,47.7,7.79091736878026,191,66.0,3,248,0.0,76.65,4.3522115495946965,United Kingdom,Regular Customers,419.1079650532221
15677.0,19,3,1305.6299999999999,675,9.375,24,18.13375,47.6,8.183112193783998,63,24.0,2,414,0.0,0.0,0.0,United Kingdom,Regular Customers,133.01653115822683
15678.0,23,3,1825.94,1022,11.108695652173912,58,19.84717391304348,67.6,13.07327391385053,77,28.666666666666668,3,469,0.0,0.0,0.0,United Kingdom,Regular Customers,99.91684115366687
15679.0,124,2,260.26,398,18.09090909090909,48,11.83,33.0,7.5066770278199675,18,11.0,2,28,0.0,521.02,6.257705901324915,United Kingdom,Regular Customers,270.8790741235696
15680.0,10,11,3673.62,2528,11.336322869955158,48,16.473632286995514,165.0,12.640674545421902,149,20.272727272727273,7,697,0.2556053811659193,311.96999999999997,5.7461073393012025,United Kingdom,Regular Customers,142.297765151396
15681.0,153,13,2237.06,1020,15.0,48,32.89794117647059,136.0,26.6331581325965,40,5.230769230769231,6,381,0.0,243.14,5.497741831241654,United Kingdom,Regular Customers,193.95945759329854
15682.0,569,3,316.99,221,8.5,24,12.191923076923077,22.5,4.583139552080665,25,8.666666666666666,2,88,0.0,0.0,0.0,United Kingdom,VIP Customers,-79.59658362685423
15683.0,87,2,524.54,332,12.76923076923077,48,20.174615384615382,40.8,7.024795644440758,25,13.0,1,356,0.38461538461538464,0.0,0.0,United Kingdom,Regular Customers,82.65424813389728
15684.0,517,6,147.79999999999998,72,5.142857142857143,24,10.557142857142855,39.8,12.81441281620722,10,2.3333333333333335,3,188,0.0,0.0,0.0,United Kingdom,VIP Customers,-138.99315698247307
15685.0,420,1,55.980000000000004,36,2.1176470588235294,4,3.2929411764705883,17.0,3.7215466621854314,17,17.0,1,0,0.0,0.0,0.0,United Kingdom,VIP Customers,-6.628633201982751
15686.0,390,1,90.0,72,72.0,72,90.0,90.0,0.0,1,1.0,1,0,0.0,0.0,0.0,United Kingdom,VIP Customers,-25.986061800221933
15687.0,35,8,2229.58,982,7.553846153846154,48,17.150615384615385,30.6,4.8757261043584785,91,16.25,5,264,0.0,751.92,6.623958980455977,United Kingdom,Regular Customers,271.7288245308974
15688.0,389,1,190.57,95,3.5185185185185186,12,7.058148148148148,23.6,5.709309561542066,26,26.0,1,0,1.0,0.0,0.0,United Kingdom,VIP Customers,-20.800311831682365
15689.0,90,3,521.03,207,8.625,12,21.70958333333333,81.0,16.064857265138567,20,8.0,3,497,0.0,0.0,0.0,United Kingdom,Regular Customers,-29.59013613661918
15690.0,71,1,111.0,204,25.5,48,13.875,46.8,13.996186215231223,8,8.0,1,0,0.0,128.76,4.865686590367103,United Kingdom,Regular Customers,295.55502111610673
15691.0,222,5,511.8,202,13.466666666666667,36,34.12,102.0,36.89278287919507,12,3.0,3,480,0.4,0.0,0.0,United Kingdom,Regular Customers,-47.29216960964689
15693.0,629,1,37.5,30,30.0,30,37.5,37.5,0.0,1,1.0,1,0,0.0,0.0,0.0,United Kingdom,VIP Customers,-70.93529519772665
15694.0,37,25,7970.7699999999995,1912,15.05511811023622,192,62.761968503937005,350.4,72.31121022270348,50,5.08,11,665,0.023622047244094488,1763.3600000000001,7.475543297377566,United Kingdom,Regular Customers,261.386362084317
15695.0,237,4,1131.04,484,8.203389830508474,48,19.170169491525424,76.5,9.758964489217686,55,14.75,3,414,0.0,0.0,0.0,United Kingdom,Regular Customers,63.38189003129921
15696.0,3,21,3732.12,1370,5.780590717299578,24,15.747341772151898,66.6,11.5763326694327,163,11.047619047619047,8,650,0.3206751054852321,0.0,0.0,United Kingdom,Regular Customers,257.33209640998604
15697.0,660,1,246.75,127,9.071428571428571,24,17.625,27.0,5.129355560061953,14,14.0,1,0,0.0,0.0,0.0,United Kingdom,VIP Customers,-55.10230671362194
15698.0,594,1,46.2,60,30.0,48,23.1,31.2,11.45512985522207,2,2.0,1,0,0.0,0.0,0.0,United Kingdom,VIP Customers,-68.90468348811811
15700.0,142,3,664.03,328,3.6853932584269664,48,7.4610112359550556,40.8,7.06619529953963,85,29.333333333333332,1,1,0.9550561797752809,0.0,0.0,United Kingdom,VIP Customers,127.81115428344233
15701.0,38,3,1210.06,648,3.2238805970149254,36,6.020199004975124,29.95,5.0777793335471975,170,64.66666666666667,3,42,0.9601990049751243,318.94,5.76813347821345,United Kingdom,Regular Customers,422.3576742764959
15702.0,446,2,140.39,103,3.433333333333333,25,4.679666666666666,27.82,5.611527226708604,30,15.0,2,205,0.0,0.0,0.0,Nigeria,VIP Customers,-135.14450060218277
15703.0,235,1,211.5,66,13.2,18,42.3,107.1,37.03390338595163,5,5.0,1,0,1.0,0.0,0.0,United Kingdom,VIP Customers,-14.630230362204117
15704.0,110,8,3660.88,1684,8.174757281553399,36,17.77126213592233,118.8,17.60007365170907,130,25.375,4,442,0.5242718446601942,0.0,0.0,United Kingdom,Regular Customers,267.6456770458167
15705.0,171,1,143.1,62,10.333333333333334,48,23.849999999999998,60.0,17.768258215143096,6,6.0,1,0,1.0,0.0,0.0,United Kingdom,VIP Customers,-12.087250372075204
15706.0,30,7,1001.81,305,5.169491525423729,24,16.979830508474574,102.0,15.543414781643884,50,8.428571428571429,3,56,0.3898305084745763,0.0,0.0,United Kingdom,Regular Customers,375.4071393743893
15707.0,5,4,916.98,594,2.897560975609756,36,4.473073170731707,45.0,4.314551509138807,126,48.5,3,51,0.0,0.0,0.0,United Kingdom,Regular Customers,422.61502161516967
15708.0,11,14,3840.73,1454,4.1902017291066285,64,11.068386167146974,65.4,9.60569431555939,135,23.714285714285715,7,384,0.9884726224783862,0.0,0.0,United Kingdom,Regular Customers,304.4476976573915
15709.0,254,2,327.85,169,6.2592592592592595,48,12.142592592592594,38.25,11.219873368472498,26,13.0,2,305,0.0,0.0,0.0,United Kingdom,Regular Customers,61.779023415845586
15710.0,387,1,898.87,641,5.827272727272727,48,8.171545454545454,46.8,7.397045056731063,110,110.0,1,0,0.0,0.0,0.0,United Kingdom,VIP Customers,143.6203720722554
15711.0,527,2,420.25,199,7.96,16,16.81,34.0,4.348347387226554,25,12.5,2,128,0.28,0.0,0.0,United Kingdom,VIP Customers,-115.85458854569521
15712.0,41,12,3261.01,1185,7.596153846153846,96,20.903910256410256,101.76,13.938361942621054,80,13.0,8,667,0.23076923076923078,206.45,5.334890346778876,United Kingdom,Regular Customers,0.2149789154819075
15713.0,113,6,814.84,447,8.277777777777779,25,15.08962962962963,53.1,8.83724087457912,48,9.0,4,580,0.0,0.0,0.0,United Kingdom,Regular Customers,-38.194338320468745
15714.0,48,4,586.41,241,12.68421052631579,36,30.863684210526316,99.0,29.09927379974481,16,4.75,2,477,0.5263157894736842,197.55,5.291040957577261,United Kingdom,Regular Customers,5.950123854551606
15715.0,526,5,658.02,246,6.473684210526316,24,17.316315789473684,34.8,5.9119656131523035,33,7.6,3,63,0.0,0.0,0.0,United Kingdom,VIP Customers,-32.64985517263952
15716.0,116,11,2485.26,1379,4.821678321678322,96,8.68972027972028,81.6,9.52535261172112,188,24.727272727272727,8,586,0.6678321678321678,0.0,0.0,United Kingdom,Regular Customers,96.56586041012534
15717.0,204,5,607.0,224,9.333333333333334,18,25.291666666666668,53.1,10.31773132573944,17,4.8,4,358,0.0,0.0,0.0,United Kingdom,Regular Customers,35.11841935752321
15718.0,510,1,293.79,95,5.277777777777778,24,16.32166666666667,30.0,4.276214997621419,18,18.0,1,0,0.0,0.0,0.0,United Kingdom,VIP Customers,-20.03993112017676
15719.0,3,39,10118.87,5343,2.9983164983164983,36,5.67837822671156,63.5,5.4957995502785355,449,45.51282051282051,12,705,0.02861952861952862,0.0,0.0,United Kingdom,Regular Customers,937.7754720577751
15720.0,520,1,140.49,46,1.84,10,5.6196,12.75,3.523182131728834,25,25.0,1,0,0.0,598.73,6.3964795539357615,United Kingdom,Regular Customers,228.0259566963229
15722.0,6,15,5095.95,2259,11.644329896907216,132,26.26778350515464,231.0,30.804822762424546,94,12.733333333333333,7,604,0.27835051546391754,0.0,0.0,United Kingdom,Regular Customers,234.24120884494195
15723.0,335,4,930.7,427,3.4715447154471546,36,7.566666666666667,60.84,10.278219743364906,108,30.25,4,209,0.16260162601626016,0.0,0.0,United Kingdom,Regular Customers,197.39426647400447
15724.0,171,5,299.8,114,5.7,12,14.99,35.7,10.501999809560083,17,4.0,4,199,0.3,0.0,0.0,United Kingdom,Regular Customers,125.68031467573655
15726.0,360,1,321.91,123,5.3478260869565215,12,13.99608695652174,31.8,6.159337139018684,23,23.0,1,0,1.0,0.0,0.0,United Kingdom,VIP Customers,-14.28144690647818
15727.0,77,14,8802.039999999999,5470,8.467492260061919,96,13.625448916408667,295.0,22.709491469899035,407,44.714285714285715,8,577,0.3328173374613003,569.67,6.346811109138014,United Kingdom,Regular Customers,705.5583248874769
15728.0,19,3,409.8,98,6.125,24,25.6125,102.0,43.405193621654696,10,5.333333333333333,3,394,0.0,0.0,0.0,United Kingdom,VIP Customers,-218.27920934242402
15729.0,168,5,154.7,40,3.076923076923077,12,11.899999999999999,23.0,13.977496795444694,10,2.6,2,205,0.0,0.0,0.0,United Kingdom,Regular Customers,168.68277129064427
15730.0,36,7,1708.18,1053,9.156521739130435,48,14.853739130434784,33.0,5.9607563780125075,102,16.428571428571427,4,365,0.0,0.0,0.0,United Kingdom,Regular Customers,214.94467569228902
15731.0,524,1,125.3,122,15.25,24,15.6625,26.4,4.856494179373193,8,8.0,1,0,0.0,0.0,0.0,United Kingdom,VIP Customers,-37.652034706934046
15732.0,182,12,1499.42,1255,12.303921568627452,96,14.700196078431373,39.0,7.730438612995475,53,8.5,5,461,0.06862745098039216,0.0,0.0,United Kingdom,Regular Customers,111.53339526805894
15733.0,253,1,162.3,62,6.2,12,16.23,19.8,2.134400774612552,10,10.0,1,0,0.0,0.0,0.0,United Kingdom,VIP Customers,15.98930337505243
15734.0,85,4,2263.3,516,12.0,50,52.63488372093024,295.0,67.10432352021145,36,10.75,4,432,0.0,0.0,0.0,United Kingdom,Regular Customers,102.71851358950059
15735.0,391,1,327.68,206,10.842105263157896,24,17.246315789473684,30.0,5.2949527440198665,19,19.0,1,0,0.0,0.0,0.0,United Kingdom,VIP Customers,7.723711856696696
15736.0,400,3,1668.67,1199,11.640776699029127,120,16.200679611650486,51.0,12.673735406005719,95,34.0,2,5,0.0,0.0,0.0,United Kingdom,VIP Customers,119.26605752837375
15737.0,43,10,997.6,526,7.205479452054795,36,13.665753424657535,35.4,9.016367511643635,55,7.3,4,170,0.0,123.61,4.8251888599547765,United Kingdom,Regular Customers,316.5354332843127
15738.0,13,44,12698.52,8808,18.582278481012658,240,26.790126582278482,116.25,20.80774676809909,70,10.75,12,686,0.13291139240506328,316.9,5.761736867916757,United Kingdom,Regular Customers,762.848980583716
15739.0,36,1,449.12,472,59.0,192,56.14,107.28,33.58585416510945,8,8.0,1,0,0.0,0.0,0.0,United Kingdom,VIP Customers,38.11361545610367
15740.0,19,1,154.88,152,16.88888888888889,72,17.20888888888889,28.08,6.566925544812512,9,9.0,1,0,0.0,0.0,0.0,United Kingdom,VIP Customers,48.67577355691168
15741.0,428,2,208.62,70,5.833333333333333,12,17.385,35.4,5.916438578616823,11,6.0,2,160,0.0,0.0,0.0,United Kingdom,VIP Customers,-132.1389600290778
15742.0,589,1,156.87,51,1.2439024390243902,6,3.82609756097561,16.95,3.3305141330196903,41,41.0,1,0,0.0,0.0,0.0,United Kingdom,VIP Customers,-7.895089033772308
15743.0,7,3,563.11,164,2.6031746031746033,12,8.938253968253969,35.7,6.8846377700487915,54,20.333333333333332,3,147,0.0,212.85,5.365274834672918,United Kingdom,Regular Customers,248.4722965217737
15744.0,48,1,34.8,120,40.0,48,11.6,13.92,4.018357873559795,3,3.0,1,0,0.0,0.0,0.0,United Kingdom,VIP Customers,41.531934202728536
15745.0,4,4,908.4300000000001,355,6.574074074074074,24,16.82277777777778,39.6,6.411666082204027,50,13.5,4,202,0.6481481481481481,162.81,5.09870721961654,United Kingdom,Regular Customers,182.80058363936018
15746.0,104,2,182.96,130,4.482758620689655,48,6.308965517241379,18.75,6.1334401584543,28,14.5,1,0,0.0,0.0,0.0,United Kingdom,VIP Customers,71.8151552432347
15747.0,90,9,2076.59,1158,6.811764705882353,48,12.215235294117647,69.6,12.92494836279803,95,18.333333333333332,6,570,0.09411764705882353,421.27,6.045644919871123,United Kingdom,Regular Customers,56.61221780893044
15748.0,10,3,609.81,261,7.25,189,16.939166666666665,396.9,65.23596485616109,34,11.666666666666666,2,408,0.5555555555555556,0.0,0.0,United Kingdom,Regular Customers,114.79838694320779
15749.0,205,4,21535.9,9014,600.9333333333333,3114,1435.7266666666667,6539.4,4586.563235686649,6,3.75,2,97,0.0,0.0,0.0,United Kingdom,At-Risk Customers,-305.278014727196
15750.0,8,22,5835.07,3934,6.578595317725752,48,9.757642140468226,59.4,8.413986956742795,381,26.90909090909091,8,700,0.0,527.53,6.270099568126878,United Kingdom,Regular Customers,566.0311900088445
15751.0,431,14,1318.84,437,3.2611940298507465,48,9.842089552238805,45.0,8.793971796739225,90,9.571428571428571,6,272,1.0,0.0,0.0,United Kingdom,Regular Customers,188.1119325819213
15752.0,10,10,3916.46,2787,4.747870528109029,36,6.671993185689949,50.4,5.544406794511489,359,57.8,8,417,0.0,0.0,0.0,United Kingdom,Regular Customers,482.99000505040374
15753.0,275,1,79.2,144,144.0,144,79.2,79.2,0.0,1,1.0,1,0,0.0,0.0,0.0,United Kingdom,VIP Customers,-5.441923130283783
15754.0,21,12,3001.86,1755,13.0,60,22.236,106.2,18.91261618721154,114,11.25,7,604,0.0,0.0,0.0,United Kingdom,Regular Customers,127.9608563960002
15755.0,44,18,5676.69,3900,10.743801652892563,48,15.638264462809916,40.8,6.206533450874774,275,20.166666666666668,10,661,0.046831955922865015,260.26,5.565516080058417,United Kingdom,Regular Customers,355.60891701000605
15756.0,31,4,528.01,241,1.2617801047120418,6,2.764450261780105,12.75,2.1121427350061843,160,47.5,4,187,0.5497382198952879,0.0,0.0,United Kingdom,Regular Customers,291.1725781302922
15757.0,36,6,2940.36,1757,9.103626943005182,48,15.235025906735752,35.7,5.641435260303918,162,32.166666666666664,6,481,0.0,0.0,0.0,United Kingdom,Regular Customers,177.09773553981975
15759.0,188,10,810.98,518,25.9,288,40.549,183.6,45.003021875144526,10,2.0,7,519,0.0,0.0,0.0,United Kingdom,Regular Customers,-111.23546477368907
15760.0,601,5,-5795.87,-1,-0.2,1,-1159.174,6958.17,7425.264410125743,1,1.0,1,0,0.0,0.0,0.0,Norway,VIP Customers,-641.8912261501242
15761.0,413,1,143.05,31,6.2,12,28.610000000000003,39.8,10.924422181516052,5,5.0,1,0,0.0,0.0,0.0,United Kingdom,VIP Customers,-23.499755785983695
15762.0,35,2,583.75,251,6.783783783783784,24,15.777027027027026,25.5,4.2851908195972275,37,18.5,2,12,0.0,0.0,0.0,United Kingdom,VIP Customers,79.03147311640234
15763.0,2,3,1048.67,268,4.253968253968254,12,16.645555555555557,79.9,11.041148663036976,58,21.0,2,45,0.0,0.0,0.0,United Kingdom,Regular Customers,375.1863332327656
15764.0,51,14,4453.28,2925,11.293436293436294,96,17.194131274131273,178.75,13.934904404889112,187,18.5,5,397,0.0,0.0,0.0,United Kingdom,Regular Customers,501.5380829798793
15765.0,637,1,370.63,335,13.4,24,14.8252,23.4,4.448211363383414,25,25.0,1,0,0.0,0.0,0.0,United Kingdom,VIP Customers,-28.42846374320885
15766.0,34,4,799.66,330,11.785714285714286,24,28.559285714285714,130.8,31.256267155691134,21,7.0,3,618,0.0,0.0,0.0,United Kingdom,Regular Customers,-68.5130106317961
15767.0,611,2,-242.7,-50,-5.555555555555555,-2,-26.966666666666665,-14.85,18.203811414096776,9,4.5,2,94,0.0,0.0,0.0,,,-131.94442445730587
15768.0,86,36,15267.26,4212,3.478117258464079,48,12.607151114781173,250.0,15.107141392424289,440,32.833333333333336,9,620,0.04459124690338563,0.0,0.0,United Kingdom,Regular Customers,1166.6149162287968
15769.0,1,50,80773.58,45310,193.63247863247864,1200,345.1862393162393,1980.0,310.98092853969405,27,4.68,12,698,0.021367521367521368,3404.0,8.133000218583613,United Kingdom,Regular Customers,3640.1158562088
15770.0,583,1,321.45,67,3.7222222222222223,6,17.858333333333334,19.8,2.6552528405142186,18,18.0,1,0,0.0,0.0,0.0,United Kingdom,VIP Customers,-32.98342114709351
15771.0,574,3,1006.54,512,18.285714285714285,96,35.94785714285714,225.0,44.014590371926275,26,9.333333333333334,2,89,0.0,0.0,0.0,United Kingdom,VIP Customers,-28.01744062519603
15772.0,388,1,280.88,110,6.875,24,17.555,34.0,5.62931612187484,16,16.0,1,0,1.0,0.0,0.0,United Kingdom,VIP Customers,-32.47709355339305
15773.0,379,1,138.84,99,2.675675675675676,24,3.7524324324324327,20.4,3.969741389145733,37,37.0,1,0,0.0,635.6800000000001,6.4562671745616536,United Kingdom,Regular Customers,270.2470200975857
15774.0,39,7,1282.6,464,4.18018018018018,36,11.554954954954955,47.2,7.947347627739353,89,15.714285714285714,5,587,0.9009009009009009,0.0,0.0,United Kingdom,Regular Customers,-22.374571733981185
15775.0,215,2,150.5,260,28.88888888888889,144,16.72222222222222,27.36,4.62199572094614,9,4.5,2,386,0.0,0.0,0.0,United Kingdom,Regular Customers,-28.223602585179634
15776.0,103,1,241.62,138,7.666666666666667,36,13.423333333333334,25.5,4.9429807630142975,18,18.0,1,0,0.0,0.0,0.0,United Kingdom,VIP Customers,53.93901872812191
15777.0,211,9,1732.16,595,14.512195121951219,112,42.24780487804878,285.6,51.61963020558144,29,4.555555555555555,6,327,0.0,0.0,0.0,United Kingdom,Regular Customers,144.38026819354752
15778.0,401,1,307.95,101,5.9411764705882355,24,18.11470588235294,25.5,2.8884881807942775,17,17.0,1,0,0.0,0.0,0.0,United Kingdom,VIP Customers,-1.361874298862574
15779.0,433,2,124.08,20,2.5,6,15.51,21.8,3.316831534547908,8,4.0,2,69,0.0,0.0,0.0,United Kingdom,VIP Customers,-80.6559459374653
15780.0,154,3,475.28000000000003,220,7.586206896551724,24,16.38896551724138,30.6,5.202449522530975,26,9.666666666666666,3,174,0.0,0.0,0.0,United Kingdom,Regular Customers,166.50853306810512
15781.0,105,3,199.4,64,5.333333333333333,12,16.616666666666667,35.4,10.826069826062822,11,4.0,2,171,0.0,134.16,4.90645926184609,United Kingdom,Regular Customers,180.19822060669588
15782.0,16,5,3535.25,1698,31.444444444444443,144,65.4675925925926,204.0,47.59172153059796,52,10.8,3,675,0.3888888888888889,450.4,6.112353864383436,United Kingdom,Regular Customers,10.020756463628715
15784.0,438,2,848.33,381,8.86046511627907,24,19.72860465116279,63.6,12.094177580140698,33,21.5,2,204,0.3488372093023256,0.0,0.0,United Kingdom,VIP Customers,-123.13251800324997
15785.0,3,25,5838.7699999999995,4443,18.359504132231404,120,24.127148760330577,187.5,26.564385021824556,102,9.68,10,691,0.08264462809917356,-13.440000000000001,,United Kingdom,Regular Customers,325.15105586141397
15786.0,14,9,8379.65,5869,12.201663201663202,48,17.42130977130977,79.95,10.225985025378167,358,53.44444444444444,3,493,0.0,0.0,0.0,United Kingdom,Regular Customers,740.5734050921625
15787.0,31,1,479.09999999999997,282,3.525,24,5.98875,19.9,5.120437920107117,78,78.0,1,0,1.0,454.15999999999997,6.120649005488808,United Kingdom,Regular Customers,363.66503731477053
15788.0,471,2,215.53,112,7.466666666666667,24,14.368666666666666,30.0,7.632492446925903,14,7.5,1,7,0.0,0.0,0.0,United Kingdom,VIP Customers,-10.389066254394152
15789.0,328,7,1932.01,2475,17.678571428571427,96,13.800071428571428,31.2,5.912096184081013,110,20.0,5,265,0.2571428571428571,0.0,0.0,United Kingdom,Regular Customers,226.9315334263562
15791.0,14,9,3541.79,1949,10.827777777777778,48,19.67661111111111,81.0,13.403780804232829,122,20.0,6,598,0.0,0.0,0.0,United Kingdom,Regular Customers,139.85096886160858
15792.0,370,2,933.84,606,10.631578947368421,48,16.383157894736843,30.0,5.442135596401844,57,28.5,2,218,0.0,0.0,0.0,United Kingdom,Regular Customers,156.32035416339636
15793.0,10,7,2045.96,1508,58.0,192,78.69076923076923,232.0,46.65265359424494,11,3.7142857142857144,6,698,0.0,336.96000000000004,5.822927545284644,United Kingdom,Regular Customers,-126.48226928451956
15794.0,706,2,777.0,288,19.2,72,51.8,130.8,44.90596126510218,15,7.5,1,0,0.0,0.0,0.0,United Kingdom,VIP Customers,-36.64853442432451
15795.0,120,8,1979.87,1411,10.770992366412214,48,15.11351145038168,40.56,6.348699675907491,111,16.375,6,540,0.3282442748091603,0.0,0.0,United Kingdom,Regular Customers,57.928218366909846
15796.0,42,20,4191.9,1494,5.637735849056604,25,15.818490566037735,91.8,14.497623420208953,141,12.95,11,666,0.5886792452830188,823.85,6.715201551621933,United Kingdom,Regular Customers,135.51213438196388
15797.0,83,6,2821.08,1281,106.75,200,235.09,408.0,113.81671278459466,12,2.0,4,568,0.0,0.0,0.0,United Kingdom,Regular Customers,-18.3311258024398
15798.0,463,3,1535.37,915,11.024096385542169,24,18.49843373493976,40.56,7.349886755710927,73,27.666666666666668,3,188,0.0,0.0,0.0,United Kingdom,VIP Customers,-52.5076378022555
15799.0,46,4,1421.34,1341,8.707792207792208,100,9.22948051948052,59.0,8.685809837823626,143,37.25,4,342,0.9025974025974026,0.0,0.0,United Kingdom,Regular Customers,190.6103607570191
15800.0,77,7,1227.07,575,2.478448275862069,30,5.289094827586206,89.7,7.843501931773802,198,32.57142857142857,4,511,0.21982758620689655,0.0,0.0,United Kingdom,Regular Customers,197.1163501289164
15801.0,16,4,1042.19,562,8.144927536231885,24,15.104202898550726,39.6,7.9786333058246885,61,17.25,2,63,0.0,0.0,0.0,United Kingdom,Regular Customers,369.9280569285613
15802.0,113,3,-451.42,-1,-0.3333333333333333,1,-150.47333333333333,451.42,521.2549170351617,1,1.0,1,0,0.0,0.0,0.0,United Kingdom,VIP Customers,19.011545491643034
15803.0,21,4,1929.66,1030,20.19607843137255,72,37.836470588235294,102.0,23.65112418668757,48,12.75,3,624,0.0,0.0,0.0,United Kingdom,Regular Customers,-17.99235226649617
15804.0,7,15,3189.81,1966,8.66079295154185,48,14.052026431718062,250.0,24.694526288608305,162,15.133333333333333,7,161,0.13656387665198239,658.74,6.491845818012025,United Kingdom,Regular Customers,578.508046109604
15805.0,2,38,9348.88,5943,10.904587155963302,80,17.153908256880733,204.0,15.480084238887018,341,14.342105263157896,10,697,0.08073394495412844,319.74,5.770630826080663,United Kingdom,Regular Customers,895.5300362004755
15806.0,16,3,784.58,602,19.419354838709676,48,25.309032258064516,118.8,27.73621235314809,24,10.333333333333334,3,230,0.0,0.0,0.0,United Kingdom,Regular Customers,183.93512310647841
15807.0,20,6,1807.57,1531,17.202247191011235,288,20.309775280898876,60.48,10.738360080648011,86,14.833333333333334,4,615,0.0,0.0,0.0,United Kingdom,Regular Customers,-21.95319372242315
15808.0,276,24,17038.95,6726,8.546378653113088,48,21.6505082592122,350.4,24.17761423344417,349,32.208333333333336,11,431,0.17153748411689962,0.0,0.0,United Kingdom,Regular Customers,1061.885912370419
15809.0,6,9,862.88,649,9.686567164179104,144,12.878805970149253,295.0,53.82462409677147,51,7.444444444444445,6,499,0.0,0.0,0.0,United Kingdom,Regular Customers,71.40799975637282
15810.0,49,13,2724.8,1510,7.823834196891192,30,14.118134715025908,139.5,15.833784641895443,89,14.846153846153847,9,638,0.0,0.0,0.0,United Kingdom,Regular Customers,48.54033307199754
15811.0,76,8,2999.93,1462,5.848,48,11.99972,93.6,9.629786220483236,181,28.5,6,282,0.0,438.92,6.086592892199559,United Kingdom,Regular Customers,364.51906340933203
15812.0,77,13,5186.17,3432,27.238095238095237,432,41.16007936507937,457.92,79.45241303317131,87,9.615384615384615,8,617,0.0,0.0,0.0,United Kingdom,Regular Customers,162.7254547110119
15813.0,178,2,1303.9099999999999,603,15.075,48,32.59775,175.2,33.77057089997526,40,20.0,2,31,0.0,0.0,0.0,United Kingdom,VIP Customers,97.2480743734548
15814.0,6,5,2266.3,1492,18.65,108,28.328750000000003,156.6,23.612936026356614,72,16.0,3,567,0.0,265.54,5.585524326151581,United Kingdom,Regular Customers,94.44922377588094
15815.0,34,5,2100.6,1856,37.87755102040816,240,42.86938775510204,254.4,44.4814757515307,33,9.8,5,196,0.0,0.0,0.0,United Kingdom,Regular Customers,239.60610577493108
15816.0,512,3,93.3,51,4.25,18,7.7749999999999995,50.85,23.1039498787545,11,4.0,1,0,0.0,0.0,0.0,United Kingdom,VIP Customers,-2.9803033377678787
15817.0,391,3,2766.4,1596,10.5,48,18.2,68.0,8.787724656346578,133,50.666666666666664,3,122,0.0,0.0,0.0,United Kingdom,VIP Customers,118.53394929798851
15818.0,558,1,340.5,284,25.818181818181817,100,30.954545454545453,145.0,41.82038650314853,11,11.0,1,0,0.0,0.0,0.0,United Kingdom,VIP Customers,-29.849437415016155
15819.0,19,11,3911.28,2913,11.034090909090908,60,14.815454545454546,51.0,6.881117974826282,183,23.90909090909091,6,582,0.09090909090909091,0.0,0.0,United Kingdom,Regular Customers,258.58374489992565
15820.0,290,1,206.98,128,7.529411764705882,72,12.175294117647057,90.0,20.842552662056253,17,17.0,1,0,0.0,0.0,0.0,United Kingdom,VIP Customers,22.209011384406125
15821.0,14,2,570.96,202,3.2580645161290325,12,9.209032258064516,29.85,6.07488911311534,57,31.0,1,17,0.5483870967741935,0.0,0.0,United Kingdom,VIP Customers,114.06910365938097
15822.0,329,7,1332.64,723,13.145454545454545,72,24.229818181818185,63.2,19.547064238312114,39,7.571428571428571,5,373,0.43636363636363634,445.27,6.100924150016726,United Kingdom,Regular Customers,28.60515659886326
15823.0,307,6,3018.86,1486,8.540229885057471,48,17.34977011494253,106.2,30.334083711708328,159,29.0,2,393,0.0,0.0,0.0,United Kingdom,Regular Customers,297.2481492967064
15824.0,423,2,890.94,478,18.384615384615383,36,34.26692307692308,67.5,19.533132420424696,24,13.0,2,78,0.6153846153846154,0.0,0.0,United Kingdom,VIP Customers,-60.48583048477988
15825.0,142,1,532.94,220,11.0,40,26.647000000000002,250.0,54.2666823343656,20,20.0,1,0,0.0,0.0,0.0,United Kingdom,VIP Customers,108.82552960094807
15826.0,21,6,2583.13,1811,14.96694214876033,48,21.348181818181818,104.04,13.808677706427938,100,20.166666666666668,2,516,0.0,0.0,0.0,United Kingdom,Regular Customers,214.7481596087846
15827.0,43,42,3240.0299999999997,1640,6.482213438735178,24,12.806442687747035,71.6,11.374333575178825,125,6.023809523809524,11,627,0.04743083003952569,0.0,0.0,United Kingdom,Regular Customers,477.6413984732636
15828.0,345,1,1108.82,367,4.95945945945946,20,14.984054054054052,51.0,10.494765547045303,74,74.0,1,0,0.0,0.0,0.0,United Kingdom,VIP Customers,112.2650048317287
15829.0,69,2,636.14,996,19.529411764705884,48,12.473333333333333,34.8,6.675794684280416,44,25.5,2,41,0.0,0.0,0.0,United Kingdom,VIP Customers,79.9339789648325
15830.0,8,1,576.0,415,10.64102564102564,25,14.76923076923077,33.0,6.05319723461359,39,39.0,1,0,0.0,-28.3,,United Kingdom,VIP Customers,117.53727302686576
15831.0,28,4,740.64,1084,16.17910447761194,288,11.054328358208956,64.35,15.979680205382861,64,16.5,3,265,0.08955223880597014,0.0,0.0,United Kingdom,Regular Customers,148.53491434432283
15832.0,224,1,836.79,465,8.61111111111111,24,15.49611111111111,31.6,3.8667349674080462,54,54.0,1,0,0.0,0.0,0.0,United Kingdom,VIP Customers,102.35749441683927
15833.0,708,1,80.4,24,4.8,6,16.080000000000002,19.5,3.2474220544918415,5,5.0,1,0,0.0,0.0,0.0,United Kingdom,VIP Customers,-79.27012273940767
15834.0,40,9,3615.54,1811,4.803713527851459,60,9.590291777188328,125.0,13.25259676158895,333,40.666666666666664,6,354,0.07957559681697612,0.0,0.0,United Kingdom,Regular Customers,511.59552725097467
15835.0,14,4,954.09,439,8.78,24,19.0818,50.85,8.433362969752448,47,12.5,4,286,0.0,0.0,0.0,United Kingdom,Regular Customers,149.17834984284255
15836.0,15,2,117.47,24,2.0,8,9.789166666666667,25.0,10.105869094319159,10,6.0,1,4,0.0,0.0,0.0,United Kingdom,VIP Customers,71.75221302374487
15837.0,35,2,777.01,405,7.788461538461538,25,14.942499999999999,30.0,4.883943631140399,52,26.0,2,420,0.0,0.0,0.0,United Kingdom,Regular Customers,76.54531183136245
15838.0,35,33,67417.91,52048,282.8695652173913,9360,366.4016847826087,15818.4,1253.5045086711466,60,5.545454545454546,10,660,0.03260869565217391,5309.5,8.577441271761595,United Kingdom,Regular Customers,5593.094641546411
15839.0,3,3,1048.49,675,10.887096774193548,48,16.911129032258064,44.55,6.502331764568797,56,20.666666666666668,3,114,0.20967741935483872,-27.75,,United Kingdom,Regular Customers,283.63918122050904
15840.0,29,3,345.65999999999997,394,14.071428571428571,48,12.344999999999999,23.4,6.957580198763233,26,9.333333333333334,2,113,0.0,0.0,0.0,United Kingdom,Regular Customers,252.3547655419648
15841.0,34,12,2716.5,2374,24.729166666666668,192,28.296875,187.5,29.64547563998683,60,8.0,8,665,0.052083333333333336,0.0,0.0,United Kingdom,Regular Customers,0.9526326144952861
15842.0,358,3,528.75,288,10.285714285714286,72,18.883928571428573,76.32,15.208342091756553,24,9.333333333333334,2,139,0.0,0.0,0.0,United Kingdom,VIP Customers,-67.79054754576964
15843.0,274,1,118.95,27,3.375,6,14.86875,17.85,2.493840626709849,8,8.0,1,0,0.0,0.0,0.0,United Kingdom,VIP Customers,8.229299160838934
15844.0,16,1,130.74,134,12.181818181818182,24,11.885454545454547,21.9,4.666322671304169,11,11.0,1,0,0.0,0.0,0.0,United Kingdom,VIP Customers,62.66339280258748
15845.0,6,13,3972.36,1988,11.425287356321839,48,22.829655172413794,81.12,16.66100198558428,122,13.384615384615385,8,646,0.0,301.29,5.711386821516136,United Kingdom,Regular Customers,124.81002807888188
15846.0,355,1,107.01,79,2.7241379310344827,12,3.6900000000000004,8.75,2.2751891601108056,27,27.0,1,0,0.0,0.0,0.0,United Kingdom,VIP Customers,15.809644737540907
15847.0,8,5,822.5699999999999,643,13.395833333333334,288,17.136875,63.75,10.657526789111921,39,9.6,5,603,0.0,0.0,0.0,United Kingdom,Regular Customers,-144.2063503431115
15848.0,592,1,137.99,45,1.3235294117647058,6,4.058529411764706,16.95,3.324858741454122,34,34.0,1,0,1.0,0.0,0.0,United Kingdom,VIP Customers,-51.5601095021224
15849.0,566,1,-5876.34,-1,-1.0,-1,-5876.34,-5876.34,0.0,1,1.0,1,0,0.0,0.0,0.0,,,-57.76163381959165
15850.0,138,5,888.03,1275,4.866412213740458,120,3.3894274809160305,19.9,3.0491784045865034,231,49.6,3,558,0.26717557251908397,118.72,4.785155682984498,United Kingdom,Regular Customers,146.6929638636452
15851.0,497,1,109.73,67,8.375,24,13.71625,39.0,14.669510594134644,8,8.0,1,0,0.0,0.0,0.0,United Kingdom,VIP Customers,-35.074943421488115
15852.0,157,3,257.26,60,1.8181818181818181,10,7.795757575757576,57.5,11.129777915097584,31,11.0,3,340,0.0,0.0,0.0,United Kingdom,Regular Customers,62.14815653449301
15853.0,22,1,110.8,135,4.5,25,3.6933333333333334,10.5,3.0369816382823864,29,29.0,1,0,0.0,0.0,0.0,United Kingdom,VIP Customers,80.49314902070103
15854.0,57,19,5449.1,1584,7.232876712328767,96,24.881735159817353,297.0,44.754833480990506,135,11.526315789473685,11,643,0.3287671232876712,129.18,4.868918108144241,United Kingdom,Regular Customers,207.15840213042844
15855.0,107,6,1052.72,712,7.494736842105263,48,11.081263157894737,70.8,11.18593296331595,72,15.666666666666666,6,339,0.0,0.0,0.0,United Kingdom,Regular Customers,107.80332829066748
15856.0,15,52,28812.27,17591,17.39960435212661,200,28.498783382789316,326.4,35.95416247131099,362,19.23076923076923,12,691,0.06726013847675569,3060.7799999999997,8.02675172517135,United Kingdom,Regular Customers,1862.9974555934084
15857.0,400,1,273.48,276,27.6,72,27.348000000000003,61.2,21.72958904351392,10,10.0,1,0,0.0,297.0,5.697093486505405,United Kingdom,Regular Customers,231.7321351042474
15858.0,30,14,3322.68,2616,6.523690773067331,48,8.285985037406483,102.0,9.54448917385187,249,28.571428571428573,8,669,0.0,187.23,5.237664619336087,United Kingdom,Regular Customers,254.74991249300345
15859.0,402,1,438.46,174,7.909090909090909,24,19.93,51.0,10.412526796398378,22,22.0,1,0,1.0,0.0,0.0,United Kingdom,VIP Customers,-19.2680787244135
15860.0,11,17,2361.3,1259,3.6705539358600583,120,6.884256559766764,38.25,6.31414859438676,249,19.41176470588235,9,692,0.5189504373177842,0.0,0.0,United Kingdom,Regular Customers,146.00649168619827
15861.0,16,10,2889.28,2634,4.711985688729874,120,5.168658318425761,86.25,5.376057951019679,370,55.3,7,634,0.0,1296.12,7.167901701239397,United Kingdom,Regular Customers,333.47758806719014
15862.0,82,12,2339.14,1434,3.17960088691796,108,5.186563192904656,40.56,5.439519540251286,378,36.75,6,610,0.0,173.15,5.159916996812011,United Kingdom,Regular Customers,342.02718802246
15863.0,163,4,295.46,145,2.377049180327869,48,4.843606557377049,31.2,4.759892517269302,58,15.25,4,530,0.0,59.64,4.104954741334116,United Kingdom,Regular Customers,-63.911441744080236
15864.0,37,6,1708.94,1050,45.65217391304348,144,74.30173913043478,225.0,69.74109579216898,17,3.8333333333333335,6,314,0.0,305.28,5.724499716244923,United Kingdom,Regular Customers,95.35367634850925
15865.0,11,5,2241.42,1141,9.055555555555555,96,17.78904761904762,83.2,13.612797298340789,119,25.2,4,662,0.07142857142857142,0.0,0.0,United Kingdom,Regular Customers,21.50182063078958
15866.0,71,1,211.89,124,2.883720930232558,25,4.927674418604651,16.95,4.0851227394332685,43,43.0,1,0,0.0,0.0,0.0,United Kingdom,VIP Customers,91.27590125217853
15867.0,40,32,8344.03,4603,4.8249475890985325,60,8.746362683438155,175.2,10.134116808196644,518,29.78125,12,654,0.06708595387840671,490.17,6.1967903000492175,United Kingdom,Regular Customers,881.4205250181279
15868.0,553,1,94.53,57,14.25,24,23.6325,53.1,19.828923949624702,4,4.0,1,0,0.0,0.0,0.0,United Kingdom,VIP Customers,-51.10158554780378
15869.0,247,3,321.11,273,8.029411764705882,84,9.444411764705883,30.24,6.808728885587467,29,10.333333333333334,1,349,0.0,0.0,0.0,United Kingdom,Regular Customers,71.73547192886153
15870.0,3,4,857.46,504,3.5244755244755246,25,5.9962237762237764,79.9,8.72245982266598,127,33.75,2,413,0.3916083916083916,0.0,0.0,United Kingdom,Regular Customers,199.32148292058676
15871.0,407,1,33.099999999999994,5,1.0,1,6.619999999999999,9.95,3.4131363875473832,5,5.0,1,0,0.0,0.0,0.0,United Kingdom,VIP Customers,-22.870231063871017
15872.0,349,2,413.0,280,3.5,20,5.1625,51.0,7.178401059578094,70,35.5,2,171,0.0,316.25,5.759690106594497,United Kingdom,Regular Customers,201.029844255401
15873.0,463,5,138.23999999999998,576,64.0,288,15.359999999999998,83.52,59.551443307446384,3,1.8,2,7,0.0,0.0,0.0,United Kingdom,VIP Customers,-54.26509661448938
15874.0,33,25,11135.0,5054,13.659459459459459,180,30.094594594594593,590.0,48.98120547662748,268,14.6,9,637,0.0,0.0,0.0,United Kingdom,Regular Customers,806.9274346135632
15875.0,616,1,108.52,74,3.217391304347826,12,4.718260869565217,15.0,4.204519918734548,18,18.0,1,0,0.0,0.0,0.0,United Kingdom,VIP Customers,-43.887680069622945
15876.0,379,2,1449.14,886,80.54545454545455,288,131.74,417.6,119.20239561351106,11,5.5,2,39,0.0,0.0,0.0,United Kingdom,VIP Customers,-6.743671211512265
15878.0,532,2,330.77,243,4.764705882352941,36,6.485686274509804,59.4,10.095888124360721,47,25.0,2,171,0.5686274509803921,0.0,0.0,United Kingdom,VIP Customers,-128.83648648101587
15879.0,374,4,1137.8,639,3.569832402234637,36,6.356424581005586,107.8,10.46919019429565,171,44.25,4,317,0.41899441340782123,0.0,0.0,United Kingdom,Regular Customers,198.14456647139744
15880.0,339,2,299.03,178,1.8350515463917525,24,3.082783505154639,30.0,5.1959731488007534,95,48.0,1,0,1.0,0.0,0.0,United Kingdom,VIP Customers,79.57101437312399
15881.0,282,8,438.24,199,6.21875,48,13.695,100.8,28.201415430046495,26,4.0,2,52,0.0,0.0,0.0,United Kingdom,VIP Customers,88.30952199158955
15882.0,169,10,1098.59,637,10.442622950819672,48,18.00967213114754,75.6,18.337717230452753,49,6.1,5,530,0.0,0.0,0.0,United Kingdom,Regular Customers,28.442959865444806
15883.0,3,1,143.76,72,3.6,10,7.188,21.0,5.012236185471248,20,20.0,1,0,1.0,252.72,5.536231296765696,United Kingdom,VIP Customers,43.87746982245102
15884.0,402,3,238.65,151,10.066666666666666,48,15.91,141.6,35.22695396588081,15,5.0,2,303,0.06666666666666667,0.0,0.0,United Kingdom,Regular Customers,57.31922623461247
15885.0,63,20,1737.57,597,4.89344262295082,25,14.242377049180327,127.5,25.97124000747905,83,6.1,10,594,0.00819672131147541,0.0,0.0,United Kingdom,Regular Customers,93.00688373541726
15886.0,30,4,1052.87,667,10.758064516129032,72,16.981774193548386,66.0,16.03310586523648,58,15.5,2,537,0.0,0.0,0.0,United Kingdom,Regular Customers,41.065042487496754
15887.0,377,3,1027.15,605,16.35135135135135,72,27.760810810810813,78.0,21.872672241657877,27,12.333333333333334,3,148,0.13513513513513514,0.0,0.0,United Kingdom,VIP Customers,-89.58990431962604
15888.0,50,4,402.12,123,3.0,20,9.807804878048781,76.5,14.539364241980309,33,10.0,3,446,0.0,0.0,0.0,United Kingdom,Regular Customers,35.65904617382384
15889.0,127,9,1417.15,793,2.617161716171617,64,4.677062706270627,39.6,5.077267048470602,256,32.77777777777778,5,572,0.19471947194719472,0.0,0.0,United Kingdom,Regular Customers,190.5890629455708
15890.0,365,5,535.65,119,11.9,40,53.565,159.9,53.46504075873629,10,2.0,2,210,0.0,0.0,0.0,United Kingdom,VIP Customers,-97.52092368693076
15891.0,197,1,511.68,418,6.966666666666667,48,8.528,26.4,7.4775251502673905,60,60.0,1,0,0.0,0.0,0.0,United Kingdom,VIP Customers,97.60175770077927
15892.0,639,1,128.2,46,1.2105263157894737,4,3.3736842105263154,25.5,4.117638670634678,38,38.0,1,0,0.0,0.0,0.0,United Kingdom,VIP Customers,-18.609177581980077
15893.0,452,1,305.28,288,288.0,288,305.28,305.28,0.0,1,1.0,1,0,1.0,0.0,0.0,United Kingdom,VIP Customers,-75.56770397936378
15894.0,223,2,258.25,164,4.4324324324324325,20,6.97972972972973,74.25,12.741803135629869,35,17.5,2,115,0.918918918918919,0.0,0.0,United Kingdom,VIP Customers,-53.15497815866924
15895.0,120,1,179.17,94,8.545454545454545,48,16.288181818181815,137.16,40.50159350400471,11,11.0,1,0,0.0,0.0,0.0,United Kingdom,VIP Customers,58.212254245361834
15896.0,595,1,-1899.67,-1,-1.0,-1,-1899.67,-1899.67,0.0,1,1.0,1,0,0.0,0.0,0.0,,,-54.74156842476131
15897.0,164,2,208.59,223,10.136363636363637,130,9.481363636363637,110.5,22.917610673984512,17,10.5,1,0,1.0,0.0,0.0,United Kingdom,VIP Customers,21.057084430184744
15898.0,191,28,4548.61,1997,3.257748776508972,100,7.420244698205546,275.0,12.48136425629005,283,21.714285714285715,11,507,0.09624796084828711,385.89,5.958140414900485,United Kingdom,Regular Customers,558.1523831010796
15899.0,339,1,56.25,39,9.75,16,14.0625,20.0,4.262897097827564,4,4.0,1,0,0.0,0.0,0.0,United Kingdom,VIP Customers,-11.329291929552028
15900.0,384,4,539.39,438,5.475,48,6.742375,66.0,9.958429320989293,68,19.75,2,148,0.0,337.28000000000003,5.8238739549140215,United Kingdom,Regular Customers,238.2184971542338
15901.0,48,8,546.2,641,5.341666666666667,58,4.551666666666667,30.0,5.0774264528157875,103,14.625,3,465,0.0,122.53,4.816484041548723,United Kingdom,Regular Customers,148.04602358922594
15902.0,350,1,145.01,124,6.888888888888889,48,8.056111111111111,20.16,5.733064203669683,18,18.0,1,0,0.0,0.0,0.0,United Kingdom,VIP Customers,0.3963282850558869
15903.0,40,12,6253.42,3119,32.154639175257735,96,64.4682474226804,237.6,56.750699830675906,51,8.083333333333334,9,660,0.0,2606.4,7.866108835228679,United Kingdom,Regular Customers,97.86521253686067
15905.0,513,1,114.69,82,3.727272727272727,25,5.213181818181818,12.6,3.3308034013885144,22,22.0,1,0,0.0,0.0,0.0,United Kingdom,VIP Customers,-22.93535598092032
15906.0,38,10,2262.95,655,3.659217877094972,24,12.64217877094972,51.0,12.82043134348568,128,17.9,6,382,0.3016759776536313,179.49,5.195675374576157,United Kingdom,Regular Customers,224.1143302965547
15907.0,147,2,477.59000000000003,237,2.1743119266055047,24,4.381559633027523,34.65,5.006801332393679,93,51.0,2,33,0.0,405.13,6.006673305393934,United Kingdom,Regular Customers,352.89598104408503
15908.0,461,2,758.62,173,4.325,48,18.9655,575.2,90.27504962257831,37,18.5,2,21,0.0,0.0,0.0,United Kingdom,VIP Customers,138.8349176691761
15909.0,144,1,191.94,98,14.0,24,27.419999999999998,61.2,23.99797491456311,7,7.0,1,0,1.0,0.0,0.0,United Kingdom,VIP Customers,-0.4419987006037047
15910.0,35,13,2284.06,1788,3.2274368231046933,48,4.122851985559567,51.0,4.270432617988374,364,40.23076923076923,11,622,0.0,377.11,5.935185158576766,United Kingdom,Regular Customers,237.72054671161928
15911.0,418,10,1399.45,808,3.1076923076923078,30,5.3825,39.6,18.701160048568166,163,25.8,5,282,0.0,0.0,0.0,United Kingdom,VIP Customers,20.228008899592446
15912.0,148,9,1074.7,759,7.989473684210527,96,11.31263157894737,148.5,18.672265256514283,83,10.333333333333334,6,551,0.0,0.0,0.0,United Kingdom,Regular Customers,25.680105702587383
15913.0,504,1,6.3,3,3.0,3,6.3,6.3,0.0,1,1.0,1,0,0.0,0.0,0.0,United Kingdom,VIP Customers,-46.600893980140484
15914.0,348,2,205.99,149,11.461538461538462,96,15.845384615384615,101.76,28.89935484152562,13,6.5,1,0,0.0,0.0,0.0,United Kingdom,VIP Customers,14.186172804664182
15915.0,372,1,364.45,414,3.663716814159292,50,3.225221238938053,23.6,4.008282963650112,105,105.0,1,0,0.0,0.0,0.0,United Kingdom,VIP Customers,115.47551035695355
15916.0,47,14,2495.58,1270,5.226337448559671,120,10.269876543209877,76.5,10.989207683990937,184,16.928571428571427,8,652,0.15637860082304528,518.46,6.252789810462244,United Kingdom,Regular Customers,111.96925785098699
15917.0,218,5,530.17,248,1.7464788732394365,12,3.7335915492957743,33.9,4.63430323154559,127,26.8,2,489,0.0,0.0,0.0,United Kingdom,Regular Customers,109.16807903221095
15918.0,161,3,582.88,240,3.9344262295081966,14,9.555409836065573,35.7,7.463007564820521,49,20.0,2,441,0.36065573770491804,0.0,0.0,United Kingdom,Regular Customers,33.051937947728476
15919.0,339,1,214.07999999999998,175,4.487179487179487,25,5.489230769230769,25.5,4.346667437677419,38,38.0,1,0,0.0,311.61,5.74495640723899,United Kingdom,Regular Customers,283.9168112267894
15920.0,124,9,569.14,238,2.2242990654205608,16,5.319065420560747,53.7,8.306733746390073,93,11.555555555555555,5,571,0.0,0.0,0.0,United Kingdom,Regular Customers,21.43694652049558
15921.0,143,4,775.26,335,4.2405063291139244,48,9.813417721518988,81.12,11.6494049464049,69,19.5,4,468,0.0,0.0,0.0,United Kingdom,Regular Customers,22.80899088212138
15922.0,342,2,363.6,136,11.333333333333334,36,30.3,75.6,19.81780650186731,11,6.0,1,0,0.0,0.0,0.0,United Kingdom,VIP Customers,22.30155037571143
15923.0,343,1,127.08,122,5.809523809523809,48,6.051428571428572,20.8,4.855696948651435,21,21.0,1,0,0.0,0.0,0.0,United Kingdom,VIP Customers,5.954979894743701
15924.0,701,1,102.82,103,6.866666666666666,72,6.854666666666666,17.7,5.6484673858953816,14,14.0,1,0,0.0,0.0,0.0,United Kingdom,VIP Customers,-79.60241577966235
15925.0,164,1,207.15,93,7.75,12,17.2625,38.25,10.558002673543205,12,12.0,1,0,1.0,0.0,0.0,United Kingdom,VIP Customers,5.770376924024333
15926.0,512,1,134.44,155,22.142857142857142,48,19.205714285714286,27.04,6.850856046614071,7,7.0,1,0,0.0,0.0,0.0,United Kingdom,VIP Customers,-42.284446648448466
15927.0,617,1,106.53999999999999,66,4.4,32,7.102666666666666,17.7,4.59716910821473,13,13.0,1,0,0.0,0.0,0.0,United Kingdom,VIP Customers,-55.33466486565908
15928.0,626,1,293.53,164,14.909090909090908,25,26.684545454545454,153.0,43.18812460934981,11,11.0,1,0,1.0,0.0,0.0,United Kingdom,VIP Customers,-60.106661358623796
15929.0,614,1,594.0,120,120.0,120,594.0,594.0,0.0,1,1.0,1,0,0.0,0.0,0.0,United Kingdom,VIP Customers,-68.62136615226439
15930.0,37,1,426.63,139,6.619047619047619,12,20.315714285714286,35.4,6.422272628461496,21,21.0,1,0,0.0,0.0,0.0,United Kingdom,VIP Customers,81.20711086599704
15931.0,398,1,239.9,118,8.428571428571429,12,17.135714285714286,39.95,7.551857351046128,14,14.0,1,0,0.0,0.0,0.0,United Kingdom,VIP Customers,1.0971717499803049
15932.0,58,10,2161.63,1917,19.363636363636363,72,21.834646464646465,122.04,21.95758064035788,76,9.9,7,200,0.0,300.21999999999997,5.707840894783702,United Kingdom,Regular Customers,309.91576303514705
15933.0,41,2,728.27,616,13.106382978723405,96,15.495106382978722,45.0,6.794766487442479,44,23.5,1,15,0.0,379.19,5.940671127762083,United Kingdom,VIP Customers,111.58982486023453
15934.0,388,2,2190.66,2166,74.6896551724138,192,75.53999999999999,214.56,53.57451899657416,29,14.5,1,11,0.0,0.0,0.0,United Kingdom,VIP Customers,109.65572032377212
15935.0,209,3,108.03999999999999,-171,-5.029411764705882,12,3.177647058823529,308.82,55.35160445287943,33,11.333333333333334,2,491,0.0,0.0,0.0,United Kingdom,VIP Customers,-208.01572063134424
15936.0,349,2,282.79,211,11.105263157894736,25,14.883684210526317,25.5,3.702410942024903,16,9.5,2,88,0.5789473684210527,0.0,0.0,United Kingdom,VIP Customers,-81.2547215258883
15937.0,34,1,145.35,73,10.428571428571429,16,20.764285714285712,33.6,5.95599937637913,7,7.0,1,0,0.0,0.0,0.0,United Kingdom,VIP Customers,55.27048010427683
15938.0,82,9,734.81,449,11.512820512820513,36,18.84128205128205,60.0,10.699414194364294,27,4.333333333333333,8,444,0.28205128205128205,0.0,0.0,United Kingdom,Regular Customers,-37.190652971750836
15939.0,60,17,9047.64,6257,38.623456790123456,600,55.849629629629625,306.0,70.83274825918397,52,6.9411764705882355,10,284,0.08024691358024691,0.0,0.0,United Kingdom,Regular Customers,433.1990462752236
15940.0,281,3,-3.552713678800501e-15,-1,-0.3333333333333333,4,-1.1842378929335002e-15,35.8,33.97705107863247,2,1.0,2,97,0.0,0.0,0.0,United Kingdom,VIP Customers,-68.74918578377446
15941.0,483,2,230.6,28,2.8,12,23.06,81.0,60.1143022361013,6,5.0,2,124,0.0,0.0,0.0,United Kingdom,VIP Customers,-135.73443477009593
15942.0,104,1,337.44,232,16.571428571428573,36,24.102857142857143,45.0,11.99464972302326,14,14.0,1,0,0.0,0.0,0.0,United Kingdom,VIP Customers,55.12637928704913
15943.0,620,2,271.28999999999996,183,15.25,27,22.607499999999998,39.15,7.85339200021818,12,6.0,2,28,1.0,0.0,0.0,United Kingdom,VIP Customers,-112.27749995373784
15944.0,247,4,2164.24,859,22.605263157894736,160,56.95368421052631,232.0,63.11822563793572,25,9.5,4,449,0.21052631578947367,0.0,0.0,United Kingdom,Regular Customers,0.05049449571239961
15945.0,335,4,646.27,345,12.321428571428571,64,23.081071428571427,167.4,33.082912265922246,24,7.0,3,372,0.0,0.0,0.0,United Kingdom,Regular Customers,42.23795338838701
15946.0,473,3,2304.18,1614,62.07692307692308,144,88.62230769230769,180.0,47.28124747150331,25,8.666666666666666,2,131,0.5769230769230769,0.0,0.0,United Kingdom,VIP Customers,-37.885597715509334
15947.0,53,1,1708.24,898,30.96551724137931,100,58.9048275862069,179.0,61.26187130558508,29,29.0,1,0,1.0,0.0,0.0,United Kingdom,VIP Customers,97.97473980964314
15948.0,14,2,1198.09,724,9.653333333333334,36,15.974533333333332,23.4,3.912539540714912,58,37.5,1,380,0.0,311.0,5.7430031878094825,United Kingdom,Regular Customers,156.9778320804889
15949.0,41,1,237.04,168,14.0,24,19.753333333333334,35.4,9.060131780431668,12,12.0,1,0,0.0,127.67999999999999,4.857328702370825,United Kingdom,VIP Customers,62.80825892084238
15950.0,2,12,6938.96,3307,8.372151898734177,72,17.56698734177215,203.55,20.100398796138318,226,32.333333333333336,7,651,0.0,-60.25,,United Kingdom,Regular Customers,380.7437502302231
15951.0,256,2,680.12,281,7.025,16,17.003,27.0,4.1989468765149764,35,20.0,2,95,0.55,294.4,5.68833037009728,United Kingdom,Regular Customers,211.90476952986856
15952.0,4,4,781.91,391,4.654761904761905,48,9.30845238095238,35.4,7.547557251693068,65,21.0,4,191,0.8333333333333334,0.0,0.0,United Kingdom,Regular Customers,191.56003613828128
15953.0,17,18,2881.7,1443,10.020833333333334,96,20.011805555555554,244.8,31.14701531689254,92,8.0,10,689,0.3125,413.78999999999996,6.027772368060912,United Kingdom,Regular Customers,74.52831772941863
15954.0,559,1,190.75,119,5.95,20,9.5375,39.0,8.837984334974982,20,20.0,1,0,0.0,0.0,0.0,United Kingdom,VIP Customers,-24.42878863303568
15955.0,13,24,7479.25,3666,11.42056074766355,144,23.299844236760123,179.0,15.898961512097635,207,13.375,9,611,0.059190031152647975,570.98,6.349104025733542,United Kingdom,Regular Customers,508.08346089339886
15956.0,521,2,617.6,278,15.444444444444445,128,34.31111111111111,326.4,73.64110815609388,18,9.0,2,175,1.0,0.0,0.0,United Kingdom,VIP Customers,-134.91212014606265
15957.0,2,3,921.25,453,3.1027397260273974,24,6.309931506849315,50.4,6.538689048887012,121,45.0,2,389,0.0,0.0,0.0,United Kingdom,Regular Customers,202.17797477749704
15958.0,44,4,462.12,154,2.3692307692307693,11,7.109538461538461,43.45,7.443937850436008,50,14.75,4,476,0.0,0.0,0.0,United Kingdom,Regular Customers,3.8776786471608204
15959.0,652,3,542.89,269,3.788732394366197,50,7.646338028169014,30.6,7.236817224529544,58,23.666666666666668,1,0,0.0,0.0,0.0,United Kingdom,VIP Customers,28.141707198590552
15960.0,344,5,394.0,257,9.518518518518519,25,14.592592592592593,33.9,9.462991717776797,24,5.4,3,61,0.037037037037037035,0.0,0.0,United Kingdom,VIP Customers,-14.025385129271086
15961.0,349,1,451.28999999999996,154,3.6666666666666665,48,10.745,162.72,25.335570410961353,42,42.0,1,0,0.0,0.0,0.0,United Kingdom,VIP Customers,77.16609585663758
15962.0,419,1,289.48,228,4.1454545454545455,25,5.263272727272728,17.7,4.1495872416535935,43,43.0,1,0,0.0,0.0,0.0,United Kingdom,VIP Customers,29.62971604417538
15963.0,15,1,280.04,172,9.555555555555555,18,15.55777777777778,24.96,4.125541041959089,18,18.0,1,0,0.0,190.72,5.25603597429143,United Kingdom,VIP Customers,76.98649154933119
15964.0,633,1,269.21,93,4.65,16,13.4605,35.4,9.920346701814939,20,20.0,1,0,1.0,0.0,0.0,United Kingdom,VIP Customers,-73.57283908464905
15965.0,337,11,2105.51,948,3.9665271966527196,64,8.809665271966528,163.2,14.065587360172554,144,19.09090909090909,7,369,0.3054393305439331,652.68,6.482617935076452,United Kingdom,Regular Customers,211.6514401746727
15966.0,414,2,399.58,268,8.375,24,12.486875,30.0,10.304197527879033,27,16.0,1,6,0.0,0.0,0.0,United Kingdom,VIP Customers,23.655842736024653
15967.0,289,12,2707.82,1034,2.3661327231121283,12,6.196384439359268,79.5,6.481793571760307,290,34.916666666666664,9,419,0.2151029748283753,235.78,5.46713143998349,United Kingdom,Regular Customers,297.82180596660385
15968.0,358,1,404.55,247,3.0875,48,5.056875,40.8,5.577907732091085,70,70.0,1,0,0.0,0.0,0.0,United Kingdom,VIP Customers,78.43055068563427
15969.0,20,4,992.05,191,6.161290322580645,16,32.001612903225805,87.8,18.205732265191312,28,7.75,3,472,0.3870967741935484,51.8,3.966511190712216,United Kingdom,Regular Customers,18.307106436256475
15970.0,274,2,1017.3199999999999,498,20.75,100,42.38833333333333,165.0,48.81683206388575,19,12.0,2,295,0.0,0.0,0.0,United Kingdom,Regular Customers,88.9787940008865
15971.0,23,19,4726.43,1855,42.15909090909091,240,107.41886363636364,708.0,192.4273065549195,12,2.263157894736842,9,679,0.0,204.0,5.3230099791384085,United Kingdom,Regular Customers,139.78052130440534
15972.0,426,5,1769.33,468,3.366906474820144,36,12.728992805755395,220.0,19.594497057088187,104,26.6,4,143,0.41007194244604317,0.0,0.0,United Kingdom,VIP Customers,53.61858623610327
15973.0,206,5,472.57,176,13.538461538461538,72,36.35153846153846,197.1,96.63042928654805,8,2.6,4,193,0.0,0.0,0.0,United Kingdom,VIP Customers,-120.40574423068816
15974.0,9,8,3429.55,2256,12.745762711864407,100,19.375988700564974,175.2,16.546087090989182,141,22.125,7,249,0.0,0.0,0.0,United Kingdom,Regular Customers,373.8211771614292
15975.0,54,1,371.01,243,10.125,24,15.45875,23.4,4.328026272221955,24,24.0,1,0,0.0,0.0,0.0,United Kingdom,VIP Customers,78.73666537912626
15976.0,135,6,1694.41,1053,2.7857142857142856,60,4.482566137566137,40.8,4.320102050459394,265,60.0,5,385,0.46825396825396826,0.0,0.0,United Kingdom,Regular Customers,289.9436713972202
15977.0,9,1,355.63,310,11.071428571428571,48,12.701071428571428,45.0,9.24336772814281,28,28.0,1,0,0.0,699.1,6.551223181983152,United Kingdom,VIP Customers,93.58273192416101
15978.0,47,5,3272.62,2440,18.625954198473284,96,24.9818320610687,81.36,17.033890779245706,107,26.2,3,567,0.366412213740458,0.0,0.0,United Kingdom,Regular Customers,138.9726771333276
15979.0,573,1,329.21999999999997,450,20.454545454545453,48,14.964545454545453,30.0,5.911936857121988,22,22.0,1,0,0.0,0.0,0.0,United Kingdom,VIP Customers,-21.328471452408706
15980.0,59,9,6496.28,4786,40.9059829059829,288,55.523760683760685,199.2,38.04895783897227,101,12.88888888888889,4,467,0.0,0.0,0.0,United Kingdom,Regular Customers,356.5967833651217
15981.0,47,26,8709.47,4442,15.864285714285714,100,31.105249999999998,165.0,25.024000950950857,152,10.76923076923077,10,543,0.014285714285714285,558.6,6.3272222427913265,United Kingdom,Regular Customers,551.4641486588303
15982.0,575,1,324.51,131,2.911111111111111,18,7.211333333333333,45.9,7.207091709496344,45,45.0,1,0,0.0,0.0,0.0,United Kingdom,VIP Customers,10.166375788507963
15983.0,331,7,2783.62,1680,7.433628318584071,72,12.316902654867256,91.8,15.428176277600153,117,31.142857142857142,2,372,0.2831858407079646,326.75,5.792251122643809,United Kingdom,Regular Customers,269.7227023577316
15984.0,41,29,7595.6,4994,7.683076923076923,144,11.685538461538462,191.4,19.92849332015884,426,20.96551724137931,12,667,0.18,709.22,6.565574781193857,United Kingdom,Regular Customers,702.5541836672058
15985.0,93,8,2610.2799999999997,2500,23.80952380952381,288,24.85980952380952,122.4,22.27897758585574,50,13.125,5,438,0.2571428571428571,0.0,0.0,United Kingdom,Regular Customers,103.81981128875441
15986.0,352,1,186.29999999999998,100,9.090909090909092,12,16.936363636363634,35.4,6.523691091287619,11,11.0,1,0,0.0,168.12,5.1306085221219275,United Kingdom,Regular Customers,249.1463454158395
15987.0,91,7,1296.85,1431,12.127118644067796,906,10.990254237288134,353.34,38.45039600480421,98,15.428571428571429,5,258,0.0,239.14,5.481222086602572,United Kingdom,Regular Customers,121.00142627640395
15988.0,522,2,582.11,296,3.148936170212766,24,6.1926595744680855,30.6,6.042512148573638,93,47.0,2,105,1.0,156.78,5.061201657666944,United Kingdom,Regular Customers,199.55135466707966
15989.0,346,2,368.31,169,1.9651162790697674,25,4.2826744186046515,19.9,3.6748706017774935,81,41.5,2,361,0.0,0.0,0.0,United Kingdom,Regular Customers,71.44424064188917
15990.0,14,7,1997.75,1086,6.135593220338983,60,11.286723163841808,51.0,9.302614215734732,117,25.285714285714285,5,605,0.3389830508474576,0.0,0.0,United Kingdom,Regular Customers,46.285083129394565
15991.0,504,1,150.55,41,6.833333333333333,12,25.09166666666667,51.0,16.840618060708657,6,6.0,1,0,0.0,0.0,0.0,United Kingdom,VIP Customers,-36.632752602292726
15992.0,366,2,854.61,497,9.745098039215685,24,16.757058823529412,31.2,4.64526007630042,51,25.5,2,57,0.37254901960784315,41.989999999999995,3.76096753050819,United Kingdom,Regular Customers,248.2927384343791
15993.0,3,3,1712.1,1185,3.4649122807017543,48,5.0061403508771924,30.0,4.883132169092946,296,110.33333333333333,2,10,0.30701754385964913,1024.82,6.933247571743073,United Kingdom,Regular Customers,652.3515088078299
15994.0,25,5,1172.34,460,4.181818181818182,36,10.657636363636362,49.92,9.794241045875918,93,21.0,2,581,0.9818181818181818,0.0,0.0,United Kingdom,Regular Customers,34.433504029435625
15995.0,384,1,694.54,352,3.2,40,6.314,66.0,7.8619223085274195,108,108.0,1,0,0.0,0.0,0.0,United Kingdom,VIP Customers,138.42404334143976
15996.0,58,8,1370.5,641,3.6839080459770117,72,7.876436781609195,35.95,6.250149404366682,140,21.5,7,308,0.4425287356321839,0.0,0.0,United Kingdom,Regular Customers,182.67407683805087
15997.0,587,1,-23.4,-12,-12.0,-12,-23.4,-23.4,0.0,1,1.0,1,0,0.0,0.0,0.0,,,-48.961138615566455
15998.0,7,21,8186.19,5331,3.7149825783972124,36,5.704662020905923,47.7,4.7847382833425485,682,67.47619047619048,10,702,0.17421602787456447,0.0,0.0,United Kingdom,Regular Customers,876.0867972238707
15999.0,706,1,20.4,24,24.0,24,20.4,20.4,0.0,1,1.0,1,0,0.0,0.0,0.0,United Kingdom,VIP Customers,-85.56361668148492
16001.0,351,2,519.06,305,7.82051282051282,24,13.309230769230767,70.8,15.418017208962715,34,19.5,2,161,0.0,0.0,0.0,United Kingdom,VIP Customers,-72.64998504522367
16002.0,595,1,169.21,70,1.6666666666666667,8,4.028809523809524,13.52,3.55329541472382,42,42.0,1,0,0.0,0.0,0.0,United Kingdom,VIP Customers,-8.88245459369486
16003.0,105,8,4672.36,1620,10.253164556962025,32,29.571898734177214,250.0,40.37672732834648,126,19.75,6,601,0.25949367088607594,941.47,6.8485040885768464,United Kingdom,Regular Customers,168.96126622057938
16004.0,445,5,2146.39,1076,11.955555555555556,40,23.848777777777777,65.7,12.183916901951442,63,18.0,4,208,0.18888888888888888,0.0,0.0,United Kingdom,VIP Customers,-56.492945465201245
16005.0,153,9,2029.74,1095,2.983651226158038,24,5.530626702997275,45.0,6.493438250769213,232,40.22222222222222,5,267,0.0,303.3,5.718014056902925,United Kingdom,Regular Customers,411.3727878231315
16006.0,181,2,332.82,205,2.628205128205128,24,4.266923076923077,33.2,4.674971854264134,75,37.5,2,176,0.0,0.0,0.0,United Kingdom,Regular Customers,225.1510700818499
16007.0,18,7,3053.06,2631,4.004566210045662,96,4.646971080669711,30.0,4.43718273899367,337,92.14285714285714,5,495,0.893455098934551,0.0,0.0,United Kingdom,Regular Customers,374.3066779487599
16008.0,45,14,5191.06,3112,13.130801687763713,96,21.903206751054853,101.76,14.474084696752604,58,16.928571428571427,7,555,0.4810126582278481,148.07,5.004415994282339,United Kingdom,Regular Customers,200.81499091992438
16009.0,2,3,913.11,346,4.271604938271605,24,11.272962962962962,42.96,9.78175795095703,68,26.0,3,127,0.7160493827160493,59.0,4.0943445622221,United Kingdom,Regular Customers,264.08950057818356
16010.0,216,12,1692.91,918,3.1655172413793102,15,5.837620689655172,38.35,5.974258813253452,122,23.083333333333332,4,165,0.6517241379310345,0.0,0.0,United Kingdom,Regular Customers,399.4870239866857
16011.0,14,28,4937.44,2972,7.320197044334975,144,12.16118226600985,79.2,9.439958834461446,177,14.178571428571429,11,695,0.14039408866995073,650.12,6.478693957018786,United Kingdom,Regular Customers,316.9373492086178
16012.0,5,5,2978.59,1760,7.364016736401673,50,12.462719665271967,127.5,13.812656833166825,207,46.6,4,494,0.0,0.0,0.0,United Kingdom,Regular Customers,288.218098530569
16013.0,2,89,45344.08,21163,100.77619047619048,960,215.9241904761905,1815.0,349.74072218106636,55,2.3146067415730336,12,700,0.0,6076.84,8.712404648681412,United Kingdom,Regular Customers,2789.7054312892387
16014.0,6,6,1091.03,458,1.6474820143884892,7,3.924568345323741,22.5,3.602591374891916,219,45.666666666666664,5,641,0.5179856115107914,0.0,0.0,United Kingdom,Regular Customers,72.08982362371819
16015.0,19,1,300.77,393,4.851851851851852,48,3.7132098765432096,16.6,3.256034331499168,80,80.0,1,0,0.0,388.93,5.965967235834453,United Kingdom,Regular Customers,394.8693253137317
16016.0,6,11,1784.92,740,3.070539419087137,48,7.406307053941909,40.8,6.644685286401833,157,20.727272727272727,5,366,0.0,268.08,5.595008733157405,United Kingdom,Regular Customers,305.793940204511
16017.0,17,5,1545.58,635,4.884615384615385,25,11.889076923076923,59.85,9.018706351667232,99,24.2,3,656,0.3769230769230769,0.0,0.0,United Kingdom,Regular Customers,5.731938298355232
16018.0,9,4,698.13,503,8.982142857142858,72,12.466607142857143,90.0,14.955917196491551,48,14.0,4,693,0.26785714285714285,0.0,0.0,United Kingdom,Regular Customers,-135.6984911681025
16019.0,17,34,16839.46,6694,16.208232445520583,288,40.773510895883774,325.44,49.209848820090066,256,12.147058823529411,10,678,0.0,-336.0,,United Kingdom,Regular Customers,947.3005896697765
16020.0,35,1,518.8,290,11.153846153846153,40,19.95384615384615,102.0,17.416330515220036,26,26.0,1,0,0.0,332.21,5.8087729218471384,United Kingdom,VIP Customers,105.57562412704326
16021.0,365,2,487.03,276,2.1904761904761907,24,3.8653174603174603,23.4,4.021497569116847,117,60.0,2,149,0.2619047619047619,0.0,0.0,United Kingdom,VIP Customers,1.3936561123645106
16022.0,230,1,602.63,255,3.591549295774648,12,8.48774647887324,42.5,7.230016834041478,68,68.0,1,0,0.0,0.0,0.0,United Kingdom,VIP Customers,113.83419878584007
16023.0,16,3,719.81,358,3.5445544554455446,25,7.126831683168317,20.85,5.225055584525979,90,33.666666666666664,3,220,0.0,0.0,0.0,United Kingdom,Regular Customers,236.45749056933616
16024.0,382,2,232.96,107,4.863636363636363,50,10.58909090909091,172.5,36.2053467386729,21,10.5,1,0,1.0,251.03,5.5295481280448655,United Kingdom,Regular Customers,261.2745484377059
16026.0,13,1,236.09,243,7.59375,24,7.3778125,15.6,3.1489360562403177,30,30.0,1,0,0.0,0.0,0.0,United Kingdom,VIP Customers,90.48775244481561
16027.0,62,18,1799.84,2020,53.1578947368421,288,47.36421052631579,165.0,52.804568016545126,21,2.111111111111111,8,608,0.10526315789473684,0.0,0.0,United Kingdom,Regular Customers,10.306268727990386
16028.0,566,1,82.2,18,3.6,6,16.44,19.8,2.7042559050504082,5,5.0,1,0,0.0,0.0,0.0,United Kingdom,VIP Customers,-52.27292929469695
16029.0,9,125,89705.47,47913,118.59653465346534,2400,222.04324257425742,8142.75,787.6012602261421,59,3.216,12,692,0.0,0.0,0.0,United Kingdom,At-Risk Customers,6537.393070742873
16030.0,280,1,331.24,283,9.758620689655173,36,11.422068965517242,27.9,5.989089711008048,28,28.0,1,0,0.0,0.0,0.0,United Kingdom,VIP Customers,39.37048742696177
16031.0,62,2,547.9,421,4.295918367346939,25,5.590816326530612,39.95,5.787333783049991,91,48.0,2,154,0.0,0.0,0.0,United Kingdom,Regular Customers,292.47496114516423
16032.0,426,6,1965.72,1467,6.985714285714286,36,9.36057142857143,39.0,6.7230957822113036,130,34.0,3,67,0.4666666666666667,0.0,0.0,United Kingdom,VIP Customers,144.43927172723966
16033.0,3,35,10043.2,3958,3.0376055257099,48,7.707751343054491,122.4,8.700063567375304,590,36.94285714285714,12,451,0.32233307751343054,421.87,6.047064803205963,United Kingdom,Regular Customers,1146.8403570651865
16034.0,166,7,908.37,584,10.24561403508772,60,15.936315789473685,111.0,18.523636120178512,43,8.0,4,213,0.15789473684210525,0.0,0.0,United Kingdom,Regular Customers,216.01848018429556
16035.0,530,1,217.73,33,1.5714285714285714,4,10.368095238095238,25.5,6.304333128133077,21,21.0,1,0,0.0,0.0,0.0,United Kingdom,VIP Customers,-19.636926818357892
16036.0,57,4,2556.84,1369,9.778571428571428,144,18.263142857142856,76.5,14.909360686982954,120,35.0,3,533,0.0,0.0,0.0,United Kingdom,Regular Customers,115.26533372642044
16037.0,240,7,1489.44,764,10.465753424657533,24,20.403287671232878,139.8,22.45712006956532,62,10.428571428571429,4,378,0.2465753424657534,0.0,0.0,United Kingdom,Regular Customers,141.6815724288146
16038.0,147,3,375.88,226,9.04,24,15.0352,35.4,9.770089184171589,23,8.333333333333334,2,24,0.76,78.45,4.375127892982725,United Kingdom,Regular Customers,264.6488848670808
16039.0,394,3,449.65,408,12.363636363636363,25,13.625757575757575,35.4,8.03944301176356,28,11.0,3,204,0.3333333333333333,0.0,0.0,United Kingdom,Regular Customers,97.2082726832424
16040.0,35,8,2383.7,1161,9.0703125,48,18.62265625,48.9,9.1830035986873,95,16.0,6,544,0.0,0.0,0.0,United Kingdom,Regular Customers,72.4727727698502
16041.0,1,3,3166.4,1584,264.0,720,527.7333333333333,1044.0,296.74456804913325,6,2.0,2,110,0.0,0.0,0.0,United Kingdom,VIP Customers,5.769137079124079
16042.0,27,10,1878.6299999999999,1208,10.413793103448276,48,16.19508620689655,47.7,8.994222057926208,77,11.6,6,396,0.31896551724137934,304.47,5.721851574117079,United Kingdom,Regular Customers,164.2609334160696
16043.0,7,8,1856.59,1011,13.849315068493151,84,25.432739726027396,70.8,14.751218806544049,56,9.125,6,444,0.2465753424657534,0.0,0.0,United Kingdom,Regular Customers,75.43333946213056
16044.0,405,1,340.84,170,8.947368421052632,24,17.93894736842105,30.0,4.433244228098077,19,19.0,1,0,0.0,0.0,0.0,United Kingdom,VIP Customers,4.299454063292501
16045.0,90,9,3187.0299999999997,1942,12.213836477987421,72,20.044213836477986,250.2,28.45183652686505,111,17.666666666666668,6,378,0.16981132075471697,0.0,0.0,United Kingdom,Regular Customers,293.21076808216867
16046.0,532,1,235.78,248,11.272727272727273,50,10.717272727272727,21.0,5.513412375046512,22,22.0,1,0,0.0,0.0,0.0,United Kingdom,VIP Customers,-24.491074868023503
16047.0,652,1,107.14,1,1.0,1,107.14,107.14,0.0,1,1.0,1,0,0.0,0.0,0.0,EIRE,VIP Customers,-61.348758516371305
16048.0,56,6,800.09,423,11.131578947368421,24,21.055,50.4,13.409923866603721,31,6.333333333333333,4,463,0.0,0.0,0.0,United Kingdom,Regular Customers,29.44421368885864
16049.0,10,6,1852.15,1132,2.334020618556701,36,3.8188659793814437,38.25,4.297851345809797,383,77.0,4,475,0.6061855670103092,0.0,0.0,United Kingdom,Regular Customers,401.4649725605915
16050.0,144,3,300.7,388,18.476190476190474,108,14.319047619047618,24.9,4.711171727672326,19,7.0,2,227,0.7142857142857143,0.0,0.0,United Kingdom,Regular Customers,107.31902165805275
16051.0,652,1,188.44,80,6.666666666666667,12,15.703333333333333,23.4,3.030353514730983,12,12.0,1,0,0.0,0.0,0.0,United Kingdom,VIP Customers,-55.58414008655666
16052.0,24,1,362.06,282,8.294117647058824,48,10.648823529411764,40.56,9.841863510629166,34,34.0,1,0,1.0,0.0,0.0,United Kingdom,VIP Customers,61.762181898541485
16053.0,3,8,3606.14,3061,15.538071065989847,576,18.30527918781726,183.6,16.191919676317244,169,24.5,5,578,0.233502538071066,0.0,0.0,United Kingdom,Regular Customers,131.34175035690757
16054.0,115,7,2090.68,779,6.133858267716535,50,16.462047244094485,295.0,27.147369580506457,109,18.142857142857142,4,471,0.6929133858267716,0.0,0.0,United Kingdom,Regular Customers,195.80762172607174
16055.0,191,1,134.8,22,2.75,6,16.85,24.95,4.517584689695527,8,8.0,1,0,0.0,0.0,0.0,United Kingdom,VIP Customers,25.054889066005217
16056.0,15,1,650.75,345,5.2272727272727275,48,9.859848484848484,40.8,7.530627819863718,66,66.0,1,0,0.0,0.0,0.0,United Kingdom,VIP Customers,145.67896113559001
16057.0,66,15,2520.78,1193,5.325892857142857,24,11.253482142857143,39.6,13.47095411842332,148,14.933333333333334,9,633,0.10267857142857142,681.29,6.525454787404432,United Kingdom,Regular Customers,86.54261566272311
16058.0,376,1,62.7,18,9.0,12,31.35,45.0,19.30401512639275,2,2.0,1,0,0.0,0.0,0.0,United Kingdom,VIP Customers,-24.939151747867697
16059.0,36,12,3053.57,1431,3.659846547314578,24,7.809641943734015,35.4,5.8233163848120775,233,32.083333333333336,9,503,0.24552429667519182,0.0,0.0,United Kingdom,Regular Customers,234.6267371425782
16060.0,371,3,541.95,243,10.125,24,22.58125,76.5,13.411965881419018,22,8.0,3,93,0.0,0.0,0.0,United Kingdom,VIP Customers,-57.481394546819956
16061.0,239,3,44.95,13,2.6,12,8.99,59.9,34.42759431037841,3,1.6666666666666667,2,161,0.0,0.0,0.0,United Kingdom,VIP Customers,-97.70203523953023
16062.0,103,7,2487.97,1885,11.153846153846153,48,14.72171597633136,102.0,14.458877772588709,122,24.142857142857142,6,402,0.0,375.48,5.930864924979052,United Kingdom,Regular Customers,204.24572420920788
16063.0,230,1,335.32,262,11.391304347826088,24,14.57913043478261,20.4,2.911470907608351,23,23.0,1,0,0.0,0.0,0.0,United Kingdom,VIP Customers,43.62617556127606
16064.0,695,1,109.31,55,3.235294117647059,12,6.43,15.9,4.855140317230801,17,17.0,1,0,0.0,0.0,0.0,United Kingdom,VIP Customers,-61.21643204428875
16065.0,335,10,1975.1299999999999,1205,3.3943661971830985,48,5.563746478873239,53.1,6.737070587802757,214,34.3,4,97,0.22535211267605634,0.0,0.0,United Kingdom,Regular Customers,505.13368624067357
16066.0,2,4,1247.69,826,10.325,144,15.596125,103.68,17.714677565510474,64,19.75,3,92,0.7625,273.35,5.614404663504985,United Kingdom,Regular Customers,302.32338923119147
16067.0,533,6,2900.01,1166,15.142857142857142,100,37.66246753246754,165.0,45.214948598067714,60,12.5,3,112,0.14285714285714285,0.0,0.0,United Kingdom,VIP Customers,52.49796698948414
16068.0,564,1,115.73,48,1.3714285714285714,7,3.3065714285714285,14.98,3.0403820801467223,34,34.0,1,0,1.0,0.0,0.0,United Kingdom,VIP Customers,-47.25347150803245
16069.0,388,1,457.7,138,5.52,24,18.308,53.55,9.761517556199959,25,25.0,1,0,0.0,0.0,0.0,United Kingdom,VIP Customers,21.966850260204694
16070.0,2,1,686.85,251,13.210526315789474,24,36.15,102.0,33.43942583239132,19,19.0,1,0,0.0,165.3,5.113793386198882,United Kingdom,VIP Customers,98.10869671325901
16071.0,15,4,1076.8,697,9.547945205479452,25,14.750684931506848,31.2,4.812793231691943,62,18.25,4,610,0.0,0.0,0.0,United Kingdom,Regular Customers,-47.780267933968474
16072.0,258,4,4180.09,1580,2.975517890772128,48,7.87210922787194,102.0,8.78408572122666,414,126.0,3,260,0.0,0.0,0.0,United Kingdom,Regular Customers,644.860632060393
16073.0,262,2,94.35000000000001,37,18.5,48,47.175000000000004,122.4,106.38421522951607,1,1.0,1,5,0.0,0.0,0.0,United Kingdom,VIP Customers,-17.480507030268683
16074.0,360,1,252.5,38,1.52,3,10.1,17.0,4.3453998665255185,23,23.0,1,0,1.0,0.0,0.0,United Kingdom,VIP Customers,-19.4560771378504
16075.0,473,3,726.98,270,6.428571428571429,24,17.309047619047618,39.6,6.768259786256912,41,14.0,2,61,0.38095238095238093,0.0,0.0,United Kingdom,VIP Customers,-25.190889468840822
16076.0,23,9,1826.37,1163,10.11304347826087,96,15.881478260869564,59.4,14.046159195540008,71,12.555555555555555,5,155,0.1391304347826087,347.16,5.852662144227523,United Kingdom,Regular Customers,326.4266474885783
16077.0,544,2,599.9999999999998,528,58.666666666666664,288,66.66666666666664,1569.6,821.9163704416649,8,4.5,2,51,0.0,0.0,0.0,United Kingdom,VIP Customers,16.28045370717811
16078.0,254,2,362.99,200,5.128205128205129,36,9.307435897435898,79.2,12.505317756847688,39,19.5,2,385,0.0,0.0,0.0,United Kingdom,Regular Customers,41.11176880066867
16079.0,10,1,508.22,426,38.72727272727273,120,46.20181818181818,102.0,37.58354475516694,11,11.0,1,0,1.0,843.78,6.739076238429333,United Kingdom,VIP Customers,27.379188242790832
16080.0,52,6,472.9,256,7.757575757575758,24,14.33030303030303,44.55,20.3939458671024,29,5.5,3,368,0.0,0.0,0.0,United Kingdom,Regular Customers,103.06534637247597
16081.0,26,8,4278.96,2177,5.915760869565218,40,11.627608695652174,81.6,10.763574066784248,235,45.375,8,618,0.0,0.0,0.0,United Kingdom,Regular Customers,196.57748124525727
16082.0,640,1,106.75,39,2.4375,12,6.671875,17.0,4.801075183400763,16,16.0,1,0,1.0,0.0,0.0,United Kingdom,VIP Customers,-86.20172349006435
16083.0,71,4,2351.42,1514,21.323943661971832,100,33.11859154929578,204.0,36.063540999415174,61,17.75,3,287,0.0,0.0,0.0,United Kingdom,Regular Customers,259.41362867163195
16084.0,269,1,436.18,216,5.684210526315789,18,11.47842105263158,45.9,9.479589318939984,38,38.0,1,0,1.0,0.0,0.0,United Kingdom,VIP Customers,29.085810960386482
16085.0,28,12,2093.7,1215,3.6160714285714284,60,6.231249999999999,51.0,5.2079381645112806,241,27.666666666666668,8,630,0.30654761904761907,241.53,5.491125414066127,United Kingdom,Regular Customers,148.7572947740394
16086.0,29,11,2685.65,1449,11.146153846153846,48,20.658846153846156,99.6,13.72957626985594,66,11.818181818181818,8,677,0.0,0.0,0.0,United Kingdom,Regular Customers,-21.70456616263644
16087.0,359,5,1739.92,664,66.4,100,173.99200000000002,325.44,133.32179256720684,6,2.0,5,300,0.0,0.0,0.0,United Kingdom,Regular Customers,20.203460274323362
16088.0,546,2,1437.43,373,62.166666666666664,108,239.5716666666667,636.8,235.24313893643458,3,3.0,2,15,0.0,0.0,0.0,United Kingdom,VIP Customers,-17.84386080700179
16089.0,356,2,263.49,119,2.5319148936170213,12,5.606170212765957,17.0,4.068629484659577,42,23.0,2,122,0.574468085106383,0.0,0.0,United Kingdom,VIP Customers,-78.29744767202777
16090.0,594,1,180.56,58,3.2222222222222223,12,10.03111111111111,34.5,9.409658297783494,18,18.0,1,0,0.0,0.0,0.0,United Kingdom,VIP Customers,-35.73445671229075
16091.0,125,2,315.06,154,8.555555555555555,16,17.503333333333334,24.96,4.082721122573263,16,9.0,2,43,0.0,0.0,0.0,United Kingdom,VIP Customers,11.297141488182632
16092.0,69,10,1515.49,1151,12.24468085106383,48,16.122234042553192,46.8,11.00260830798969,60,9.4,6,480,0.2872340425531915,0.0,0.0,United Kingdom,Regular Customers,72.72169687906904
16093.0,77,1,17.0,20,20.0,20,17.0,17.0,0.0,1,1.0,1,0,0.0,0.0,0.0,United Kingdom,VIP Customers,34.654974232373945
16094.0,183,16,2773.0299999999997,1509,9.201219512195122,96,16.90871951219512,81.6,12.830571484075076,82,10.25,9,515,0.0,826.13,6.717961877349467,United Kingdom,Regular Customers,108.91710836585128
16095.0,426,1,447.05,265,8.833333333333334,12,14.901666666666667,23.6,3.8203286402533787,30,30.0,1,0,0.0,0.0,0.0,United Kingdom,VIP Customers,20.710019324995244
16096.0,234,4,1584.97,700,10.606060606060606,25,24.01469696969697,279.8,36.05980345608354,58,16.5,3,380,0.18181818181818182,0.0,0.0,United Kingdom,Regular Customers,164.37590366821402
16097.0,210,1,185.04999999999998,87,8.7,24,18.505,30.0,4.7532708037027875,10,10.0,1,0,0.0,0.0,0.0,United Kingdom,VIP Customers,24.32597015618967
16098.0,58,14,4010.7,2008,13.386666666666667,288,26.738,429.12,43.360051728590456,83,10.642857142857142,8,637,0.0,0.0,0.0,United Kingdom,Regular Customers,147.24660546945324
16099.0,20,8,1568.25,959,13.7,40,22.40357142857143,58.5,13.824666364998459,44,8.75,4,596,0.0,0.0,0.0,United Kingdom,Regular Customers,21.80717844813873
16100.0,433,1,582.64,438,11.837837837837839,24,15.747027027027027,27.04,4.2013998096301615,37,37.0,1,0,0.0,0.0,0.0,United Kingdom,VIP Customers,33.591812813266586
16101.0,24,6,3169.07,1824,9.165829145728644,48,15.92497487437186,39.6,6.855129088689567,153,33.166666666666664,5,507,0.12060301507537688,-1.65,,United Kingdom,Regular Customers,184.92368733038805
16102.0,12,3,1842.1399999999999,942,16.526315789473685,72,32.318245614035085,129.0,25.309771201963468,41,19.0,3,86,0.0,0.0,0.0,United Kingdom,Regular Customers,330.6593251097472
16103.0,50,26,5986.26,2604,12.640776699029127,48,29.0595145631068,166.8,27.09221219676277,111,7.923076923076923,11,620,0.0,16.5,2.8622008809294686,United Kingdom,Regular Customers,332.4703888580492
16104.0,32,11,2511.21,1008,4.182572614107884,48,10.419958506224066,89.25,14.731004901734902,187,21.818181818181817,7,671,0.9626556016597511,0.0,0.0,United Kingdom,Regular Customers,74.79088431471365
16105.0,219,5,2386.19,2125,19.318181818181817,120,21.692636363636364,203.4,22.13826533557655,92,22.0,4,355,0.0,0.0,0.0,United Kingdom,Regular Customers,223.75208041352033
16106.0,36,1,108.38,74,12.333333333333334,16,18.063333333333333,23.4,3.6404486902944635,6,6.0,1,0,0.0,0.0,0.0,United Kingdom,VIP Customers,51.66543211662028
16107.0,12,5,2307.52,792,33.0,120,96.14666666666666,214.8,70.11365621906903,16,4.8,5,140,0.3333333333333333,896.64,6.799769097055376,United Kingdom,Regular Customers,218.1007438777054
16108.0,55,8,2171.93,1446,10.111888111888112,48,15.188321678321676,34.68,7.699763485119543,124,17.875,4,546,0.0,0.0,0.0,United Kingdom,Regular Customers,147.1424190115838
16109.0,189,4,923.58,1090,34.0625,144,28.861875,131.4,31.647378675273078,31,8.0,4,479,0.40625,0.0,0.0,United Kingdom,Regular Customers,-41.422740141720084
16110.0,15,4,1781.59,880,2.046511627906977,24,4.143232558139535,30.0,3.652555323151326,343,104.5,4,477,0.0,0.0,0.0,United Kingdom,Regular Customers,351.6397503055646
16111.0,398,1,549.33,233,3.191780821917808,24,7.525068493150686,51.0,7.991299630655215,72,72.0,1,0,0.0,0.0,0.0,United Kingdom,VIP Customers,84.41875875015234
16112.0,113,4,195.74,574,35.875,144,12.23375,51.84,11.676813991838701,15,4.0,2,195,0.0,0.0,0.0,United Kingdom,Regular Customers,172.9344703674703
16113.0,153,1,161.38,176,5.866666666666666,72,5.379333333333333,20.16,5.5091246775366844,30,30.0,1,0,0.0,0.0,0.0,United Kingdom,VIP Customers,48.727993811055114
16114.0,141,1,135.75,43,5.375,6,16.96875,19.8,2.212454600018463,8,8.0,1,0,0.0,0.0,0.0,United Kingdom,VIP Customers,34.90478775108198
16115.0,11,11,2404.79,1506,3.812658227848101,50,6.088075949367089,29.7,4.4074678025784,226,35.27272727272727,8,534,0.6177215189873417,149.01,5.010701958540799,United Kingdom,Regular Customers,189.09377462461225
16116.0,176,2,592.88,246,7.0285714285714285,24,16.93942857142857,39.8,10.571640181847554,34,17.5,1,5,0.0,0.0,0.0,United Kingdom,VIP Customers,82.64716009624323
16117.0,160,4,650.05,318,3.533333333333333,18,7.222777777777777,22.5,6.113732016006718,64,22.5,3,401,0.0,0.0,0.0,United Kingdom,Regular Customers,74.74584105510556
16118.0,363,5,4255.43,2822,60.04255319148936,216,90.54106382978723,279.0,75.37025881646589,42,9.4,5,259,0.0,0.0,0.0,United Kingdom,VIP Customers,-36.312103349020035
16119.0,43,7,1606.93,743,15.16326530612245,72,32.794489795918366,392.4,55.641632496915186,34,7.0,7,650,0.1836734693877551,113.88,4.743888105299914,United Kingdom,Regular Customers,-50.01846592596084
16120.0,29,7,2952.5099999999998,2149,22.861702127659573,96,31.40968085106383,151.2,35.147888431417485,84,13.0,1,362,0.0,0.0,0.0,United Kingdom,Regular Customers,352.18118983539534
16121.0,27,6,1430.14,877,2.542028985507246,25,4.145333333333333,29.88,4.231744371574989,256,52.0,3,508,0.6115942028985507,0.0,0.0,United Kingdom,Regular Customers,260.93759688287025
16122.0,43,6,895.62,1280,23.703703703703702,192,16.585555555555555,124.8,16.224935115335757,28,9.0,6,352,0.14814814814814814,0.0,0.0,United Kingdom,Regular Customers,53.35003111052899
16123.0,22,1,307.78,170,10.625,24,19.23625,39.6,8.774122463243833,16,16.0,1,0,0.0,0.0,0.0,United Kingdom,VIP Customers,74.21056662536347
16124.0,286,6,1709.39,789,8.965909090909092,48,19.424886363636364,53.1,12.620566684393149,63,14.666666666666666,4,416,0.29545454545454547,0.0,0.0,United Kingdom,Regular Customers,66.7760170557815
16125.0,337,14,4292.35,1819,6.337979094076655,48,14.955923344947736,81.6,11.806660045697212,168,20.214285714285715,11,358,0.0,0.0,0.0,United Kingdom,Regular Customers,242.85254713967822
16126.0,72,14,12063.53,5099,15.130563798219585,144,35.796824925816026,249.9,32.15150023820773,133,23.785714285714285,11,635,0.050445103857566766,2581.07,7.856346681805945,United Kingdom,Regular Customers,373.6149149110529
16127.0,9,2,801.3100000000001,391,5.213333333333333,24,10.684133333333333,46.8,7.9747142782559814,75,37.5,2,687,0.4666666666666667,0.0,0.0,United Kingdom,Regular Customers,-83.30470688509982
16128.0,7,13,3558.7599999999998,2331,12.807692307692308,240,19.553626373626372,120.0,15.74161420299664,158,14.0,6,701,0.0,189.64,5.250386832790487,United Kingdom,Regular Customers,138.49172816608285
16129.0,377,3,1396.05,1261,13.135416666666666,48,14.542187499999999,165.0,16.18459639372053,91,32.0,2,100,0.0,0.0,0.0,United Kingdom,VIP Customers,107.51451160118481
16130.0,392,4,987.48,296,5.381818181818182,24,17.95418181818182,102.0,12.799845151104599,53,13.75,4,195,0.0,0.0,0.0,United Kingdom,VIP Customers,-88.39124993828878
16131.0,22,15,9866.27,4753,21.124444444444446,72,43.85008888888889,156.0,36.22226691591483,131,15.0,6,686,0.09777777777777778,0.0,0.0,United Kingdom,Regular Customers,410.0117456818123
16132.0,514,2,664.1999999999999,280,16.470588235294116,32,39.07058823529411,81.6,30.846854878291122,14,8.5,2,83,0.4117647058823529,0.0,0.0,United Kingdom,VIP Customers,-96.86363301021214
16133.0,10,72,20670.55,12081,23.922772277227722,288,40.93178217821782,348.0,52.55265876099215,268,7.013888888888889,11,578,0.08118811881188119,1558.33,7.352011520808061,United Kingdom,Regular Customers,1816.9153248365212
16134.0,324,6,1785.43,1409,13.950495049504951,256,17.677524752475247,92.16,12.4135481153408,71,16.833333333333332,4,186,0.0,334.56,5.815800777978094,United Kingdom,Regular Customers,210.36151022176963
16135.0,233,2,819.45,395,10.128205128205128,24,21.011538461538464,175.2,25.62737142181973,35,19.5,2,321,0.0,0.0,0.0,United Kingdom,Regular Customers,128.24825521306502
16136.0,30,5,921.08,622,12.958333333333334,60,19.18916666666667,75.0,14.620346625883835,44,9.6,4,603,0.22916666666666666,0.0,0.0,United Kingdom,Regular Customers,-62.34995759573869
16137.0,650,1,422.7,210,7.5,12,15.096428571428572,40.5,6.219591634972517,28,28.0,1,0,0.0,0.0,0.0,United Kingdom,VIP Customers,-21.948166624901404
16138.0,338,4,902.4,773,20.342105263157894,216,23.74736842105263,114.48,23.505157304614055,35,9.5,4,222,0.0,0.0,0.0,United Kingdom,Regular Customers,91.19068007208384
16139.0,82,4,782.11,427,10.414634146341463,48,19.075853658536587,39.6,7.739091993124825,35,10.25,3,624,0.0,329.04,5.799213859236143,United Kingdom,Regular Customers,-89.96143987886867
16140.0,23,5,1412.05,1269,19.227272727272727,144,21.39469696969697,103.68,18.517016641224238,51,13.2,3,388,0.0,0.0,0.0,United Kingdom,Regular Customers,140.83224728118336
16141.0,58,2,955.9399999999999,410,8.2,24,19.1188,41.6,7.37170227620321,47,25.0,2,328,0.0,0.0,0.0,United Kingdom,Regular Customers,135.60140702001797
16142.0,220,1,535.34,422,11.405405405405405,48,14.46864864864865,40.8,7.183616453106705,37,37.0,1,0,0.0,0.0,0.0,United Kingdom,VIP Customers,70.28542526998791
16143.0,78,15,4035.55,1645,8.024390243902438,40,19.685609756097563,250.0,21.895507826588954,104,13.666666666666666,9,621,0.07804878048780488,475.58,6.1666355998730955,United Kingdom,Regular Customers,165.28288759192625
16144.0,217,1,175.2,16,16.0,16,175.2,175.2,0.0,1,1.0,1,0,0.0,0.0,0.0,United Kingdom,VIP Customers,8.331185292214485
16145.0,10,28,6326.21,5003,12.602015113350125,96,15.935037783375314,70.8,10.307212136722375,210,14.178571428571429,11,543,0.0654911838790932,367.39,5.9091421596044835,United Kingdom,Regular Customers,545.4097646907047
16146.0,127,4,946.38,544,13.268292682926829,60,23.082439024390244,102.0,18.43098068205919,34,10.25,4,291,0.0,0.0,0.0,United Kingdom,Regular Customers,117.19374858852203
16147.0,104,7,2367.02,1322,9.442857142857143,48,16.907285714285713,59.7,9.86507252325106,113,20.0,5,538,0.0,0.0,0.0,United Kingdom,Regular Customers,100.20385034590075
16148.0,266,4,370.37,247,20.583333333333332,72,30.864166666666666,95.2,31.687161856423042,12,3.0,3,425,0.0,0.0,0.0,United Kingdom,Regular Customers,-29.780504607104746
16149.0,112,2,305.38,458,19.91304347826087,96,13.277391304347827,25.2,5.171714343330639,23,11.5,2,286,0.0,116.84,4.769327772154375,United Kingdom,Regular Customers,92.941737138403
16150.0,9,20,3761.27,1924,7.665338645418327,64,14.985139442231075,163.2,15.122000432498277,143,12.55,10,699,0.01593625498007968,0.0,0.0,United Kingdom,Regular Customers,181.85814965222636
16151.0,569,1,-4217.59,-1,-1.0,-1,-4217.59,-4217.59,0.0,1,1.0,1,0,0.0,0.0,0.0,,,-54.764340802684586
16152.0,239,1,1829.04,642,22.137931034482758,96,63.070344827586204,131.4,31.857442557515796,29,29.0,1,0,0.0,0.0,0.0,United Kingdom,VIP Customers,88.30794537654191
16153.0,20,13,5037.51,3656,15.965065502183407,288,21.997860262008736,139.2,19.195243317433494,162,17.615384615384617,6,512,0.043668122270742356,0.0,0.0,United Kingdom,Regular Customers,328.3774469116711
16154.0,652,1,-10.5,-1,-1.0,-1,-10.5,-10.5,0.0,1,1.0,1,0,0.0,0.0,0.0,,,-61.563100703166384
16155.0,352,6,781.05,482,9.64,24,15.620999999999999,32.85,7.771626113560765,45,8.333333333333334,4,158,0.22,0.0,0.0,United Kingdom,VIP Customers,-62.53712193523661
16156.0,20,24,5211.78,2745,10.892857142857142,48,20.681666666666665,153.0,19.468084547182727,189,10.458333333333334,11,687,0.011904761904761904,711.61,6.568934286191431,United Kingdom,Regular Customers,319.3323089427147
16157.0,21,2,155.87,41,5.857142857142857,12,22.267142857142858,47.1,18.335636262285995,6,3.5,2,21,0.0,488.37,6.193118849579207,United Kingdom,Regular Customers,273.74617841291933
16158.0,492,10,611.32,180,5.0,36,16.98111111111111,59.5,11.932131357396246,29,3.6,7,211,0.3888888888888889,0.0,0.0,United Kingdom,Regular Customers,70.76356647869804
16159.0,252,5,1230.29,633,11.943396226415095,45,23.21301886792453,67.05,10.242555192188215,32,10.6,4,455,0.0,0.0,0.0,United Kingdom,Regular Customers,1.4400930602111828
16160.0,34,4,1009.4499999999999,1153,52.40909090909091,288,45.88409090909091,232.0,47.68067060281555,20,5.5,2,21,0.0,0.0,0.0,United Kingdom,Regular Customers,345.0290804859593
16161.0,29,52,10984.64,5659,5.249536178107607,36,10.189833024118737,61.2,9.087896844312944,414,20.46153846153846,12,610,0.05658627087198516,1251.58,7.1329607031747635,United Kingdom,Regular Customers,1183.996785446783
16162.0,222,1,37.4,4,2.0,2,18.7,25.5,9.616652224137045,2,2.0,1,0,0.0,0.0,0.0,United Kingdom,VIP Customers,6.964002795818146
16163.0,195,14,1822.03,549,6.8625,100,22.775375,415.0,78.3440485884198,61,5.714285714285714,6,512,0.0,0.0,0.0,United Kingdom,Regular Customers,173.37652451242337
16164.0,9,2,225.41,135,9.0,16,15.027333333333333,39.9,12.86947466275287,14,7.5,2,4,0.0,577.12,6.359781459580641,United Kingdom,VIP Customers,56.77074277977928
16165.0,475,1,79.9,2,2.0,2,79.9,79.9,0.0,1,1.0,1,0,0.0,0.0,0.0,United Kingdom,VIP Customers,-40.883617996538874
16166.0,398,4,327.48,156,6.0,12,12.595384615384615,35.4,19.35330116145961,21,6.5,3,263,0.46153846153846156,0.0,0.0,United Kingdom,Regular Customers,48.25277932800188
16167.0,384,6,1149.87,1459,20.549295774647888,576,16.195352112676055,120.96,24.4038452374671,55,11.833333333333334,5,324,0.0,0.0,0.0,United Kingdom,Regular Customers,-28.79661931141473
16168.0,4,67,9822.02,4829,15.627831715210355,144,31.786472491909386,257.76,33.88590100899798,134,4.611940298507463,12,702,0.1423948220064725,441.26,6.0918979444292525,United Kingdom,Regular Customers,1064.996218397365
16169.0,10,2,904.8,666,16.24390243902439,48,22.068292682926828,70.8,14.641012926440405,33,20.5,2,36,0.6341463414634146,918.17,6.823471088926227,United Kingdom,Regular Customers,311.0925927879747
16170.0,21,25,6813.67,6031,13.3429203539823,90,15.074491150442478,61.2,8.210875944500366,254,18.08,10,608,0.11283185840707964,0.0,0.0,United Kingdom,Regular Customers,556.8903983358475
16171.0,29,1,73.19999999999999,24,8.0,12,24.399999999999995,24.9,0.8660254037844386,3,3.0,1,0,0.0,0.0,0.0,United Kingdom,VIP Customers,46.86776634928009
16172.0,65,8,1884.55,1419,12.557522123893806,48,16.677433628318585,59.4,9.114397830861686,81,14.125,5,417,0.0,0.0,0.0,United Kingdom,Regular Customers,163.6124947667422
16173.0,8,6,1107.72,436,6.411764705882353,24,16.29,44.55,7.851640383793561,59,11.333333333333334,3,59,0.0,298.85,5.703282349614518,United Kingdom,Regular Customers,374.35638054002015
16174.0,96,7,2246.75,1431,22.015384615384615,240,34.565384615384616,249.6,41.677780841419384,28,9.285714285714286,5,476,0.0,0.0,0.0,United Kingdom,Regular Customers,59.06229690420835
16175.0,64,7,1836.44,932,9.510204081632653,24,18.739183673469388,53.1,8.421346180492133,59,14.0,6,469,0.0,0.0,0.0,United Kingdom,Regular Customers,56.183312733513986
16176.0,391,7,1964.04,913,11.271604938271604,80,24.247407407407408,83.4,22.343731826721434,53,11.571428571428571,6,198,0.0,0.0,0.0,United Kingdom,Regular Customers,160.6016864685293
16177.0,20,12,2141.61,1001,7.8203125,24,16.731328125,41.6,10.710309506184116,79,10.666666666666666,5,596,0.0,0.0,0.0,United Kingdom,Regular Customers,106.29249308078653
16178.0,108,2,612.6,304,12.16,40,24.504,66.0,13.601470202396014,24,12.5,2,263,0.32,0.0,0.0,United Kingdom,Regular Customers,122.96630786130817
16179.0,31,1,215.83,99,9.0,24,19.62090909090909,41.7,11.197438505788236,11,11.0,1,0,0.0,0.0,0.0,United Kingdom,VIP Customers,61.552968871861
16180.0,70,16,16170.27,9785,28.19884726224784,144,46.60020172910663,179.0,58.793659848647756,173,21.6875,5,434,0.069164265129683,0.0,0.0,United Kingdom,Regular Customers,916.6766413199683
16181.0,43,1,305.53999999999996,152,13.818181818181818,48,27.776363636363634,141.6,38.32879838260711,11,11.0,1,0,0.0,0.0,0.0,United Kingdom,VIP Customers,76.99583760983788
16182.0,42,9,9971.65,5887,115.43137254901961,300,195.52254901960782,537.0,119.7021377727756,20,5.666666666666667,7,568,0.0784313725490196,0.0,0.0,United Kingdom,Regular Customers,288.79153382278366
16183.0,37,4,1077.81,351,8.560975609756097,40,26.288048780487802,83.4,15.195299638294761,32,10.25,2,340,0.0,0.0,0.0,United Kingdom,Regular Customers,150.6960305631391
16184.0,34,7,1155.54,560,12.173913043478262,36,25.120434782608694,54.08,12.167381706207012,26,6.571428571428571,5,147,0.0,0.0,0.0,United Kingdom,Regular Customers,239.88224037877677
16185.0,203,2,450.31,214,7.642857142857143,24,16.0825,25.5,5.564497664592848,28,14.0,2,332,0.0,194.41,5.275099915371852,United Kingdom,Regular Customers,62.94928045767685
16186.0,16,29,8263.43,6326,12.831643002028397,48,16.761521298174443,74.0,9.40642666044584,172,17.0,10,684,0.038539553752535496,412.8,6.025382765311443,United Kingdom,Regular Customers,553.6815872291326
16187.0,2,17,6841.24,5004,16.848484848484848,72,23.034478114478112,83.2,15.355486072211379,160,17.470588235294116,8,252,0.11447811447811448,0.0,0.0,United Kingdom,Regular Customers,626.408308941909
16188.0,15,6,1077.71,837,11.16,36,14.369466666666668,39.6,6.458640534164257,72,12.5,3,364,0.0,0.0,0.0,United Kingdom,Regular Customers,186.42960500737274
16189.0,55,1,144.48,102,17.0,48,24.08,60.0,17.759459451233305,6,6.0,1,0,0.0,71.0,4.276666119016055,United Kingdom,VIP Customers,46.38726074585381
16190.0,10,8,2723.5499999999997,1231,10.344537815126051,120,22.886974789915964,102.0,13.93144300960484,89,14.875,7,685,0.05042016806722689,0.0,0.0,United Kingdom,Regular Customers,-45.12779176442106
16191.0,5,34,14248.11,8552,37.18260869565217,384,61.94830434782609,326.4,71.68561069058168,113,6.735294117647059,8,693,0.0,903.81,6.8077249769070605,United Kingdom,Regular Customers,795.3811538151289
16192.0,706,1,351.3,208,18.90909090909091,50,31.936363636363637,102.0,27.397199591464553,11,11.0,1,0,0.0,0.0,0.0,United Kingdom,VIP Customers,-56.89600959755171
16193.0,207,2,630.43,379,9.973684210526315,48,16.590263157894736,30.0,5.018586797335457,38,19.0,2,174,0.5,0.0,0.0,United Kingdom,Regular Customers,166.54281035139394
16194.0,345,1,308.6,140,17.5,48,38.575,69.6,23.655292370690685,8,8.0,1,0,0.0,0.0,0.0,United Kingdom,VIP Customers,-6.092624003072331
16195.0,693,1,323.25,123,7.6875,12,20.203125,35.4,7.878588468120416,16,16.0,1,0,0.0,0.0,0.0,United Kingdom,VIP Customers,-53.58962109837165
16196.0,459,1,93.3,26,6.5,8,23.325,25.5,4.35,4,4.0,1,0,1.0,0.0,0.0,United Kingdom,VIP Customers,-67.79493730326084
16197.0,439,9,2016.71,1420,15.268817204301076,48,21.68505376344086,79.2,13.258344429375322,52,10.333333333333334,6,254,0.0,0.0,0.0,United Kingdom,Regular Customers,169.36500109846108
16198.0,45,2,1030.04,384,11.636363636363637,25,31.21333333333333,70.8,15.474336348182002,31,16.5,1,362,0.45454545454545453,0.0,0.0,United Kingdom,Regular Customers,113.4587348018897
16199.0,362,7,942.75,321,32.1,144,94.275,396.0,106.87130695373759,2,1.4285714285714286,6,238,0.1,0.0,0.0,United Kingdom,Regular Customers,76.95518871069848
16200.0,134,12,5076.3,2781,5.562,72,10.1526,81.12,9.175573067784077,282,40.0,7,573,0.15,518.3,6.252481750850273,United Kingdom,Regular Customers,360.1034611817912
16201.0,15,3,1031.48,757,12.015873015873016,48,16.372698412698412,30.0,5.68324595074068,60,21.0,2,370,0.0,1038.69,6.9466778707785855,United Kingdom,Regular Customers,144.46174467111362
16202.0,331,11,2467.04,1282,10.174603174603174,50,19.57968253968254,76.5,12.946216122806417,105,11.454545454545455,5,376,0.0,0.0,0.0,United Kingdom,Regular Customers,222.68025650900776
16203.0,29,7,940.09,536,8.0,36,14.031194029850747,30.0,6.945497456361745,56,9.571428571428571,6,445,0.0,0.0,0.0,United Kingdom,Regular Customers,33.16847704688777
16204.0,350,3,529.53,449,8.634615384615385,120,10.18326923076923,59.4,10.995402732934654,47,17.333333333333332,3,350,0.0,384.18,5.953710757496066,United Kingdom,Regular Customers,24.247445099425732
16205.0,1,7,1820.11,1452,7.370558375634518,120,9.239137055837563,120.0,13.94951688017558,147,27.285714285714285,3,511,0.0,0.0,0.0,United Kingdom,Regular Customers,217.36013293054197
16206.0,25,14,2584.92,1378,5.717842323651452,36,10.725809128630706,70.8,9.881592412835916,188,17.071428571428573,9,670,0.7053941908713693,0.0,0.0,United Kingdom,Regular Customers,87.04904607103768
16208.0,15,10,3440.45,1541,6.090909090909091,55,13.598616600790512,76.5,10.853954625624715,180,25.0,8,608,0.3241106719367589,0.0,0.0,United Kingdom,Regular Customers,125.4923864397866
16209.0,59,9,4146.78,1895,28.28358208955224,360,61.892238805970145,1220.4,160.3794564965349,51,7.444444444444445,6,458,0.0,0.0,0.0,United Kingdom,Regular Customers,408.45270400681636
16210.0,1,34,27268.04,10342,47.00909090909091,480,123.94563636363637,1627.2,296.9723969539277,123,6.470588235294118,12,706,0.0,6297.4800000000005,8.748063613428103,United Kingdom,Regular Customers,1377.9683760039754
16211.0,51,4,1086.34,518,14.0,240,29.360540540540537,300.0,53.26838477339412,35,9.25,2,357,0.0,0.0,0.0,United Kingdom,Regular Customers,149.7334969238549
16212.0,251,4,1092.37,475,6.884057971014493,50,15.831449275362317,30.0,5.825840579431261,61,17.25,2,388,0.21739130434782608,192.19,5.263674160604463,United Kingdom,Regular Customers,88.90181351036395
16213.0,49,1,159.0,48,8.0,12,26.5,76.5,25.00615924127494,6,6.0,1,0,0.0,0.0,0.0,United Kingdom,VIP Customers,55.515589323499825
16214.0,141,4,2038.25,1308,13.346938775510203,288,20.7984693877551,102.0,13.876149704538523,84,24.5,4,264,0.0,0.0,0.0,United Kingdom,Regular Customers,173.66011489395055
16215.0,51,1,242.35,104,7.428571428571429,12,17.310714285714287,25.2,3.9949091917776367,14,14.0,1,0,0.0,0.0,0.0,United Kingdom,VIP Customers,63.333058835053066
16216.0,237,1,914.93,254,6.864864864864865,24,24.727837837837836,165.0,26.35053047485584,37,37.0,1,0,0.0,0.0,0.0,United Kingdom,VIP Customers,109.0952346187403
16217.0,205,4,259.39,76,4.0,12,13.652105263157894,65.4,17.66651181660041,14,4.75,2,46,0.0,0.0,0.0,United Kingdom,VIP Customers,27.992646192103763
16218.0,85,18,3423.1,2418,16.561643835616437,100,23.445890410958903,116.0,25.627816936404056,77,8.11111111111111,9,446,0.15753424657534246,449.2,6.109691928472632,United Kingdom,Regular Customers,236.70737985875314
16219.0,471,1,40.8,48,48.0,48,40.8,40.8,0.0,1,1.0,1,0,0.0,0.0,0.0,United Kingdom,VIP Customers,-41.09771152756929
16220.0,698,1,-10.17,-3,-3.0,-3,-10.17,-10.17,0.0,1,1.0,1,0,0.0,0.0,0.0,,,-70.31019185888042
16221.0,7,10,2013.42,1447,6.004149377593361,108,8.354439834024896,51.0,7.844565143401725,177,23.4,6,449,0.058091286307053944,0.0,0.0,United Kingdom,Regular Customers,234.78015647781987
16222.0,288,2,1272.05,463,3.193103448275862,12,8.772758620689656,59.4,8.256026795515856,133,71.5,2,402,0.0,0.0,0.0,United Kingdom,Regular Customers,155.6297902134578
16223.0,345,2,1087.05,643,5.227642276422764,180,8.83780487804878,51.0,8.996969575106156,101,61.0,1,20,0.0,0.0,0.0,United Kingdom,VIP Customers,103.52456164900306
16224.0,27,5,1616.54,1555,13.405172413793103,96,13.935689655172414,40.8,6.901473468903506,107,23.2,4,330,0.0,0.0,0.0,United Kingdom,Regular Customers,216.05719817755065
16225.0,15,18,2813.81,1275,4.180327868852459,24,9.225606557377048,47.7,8.28077853430264,189,16.72222222222222,9,625,0.05573770491803279,0.0,0.0,United Kingdom,Regular Customers,203.65625765890027
16226.0,173,5,672.17,521,16.806451612903224,48,21.68290322580645,70.8,14.956071051259505,23,6.2,4,210,0.0,0.0,0.0,United Kingdom,Regular Customers,154.31355342244078
16227.0,189,6,948.82,382,9.317073170731707,36,23.141951219512197,166.8,36.19968930940652,28,6.833333333333333,4,316,0.0,0.0,0.0,United Kingdom,Regular Customers,129.03767177641276
16228.0,344,4,881.06,554,10.072727272727272,48,16.019272727272725,100.8,21.356627720907337,45,13.5,1,25,0.0,0.0,0.0,United Kingdom,VIP Customers,103.06214206746344
16229.0,57,7,2835.36,1286,7.144444444444445,25,15.752,93.5,13.946271618860688,148,25.714285714285715,6,599,0.0,0.0,0.0,United Kingdom,Regular Customers,102.51832130663453
16230.0,160,2,542.03,365,10.428571428571429,24,15.486571428571429,35.4,6.526899517452706,32,17.5,2,30,0.0,0.0,0.0,United Kingdom,VIP Customers,42.980049610208965
16231.0,349,4,1074.47,563,5.63,48,10.7447,42.5,11.255772970419052,69,24.25,3,218,0.0,0.0,0.0,United Kingdom,VIP Customers,-65.94149102634975
16232.0,3,10,2692.02,1836,17.0,72,24.926111111111112,81.6,17.568672460516822,60,10.8,6,517,0.17592592592592593,0.0,0.0,United Kingdom,Regular Customers,112.15727895240411
16233.0,41,12,1671.31,665,8.417721518987342,40,21.155822784810127,109.5,24.706221037791114,50,6.583333333333333,7,666,0.08860759493670886,0.0,0.0,United Kingdom,Regular Customers,-38.57598975869533
16234.0,444,4,312.78,162,10.125,24,19.54875,63.5,17.810783203815976,13,4.0,3,88,0.0,0.0,0.0,United Kingdom,VIP Customers,-75.41413654250582
16235.0,11,11,1990.61,780,6.39344262295082,24,16.316475409836066,43.0,8.530660300383984,80,11.090909090909092,7,429,0.07377049180327869,0.0,0.0,United Kingdom,Regular Customers,141.44881618762722
16236.0,48,1,432.2,184,9.2,12,21.61,49.8,9.484872165717363,20,20.0,1,0,0.0,0.0,0.0,United Kingdom,VIP Customers,82.77942244772368
16237.0,407,1,136.65,57,8.142857142857142,20,19.521428571428572,33.0,6.206707201545299,7,7.0,1,0,0.0,0.0,0.0,United Kingdom,VIP Customers,-17.96147037387425
16238.0,393,1,63.66,85,14.166666666666666,25,10.61,17.88,5.183724529717989,6,6.0,1,0,0.0,0.0,0.0,United Kingdom,VIP Customers,-19.238694676199884
16239.0,27,7,1450.9,682,18.43243243243243,48,39.21351351351352,122.4,36.515918615205514,24,5.285714285714286,4,406,0.05405405405405406,0.0,0.0,United Kingdom,Regular Customers,106.34539522122157
16240.0,41,2,1818.62,933,12.116883116883116,48,23.618441558441557,290.0,38.396710010684075,76,38.5,1,6,0.0,1875.19,7.536998403755463,United Kingdom,Regular Customers,513.2382897430797
16241.0,2,15,3393.31,1904,2.2347417840375585,48,3.9827582159624413,34.0,4.599531501482368,461,56.06666666666667,10,378,0.3685446009389671,599.55,6.397845902000499,United Kingdom,Regular Customers,573.688091287126
16242.0,2,16,6287.39,3308,5.541038525963149,54,10.531641541038526,59.5,9.453173767613057,329,36.125,7,601,0.09547738693467336,1083.1100000000001,6.98851465286601,United Kingdom,Regular Customers,513.8439824273148
16243.0,4,2,409.1,110,2.156862745098039,10,8.02156862745098,85.0,11.782344312156049,49,25.5,2,21,1.0,0.0,0.0,United Kingdom,VIP Customers,72.90844023002664
16244.0,182,2,1522.75,855,9.395604395604396,24,16.733516483516482,31.6,4.739304537265726,88,45.5,2,160,0.0,0.0,0.0,United Kingdom,Regular Customers,292.57295458771256
16245.0,34,4,708.4,424,7.851851851851852,24,13.118518518518519,35.95,9.824875323498619,49,13.5,4,192,0.0,643.96,6.469188299368856,United Kingdom,Regular Customers,200.01106635146547
16246.0,430,2,821.35,336,3.8181818181818183,32,9.333522727272728,67.2,9.988564500521917,79,42.0,2,209,0.0,0.0,0.0,United Kingdom,Regular Customers,181.97668952622965
16247.0,140,1,114.56,182,11.375,48,7.16,19.9,5.27503428108924,16,16.0,1,0,0.0,0.0,0.0,United Kingdom,VIP Customers,40.07061176470569
16248.0,32,1,152.94,78,11.142857142857142,12,21.84857142857143,25.2,5.91686693155375,7,7.0,1,0,1.0,0.0,0.0,United Kingdom,VIP Customers,19.82434886431861
16249.0,23,5,1800.07,950,13.768115942028986,64,26.08797101449275,99.0,19.841713530405514,67,13.8,5,186,0.07246376811594203,0.0,0.0,United Kingdom,Regular Customers,253.37231601986122
16250.0,231,3,565.24,268,7.6571428571428575,24,16.149714285714285,27.0,4.370984197768605,29,11.666666666666666,3,125,0.0,0.0,0.0,United Kingdom,VIP Customers,-54.805238127477196
16251.0,482,1,128.31,44,2.2,6,6.4155,23.85,5.769576719856995,20,20.0,1,0,0.0,0.0,0.0,United Kingdom,VIP Customers,-13.004518006644389
16252.0,336,2,-2.6645352591003757e-15,0,0.0,25,-6.344131569286608e-17,26.0,14.934210684883476,21,21.0,2,16,0.0,0.0,0.0,United Kingdom,VIP Customers,-17.15960626070057
16253.0,2,9,7238.96,5933,19.842809364548494,96,24.21056856187291,106.2,17.915724150123086,220,32.22222222222222,6,699,0.0,0.0,0.0,United Kingdom,Regular Customers,352.82280753483167
16254.0,348,3,967.44,543,7.337837837837838,48,13.073513513513515,45.0,9.53433527467709,65,24.666666666666668,3,253,0.0,0.0,0.0,United Kingdom,Regular Customers,135.1126697660255
16255.0,66,18,4020.47,2535,5.32563025210084,96,8.446365546218487,40.32,7.363850138901518,219,26.27777777777778,11,588,0.43907563025210083,437.12,6.082492845455546,United Kingdom,Regular Customers,222.82027540984927
16256.0,228,4,1609.57,1586,52.86666666666667,120,53.65233333333333,102.0,30.607411507597345,27,7.5,3,340,0.03333333333333333,0.0,0.0,United Kingdom,Regular Customers,101.18785329027489
16257.0,147,1,46.95,2,1.0,1,23.475,25.0,2.1566756826189692,2,2.0,1,0,0.0,0.0,0.0,United Kingdom,VIP Customers,23.040213374495636
16258.0,15,16,11833.52,7180,20.81159420289855,960,34.300057971014496,403.2,44.0693452228272,254,21.5625,9,593,0.06666666666666667,0.0,0.0,United Kingdom,Regular Customers,490.6678133267894
16259.0,380,3,340.94,143,1.6823529411764706,6,4.011058823529412,17.85,2.771047173357897,75,26.666666666666668,2,194,0.0,0.0,0.0,United Kingdom,VIP Customers,-59.14221379486412
16260.0,21,1,1035.45,311,17.27777777777778,100,57.525000000000006,204.0,54.69743044292687,18,18.0,1,0,0.0,0.0,0.0,United Kingdom,VIP Customers,102.96513124508506
16261.0,45,5,856.76,390,2.7857142857142856,12,6.119714285714285,29.85,5.544993327039876,104,27.2,4,366,0.16428571428571428,184.4,5.2225156531317545,United Kingdom,Regular Customers,153.26178509133052
16262.0,331,3,677.78,429,8.58,25,13.5556,51.0,13.84664199474415,47,16.666666666666668,3,319,0.0,0.0,0.0,United Kingdom,VIP Customers,-174.6369086051833
16263.0,393,1,348.15999999999997,197,9.380952380952381,32,16.579047619047618,54.08,17.066050481808,19,19.0,1,0,0.0,0.0,0.0,United Kingdom,VIP Customers,8.505283144767134
16264.0,408,2,823.53,616,9.777777777777779,120,13.071904761904761,47.2,8.737101988192295,62,31.5,1,7,0.5714285714285714,0.0,0.0,United Kingdom,VIP Customers,42.703539136414065
16265.0,13,14,6103.72,2735,8.908794788273616,25,19.88182410423453,101.7,13.058162946509253,170,21.928571428571427,8,363,0.06514657980456026,789.9,6.673171537525372,United Kingdom,Regular Customers,462.76404060604136
16266.0,44,14,1757.95,791,7.256880733944954,36,16.127981651376146,81.6,13.543671392109227,73,7.714285714285714,8,599,0.0,0.0,0.0,United Kingdom,Regular Customers,37.73553652583169
16267.0,561,1,186.66,198,28.285714285714285,48,26.665714285714284,52.2,16.495521470127237,7,7.0,1,0,0.0,0.0,0.0,United Kingdom,VIP Customers,-46.417997032985966
16268.0,41,2,667.65,533,11.844444444444445,25,14.836666666666666,50.0,9.331341860048367,45,22.5,1,0,0.0,0.0,0.0,United Kingdom,VIP Customers,137.6682671700426
16269.0,398,2,714.59,577,10.685185185185185,48,13.233148148148148,30.0,4.890042568041781,53,27.0,2,9,0.0,0.0,0.0,United Kingdom,VIP Customers,36.74004850840075
16270.0,323,1,1141.24,688,12.74074074074074,50,21.134074074074075,102.0,17.68536443402343,54,54.0,1,0,0.0,0.0,0.0,United Kingdom,VIP Customers,106.91502156595234
16271.0,96,9,2855.66,2006,8.187755102040816,48,11.655755102040816,62.4,10.263146025133898,146,25.666666666666668,6,516,0.4,536.21,6.286389079516778,United Kingdom,Regular Customers,170.12606988333252
16272.0,87,1,411.7,224,8.96,20,16.468,25.0,8.921157903172286,25,25.0,1,0,0.0,0.0,0.0,United Kingdom,VIP Customers,73.09791625978397
16273.0,618,2,318.34000000000003,40,2.6666666666666665,6,21.22266666666667,76.5,18.50513228681116,15,7.5,2,7,0.9333333333333333,0.0,0.0,United Kingdom,VIP Customers,-83.0376622912483
16274.0,343,1,351.75,153,2.353846153846154,12,5.411538461538462,29.95,5.115966193804827,64,64.0,1,0,0.0,0.0,0.0,United Kingdom,VIP Customers,75.9568679041044
16275.0,167,3,2151.11,1268,11.423423423423424,48,19.37936936936937,67.2,9.847291023818707,105,37.0,3,444,0.40540540540540543,0.0,0.0,United Kingdom,Regular Customers,122.14489952452357
16276.0,147,3,2629.39,1467,56.42307692307692,288,101.13038461538461,532.8,131.9547000597029,20,8.666666666666666,3,430,0.46153846153846156,0.0,0.0,United Kingdom,Regular Customers,87.43759347372477
16277.0,704,1,188.69,33,1.434782608695652,3,8.203913043478261,17.0,5.551309214239004,23,23.0,1,0,1.0,0.0,0.0,United Kingdom,VIP Customers,-86.83448281544628
16278.0,64,6,1069.34,328,5.559322033898305,24,18.124406779661015,220.0,28.153604183502555,50,9.833333333333334,3,404,0.0,-12.75,,United Kingdom,Regular Customers,170.5386682905605
16279.0,57,9,4906.78,3097,10.120915032679738,48,16.035228758169932,168.75,12.500505777831414,212,33.888888888888886,8,509,0.0,778.6,6.6587809676334055,United Kingdom,Regular Customers,319.59200048086973
16280.0,695,1,238.04999999999998,101,6.3125,12,14.878124999999999,19.9,2.556232171901971,16,16.0,1,0,0.0,0.0,0.0,United Kingdom,VIP Customers,-57.9840913494466
16281.0,42,4,3416.52,1568,39.2,144,85.413,270.0,70.40182727086652,27,10.0,3,610,0.0,0.0,0.0,United Kingdom,Regular Customers,23.604978824462734
16282.0,310,3,1307.58,790,23.939393939393938,144,39.623636363636365,153.0,33.30801909996505,31,11.0,3,378,0.0,0.0,0.0,United Kingdom,Regular Customers,33.37833352444696
16283.0,38,10,4052.6,2705,4.7043478260869565,80,7.048,47.7,6.724188823271583,384,55.5,6,580,0.7617391304347826,205.27,5.329185990210503,United Kingdom,Regular Customers,407.68192473607235
16284.0,1,3,1018.48,674,5.067669172932331,48,7.657744360902256,39.6,6.4547116472624175,108,42.333333333333336,2,362,0.0,0.0,0.0,United Kingdom,Regular Customers,205.3729108304319
16285.0,616,1,176.9,60,1.935483870967742,4,5.706451612903226,17.0,3.586798524577869,31,31.0,1,0,0.0,0.0,0.0,United Kingdom,VIP Customers,-24.43256922660771
16286.0,447,4,263.65000000000003,87,4.578947368421052,12,13.876315789473686,59.4,21.580362526696018,17,4.75,3,146,0.0,0.0,0.0,United Kingdom,Regular Customers,132.34039125199084
16287.0,140,5,1006.98,1426,33.95238095238095,216,23.975714285714286,53.1,9.622302382272578,18,8.4,5,519,0.19047619047619047,0.0,0.0,United Kingdom,Regular Customers,-99.16943316055475
16288.0,440,1,129.85,19,2.7142857142857144,6,18.55,25.5,3.75,7,7.0,1,0,0.0,0.0,0.0,United Kingdom,VIP Customers,-24.000173579351753
16289.0,432,2,98.81,87,3.9545454545454546,16,4.491363636363636,41.25,12.836656327525313,21,11.0,1,0,0.0,0.0,0.0,United Kingdom,VIP Customers,12.07277878048032
16290.0,435,4,1957.7,957,7.717741935483871,96,15.787903225806453,81.6,11.848259333181854,85,30.5,4,101,0.9758064516129032,0.0,0.0,United Kingdom,VIP Customers,-15.42271230948063
16291.0,652,1,117.72,1,1.0,1,117.72,117.72,0.0,1,1.0,1,0,0.0,0.0,0.0,Portugal,VIP Customers,-61.32598584846872
16292.0,87,9,1171.46,680,10.149253731343284,96,17.4844776119403,71.4,15.701189038508392,51,7.444444444444445,5,487,0.16417910447761194,0.0,0.0,United Kingdom,Regular Customers,44.611970524046995
16293.0,19,17,3914.37,1692,8.095693779904305,48,18.729043062200958,83.4,9.500925058355259,160,12.294117647058824,6,679,0.0,339.08,5.829180884050535,United Kingdom,Regular Customers,247.79089901383406
16294.0,447,1,126.05,54,6.75,12,15.75625,22.5,3.6423537817500065,8,8.0,1,0,0.0,0.0,0.0,United Kingdom,VIP Customers,-24.06478262280615
16295.0,28,2,692.3,583,13.55813953488372,48,16.099999999999998,33.0,5.101539916908377,43,21.5,1,6,0.0,636.25,6.457162043256225,United Kingdom,VIP Customers,125.7807389785431
16296.0,596,6,1245.97,632,7.614457831325301,24,15.011686746987952,47.4,10.820208489411579,57,13.833333333333334,3,95,0.0,0.0,0.0,United Kingdom,VIP Customers,-0.4048668514878102
16297.0,183,4,275.4,180,7.826086956521739,36,11.97391304347826,23.4,9.584574604839341,21,5.75,3,56,0.0,0.0,0.0,United Kingdom,VIP Customers,-7.6721185617996355
16298.0,22,8,835.34,242,5.761904761904762,12,19.88904761904762,71.6,14.128589388018822,27,5.25,4,390,0.14285714285714285,244.66,5.503948466110948,United Kingdom,Regular Customers,113.28002898875306
16299.0,443,2,178.65,103,7.923076923076923,24,13.742307692307692,19.8,8.827203364076826,12,6.5,1,4,0.0,0.0,0.0,United Kingdom,VIP Customers,-10.122261891994782
16300.0,400,3,1367.32,643,2.7016806722689077,24,5.745042016806722,35.7,6.704964012080186,190,77.0,3,245,0.0,0.0,0.0,United Kingdom,Regular Customers,279.6876272484675
16301.0,707,1,107.33,41,6.833333333333333,12,17.888333333333332,29.7,6.056270854797255,6,6.0,1,0,0.0,0.0,0.0,United Kingdom,VIP Customers,-76.30000287003725
16302.0,78,2,212.82,134,11.166666666666666,24,17.735,51.0,15.829011627101329,11,6.0,1,18,0.0,0.0,0.0,United Kingdom,VIP Customers,57.60715917570403
16303.0,70,8,6499.42,3182,12.238461538461538,48,24.99776923076923,123.75,16.991655765722943,149,32.5,6,530,0.0,1324.3,7.189394127886633,United Kingdom,Regular Customers,306.00477805828405
16304.0,665,1,381.65999999999997,228,9.12,48,15.266399999999999,25.2,4.385980392113034,25,25.0,1,0,0.0,0.0,0.0,United Kingdom,VIP Customers,-42.56919587294129
16305.0,109,1,361.22,256,11.636363636363637,24,16.41909090909091,20.8,4.590098981286641,22,22.0,1,0,1.0,0.0,0.0,United Kingdom,VIP Customers,30.8081758215516
16306.0,184,10,1094.72,696,9.942857142857143,48,15.638857142857143,89.7,13.033798043109748,55,7.0,5,221,0.0,0.0,0.0,United Kingdom,Regular Customers,248.53444864151612
16307.0,399,3,1194.92,1123,14.973333333333333,48,15.932266666666667,50.4,7.424100013402905,69,25.0,3,147,0.0,0.0,0.0,United Kingdom,VIP Customers,-22.319524732881206
16308.0,8,7,5120.0,16000,2285.714285714286,3000,731.4285714285714,960.0,241.89726272590542,1,1.0,7,686,0.0,0.0,0.0,United Kingdom,Regular Customers,-64.01007708323303
16309.0,62,3,686.67,465,10.568181818181818,24,15.606136363636363,89.25,14.916596222486328,39,14.666666666666666,3,149,0.0,0.0,0.0,United Kingdom,Regular Customers,242.48687477244087
16310.0,384,2,460.08,270,9.642857142857142,25,16.431428571428572,35.4,6.737935014080222,26,14.0,2,227,0.42857142857142855,0.0,0.0,United Kingdom,Regular Customers,87.03087995921683
16311.0,19,1,401.55,215,9.347826086956522,16,17.458695652173912,33.2,6.462573582734125,23,23.0,1,0,0.0,214.71,5.373934913006625,United Kingdom,VIP Customers,87.96845528650394
16312.0,402,1,171.15,53,5.3,24,17.115000000000002,22.5,3.5843060695202915,10,10.0,1,0,1.0,0.0,0.0,United Kingdom,VIP Customers,-49.79688466241322
16313.0,20,1,167.62,66,6.6,12,16.762,19.8,2.1373389477988223,10,10.0,1,0,0.0,106.53,4.677769878402435,United Kingdom,VIP Customers,60.61428906516943
16314.0,360,3,1491.4,636,10.258064516129032,48,24.05483870967742,88.8,16.760934061957784,58,20.666666666666668,3,83,0.0,0.0,0.0,United Kingdom,VIP Customers,18.394553112894243
16315.0,301,2,402.71,143,6.217391304347826,12,17.50913043478261,39.6,5.676862860485437,21,11.5,2,205,0.0,0.0,0.0,United Kingdom,Regular Customers,126.65349587947404
16316.0,34,19,5533.31,3034,9.980263157894736,48,18.20167763157895,250.0,25.34011943444311,193,16.0,10,428,0.0,0.0,0.0,United Kingdom,Regular Customers,493.1896116594512
16317.0,90,6,2179.7599999999998,1235,10.466101694915254,96,18.472542372881353,69.12,9.306113622025707,103,19.666666666666668,5,465,0.0,0.0,0.0,United Kingdom,Regular Customers,110.95242103562879
16318.0,5,1,328.15,199,10.473684210526315,36,17.271052631578947,39.6,6.517717643075205,19,19.0,1,0,0.0,0.0,0.0,United Kingdom,VIP Customers,80.91375439359817
16319.0,188,1,404.40000000000003,72,24.0,24,134.8,142.8,13.856406460551028,3,3.0,1,0,0.0,0.0,0.0,United Kingdom,VIP Customers,20.617558110543257
16320.0,142,8,4428.849999999999,3306,13.604938271604938,120,18.22572016460905,91.8,79.45626114095656,194,30.375,5,509,0.31275720164609055,0.0,0.0,Unspecified,Regular Customers,269.652160051382
16321.0,42,10,265.5,102,2.8333333333333335,24,7.375,53.1,28.57766735457202,15,3.6,5,666,0.0,0.0,0.0,Australia,Regular Customers,-96.1825117095689
16322.0,6,1,213.08,120,4.285714285714286,12,7.61,24.96,5.831982065714436,26,26.0,1,0,0.0,113.67,4.742058438050213,United Kingdom,VIP Customers,87.91117842650829
16323.0,166,2,353.65999999999997,146,36.5,50,88.41499999999999,207.5,82.68988390365536,4,2.0,1,381,0.0,0.0,0.0,United Kingdom,Regular Customers,34.81155931667345
16324.0,98,3,408.59,270,2.4324324324324325,24,3.6809909909909906,17.5,3.4367206766056815,100,36.0,2,48,0.0,0.0,0.0,United Kingdom,VIP Customers,118.54423397912771
16325.0,14,17,3463.84,2417,16.66896551724138,72,23.888551724137933,106.2,19.77464186988921,105,8.529411764705882,7,691,0.07586206896551724,0.0,0.0,United Kingdom,Regular Customers,160.6205400500965
16326.0,4,24,4068.06,966,2.2412993039443156,20,9.438654292343386,95.0,10.350164903695818,238,17.5,9,646,0.8700696055684455,533.19,6.280751580919966,United Kingdom,Regular Customers,344.64222244159123
16327.0,50,19,9485.94,7571,9.077937649880097,576,11.374028776978419,120.96,9.777598441769156,281,43.73684210526316,10,645,0.1474820143884892,647.88,6.475247799762089,United Kingdom,Regular Customers,465.9330660212772
16328.0,533,1,310.83,141,8.8125,24,19.426875,35.7,7.751487357275376,16,16.0,1,0,0.0,0.0,0.0,United Kingdom,VIP Customers,-25.337079359759116
16329.0,398,4,1664.92,797,7.663461538461538,48,16.008846153846154,122.4,24.80106607118661,83,24.5,4,311,0.0,0.0,0.0,United Kingdom,Regular Customers,134.89811235109883
16330.0,81,7,412.73,200,2.0618556701030926,12,4.254948453608248,25.5,5.329725822316313,86,13.428571428571429,4,551,0.020618556701030927,202.95,5.317874865763567,United Kingdom,Regular Customers,20.43253449326002
16331.0,402,6,2037.7,756,22.235294117647058,120,59.932352941176475,222.0,63.582337315785466,33,5.666666666666667,3,210,0.7647058823529411,0.0,0.0,United Kingdom,VIP Customers,-69.22121368457314
16332.0,14,12,1777.26,953,5.294444444444444,48,9.873666666666667,55.6,9.048077291975584,143,14.75,6,545,0.1111111111111111,202.31,5.314731907816132,United Kingdom,Regular Customers,162.2644811955621
16333.0,6,20,25079.6,30776,715.7209302325581,2592,583.2465116279069,2601.0,536.3664124941337,9,2.15,8,273,0.0,1547.2,7.344848244770613,United Kingdom,Regular Customers,1523.4832638121354
16334.0,462,1,263.73,206,3.814814814814815,72,4.883888888888889,15.12,3.176792862791303,54,54.0,1,0,0.0,0.0,0.0,United Kingdom,VIP Customers,20.906688316405564
16335.0,522,8,2726.52,1000,2.7624309392265194,24,7.531823204419889,43.0,6.519062649656972,193,44.5,6,184,0.5027624309392266,0.0,0.0,United Kingdom,Regular Customers,316.60995454607337
16336.0,391,4,3517.69,1473,21.66176470588235,72,51.73073529411765,175.2,38.63715180304149,64,17.0,3,211,0.0,0.0,0.0,United Kingdom,VIP Customers,25.300425117539938
16337.0,7,1,151.05,87,8.7,16,15.105,20.0,3.813605031113387,10,10.0,1,0,0.0,0.0,0.0,United Kingdom,VIP Customers,62.476990854046846
16338.0,127,1,214.8,94,8.545454545454545,24,19.527272727272727,49.5,14.201185929991263,11,11.0,1,0,0.0,0.0,0.0,United Kingdom,VIP Customers,44.343748568021766
16339.0,254,1,94.05,21,1.1666666666666667,2,5.225,7.95,2.6196794819663136,17,17.0,1,0,0.0,0.0,0.0,United Kingdom,VIP Customers,22.674145583509045
16340.0,77,3,1496.24,1319,3.6946778711484596,48,4.191148459383753,30.0,4.224391329446455,277,102.0,3,444,0.6050420168067226,0.0,0.0,United Kingdom,Regular Customers,287.42822354708494
16341.0,50,8,3392.31,2694,17.38064516129032,96,21.885870967741933,104.0,20.726819685348666,97,19.375,3,529,0.1870967741935484,439.98,6.088999522944514,United Kingdom,Regular Customers,221.42432476208725
16342.0,45,4,322.41,157,10.466666666666667,48,21.494000000000003,41.6,9.931672136582613,10,3.75,4,104,0.4,0.0,0.0,United Kingdom,Regular Customers,181.39149462055104
16343.0,377,1,285.54,170,4.857142857142857,50,8.158285714285714,25.5,6.027600969322552,28,28.0,1,0,0.0,328.58,5.797819116582584,United Kingdom,Regular Customers,258.3102917974969
16344.0,128,4,842.42,706,15.347826086956522,24,18.313478260869566,65.4,9.452128794296096,43,11.25,3,510,0.5434782608695652,0.0,0.0,United Kingdom,Regular Customers,-9.100116247112254
16345.0,14,2,1178.79,611,5.657407407407407,24,10.914722222222222,100.0,11.006975821929853,95,51.5,2,438,0.0,0.0,0.0,United Kingdom,Regular Customers,153.58057559557673
16346.0,355,1,224.51,289,19.266666666666666,36,14.967333333333332,30.0,6.216706140561515,15,15.0,1,0,0.0,0.0,0.0,United Kingdom,VIP Customers,8.144701540807063
16347.0,6,12,3004.9,1524,4.90032154340836,72,9.662057877813504,81.36,10.19613052520229,202,25.25,7,601,0.0,410.65999999999997,6.020197765930854,United Kingdom,Regular Customers,208.42024226022806
16348.0,2,8,1744.42,1164,4.600790513833992,108,6.894940711462451,50.0,7.979631541626574,180,29.875,6,398,0.0,0.0,0.0,United Kingdom,Regular Customers,231.78057831019336
16349.0,261,1,53.5,9,1.0,1,5.944444444444445,15.95,6.061353213415118,9,9.0,1,0,0.0,0.0,0.0,United Kingdom,VIP Customers,11.561276276955454
16350.0,35,11,2107.89,1012,8.227642276422765,48,17.13731707317073,53.7,8.227671231304992,72,11.181818181818182,5,363,0.0,114.6,4.750135956238277,United Kingdom,Regular Customers,236.7019384439023
16351.0,303,18,3279.13,2121,10.712121212121213,64,16.56126262626263,163.2,13.469512478853382,124,11.0,9,402,0.04040404040404041,0.0,0.0,United Kingdom,Regular Customers,295.20665948483554
16352.0,8,1,204.92000000000002,144,10.285714285714286,12,14.637142857142859,24.96,6.300792903182203,14,14.0,1,0,0.0,289.52,5.671672420737967,United Kingdom,VIP Customers,71.94192222212052
16353.0,2,37,8162.78,3133,18.98787878787879,96,49.47139393939394,475.2,70.58388424936682,76,4.45945945945946,12,700,0.08484848484848485,1619.15,7.390274016532593,United Kingdom,Regular Customers,533.2477878295997
16354.0,33,5,1119.46,592,4.228571428571429,96,7.996142857142857,35.4,6.63889331439184,116,27.0,4,528,0.0,0.0,0.0,United Kingdom,Regular Customers,54.34139036634684
16355.0,344,2,349.2,145,2.9,32,6.984,67.2,13.99608531274487,47,24.5,1,1,0.0,0.0,0.0,United Kingdom,VIP Customers,67.20882208313742
16356.0,168,7,414.42,189,3.15,10,6.907,32.7,5.609877880177828,27,8.285714285714286,5,354,0.4666666666666667,0.0,0.0,United Kingdom,Regular Customers,39.67083611361781
16357.0,3,4,868.37,389,8.27659574468085,24,18.47595744680851,39.6,7.388959643065156,43,11.75,3,347,0.46808510638297873,0.0,0.0,United Kingdom,Regular Customers,110.76429600231364
16358.0,34,5,2483.94,1632,13.6,72,20.6995,70.8,12.97271317584942,101,24.0,4,330,0.0,433.15999999999997,6.073413129755149,United Kingdom,Regular Customers,245.4079392869073
16359.0,35,19,2268.67,1640,13.666666666666666,216,18.905583333333333,228.96,37.20157069051972,77,6.315789473684211,11,596,0.375,110.72999999999999,4.716085246559246,United Kingdom,Regular Customers,55.73731661238622
16360.0,9,5,1869.53,1189,3.3119777158774375,48,5.207604456824512,35.7,6.441035765416673,243,64.4,3,49,0.0,1480.04,7.300499822680921,United Kingdom,Regular Customers,583.113374868196
16361.0,10,2,604.3,295,4.836065573770492,25,9.906557377049179,33.9,7.4482015469610525,59,30.5,2,31,0.29508196721311475,286.91,5.662647931297646,United Kingdom,Regular Customers,334.8037215885406
16362.0,2,11,816.96,435,4.35,36,8.1696,49.92,10.995711185951023,67,8.909090909090908,3,405,0.0,0.0,0.0,United Kingdom,Regular Customers,219.26696988641237
16363.0,23,1,109.36,52,10.4,12,21.872,35.4,11.899996638654986,5,5.0,1,0,0.0,0.0,0.0,United Kingdom,VIP Customers,52.02318809279868
16364.0,107,1,346.3,114,4.071428571428571,16,12.367857142857144,39.8,9.75494418122605,28,28.0,1,0,0.0,359.49,5.8874642170892235,United Kingdom,Regular Customers,320.48896428808666
16365.0,7,15,2760.29,955,7.764227642276423,100,22.44138211382114,228.6,37.81519651434284,97,8.2,7,691,0.0,396.65,5.985572221403144,United Kingdom,Regular Customers,99.60097872562358
16366.0,552,3,1220.83,626,10.433333333333334,36,20.347166666666666,45.0,10.027743902212583,57,20.0,3,141,0.0,327.3,5.793927824507547,United Kingdom,Regular Customers,172.15787620049812
16367.0,7,3,1350.48,1103,4.946188340807175,80,6.055964125560538,23.6,4.188714657886559,196,71.66666666666667,2,345,0.5829596412556054,0.0,0.0,United Kingdom,Regular Customers,291.9800587778959
16368.0,406,1,141.53,56,2.6666666666666665,12,6.73952380952381,12.6,3.222096330326696,20,20.0,1,0,0.0,479.90999999999997,6.175680142411356,United Kingdom,Regular Customers,243.4024049514776
16369.0,51,6,1954.59,1057,9.112068965517242,25,16.849913793103447,51.0,10.849972189560807,80,19.166666666666668,4,530,0.0,701.97,6.5553142166468925,United Kingdom,Regular Customers,81.7684565801022
16370.0,52,4,1301.91,640,2.8959276018099547,25,5.890995475113122,33.9,5.26031246090411,143,53.5,4,142,0.5158371040723982,0.0,0.0,United Kingdom,Regular Customers,334.2153035729382
16371.0,419,1,157.2,108,9.818181818181818,24,14.29090909090909,21.3,2.9970667478234603,11,11.0,1,0,0.0,0.0,0.0,United Kingdom,VIP Customers,-15.060085075413127
16372.0,3,6,1260.31,698,2.2088607594936707,24,3.9883227848101264,30.0,4.036036013445421,271,50.0,3,573,0.35443037974683544,0.0,0.0,United Kingdom,Regular Customers,235.75595919423176
16373.0,352,2,309.49,119,4.103448275862069,16,10.672068965517242,45.0,11.450678513679675,25,14.0,2,29,0.8620689655172413,0.0,0.0,United Kingdom,VIP Customers,-38.02762719809908
16374.0,36,5,1723.4,771,2.2283236994219653,24,4.98092485549133,29.95,4.81074934777219,276,68.2,5,522,0.0,0.0,0.0,United Kingdom,Regular Customers,228.8585142850338
16375.0,440,2,104.0,74,5.6923076923076925,15,8.0,19.8,4.679075763438759,11,6.5,1,0,0.0,0.0,0.0,United Kingdom,VIP Customers,-4.518975632262425
16377.0,237,2,1308.48,2928,292.8,720,130.848,390.0,146.12698258706365,6,5.0,2,350,0.0,0.0,0.0,United Kingdom,Regular Customers,8.044553703856167
16378.0,217,3,362.95,267,11.608695652173912,24,15.780434782608696,53.1,8.909274268097807,22,7.666666666666667,2,63,0.0,0.0,0.0,United Kingdom,VIP Customers,11.682077952103072
16379.0,1,3,1277.18,910,13.0,48,18.245428571428572,62.4,11.223124637339586,67,23.333333333333332,2,47,0.0,854.72,6.751943219828212,United Kingdom,Regular Customers,389.675618553066
16380.0,31,1,1743.1499999999999,1428,46.064516129032256,200,56.23064516129032,750.0,136.07606723044,28,28.0,1,0,1.0,0.0,0.0,United Kingdom,VIP Customers,257.5509966067052
16381.0,366,2,247.85,108,1.7704918032786885,24,4.06311475409836,17.0,3.730905851123203,60,30.0,2,22,0.9508196721311475,0.0,0.0,United Kingdom,VIP Customers,-10.361220408960236
16382.0,378,2,353.1,167,3.7954545454545454,50,8.025,29.95,8.413615073477699,42,22.0,2,142,0.0,0.0,0.0,United Kingdom,VIP Customers,-81.11906767225372
16383.0,45,9,2832.69,1588,3.920987654320988,48,6.994296296296296,51.0,6.841081120852916,239,41.0,6,598,0.0,0.0,0.0,United Kingdom,Regular Customers,217.13705297681327
16384.0,60,4,1358.95,861,10.62962962962963,48,16.77716049382716,45.9,5.761744144477413,80,20.25,4,500,0.1111111111111111,0.0,0.0,United Kingdom,Regular Customers,40.54544679789521
16385.0,30,5,881.35,476,4.175438596491228,25,7.731140350877193,42.5,8.518515779023508,94,22.8,5,571,0.0,0.0,0.0,United Kingdom,Regular Customers,-11.615373703194763
16386.0,224,2,826.69,521,8.403225806451612,48,13.333709677419355,49.5,10.881530936448623,55,29.0,2,134,0.0,241.47,5.490877991384453,United Kingdom,Regular Customers,239.10969357415382
16387.0,293,5,882.46,448,5.149425287356322,48,10.143218390804599,81.12,12.218364989223819,68,16.0,5,315,0.735632183908046,0.0,0.0,United Kingdom,Regular Customers,63.75775250949306
16388.0,624,1,186.05,83,6.384615384615385,12,14.311538461538463,20.4,4.530505575455214,13,13.0,1,0,0.0,0.0,0.0,United Kingdom,VIP Customers,-50.31747822369857
16389.0,23,5,1362.27,1230,35.142857142857146,576,38.922,175.2,34.25649837879625,33,7.0,4,229,0.0,0.0,0.0,United Kingdom,Regular Customers,103.23183935246803
16390.0,507,3,467.5,122,5.809523809523809,18,22.261904761904763,53.1,11.983372905425092,16,7.0,2,142,0.47619047619047616,0.0,0.0,United Kingdom,VIP Customers,-122.90318709633328
16391.0,371,4,1052.26,715,2.351973684210526,25,3.4613815789473685,37.8,3.3460227213718627,261,73.0,4,161,0.0,0.0,0.0,United Kingdom,Regular Customers,391.2125822941098
16392.0,240,3,756.7,604,4.194444444444445,26,5.254861111111111,30.0,4.9025861572772005,125,47.0,3,292,0.0,0.0,0.0,United Kingdom,Regular Customers,191.97752971737796
16393.0,23,24,4326.68,2559,3.785502958579882,36,6.400414201183432,49.8,6.509856923275392,304,27.125,10,686,0.06804733727810651,865.93,6.764958235343416,United Kingdom,Regular Customers,405.1942915685752
16394.0,20,9,1412.06,2317,23.17,240,14.1206,100.8,17.993757381016028,61,11.11111111111111,5,239,0.0,0.0,0.0,United Kingdom,Regular Customers,260.25522781328243
16395.0,30,17,3439.5099999999998,2881,4.5015625,72,5.3742343749999995,40.8,5.847576176821509,419,36.23529411764706,7,673,0.1390625,0.0,0.0,United Kingdom,Regular Customers,464.972364148888
16396.0,443,3,102.7,46,3.8333333333333335,16,8.558333333333334,31.2,14.091080888493282,8,4.0,1,3,0.0,0.0,0.0,United Kingdom,VIP Customers,2.969668329281916
16397.0,598,1,123.13,43,4.777777777777778,12,13.681111111111111,51.0,15.620350063654499,9,9.0,1,0,1.0,0.0,0.0,United Kingdom,VIP Customers,-81.2867383049645
16398.0,115,4,1631.15,745,8.662790697674419,100,18.96686046511628,72.0,14.447529099682871,75,21.5,3,109,0.0,0.0,0.0,United Kingdom,Regular Customers,314.36033580818525
16399.0,205,2,400.61,348,5.043478260869565,96,5.805942028985507,20.16,4.042075514779278,65,34.0,2,153,0.0,229.61,5.44072797202915,United Kingdom,Regular Customers,207.99580263164574
16400.0,65,9,3059.85,2066,7.737827715355805,48,11.460112359550562,81.6,12.865898870530827,214,28.333333333333332,8,636,0.11235955056179775,0.0,0.0,United Kingdom,Regular Customers,127.24385475784783
16401.0,15,36,5610.63,4828,14.284023668639053,200,16.59949704142012,148.5,25.709339088422563,100,9.194444444444445,10,509,0.39349112426035504,1018.36,6.926930258368178,United Kingdom,Regular Customers,573.6938937152278
16402.0,235,2,293.45,146,2.56140350877193,36,5.148245614035088,52.2,7.4834696695944025,55,28.0,2,104,1.0,0.0,0.0,United Kingdom,VIP Customers,-37.99633162255337
16403.0,272,2,161.05,103,6.866666666666666,16,10.736666666666668,23.4,10.679577751595847,10,7.5,2,10,0.0,0.0,0.0,United Kingdom,VIP Customers,-7.2662753938958815
16404.0,40,2,430.3,156,6.5,24,17.929166666666667,39.8,8.829002561551563,24,12.0,2,662,0.0,0.0,0.0,United Kingdom,VIP Customers,-376.89239190751925
16405.0,272,2,167.25,187,37.4,168,33.45,92.4,43.5710196116639,3,2.5,1,7,0.0,0.0,0.0,United Kingdom,VIP Customers,-16.16161557393133
16406.0,421,3,355.31,119,1.2934782608695652,8,3.8620652173913044,17.7,3.8829824659486674,87,29.666666666666668,2,203,0.0,154.35,5.045680635839056,United Kingdom,Regular Customers,183.2381561465049
16407.0,44,13,2429.48,1233,6.044117647058823,72,11.90921568627451,61.2,9.342577590369158,118,15.461538461538462,9,357,0.6127450980392157,332.16999999999996,5.808652870224797,United Kingdom,Regular Customers,195.7424669395755
16408.0,561,1,231.93,227,5.044444444444444,24,5.154,13.2,2.805682869398529,45,45.0,1,0,0.0,0.0,0.0,United Kingdom,VIP Customers,2.900392488866629
16409.0,6,12,5652.74,3664,4.727741935483871,96,7.293858064516129,62.4,7.13968631144416,335,63.333333333333336,8,690,0.2864516129032258,0.0,0.0,United Kingdom,Regular Customers,354.43072945932533
16410.0,704,1,130.32,348,69.6,144,26.064,60.0,19.864694309251274,5,5.0,1,0,1.0,0.0,0.0,United Kingdom,VIP Customers,-122.62409260632427
16411.0,339,3,673.24,399,2.5414012738853504,12,4.288152866242038,20.85,3.3126878895249394,119,52.0,3,58,0.3821656050955414,83.15,4.432600920636815,United Kingdom,Regular Customers,307.33798658638824
16412.0,24,5,593.19,288,2.360655737704918,30,4.862213114754099,44.25,5.68929057906605,84,22.0,4,619,0.0,0.0,0.0,United Kingdom,Regular Customers,-35.80457855622993
16413.0,27,2,522.03,283,4.161764705882353,12,7.676911764705882,33.2,6.050673641379644,55,31.0,2,318,0.0,0.0,0.0,United Kingdom,Regular Customers,147.08075289603553
16414.0,250,4,475.76,190,3.2203389830508473,20,8.063728813559322,39.0,8.17985643966114,56,14.5,4,414,0.0847457627118644,75.45,4.336636932375072,United Kingdom,Regular Customers,5.636301418483782
16415.0,14,3,696.76,508,3.503448275862069,30,4.805241379310345,30.0,5.344763543615819,120,44.666666666666664,3,632,0.0,0.0,0.0,United Kingdom,Regular Customers,-3.6855194109466822
16416.0,2,9,2560.79,2054,12.226190476190476,96,15.242797619047618,61.2,12.828819816139147,135,18.11111111111111,4,622,0.30357142857142855,372.68,5.923399816193853,United Kingdom,Regular Customers,140.86980173244925
16417.0,463,1,35.7,6,6.0,6,35.7,35.7,0.0,1,1.0,1,0,0.0,0.0,0.0,United Kingdom,VIP Customers,-38.76431870490376
16418.0,15,5,1028.74,564,3.6153846153846154,50,6.59448717948718,30.0,5.804046785662323,121,29.4,3,378,0.0,0.0,0.0,United Kingdom,Regular Customers,198.6825693133991
16419.0,83,9,1450.95,700,7.6923076923076925,72,15.944505494505496,79.6,16.140310079889094,62,9.88888888888889,5,555,0.0,0.0,0.0,United Kingdom,Regular Customers,32.87598784299874
16420.0,366,1,75.0,120,60.0,100,37.5,42.0,6.363961030678928,2,2.0,1,0,0.0,0.0,0.0,United Kingdom,VIP Customers,-29.400494101625583
16421.0,346,3,526.27,123,3.236842105263158,12,13.849210526315789,26.0,5.455331823622845,35,12.666666666666666,3,93,0.5,0.0,0.0,United Kingdom,VIP Customers,-68.64069637342973
16422.0,2,143,58026.44,59538,82.34854771784232,720,80.25786998616874,974.4,95.32234446436215,114,5.020979020979021,12,706,0.11479944674965421,1353.5,7.21118766152515,United Kingdom,At-Risk Customers,4579.994375118115
16424.0,161,3,392.06,206,14.714285714285714,48,28.004285714285714,135.0,40.076641329080715,10,4.666666666666667,3,191,0.0,0.0,0.0,United Kingdom,Regular Customers,146.33006488852052
16425.0,272,1,302.7,199,9.476190476190476,25,14.414285714285715,31.8,4.929861632367152,21,21.0,1,0,0.0,0.0,0.0,United Kingdom,VIP Customers,33.33461133745479
16426.0,5,6,1144.21,733,3.739795918367347,48,5.8378061224489795,81.36,8.375557771440153,159,31.833333333333332,4,240,0.0,719.55,6.58001480928437,United Kingdom,Regular Customers,342.2845083618406
16427.0,233,2,241.06,156,17.333333333333332,30,26.784444444444446,53.1,15.147761477451967,8,4.5,2,21,0.0,0.0,0.0,United Kingdom,VIP Customers,-5.582394929500651
16428.0,51,4,635.54,574,4.484375,36,4.96515625,45.0,6.190829512604419,122,31.75,3,416,0.0,0.0,0.0,United Kingdom,VIP Customers,-93.9089801880711
16429.0,76,1,284.55,9,4.5,8,142.275,279.6,194.2068774528853,2,2.0,1,0,0.0,0.0,0.0,United Kingdom,VIP Customers,-2.532251773233156
16430.0,27,7,1117.94,307,10.964285714285714,48,39.92642857142857,102.0,28.104527144781247,19,4.0,4,624,0.32142857142857145,0.0,0.0,United Kingdom,Regular Customers,-76.82640084891725
16431.0,183,3,623.28,442,5.815789473684211,36,8.201052631578946,45.0,9.019235234238339,51,21.666666666666668,2,84,0.0,0.0,0.0,United Kingdom,VIP Customers,41.30357543153785
16432.0,34,1,287.40000000000003,276,34.5,200,35.925000000000004,144.0,43.98165169379483,8,8.0,1,0,0.0,0.0,0.0,United Kingdom,VIP Customers,37.941451884278905
16433.0,379,1,200.26,108,6.352941176470588,18,11.78,49.5,12.99180414723067,17,17.0,1,0,0.0,184.26,5.221760243825881,United Kingdom,Regular Customers,253.44898503613524
16434.0,4,12,2476.76,1243,7.625766871165644,120,15.194846625766873,108.48,12.593449323810892,113,13.416666666666666,8,657,0.8466257668711656,182.23,5.2107421942920835,United Kingdom,Regular Customers,3.427377110247761
16435.0,482,3,1003.0699999999999,608,4.864,120,8.02456,79.8,9.159020628725505,119,41.333333333333336,1,2,0.0,0.0,0.0,United Kingdom,VIP Customers,139.0686500362408
16436.0,638,4,231.83999999999997,205,4.880952380952381,25,5.52,30.0,13.861261161078014,39,10.5,2,64,0.35714285714285715,0.0,0.0,United Kingdom,VIP Customers,-62.65203704010942
16437.0,351,2,301.25,197,9.380952380952381,24,14.345238095238095,39.6,11.6235418952433,17,10.5,2,48,0.0,0.0,0.0,United Kingdom,VIP Customers,-32.35810082675491
16438.0,6,3,468.03,275,3.160919540229885,18,5.379655172413793,26.1,4.5292238280264385,60,28.666666666666668,3,46,0.42528735632183906,330.32,5.803084675730063,United Kingdom,Regular Customers,307.592511221515
16439.0,692,1,310.7,74,8.222222222222221,12,34.52222222222222,59.4,14.489200959488567,9,9.0,1,0,0.0,0.0,0.0,United Kingdom,VIP Customers,-63.15885112917988
16440.0,22,4,2025.13,1206,6.662983425414365,50,11.188563535911603,61.2,8.793697498941228,145,45.0,3,442,0.0,1831.84,7.513621955431907,United Kingdom,Regular Customers,214.9420902611205
16441.0,37,6,1008.1800000000001,477,5.546511627906977,24,11.723023255813954,30.6,7.579448850018124,68,14.0,4,559,0.0,0.0,0.0,United Kingdom,Regular Customers,9.822504804152885
16442.0,198,4,715.11,489,2.778409090909091,36,4.063125,30.0,4.072607435222375,165,43.5,2,499,0.21022727272727273,176.87,5.1810529463873864,United Kingdom,Regular Customers,126.71933723484156
16443.0,491,1,162.24,96,96.0,96,162.24,162.24,0.0,1,1.0,1,0,0.0,0.0,0.0,United Kingdom,VIP Customers,-45.589473709579295
16444.0,16,20,3551.68,1933,5.1546666666666665,48,9.471146666666666,54.08,10.119028192931399,218,18.4,8,578,0.5973333333333334,0.0,0.0,United Kingdom,Regular Customers,332.04849962707806
16445.0,4,4,583.16,287,1.5944444444444446,7,3.2397777777777774,12.9,2.5397474813014695,143,44.25,2,377,0.6611111111111111,0.0,0.0,United Kingdom,Regular Customers,204.3021137552274
16446.0,176,2,-6.1,0,0.0,1,-2.033333333333333,1.65,6.036624332632711,3,1.5,2,225,0.0,0.0,0.0,United Kingdom,Exceptional High-Value Customer,-146.64218831044138
16447.0,106,3,727.1,315,4.632352941176471,48,10.69264705882353,31.2,7.606839541746089,59,22.333333333333332,3,524,0.0,0.0,0.0,United Kingdom,Regular Customers,-22.25936309818988
16448.0,168,2,361.12,176,3.52,12,7.2224,35.4,6.744322952056243,45,25.0,2,272,0.0,0.0,0.0,United Kingdom,Regular Customers,133.92264452545834
16449.0,161,3,674.69,359,8.348837209302326,24,15.690465116279071,34.8,9.977527118357719,40,14.333333333333334,3,89,0.0,0.0,0.0,United Kingdom,Regular Customers,244.72910983267417
16450.0,120,4,1475.73,657,14.931818181818182,96,33.53931818181818,116.25,27.7334375797417,37,11.0,4,579,0.3181818181818182,0.0,0.0,United Kingdom,Regular Customers,-78.46683043813513
16451.0,58,4,1009.4,521,7.893939393939394,20,15.293939393939393,49.8,8.719638467944357,61,16.5,3,647,0.0,0.0,0.0,United Kingdom,Regular Customers,-55.607966299620585
16452.0,601,2,332.17,199,11.055555555555555,25,18.45388888888889,51.0,16.65057361276142,14,9.0,2,63,0.0,0.0,0.0,United Kingdom,VIP Customers,-92.30380992346934
16453.0,501,2,251.71,139,9.266666666666667,24,16.78066666666667,75.0,18.953971489851284,15,7.5,1,17,0.3333333333333333,0.0,0.0,United Kingdom,VIP Customers,-21.7001694751188
16454.0,15,8,1.9000000000000004,5,0.625,5,0.23750000000000004,22.5,10.928427870205565,5,1.0,3,630,0.0,0.0,0.0,United Kingdom,Regular Customers,-71.49043633480542
16455.0,34,13,3917.92,2808,13.5,288,18.836153846153845,60.48,12.401377616142062,111,15.846153846153847,7,556,0.0673076923076923,0.0,0.0,United Kingdom,Regular Customers,147.48138637314014
16456.0,69,14,5323.4400000000005,3295,8.40561224489796,64,13.580204081632655,163.2,39.619469463535914,227,27.571428571428573,9,521,0.38010204081632654,0.0,0.0,United Kingdom,Regular Customers,356.29727905191965
16457.0,188,1,208.36,140,15.555555555555555,72,23.151111111111113,46.8,11.313081415384188,9,9.0,1,0,0.0,0.0,0.0,United Kingdom,VIP Customers,19.364189697594668
16458.0,8,27,5072.13,3053,8.673295454545455,32,14.409460227272728,41.6,8.412391212885996,88,13.0,11,524,0.05965909090909091,618.76,6.429332306323647,United Kingdom,Regular Customers,358.2788701404662
16459.0,700,1,71.78999999999999,59,11.8,36,14.357999999999999,17.85,2.875120867024551,5,5.0,1,0,0.0,0.0,0.0,United Kingdom,VIP Customers,-83.14879702346508
16460.0,43,2,508.60999999999996,736,6.4,80,4.422695652173912,23.4,4.531878569806582,112,56.0,1,9,0.0,302.62,5.715776919504569,United Kingdom,VIP Customers,184.47341538036102
16461.0,148,3,1545.83,933,3.7023809523809526,72,6.134246031746032,61.2,6.553599830933234,223,82.0,3,468,0.0,0.0,0.0,United Kingdom,Regular Customers,218.04868000357484
16462.0,34,4,102.0,12,3.0,8,25.5,68.0,42.78239513320092,1,1.0,4,219,0.0,0.0,0.0,United Kingdom,Regular Customers,102.71252306168546
16463.0,5,6,1080.69,756,12.0,48,17.153809523809525,45.0,10.633711673876325,57,10.5,3,168,0.0,303.01,5.717060595602044,United Kingdom,Regular Customers,299.806563165943
16464.0,50,2,983.33,682,3.8971428571428572,96,5.619028571428571,27.84,4.726282429418204,141,85.0,2,61,0.0,315.33,5.756785972478502,United Kingdom,Regular Customers,409.0651346251393
16465.0,384,3,726.34,502,10.244897959183673,30,14.82326530612245,102.0,14.582845142460352,45,16.333333333333332,2,30,0.0,0.0,0.0,United Kingdom,VIP Customers,53.679764614839684
16466.0,4,16,3642.09,1776,5.270029673590504,72,10.807388724035608,125.0,16.23878212633749,207,19.9375,9,608,0.973293768545994,0.0,0.0,United Kingdom,Regular Customers,216.6940493841028
16467.0,479,8,2862.4,7380,295.2,1800,114.49600000000001,243.36,63.04005314084055,14,3.125,6,228,0.0,0.0,0.0,United Kingdom,Regular Customers,-105.48484106259812
16468.0,44,3,787.52,371,8.244444444444444,30,17.500444444444444,62.4,14.46065224788783,38,15.0,2,407,0.24444444444444444,0.0,0.0,United Kingdom,Regular Customers,78.98490419168576
16469.0,57,4,625.97,233,1.7259259259259259,13,4.636814814814815,38.35,4.5636339362679506,112,32.5,3,427,0.0,177.93,5.186994667903771,United Kingdom,Regular Customers,129.80001348084093
16470.0,22,12,2411.9,1334,2.8443496801705757,48,5.142643923240938,49.5,5.519945210913371,286,37.083333333333336,8,676,0.0,0.0,0.0,United Kingdom,Regular Customers,187.59846331747025
16471.0,245,6,1186.18,666,10.40625,32,18.5340625,81.6,14.534638508317304,48,10.666666666666666,4,377,0.0,0.0,0.0,United Kingdom,Regular Customers,93.03738457956044
16472.0,404,2,789.6,252,6.461538461538462,16,20.246153846153845,79.95,13.749501544148814,39,19.5,2,163,0.0,0.0,0.0,United Kingdom,VIP Customers,-70.39581060279627
16473.0,135,5,469.58,295,10.172413793103448,25,16.192413793103448,40.56,7.000243187190211,26,5.8,5,209,0.0,0.0,0.0,United Kingdom,Regular Customers,126.96088533264944
16474.0,21,8,1291.19,617,2.391472868217054,24,5.004612403100776,50.4,6.996502242085195,183,29.25,3,94,0.46124031007751937,459.43,6.13216083545466,United Kingdom,Regular Customers,498.55112182990945
16475.0,58,4,544.3,319,11.392857142857142,64,19.439285714285713,85.0,14.380422372762478,23,7.0,4,185,0.0,0.0,0.0,United Kingdom,Regular Customers,170.5771378602212
16476.0,387,3,337.0,182,7.0,24,12.961538461538462,23.6,6.984086306630348,24,8.666666666666666,1,14,0.0,0.0,0.0,United Kingdom,VIP Customers,29.342481189605564
16477.0,34,11,4094.37,2507,10.191056910569106,48,16.64378048780488,59.4,6.338913311925595,177,22.363636363636363,9,421,0.0975609756097561,0.0,0.0,United Kingdom,Regular Customers,277.3805943037605
16478.0,35,2,235.9,174,14.5,36,19.658333333333335,39.6,9.713864349786887,11,6.0,1,0,0.0,95.1,4.565389315976247,United Kingdom,VIP Customers,75.20887057220577
16480.0,46,1,769.29,455,8.584905660377359,72,14.514905660377357,79.2,15.729580979142147,51,51.0,1,0,1.0,0.0,0.0,United Kingdom,VIP Customers,95.87486906286489
16481.0,630,3,428.23,185,9.25,48,21.4115,101.7,28.821472491511383,17,6.666666666666667,2,22,0.0,0.0,0.0,United Kingdom,VIP Customers,-45.780288093323264
16483.0,162,1,139.35,44,2.3157894736842106,3,7.334210526315789,15.95,4.102135373178589,19,19.0,1,0,0.0,0.0,0.0,United Kingdom,VIP Customers,45.68009474233122
16484.0,144,3,379.4,194,7.461538461538462,16,14.592307692307692,25.5,8.991359099799011,25,8.666666666666666,1,17,0.2692307692307692,0.0,0.0,United Kingdom,VIP Customers,68.19897723504923
16485.0,47,7,2130.19,1126,7.311688311688312,96,13.832402597402599,76.2,15.765344763023318,128,21.714285714285715,6,656,0.6948051948051948,0.0,0.0,United Kingdom,Regular Customers,-23.942559157232353
16486.0,508,1,134.36,24,3.4285714285714284,10,19.194285714285716,29.96,7.198487936464752,7,7.0,1,0,1.0,0.0,0.0,United Kingdom,VIP Customers,-71.91800019466609
16487.0,547,2,209.4,163,4.6571428571428575,40,5.982857142857143,26.0,5.4525350668713894,28,17.5,2,81,0.0,0.0,0.0,United Kingdom,VIP Customers,-86.99098605987834
16488.0,3,4,492.2,724,23.35483870967742,200,15.87741935483871,60.0,13.05457186014206,28,7.75,3,115,0.22580645161290322,0.0,0.0,United Kingdom,Regular Customers,221.07314116611846
16489.0,350,2,303.7,38,6.333333333333333,16,50.61666666666667,175.2,62.7251836718448,4,3.0,2,55,0.0,0.0,0.0,United Kingdom,VIP Customers,-43.02945993217409
16490.0,400,2,179.16,106,6.625,16,11.1975,25.2,11.38341161515299,13,8.0,2,6,0.0,0.0,0.0,United Kingdom,VIP Customers,-25.477127650583924
16491.0,17,3,1524.31,1057,12.011363636363637,36,17.321704545454544,59.4,8.307107083432312,86,29.333333333333332,2,366,0.0,0.0,0.0,United Kingdom,Regular Customers,204.91933021044366
16492.0,511,1,385.56,235,10.217391304347826,25,16.763478260869565,31.8,6.5624486898050565,23,23.0,1,0,0.0,0.0,0.0,United Kingdom,VIP Customers,-8.38036732484619
16493.0,43,9,2110.12,1937,16.555555555555557,72,18.035213675213676,76.32,14.959623566067163,77,12.88888888888889,7,550,0.23931623931623933,0.0,0.0,United Kingdom,Regular Customers,42.81980517592038
16494.0,267,1,826.53,675,13.5,48,16.5306,40.8,11.804808499687141,47,47.0,1,0,0.0,0.0,0.0,United Kingdom,VIP Customers,84.34636306208938
16495.0,246,2,246.51,166,5.03030303030303,48,7.47,40.8,8.647993625691452,32,16.5,1,0,0.0,401.75,5.998316022057084,United Kingdom,Regular Customers,303.26590909915814
16496.0,161,6,1878.99,1417,12.21551724137931,48,16.198189655172413,68.0,9.249952065599693,101,19.333333333333332,5,318,0.25,414.48,6.029434478359611,United Kingdom,Regular Customers,195.24238485603217
16497.0,20,23,6695.28,3050,9.050445103857566,32,19.867299703264095,153.0,12.461627726880746,239,14.652173913043478,9,686,0.050445103857566766,0.0,0.0,United Kingdom,Regular Customers,458.50632363082093
16498.0,131,3,86.12,42,2.625,6,5.3825,29.7,8.62537767289062,15,5.333333333333333,2,0,0.0,0.0,0.0,United Kingdom,VIP Customers,49.36333919017267
16499.0,330,13,2509.64,1354,9.026666666666667,48,16.730933333333333,107.4,11.373838835736047,104,11.538461538461538,6,186,0.0,0.0,0.0,United Kingdom,Regular Customers,369.1905732743106
16500.0,6,7,685.42,323,11.535714285714286,30,24.479285714285712,165.0,31.934713137502946,21,4.0,3,506,0.0,150.54,5.020849616503227,United Kingdom,Regular Customers,66.10690329918572
16501.0,353,1,1191.23,628,3.1557788944723617,72,5.98608040201005,61.2,7.200981815323102,181,181.0,1,0,1.0,0.0,0.0,United Kingdom,VIP Customers,207.74642006187008
16502.0,590,2,258.55,220,5.365853658536586,48,6.30609756097561,29.95,6.193459000449095,41,20.5,1,0,0.0,0.0,0.0,United Kingdom,VIP Customers,0.831889107928447
16503.0,77,13,3597.89,1532,7.092592592592593,30,16.656898148148148,35.8,5.997664747782027,161,16.615384615384617,8,429,0.0,0.0,0.0,United Kingdom,Regular Customers,268.96141891137995
16505.0,2,1,777.5999999999999,576,144.0,144,194.39999999999998,358.56,110.364516036632,4,4.0,1,0,0.0,0.0,0.0,United Kingdom,VIP Customers,82.10088995895191
16506.0,10,1,55.2,24,12.0,12,27.6,35.4,11.030865786510141,2,2.0,1,0,1.0,35.1,3.586292865338835,United Kingdom,VIP Customers,13.43879856215824
16507.0,542,1,142.71,111,2.9210526315789473,24,3.755526315789474,9.95,2.247929614855148,37,37.0,1,0,1.0,0.0,0.0,United Kingdom,VIP Customers,-42.900009748838784
16508.0,600,1,240.95,103,2.395348837209302,12,5.603488372093023,12.75,3.157415974616955,42,42.0,1,0,0.0,0.0,0.0,United Kingdom,VIP Customers,-8.730325598411014
16509.0,267,1,363.7,64,4.923076923076923,12,27.976923076923075,76.5,16.100642008222007,13,13.0,1,0,0.0,0.0,0.0,United Kingdom,VIP Customers,30.950918851329845
16510.0,342,6,1777.5,930,8.303571428571429,24,15.870535714285714,42.5,8.604510951787658,94,18.5,5,319,0.6607142857142857,0.0,0.0,United Kingdom,Regular Customers,122.23009137209698
16511.0,115,5,1407.86,631,2.6074380165289255,72,5.8176033057851235,46.8,4.872783424123451,189,45.6,4,503,0.2066115702479339,352.63,5.8682511687936,United Kingdom,Regular Customers,141.31156526482698
16512.0,698,1,-33.9,-2,-2.0,-2,-33.9,-33.9,0.0,1,1.0,1,0,0.0,0.0,0.0,,,-70.38070353820129
16513.0,13,1,108.44999999999999,21,10.5,12,54.224999999999994,59.4,7.318555185280766,2,2.0,1,0,0.0,766.14,6.642669314045875,United Kingdom,VIP Customers,48.04312853256147
16514.0,600,1,-134.86,-1,-1.0,-1,-134.86,-134.86,0.0,1,1.0,1,0,0.0,0.0,0.0,,,-51.89801825775672
16515.0,22,10,3179.06,1573,6.665254237288136,120,13.470593220338984,142.8,16.883961483943065,184,22.9,7,488,0.0,0.0,0.0,United Kingdom,Regular Customers,243.70896322625632
16517.0,247,1,162.70000000000002,96,5.647058823529412,20,9.57058823529412,25.0,6.050724616304475,17,17.0,1,0,0.0,0.0,0.0,United Kingdom,VIP Customers,26.62374577909128
16518.0,31,6,938.27,516,7.267605633802817,48,13.215070422535211,60.0,9.381127844658495,61,11.833333333333334,4,495,0.4084507042253521,0.0,0.0,United Kingdom,Regular Customers,35.13224140360367
16519.0,335,3,327.68,120,4.285714285714286,18,11.702857142857143,51.0,9.704962784344032,25,9.333333333333334,3,283,0.0,111.38,4.721885985684052,United Kingdom,Regular Customers,59.07511343995046
16520.0,156,8,2131.68,1043,2.946327683615819,24,6.021694915254237,39.8,5.370560076260381,252,44.125,5,460,0.0,0.0,0.0,United Kingdom,Regular Customers,285.25366785116876
16521.0,385,3,1140.11,1014,4.2784810126582276,200,4.810590717299577,68.0,5.7755658308536,212,78.33333333333333,2,232,0.0,0.0,0.0,United Kingdom,Regular Customers,308.79109930957634
16522.0,406,2,433.36,212,11.777777777777779,72,24.075555555555557,53.1,10.152431886135181,16,9.0,1,14,0.0,0.0,0.0,United Kingdom,VIP Customers,-0.5244637158043588
16523.0,3,34,10190.48,4158,12.411940298507462,72,30.419343283582087,198.0,22.646701631297503,169,9.852941176470589,11,698,0.16417910447761194,1570.06,7.359505829760562,United Kingdom,Regular Customers,614.7374847481209
16524.0,416,2,306.19,259,4.886792452830188,25,5.777169811320754,12.75,3.4906817591534334,50,26.5,2,245,1.0,0.0,0.0,United Kingdom,Regular Customers,67.28538445005836
16525.0,7,52,22256.14,12994,35.79614325068871,484,61.31168044077135,330.0,55.914626123865254,114,6.980769230769231,12,700,0.14600550964187328,663.26,6.49867363909943,United Kingdom,Regular Customers,1253.1110646657066
16526.0,142,2,717.21,279,7.9714285714285715,36,20.491714285714288,75.6,16.78712557914797,30,17.5,2,412,0.0,0.0,0.0,United Kingdom,Regular Customers,39.810355058113686
16527.0,51,2,1232.94,708,9.698630136986301,50,16.889589041095892,35.4,9.103624192588258,66,36.0,2,343,0.0,0.0,0.0,United Kingdom,Regular Customers,153.14391066725074
16529.0,160,4,1986.8,739,5.7734375,24,15.521875,102.0,13.218484596933571,87,32.0,3,340,0.140625,0.0,0.0,United Kingdom,Regular Customers,200.25139931722182
16530.0,638,1,48.35,17,5.666666666666667,12,16.116666666666667,27.0,9.453085915897164,3,3.0,1,0,0.0,0.0,0.0,United Kingdom,VIP Customers,-70.933380192963
16531.0,7,11,2131.63,1815,13.646616541353383,120,16.02729323308271,33.9,7.109518601081268,107,12.090909090909092,7,404,0.0,131.95,4.889973117689029,United Kingdom,Regular Customers,188.91168136915022
16532.0,106,4,6524.639999999999,2064,412.8,576,1304.9279999999999,2232.0,760.5364540375431,2,1.25,4,485,0.0,2232.0,7.711101251840158,United Kingdom,Regular Customers,15.103222222129688
16533.0,21,4,906.49,438,2.979591836734694,42,6.166598639455782,30.6,7.022381196330307,88,36.5,1,16,0.9931972789115646,107.7,4.688591794127164,United Kingdom,Regular Customers,412.5735775309039
16534.0,612,1,635.9,168,4.666666666666667,12,17.663888888888888,50.85,15.92623895656433,36,36.0,1,0,1.0,0.0,0.0,United Kingdom,VIP Customers,-36.906860241399016
16535.0,355,2,378.28999999999996,308,7.7,48,9.457249999999998,40.8,7.8792502531193955,36,18.0,2,294,0.0,593.75,6.388141149183067,United Kingdom,Regular Customers,68.81516133110492
16536.0,77,2,538.17,249,4.527272727272727,25,9.78490909090909,39.8,8.247150994653822,49,25.0,1,2,0.9818181818181818,0.0,0.0,United Kingdom,VIP Customers,87.72946460907986
16537.0,611,1,23.35,59,14.75,24,5.8375,8.0,2.6606311907766047,3,3.0,1,0,0.0,0.0,0.0,United Kingdom,VIP Customers,-66.25317903495716
16538.0,511,3,395.07,254,6.195121951219512,48,9.635853658536584,79.2,14.463613133586255,35,13.0,2,54,0.0,0.0,0.0,United Kingdom,VIP Customers,-22.864616736232392
16539.0,190,9,2954.46,958,7.725806451612903,24,23.826290322580647,165.0,21.472414690259566,81,13.777777777777779,6,312,0.1935483870967742,335.2,5.817706220974515,United Kingdom,Regular Customers,243.31506733738593
16540.0,384,1,205.75,105,3.6206896551724137,12,7.094827586206897,35.4,7.3691968067323765,25,25.0,1,0,0.0,0.0,0.0,United Kingdom,VIP Customers,16.95716362874117
16541.0,705,2,419.78,172,4.410256410256411,30,10.763589743589742,47.6,11.78127338466019,39,19.5,1,0,0.0,0.0,0.0,United Kingdom,VIP Customers,-13.765982971153562
16542.0,24,2,257.32,142,10.142857142857142,24,18.38,53.1,10.696116477128868,13,7.0,2,347,0.0,0.0,0.0,United Kingdom,Regular Customers,71.42413857081712
16543.0,553,2,277.81,303,15.15,48,13.8905,39.6,10.385511909943531,18,10.0,2,8,0.0,0.0,0.0,United Kingdom,VIP Customers,-45.632960331927364
16544.0,490,6,110.3,54,3.857142857142857,48,7.878571428571428,141.6,66.14776208286588,8,2.1666666666666665,2,142,0.0,0.0,0.0,United Kingdom,VIP Customers,-73.76599046499393
16545.0,135,2,689.8199999999999,322,40.25,120,86.22749999999999,237.6,69.29565060562707,6,4.0,2,210,0.0,0.0,0.0,United Kingdom,Regular Customers,144.25647497066882
16546.0,261,7,4421.04,3358,35.34736842105263,288,46.537263157894735,252.0,76.41698047682836,75,13.571428571428571,4,151,0.0,0.0,0.0,United Kingdom,Regular Customers,390.55984437476434
16547.0,516,1,104.25999999999999,108,4.32,36,4.1704,17.0,3.245944238584514,25,25.0,1,0,0.0,0.0,0.0,United Kingdom,VIP Customers,-20.331140268575155
16548.0,569,1,30.15,6,1.0,1,5.0249999999999995,12.75,4.214706395468135,6,6.0,1,0,0.0,0.0,0.0,United Kingdom,VIP Customers,-51.46821006600874
16549.0,1,33,11017.3,6171,2.309505988023952,72,4.123241017964071,61.2,4.627666864771146,792,76.39393939393939,11,704,0.45434131736526945,1741.95,7.463334358935301,United Kingdom,Regular Customers,1219.5349492244252
16550.0,79,29,8556.82,5347,6.872750642673521,192,10.998483290488432,130.8,10.936887473433277,274,26.551724137931036,11,628,0.0,0.0,0.0,United Kingdom,Regular Customers,619.0258603912538
16551.0,66,7,2237.12,2076,23.59090909090909,144,25.421818181818182,119.4,18.601404566016814,67,12.571428571428571,7,630,0.17045454545454544,0.0,0.0,United Kingdom,Regular Customers,-53.19897133394849
16552.0,213,2,379.73,219,12.882352941176471,48,22.337058823529414,91.8,18.437844154315425,17,8.5,2,130,0.0,0.0,0.0,United Kingdom,VIP Customers,-52.40239750697478
16553.0,133,36,16500.12,16403,55.41554054054054,576,55.743648648648644,244.8,47.70867628371101,195,8.222222222222221,11,502,0.13175675675675674,0.0,0.0,United Kingdom,Regular Customers,1101.169172349834
16554.0,12,17,2509.62,1232,6.03921568627451,25,12.30205882352941,51.0,12.38651510036209,108,12.0,10,682,0.09803921568627451,-102.45,,United Kingdom,Regular Customers,34.5408251570511
16555.0,5,10,285.89,175,1.5217391304347827,192,2.4859999999999998,165.6,39.2384226483408,59,11.5,3,470,0.0,0.0,0.0,United Kingdom,Regular Customers,121.41060300011105
16556.0,37,24,7610.23,4329,8.658,48,15.22046,295.0,20.95803358934861,282,20.833333333333332,12,666,0.088,0.0,0.0,United Kingdom,Regular Customers,540.2309721663833
16557.0,107,1,101.15,13,2.1666666666666665,4,16.858333333333334,25.0,5.154456001040912,6,6.0,1,0,0.0,180.7,5.202356975402125,United Kingdom,Regular Customers,283.3003403909539
16558.0,8,45,11699.53,6914,9.738028169014084,120,16.478211267605634,252.0,15.613408048862874,357,15.755555555555556,12,698,0.17746478873239438,1450.03,7.280028928066733,United Kingdom,Regular Customers,1050.6876844301923
16559.0,367,1,175.0,61,3.588235294117647,12,10.294117647058824,29.5,5.982706388858985,17,17.0,1,0,1.0,0.0,0.0,United Kingdom,VIP Customers,-27.831271984830664
16560.0,328,8,2526.4,1271,7.7975460122699385,50,15.499386503067486,51.0,7.141682522412196,111,20.375,5,373,0.26380368098159507,484.33,6.184829071933068,United Kingdom,Regular Customers,173.97289508382076
16561.0,30,1,264.96,158,9.875,12,16.56,24.75,4.2320916814265725,16,16.0,1,0,0.0,246.16,5.510035900192779,United Kingdom,VIP Customers,72.12257507791483
16562.0,447,1,223.86,264,7.764705882352941,25,6.584117647058824,16.5,4.587699045403293,34,34.0,1,0,0.0,0.0,0.0,United Kingdom,VIP Customers,12.262413833004814
16563.0,24,7,4402.36,2572,28.57777777777778,200,48.91511111111111,244.08,57.2642771215806,55,12.857142857142858,6,684,0.1,0.0,0.0,United Kingdom,Regular Customers,9.041186033188268
16564.0,539,1,87.80000000000001,40,8.0,12,17.560000000000002,19.8,2.991947526277827,5,5.0,1,0,0.0,0.0,0.0,United Kingdom,VIP Customers,-47.611886493973145
16565.0,334,5,700.45,191,14.692307692307692,60,53.88076923076923,207.0,81.40750000885858,7,2.6,4,191,0.0,0.0,0.0,United Kingdom,Regular Customers,114.81877824951457
16566.0,27,5,501.63,263,21.916666666666668,72,41.8025,108.16,36.07978837999822,10,2.4,4,235,0.16666666666666666,112.38,4.730745008896157,United Kingdom,Regular Customers,126.81563933244985
16567.0,164,2,865.6,996,28.457142857142856,276,24.731428571428573,104.88,18.32720111856516,34,17.5,2,142,0.2571428571428571,0.0,0.0,United Kingdom,Regular Customers,183.0154416614985
16568.0,398,2,1020.9,366,73.2,288,204.18,360.0,113.92647629063228,5,2.5,2,213,0.0,0.0,0.0,United Kingdom,VIP Customers,-203.38536367921242
16569.0,601,4,1331.03,895,29.833333333333332,72,44.367666666666665,162.72,36.801620999093494,23,7.5,4,92,0.0,124.2,4.829912458665998,United Kingdom,Regular Customers,172.92623176491912
16570.0,2,29,6422.24,3934,15.799196787148594,100,25.792128514056223,295.0,35.557512940299226,116,8.586206896551724,12,703,0.004016064257028112,419.58,6.041634711020558,United Kingdom,Regular Customers,381.45912982329605
16571.0,127,15,3598.66,3280,13.333333333333334,60,14.62869918699187,75.6,9.912700528633293,136,16.4,7,474,0.0,426.39,6.057696945325412,United Kingdom,Regular Customers,310.6742008463292
16572.0,97,4,999.7,530,9.137931034482758,24,17.236206896551725,35.95,7.396030663165067,40,14.5,3,148,0.0,0.0,0.0,United Kingdom,Regular Customers,246.52580391985876
16573.0,44,4,648.41,354,7.695652173913044,25,14.09586956521739,35.4,8.205378338108341,40,11.5,3,216,0.0,0.0,0.0,United Kingdom,Regular Customers,196.83948809510784
16574.0,41,3,1301.78,1002,11.651162790697674,48,15.136976744186047,26.4,4.456869138431132,86,28.666666666666668,3,587,0.0,0.0,0.0,United Kingdom,Regular Customers,5.277149088068796
16575.0,652,1,-10.49,-1,-1.0,-1,-10.49,-10.49,0.0,1,1.0,1,0,0.0,0.0,0.0,,,-61.56307917890561
16576.0,380,5,513.17,309,8.583333333333334,24,14.25472222222222,30.0,8.566824878101775,32,7.2,2,112,0.0,0.0,0.0,United Kingdom,VIP Customers,-15.34444755238485
16577.0,637,1,380.0,142,6.173913043478261,12,16.52173913043478,23.4,2.981527448951921,23,23.0,1,0,0.0,0.0,0.0,United Kingdom,VIP Customers,-33.44507159548294
16578.0,596,1,156.6,108,12.0,12,17.4,35.4,7.846018098373213,9,9.0,1,0,0.0,0.0,0.0,United Kingdom,VIP Customers,-46.200007566028546
16579.0,335,2,264.45,107,7.133333333333334,12,17.63,35.4,14.732759900497744,14,7.5,2,60,0.9333333333333333,0.0,0.0,United Kingdom,VIP Customers,-77.27685516308654
16580.0,699,1,-5.0,-2,-1.0,-1,-2.5,-1.25,1.7677669529663689,2,2.0,1,0,0.0,0.0,0.0,,,-69.79826775545277
16581.0,125,2,70.44,122,11.090909090909092,25,6.403636363636363,19.8,12.905052710258314,9,5.5,2,27,0.0,0.0,0.0,United Kingdom,VIP Customers,3.8841635223307662
16582.0,83,1,313.62,164,27.333333333333332,48,52.27,162.72,64.6616903583567,6,6.0,1,0,0.0,0.0,0.0,United Kingdom,VIP Customers,52.7726311082308
16583.0,344,2,297.95,153,8.5,12,16.552777777777777,20.4,1.9839408362726103,18,9.0,2,299,0.0,0.0,0.0,United Kingdom,Regular Customers,45.10845336852313
16584.0,50,7,3077.97,1885,20.714285714285715,250,33.823846153846155,139.2,36.7350015582847,61,13.0,6,581,0.16483516483516483,0.0,0.0,United Kingdom,Regular Customers,-10.186414727888945
16585.0,564,2,341.59000000000003,151,8.38888888888889,24,18.977222222222224,47.4,8.933147002007587,16,9.0,2,101,0.7222222222222222,0.0,0.0,United Kingdom,VIP Customers,-132.52552568976427
16586.0,219,3,1462.78,348,12.428571428571429,48,52.24214285714286,135.6,36.14474895084453,27,9.333333333333334,3,386,0.21428571428571427,0.0,0.0,United Kingdom,Regular Customers,37.980881813694936
16587.0,202,1,225.15,71,5.461538461538462,12,17.31923076923077,25.5,5.252639751493944,13,13.0,1,0,0.0,0.0,0.0,United Kingdom,VIP Customers,31.17121118411268
16588.0,356,4,1361.28,882,12.422535211267606,24,19.172957746478872,89.7,12.59580456165195,64,17.75,4,188,0.0,0.0,0.0,United Kingdom,VIP Customers,-45.262648327825886
16589.0,41,4,612.36,536,12.181818181818182,24,13.917272727272728,19.92,3.843799817910544,39,11.0,3,378,0.0,0.0,0.0,United Kingdom,Regular Customers,88.60314935043633
16590.0,351,3,563.6,234,7.090909090909091,24,17.078787878787878,153.0,26.953064037041287,26,11.0,2,33,0.0,0.0,0.0,United Kingdom,VIP Customers,40.502986551484554
16591.0,39,1,213.5,41,4.1,15,21.35,106.2,30.849113079273085,10,10.0,1,0,1.0,0.0,0.0,United Kingdom,VIP Customers,37.476714863680684
16592.0,1,31,6240.12,4579,11.893506493506493,120,16.208103896103896,59.4,9.563578304650282,203,12.419354838709678,11,690,0.08571428571428572,1384.34,7.233700875858967,United Kingdom,Regular Customers,464.90775464237345
16593.0,21,9,1051.24,375,4.6875,48,13.1405,89.55,15.43205835471377,57,8.777777777777779,6,684,0.65,0.0,0.0,United Kingdom,Regular Customers,-103.77558181773057
16594.0,45,1,181.09,64,1.2075471698113207,6,3.416792452830189,12.75,3.2594518024124306,53,53.0,1,0,1.0,0.0,0.0,United Kingdom,VIP Customers,76.0335249802441
16595.0,31,5,1757.75,1331,2.9446902654867255,32,3.8888274336283186,30.0,3.182313400294449,337,88.6,4,630,0.8362831858407079,0.0,0.0,United Kingdom,Regular Customers,231.15475327976375
16596.0,336,3,329.48,130,7.222222222222222,24,18.304444444444446,39.8,6.64100915632399,17,6.0,2,363,0.0,129.5,4.871373226762748,United Kingdom,Regular Customers,18.251403023476797
16598.0,247,2,140.7,70,6.363636363636363,12,12.79090909090909,18.6,6.463273867855909,10,5.5,2,8,0.9090909090909091,0.0,0.0,United Kingdom,VIP Customers,-33.46024006999667
16599.0,356,1,172.8,159,13.25,25,14.4,17.7,3.503245248726853,12,12.0,1,0,0.0,0.0,0.0,United Kingdom,VIP Customers,-1.2934450279261114
16600.0,44,13,1633.24,1820,15.555555555555555,60,13.959316239316239,35.4,8.561201547810565,84,9.0,7,647,0.08547008547008547,460.32,6.134091945357738,United Kingdom,Regular Customers,27.76387157517607
16601.0,11,3,677.0,391,5.666666666666667,72,9.81159420289855,40.2,9.990225314421448,60,22.333333333333332,3,582,0.9710144927536232,0.0,0.0,United Kingdom,Regular Customers,-78.35130226170324
16602.0,1,5,711.63,406,8.638297872340425,48,15.141063829787234,78.96,15.43791228761794,37,9.4,1,357,0.0,0.0,0.0,United Kingdom,Regular Customers,185.16626279629753
16603.0,45,2,482.46999999999997,480,14.117647058823529,100,14.190294117647058,25.2,5.18091806845906,34,17.0,1,16,0.0,0.0,0.0,United Kingdom,VIP Customers,82.98401474928818
16604.0,518,3,326.25,115,7.666666666666667,38,21.75,96.9,40.83588670345169,10,5.0,2,19,0.0,0.0,0.0,United Kingdom,VIP Customers,-38.77900321487644
16605.0,694,1,60.48,144,144.0,144,60.48,60.48,0.0,1,1.0,1,0,0.0,0.0,0.0,United Kingdom,VIP Customers,-85.51732550553436
16606.0,374,2,357.66,148,6.7272727272727275,24,16.257272727272728,27.6,5.817614616562343,16,11.0,1,30,0.2727272727272727,0.0,0.0,United Kingdom,VIP Customers,-10.07679603399879
16607.0,8,28,5091.16,4225,14.568965517241379,216,17.555724137931033,295.0,30.267833297393338,206,10.357142857142858,11,551,0.0,284.02,5.652559353245066,United Kingdom,Regular Customers,525.3527604267906
16608.0,424,2,1286.62,612,5.0578512396694215,96,10.633223140495867,41.65,9.770725767556543,94,58.0,2,209,1.0,0.0,0.0,United Kingdom,Regular Customers,160.45446058082024
16609.0,51,8,3987.32,1859,8.262222222222222,72,17.721422222222223,54.24,8.495981703788628,142,28.125,5,171,0.0,1463.64,7.289364757465277,United Kingdom,Regular Customers,448.7928249350814
16610.0,189,1,75.66,66,11.0,12,12.61,17.7,3.078278739815483,6,6.0,1,0,0.0,0.0,0.0,United Kingdom,VIP Customers,22.442577863181157
16611.0,156,7,1776.6299999999999,873,7.864864864864865,60,16.005675675675676,79.95,8.906556381945075,86,15.714285714285714,6,452,0.25225225225225223,0.0,0.0,United Kingdom,Regular Customers,64.64454232108343
16612.0,3,10,3243.48,1418,8.44047619047619,30,19.306428571428572,67.5,9.775669129476462,105,16.8,7,703,0.11904761904761904,0.0,0.0,United Kingdom,Regular Customers,20.145589536449137
16613.0,40,1,618.59,293,9.766666666666667,24,20.619666666666667,35.4,7.109744882824599,30,30.0,1,0,0.0,0.0,0.0,United Kingdom,VIP Customers,97.18668225942912
16614.0,153,3,1179.79,349,7.122448979591836,24,24.07734693877551,67.5,16.592239874851916,37,16.333333333333332,3,395,0.0,0.0,0.0,United Kingdom,Regular Customers,56.38578445900825
16615.0,539,2,264.5,207,10.35,24,13.225,30.0,11.010579362355863,19,10.0,2,57,0.0,0.0,0.0,United Kingdom,VIP Customers,-75.77653806941404
16616.0,127,1,210.10000000000002,110,10.0,24,19.1,79.9,22.58737346395105,11,11.0,1,0,0.0,290.32,5.6744223193497145,United Kingdom,Regular Customers,297.38326102075143
16617.0,206,1,151.85,91,18.2,48,30.369999999999997,60.0,24.093609111131524,5,5.0,1,0,0.0,0.0,0.0,United Kingdom,VIP Customers,11.25401305379728
16618.0,1,6,2630.64,1362,14.041237113402062,48,27.119999999999997,157.92,23.450109274798695,79,16.166666666666668,4,291,0.0,0.0,0.0,United Kingdom,Regular Customers,297.9608132606859
16619.0,224,5,1916.53,1051,8.90677966101695,48,16.24177966101695,39.9,6.318064134889283,103,23.6,4,402,0.16101694915254236,0.0,0.0,United Kingdom,Regular Customers,127.73404414120583
16620.0,231,5,1675.73,1106,12.28888888888889,75,18.619222222222223,60.0,10.143859517221172,74,18.0,4,477,0.0,83.2,4.4331949212482815,United Kingdom,Regular Customers,46.02645343908719
16621.0,22,4,813.48,302,10.413793103448276,72,28.05103448275862,127.5,27.481872901557125,22,7.25,4,226,0.41379310344827586,0.0,0.0,United Kingdom,Regular Customers,144.96447858688725
16622.0,512,2,205.6,40,2.857142857142857,6,14.685714285714285,38.25,12.076239044112596,12,7.0,1,1,0.0,0.0,0.0,United Kingdom,VIP Customers,-13.753147365539775
16623.0,216,5,1002.49,441,8.48076923076923,30,19.278653846153848,65.4,13.865965106995484,44,10.4,3,346,0.0,0.0,0.0,United Kingdom,Regular Customers,111.65709629604243
16624.0,51,2,810.57,488,10.166666666666666,48,16.886875,74.0,18.642391426844952,44,23.5,2,116,0.0,0.0,0.0,United Kingdom,Regular Customers,275.38080298996397
16625.0,244,6,1651.08,1056,10.56,48,16.5108,30.0,5.581408113124548,82,16.666666666666668,5,269,0.0,0.0,0.0,United Kingdom,Regular Customers,176.0327883023113
16626.0,1,16,3346.79,1994,12.700636942675159,288,21.317133757961784,158.4,21.232532701896922,85,9.8125,7,235,0.12738853503184713,1032.8600000000001,6.941054649383063,United Kingdom,Regular Customers,383.29219803163255
16627.0,49,1,322.8,162,8.1,48,16.14,30.0,5.033051810414412,20,20.0,1,0,0.0,0.0,0.0,United Kingdom,VIP Customers,66.86236817057653
16628.0,77,7,1744.88,896,9.237113402061855,24,17.988453608247426,102.0,11.749004331946441,69,13.857142857142858,6,534,0.0,568.21,6.34424943457859,United Kingdom,Regular Customers,31.80083398910861
16629.0,44,2,408.63,489,8.15,100,6.8105,35.7,7.669301213389322,58,30.0,1,22,0.7666666666666667,0.0,0.0,United Kingdom,VIP Customers,81.12335185872068
16630.0,377,2,104.3,70,14.0,24,20.86,35.4,15.91910801521241,4,2.5,2,27,0.0,0.0,0.0,United Kingdom,VIP Customers,-50.47586575975359
16631.0,452,8,1867.02,773,9.54320987654321,48,23.049629629629628,66.0,14.342589588742722,46,10.125,7,170,0.13580246913580246,0.0,0.0,United Kingdom,VIP Customers,-100.77536019573404
16632.0,456,2,406.4,256,9.481481481481481,12,15.05185185185185,19.5,4.633105817447893,22,13.5,2,95,0.0,0.0,0.0,United Kingdom,VIP Customers,-75.34960633518446
16633.0,9,5,2235.16,877,7.830357142857143,48,19.95678571428571,60.0,8.88418132770701,86,22.4,5,194,0.13392857142857142,642.99,6.467683198033483,United Kingdom,Regular Customers,274.94502534372714
16634.0,193,10,1198.3,488,4.5607476635514015,288,11.199065420560748,60.48,19.648755327266255,72,10.7,7,465,0.009345794392523364,0.0,0.0,United Kingdom,Regular Customers,-31.579845553131378
16635.0,377,1,473.0,277,11.08,25,18.92,35.4,4.929228303362166,25,25.0,1,0,0.0,0.0,0.0,United Kingdom,VIP Customers,24.285077918655873
16636.0,408,4,3802.04,2186,29.945205479452056,120,52.0827397260274,165.0,42.97472345784833,62,18.25,3,207,0.0,0.0,0.0,United Kingdom,VIP Customers,30.872923603637112
16637.0,2,5,1124.59,891,12.375,72,15.619305555555554,71.9,10.628832740543412,66,14.4,4,193,0.0,0.0,0.0,United Kingdom,Regular Customers,258.59962128812293
16638.0,69,15,2246.1,1570,11.893939393939394,48,17.01590909090909,119.9,13.505058422089066,123,8.8,7,379,0.08333333333333333,129.78,4.87351652213313,United Kingdom,Regular Customers,309.19598797534223
16639.0,1,4,1747.98,751,9.271604938271604,24,21.580000000000002,102.0,15.257890008123663,76,20.25,4,377,0.0,-88.13,,United Kingdom,Regular Customers,161.59576969008037
16640.0,368,1,179.4,146,11.23076923076923,24,13.8,20.4,4.249705872175156,13,13.0,1,0,1.0,0.0,0.0,United Kingdom,VIP Customers,-35.87265727061629
16641.0,76,2,554.5,454,12.61111111111111,48,15.402777777777779,30.24,4.5319693676376875,36,18.0,2,596,0.0,0.0,0.0,United Kingdom,Regular Customers,-76.17483580458932
16642.0,176,4,670.86,396,10.421052631578947,48,17.65421052631579,45.0,10.962261709716596,33,9.5,3,208,0.0,380.6,5.944372939574132,United Kingdom,Regular Customers,166.92309673652463
16643.0,216,3,915.56,550,9.482758620689655,48,15.78551724137931,40.8,6.9613177247278255,48,19.333333333333332,2,176,0.0,0.0,0.0,United Kingdom,Regular Customers,219.88388862955938
16644.0,148,2,833.78,826,13.32258064516129,25,13.448064516129032,20.4,4.064032899178536,62,31.0,2,34,0.0,0.0,0.0,United Kingdom,VIP Customers,89.46600695524592
16645.0,706,1,160.39,117,8.357142857142858,24,11.456428571428571,19.05,4.222830999264787,14,14.0,1,0,0.0,0.0,0.0,United Kingdom,VIP Customers,-66.60666209051004
16646.0,414,2,675.05,1071,35.7,200,22.501666666666665,68.0,19.464043256349836,29,15.0,1,5,0.0,0.0,0.0,United Kingdom,VIP Customers,17.526225957931587
16647.0,140,4,541.9,396,12.0,48,16.421212121212122,39.84,6.732643313353863,28,8.25,3,374,0.24242424242424243,0.0,0.0,United Kingdom,Regular Customers,46.54217876228526
16648.0,9,4,653.0,491,12.58974358974359,36,16.743589743589745,39.6,9.797404459500996,37,9.75,4,551,0.0,0.0,0.0,United Kingdom,Regular Customers,-50.750206269066126
16649.0,490,1,306.58,82,4.1,12,15.328999999999999,38.7,7.5496273173964665,20,20.0,1,0,0.0,0.0,0.0,United Kingdom,VIP Customers,-9.052269388997274
16650.0,42,7,1916.11,1511,15.418367346938776,48,19.552142857142854,70.8,11.779082740442295,71,14.0,4,447,0.0,0.0,0.0,United Kingdom,Regular Customers,155.36004860554834
16651.0,557,1,136.2,60,10.0,24,22.7,30.6,8.437772217830961,6,6.0,1,0,1.0,0.0,0.0,United Kingdom,VIP Customers,-85.45276086247867
16652.0,24,24,17312.83,7446,25.764705882352942,288,59.90598615916956,228.96,39.053172519439975,124,12.041666666666666,7,579,0.05536332179930796,0.0,0.0,United Kingdom,Regular Customers,810.1033033871144
16653.0,34,2,1072.12,699,9.445945945945946,25,14.488108108108106,24.9,7.937845309184104,67,37.0,2,7,0.0,94.8,4.562262684976814,United Kingdom,Regular Customers,383.14566928515296
16654.0,111,9,1477.77,638,8.394736842105264,48,19.444342105263157,75.6,11.207563081601199,64,8.444444444444445,7,471,0.013157894736842105,0.0,0.0,United Kingdom,Regular Customers,36.06604481486457
16655.0,45,12,5504.84,3373,6.044802867383512,96,9.865304659498209,125.43,11.53895239778873,395,44.0,8,601,0.7544802867383512,883.32,6.784818988084953,United Kingdom,Regular Customers,450.23449920863357
16656.0,1,43,16012.58,14425,93.66883116883118,576,103.9777922077922,1209.6,149.24055741249808,21,3.5813953488372094,12,704,0.05194805194805195,295.14,5.690832315480573,United Kingdom,Regular Customers,1133.3494171197976
16657.0,119,2,414.79,597,4.814516129032258,100,3.3450806451612904,12.75,3.1932702344448476,111,60.5,2,105,0.0,459.64,6.132616826863866,United Kingdom,Regular Customers,310.3267276221736
16658.0,338,9,573.48,236,3.189189189189189,24,7.74972972972973,69.3,14.768174312645863,49,8.11111111111111,5,250,0.0,0.0,0.0,United Kingdom,Regular Customers,154.24163196622249
16659.0,159,1,39.12,72,36.0,48,19.56,20.4,1.1879393923933996,2,2.0,1,0,0.0,0.0,0.0,United Kingdom,VIP Customers,17.880101613478075
16660.0,181,5,996.26,648,49.84615384615385,216,76.63538461538461,228.96,67.47851233483944,10,2.2,4,483,0.0,426.09000000000003,6.056994763852876,United Kingdom,Regular Customers,-58.207229220480286
16661.0,510,5,788.31,275,3.6184210526315788,102,10.372499999999999,175.2,29.702545351086204,52,14.8,4,181,0.0,0.0,0.0,United Kingdom,VIP Customers,-92.34705936632992
16662.0,364,1,151.05,35,1.25,3,5.394642857142857,19.05,3.9668613230882874,28,28.0,1,0,0.0,0.0,0.0,United Kingdom,VIP Customers,19.618000721356594
16663.0,699,1,165.0,100,100.0,100,165.0,165.0,0.0,1,1.0,1,0,0.0,0.0,0.0,United Kingdom,VIP Customers,-85.39230405734378
16664.0,539,1,109.2,24,3.0,6,13.65,25.5,6.172172574200619,8,8.0,1,0,0.0,0.0,0.0,United Kingdom,VIP Customers,-41.37317758952577
16665.0,332,1,135.4,59,6.555555555555555,36,15.044444444444444,52.2,15.348848581498803,9,9.0,1,0,1.0,0.0,0.0,United Kingdom,VIP Customers,-35.55204326448944
16666.0,591,1,98.73,121,7.5625,48,6.170625,11.9,3.7471223959193,15,15.0,1,0,1.0,118.98,4.787325062224947,United Kingdom,Regular Customers,159.93954597087776
16667.0,38,2,567.1800000000001,236,4.538461538461538,12,10.907307692307693,35.7,7.626881796821344,52,26.0,2,216,0.6153846153846154,0.0,0.0,United Kingdom,Regular Customers,187.61263851948908
16668.0,87,12,822.22,713,14.26,48,16.4444,39.0,7.164975229602428,28,4.166666666666667,8,514,0.02,40.2,3.7184382563554808,United Kingdom,Regular Customers,-27.91369236224878
16669.0,48,4,-423.39000000000004,479,6.063291139240507,100,-5.359367088607596,38.25,130.08618377279217,75,19.5,2,547,0.0,623.54,6.437015378755432,United Kingdom,Regular Customers,-58.040728185435825
16670.0,21,30,7284.4,4239,8.905462184873949,48,15.303361344537814,76.5,8.616108783686128,250,15.866666666666667,10,677,0.0,502.26,6.221106935162021,United Kingdom,Regular Customers,573.399024443427
16671.0,6,2,1539.63,731,146.2,320,307.92600000000004,816.0,302.3666621504427,3,2.5,2,128,0.0,152.64,5.034612203477704,United Kingdom,Regular Customers,235.1477458958733
16672.0,6,22,7823.59,2740,24.035087719298247,120,68.62798245614036,226.8,45.6601864911519,23,5.181818181818182,8,230,0.0,270.0,5.602118820879701,United Kingdom,Regular Customers,572.9122200411492
16673.0,649,1,171.13,95,5.0,12,9.006842105263157,19.8,5.890151905824179,19,19.0,1,0,0.0,0.0,0.0,United Kingdom,VIP Customers,-47.17929339430026
16674.0,25,2,304.24,181,1.946236559139785,12,3.2713978494623657,15.0,3.206265127567619,89,46.5,2,43,0.6451612903225806,0.0,0.0,United Kingdom,VIP Customers,88.58635980273556
16675.0,412,2,608.86,296,12.869565217391305,48,26.47217391304348,122.4,33.27575270052597,21,11.0,2,36,0.0,0.0,0.0,United Kingdom,VIP Customers,-12.746805682280836
16676.0,4,7,2328.5,922,6.779411764705882,32,17.121323529411764,79.9,10.14278234957498,106,19.428571428571427,5,384,0.34558823529411764,0.0,0.0,United Kingdom,Regular Customers,204.56591285774718
16677.0,363,3,849.77,454,9.26530612244898,25,17.342244897959183,76.2,13.790011975053133,45,16.333333333333332,3,259,0.5714285714285714,0.0,0.0,United Kingdom,Regular Customers,96.47259617621256
16678.0,3,11,2392.75,1873,13.772058823529411,72,17.59375,66.0,12.754894946356576,84,12.363636363636363,7,250,0.27941176470588236,621.08,6.43306870183202,United Kingdom,Regular Customers,291.02257101726457
16679.0,336,3,663.31,247,13.722222222222221,48,36.85055555555555,102.0,27.327386924910893,15,6.0,3,180,0.0,0.0,0.0,United Kingdom,VIP Customers,-121.31427489516255
16680.0,13,3,821.45,377,13.0,50,28.32586206896552,97.5,24.69650286365625,24,9.0,2,491,0.0,0.0,0.0,United Kingdom,Regular Customers,22.50556420310616
16681.0,43,7,1921.84,1492,30.448979591836736,96,39.221224489795915,117.0,25.468391000140834,22,7.0,5,568,0.0,0.0,0.0,United Kingdom,Regular Customers,-7.670014947038652
16682.0,27,4,917.14,870,36.25,192,38.214166666666664,101.4,25.90747985271513,15,6.0,4,130,0.4583333333333333,110.86,4.717248089393442,United Kingdom,Regular Customers,178.45182814516642
16683.0,499,2,309.35,188,9.894736842105264,25,16.281578947368423,26.1,8.51468030531707,18,9.5,1,4,0.0,0.0,0.0,United Kingdom,VIP Customers,-7.457718151310786
16684.0,6,62,134907.47,95235,132.82426778242677,1152,188.15546722454673,1836.0,231.42953757816468,185,11.564516129032258,12,696,0.13807531380753138,6594.78,8.794185329575644,United Kingdom,At-Risk Customers,6351.324143636617
16685.0,31,2,324.24,396,6.387096774193548,48,5.2296774193548385,24.75,4.210928781837953,60,30.0,1,0,1.0,0.0,0.0,United Kingdom,VIP Customers,99.3389271595625
16686.0,17,18,4861.72,3414,3.311348205625606,48,4.715538312318138,39.95,4.798732465755899,549,55.833333333333336,10,685,0.6876818622696411,0.0,0.0,United Kingdom,Regular Customers,557.36636131957
16687.0,361,1,157.63,141,17.625,36,19.70375,34.8,12.068286583911924,8,8.0,1,0,1.0,0.0,0.0,United Kingdom,VIP Customers,-43.73154784355569
16688.0,13,2,831.52,688,15.636363636363637,48,18.89818181818182,39.84,9.743361311200156,42,22.0,1,17,0.0,429.34000000000003,6.064575593925305,United Kingdom,Regular Customers,371.7761744010737
16689.0,46,3,303.26,168,10.5,144,18.95375,76.2,33.94242082802384,13,5.333333333333333,1,6,1.0,0.0,0.0,United Kingdom,VIP Customers,26.974951214633933
16690.0,14,5,336.08,208,10.4,36,16.804,52.2,13.236422795493224,12,4.0,4,407,0.25,0.0,0.0,United Kingdom,Regular Customers,14.678692130486723
16691.0,388,2,178.82999999999998,92,8.363636363636363,25,16.257272727272724,39.95,9.563956389391464,11,5.5,2,143,0.6363636363636364,0.0,0.0,United Kingdom,VIP Customers,-137.60959656894894
16692.0,226,4,1914.7,878,175.6,672,382.94,1117.5,466.0978899330054,3,1.25,4,185,0.0,0.0,0.0,United Kingdom,Regular Customers,61.53903902000877
16693.0,39,5,1179.48,658,3.9166666666666665,48,7.020714285714286,63.0,7.038547292569315,149,32.4,4,587,1.0,0.0,0.0,United Kingdom,Regular Customers,36.91838792801488
16694.0,693,1,98.3,26,8.666666666666666,24,32.766666666666666,50.4,22.11788491997671,3,3.0,1,0,0.0,0.0,0.0,United Kingdom,VIP Customers,-86.28092476935745
16695.0,532,2,191.9,184,5.257142857142857,30,5.482857142857143,17.0,4.131353268837315,30,15.0,1,0,0.0,0.0,0.0,United Kingdom,VIP Customers,-1.0300388830443126
16696.0,105,4,657.9,146,14.6,24,65.78999999999999,195.6,60.47314279909718,7,2.5,3,112,0.0,0.0,0.0,United Kingdom,VIP Customers,-13.963567885829008
16697.0,211,1,112.75,27,1.2857142857142858,3,5.369047619047619,12.75,3.2293759532793715,20,20.0,1,0,0.0,0.0,0.0,United Kingdom,VIP Customers,36.22250475343753
16698.0,197,2,1998.0,840,168.0,320,399.6,816.0,244.37021095051662,4,2.5,2,26,0.0,0.0,0.0,United Kingdom,VIP Customers,34.52040157009611
16699.0,350,8,964.9,634,10.063492063492063,48,15.315873015873015,306.0,38.52065351482788,51,7.625,6,355,0.0,0.0,0.0,United Kingdom,Regular Customers,124.28977571071485
16700.0,51,29,8094.19,6154,12.662551440329219,60,16.654711934156378,100.8,9.671914714612814,248,16.75862068965517,12,656,0.12139917695473251,652.93,6.483000312089546,United Kingdom,Regular Customers,577.2030788190209
16701.0,15,33,9116.15,10112,37.040293040293044,576,33.392490842490844,163.2,30.747558374264063,146,8.242424242424242,11,693,0.19413919413919414,498.44,6.213487470753488,United Kingdom,Regular Customers,544.8297378704563
16702.0,385,5,1100.8799999999999,691,7.510869565217392,36,11.966086956521737,67.8,11.125419064241704,84,18.4,5,316,0.17391304347826086,0.0,0.0,United Kingdom,Regular Customers,90.28231362221214
16703.0,701,1,-15.0,-1,-1.0,-1,-15.0,-15.0,0.0,1,1.0,1,0,0.0,0.0,0.0,,,-70.93250103339139
16704.0,588,2,664.16,433,8.018518518518519,24,12.299259259259259,43.9,9.649588680617498,50,25.5,2,53,0.0,0.0,0.0,United Kingdom,VIP Customers,-28.360801772267394
16705.0,9,54,41237.03,21464,31.380116959064328,432,60.28805555555555,325.44,55.98816362980833,390,12.666666666666666,11,691,0.03070175438596491,1416.11,7.256374865470947,United Kingdom,Regular Customers,2286.832935547637
16706.0,7,3,531.35,249,2.024390243902439,12,4.319918699186992,29.75,4.885485276487754,108,40.666666666666664,3,76,0.0,0.0,0.0,United Kingdom,Regular Customers,353.4388133768682
16707.0,370,4,533.41,396,6.092307692307692,48,8.206307692307691,51.0,7.978671288431812,64,16.25,4,239,0.0,0.0,0.0,United Kingdom,Regular Customers,115.04981420861276
16708.0,16,1,656.63,285,10.555555555555555,24,24.31962962962963,90.0,18.10230382309676,27,27.0,1,0,0.0,0.0,0.0,United Kingdom,VIP Customers,111.77569756765189
16709.0,55,14,9056.01,3261,10.798013245033113,100,29.986788079470198,175.2,26.73302747703356,220,21.214285714285715,9,645,0.16556291390728478,0.0,0.0,United Kingdom,Regular Customers,367.76476919310403
16710.0,44,21,5525.39,3948,4.628370457209847,100,6.477596717467761,51.0,6.013878996035449,516,40.0,9,661,0.44314185228604924,383.21,5.95118927810609,United Kingdom,Regular Customers,634.5639470163934
16711.0,110,8,2010.32,606,26.347826086956523,96,87.40521739130435,325.44,95.60166910246842,17,2.875,5,597,0.08695652173913043,741.16,6.609564853345016,United Kingdom,Regular Customers,-29.87077708201039
16712.0,65,10,3111.37,1501,3.981432360742706,48,8.252970822281167,49.5,7.132136007051644,217,36.8,6,306,0.0,1121.5,7.02331361961641,United Kingdom,Regular Customers,407.7073471800318
16713.0,37,39,12323.34,7367,6.259133389974512,216,10.470127442650806,232.0,17.23103269754545,515,30.102564102564102,10,657,0.037383177570093455,1620.02,7.390810859722487,United Kingdom,Regular Customers,1185.5659911184055
16714.0,189,7,1222.24,812,7.12280701754386,25,10.72140350877193,250.0,34.19397247710396,97,14.857142857142858,4,519,0.20175438596491227,0.0,0.0,United Kingdom,Regular Customers,121.69402708374116
16715.0,48,2,625.52,1174,41.92857142857143,150,22.34,81.6,25.729087732672436,27,14.0,2,484,0.0,0.0,0.0,United Kingdom,Regular Customers,-0.9507195725931012
16716.0,237,4,1568.28,836,92.88888888888889,144,174.25333333333333,734.4,338.84195844080466,7,2.25,2,363,0.0,0.0,0.0,United Kingdom,Regular Customers,109.24303547428718
16717.0,2,18,4027.6,1905,6.39261744966443,48,13.515436241610738,130.8,15.763543756462708,205,16.555555555555557,9,700,0.0,1959.81,7.5811129321600985,United Kingdom,Regular Customers,237.31974108092734
16718.0,339,5,3006.08,1924,10.870056497175142,66,16.983502824858757,109.5,14.584720878887218,123,33.6,4,363,0.672316384180791,0.0,0.0,United Kingdom,Regular Customers,200.79562384982395
16719.0,45,16,3082.4,2102,5.838888888888889,108,8.562222222222223,87.75,11.11673100060871,189,22.375,11,651,0.15833333333333333,286.46999999999997,5.661118506966705,United Kingdom,Regular Customers,111.2034452370878
16720.0,346,3,403.74,272,2.305084745762712,36,3.4215254237288137,192.0,25.375060393246095,107,38.333333333333336,2,345,0.6101694915254238,152.95,5.0366278743705095,United Kingdom,Regular Customers,151.23718851945867
16721.0,232,1,292.47,172,4.648648648648648,24,7.904594594594595,30.0,5.760922280809343,37,37.0,1,0,0.0,0.0,0.0,United Kingdom,VIP Customers,59.8822247680273
16722.0,21,25,7858.95,7425,20.231607629427792,144,21.414032697547682,162.72,20.13541388787641,143,14.68,11,684,0.0,309.36,5.737732914025749,United Kingdom,Regular Customers,453.3262596527121
16723.0,61,4,1231.3600000000001,958,7.725806451612903,96,9.930322580645162,165.0,16.081846804489313,108,27.5,3,643,0.0,0.0,0.0,United Kingdom,Regular Customers,28.357984240855814
16724.0,375,1,147.35,69,4.0588235294117645,12,8.66764705882353,21.8,5.430698078299608,17,17.0,1,0,1.0,0.0,0.0,United Kingdom,VIP Customers,-31.6318729866189
16725.0,272,16,1676.86,698,1.9942857142857142,32,4.791028571428571,30.0,4.227137064754858,242,21.1875,6,424,0.33714285714285713,0.0,0.0,United Kingdom,Regular Customers,332.3736459825867
16726.0,166,6,1482.3,890,4.917127071823204,36,8.189502762430939,81.36,8.699327258551735,117,28.0,5,214,0.46408839779005523,581.58,6.367466515065505,United Kingdom,Regular Customers,260.9257302384585
16727.0,334,4,1377.77,1066,5.2,48,6.7208292682926825,91.8,10.350007615566112,158,48.25,4,324,0.2780487804878049,0.0,0.0,United Kingdom,Regular Customers,202.61974638870294
16728.0,16,4,1048.28,671,2.5513307984790874,24,3.9858555133079845,53.7,4.9528055826318536,218,65.0,4,218,0.5399239543726235,0.0,0.0,United Kingdom,Regular Customers,364.00840755432864
16729.0,6,26,7041.69,5708,8.596385542168674,96,10.604954819277108,67.6,10.495997498913647,235,25.23076923076923,8,205,0.0,0.0,0.0,United Kingdom,Regular Customers,887.1858263672426
16730.0,22,4,702.79,898,10.69047619047619,50,8.36654761904762,30.6,8.892495075081893,75,20.25,4,267,0.0,0.0,0.0,United Kingdom,Regular Customers,182.91546896605416
16731.0,618,1,170.3,124,2.9523809523809526,16,4.0547619047619055,14.85,2.9283669286408176,40,40.0,1,0,0.0,0.0,0.0,United Kingdom,VIP Customers,-15.436577406466427
16732.0,2,9,3966.79,2382,10.356521739130434,60,17.246913043478262,295.0,30.476827098508885,201,25.555555555555557,4,699,0.0,0.0,0.0,United Kingdom,Regular Customers,289.2107268985586
16733.0,500,1,259.68,112,9.333333333333334,12,21.64,71.4,15.941535799174547,12,12.0,1,0,0.0,0.0,0.0,United Kingdom,VIP Customers,-14.78312511249186
16734.0,22,3,646.76,345,6.634615384615385,40,12.437692307692307,50.0,10.92551441161335,44,15.666666666666666,2,61,0.0,0.0,0.0,United Kingdom,VIP Customers,76.20778698259187
16735.0,49,22,5578.86,3931,12.322884012539184,48,17.48858934169279,70.8,16.99020099247774,181,14.272727272727273,8,653,0.18495297805642633,0.0,0.0,United Kingdom,Regular Customers,385.5973613566596
16736.0,476,8,2904.5099999999998,1039,7.068027210884353,48,19.758571428571425,138.0,17.47447210482954,116,18.375,4,230,0.0,0.0,0.0,United Kingdom,Regular Customers,311.011943681586
16737.0,23,2,835.2,576,288.0,288,417.6,417.6,0.0,1,1.0,2,524,0.0,0.0,0.0,United Kingdom,Regular Customers,-59.95397779859414
16738.0,268,1,3.75,3,3.0,3,3.75,3.75,0.0,1,1.0,1,0,0.0,0.0,0.0,United Kingdom,VIP Customers,-1.5269418209544767
16739.0,142,4,772.23,387,9.214285714285714,36,18.38642857142857,52.0,10.90764574572743,33,10.5,2,364,0.0,0.0,0.0,United Kingdom,Regular Customers,103.40128265255808
16740.0,365,1,226.91,110,3.4375,16,7.0909375,47.2,9.122587832965014,30,30.0,1,0,0.0,0.0,0.0,United Kingdom,VIP Customers,29.49229446139981
16741.0,595,1,173.06,81,7.363636363636363,12,15.732727272727272,29.7,8.472176923210576,11,11.0,1,0,0.0,0.0,0.0,United Kingdom,VIP Customers,-46.46037891993984
16742.0,17,15,2334.9700000000003,2368,22.130841121495326,144,21.822149532710284,464.9,66.82790773982893,54,6.733333333333333,9,676,0.11214953271028037,0.0,0.0,United Kingdom,Regular Customers,91.93534400664356
16743.0,83,14,3813.67,3301,9.458452722063038,96,10.927421203438396,45.0,10.225954874769075,111,24.642857142857142,8,483,0.0,352.23,5.867119402835146,United Kingdom,Regular Customers,236.02384684846382
16744.0,4,6,1008.91,588,2.94,48,5.04455,49.75,6.160761047216856,172,33.166666666666664,5,139,1.0,283.0,5.648974238161206,United Kingdom,Regular Customers,344.9170558126756
16745.0,57,18,7157.1,6711,18.85112359550562,288,20.10421348314607,136.0,21.87957517417064,148,19.555555555555557,8,225,0.09269662921348315,0.0,0.0,United Kingdom,Regular Customers,648.6578234468275
16746.0,6,43,16945.4,10941,11.739270386266094,144,18.18175965665236,183.6,27.023727782830413,365,21.488372093023255,12,699,0.3165236051502146,1066.8,6.973355736066086,United Kingdom,Regular Customers,1219.5455875674363
16747.0,8,3,830.26,579,13.159090909090908,72,18.869545454545456,54.08,10.799741373851129,34,14.666666666666666,2,30,0.0,-3.3,,United Kingdom,Regular Customers,338.2129993414276
16748.0,7,14,3365.59,1925,13.095238095238095,24,22.895170068027213,41.6,10.256211038592129,54,10.5,10,692,0.10204081632653061,266.7,5.589866950526307,United Kingdom,Regular Customers,-34.28295212104368
16749.0,561,2,4157.88,1910,26.52777777777778,160,57.748333333333335,326.4,73.64081966631525,53,35.5,2,132,0.0,0.0,0.0,United Kingdom,VIP Customers,76.51652681643029
16750.0,15,5,623.9300000000001,214,2.2526315789473683,14,6.567684210526316,62.5,8.250087743264102,74,19.0,5,187,0.0,0.0,0.0,United Kingdom,Regular Customers,226.88026951859416
16751.0,1,1,1764.72,1031,41.24,216,70.5888,918.0,183.6376717052722,24,24.0,1,0,0.0,0.0,0.0,United Kingdom,VIP Customers,310.04784579949734
16752.0,343,1,207.5,54,6.0,12,23.055555555555557,79.95,21.528984016385394,9,9.0,1,0,0.0,0.0,0.0,United Kingdom,VIP Customers,8.046984556275646
16753.0,28,1,223.92000000000002,189,5.5588235294117645,25,6.5858823529411765,41.6,9.676220498585948,34,34.0,1,0,0.0,0.0,0.0,United Kingdom,VIP Customers,96.5088190602915
16754.0,342,35,54558.18,54190,328.42424242424244,4320,330.65563636363635,2080.8,544.034413417076,39,4.714285714285714,9,269,0.0,0.0,0.0,United Kingdom,Regular Customers,2394.314077567536
16755.0,84,10,2846.13,1978,6.067484662576687,48,8.730460122699387,40.8,8.051852654653528,219,32.4,5,615,0.12576687116564417,0.0,0.0,United Kingdom,Regular Customers,220.65715337627287
16756.0,185,9,1287.42,700,8.536585365853659,24,15.700243902439025,39.95,8.01124903188562,64,9.11111111111111,7,425,0.4268292682926829,0.0,0.0,United Kingdom,Regular Customers,32.00144166716959
16757.0,289,2,270.47999999999996,180,12.0,30,18.031999999999996,35.4,9.714432708971886,13,7.5,2,90,0.0,0.0,0.0,United Kingdom,VIP Customers,-57.419102655438195
16758.0,35,1,369.34,203,9.227272727272727,42,16.788181818181815,69.3,15.482706062345398,22,22.0,1,0,0.0,0.0,0.0,United Kingdom,VIP Customers,84.54701872508659
16759.0,1,2,418.85,295,12.826086956521738,25,18.210869565217394,33.9,7.075083624975415,23,11.5,1,0,0.0,353.99,5.872089620064577,United Kingdom,VIP Customers,104.20776217499937
16760.0,400,1,228.0,168,9.882352941176471,12,13.411764705882353,19.8,3.6815218240798835,17,17.0,1,0,0.0,0.0,0.0,United Kingdom,VIP Customers,1.6029195407673171
16761.0,67,1,316.62,341,26.23076923076923,72,24.355384615384615,60.0,15.18204675232373,13,13.0,1,0,1.0,0.0,0.0,United Kingdom,VIP Customers,25.427788255652956
16762.0,16,2,887.6,336,9.882352941176471,24,26.105882352941176,79.9,13.764192480941496,32,17.0,2,98,0.0,319.64,5.770318998456445,United Kingdom,Regular Customers,286.7973055120776
16763.0,155,3,947.75,491,10.911111111111111,36,21.06111111111111,89.7,19.8997912531562,44,15.0,3,552,0.0,0.0,0.0,United Kingdom,Regular Customers,-41.147602846295655
16764.0,2,11,1903.4,815,1.7121848739495797,14,3.9987394957983193,25.5,3.8512154318501843,190,43.18181818181818,5,111,0.0819327731092437,846.55,6.742349834564496,United Kingdom,Regular Customers,522.4330875820698
16765.0,264,2,454.75,311,5.980769230769231,60,8.745192307692308,34.0,7.738787078896064,52,26.0,2,88,0.0,0.0,0.0,United Kingdom,VIP Customers,-7.314256801300672
16766.0,243,2,1145.6,536,15.764705882352942,36,33.69411764705882,47.7,9.115253322714345,17,17.0,1,0,0.0,0.0,0.0,United Kingdom,VIP Customers,74.50994825641592
16767.0,1,16,7954.76,7078,21.981366459627328,144,24.704223602484472,204.0,29.324559165784624,209,19.875,10,559,0.049689440993788817,0.0,0.0,United Kingdom,Regular Customers,493.98505057358614
16768.0,18,14,1637.52,762,4.430232558139535,50,9.52046511627907,119.4,15.670657939290166,110,11.928571428571429,8,684,0.7325581395348837,0.0,0.0,United Kingdom,Regular Customers,2.836125399178542
16769.0,230,4,1117.05,295,3.0412371134020617,24,11.515979381443298,30.0,6.941504648938665,76,23.0,3,465,0.0,0.0,0.0,United Kingdom,Regular Customers,40.43357717040723
16770.0,28,11,1746.83,1038,3.0350877192982457,24,5.107690058479532,39.95,6.000503516298368,202,30.454545454545453,7,416,0.7017543859649122,0.0,0.0,United Kingdom,Regular Customers,247.34159640473175
16771.0,3,10,3949.6,2308,5.6568627450980395,72,9.680392156862744,108.16,8.839961440716444,303,40.2,7,697,0.20833333333333334,0.0,0.0,United Kingdom,Regular Customers,257.58970072409164
16772.0,387,5,2760.1,558,6.975,60,34.50125,462.25,96.36765633910133,55,16.0,3,304,0.0,0.0,0.0,United Kingdom,Regular Customers,254.80434271067514
16773.0,27,3,421.24,252,3.876923076923077,60,6.480615384615385,23.4,4.682055463723664,53,20.333333333333332,3,675,0.36923076923076925,0.0,0.0,United Kingdom,Regular Customers,-139.92239786869354
16774.0,38,9,1560.8799999999999,770,5.833333333333333,48,11.824848484848484,69.3,10.2206912185283,89,14.333333333333334,6,593,0.0,0.0,0.0,United Kingdom,Regular Customers,26.149029274430262
16775.0,27,16,2610.09,834,3.336,96,10.44036,81.6,11.535776246305197,131,15.5625,10,384,0.0,129.15,4.868687631440574,United Kingdom,Regular Customers,228.57905480524417
16776.0,30,2,592.51,435,3.4523809523809526,24,4.702460317460317,45.0,5.427059268002581,105,54.5,1,355,0.0,0.0,0.0,United Kingdom,Regular Customers,209.15702127075963
16777.0,50,6,1261.43,465,3.2291666666666665,16,8.759930555555556,33.9,7.3527088863337795,125,23.333333333333332,5,552,0.3541666666666667,0.0,0.0,United Kingdom,Regular Customers,38.786716876487645
16778.0,44,2,245.94,194,12.125,24,15.37125,25.2,5.219169633827461,16,8.0,2,199,0.0,0.0,0.0,United Kingdom,Regular Customers,165.38167963439705
16779.0,2,56,30000.54,18266,18.049407114624508,240,29.644802371541502,306.0,34.861226328800406,286,17.964285714285715,12,704,0.09980237154150198,2521.86,7.833148457604827,United Kingdom,Regular Customers,1876.1910027433212
16780.0,70,3,596.4,352,3.6666666666666665,24,6.2124999999999995,30.0,4.8109762659546496,73,30.666666666666668,3,306,0.0,0.0,0.0,United Kingdom,Regular Customers,152.33922796519255
16781.0,335,3,606.4,190,4.634146341463414,24,14.790243902439023,31.8,7.24046113441847,36,13.666666666666666,2,304,0.0,0.0,0.0,United Kingdom,Regular Customers,84.20414249607322
16782.0,5,48,9232.27,3919,2.3244365361803085,96,5.475842230130486,102.0,6.842301760751494,571,33.5,11,695,0.48991696322657174,320.35,5.772530871817295,United Kingdom,Regular Customers,1146.0063910261285
16783.0,407,1,391.95,163,6.52,12,15.677999999999999,29.7,4.101703914228818,25,25.0,1,0,0.0,0.0,0.0,United Kingdom,VIP Customers,15.756839727370902
16784.0,347,4,784.73,470,3.032258064516129,12,5.062774193548387,19.5,3.656422482531016,137,38.25,4,244,0.9548387096774194,107.6,4.687671407499835,United Kingdom,Regular Customers,166.53504166814497
16785.0,380,1,533.78,313,8.942857142857143,30,15.250857142857143,30.6,4.643698685206824,35,35.0,1,0,0.0,0.0,0.0,United Kingdom,VIP Customers,36.20125912322382
16786.0,364,1,51.84,72,72.0,72,51.84,51.84,0.0,1,1.0,1,0,0.0,0.0,0.0,United Kingdom,VIP Customers,-21.101819303129474
16787.0,368,4,1017.53,472,4.214285714285714,24,9.085089285714286,30.0,7.496189662182761,102,28.0,4,300,1.0,0.0,0.0,United Kingdom,Regular Customers,91.78749837404683
16788.0,93,5,1928.93,965,2.018828451882845,25,4.035418410041841,59.0,4.666629664345216,348,94.4,5,547,0.47489539748953974,0.0,0.0,United Kingdom,Regular Customers,279.17938931601
16790.0,1,4,1123.0,618,9.363636363636363,36,17.015151515151516,30.0,5.621737273894075,64,16.5,1,6,0.22727272727272727,397.12,5.986753467377863,United Kingdom,Regular Customers,430.6614113961149
16791.0,30,17,3385.7,1582,2.6235489220563846,96,5.6147595356550575,61.44,6.191588233298365,361,35.1764705882353,8,675,0.24046434494195687,479.36,6.174535822792483,United Kingdom,Regular Customers,347.8554311227813
16792.0,252,5,623.46,324,3.176470588235294,12,6.1123529411764705,27.65,4.694339371160219,90,20.0,4,422,0.20588235294117646,0.0,0.0,United Kingdom,Regular Customers,51.74510999054996
16793.0,27,1,243.84,146,9.125,24,15.24,25.5,5.501602190877369,16,16.0,1,0,0.0,0.0,0.0,United Kingdom,VIP Customers,68.77284535056128
16794.0,17,12,1651.23,1378,3.1533180778032035,60,3.778558352402746,33.9,3.164831180825272,230,36.083333333333336,8,576,0.43478260869565216,380.27,5.943507785562089,United Kingdom,Regular Customers,162.67651080189154
16795.0,335,5,2035.21,1200,3.468208092485549,24,5.882109826589596,38.35,5.090319018454764,309,67.2,3,318,0.0,0.0,0.0,United Kingdom,Regular Customers,414.31906062677297
16796.0,59,1,305.62,186,10.333333333333334,12,16.97888888888889,49.5,9.269285072303797,18,18.0,1,0,1.0,0.0,0.0,United Kingdom,VIP Customers,42.953040956869586
16797.0,363,9,1761.02,890,2.197530864197531,30,4.348197530864198,31.9,3.81399636571886,292,44.888888888888886,5,344,0.15308641975308643,0.0,0.0,United Kingdom,Regular Customers,354.9198570425674
16798.0,524,4,830.01,203,1.1871345029239766,12,4.853859649122807,39.9,5.367278559300509,142,42.5,3,174,0.4678362573099415,0.0,0.0,United Kingdom,VIP Customers,-15.326012970003944
16799.0,402,3,447.83,161,1.7311827956989247,6,4.8153763440860216,15.0,3.2723999168074296,81,29.0,2,21,1.0,0.0,0.0,United Kingdom,VIP Customers,26.862861319576382
16801.0,133,5,842.33,307,2.558333333333333,32,7.019416666666667,74.85,21.18800986033697,72,24.0,3,110,0.14166666666666666,0.0,0.0,United Kingdom,Regular Customers,306.3918147969282
16802.0,649,2,582.61,369,6.962264150943396,15,10.992641509433962,56.25,9.903970678265164,48,26.0,2,51,0.0,0.0,0.0,United Kingdom,VIP Customers,-37.24334118972081
16803.0,35,1,332.3,245,10.208333333333334,25,13.845833333333333,23.4,4.360204339713676,24,24.0,1,0,0.0,0.0,0.0,United Kingdom,VIP Customers,81.73819244229028
16804.0,240,1,118.05,34,1.7894736842105263,6,6.213157894736842,17.7,5.007711888934217,19,19.0,1,0,0.0,418.94,6.040111843929504,United Kingdom,Regular Customers,275.29498306855385
16805.0,144,5,1091.34,1120,4.497991967871486,72,4.38289156626506,29.7,3.8846819305966847,213,49.2,3,557,0.17269076305220885,0.0,0.0,United Kingdom,Regular Customers,149.33609028752358
16806.0,73,4,762.16,356,3.827956989247312,24,8.195268817204301,39.6,7.81371364018831,68,23.0,4,135,0.43010752688172044,0.0,0.0,United Kingdom,Regular Customers,239.50049083229666
16807.0,113,8,2064.88,1413,9.8125,36,14.339444444444446,33.0,8.350187199256451,109,18.0,5,508,0.10416666666666667,0.0,0.0,United Kingdom,Regular Customers,115.93878341789298
16808.0,69,2,288.42,196,8.521739130434783,32,12.540000000000001,61.2,13.777480967803287,21,11.5,2,175,0.0,0.0,0.0,United Kingdom,Regular Customers,190.33142765369442
16809.0,32,9,1431.16,898,4.026905829596412,13,6.4177578475336325,21.45,5.262553279747306,103,24.555555555555557,6,543,0.242152466367713,294.32,5.6880595141909644,United Kingdom,Regular Customers,64.17862896217144
16810.0,162,4,786.14,367,9.657894736842104,36,20.687894736842104,91.8,19.637429808967713,34,9.5,3,228,0.0,0.0,0.0,United Kingdom,Regular Customers,173.59307330601231
16812.0,331,5,2216.8,1100,9.482758620689655,48,19.110344827586207,175.2,27.381601215002952,98,23.2,2,21,0.0,0.0,0.0,United Kingdom,VIP Customers,218.32951766694572
16813.0,20,9,1503.64,1422,3.485294117647059,288,3.6853921568627452,60.48,3.79640303615295,238,44.55555555555556,6,154,0.42401960784313725,148.54,5.00756391557177,United Kingdom,Regular Customers,411.0398056190878
16814.0,17,35,11434.61,4675,6.216755319148936,48,15.20559840425532,135.0,15.91142961682019,244,21.4,12,560,0.17952127659574468,481.74,6.1794782064384535,United Kingdom,Regular Customers,801.9691057429776
16815.0,424,2,406.02,237,3.2465753424657535,12,5.561917808219178,17.7,4.038596654482238,66,35.5,2,82,0.4520547945205479,0.0,0.0,United Kingdom,VIP Customers,-27.652896137607584
16816.0,73,4,417.06,274,9.785714285714286,24,14.895,23.4,4.981727723502271,28,7.0,4,254,0.6428571428571429,0.0,0.0,United Kingdom,Regular Customers,94.21005093119277
16817.0,3,17,2175.52,1182,8.627737226277372,36,15.87970802919708,79.9,14.615738894887869,95,8.058823529411764,7,399,0.0,217.32999999999998,5.386007679675025,United Kingdom,Regular Customers,293.37757570544227
16818.0,41,12,3190.21,2104,11.497267759562842,48,17.432841530054645,59.9,9.284080408107195,167,15.25,5,134,0.0546448087431694,127.76,4.8579502064306075,United Kingdom,Regular Customers,548.5992048993692
16819.0,435,2,182.59,253,14.882352941176471,120,10.740588235294117,30.24,7.831910263936439,17,8.5,1,0,0.0,0.0,0.0,United Kingdom,VIP Customers,-15.16898864752514
16820.0,66,1,497.61,307,11.807692307692308,48,19.138846153846153,35.4,7.655362213206153,26,26.0,1,0,0.0,0.0,0.0,United Kingdom,VIP Customers,79.11091226441985
16821.0,352,1,113.35,13,1.8571428571428572,4,16.192857142857143,23.8,4.676486267436676,7,7.0,1,0,0.0,0.0,0.0,United Kingdom,VIP Customers,-7.576990304147046
16822.0,634,3,144.84,166,12.76923076923077,48,11.141538461538461,23.8,14.538770492579399,12,4.333333333333333,3,67,0.07692307692307693,0.0,0.0,United Kingdom,VIP Customers,-135.694323809167
16823.0,197,8,2236.14,1165,6.695402298850575,36,12.851379310344827,61.2,11.277693997512735,149,20.875,6,510,0.13793103448275862,0.0,0.0,United Kingdom,Regular Customers,115.49270736414505
16824.0,134,2,448.5,288,11.076923076923077,24,17.25,35.4,6.893083489991979,24,13.0,2,229,0.0,237.74,5.475375093666893,United Kingdom,Regular Customers,146.18343280545298
16825.0,9,5,1826.8899999999999,1297,20.265625,144,28.545156249999998,93.6,24.63232293772822,48,12.8,3,495,0.0,0.0,0.0,United Kingdom,Regular Customers,71.473114357432
16826.0,21,1,341.7,158,7.181818181818182,12,15.531818181818181,24.9,4.447351953009723,22,22.0,1,0,0.0,0.0,0.0,United Kingdom,VIP Customers,82.81141061564091
16827.0,363,5,392.13,125,10.416666666666666,48,32.6775,162.72,46.133228435793335,10,2.2,4,195,0.0,0.0,0.0,United Kingdom,VIP Customers,-134.98597076604025
16828.0,63,2,128.5,59,7.375,12,16.0625,25.2,4.369680439443729,8,4.0,2,19,0.0,0.0,0.0,United Kingdom,VIP Customers,24.64164968648734
16829.0,127,2,513.32,215,7.962962962962963,25,19.011851851851855,39.75,7.6853071792054255,25,13.5,2,231,0.0,0.0,0.0,United Kingdom,Regular Customers,146.83412657277194
16830.0,9,5,1183.7,693,8.884615384615385,36,15.175641025641026,63.2,8.638852525675674,65,15.6,4,687,0.20512820512820512,0.0,0.0,United Kingdom,Regular Customers,-78.81195758177367
16831.0,535,1,91.8,48,8.0,12,15.299999999999999,19.5,3.116247743681494,6,6.0,1,0,0.0,0.0,0.0,United Kingdom,VIP Customers,-44.677458751502456
16832.0,154,5,417.61,179,8.523809523809524,36,19.886190476190478,81.36,18.830055888443475,19,4.2,4,274,0.0,0.0,0.0,United Kingdom,Regular Customers,99.93158500025746
16833.0,230,5,1973.8,744,9.662337662337663,48,25.633766233766234,295.0,33.86286644374247,74,15.4,3,363,0.6363636363636364,435.24,6.078192550617806,United Kingdom,Regular Customers,202.04622943798367
16834.0,198,2,898.9599999999999,760,15.833333333333334,32,18.72833333333333,81.6,11.678713739531808,43,24.0,2,446,0.0,0.0,0.0,United Kingdom,Regular Customers,43.83924609694279
16835.0,98,10,1389.76,474,5.448275862068965,24,15.974252873563218,76.5,11.563121775330629,58,8.7,6,441,0.0,0.0,0.0,United Kingdom,Regular Customers,97.08192629849276
16836.0,10,4,782.37,539,12.833333333333334,72,18.627857142857142,76.32,9.69581089722277,42,10.5,3,534,0.0,0.0,0.0,United Kingdom,Regular Customers,-0.10895065919496005
16837.0,1,12,3167.73,1562,9.409638554216867,96,19.082710843373494,175.2,16.58891277788406,123,13.833333333333334,5,214,0.0,0.0,0.0,United Kingdom,Regular Customers,473.40485035880283
16838.0,167,6,1126.66,504,8.262295081967213,24,18.469836065573773,165.0,21.12406656650208,54,10.166666666666666,4,465,0.5573770491803278,0.0,0.0,United Kingdom,Regular Customers,57.69974820618228
16839.0,1,46,18690.55,9887,27.162087912087912,144,51.347664835164835,297.0,61.99716057470192,132,7.913043478260869,12,635,0.07142857142857142,1725.48,7.453839932633208,United Kingdom,Regular Customers,1133.9922382020109
16840.0,573,3,126.71,116,11.6,24,12.671,19.5,9.373068334328947,10,3.3333333333333335,3,78,0.0,0.0,0.0,United Kingdom,VIP Customers,-126.3241019735992
16841.0,7,14,3841.16,3445,15.588235294117647,80,17.38081447963801,95.2,17.62462510928101,187,15.785714285714286,9,660,0.06334841628959276,0.0,0.0,United Kingdom,Regular Customers,191.86319359712132
16842.0,34,4,1260.44,692,10.8125,25,19.694375,66.0,10.768745026438525,45,16.0,4,238,0.0,0.0,0.0,United Kingdom,Regular Customers,194.79020568368992
16843.0,13,38,19528.78,18459,30.81636060100167,324,32.60230383973288,187.2,23.813665669314094,318,15.763157894736842,11,686,0.09181969949916527,0.0,0.0,United Kingdom,Regular Customers,1335.8147677558256
16844.0,533,2,614.34,281,8.78125,24,19.198125,53.1,9.139188019801887,26,16.0,1,20,0.0,0.0,0.0,United Kingdom,VIP Customers,2.7517703599484094
16845.0,588,1,253.88,167,8.35,25,12.693999999999999,35.4,8.367822077206798,20,20.0,1,0,0.0,0.0,0.0,United Kingdom,VIP Customers,-30.186927967325403
16846.0,20,3,842.41,517,11.0,48,17.923617021276595,31.6,6.018097859800782,47,15.666666666666666,3,589,0.0,0.0,0.0,United Kingdom,Regular Customers,-55.22001461138282
16847.0,13,2,614.89,255,6.891891891891892,24,16.618648648648648,25.5,3.494289915277782,37,18.5,2,574,0.0,0.0,0.0,United Kingdom,Regular Customers,-47.96034329434295
16848.0,23,4,1411.62,780,9.176470588235293,24,16.607294117647058,46.8,5.362873338815608,75,21.25,2,379,0.8352941176470589,0.0,0.0,United Kingdom,Regular Customers,160.04710843386258
16849.0,157,1,124.57,33,4.125,8,15.57125,19.9,3.168872884345923,8,8.0,1,0,0.0,0.0,0.0,United Kingdom,VIP Customers,30.651628147276767
16850.0,304,1,332.40999999999997,249,13.105263157894736,36,17.495263157894737,31.6,5.999257702620895,19,19.0,1,0,0.0,0.0,0.0,United Kingdom,VIP Customers,22.99228799566518
16851.0,13,2,239.46,190,13.571428571428571,24,17.104285714285716,39.6,8.748080857040515,12,7.0,1,9,0.0,102.99000000000001,4.644294740672142,United Kingdom,VIP Customers,79.31913292122513
16852.0,146,1,113.06,51,7.285714285714286,24,16.15142857142857,39.95,11.745269159071988,7,7.0,1,0,0.0,31.85,3.4919517449306197,United Kingdom,Regular Customers,276.6194520296032
16853.0,701,1,-67.5,-10,-5.0,-4,-33.75,-27.0,9.545941546018392,2,2.0,1,0,0.0,0.0,0.0,,,-73.03150394694237
16854.0,387,2,1408.96,997,13.293333333333333,60,18.786133333333336,49.05,10.465439763404184,72,37.5,2,223,0.0,0.0,0.0,United Kingdom,Regular Customers,188.55148295535923
16855.0,13,1,151.2,80,8.88888888888889,12,16.799999999999997,19.8,3.3000000000000007,9,9.0,1,0,0.0,177.2,5.182906515036709,United Kingdom,VIP Customers,60.58210779520692
16856.0,388,2,323.09,159,9.352941176470589,24,19.005294117647058,35.4,7.111882765526176,15,8.5,2,24,0.0,35.4,3.594568774642695,United Kingdom,Regular Customers,218.47094293747577
16857.0,413,1,352.8,168,15.272727272727273,32,32.07272727272727,81.6,19.470187000082504,11,11.0,1,0,0.0,0.0,0.0,United Kingdom,VIP Customers,-1.4604929102168
16858.0,336,16,4085.74,1367,9.695035460992909,96,28.976879432624113,204.0,32.26090090706333,78,8.75,9,358,0.15602836879432624,0.0,0.0,United Kingdom,Regular Customers,236.56443441708873
16859.0,76,10,1657.74,1728,13.292307692307693,96,12.751846153846154,120.0,18.663838716487632,87,13.0,5,539,0.0,0.0,0.0,United Kingdom,Regular Customers,122.86845451827315
16860.0,423,4,1593.67,624,14.181818181818182,72,36.219772727272726,163.2,38.20932216026798,35,11.0,3,209,0.0,0.0,0.0,United Kingdom,VIP Customers,-78.25310364283641
16861.0,30,6,924.48,609,11.941176470588236,48,18.127058823529413,102.0,15.053812579425538,40,8.5,4,448,0.29411764705882354,0.0,0.0,United Kingdom,Regular Customers,63.38269980511063
16862.0,517,4,662.3299999999999,513,14.657142857142857,72,18.923714285714283,50.4,9.595518588111323,34,8.75,3,154,0.0,0.0,0.0,United Kingdom,VIP Customers,-107.52129729509934
16863.0,1,4,832.8199999999999,639,13.3125,48,17.350416666666664,50.0,8.744269359483711,43,12.0,3,378,0.0,-20.0,,United Kingdom,Regular Customers,109.44730199864654
16864.0,404,2,409.25,283,16.647058823529413,72,24.073529411764707,76.32,16.578923721541933,17,8.5,2,164,0.0,0.0,0.0,United Kingdom,VIP Customers,-120.06047842469258
16865.0,372,1,130.95,157,9.8125,30,8.184375,25.5,7.4308976297169735,15,15.0,1,0,0.0,0.0,0.0,United Kingdom,VIP Customers,-0.7079022594783737
16866.0,111,3,207.74,60,5.454545454545454,12,18.885454545454547,45.0,18.94801116932137,10,3.6666666666666665,1,20,0.09090909090909091,0.0,0.0,United Kingdom,VIP Customers,56.82636980455587
16867.0,660,1,76.74,58,9.666666666666666,12,12.79,17.7,5.094055358945364,6,6.0,1,0,0.0,0.0,0.0,United Kingdom,VIP Customers,-68.97115353187792
16868.0,364,3,384.56,112,2.24,12,7.6912,25.5,6.00548138735585,47,16.0,3,199,0.78,0.0,0.0,United Kingdom,VIP Customers,-143.13564582962974
16869.0,15,4,664.3,445,4.494949494949495,48,6.71010101010101,40.8,7.295561761664711,92,24.5,2,130,0.0,133.02,4.897989042545024,United Kingdom,Regular Customers,340.0826296655641
16870.0,439,1,450.15999999999997,278,9.928571428571429,36,16.077142857142857,30.6,5.6686368190459495,28,28.0,1,0,0.0,0.0,0.0,United Kingdom,VIP Customers,11.412957388026854
16871.0,59,6,2316.41,1058,8.672131147540984,25,18.986967213114752,51.0,12.639153183877777,118,20.333333333333332,3,181,0.11475409836065574,445.08,6.100498308132105,United Kingdom,Regular Customers,381.5190618258813
16872.0,47,6,1213.1299999999999,1079,59.94444444444444,288,67.39611111111111,187.2,57.71573515071022,12,3.0,4,385,0.2777777777777778,0.0,0.0,United Kingdom,Regular Customers,34.024472142569635
16873.0,28,16,12692.2,7578,16.99103139013453,288,28.45784753363229,350.0,26.90059774339562,217,27.875,8,610,0.2399103139013453,1854.83,7.526087314323497,United Kingdom,Regular Customers,661.028848527017
16874.0,349,1,209.89,78,2.5161290322580645,12,6.7706451612903225,35.4,6.34472848669606,31,31.0,1,0,0.0,0.0,0.0,United Kingdom,VIP Customers,30.673861757210005
16875.0,34,20,4053.2,2055,8.154761904761905,36,16.084126984126982,81.6,12.362845877828867,162,12.6,9,639,0.0,0.0,0.0,United Kingdom,Regular Customers,253.108167403421
16876.0,374,1,136.01,181,5.65625,25,4.2503125,10.5,2.7187372357876116,32,32.0,1,0,0.0,0.0,0.0,United Kingdom,VIP Customers,18.76433776238963
16877.0,10,3,450.91,247,2.7444444444444445,25,5.010111111111112,25.0,5.4557017889532355,79,29.666666666666668,3,168,1.0,395.71,5.9832055351682865,United Kingdom,Regular Customers,219.5522153715518
16878.0,54,1,13.3,12,4.0,10,4.433333333333334,9.5,4.435744958102679,3,3.0,1,0,0.0,-13.3,,United Kingdom,VIP Customers,40.312751713518736
16879.0,390,2,-140.95999999999998,-2,-1.0,-1,-70.47999999999999,-15.0,78.46056844045931,2,1.0,2,18,0.0,0.0,0.0,,,-53.3192286699408
16880.0,1,8,1813.21,904,4.939890710382514,72,9.908251366120219,121.68,12.075064043339625,130,22.375,5,462,0.3770491803278688,0.0,0.0,United Kingdom,Regular Customers,181.89788019194305
16881.0,37,1,432.0,600,600.0,600,432.0,432.0,0.0,1,1.0,1,0,0.0,0.0,0.0,United Kingdom,VIP Customers,31.916741321237225
16882.0,37,3,705.12,424,10.871794871794872,25,18.080000000000002,119.4,18.97854300879923,39,13.0,3,250,0.0,0.0,0.0,United Kingdom,Regular Customers,186.00764904138893
16883.0,157,20,2236.11,1015,3.787313432835821,48,8.343694029850747,63.75,9.385926240743014,159,13.3,6,548,0.20149253731343283,0.0,0.0,United Kingdom,Regular Customers,284.5718693111203
16884.0,8,4,1070.97,520,7.027027027027027,36,14.472567567567568,51.0,9.041565517979729,64,18.0,3,532,0.0,0.0,0.0,United Kingdom,Regular Customers,32.30471844918506
16885.0,21,3,533.79,257,2.649484536082474,25,5.502989690721649,61.2,6.924859530005592,93,31.666666666666668,3,334,0.0,150.81,5.022629738944624,United Kingdom,Regular Customers,167.62204959659928
16886.0,415,2,0.0,0,0.0,12,0.0,19.8,17.47058480227074,8,8.0,1,11,0.0,0.0,0.0,United Kingdom,VIP Customers,-17.377561625361693
16887.0,5,3,658.17,423,4.188118811881188,25,6.516534653465346,51.0,6.9749549727067865,94,33.333333333333336,2,703,0.0,0.0,0.0,United Kingdom,Regular Customers,-45.4302960600223
16888.0,371,3,434.2,145,2.7884615384615383,12,8.35,37.9,8.848332733168588,44,17.0,3,300,0.0,0.0,0.0,United Kingdom,Regular Customers,62.18051576759004
16889.0,165,6,2526.65,1611,7.423963133640553,48,11.643548387096775,51.0,7.890703205220642,163,36.0,5,371,0.7788018433179723,0.0,0.0,United Kingdom,Regular Customers,219.93870826227155
16890.0,447,3,285.40999999999997,243,12.789473684210526,72,15.02157894736842,76.32,20.83024890851387,17,6.333333333333333,2,105,0.0,0.0,0.0,United Kingdom,VIP Customers,-77.34037458007748
16891.0,6,10,1624.49,625,1.5625,30,4.061225,17.7,3.1470547553956947,322,39.4,8,699,0.0,103.45,4.648708488002574,United Kingdom,Regular Customers,135.96820863088962
16892.0,154,4,323.59,207,3.3934426229508197,36,5.304754098360656,20.0,5.300824026053992,58,14.75,3,547,0.0,402.46,6.000077350206205,United Kingdom,Regular Customers,-45.532893522456305
16893.0,337,2,249.89000000000001,117,1.3448275862068966,6,2.8722988505747127,12.75,2.5576973206516116,80,42.5,2,9,0.4827586206896552,0.0,0.0,United Kingdom,VIP Customers,46.0935893316379
16894.0,472,5,1265.26,497,2.5751295336787563,72,6.555751295336788,30.0,5.3747866799055855,186,38.6,2,33,0.0051813471502590676,0.0,0.0,United Kingdom,VIP Customers,186.5509254459042
16895.0,35,5,1102.9,421,2.5828220858895707,24,6.766257668711657,65.4,9.42336216151243,135,31.2,5,601,0.0,0.0,0.0,United Kingdom,Regular Customers,20.094664430096117
16896.0,525,1,103.95,18,1.0,1,5.775,10.65,2.8138444499004023,18,18.0,1,0,0.0,0.0,0.0,United Kingdom,VIP Customers,-26.830649295033908
16897.0,269,3,213.03,58,1.3181818181818181,6,4.841590909090909,25.5,8.670026942149018,37,14.666666666666666,2,14,1.0,0.0,0.0,United Kingdom,VIP Customers,4.701463271614841
16898.0,147,5,633.6,494,2.5463917525773194,36,3.265979381443299,30.6,6.479008137451946,175,37.8,4,399,0.0,187.26,5.237823986119074,United Kingdom,Regular Customers,177.2266400811044
16899.0,60,6,1012.4399999999999,545,4.2578125,100,7.9096874999999995,72.0,8.934692882771559,91,21.166666666666668,5,307,0.3671875,683.33,6.528440257418357,United Kingdom,Regular Customers,155.6565731526936
16900.0,31,2,70.63,495,7.071428571428571,24,1.009,46.8,83.1169102093769,70,35.0,1,2,0.0,117.06,4.771192969812543,United Kingdom,Regular Customers,362.8129697962049
16901.0,699,1,204.26,42,1.826086956521739,9,8.880869565217392,25.5,5.960587153081998,23,23.0,1,0,0.0,0.0,0.0,United Kingdom,VIP Customers,-50.189608529554505
16902.0,86,1,1706.88,629,14.295454545454545,48,38.79272727272728,224.25,40.91703309185758,43,43.0,1,0,0.0,0.0,0.0,United Kingdom,VIP Customers,178.8020035422689
16903.0,350,3,646.25,444,3.441860465116279,24,5.00968992248062,30.0,6.085536636411025,107,39.666666666666664,2,35,0.0,363.2,5.897703167293508,United Kingdom,Regular Customers,345.37482639485097
16904.0,65,19,3970.16,2225,2.79874213836478,108,4.993911949685534,91.8,6.452289279347171,437,41.26315789473684,11,316,0.12955974842767295,705.2,6.559898483494286,United Kingdom,Regular Customers,646.2285683050868
16905.0,17,17,3634.43,1298,5.430962343096234,48,15.206820083682008,122.4,16.831170860481482,139,13.176470588235293,8,681,0.3263598326359833,1042.69,6.950517789482798,United Kingdom,Regular Customers,156.7796528522335
16906.0,52,7,1410.92,590,2.7699530516431925,96,6.624037558685447,101.76,9.2622076323627,180,30.0,5,493,0.0,0.0,0.0,United Kingdom,Regular Customers,168.26942712606828
16907.0,118,8,1201.1200000000001,382,2.146067415730337,24,6.7478651685393265,66.0,11.008513548976039,94,22.25,7,378,0.0,269.77,5.601269752035662,United Kingdom,Regular Customers,106.93484302212582
16908.0,692,2,153.59,41,1.9523809523809523,22,7.313809523809524,108.9,32.977637950009466,20,10.5,1,0,0.0,0.0,0.0,United Kingdom,VIP Customers,-26.99356061885726
16909.0,34,2,364.14,434,22.842105263157894,216,19.165263157894735,77.76,17.72534135964071,18,9.5,2,8,0.0,0.0,0.0,United Kingdom,VIP Customers,24.98507641010221
16910.0,22,6,1159.67,644,1.6640826873385013,12,2.99656330749354,19.9,2.72593271065199,258,64.5,2,38,0.0,349.29,5.85876138283622,United Kingdom,Regular Customers,619.1765653742981
16911.0,597,3,251.35,159,4.297297297297297,25,6.793243243243243,29.7,6.013782343756556,30,12.333333333333334,2,33,0.5135135135135135,0.0,0.0,United Kingdom,VIP Customers,-60.258633246074936
16912.0,38,16,4269.87,1644,9.785714285714286,48,25.415892857142858,76.5,15.451937201201954,125,10.5,8,663,0.08333333333333333,143.93,4.976250867234425,United Kingdom,Regular Customers,150.39953860269242
16913.0,260,3,423.91,229,12.722222222222221,72,23.550555555555558,126.0,39.48654059180795,18,6.0,1,361,0.0,0.0,0.0,United Kingdom,Regular Customers,68.64409742613432
16914.0,6,1,183.76,112,3.7333333333333334,40,6.125333333333333,50.0,10.190780394919285,25,25.0,1,0,0.0,0.0,0.0,United Kingdom,VIP Customers,85.70617794292008
16915.0,14,10,1433.5,148,2.242424242424242,8,21.71969696969697,149.85,35.51609268918472,51,6.6,9,525,0.0,109.67999999999999,4.706643154918725,United Kingdom,Regular Customers,-22.1802307161922
16916.0,342,3,536.04,320,2.711864406779661,60,4.54271186440678,19.9,3.9937229939200494,100,37.333333333333336,3,43,0.0,365.98,5.905307350656807,United Kingdom,Regular Customers,289.720113143273
16917.0,247,3,1842.93,791,15.509803921568627,72,36.13588235294118,122.4,30.170856479488318,46,15.666666666666666,2,451,0.0,0.0,0.0,United Kingdom,Regular Customers,61.584932732535435
16918.0,19,19,3131.31,2046,4.447826086956522,30,6.807195652173913,38.25,6.529023568909807,281,23.63157894736842,10,687,0.05217391304347826,0.0,0.0,United Kingdom,Regular Customers,260.2532629082068
16919.0,126,28,4837.56,2317,3.74313408723748,24,7.815121163166398,67.5,8.045499884497211,230,22.107142857142858,9,320,0.0,0.0,0.0,United Kingdom,Regular Customers,668.5537835209242
16920.0,381,1,355.45,81,3.5217391304347827,9,15.454347826086956,51.0,10.573884134588369,23,23.0,1,0,1.0,0.0,0.0,United Kingdom,VIP Customers,-13.875843028145425
16921.0,31,3,409.21,275,3.125,36,4.650113636363636,45.0,5.960771471769614,78,26.333333333333332,3,539,0.875,0.0,0.0,United Kingdom,Regular Customers,-27.725503070173403
16922.0,543,1,611.08,281,2.30327868852459,12,5.008852459016394,15.95,3.250852957803285,122,122.0,1,0,1.0,0.0,0.0,United Kingdom,VIP Customers,79.12483938194737
16923.0,11,38,11443.17,5401,5.450050454086781,192,11.547093844601413,150.0,14.915563379895145,385,25.263157894736842,11,637,0.8617558022199798,1128.98,7.029955212434711,United Kingdom,Regular Customers,920.5895787508026
16924.0,35,2,523.65,181,3.7708333333333335,18,10.909374999999999,49.5,11.05310034608563,44,24.0,2,19,0.0,198.99,5.2982673652979955,United Kingdom,Regular Customers,332.6593971761347
16925.0,510,1,125.65,123,6.833333333333333,25,6.980555555555556,17.0,4.745590488544847,18,18.0,1,0,0.0,0.0,0.0,United Kingdom,VIP Customers,-25.027742869453192
16926.0,341,6,1158.66,196,2.020618556701031,6,11.944948453608248,79.9,11.173450034541641,63,15.666666666666666,4,155,0.0,0.0,0.0,United Kingdom,VIP Customers,-9.611580995709886
16927.0,86,3,543.05,993,165.5,480,90.50833333333333,201.6,88.0855176329609,5,2.0,3,245,0.0,0.0,0.0,United Kingdom,Regular Customers,39.87257253944918
16928.0,50,33,3777.88,2518,7.723926380368098,60,11.588588957055215,79.95,13.919321352921937,135,9.545454545454545,11,594,0.24539877300613497,0.0,0.0,United Kingdom,Regular Customers,390.44562632707084
16929.0,7,4,645.5,472,11.512195121951219,32,15.74390243902439,39.6,5.6795457028044,34,10.25,4,118,0.0,649.89,6.47834065711726,United Kingdom,Regular Customers,240.4780745673075
16930.0,38,2,205.45,187,6.233333333333333,48,6.848333333333333,35.4,7.729141489254776,28,15.0,1,0,1.0,173.44,5.1615808429745655,United Kingdom,VIP Customers,57.7174637065973
16931.0,10,21,4325.85,2786,3.4310344827586206,36,5.327401477832513,29.7,4.203847221744734,425,38.285714285714285,12,357,0.8854679802955665,706.37,6.561553867051066,United Kingdom,Regular Customers,615.6055190208057
16932.0,23,3,412.55,217,1.631578947368421,20,3.1018796992481206,19.0,3.324815362924579,116,42.0,2,517,0.0,0.0,0.0,United Kingdom,Regular Customers,80.22070283539219
16933.0,205,14,2695.6,1353,4.956043956043956,36,9.873992673992674,81.6,10.82093174266236,196,18.928571428571427,7,494,0.0,322.05,5.777807110004175,United Kingdom,Regular Customers,262.88609838269906
16934.0,25,7,2062.89,933,6.479166666666667,30,14.325624999999999,44.94,8.73677011567752,128,20.285714285714285,5,566,0.9375,0.0,0.0,United Kingdom,Regular Customers,61.94715861081454
16935.0,352,3,530.86,273,3.9565217391304346,12,7.693623188405797,26.55,8.024134362514731,55,21.333333333333332,2,39,0.0,0.0,0.0,United Kingdom,VIP Customers,36.54893519103831
16936.0,356,1,286.39,168,2.0240963855421685,10,3.450481927710843,15.0,2.426486420790185,81,81.0,1,0,0.0,261.9,5.571773731735836,United Kingdom,Regular Customers,335.23510776345745
16937.0,469,1,196.25,123,2.510204081632653,12,4.005102040816326,17.85,2.950057289308816,49,49.0,1,0,0.0,0.0,0.0,United Kingdom,VIP Customers,26.459207169823657
16938.0,150,9,5836.48,3311,4.1181592039801,1515,7.259303482587064,833.25,42.00579656984184,541,88.55555555555556,6,480,0.24751243781094528,325.63,5.7888280317986185,United Kingdom,Regular Customers,559.6915546629101
16939.0,459,3,433.85,229,5.585365853658536,36,10.581707317073171,44.25,8.75105448001526,38,13.0,3,160,1.0,0.0,0.0,United Kingdom,VIP Customers,-148.98619944788703
16940.0,22,11,6245.41,4470,7.039370078740157,72,9.835291338582676,67.05,8.877288874537722,362,57.18181818181818,7,679,0.0,0.0,0.0,United Kingdom,Regular Customers,444.3889131346293
16941.0,582,1,33.0,12,6.0,6,16.5,17.7,1.6970562748477132,2,2.0,1,0,0.0,0.0,0.0,United Kingdom,VIP Customers,-60.13250316392708
16942.0,4,9,1616.8,684,3.013215859030837,24,7.122466960352423,47.7,6.473363468487037,130,24.77777777777778,5,193,0.13656387665198239,261.71,5.571050762202242,United Kingdom,Regular Customers,365.89671331755835
16943.0,182,7,816.73,145,3.918918918918919,12,22.073783783783785,241.38,81.87947495324221,24,5.285714285714286,4,419,0.0,0.0,0.0,United Kingdom,Regular Customers,73.81988501250004
16944.0,580,1,101.36,27,3.857142857142857,12,14.48,17.0,2.44840083864278,7,7.0,1,0,0.0,0.0,0.0,United Kingdom,VIP Customers,-53.45702949328961
16945.0,2,34,8225.96,5689,12.39433551198257,144,17.92148148148148,165.0,13.652582652533672,229,13.5,10,699,0.09586056644880174,304.7,5.722604228896789,United Kingdom,Regular Customers,662.6295524664503
16946.0,353,6,1199.54,503,6.618421052631579,18,15.783421052631578,45.0,8.747580016230252,69,12.666666666666666,4,264,0.15789473684210525,0.0,0.0,United Kingdom,Regular Customers,153.36642092116702
16947.0,206,10,896.73,613,10.216666666666667,48,14.945500000000001,45.0,11.847503695444003,51,6.0,5,410,0.0,0.0,0.0,United Kingdom,Regular Customers,91.39556993909727
16948.0,109,7,868.77,2091,48.627906976744185,900,20.203953488372093,50.4,12.88526920825536,20,6.142857142857143,7,517,0.3488372093023256,0.0,0.0,United Kingdom,Regular Customers,-281.7711417402303
16949.0,11,6,1079.23,698,12.925925925925926,72,19.98574074074074,250.0,49.735098483254895,53,9.0,5,275,0.3888888888888889,82.03999999999999,4.419322419417578,United Kingdom,Regular Customers,200.3576214051561
16950.0,27,12,3482.5899999999997,2339,15.91156462585034,96,23.691088435374148,163.2,21.069063346861046,111,12.083333333333334,8,627,0.5850340136054422,0.0,0.0,United Kingdom,Regular Customers,97.72075625970763
16951.0,93,4,1262.75,1306,15.011494252873563,48,14.514367816091953,47.85,7.895058316227094,73,21.75,3,180,0.0,0.0,0.0,United Kingdom,Regular Customers,283.29106927639145
16952.0,79,5,795.83,343,3.942528735632184,25,9.147471264367816,42.5,8.317718439738707,76,17.0,3,618,0.0,0.0,0.0,United Kingdom,Regular Customers,-22.526929862342598
16954.0,30,17,5422.81,3861,19.305,144,27.114050000000002,131.4,25.325767919275524,81,11.764705882352942,11,629,0.125,614.52,6.422467439003985,United Kingdom,Regular Customers,139.89403389960688
16955.0,155,9,1072.06,696,13.132075471698114,72,20.22754716981132,76.32,18.871606868282345,35,5.888888888888889,3,553,0.11320754716981132,0.0,0.0,United Kingdom,Regular Customers,31.63856610045397
16957.0,209,2,416.64,172,10.75,24,26.04,79.2,17.91356283192524,15,8.0,2,42,0.0,0.0,0.0,United Kingdom,VIP Customers,5.590497174338225
16958.0,405,1,778.49,514,7.3428571428571425,50,11.121285714285714,37.5,8.826020312398185,69,69.0,1,0,0.0,0.0,0.0,United Kingdom,VIP Customers,79.76170358945794
16959.0,57,1,117.35,49,7.0,10,16.764285714285712,30.0,9.243813890277933,7,7.0,1,0,0.0,0.0,0.0,United Kingdom,VIP Customers,49.10374381446442
16960.0,9,9,1969.43,1481,3.2911111111111113,36,4.376511111111111,31.2,4.003155443160239,334,47.888888888888886,5,608,0.10444444444444445,0.0,0.0,United Kingdom,Regular Customers,304.092320318249
16961.0,86,6,773.01,479,8.709090909090909,24,14.054727272727273,30.0,7.240150360252006,53,9.166666666666666,5,619,0.0,0.0,0.0,United Kingdom,Regular Customers,-88.59635583030129
16962.0,380,1,251.04,158,10.533333333333333,24,16.736,27.04,4.789282379885917,15,15.0,1,0,0.0,0.0,0.0,United Kingdom,VIP Customers,1.2268910769134322
16963.0,157,1,110.55,35,5.0,6,15.792857142857143,17.7,1.9685926807892844,7,7.0,1,0,1.0,0.0,0.0,United Kingdom,VIP Customers,-4.465568898862642
16964.0,703,2,207.85000000000002,49,8.166666666666666,24,34.64166666666667,88.2,33.98247219768842,6,3.0,1,0,1.0,0.0,0.0,United Kingdom,VIP Customers,-93.61176994159007
16965.0,197,1,201.19,291,11.192307692307692,108,7.738076923076923,31.32,8.33288714395234,26,26.0,1,0,0.0,0.0,0.0,United Kingdom,VIP Customers,32.81343742351726
16966.0,13,8,1483.31,1318,50.69230769230769,144,57.050384615384615,312.0,60.100486086604604,9,3.25,4,197,0.0,665.16,6.5015298819275635,United Kingdom,Regular Customers,298.72429625958154
16967.0,159,1,319.02,333,15.857142857142858,48,15.19142857142857,34.8,6.26828069386996,21,21.0,1,0,0.0,0.0,0.0,United Kingdom,VIP Customers,54.023730209125745
16968.0,78,1,253.31,98,6.533333333333333,25,16.887333333333334,24.75,3.162457151977753,15,15.0,1,0,0.0,186.12,5.2317501222759235,United Kingdom,Regular Customers,301.9506349634456
16969.0,9,3,650.41,816,19.428571428571427,216,15.48595238095238,47.7,7.376782317754184,42,14.0,3,152,0.0,0.0,0.0,United Kingdom,Regular Customers,201.77399427764428
16970.0,596,1,71.4,12,6.0,6,35.7,35.7,0.0,2,2.0,1,0,0.0,0.0,0.0,United Kingdom,VIP Customers,-61.89041692331074
16971.0,8,1,357.21,72,1.7560975609756098,12,8.712439024390243,125.0,19.17886203356286,40,40.0,1,0,0.0,-125.0,,United Kingdom,VIP Customers,134.82662583429504
16972.0,353,2,749.0,183,2.231707317073171,12,9.134146341463415,83.4,9.945542701765488,54,37.5,2,73,0.0,0.0,0.0,United Kingdom,VIP Customers,23.193003884416697
16973.0,356,1,127.0,60,10.0,10,21.166666666666668,29.5,4.0824829046386295,6,6.0,1,0,0.0,0.0,0.0,United Kingdom,VIP Customers,-7.478645362106732
16974.0,493,2,365.5,70,8.75,15,45.6875,89.25,28.478171465176622,5,4.0,2,41,0.0,0.0,0.0,United Kingdom,VIP Customers,-68.90700466449053
16975.0,384,5,902.42,580,12.340425531914894,40,19.20042553191489,102.0,20.343102234188336,44,9.4,3,91,0.0,0.0,0.0,United Kingdom,VIP Customers,13.762259708697513
16976.0,237,1,251.51999999999998,88,44.0,72,125.75999999999999,175.2,69.91871852372581,2,2.0,1,0,0.0,0.0,0.0,United Kingdom,VIP Customers,-12.982786536907696
16977.0,365,4,496.0,142,5.071428571428571,24,17.714285714285715,53.7,12.45681322679263,25,7.0,3,236,0.39285714285714285,0.0,0.0,United Kingdom,VIP Customers,-158.16832813897096
16978.0,47,3,768.88,285,4.253731343283582,24,11.475820895522387,99.75,16.50219371544223,65,22.333333333333332,2,588,0.0,0.0,0.0,United Kingdom,Regular Customers,4.713075881226672
16979.0,6,9,1834.68,1002,13.18421052631579,48,24.140526315789476,175.2,25.355095261491293,52,8.444444444444445,5,414,0.27631578947368424,952.41,6.860045031492727,United Kingdom,Regular Customers,173.83647400610073
16980.0,225,3,1422.83,990,9.339622641509434,220,13.422924528301886,233.2,23.43721452517367,91,33.666666666666664,3,173,0.0,0.0,0.0,United Kingdom,Regular Customers,276.63291928015167
16981.0,510,1,-4620.86,-1,-1.0,-1,-4620.86,-4620.86,0.0,1,1.0,1,0,0.0,0.0,0.0,,,-44.36248945563884
16982.0,31,1,384.06,182,8.272727272727273,18,17.457272727272727,25.2,4.304214083251305,22,22.0,1,0,0.0,0.0,0.0,United Kingdom,VIP Customers,80.71307274313372
16983.0,67,10,2758.96,1698,8.797927461139896,144,14.295129533678757,76.32,12.835191211924945,133,19.1,7,349,0.9948186528497409,720.52,6.581360097857453,United Kingdom,Regular Customers,210.6474416912496
16984.0,48,19,10195.15,5094,4.635122838944495,120,9.276751592356687,111.0,11.006846424741147,671,55.63157894736842,8,564,0.4194722474977252,0.0,0.0,United Kingdom,Regular Customers,1006.533907553808
16985.0,58,24,9162.08,2667,12.580188679245284,96,43.217358490566035,295.0,49.464079892629464,120,8.833333333333334,9,641,0.13679245283018868,1383.68,7.233224344994577,United Kingdom,Regular Customers,446.0936198846822
16986.0,415,9,3015.55,1499,8.76608187134503,60,17.634795321637426,117.0,11.11431918685405,64,19.0,4,228,0.0,1873.2,7.535937180689723,United Kingdom,Regular Customers,298.4898146886254
16987.0,12,11,2285.82,595,2.4688796680497926,22,9.484730290456433,187.0,14.516250492618735,152,21.636363636363637,6,695,0.3112033195020747,223.68,5.414677167664232,United Kingdom,Regular Customers,104.58325433599904
16988.0,350,1,256.55,115,8.846153846153847,24,19.734615384615385,30.0,6.053421367822519,13,13.0,1,0,0.0,126.12,4.845131522228461,United Kingdom,Regular Customers,248.26234382898167
16989.0,33,4,1027.65,1169,116.9,200,102.76500000000001,178.2,47.876276020128756,7,2.5,3,87,0.0,105.6,4.669083511731744,United Kingdom,Regular Customers,258.1311418456702
16990.0,189,2,344.0,200,100.0,100,172.0,179.0,9.899494936611665,1,1.0,2,203,0.0,0.0,0.0,United Kingdom,Regular Customers,114.26423775663793
16991.0,391,1,1041.21,793,10.716216216216216,36,14.070405405405406,67.5,8.864391817781325,74,74.0,1,0,0.0,0.0,0.0,United Kingdom,VIP Customers,115.50409650530887
16992.0,7,14,5245.65,1976,7.133574007220217,48,18.937364620938627,79.95,10.214924676450403,207,19.785714285714285,7,629,0.0,214.45,5.372728864061847,United Kingdom,Regular Customers,295.82886287702934
16993.0,433,3,1688.15,261,9.0,24,58.21206896551725,262.8,79.22481760242766,19,9.666666666666666,2,113,0.0,0.0,0.0,United Kingdom,VIP Customers,-6.316141752164981
16994.0,596,1,-779.32,-1,-1.0,-1,-779.32,-779.32,0.0,1,1.0,1,0,0.0,0.0,0.0,,,-52.5211124484064
16995.0,342,1,-1.25,-1,-1.0,-1,-1.25,-1.25,0.0,1,1.0,1,0,0.0,0.0,0.0,,,-2.328671007022905
16996.0,78,12,1628.98,732,9.631578947368421,40,21.43394736842105,102.0,20.49891822049462,30,6.333333333333333,6,309,0.0,415.18,6.031117858984634,United Kingdom,Regular Customers,205.6577505102767
16997.0,258,3,702.0,360,30.0,50,58.5,97.5,34.28291384666977,7,4.0,2,37,0.0,0.0,0.0,United Kingdom,VIP Customers,2.5257206358283213
16998.0,120,7,394.02,101,12.625,48,49.2525,189.6,68.87445135897634,3,1.1428571428571428,4,294,0.0,0.0,0.0,United Kingdom,Regular Customers,107.22471637949772
16999.0,44,1,245.82999999999998,141,8.294117647058824,24,14.460588235294116,20.8,4.319958724612186,17,17.0,1,0,0.0,238.99,5.480597255807245,United Kingdom,VIP Customers,65.67788100471955
17000.0,366,2,406.3,305,10.166666666666666,48,13.543333333333333,47.2,14.761858899234864,26,14.5,2,11,0.0,0.0,0.0,United Kingdom,VIP Customers,-0.16164446418869716
17001.0,16,17,5875.52,3392,13.788617886178862,80,23.884227642276425,68.0,12.950298334480529,102,14.470588235294118,11,578,0.21138211382113822,765.28,6.6415476381969,United Kingdom,Regular Customers,195.39673666562854
17002.0,43,8,2565.6,1264,14.870588235294118,48,30.183529411764706,122.4,21.65283164732361,64,10.625,4,568,0.15294117647058825,0.0,0.0,United Kingdom,Regular Customers,97.50711200858245
17003.0,372,4,828.21,494,4.45045045045045,20,7.461351351351352,42.0,7.36996909904543,90,27.75,3,176,0.0,0.0,0.0,United Kingdom,VIP Customers,-19.907320435610828
17004.0,16,4,2324.36,1233,17.869565217391305,180,33.68637681159421,268.2,39.63227580153409,48,17.25,3,377,0.0,0.0,0.0,United Kingdom,Regular Customers,189.2132732587073
17005.0,441,3,612.41,690,36.31578947368421,144,32.23210526315789,103.68,30.004331831503446,15,6.0,2,118,0.0,0.0,0.0,United Kingdom,VIP Customers,-82.55564212810867
17006.0,1,6,1243.1,423,4.147058823529412,24,12.187254901960783,74.25,14.152394483533513,83,16.833333333333332,4,613,0.18627450980392157,392.17,5.974242088312396,United Kingdom,Regular Customers,5.474308298608406
17007.0,21,8,1107.6,707,10.397058823529411,64,16.288235294117644,74.25,10.367485905633625,63,8.5,5,386,0.11764705882352941,0.0,0.0,United Kingdom,Regular Customers,133.82883776432533
17008.0,399,1,81.36,24,24.0,24,81.36,81.36,0.0,1,1.0,1,0,0.0,0.0,0.0,United Kingdom,VIP Customers,-26.790928772424706
17009.0,521,1,242.06,336,30.545454545454547,96,22.005454545454544,61.44,18.76765161848246,10,10.0,1,0,1.0,0.0,0.0,United Kingdom,VIP Customers,-72.50983268672991
17011.0,617,3,265.8,498,35.57142857142857,120,18.985714285714288,135.0,54.20923419978807,12,4.666666666666667,2,4,0.0,270.9,5.605434351638425,United Kingdom,Regular Customers,200.00686192026208
17012.0,695,1,360.61,251,6.972222222222222,32,10.016944444444444,30.0,7.9209472086701656,34,34.0,1,0,0.0,0.0,0.0,United Kingdom,VIP Customers,-31.882788618638244
17013.0,573,2,-3224.76,-2,-1.0,-1,-1612.38,-773.5,1186.3554732035423,1,1.0,1,0,0.0,0.0,0.0,,,-334.2680590331887
17014.0,2,3,333.06,112,1.9649122807017543,6,5.8431578947368426,51.0,8.966746534895064,53,19.0,2,34,0.0,229.62,5.44077133434297,United Kingdom,Regular Customers,350.8477772468648
17015.0,41,2,1566.03,1699,8.848958333333334,48,8.15640625,35.4,7.4634690852830925,160,95.0,2,114,0.0,272.58,5.6115940836612985,United Kingdom,Regular Customers,448.2228046811707
17016.0,547,1,552.4,309,7.536585365853658,60,13.473170731707317,51.0,11.401453293116713,41,41.0,1,0,0.0,0.0,0.0,United Kingdom,VIP Customers,8.51303758279937
17017.0,14,37,4431.89,7825,21.85754189944134,200,12.379581005586592,204.0,311.36654705647857,117,9.675675675675675,10,692,0.030726256983240222,2121.9,7.660538357437956,United Kingdom,Regular Customers,422.68705651188316
17018.0,11,6,2287.7,456,12.324324324324325,36,61.82972972972973,130.8,23.590980678415416,26,6.166666666666667,5,694,0.40540540540540543,0.0,0.0,United Kingdom,Regular Customers,-117.43870827579892
17019.0,232,12,3279.44,2212,3.8469565217391306,48,5.703373913043478,64.9,6.938866531087915,308,45.75,6,476,0.0,262.15,5.5727242117997875,United Kingdom,Regular Customers,406.7533699241202
17020.0,512,2,935.62,860,12.46376811594203,36,13.559710144927536,23.4,3.3993900711634994,64,34.5,2,104,0.0,0.0,0.0,United Kingdom,VIP Customers,-22.55070715053367
17021.0,412,6,1182.22,992,20.666666666666668,96,24.629583333333333,106.2,21.594710439633847,35,8.0,4,146,0.3541666666666667,0.0,0.0,United Kingdom,VIP Customers,-57.846002170227905
17022.0,1,2,260.0,180,11.25,24,16.25,59.7,12.775457721741324,16,8.0,2,401,0.5625,0.0,0.0,United Kingdom,Regular Customers,26.775518089500025
17023.0,387,3,800.18,530,10.816326530612244,24,16.33020408163265,35.4,5.697085325627745,48,16.333333333333332,3,280,0.0,0.0,0.0,United Kingdom,Regular Customers,90.89664363888852
17024.0,15,3,95.85,69,23.0,25,31.95,39.6,7.32512798523002,2,1.0,3,112,0.0,0.0,0.0,United Kingdom,Regular Customers,195.99199441783543
17025.0,31,5,1349.67,885,23.91891891891892,72,36.47756756756757,244.08,40.54382741110096,31,7.4,3,580,0.0,0.0,0.0,United Kingdom,Regular Customers,32.38673195891178
17026.0,155,3,175.83,107,21.4,72,35.166000000000004,121.68,48.56548959909702,4,1.6666666666666667,3,231,0.6,0.0,0.0,United Kingdom,Regular Customers,69.78559035580011
17027.0,49,10,1268.93,639,3.55,36,7.049611111111111,99.9,10.647111516594686,126,17.0,6,651,0.11666666666666667,0.0,0.0,United Kingdom,Regular Customers,35.849084446489854
17028.0,551,3,1593.83,856,9.010526315789473,48,16.777157894736842,59.4,7.4936295871692025,85,31.666666666666668,3,140,0.0,0.0,0.0,United Kingdom,VIP Customers,-24.09255249020643
17029.0,81,7,2137.3,1265,43.62068965517241,200,73.7,358.0,109.13910766278315,19,4.142857142857143,7,553,0.13793103448275862,0.0,0.0,United Kingdom,Regular Customers,-58.210164736287
17030.0,34,1,146.87,146,13.272727272727273,48,13.351818181818182,30.0,7.166989351438746,11,11.0,1,0,0.0,0.0,0.0,United Kingdom,VIP Customers,55.099530314589856
17031.0,125,5,2619.45,1485,36.21951219512195,100,63.8890243902439,165.0,56.41537192135127,28,8.2,5,426,0.0,154.4,5.046002437933547,United Kingdom,Regular Customers,58.75797972498384
17032.0,412,13,2129.78,1656,6.786885245901639,48,8.72860655737705,63.75,49.572369499585285,184,18.615384615384617,6,287,0.0,0.0,0.0,United Kingdom,Regular Customers,328.4027608927606
17033.0,56,4,1332.79,871,21.775,240,33.31975,254.4,44.45851240850197,33,10.0,4,311,0.3,0.0,0.0,United Kingdom,Regular Customers,116.6770216639525
17034.0,50,5,862.13,489,10.1875,48,17.961041666666667,69.6,13.927672475829247,39,9.6,4,433,0.0,369.69,5.91536613380146,United Kingdom,Regular Customers,48.00666840193955
17035.0,216,5,568.39,299,8.08108108108108,36,15.361891891891892,59.4,14.153741130456924,29,7.4,3,491,0.0,0.0,0.0,United Kingdom,Regular Customers,-17.7046701840857
17036.0,353,1,176.9,76,6.333333333333333,24,14.741666666666667,30.0,7.716064509525016,12,12.0,1,0,1.0,0.0,0.0,United Kingdom,VIP Customers,-35.5442400906434
17037.0,48,2,1253.22,652,8.467532467532468,24,16.275584415584415,30.6,6.564936463697535,75,38.5,1,9,0.0,0.0,0.0,United Kingdom,VIP Customers,174.16880415423105
17038.0,385,1,630.77,507,12.365853658536585,40,15.384634146341464,40.56,9.396528374235075,41,41.0,1,0,0.0,112.4,4.730921391293652,United Kingdom,Regular Customers,294.43846404982537
17039.0,574,1,1954.99,689,15.659090909090908,96,44.43159090909091,170.0,42.98545805719525,44,44.0,1,0,0.0,0.0,0.0,United Kingdom,VIP Customers,60.60186172267939
17040.0,108,2,463.25,189,11.8125,25,28.953125,175.2,44.91875610013408,15,8.0,2,412,0.0,0.0,0.0,United Kingdom,Regular Customers,43.29988570711495
17041.0,79,6,1318.8,911,8.759615384615385,36,12.680769230769231,35.4,7.786369306381168,80,16.833333333333332,4,491,0.5480769230769231,320.6,5.773308537304811,United Kingdom,Regular Customers,57.830175195688184
17042.0,91,4,915.02,888,10.090909090909092,48,10.397954545454546,40.56,7.813819199384431,69,22.0,4,125,0.0,121.56,4.808600705992281,United Kingdom,Regular Customers,269.05640663052554
17043.0,2,8,2593.65,1616,8.120603015075377,144,13.033417085427136,175.2,15.928450861600249,175,24.5,6,698,0.0,0.0,0.0,United Kingdom,Regular Customers,86.1649383276033
17044.0,329,14,10935.07,5199,34.203947368421055,144,71.94125,225.0,45.763232998266645,91,10.857142857142858,7,373,0.0,932.53,6.838973099583763,United Kingdom,Regular Customers,516.1970793516116
17045.0,83,5,827.6800000000001,294,5.547169811320755,50,15.616603773584908,79.9,14.76988801887088,44,10.4,5,316,0.16981132075471697,0.0,0.0,United Kingdom,Regular Customers,89.52911544005426
17046.0,127,5,1906.07,1636,19.24705882352941,96,22.42435294117647,101.76,17.630988307053954,76,17.0,4,463,0.0,0.0,0.0,United Kingdom,Regular Customers,100.99592911139035
17047.0,55,6,2289.23,1184,8.338028169014084,48,16.121338028169014,39.8,5.61595816760112,114,23.666666666666668,5,646,0.0,0.0,0.0,United Kingdom,Regular Customers,13.24361804242065
17048.0,85,11,1991.45,1033,9.654205607476635,48,18.611682242990653,94.8,17.3856994197292,88,9.727272727272727,5,575,0.04672897196261682,0.0,0.0,United Kingdom,Regular Customers,104.84107305146358
17049.0,23,22,8511.95,3564,6.867052023121388,48,16.400674373795763,250.0,14.47986830823674,311,23.5,8,592,0.04046242774566474,1076.88,6.982751428018543,United Kingdom,Regular Customers,691.9257170338257
17050.0,66,12,4348.46,2431,6.945714285714286,144,12.424171428571428,300.13,27.27275075673011,194,28.583333333333332,9,585,0.9542857142857143,0.0,0.0,United Kingdom,Regular Customers,220.3934467526611
17051.0,164,4,706.49,507,3.270967741935484,48,4.558,29.25,4.96421302011617,107,37.75,3,433,1.0,0.0,0.0,United Kingdom,Regular Customers,64.49654878968329
17053.0,99,2,496.38,121,8.642857142857142,12,35.455714285714286,65.7,19.210503823243606,13,7.0,1,2,0.0,0.0,0.0,United Kingdom,VIP Customers,73.1616726113048
17054.0,105,5,1204.82,737,9.95945945945946,48,16.28135135135135,65.4,9.305235722294407,58,14.8,3,110,0.0,149.01,5.010701958540799,United Kingdom,Regular Customers,316.78257870929326
17055.0,416,1,232.85,83,3.1923076923076925,12,8.955769230769231,30.6,7.883442483117093,24,24.0,1,0,0.0,0.0,0.0,United Kingdom,VIP Customers,7.149895329678856
17056.0,708,1,128.60000000000002,26,3.25,12,16.075000000000003,83.4,27.607749947122766,8,8.0,1,0,0.0,0.0,0.0,United Kingdom,VIP Customers,-65.19685995567954
17057.0,566,1,294.74,129,2.58,16,5.8948,27.04,5.319559687164542,48,48.0,1,0,0.0,0.0,0.0,United Kingdom,VIP Customers,9.863687211006209
17058.0,52,3,1179.89,592,9.548387096774194,32,19.030483870967743,41.7,8.679344129375735,51,20.666666666666668,3,158,0.0,0.0,0.0,United Kingdom,Regular Customers,249.77426448628276
17059.0,80,9,4003.58,2530,4.392361111111111,108,6.950659722222222,70.8,6.700455733923668,292,62.55555555555556,7,572,0.4253472222222222,843.29,6.7384960374740785,United Kingdom,Regular Customers,285.7497710077864
17060.0,236,1,234.23999999999998,216,43.2,144,46.848,152.64,59.47754635154345,5,5.0,1,0,0.0,0.0,0.0,United Kingdom,VIP Customers,1.029962818769775
17061.0,44,12,5116.13,1484,14.693069306930694,100,50.65475247524753,415.0,65.17584051769582,57,8.416666666666666,6,158,0.10891089108910891,0.0,0.0,United Kingdom,Regular Customers,508.472393464142
17062.0,284,7,885.85,642,5.262295081967213,36,7.261065573770492,25.5,5.272579434820398,82,17.142857142857142,4,125,0.7868852459016393,0.0,0.0,United Kingdom,Regular Customers,255.31922309090268
17063.0,21,21,3212.36,1664,8.32,36,16.0618,50.4,9.520099169704324,141,9.523809523809524,10,687,0.1,364.52,5.901320997255016,United Kingdom,Regular Customers,147.18765369160408
17064.0,29,3,855.4499999999999,316,5.180327868852459,16,14.023770491803278,76.5,10.547212769879762,53,20.0,3,268,0.36065573770491804,0.0,0.0,United Kingdom,Regular Customers,171.06881922959792
17065.0,113,3,82.35000000000001,81,6.230769230769231,12,6.334615384615385,59.7,40.69624462924161,7,4.333333333333333,2,494,0.0,0.0,0.0,United Kingdom,VIP Customers,-291.6853402673761
17066.0,696,1,228.34,93,5.166666666666667,12,12.685555555555556,29.7,8.184245426587253,17,17.0,1,0,1.0,0.0,0.0,United Kingdom,VIP Customers,-90.03437057505533
17067.0,695,3,454.53999999999996,322,24.76923076923077,72,34.964615384615385,76.32,20.322480415943577,8,4.333333333333333,1,6,0.0,0.0,0.0,United Kingdom,VIP Customers,-38.35178207134504
17068.0,20,47,8643.25,4188,4.286591606960082,24,8.846724667349028,85.0,7.34379605454241,246,20.659574468085108,11,571,0.1647901740020471,309.78000000000003,5.739085266358588,United Kingdom,Regular Customers,918.524067053453
17069.0,48,19,4790.56,2738,10.53076923076923,48,18.425230769230772,122.4,14.422561648421697,180,13.68421052631579,7,658,0.11538461538461539,650.79,6.479722424156282,United Kingdom,Regular Customers,334.5397123787085
17070.0,84,2,437.42,232,2.2524271844660193,25,4.2467961165048544,23.8,4.193442175773192,102,51.5,2,296,0.0,0.0,0.0,United Kingdom,Regular Customers,191.8678608121649
17071.0,30,17,3308.7,1601,8.005,48,16.543499999999998,60.0,11.374298708295282,130,11.764705882352942,10,624,0.25,422.26,6.047986647432308,United Kingdom,Regular Customers,111.46397936113163
17072.0,595,1,273.34999999999997,212,10.095238095238095,25,13.016666666666666,34.8,7.940203607800831,20,20.0,1,0,0.0,0.0,0.0,United Kingdom,VIP Customers,-29.727961983875673
17073.0,23,3,1166.72,600,4.3478260869565215,48,8.454492753623189,34.65,6.191437939236859,116,45.333333333333336,3,56,0.391304347826087,279.37,5.63611015942233,United Kingdom,Regular Customers,374.86799080134074
17074.0,533,1,203.05,19,4.75,7,50.7625,89.25,37.85928716972891,4,4.0,1,0,0.0,0.0,0.0,United Kingdom,VIP Customers,-48.826299978482325
17075.0,223,10,2078.23,731,3.909090909090909,30,11.113529411764706,59.5,9.194680752638863,140,18.3,6,472,0.0,138.05,4.934833580679974,United Kingdom,Regular Customers,150.4169048378768
17076.0,6,6,1242.75,514,10.28,72,24.855,76.32,19.55057536081165,31,8.333333333333334,3,699,0.0,0.0,0.0,United Kingdom,Regular Customers,-86.00573109314414
17077.0,548,1,306.0,36,36.0,36,306.0,306.0,0.0,1,1.0,1,0,0.0,0.0,0.0,United Kingdom,VIP Customers,-55.00179547860313
17078.0,6,2,378.2,788,28.142857142857142,100,13.507142857142856,61.2,17.697888523805833,28,14.0,1,0,0.0,0.0,0.0,United Kingdom,VIP Customers,109.21202482034822
17079.0,48,1,118.8,24,12.0,12,59.4,59.4,0.0,2,2.0,1,0,0.0,0.0,0.0,United Kingdom,VIP Customers,43.48427050250223
17080.0,238,7,744.11,473,17.51851851851852,72,27.55962962962963,76.32,17.86432725626936,19,3.857142857142857,3,258,0.0,211.3,5.35800036870921,United Kingdom,Regular Customers,156.43390312649535
17081.0,16,5,772.38,329,1.970059880239521,25,4.62502994011976,25.5,4.211944128602809,140,33.2,5,608,0.19161676646706588,177.01,5.181839728489342,United Kingdom,Regular Customers,-4.284945681571543
17082.0,3,6,4732.03,2526,14.858823529411765,72,27.835470588235292,250.0,23.113411718232477,117,28.333333333333332,4,691,0.3352941176470588,0.0,0.0,United Kingdom,Regular Customers,164.33070401358867
17083.0,79,11,4035.08,1950,16.666666666666668,40,34.487863247863245,150.0,34.6659676804574,31,10.636363636363637,9,619,0.0,0.0,0.0,United Kingdom,Regular Customers,0.9649311117694594
17084.0,5,4,4997.96,3177,11.26595744680851,75,17.723262411347516,87.0,11.986313962802784,264,70.0,1,361,0.0,0.0,0.0,United Kingdom,Regular Customers,567.7897648644939
17085.0,93,32,7713.67,3535,3.5527638190954773,42,7.7524321608040205,68.0,6.788685796472706,411,30.53125,11,610,0.7959798994974875,0.0,0.0,United Kingdom,Regular Customers,731.3471969151273
17086.0,1,4,1252.06,1162,19.366666666666667,100,20.867666666666665,179.0,23.048868891447608,55,15.0,2,33,0.0,798.02,6.683385976742109,United Kingdom,Regular Customers,428.5818434244194
17087.0,708,1,221.53,113,9.416666666666666,24,18.460833333333333,33.0,6.794733867734139,12,12.0,1,0,0.0,0.0,0.0,United Kingdom,VIP Customers,-66.56830189030796
17088.0,43,3,1751.73,747,7.545454545454546,24,17.694242424242425,39.8,5.952621458344641,88,33.0,3,181,0.0,239.28,5.48180490998196,United Kingdom,Regular Customers,295.15843679454724
17089.0,356,1,128.45,35,8.75,12,32.1125,45.0,15.303941485774178,4,4.0,1,0,0.0,0.0,0.0,United Kingdom,VIP Customers,-15.077655753810603
17090.0,16,14,2762.6,1197,13.758620689655173,72,31.754022988505746,162.72,37.40140475722027,54,6.142857142857143,7,461,0.0,224.04,5.416278164181602,United Kingdom,Regular Customers,184.293994881866
17091.0,2,22,7011.35,3546,8.07744874715262,72,15.97118451025057,69.6,9.117123132335687,242,19.818181818181817,11,706,0.0,450.8,6.113239604033903,United Kingdom,Regular Customers,367.8877648582611
17092.0,20,14,5479.76,3762,9.524050632911392,120,13.872810126582278,71.4,9.85015204870657,274,27.071428571428573,8,625,0.0,0.0,0.0,United Kingdom,Regular Customers,361.64792425127837
17093.0,563,1,235.88,114,8.76923076923077,12,18.144615384615385,47.7,9.616333860836829,13,13.0,1,0,0.0,0.0,0.0,United Kingdom,VIP Customers,-30.368282009415424
17094.0,288,3,370.4,208,10.947368421052632,24,19.49473684210526,59.4,21.42932761127481,18,6.333333333333333,2,105,0.0,0.0,0.0,United Kingdom,VIP Customers,-40.4920867837603
17095.0,269,10,1550.24,1299,12.861386138613861,144,15.348910891089108,135.6,28.071691680445273,84,10.1,6,425,0.5148514851485149,762.35,6.637716641702951,United Kingdom,Regular Customers,89.39858380152509
17096.0,24,15,3317.9,1454,7.418367346938775,40,16.928061224489795,102.0,12.719843343509062,148,12.866666666666667,6,501,0.2653061224489796,311.68,5.74518030335213,United Kingdom,Regular Customers,301.87927586563035
17097.0,70,8,811.97,371,2.0054054054054054,12,4.389027027027027,39.8,4.833552807597201,136,23.0,4,330,0.021621621621621623,314.89,5.7553940517197795,Spain,Regular Customers,268.5119078976654
17098.0,352,3,591.07,125,6.944444444444445,18,32.83722222222222,76.2,20.554645619322844,10,6.0,3,159,0.0,0.0,0.0,United Kingdom,VIP Customers,-117.73171506896327
17099.0,503,1,582.17,317,7.925,24,14.55425,30.6,4.982324597759153,40,40.0,1,0,0.0,0.0,0.0,United Kingdom,VIP Customers,21.495835439909172
17101.0,22,5,1785.05,719,11.412698412698413,48,28.334126984126982,118.8,25.55155399825127,53,12.6,3,498,0.0,722.0,6.583409222158765,United Kingdom,Regular Customers,88.43678535753102
17102.0,232,1,25.5,2,2.0,2,25.5,25.5,0.0,1,1.0,1,0,0.0,0.0,0.0,United Kingdom,VIP Customers,5.415832929497839
17103.0,692,1,424.3,471,14.71875,48,13.259375,20.4,3.5042986850714573,32,32.0,1,0,0.0,0.0,0.0,United Kingdom,VIP Customers,-31.924128601904727
17104.0,394,1,474.03000000000003,149,7.842105263157895,18,24.948947368421056,102.0,20.23209411217096,19,19.0,1,0,0.0,0.0,0.0,United Kingdom,VIP Customers,25.966239046221887
17105.0,129,2,665.78,693,7.7,100,7.397555555555555,16.5,4.124410291143195,80,45.0,2,147,1.0,0.0,0.0,United Kingdom,Regular Customers,222.0265747783106
17106.0,359,1,481.58,153,3.0,12,9.442745098039216,45.0,8.732010553917435,51,51.0,1,0,0.0,0.0,0.0,United Kingdom,VIP Customers,62.97595520849492
17107.0,3,13,15595.37,7219,10.600587371512482,192,22.900690161527166,222.0,35.29985044910047,378,51.0,8,644,0.7914831130690162,0.0,0.0,United Kingdom,Regular Customers,778.9215119126924
17108.0,634,1,174.95,31,3.4444444444444446,6,19.438888888888886,38.1,11.853369188172245,9,9.0,1,0,1.0,0.0,0.0,United Kingdom,VIP Customers,-90.72781180884249
17109.0,2,9,1167.49,680,4.927536231884058,36,8.460072463768116,40.56,9.014947238744018,124,15.11111111111111,4,465,0.0,108.86,4.699206827914474,United Kingdom,Regular Customers,188.1813088020294
17110.0,135,3,499.9,136,2.7755102040816326,10,10.20204081632653,38.25,9.840133378921546,38,15.666666666666666,3,444,0.0,0.0,0.0,United Kingdom,Regular Customers,5.5373013331340815
17111.0,17,2,459.58,581,12.104166666666666,72,9.574583333333333,25.5,5.981089688781487,44,24.0,1,378,1.0,0.0,0.0,United Kingdom,Regular Customers,77.72471203142487
17112.0,473,1,197.57,130,2.765957446808511,10,4.203617021276596,15.3,3.0303331898395447,44,44.0,1,0,1.0,0.0,0.0,United Kingdom,VIP Customers,-14.533549812021874
17113.0,475,8,2092.16,814,4.760233918128655,36,12.23485380116959,59.4,11.717293371299037,125,20.875,5,192,0.49707602339181284,0.0,0.0,United Kingdom,VIP Customers,10.179390217535442
17114.0,3,9,654.68,169,1.5363636363636364,12,5.951636363636363,25.0,5.719782110316025,72,12.11111111111111,7,301,0.6818181818181818,85.03999999999999,4.454812304399529,United Kingdom,Regular Customers,121.79750130913447
17115.0,149,12,2391.61,753,6.172131147540983,48,19.603360655737706,102.0,17.716076446146644,99,10.166666666666666,6,555,0.12295081967213115,224.68,5.419118066693741,United Kingdom,Regular Customers,107.56050366764413
17116.0,618,1,389.78,392,8.340425531914894,72,8.293191489361702,23.1,5.806801524143524,47,47.0,1,0,0.0,0.0,0.0,United Kingdom,VIP Customers,-8.385814176505846
17117.0,258,1,116.2,68,7.555555555555555,12,12.911111111111111,19.8,4.861376976856569,9,9.0,1,0,0.0,0.0,0.0,United Kingdom,VIP Customers,13.02498127515662
17118.0,288,1,157.02,154,15.4,24,15.702000000000002,30.6,6.476668896894451,10,10.0,1,0,0.0,0.0,0.0,United Kingdom,VIP Customers,12.132971327036358
17119.0,16,2,533.95,299,8.794117647058824,48,15.704411764705883,30.6,8.664667435320636,31,17.0,1,13,0.0,59.660000000000004,4.105284502260435,United Kingdom,Regular Customers,342.4801327522663
17120.0,203,1,307.46,120,6.666666666666667,12,17.08111111111111,25.5,3.730700752482724,18,18.0,1,0,0.0,0.0,0.0,United Kingdom,VIP Customers,41.32736541667583
17121.0,373,1,314.74,106,8.833333333333334,16,26.228333333333335,59.7,13.8100291839158,12,12.0,1,0,0.0,0.0,0.0,United Kingdom,VIP Customers,4.834644302071723
17122.0,89,4,570.5,368,12.266666666666667,24,19.016666666666666,47.2,8.436730995181575,23,7.5,4,380,0.0,0.0,0.0,United Kingdom,Regular Customers,35.73382086221963
17123.0,132,3,977.1700000000001,676,15.720930232558139,96,22.724883720930233,81.6,17.600135331202246,37,14.333333333333334,3,410,0.7906976744186046,0.0,0.0,United Kingdom,Regular Customers,13.344973249943877
17124.0,155,1,294.24,129,4.161290322580645,18,9.491612903225807,29.75,7.66939549846192,31,31.0,1,0,0.0,0.0,0.0,United Kingdom,VIP Customers,66.33435564732699
17125.0,20,1,230.5,281,8.028571428571428,100,6.585714285714285,35.4,6.933973602197111,34,34.0,1,0,0.0,0.0,0.0,United Kingdom,VIP Customers,80.6355722710538
17126.0,122,11,2003.53,1424,3.185682326621924,72,4.482170022371364,71.6,5.694034561308645,295,39.27272727272727,6,313,0.7360178970917226,0.0,0.0,United Kingdom,Regular Customers,428.1858498063009
17127.0,399,5,1155.03,340,9.18918918918919,36,31.217027027027026,153.0,26.91122038448986,27,7.4,5,306,0.13513513513513514,0.0,0.0,United Kingdom,Regular Customers,48.646238774231875
17128.0,305,1,157.09,76,5.428571428571429,24,11.220714285714285,30.0,7.111962256849873,14,14.0,1,0,1.0,0.0,0.0,United Kingdom,VIP Customers,-23.101180399833765
17129.0,490,1,31.85,5,2.5,3,15.925,17.0,1.520279579551078,2,2.0,1,0,0.0,0.0,0.0,United Kingdom,VIP Customers,-42.67887972607775
17130.0,652,1,-18.38,-1,-1.0,-1,-18.38,-18.38,0.0,1,1.0,1,0,0.0,0.0,0.0,,,-61.5800618206591
17131.0,3,4,1395.84,565,7.635135135135135,32,18.862702702702702,81.6,14.17616031802894,61,17.75,3,42,1.0,1067.33,6.973851960556988,United Kingdom,Regular Customers,343.22337054197783
17132.0,422,2,1220.91,963,13.56338028169014,96,17.19591549295775,45.0,10.548548522693238,62,34.0,2,36,0.5774647887323944,0.0,0.0,United Kingdom,VIP Customers,16.27417883678737
17133.0,4,11,12617.14,8868,150.3050847457627,1440,213.84983050847455,1632.0,353.43498356153594,22,5.363636363636363,7,594,0.3220338983050847,354.95,5.874790271549882,United Kingdom,Regular Customers,422.85056716652855
17134.0,77,3,625.3,144,4.0,12,17.369444444444444,31.8,5.838594226325592,31,12.0,3,335,0.5277777777777778,0.0,0.0,United Kingdom,Regular Customers,64.6109030728779
17135.0,8,9,1461.56,1539,11.485074626865671,96,10.907164179104477,85.0,12.417199362898033,96,14.555555555555555,6,541,0.5746268656716418,249.7,5.524257005164247,United Kingdom,Regular Customers,62.6401315448453
17136.0,632,1,231.68,256,18.285714285714285,48,16.548571428571428,19.8,2.166929259939608,14,14.0,1,0,0.0,0.0,0.0,United Kingdom,VIP Customers,-52.1192985998573
17137.0,386,6,1099.81,680,4.07185628742515,25,6.585688622754491,35.4,6.416073704531317,125,27.5,5,261,0.7245508982035929,0.0,0.0,United Kingdom,Regular Customers,159.0569155636849
17138.0,246,7,4417.2699999999995,2024,7.90625,72,17.254960937499998,90.0,7.718887149194342,234,36.57142857142857,5,397,0.0,0.0,0.0,United Kingdom,Regular Customers,360.1280802381425
17139.0,9,28,19005.39,9601,12.076729559748427,60,23.906150943396227,165.0,18.831301191409217,445,28.392857142857142,10,658,0.05157232704402516,468.52,6.151710896250079,United Kingdom,Regular Customers,1194.3321144039112
17140.0,217,1,454.12,296,16.444444444444443,144,25.22888888888889,180.0,45.18775066826757,16,16.0,1,0,0.0,0.0,0.0,United Kingdom,VIP Customers,44.00877054942353
17141.0,388,4,727.58,423,2.611111111111111,12,4.491234567901235,17.0,2.992154080928158,138,40.25,2,266,1.0,0.0,0.0,United Kingdom,Regular Customers,194.95767830968865
17142.0,209,4,1275.25,322,3.6179775280898876,12,14.32865168539326,195.0,22.17735188875698,78,22.25,4,445,0.6179775280898876,0.0,0.0,United Kingdom,Regular Customers,69.05359456228086
17143.0,387,2,880.97,314,2.8035714285714284,25,7.865803571428572,45.9,7.999031094298529,82,50.5,2,98,0.0,0.0,0.0,United Kingdom,VIP Customers,20.960423001840496
17144.0,54,1,595.89,351,15.26086956521739,200,25.90826086956522,99.0,23.813766578517697,23,23.0,1,0,0.0,388.68,5.9653258894982875,United Kingdom,Regular Customers,300.77328101669207
17145.0,435,7,3014.64,2563,13.779569892473118,288,16.20774193548387,106.2,11.926653424184433,168,26.571428571428573,3,193,0.0,0.0,0.0,United Kingdom,VIP Customers,130.73088864475483
17146.0,76,16,5788.39,2172,7.074918566775244,48,18.85469055374593,197.1,18.022790206172147,164,19.0,10,570,0.1465798045602606,0.0,0.0,United Kingdom,Regular Customers,283.0368781100813
17147.0,51,15,2703.86,1102,8.412213740458014,48,20.640152671755725,175.2,23.552791700764246,89,8.733333333333333,8,616,0.0,365.29,5.903425369384816,United Kingdom,Regular Customers,111.30133714703635
17148.0,22,1,124.88,82,9.11111111111111,12,13.875555555555556,19.8,4.187944337951231,9,9.0,1,0,0.0,0.0,0.0,United Kingdom,VIP Customers,58.94340043417404
17149.0,421,1,143.10000000000002,18,3.0,3,23.850000000000005,23.85,0.0,6,6.0,1,0,0.0,0.0,0.0,United Kingdom,VIP Customers,-21.225436309343223
17150.0,347,6,1357.95,397,4.315217391304348,24,14.760326086956523,35.4,6.676005986849835,64,15.333333333333334,5,357,0.8804347826086957,0.0,0.0,United Kingdom,Regular Customers,34.09951778049222
17151.0,705,1,231.90000000000003,42,10.5,12,57.97500000000001,65.4,14.85,4,4.0,1,0,0.0,0.0,0.0,United Kingdom,VIP Customers,-80.79840596717435
17152.0,165,5,1830.5,537,29.833333333333332,120,101.69444444444444,558.0,181.07411294573546,9,3.6,3,230,0.5555555555555556,0.0,0.0,United Kingdom,Regular Customers,215.42058722308116
17154.0,45,1,329.34,490,21.304347826086957,96,14.319130434782608,25.5,6.3227280598312205,23,23.0,1,0,1.0,0.0,0.0,United Kingdom,VIP Customers,33.93298427396641
17155.0,148,6,784.06,899,14.5,192,12.646129032258063,120.0,18.136525536619597,33,9.833333333333334,4,558,0.25806451612903225,108.39999999999999,4.695010889987881,United Kingdom,Regular Customers,-64.70088723671952
17156.0,454,2,572.0699999999999,385,9.390243902439025,36,13.952926829268291,30.0,6.963578908830732,39,20.5,1,7,0.0,0.0,0.0,United Kingdom,VIP Customers,33.09076964153519
17157.0,142,19,4981.91,2019,14.630434782608695,96,36.100797101449274,325.44,54.339644868820045,75,7.2631578947368425,7,563,0.11594202898550725,157.54,5.06600692740901,United Kingdom,Regular Customers,303.872238270519
17158.0,2,6,1962.3,1143,9.939130434782609,36,17.063478260869566,45.0,8.358106060488996,74,19.166666666666668,5,609,0.17391304347826086,0.0,0.0,United Kingdom,Regular Customers,-2.035501830842378
17159.0,34,5,1483.23,782,9.2,25,17.44976470588235,76.5,10.675270151200882,71,17.0,5,581,0.29411764705882354,612.21,6.418707454757707,United Kingdom,Regular Customers,-20.758599412594975
17160.0,1,18,10201.36,8386,12.803053435114505,64,15.574595419847329,45.0,6.828128733384658,215,36.388888888888886,10,704,0.13740458015267176,0.0,0.0,United Kingdom,Regular Customers,500.87191977151497
17161.0,414,1,856.01,537,10.326923076923077,24,16.46173076923077,35.4,5.193912621353037,52,52.0,1,0,0.0,0.0,0.0,United Kingdom,VIP Customers,66.5593059848836
17162.0,101,10,1455.41,864,9.6,25,16.171222222222223,30.6,6.517798937046945,75,9.0,5,174,0.18888888888888888,251.8,5.532598662272703,United Kingdom,Regular Customers,310.1123245032392
17163.0,48,3,529.78,491,17.535714285714285,50,18.920714285714286,59.4,12.153993987215472,27,9.333333333333334,2,597,0.0,170.0,5.14166355650266,United Kingdom,Regular Customers,-60.63277211975438
17164.0,3,8,2466.4,1500,10.344827586206897,24,17.009655172413794,35.7,6.655938598745349,92,18.125,6,240,0.0,0.0,0.0,United Kingdom,Regular Customers,294.3332851854108
17165.0,254,8,1783.6299999999999,785,7.621359223300971,24,17.316796116504854,53.1,7.463294916258074,77,12.875,6,444,0.0,0.0,0.0,United Kingdom,Regular Customers,64.38795918092762
17166.0,9,3,189.49,75,5.357142857142857,15,13.535,56.25,15.070172144389675,11,4.666666666666667,2,165,0.0,0.0,0.0,United Kingdom,Regular Customers,208.4445502491193
17167.0,350,3,867.11,429,5.430379746835443,24,10.97607594936709,38.25,7.321029670070676,64,26.0,3,65,0.0,0.0,0.0,United Kingdom,VIP Customers,14.892278885751438
17168.0,469,1,400.2,220,10.476190476190476,30,19.057142857142857,67.5,16.74983765379747,21,21.0,1,0,0.0,0.0,0.0,United Kingdom,VIP Customers,2.952583845603982
17169.0,20,6,1129.88,659,7.752941176470588,36,13.292705882352942,30.0,7.31887927086604,64,14.166666666666666,3,528,0.0,0.0,0.0,United Kingdom,Regular Customers,61.424350856016986
17170.0,344,3,118.98,146,13.272727272727273,24,10.816363636363636,30.0,24.348974217706697,9,3.6666666666666665,1,27,0.0,0.0,0.0,United Kingdom,VIP Customers,3.2712821622561705
17171.0,259,2,384.59000000000003,225,9.0,24,15.383600000000001,39.6,7.678353165447221,25,12.5,1,372,0.0,0.0,0.0,United Kingdom,Regular Customers,52.26928947202666
17172.0,45,6,910.99,1198,27.86046511627907,100,21.185813953488374,60.0,17.49939879682376,40,7.166666666666667,4,652,0.32558139534883723,0.0,0.0,United Kingdom,Regular Customers,-91.74488682767893
17173.0,13,6,1913.37,527,10.979166666666666,36,39.861875,109.5,20.834697497535927,23,8.0,3,87,0.25,1842.28,7.5193018723374765,United Kingdom,Regular Customers,340.8370404948769
17174.0,188,1,59.9,41,10.25,16,14.975,19.5,5.225179422756696,4,4.0,1,0,0.0,0.0,0.0,United Kingdom,VIP Customers,16.801453555475263
17175.0,14,5,1430.94,865,13.515625,112,22.3584375,95.2,16.030525367298083,42,12.8,4,252,0.203125,0.0,0.0,United Kingdom,Regular Customers,187.53346968008336
17176.0,172,3,902.3199999999999,576,13.714285714285714,48,21.483809523809523,81.6,20.21786941470715,37,14.0,3,475,0.6428571428571429,0.0,0.0,United Kingdom,Regular Customers,-26.142222988808925
17177.0,475,1,119.5,40,1.3793103448275863,3,4.120689655172414,14.95,3.2555314806763698,29,29.0,1,0,0.0,0.0,0.0,United Kingdom,VIP Customers,-1.7041462475584979
17178.0,701,1,432.96000000000004,100,3.225806451612903,18,13.966451612903226,39.9,10.81077504109892,31,31.0,1,0,0.0,0.0,0.0,United Kingdom,VIP Customers,-34.74863514722233
17179.0,148,6,1507.26,625,3.9556962025316458,16,9.539620253164557,59.5,10.071767685638534,75,25.833333333333332,6,384,0.0,0.0,0.0,United Kingdom,Regular Customers,89.85863934436739
17180.0,26,14,2216.12,1803,4.440886699507389,48,5.458423645320197,60.0,7.026347872298282,190,28.642857142857142,7,630,0.0,0.0,0.0,United Kingdom,Regular Customers,193.0521296514624
17181.0,27,3,309.85,268,9.571428571428571,144,11.06607142857143,79.2,20.787871168025184,28,9.333333333333334,3,538,0.0,0.0,0.0,United Kingdom,Regular Customers,-74.15221517814038
17182.0,393,2,321.3,54,9.0,18,53.550000000000004,107.1,29.868762947266497,4,3.0,2,295,0.0,0.0,0.0,United Kingdom,Regular Customers,24.245596517305756
17183.0,1,5,2148.1,879,15.981818181818182,96,39.056363636363635,177.6,40.03851323522818,39,11.0,3,74,0.6545454545454545,1138.81,7.038616860831442,United Kingdom,Regular Customers,353.4633997689972
17184.0,539,2,198.41,73,5.214285714285714,12,14.172142857142857,30.0,6.274160904451291,14,7.0,2,161,0.0,0.0,0.0,United Kingdom,VIP Customers,-152.1422397980288
17185.0,562,3,229.46,119,2.7045454545454546,7,5.215,15.0,4.12907078909957,38,14.666666666666666,1,6,0.0,0.0,0.0,United Kingdom,VIP Customers,16.298697655157298
17186.0,17,2,144.0,200,100.0,100,72.0,72.0,0.0,1,1.0,1,13,0.0,0.0,0.0,United Kingdom,VIP Customers,55.615610935588165
17187.0,197,2,467.71,426,18.52173913043478,96,20.335217391304347,72.0,16.624778295053552,21,11.5,2,299,0.0,0.0,0.0,United Kingdom,Regular Customers,77.7665882613486
17188.0,134,15,3702.69,2178,14.142857142857142,50,24.043441558441558,175.2,32.081196116844076,119,10.266666666666667,8,566,0.11038961038961038,659.14,6.492451933738069,United Kingdom,Regular Customers,200.30862521062338
17189.0,76,5,953.63,601,5.008333333333334,48,7.946916666666667,40.23,7.6332042013529176,101,23.8,3,631,0.0,0.0,0.0,United Kingdom,Regular Customers,-1.2255458358614817
17190.0,29,8,1531.57,2217,11.607329842931938,537,8.01869109947644,195.0,25.91517429623189,160,23.125,5,585,0.0,0.0,0.0,United Kingdom,Regular Customers,59.14155558109371
17191.0,65,15,3752.67,1899,4.286681715575621,120,8.471038374717834,60.0,8.24735958327325,238,28.866666666666667,7,643,0.0,532.17,6.278840322655655,United Kingdom,Regular Customers,259.5451407036654
17192.0,506,1,75.28,45,2.25,24,3.7640000000000002,12.75,3.021697675497213,20,20.0,1,0,0.0,0.0,0.0,United Kingdom,VIP Customers,-25.210374236985302
17193.0,6,12,2254.6,1616,33.666666666666664,216,46.97083333333333,140.4,34.56167572728519,29,4.0,5,702,0.0,0.0,0.0,United Kingdom,Regular Customers,-25.164370621182826
17194.0,244,3,812.5,420,6.885245901639344,60,13.319672131147541,102.0,19.001687115202266,57,19.333333333333332,3,256,0.5245901639344263,0.0,0.0,United Kingdom,Regular Customers,131.58136548593023
17195.0,625,1,562.98,486,15.67741935483871,60,18.160645161290322,51.0,12.295456595963644,31,31.0,1,0,0.0,0.0,0.0,United Kingdom,VIP Customers,-14.414752468974001
17196.0,398,1,327.75,154,1.6559139784946237,6,3.524193548387097,19.9,2.685332674144395,84,84.0,1,0,0.0,0.0,0.0,United Kingdom,VIP Customers,88.50933799266187
17198.0,335,2,521.66,242,3.142857142857143,36,6.774805194805195,51.0,8.983728948316214,73,38.0,1,5,0.0,170.56,5.14493305964868,United Kingdom,Regular Customers,342.1710490485875
17199.0,552,1,135.04,232,29.0,72,16.88,50.4,16.45624935570505,8,8.0,1,0,0.0,0.0,0.0,United Kingdom,VIP Customers,-47.06501221338988
17200.0,357,4,356.71,367,14.68,250,14.2684,180.0,35.39131316203643,25,6.25,2,264,0.0,0.0,0.0,United Kingdom,VIP Customers,-155.0967222008698
17201.0,24,5,1127.5,980,5.6976744186046515,60,6.555232558139535,52.2,7.442307497092079,154,32.4,4,613,0.22093023255813954,0.0,0.0,United Kingdom,Regular Customers,53.005990662126976
17202.0,391,1,160.65,55,6.875,12,20.08125,51.0,17.05453306937149,8,8.0,1,0,0.0,0.0,0.0,United Kingdom,VIP Customers,-10.279790650854693
17203.0,6,10,5564.09,4597,17.613026819923373,144,21.318352490421457,214.56,35.89821649692207,195,25.9,2,352,0.0,0.0,0.0,United Kingdom,Regular Customers,626.8462078223912
17204.0,139,15,5263.69,2591,13.636842105263158,72,27.703631578947366,333.6,33.51603140015132,110,12.666666666666666,7,378,0.03684210526315789,0.0,0.0,United Kingdom,Regular Customers,445.89566754202417
17205.0,24,3,999.35,2214,63.25714285714286,200,28.552857142857142,73.5,18.26528587422674,27,11.666666666666666,2,510,0.0,0.0,0.0,United Kingdom,Regular Customers,24.875534274264652
17206.0,23,1,204.24,76,10.857142857142858,12,29.177142857142858,45.0,9.70626896097863,7,7.0,1,0,0.0,0.0,0.0,United Kingdom,VIP Customers,59.219525005183186
17207.0,622,1,292.62,233,3.8833333333333333,48,4.877,22.5,4.294247748886125,55,55.0,1,0,0.0,0.0,0.0,United Kingdom,VIP Customers,1.194153925417936
17208.0,365,1,111.15,101,4.391304347826087,25,4.8326086956521745,11.8,3.2448423653984464,21,21.0,1,0,0.0,0.0,0.0,United Kingdom,VIP Customers,4.527430460857943
17209.0,619,3,595.6999999999999,723,19.026315789473685,504,15.676315789473682,277.2,44.39865127127618,36,12.333333333333334,2,87,0.8421052631578947,0.0,0.0,United Kingdom,VIP Customers,-139.14274024309458
17210.0,363,1,251.72,242,4.566037735849057,36,4.749433962264151,15.0,3.6703491843390363,47,47.0,1,0,0.0,0.0,0.0,United Kingdom,VIP Customers,41.168282738180864
17211.0,18,14,3295.8,1768,5.777777777777778,48,10.770588235294118,50.0,7.7887210789889885,191,21.642857142857142,6,678,0.803921568627451,433.0,6.073044534100405,United Kingdom,Regular Customers,183.26667978208525
17212.0,223,3,794.41,727,25.06896551724138,96,27.393448275862067,117.3,21.60780749700409,29,9.666666666666666,3,233,0.0,0.0,0.0,United Kingdom,Regular Customers,140.37739083082832
17213.0,10,20,4766.03,2065,7.296819787985866,36,16.841095406360424,61.2,9.196022567682911,135,14.15,7,691,0.2826855123674912,0.0,0.0,United Kingdom,Regular Customers,255.49775199946356
17214.0,30,7,974.12,271,2.656862745098039,12,9.550196078431373,85.0,13.496664199557905,79,14.285714285714286,5,298,0.18627450980392157,0.0,0.0,United Kingdom,Regular Customers,192.87410312815575
17215.0,434,1,186.15,104,9.454545454545455,36,16.922727272727272,45.0,16.050067969269843,11,11.0,1,0,0.0,0.0,0.0,United Kingdom,VIP Customers,-19.178974601954593
17216.0,524,1,63.6,21,1.6153846153846154,5,4.892307692307693,17.85,4.725059353853229,13,13.0,1,0,0.0,0.0,0.0,United Kingdom,VIP Customers,-32.56206244815411
17217.0,204,2,210.1,93,3.4444444444444446,48,7.781481481481482,65.45,13.943947874837399,27,13.5,2,385,0.0,0.0,0.0,United Kingdom,Regular Customers,23.028063419630115
17218.0,41,15,3295.02,1749,4.639257294429708,36,8.740106100795757,44.85,7.787864433560794,215,24.866666666666667,8,612,0.3421750663129973,596.37,6.392536686911421,United Kingdom,Regular Customers,224.79109493776187
17219.0,2,2,259.13,188,3.76,12,5.1826,25.5,4.9646796596003036,43,24.0,2,384,0.0,0.0,0.0,United Kingdom,Regular Customers,83.98057075473344
17220.0,16,19,4163.53,2494,3.9213836477987423,50,6.546430817610062,31.2,5.231888684727485,392,32.73684210526316,8,642,0.0,293.78,5.686229315408612,United Kingdom,Regular Customers,483.2468921381866
17221.0,6,4,774.42,541,5.880434782608695,60,8.417608695652174,119.0,16.753554411754415,86,22.5,2,571,0.6413043478260869,202.2,5.314190715704327,United Kingdom,Regular Customers,42.09067727466382
17222.0,35,6,1579.51,857,7.651785714285714,48,14.102767857142856,70.8,11.753835042908099,94,18.333333333333332,5,632,0.16071428571428573,0.0,0.0,United Kingdom,Regular Customers,-16.70877426784247
17223.0,280,3,558.04,155,2.246376811594203,9,8.087536231884057,76.5,10.59517903768406,62,22.666666666666668,3,64,0.0,0.0,0.0,United Kingdom,VIP Customers,27.817593943282617
17224.0,471,1,100.86000000000001,65,8.125,36,12.607500000000002,39.95,14.491402130721712,8,8.0,1,0,0.0,0.0,0.0,United Kingdom,VIP Customers,-32.70674793107651
17225.0,552,1,131.15,36,7.2,22,26.23,93.5,38.18948808245536,5,5.0,1,0,0.0,0.0,0.0,United Kingdom,VIP Customers,-45.59722697502343
17226.0,279,3,895.47,853,14.457627118644067,120,15.177457627118644,102.0,21.394736912680855,51,19.333333333333332,2,356,0.0,0.0,0.0,United Kingdom,Regular Customers,93.54783229277345
17227.0,31,11,1659.92,1552,14.504672897196262,100,15.513271028037384,151.2,25.758088774453807,54,9.363636363636363,8,632,0.0,219.01,5.39367299986479,United Kingdom,Regular Customers,-26.664432232317864
17228.0,34,11,2402.5,1944,6.703448275862069,72,8.28448275862069,37.5,5.415141201280489,184,26.09090909090909,7,573,0.07586206896551724,417.53000000000003,6.036748571948126,United Kingdom,Regular Customers,168.895198037572
17229.0,66,2,318.76,185,3.9361702127659575,12,6.782127659574468,23.7,7.086697561712002,39,23.5,2,46,0.3191489361702128,0.0,0.0,United Kingdom,VIP Customers,37.99488541776768
17230.0,234,23,9159.45,3649,16.290178571428573,128,40.89040178571429,326.4,43.963463400733346,141,9.73913043478261,6,467,0.17857142857142858,0.0,0.0,United Kingdom,Regular Customers,643.0881776544231
17231.0,34,33,6121.0,3161,2.926851851851852,48,5.667592592592593,33.6,4.974461892717161,461,31.242424242424242,11,668,0.21203703703703702,837.83,6.732008063767312,United Kingdom,Regular Customers,722.8773402526994
17233.0,5,3,560.86,298,5.137931034482759,32,9.67,47.7,8.787820319334726,56,19.333333333333332,3,689,0.0,0.0,0.0,United Kingdom,Regular Customers,-112.41488800654466
17234.0,153,1,149.89,55,3.9285714285714284,12,10.706428571428571,35.85,8.789777810391112,14,14.0,1,0,0.0,0.0,0.0,United Kingdom,VIP Customers,43.49249002007679
17235.0,342,7,1354.82,747,10.67142857142857,48,19.35457142857143,91.8,18.673033465379206,41,10.0,5,180,0.0,208.16,5.34309950931993,United Kingdom,Regular Customers,192.22490330280718
17236.0,149,11,1710.8600000000001,730,5.7936507936507935,120,13.57825396825397,202.8,22.491479562869674,97,11.454545454545455,9,463,0.2698412698412698,218.4,5.3908965478411295,United Kingdom,Regular Customers,64.33561827444186
17237.0,346,2,679.44,309,5.15,24,11.324000000000002,35.4,8.833991784434579,58,29.0,1,6,0.0,314.69,5.754760719420831,United Kingdom,Regular Customers,325.18877155632015
17238.0,21,28,6103.38,2952,2.919881305637982,48,6.036973293768546,47.7,4.6707304258720885,437,34.785714285714285,10,687,0.0,1228.29,7.114192045929397,United Kingdom,Regular Customers,647.8107231522541
17239.0,283,6,1174.15,513,15.088235294117647,96,34.53382352941177,244.8,47.121748695152704,19,5.666666666666667,5,416,0.20588235294117646,0.0,0.0,United Kingdom,Regular Customers,13.799279653015986
17240.0,566,1,130.6,108,15.428571428571429,36,18.657142857142855,30.6,6.67154583357739,7,7.0,1,0,0.0,0.0,0.0,United Kingdom,VIP Customers,-50.60379527784727
17241.0,355,12,2736.64,859,5.052941176470588,24,16.097882352941177,90.0,15.710105299035636,116,14.166666666666666,8,276,0.0,0.0,0.0,United Kingdom,Regular Customers,238.21431409064073
17242.0,78,5,2889.2799999999997,1459,17.36904761904762,64,34.396190476190476,108.16,23.868611737521196,44,16.8,5,576,0.5,0.0,0.0,United Kingdom,Regular Customers,-14.906153161644312
17243.0,9,73,16838.87,6505,6.466202783300199,96,16.738439363817097,153.0,16.902691129306536,341,13.36986301369863,12,699,0.49801192842942343,3184.06,8.066226406133378,United Kingdom,Regular Customers,1552.902566635821
17244.0,23,5,1826.04,1419,11.825,120,15.217,157.92,20.325066967340863,109,23.6,3,680,0.7416666666666667,0.0,0.0,United Kingdom,Regular Customers,15.493060875487714
17245.0,175,2,371.63,307,12.28,48,14.8652,36.0,11.03447216680526,24,12.0,2,484,0.0,0.0,0.0,United Kingdom,Regular Customers,-41.66230775100976
17246.0,517,2,38.92,36,6.0,24,6.486666666666667,10.08,2.915576558189935,6,3.0,2,191,0.0,0.0,0.0,United Kingdom,VIP Customers,-187.13980358972762
17248.0,90,2,500.54,276,2.6538461538461537,48,4.812884615384616,44.55,6.707488594749383,85,51.0,1,361,0.33653846153846156,0.0,0.0,United Kingdom,Regular Customers,149.43021677256914
17249.0,399,1,68.03,79,2.925925925925926,15,2.51962962962963,5.9,1.2869208375674248,27,27.0,1,0,0.0,0.0,0.0,United Kingdom,VIP Customers,5.5453848956520915
17250.0,231,1,162.65,70,3.0434782608695654,12,7.071739130434783,19.95,5.191466470148097,23,23.0,1,0,0.0,219.32,5.395081034980345,United Kingdom,Regular Customers,282.91678945662284
17251.0,333,4,790.28,375,4.6875,25,9.878499999999999,29.7,6.042669395037389,65,19.75,2,362,0.4625,0.0,0.0,United Kingdom,Regular Customers,84.4777609315521
17252.0,87,2,348.90999999999997,192,2.2325581395348837,12,4.057093023255813,15.0,3.0964035556561695,86,43.0,2,69,0.0,0.0,0.0,United Kingdom,VIP Customers,78.7304507608079
17254.0,371,1,198.29,146,4.055555555555555,16,5.508055555555555,27.04,5.0695684907632605,36,36.0,1,0,0.0,271.19,5.606500351849647,United Kingdom,Regular Customers,276.7461412329676
17255.0,11,4,781.7,583,3.2032967032967035,48,4.295054945054945,25.5,4.130628321267368,163,43.25,4,405,1.0,0.0,0.0,United Kingdom,Regular Customers,141.93013938877672
17256.0,77,5,498.93,299,9.64516129032258,54,16.094516129032257,105.3,28.599966764399067,20,5.6,3,492,0.4838709677419355,0.0,0.0,United Kingdom,Regular Customers,-14.198126722448336
17257.0,406,2,189.78,187,13.357142857142858,65,13.555714285714286,55.25,19.287080057459633,14,7.0,1,0,0.0,0.0,0.0,United Kingdom,VIP Customers,2.072593589145896
17258.0,367,2,417.3,188,3.418181818181818,12,7.587272727272728,17.0,3.5665396937655656,46,27.0,2,268,0.0,0.0,0.0,United Kingdom,Regular Customers,96.70720447463634
17259.0,118,6,1452.39,844,3.6695652173913045,48,6.314739130434783,40.8,5.965965821635671,179,36.833333333333336,5,507,0.0,0.0,0.0,United Kingdom,Regular Customers,131.53451000980294
17260.0,381,1,120.95,23,3.8333333333333335,6,20.158333333333335,39.95,13.196909360402028,6,6.0,1,0,1.0,0.0,0.0,United Kingdom,VIP Customers,-47.76657039979642
17261.0,480,1,221.59,95,2.2093023255813953,16,5.153255813953488,60.0,8.898876526449902,43,43.0,1,0,1.0,0.0,0.0,United Kingdom,VIP Customers,-6.355738325671297
17262.0,22,11,2488.76,635,33.421052631578945,100,130.98736842105265,510.0,134.92836917919345,12,1.7272727272727273,7,672,0.0,0.0,0.0,United Kingdom,Regular Customers,-29.442331291112765
17263.0,178,1,63.440000000000005,36,1.565217391304348,4,2.7582608695652175,6.75,1.8700356150568438,23,23.0,1,0,1.0,0.0,0.0,United Kingdom,VIP Customers,10.331578654607938
17264.0,394,1,268.28,217,2.9324324324324325,25,3.625405405405405,30.6,5.899933872206429,70,70.0,1,0,0.0,0.0,0.0,United Kingdom,VIP Customers,69.97807969047582
17265.0,109,2,550.01,389,3.1885245901639343,20,4.50827868852459,21.75,3.7400492091655817,106,59.0,2,41,1.0,0.0,0.0,United Kingdom,VIP Customers,92.12051495881089
17266.0,118,3,318.2,117,1.8571428571428572,12,5.050793650793651,26.85,4.725054463446923,56,21.0,2,493,0.0,183.52,5.21775785868962,United Kingdom,Regular Customers,15.456114075153579
17267.0,97,2,317.2,158,4.27027027027027,54,8.572972972972973,67.5,11.090863823903003,37,18.5,1,0,0.0,0.0,0.0,United Kingdom,VIP Customers,99.09233151389809
17268.0,78,11,1733.8899999999999,1395,46.5,288,57.79633333333333,299.52,65.6987333359938,26,2.727272727272727,7,623,0.03333333333333333,0.0,0.0,United Kingdom,Regular Customers,-57.19847880951173
17269.0,356,1,491.81,314,2.512,25,3.93448,25.5,4.074357945856959,110,110.0,1,0,0.0,0.0,0.0,United Kingdom,VIP Customers,132.14141150081701
17270.0,439,2,601.45,420,8.75,90,12.530208333333334,163.2,23.87453566348805,45,23.0,2,262,0.0,0.0,0.0,United Kingdom,Regular Customers,116.09429642551424
17271.0,706,1,204.3,113,2.3541666666666665,25,4.2562500000000005,12.6,3.228969023921847,46,46.0,1,0,0.0,0.0,0.0,United Kingdom,VIP Customers,-27.866350562158402
17272.0,12,5,2144.5299999999997,1776,15.310344827586206,72,18.487327586206895,141.6,17.72973921963044,70,23.2,3,220,0.0,0.0,0.0,United Kingdom,Regular Customers,339.67910729732785
17273.0,394,1,141.12,133,11.083333333333334,25,11.76,19.8,5.117648607781437,12,12.0,1,0,0.0,0.0,0.0,United Kingdom,VIP Customers,-9.482561458141845
17274.0,5,2,573.22,271,3.5194805194805197,32,7.444415584415585,26.56,5.537215358849631,76,38.0,1,360,0.0,0.0,0.0,United Kingdom,Regular Customers,165.31688740623176
17275.0,353,1,114.1,71,3.0869565217391304,12,4.960869565217391,19.95,4.328131985304219,23,23.0,1,0,1.0,0.0,0.0,United Kingdom,VIP Customers,-20.033901307226415
17276.0,370,2,445.44,182,3.25,16,7.954285714285715,101.7,16.530607738609977,50,26.5,1,2,0.0,0.0,0.0,United Kingdom,VIP Customers,83.01589440147848
17277.0,198,2,1065.35,430,6.231884057971015,24,15.439855072463766,89.1,11.930045793111857,67,34.5,2,95,0.0,0.0,0.0,United Kingdom,VIP Customers,59.83747236018465
17278.0,211,2,271.24,195,11.470588235294118,25,15.955294117647059,39.95,8.341788715292918,17,8.5,2,323,0.11764705882352941,0.0,0.0,United Kingdom,Regular Customers,50.97771220821153
17279.0,28,1,187.82999999999998,48,5.333333333333333,30,20.869999999999997,76.5,26.1326562943762,8,8.0,1,0,0.0,0.0,0.0,United Kingdom,VIP Customers,59.05179575086012
17280.0,408,1,118.86,74,12.333333333333334,20,19.81,33.0,8.70063675830683,6,6.0,1,0,0.0,0.0,0.0,United Kingdom,VIP Customers,-19.790858667419684
17281.0,344,6,797.85,295,49.166666666666664,85,132.975,216.75,53.88109826274888,2,1.0,6,299,0.0,0.0,0.0,United Kingdom,Regular Customers,-10.893710016438007
17282.0,100,5,2308.54,2332,11.431372549019608,360,11.316372549019608,381.6,31.31955731680482,168,39.8,4,418,0.4117647058823529,0.0,0.0,United Kingdom,Regular Customers,266.68169083636167
17283.0,349,1,188.46,179,11.933333333333334,75,12.564,49.75,13.60489974762244,15,15.0,1,0,0.0,0.0,0.0,United Kingdom,VIP Customers,-1.4551845848610867
17284.0,30,11,2323.12,2065,5.477453580901857,72,6.162122015915119,229.46,21.73464535673275,285,33.81818181818182,7,384,0.026525198938992044,0.0,0.0,United Kingdom,Regular Customers,455.17495505362535
17285.0,598,2,407.94,134,3.0454545454545454,18,9.271363636363636,26.1,6.883857960681132,41,21.5,2,34,1.0,0.0,0.0,United Kingdom,VIP Customers,-77.94245289049908
17286.0,370,2,237.81,251,5.456521739130435,100,5.169782608695653,72.0,10.855887187068474,46,23.0,1,0,0.0,151.37,5.026311773481264,United Kingdom,Regular Customers,293.5052816464563
17287.0,44,22,3641.85,1866,4.202702702702703,48,8.202364864864865,60.0,7.911144839984555,272,20.045454545454547,9,662,0.10585585585585586,168.76,5.134385674865673,United Kingdom,Regular Customers,345.67775757642664
17288.0,177,9,1714.5,1160,6.666666666666667,48,9.85344827586207,70.8,12.58407708706313,139,18.77777777777778,6,186,0.8160919540229885,753.93,6.626625029718914,United Kingdom,Regular Customers,306.52463989173214
17289.0,2,11,2032.3,1235,4.608208955223881,48,7.58320895522388,90.0,10.465932899736751,202,22.90909090909091,6,609,0.5149253731343284,0.0,0.0,United Kingdom,Regular Customers,174.72532534907307
17290.0,352,6,974.95,742,7.42,144,9.749500000000001,137.16,17.204756529001568,96,16.166666666666668,5,344,0.03,513.01,6.242242720518832,United Kingdom,Regular Customers,100.94187121279776
17291.0,278,1,550.8,72,72.0,72,550.8,550.8,0.0,1,1.0,1,0,0.0,0.0,0.0,United Kingdom,VIP Customers,-3.6005909198792097
17292.0,442,2,271.75,131,8.733333333333333,72,18.116666666666667,76.32,17.971465345560073,14,7.0,2,107,0.4,0.0,0.0,United Kingdom,VIP Customers,-113.0583895089585
17293.0,28,15,3250.25,1952,10.273684210526316,144,17.106578947368423,100.8,17.28974890896349,122,12.333333333333334,9,677,0.0,500.38,6.217364296615909,United Kingdom,Regular Customers,67.18098771498691
17294.0,639,2,467.79,297,17.470588235294116,96,27.517058823529414,122.4,33.32752424136577,17,8.5,1,0,0.0,0.0,0.0,United Kingdom,VIP Customers,-24.723579768505346
17295.0,35,1,279.36,170,5.862068965517241,36,9.633103448275863,30.0,8.355499088901306,29,29.0,1,0,0.0,267.64,5.59337219332923,United Kingdom,VIP Customers,82.85587026576798
17296.0,700,1,338.13,216,6.545454545454546,50,10.246363636363636,51.0,10.472527696962008,32,32.0,1,0,0.0,0.0,0.0,United Kingdom,VIP Customers,-35.292911749048926
17298.0,71,6,949.22,840,12.0,120,13.560285714285715,83.2,15.75293429960333,61,11.666666666666666,3,540,0.05714285714285714,0.0,0.0,United Kingdom,Regular Customers,31.468462880796068
17299.0,59,5,902.17,850,7.798165137614679,48,8.276788990825688,67.6,8.876218213808002,96,20.6,3,391,0.9357798165137615,91.06,4.5224405383890955,United Kingdom,Regular Customers,139.87554379336643
17300.0,361,2,393.64,467,10.613636363636363,48,8.946363636363635,31.2,8.84433233072578,37,21.5,2,90,1.0,0.0,0.0,United Kingdom,VIP Customers,-71.83920843142238
17301.0,594,1,131.15,79,1.462962962962963,4,2.428703703703704,5.9,1.4475614449712162,52,52.0,1,0,0.0,163.24,5.101328772710678,United Kingdom,Regular Customers,247.96892314609633
17302.0,2,5,981.38,532,7.388888888888889,24,13.630277777777778,68.0,12.536821257627327,61,14.4,4,273,0.3333333333333333,138.55,4.938422959982331,United Kingdom,Regular Customers,186.56950211978017
17303.0,331,1,250.04,144,2.7169811320754715,25,4.717735849056604,20.28,4.045409383823667,53,53.0,1,0,0.0,0.0,0.0,United Kingdom,VIP Customers,56.28302698874373
17304.0,504,1,111.5,73,14.6,42,22.3,52.5,19.24162155328911,5,5.0,1,0,0.0,0.0,0.0,United Kingdom,VIP Customers,-43.73073491497928
17305.0,619,1,2135.46,1006,111.77777777777777,288,237.27333333333334,595.0,156.38919208180596,9,9.0,1,0,0.0,0.0,0.0,United Kingdom,VIP Customers,17.24220589142584
17306.0,7,21,8706.619999999999,12535,192.84615384615384,1440,133.94799999999998,360.0,84.32446307270506,15,3.0952380952380953,10,367,0.0,1045.15,6.95287203778526,United Kingdom,Regular Customers,352.5928155800683
17307.0,335,15,3378.31,3233,62.17307692307692,432,64.9675,228.96,86.72538954462334,24,3.466666666666667,10,323,0.0,0.0,0.0,United Kingdom,Regular Customers,90.44740015990931
17308.0,363,2,4511.76,5148,735.4285714285714,1056,644.5371428571428,1270.2,465.1432317653809,5,3.5,2,59,0.0,0.0,0.0,United Kingdom,VIP Customers,44.80781988241975
17309.0,65,3,320.39,181,5.027777777777778,25,8.899722222222222,38.25,6.5119408939539065,33,11.333333333333334,3,577,0.0,0.0,0.0,United Kingdom,Regular Customers,-81.35478998801975
17310.0,357,2,1025.1,402,201.0,300,512.55,765.0,357.0182138210878,1,1.0,2,147,0.0,0.0,0.0,United Kingdom,VIP Customers,-216.45225395616197
17311.0,48,7,3490.66,2709,21.0,200,27.05937984496124,144.0,23.64851586754237,124,18.428571428571427,6,596,0.0,0.0,0.0,United Kingdom,Regular Customers,98.91434848354109
17312.0,109,3,644.3,372,26.571428571428573,120,46.021428571428565,244.8,85.21574365710228,11,4.666666666666667,1,20,0.7857142857142857,0.0,0.0,United Kingdom,VIP Customers,59.178271049236145
17313.0,1,1,2328.84,1402,58.416666666666664,108,97.03500000000001,224.64,63.955690979737305,24,24.0,1,0,0.0,-40.71,,United Kingdom,VIP Customers,168.2386152844242
17314.0,16,20,4164.33,2984,11.134328358208956,192,15.538544776119403,76.2,15.24225733727834,185,13.4,11,690,0.041044776119402986,350.37,5.861839799313996,United Kingdom,Regular Customers,170.1032033713073
17315.0,8,45,8768.53,4737,6.515818431911967,432,12.061251719394773,238.8,19.084616429043386,381,15.977777777777778,12,400,0.05089408528198074,739.0,6.606650186198215,United Kingdom,Regular Customers,1064.3611436946571
17316.0,390,1,124.45,44,1.2571428571428571,3,3.5557142857142856,11.9,2.1497527706203603,35,35.0,1,0,0.0,0.0,0.0,United Kingdom,VIP Customers,21.5726178738106
17317.0,16,5,2524.02,1074,97.63636363636364,504,229.45636363636365,622.5,225.88967799670385,8,2.2,2,43,0.6363636363636364,0.0,0.0,United Kingdom,Regular Customers,292.8944439912466
17318.0,695,1,157.32999999999998,59,3.4705882352941178,14,9.25470588235294,29.68,7.502487185633058,17,17.0,1,0,0.0,0.0,0.0,United Kingdom,VIP Customers,-57.787153014851356
17319.0,639,1,29.099999999999998,14,4.666666666666667,6,9.7,12.6,5.0229473419497435,3,3.0,1,0,0.0,0.0,0.0,United Kingdom,VIP Customers,-70.95061925992331
17320.0,70,6,2444.85,1182,7.776315789473684,72,16.08453947368421,66.6,10.397788088699649,86,25.333333333333332,6,586,0.17105263157894737,0.0,0.0,United Kingdom,Regular Customers,-2.8602712691202044
17321.0,38,5,1623.96,785,2.9074074074074074,36,6.014666666666667,79.9,7.758806561353721,241,51.0,4,509,0.0,41.25,3.7436043538031827,United Kingdom,Regular Customers,237.59379340223603
17322.0,346,7,900.64,624,3.466666666666667,72,5.003555555555556,27.36,4.505612468020318,115,24.857142857142858,3,360,0.37777777777777777,0.0,0.0,United Kingdom,Regular Customers,151.41828151923033
17323.0,32,11,1329.24,1267,4.445614035087719,12,4.664,20.28,3.118728885163782,152,25.818181818181817,6,637,0.6350877192982456,209.72,5.350530237994971,United Kingdom,Regular Customers,71.89357904317592
17324.0,302,11,1733.82,1212,10.631578947368421,96,15.208947368421052,306.0,41.13822244318312,85,10.272727272727273,7,389,0.0,284.25,5.653365988742185,United Kingdom,Regular Customers,182.4776592870217
17325.0,250,3,609.5699999999999,465,11.923076923076923,48,15.629999999999999,33.9,5.792808154581806,39,13.0,2,361,0.0,0.0,0.0,United Kingdom,Regular Customers,67.6410278043997
17326.0,378,2,312.35,136,1.5813953488372092,12,3.631976744186047,16.95,2.650595413583829,82,42.0,2,121,0.0,0.0,0.0,United Kingdom,VIP Customers,-17.146573013864952
17327.0,380,2,152.35,59,14.75,30,38.0875,102.0,45.61857032320646,3,2.0,2,152,0.0,0.0,0.0,United Kingdom,VIP Customers,-133.44176507189346
17328.0,643,1,104.7,86,14.333333333333334,60,17.45,75.0,28.311234519179838,6,6.0,1,0,0.0,0.0,0.0,United Kingdom,VIP Customers,-68.18879144136821
17329.0,285,4,718.78,355,4.080459770114943,48,8.26183908045977,68.58,10.343205783546054,73,21.75,2,420,0.0,279.75,5.637464593618552,United Kingdom,Regular Customers,82.15845665750456
17330.0,38,3,324.8,102,14.571428571428571,36,46.4,70.8,18.763328595960793,7,2.3333333333333335,3,580,0.14285714285714285,99.0,4.605170185988092,United Kingdom,Regular Customers,-120.47766396381033
17331.0,94,1,175.2,16,16.0,16,175.2,175.2,0.0,1,1.0,1,0,0.0,0.0,0.0,United Kingdom,VIP Customers,31.825978614329586
17332.0,498,5,838.27,794,8.357894736842105,62,8.823894736842105,57.75,8.578479666762469,82,18.6,5,128,0.7368421052631579,0.0,0.0,United Kingdom,VIP Customers,-83.69973852402535
17333.0,56,1,494.25,375,13.392857142857142,36,17.651785714285715,39.6,9.916364721293498,28,28.0,1,0,0.0,0.0,0.0,United Kingdom,VIP Customers,89.30666589954288
17334.0,271,4,634.73,565,17.65625,108,19.8353125,70.2,13.96703745907,20,8.0,2,105,0.0,0.0,0.0,United Kingdom,VIP Customers,-17.353316317862237
17335.0,354,2,497.04,210,5.833333333333333,30,13.806666666666667,51.0,15.408215433889248,34,17.0,2,300,1.0,0.0,0.0,United Kingdom,Regular Customers,32.40057266684849
17336.0,442,1,81.12,48,48.0,48,81.12,81.12,0.0,1,1.0,1,0,0.0,0.0,0.0,United Kingdom,VIP Customers,-35.4715028923311
17337.0,121,7,1897.51,1218,2.3155893536121672,36,3.6074334600760456,38.35,5.197158607431769,421,72.71428571428571,4,158,0.2946768060836502,0.0,0.0,United Kingdom,Regular Customers,656.4800711561835
17338.0,84,18,10464.66,5045,4.39843068875327,48,9.123504795117698,51.0,7.35084806582508,539,61.0,12,524,0.0,1318.67,7.185136984325207,United Kingdom,Regular Customers,800.9604159877741
17339.0,64,4,243.35999999999999,152,13.818181818181818,48,22.12363636363636,82.8,35.1866677230815,10,2.75,4,415,0.09090909090909091,0.0,0.0,United Kingdom,Regular Customers,-20.07399097559417
17340.0,48,28,15119.94,7732,13.172061328790459,144,25.757989778534924,276.0,29.003794486013838,266,20.75,11,653,0.21976149914821125,3771.95,8.235612467822433,United Kingdom,Regular Customers,855.1536910692977
17341.0,127,5,1272.21,831,3.7945205479452055,48,5.809178082191781,81.6,9.406241694087537,200,42.0,3,383,0.0,0.0,0.0,United Kingdom,Regular Customers,280.594171778672
17342.0,344,7,1155.84,499,12.475,120,28.895999999999997,142.8,31.47278643771228,31,5.714285714285714,4,295,0.0,0.0,0.0,United Kingdom,Regular Customers,110.34528359158887
17343.0,325,6,1259.94,454,5.675,25,15.74925,67.8,11.538956666413437,61,13.0,5,380,0.6625,0.0,0.0,United Kingdom,Regular Customers,34.30262223097381
17344.0,16,3,443.86,198,2.911764705882353,18,6.527352941176471,81.0,11.565697043947642,64,22.666666666666668,2,682,0.0,0.0,0.0,United Kingdom,Regular Customers,-65.13952829710902
17345.0,63,11,1227.82,1785,10.31791907514451,144,7.097225433526011,61.2,10.518918689511706,150,15.545454545454545,5,644,0.0,238.51,5.478595169632755,United Kingdom,Regular Customers,91.80341893633889
17346.0,9,24,4437.51,3144,3.783393501805054,120,5.3399638989169675,54.08,6.450029335780583,489,33.166666666666664,9,562,0.12876052948255115,496.12,6.208831445644737,United Kingdom,Regular Customers,686.6251868193793
17347.0,56,1,228.96,216,216.0,216,228.96,228.96,0.0,1,1.0,1,0,0.0,0.0,0.0,United Kingdom,VIP Customers,35.313325375576
17348.0,6,7,2055.79,2430,6.982758620689655,80,5.907442528735632,50.88,6.666861058997169,261,47.285714285714285,5,603,0.0,386.5,5.959715848793402,United Kingdom,Regular Customers,231.27930461556548
17349.0,149,5,772.41,772,9.08235294117647,204,9.087176470588235,121.8,18.563747864855205,74,15.6,3,452,0.0,0.0,0.0,United Kingdom,Regular Customers,60.68910847761913
17350.0,16,6,1468.84,990,7.388059701492537,50,10.961492537313433,50.0,10.044686434883463,115,21.5,4,630,0.0,394.98,5.981363704928553,United Kingdom,Regular Customers,35.45392416514923
17351.0,6,12,1988.23,383,5.550724637681159,24,28.814927536231885,135.0,27.823522984062816,45,5.75,9,693,0.014492753623188406,0.0,0.0,United Kingdom,Regular Customers,-96.56585656123869
17352.0,666,1,36.25,15,3.0,6,7.25,10.2,1.9940536602609262,5,5.0,1,0,0.0,0.0,0.0,United Kingdom,VIP Customers,-72.37708649264044
17353.0,99,7,3155.55,2136,125.6470588235294,200,185.62058823529412,290.0,110.06846599222845,8,2.4285714285714284,6,553,0.0,0.0,0.0,United Kingdom,Regular Customers,-41.99190809488121
17354.0,21,4,3133.96,2531,25.059405940594058,120,31.02930693069307,270.0,53.070487867692066,85,23.25,1,377,0.0,0.0,0.0,United Kingdom,Regular Customers,342.15836829795296
17355.0,356,1,273.31,249,7.545454545454546,48,8.282121212121211,60.0,11.114726649128556,28,28.0,1,0,0.0,0.0,0.0,United Kingdom,VIP Customers,28.989573316130304
17356.0,282,5,946.47,925,10.755813953488373,144,11.00546511627907,79.2,12.11283467644006,73,17.2,5,376,0.0,0.0,0.0,United Kingdom,Regular Customers,43.05231772239094
17358.0,273,5,861.01,430,2.9452054794520546,24,5.8973287671232875,30.0,4.958869767097015,126,28.8,4,350,0.7945205479452054,0.0,0.0,United Kingdom,Regular Customers,118.31100454241235
17359.0,618,1,156.6,76,3.3043478260869565,6,6.808695652173912,20.25,3.9871570007483528,23,23.0,1,0,0.0,127.86,4.858726543710496,United Kingdom,Regular Customers,211.33784180207954
17360.0,154,5,923.22,459,2.8333333333333335,25,5.698888888888889,46.5,7.241318811973822,137,30.8,3,250,0.0,247.34,5.514798774988696,United Kingdom,Regular Customers,279.933890465344
17361.0,19,5,871.7900000000001,380,6.666666666666667,25,15.294561403508773,83.4,14.449624818433307,51,11.0,3,627,0.0,0.0,0.0,United Kingdom,Regular Customers,-29.37194534557412
17362.0,209,8,1010.54,547,3.7465753424657535,24,6.921506849315068,35.95,6.5685656170483675,99,18.125,5,463,0.0,0.0,0.0,United Kingdom,Regular Customers,80.72018196906183
17363.0,365,3,920.46,499,14.257142857142858,40,26.298857142857145,153.0,33.15780058797526,34,11.666666666666666,1,6,0.0,0.0,0.0,United Kingdom,VIP Customers,97.30121825704155
17364.0,107,26,9741.78,6243,8.62292817679558,200,13.455497237569062,358.47,23.36735494379173,397,26.96153846153846,10,594,0.06077348066298342,1845.27,7.520922666556042,United Kingdom,Regular Customers,852.8715199402085
17365.0,21,15,7738.97,7653,10.109643328929987,120,10.22321003963012,71.4,8.352663239981243,385,48.53333333333333,9,626,0.018494055482166448,426.37,6.057650148563739,United Kingdom,Regular Customers,609.1583666577743
17366.0,362,3,1075.59,503,3.8106060606060606,72,8.148409090909091,76.32,10.877466646963095,120,43.0,3,63,0.4318181818181818,0.0,0.0,United Kingdom,VIP Customers,63.10906644518899
17367.0,208,1,167.54999999999998,149,4.515151515151516,36,5.077272727272727,17.4,4.474615397388412,33,33.0,1,0,0.0,0.0,0.0,United Kingdom,VIP Customers,49.97244615694888
17368.0,3,15,2038.51,1571,7.206422018348624,192,9.350963302752293,297.0,33.686678074766185,173,14.466666666666667,7,691,0.17889908256880735,106.88,4.681019498271529,United Kingdom,Regular Customers,168.69828802112264
17369.0,426,1,979.2,1152,1152.0,1152,979.2,979.2,0.0,1,1.0,1,0,0.0,0.0,0.0,United Kingdom,VIP Customers,-51.93802658215816
17370.0,43,4,446.18,540,16.363636363636363,48,13.520606060606061,24.96,5.09686542113995,31,8.25,2,96,0.0,0.0,0.0,United Kingdom,VIP Customers,42.83789714507509
17371.0,331,4,329.11,169,2.6,30,5.06323076923077,37.5,6.2815344730836635,62,15.5,2,370,0.0,326.26,5.79075496200075,United Kingdom,Regular Customers,77.02978823387843
17372.0,11,31,4295.18,1814,2.7484848484848485,48,6.507848484848485,76.5,7.6459298727420935,412,20.903225806451612,11,695,0.6393939393939394,0.0,0.0,United Kingdom,Regular Customers,549.4279931483338
17373.0,10,7,1167.5,738,8.10989010989011,24,12.82967032967033,53.1,10.318958759977187,65,13.0,5,609,0.45054945054945056,0.0,0.0,United Kingdom,Regular Customers,-31.65308882100763
17374.0,189,4,711.21,153,3.558139534883721,12,16.539767441860466,35.7,6.8749124629481955,34,10.75,3,176,0.0,0.0,0.0,United Kingdom,Regular Customers,189.53787244785426
17375.0,160,5,632.95,474,5.386363636363637,36,7.192613636363637,22.5,6.357355499927276,77,17.6,5,241,0.0,0.0,0.0,United Kingdom,Regular Customers,153.1989026544521
17376.0,41,4,453.64,244,4.4363636363636365,15,8.248,29.25,5.589124823824951,41,13.75,4,452,0.16363636363636364,0.0,0.0,United Kingdom,Regular Customers,3.1153284139107598
17377.0,1,89,16859.87,7139,4.206835592221568,48,9.935103123158514,305.64,18.07150894688397,501,18.685393258426966,12,706,0.13199764289923394,316.4,5.760162808092309,United Kingdom,Regular Customers,2042.3306360032036
17378.0,344,2,0.0,0,0.0,1,0.0,10.95,15.48563850798539,1,1.0,1,0,0.0,0.0,0.0,United Kingdom,VIP Customers,-4.142972776187207
17380.0,404,4,643.75,251,22.818181818181817,48,58.52272727272727,102.0,36.64586855046804,5,2.75,3,100,0.0,0.0,0.0,United Kingdom,VIP Customers,-86.12841910240058
17381.0,37,37,35491.87,41364,260.1509433962264,1200,223.21930817610064,1326.0,224.27061157303055,50,4.297297297297297,12,481,0.06289308176100629,903.6,6.8074928570437425,United Kingdom,Regular Customers,2182.57160558158
17382.0,35,8,902.28,457,25.38888888888889,48,50.126666666666665,182.88,37.90878029598699,16,2.25,5,504,0.0,0.0,0.0,United Kingdom,Regular Customers,19.159398297926458
17383.0,423,1,110.7,12,6.0,11,55.35,109.45,76.50895372438444,2,2.0,1,0,1.0,193.39000000000001,5.269866450374021,United Kingdom,Regular Customers,165.4184189321694
17384.0,189,2,398.79999999999995,76,9.5,36,49.849999999999994,214.2,81.85895535265871,7,4.0,2,248,0.625,108.75,4.698205051955281,United Kingdom,Regular Customers,89.33981267572261
17386.0,69,6,1823.69,1075,51.19047619047619,504,86.84238095238095,851.76,182.62790909126574,18,3.5,4,286,0.0,989.0799999999999,6.8977857479446465,United Kingdom,Regular Customers,237.13937271125323
17387.0,4,1,309.14,224,12.444444444444445,48,17.174444444444443,50.0,12.199837618120034,18,18.0,1,0,1.0,437.67,6.083747421972477,United Kingdom,VIP Customers,44.34440047519908
17388.0,48,11,2675.37,2555,46.45454545454545,480,48.64309090909091,381.6,90.95342360898398,41,4.7272727272727275,8,651,0.2,0.0,0.0,United Kingdom,Regular Customers,-66.01791717169917
17389.0,3,72,44477.38,15114,37.318518518518516,336,109.82069135802469,1248.3,183.77636856539857,65,5.625,12,702,0.09135802469135802,10100.3,9.220419407417847,United Kingdom,Regular Customers,2435.609363739973
17390.0,391,1,149.3,49,4.083333333333333,24,12.441666666666668,66.0,21.788767261776854,12,12.0,1,0,0.0,0.0,0.0,United Kingdom,VIP Customers,-3.716800016597631
17391.0,134,2,508.8,480,160.0,192,169.6,203.52,58.75116339273632,2,1.5,1,0,0.0,0.0,0.0,United Kingdom,VIP Customers,30.59247610103222
17392.0,277,3,585.92,450,6.428571428571429,100,8.370285714285714,52.5,8.886659431935783,66,22.666666666666668,3,143,0.18571428571428572,0.0,0.0,United Kingdom,VIP Customers,-50.02728341649514
17393.0,381,2,381.15000000000003,238,4.958333333333333,48,7.940625000000001,81.12,12.118658974727552,45,22.5,2,77,0.5625,0.0,0.0,United Kingdom,VIP Customers,-34.853007864915455
17394.0,189,1,203.87,241,60.25,216,50.9675,155.52,70.36217893868837,4,4.0,1,0,0.0,0.0,0.0,United Kingdom,VIP Customers,-11.889932146971688
17395.0,478,1,97.5,66,22.0,36,32.5,45.0,11.4564392373896,3,3.0,1,0,0.0,0.0,0.0,United Kingdom,VIP Customers,-41.374996276238335
17396.0,9,16,8177.1,2231,42.094339622641506,144,154.28490566037738,1226.4,213.54809865895865,29,3.3125,5,402,0.0,0.0,0.0,United Kingdom,Regular Customers,685.1266509431542
17397.0,386,1,516.87,441,9.8,30,11.486,59.7,11.703012316182841,44,44.0,1,0,0.0,681.41,6.52563065023188,United Kingdom,Regular Customers,302.4157569521236
17398.0,85,3,653.38,310,8.157894736842104,24,17.19421052631579,43.8,8.113940833304905,30,12.666666666666666,3,140,0.0,0.0,0.0,United Kingdom,Regular Customers,216.9322666021954
17399.0,510,1,-25111.09,-1,-1.0,-1,-25111.09,-25111.09,0.0,1,1.0,1,0,0.0,0.0,0.0,,,-88.46619484677657
17400.0,96,8,4623.28,2185,4.658848614072495,60,9.85773987206823,60.0,7.0684621576456985,345,56.625,5,595,0.0,0.0,0.0,United Kingdom,Regular Customers,383.8975480896487
17401.0,511,1,114.85,34,2.8333333333333335,8,9.570833333333333,19.8,5.466736534106371,11,11.0,1,0,0.0,0.0,0.0,United Kingdom,VIP Customers,-32.74380465989998
17402.0,21,24,4001.71,1253,7.16,96,22.866914285714287,271.2,46.58665637811552,103,7.291666666666667,10,672,0.4114285714285714,599.6999999999999,6.3980956418561155,United Kingdom,Regular Customers,210.24297147121828
17403.0,6,2,382.87,188,4.177777777777778,25,8.508222222222223,35.4,7.759653896009704,45,22.5,2,414,0.0,0.0,0.0,United Kingdom,Regular Customers,65.43789785823307
17404.0,24,25,44768.34,48945,172.34154929577466,1152,157.635,1188.0,172.4297391718824,121,11.36,11,647,0.08450704225352113,1238.48,7.122447215806543,Sweden,Regular Customers,2409.091723208509
17405.0,34,4,818.82,541,6.7625,25,10.23525,53.1,9.962493330207575,65,20.0,3,86,0.0,148.4,5.006627272698717,United Kingdom,Regular Customers,327.0933914008382
17406.0,300,18,3874.0,1827,7.366935483870968,72,15.620967741935484,295.0,34.124309769991065,156,13.38888888888889,7,402,0.29838709677419356,0.0,0.0,United Kingdom,Regular Customers,414.5606014282761
17407.0,382,1,552.9,426,18.52173913043478,24,24.039130434782606,59.7,12.141242228283309,23,23.0,1,0,1.0,0.0,0.0,United Kingdom,VIP Customers,-2.4258906280419126
17408.0,133,4,164.89000000000001,91,10.11111111111111,72,18.32111111111111,151.2,77.32774169799032,7,2.25,2,350,0.0,0.0,0.0,United Kingdom,Regular Customers,60.07346601139503
17409.0,155,10,7793.51,4089,39.31730769230769,176,74.93759615384616,255.2,58.745613056539995,50,10.4,7,543,0.0,0.0,0.0,United Kingdom,Regular Customers,222.7330680581964
17410.0,8,4,978.38,466,8.79245283018868,36,18.46,47.7,8.735650431509864,50,13.25,4,177,0.41509433962264153,236.34,5.469493712236993,United Kingdom,Regular Customers,209.63308532703425
17411.0,46,8,1107.03,515,6.95945945945946,32,14.959864864864864,54.0,13.011015300873739,63,9.25,5,660,0.21621621621621623,209.5,5.349485653122436,United Kingdom,Regular Customers,-63.02288248513102
17412.0,30,17,3799.84,2263,10.674528301886792,48,17.92377358490566,295.0,28.564390384092633,148,12.411764705882353,9,677,0.18396226415094338,387.84,5.9631679479528685,United Kingdom,Regular Customers,224.57528385098584
17413.0,375,2,560.14,302,30.2,192,56.013999999999996,175.2,57.01134939641405,10,5.0,2,165,0.8,0.0,0.0,United Kingdom,VIP Customers,-169.56849296371698
17414.0,14,6,2249.52,6256,297.9047619047619,1440,107.12,390.0,111.05269668044986,6,3.5,4,692,0.0,0.0,0.0,United Kingdom,Regular Customers,-229.6576929427434
17415.0,49,1,507.84,114,8.142857142857142,24,36.27428571428571,170.0,42.50745757453096,14,14.0,1,0,0.0,0.0,0.0,United Kingdom,VIP Customers,93.68749585563188
17416.0,48,24,16206.86,8032,14.656934306569344,100,29.57456204379562,279.8,29.726037983174443,312,22.833333333333332,9,647,0.0018248175182481751,1014.61,6.9232446961782665,United Kingdom,Regular Customers,949.0831562572226
17417.0,519,1,164.18,76,4.75,12,10.26125,35.7,8.623121534572038,16,16.0,1,0,0.0,0.0,0.0,United Kingdom,VIP Customers,-22.793474289737617
17418.0,12,3,670.06,521,12.404761904761905,48,15.953809523809522,35.4,8.034772585420155,40,14.0,3,344,0.0,0.0,0.0,United Kingdom,Regular Customers,101.00873840773559
17419.0,9,18,5318.04,2593,9.784905660377358,40,20.068075471698112,85.0,11.76018174567264,183,14.722222222222221,9,644,0.0,782.61,6.6639114476020245,United Kingdom,Regular Customers,288.8053283711539
17420.0,20,8,943.6800000000001,444,8.538461538461538,24,18.14769230769231,39.6,6.726812785889784,43,6.5,4,351,0.1346153846153846,0.0,0.0,United Kingdom,Regular Customers,153.29723439541567
17421.0,356,3,1059.41,807,13.913793103448276,48,18.265689655172416,50.4,8.774918225653654,46,19.333333333333332,3,349,0.0,0.0,0.0,United Kingdom,Regular Customers,60.18886904858016
17422.0,56,19,3061.25,2871,13.23041474654378,96,14.107142857142858,60.0,12.72870353377726,137,11.421052631578947,8,448,0.14746543778801843,280.4,5.639777144680289,United Kingdom,Regular Customers,331.5893517354184
17423.0,15,5,1084.17,752,16.711111111111112,96,24.09266666666667,102.0,24.944644752294668,39,9.0,3,348,0.0,0.0,0.0,United Kingdom,Regular Customers,143.62823881739016
17424.0,398,1,-176.96,-1,-1.0,-1,-176.96,-176.96,0.0,1,1.0,1,0,0.0,0.0,0.0,,,-13.403690265001984
17425.0,31,1,688.97,371,8.833333333333334,24,16.40404761904762,33.0,4.703391645747447,42,42.0,1,0,0.0,70.2,4.26549281841793,United Kingdom,VIP Customers,118.58875480883887
17426.0,61,14,6864.7,4549,11.545685279187817,144,17.42309644670051,239.7,18.733215960146925,231,28.071428571428573,7,569,0.0,741.67,6.610251800699333,United Kingdom,Regular Customers,481.1818767695398
17427.0,42,1,100.8,34,17.0,24,50.4,70.8,28.84995667241114,2,2.0,1,0,0.0,0.0,0.0,United Kingdom,VIP Customers,36.332105160850716
17428.0,8,48,29863.66,16847,22.98362892223738,720,40.74169167803547,489.6,51.558935145221696,422,15.270833333333334,12,699,0.02592087312414734,1021.4,6.92990808362327,United Kingdom,Regular Customers,1776.2537747266758
17429.0,91,7,1342.16,1276,12.88888888888889,64,13.557171717171718,35.4,7.495206773148632,80,14.142857142857142,5,308,0.0,0.0,0.0,United Kingdom,Regular Customers,187.3727145440193
17430.0,3,4,622.5699999999999,455,12.297297297297296,36,16.826216216216213,39.0,6.0770453124631,30,9.25,3,446,0.0,0.0,0.0,United Kingdom,Regular Customers,41.19329592940298
17431.0,283,1,403.3,292,6.790697674418604,36,9.37906976744186,34.8,8.21637876843839,41,41.0,1,0,1.0,0.0,0.0,United Kingdom,VIP Customers,23.977519620261006
17432.0,7,8,1539.12,916,3.800829875518672,24,6.386390041493775,30.0,5.622082932262185,186,30.125,5,698,0.0,189.87,5.251592568041801,United Kingdom,Regular Customers,66.52236686706499
17433.0,58,2,569.96,305,3.2795698924731185,12,6.128602150537635,29.9,4.223522790740967,81,46.0,2,297,0.0,0.0,0.0,United Kingdom,Regular Customers,185.3286852663365
17434.0,5,5,1100.83,608,9.353846153846154,24,16.935846153846153,83.4,15.163229155211683,53,13.0,3,49,0.0,1232.59,7.117683896420826,United Kingdom,Regular Customers,375.41996340890626
17435.0,381,1,331.34999999999997,195,13.0,48,22.089999999999996,40.8,8.481391395284147,15,15.0,1,0,1.0,0.0,0.0,United Kingdom,VIP Customers,-34.55359361543327
17436.0,197,6,427.41,131,8.1875,18,26.713125,101.76,26.902463757990642,5,2.6666666666666665,4,505,0.25,93.9,4.552823705615882,United Kingdom,Regular Customers,-65.47100198615422
17437.0,500,1,369.68,283,5.4423076923076925,32,7.109230769230769,19.95,3.5596022283582096,52,52.0,1,0,0.0,0.0,0.0,United Kingdom,VIP Customers,27.16824773232571
17438.0,217,6,1412.6200000000001,550,7.534246575342466,36,19.35095890410959,89.7,12.278302584050858,49,12.166666666666666,4,394,0.0,0.0,0.0,United Kingdom,Regular Customers,93.51816021849152
17439.0,626,1,325.74,370,46.25,144,40.7175,102.0,29.43057775754423,8,8.0,1,0,0.0,0.0,0.0,United Kingdom,VIP Customers,-64.71844384667952
17440.0,118,6,314.26,268,29.77777777777778,120,34.91777777777778,137.16,50.59729063343653,4,1.5,3,401,0.0,0.0,0.0,United Kingdom,Regular Customers,30.70089301464205
17441.0,702,1,293.34999999999997,245,11.666666666666666,30,13.969047619047618,20.4,4.246954090594699,21,21.0,1,0,0.0,0.0,0.0,United Kingdom,VIP Customers,-52.307630489559926
17442.0,7,22,4522.65,3110,10.650684931506849,48,15.488527397260272,49.8,7.625500776024971,189,13.272727272727273,9,625,0.04452054794520548,-4.95,,United Kingdom,Regular Customers,347.8727004855351
17443.0,190,1,534.24,504,504.0,504,534.24,534.24,0.0,1,1.0,1,0,0.0,0.0,0.0,Canada,VIP Customers,18.04367048085132
17444.0,118,3,2940.04,2119,15.696296296296296,288,21.778074074074073,550.94,47.08854353326321,132,45.0,2,25,0.0,0.0,0.0,Canada,VIP Customers,379.4434498861485
17445.0,601,1,-506.51,-1,-1.0,-1,-506.51,-506.51,0.0,1,1.0,1,0,0.0,0.0,0.0,,,-52.88898198940788
17446.0,147,2,120.89999999999999,198,22.0,24,13.433333333333332,15.3,0.7000000000000003,6,4.5,2,133,0.0,0.0,0.0,United Kingdom,Regular Customers,178.10928627948533
17447.0,10,2,541.53,443,12.305555555555555,24,15.042499999999999,40.56,7.787466624555861,33,18.0,2,31,0.2222222222222222,0.0,0.0,United Kingdom,VIP Customers,68.04336605141265
17448.0,115,54,10162.380000000001,11504,10.171529619805481,60,8.9853050397878,39.6,127.97977510974685,571,20.944444444444443,5,500,0.09283819628647215,0.0,0.0,United Kingdom,Regular Customers,1652.6390024406053
17449.0,15,13,4428.11,2330,4.412878787878788,25,8.38657196969697,50.4,6.603797006694444,263,39.46153846153846,7,685,0.2878787878787879,424.04,6.052183282142688,United Kingdom,Regular Customers,275.96678875206555
17450.0,6,51,211060.52,73469,189.35309278350516,1944,543.970412371134,7144.72,964.8265997693929,145,7.529411764705882,12,401,0.0,20330.03,9.9199035693823,United Kingdom,At-Risk Customers,9045.730291663585
17451.0,26,5,1020.4,738,10.852941176470589,48,15.005882352941176,34.68,7.993655363818537,58,13.6,3,49,0.0,628.55,6.445005278447709,United Kingdom,Regular Customers,358.24366671816506
17452.0,573,1,-227.28,-1,-1.0,-1,-227.28,-227.28,0.0,1,1.0,1,0,0.0,0.0,0.0,,,-46.939551819788534
17453.0,34,1,342.0,160,17.77777777777778,24,38.0,61.2,21.014459307819465,9,9.0,1,0,0.0,144.72,4.981686972140363,United Kingdom,VIP Customers,60.603907062828085
17454.0,162,11,1532.6399999999999,721,5.677165354330708,12,12.068031496062991,39.8,7.749938252633697,98,11.545454545454545,9,500,0.2283464566929134,0.0,0.0,United Kingdom,Regular Customers,12.656507340724119
17455.0,174,1,131.7,66,8.25,10,16.4625,19.9,2.299029298266056,8,8.0,1,0,0.0,0.0,0.0,United Kingdom,VIP Customers,28.796881025563295
17456.0,335,2,975.56,508,8.466666666666667,36,16.259333333333334,35.4,5.675809467146042,59,30.0,2,90,0.0,0.0,0.0,United Kingdom,VIP Customers,9.018260065191726
17457.0,97,18,5799.01,2635,36.59722222222222,240,80.54180555555556,496.8,91.91159741266374,30,4.0,10,605,0.0,0.0,0.0,United Kingdom,Regular Customers,178.02124787268022
17458.0,352,1,213.08,112,3.5,20,6.65875,33.0,5.449649145261703,32,32.0,1,0,0.0,316.5,5.760477818332746,United Kingdom,Regular Customers,275.517631810094
17459.0,13,2,657.3,537,4.837837837837838,72,5.921621621621621,30.24,6.205466291254178,88,55.0,1,16,0.0,0.0,0.0,United Kingdom,VIP Customers,165.02194846875562
17460.0,49,21,1937.1,883,5.733766233766234,25,12.578571428571427,68.0,14.148735938761424,93,7.333333333333333,10,607,0.05844155844155844,0.0,0.0,United Kingdom,Regular Customers,107.68316749344564
17462.0,21,3,662.94,224,8.0,24,23.676428571428573,102.0,22.739509948510605,25,9.333333333333334,2,232,0.0,0.0,0.0,United Kingdom,Regular Customers,198.22302571191832
17463.0,19,8,2316.95,1348,4.376623376623376,25,7.522564935064935,35.7,5.916624476102014,229,37.75,5,539,0.288961038961039,198.31,5.2948614015746465,United Kingdom,Regular Customers,235.12548196684904
17464.0,128,4,816.54,548,13.365853658536585,144,19.91560975609756,142.8,32.20468126288323,35,10.25,2,461,0.0,0.0,0.0,United Kingdom,Regular Customers,41.90070743983583
17465.0,396,9,2533.64,1470,10.208333333333334,36,17.59472222222222,84.0,9.102018983316258,103,16.0,7,310,0.18055555555555555,0.0,0.0,United Kingdom,Regular Customers,177.6239340250399
17466.0,49,1,460.41,133,5.782608695652174,12,20.01782608695652,38.25,8.502223750034586,23,23.0,1,0,0.0,302.87,5.7165999783668155,United Kingdom,VIP Customers,82.02654648769504
17467.0,365,1,102.6,20,5.0,8,25.65,39.8,11.614502428716724,4,4.0,1,0,0.0,0.0,0.0,United Kingdom,VIP Customers,-15.29126866128422
17468.0,345,1,57.8,68,22.666666666666668,24,19.266666666666666,20.4,1.9629909152447267,3,3.0,1,0,0.0,137.0,4.927253685157205,United Kingdom,Regular Customers,232.5995321643173
17469.0,43,21,4579.44,2105,8.096153846153847,48,17.613230769230768,42.6,8.404285100747598,155,12.380952380952381,9,650,0.0,378.9,5.93990806019358,United Kingdom,Regular Customers,252.46290889484584
17470.0,15,11,2626.47,2731,17.61935483870968,96,16.944967741935482,102.0,13.246422667006314,111,14.090909090909092,8,463,0.07096774193548387,0.0,0.0,United Kingdom,Regular Customers,184.3581080150322
17471.0,445,1,321.65,153,8.052631578947368,24,16.928947368421053,30.6,4.210315235937199,19,19.0,1,0,1.0,0.0,0.0,United Kingdom,VIP Customers,-37.746022735714945
17472.0,161,4,922.35,551,2.4708520179372195,24,4.13609865470852,20.4,3.669238761558384,183,54.25,3,437,0.5022421524663677,0.0,0.0,United Kingdom,Regular Customers,164.810089405458
17473.0,371,3,592.15,267,7.628571428571429,12,16.91857142857143,81.0,13.135185603573943,33,11.666666666666666,3,54,0.0,0.0,0.0,United Kingdom,VIP Customers,-11.798329088046671
17474.0,570,1,1047.0,200,33.333333333333336,48,174.5,306.0,100.68165672057646,6,6.0,1,0,0.0,0.0,0.0,United Kingdom,VIP Customers,-31.081997847651365
17475.0,49,1,194.37,178,12.714285714285714,25,13.883571428571429,26.1,5.753291508937575,14,14.0,1,0,0.0,0.0,0.0,United Kingdom,VIP Customers,62.72225498893425
17476.0,363,4,446.51,220,6.470588235294118,24,13.13264705882353,25.5,9.721874525825777,29,8.5,2,344,0.0,0.0,0.0,United Kingdom,Regular Customers,53.67157213922275
17477.0,583,5,1079.0,211,4.48936170212766,13,22.95744680851064,102.0,24.74314823630672,44,9.4,2,34,0.0425531914893617,0.0,0.0,United Kingdom,VIP Customers,37.6654626081847
17478.0,378,2,1272.8,516,12.9,48,31.82,89.1,19.508473372699704,40,20.0,2,225,0.0,0.0,0.0,United Kingdom,Regular Customers,147.72921202571447
17479.0,603,1,389.26,266,14.777777777777779,24,21.625555555555554,59.4,11.901406353982471,18,18.0,1,0,0.0,0.0,0.0,United Kingdom,VIP Customers,-24.534025829178063
17480.0,44,3,876.92,579,10.527272727272727,24,15.943999999999999,45.0,8.680352996747779,50,18.333333333333332,1,370,0.0,0.0,0.0,United Kingdom,Regular Customers,157.67444466749646
17481.0,6,3,659.38,658,15.30232558139535,96,15.334418604651162,46.8,7.521188578284805,38,14.333333333333334,3,57,0.0,589.96,6.381748333220482,United Kingdom,Regular Customers,288.8854322113047
17482.0,457,2,775.64,240,4.528301886792453,24,14.634716981132076,51.0,9.880789170400227,50,25.5,2,91,0.0,0.0,0.0,United Kingdom,VIP Customers,-29.638965427892174
17483.0,35,4,591.73,265,9.464285714285714,25,21.133214285714285,63.75,12.943070233275105,23,7.0,3,349,0.0,0.0,0.0,United Kingdom,Regular Customers,94.05497427556293
17484.0,546,2,209.57,339,24.214285714285715,108,14.969285714285714,30.6,7.7418726260667565,14,7.0,2,47,0.0,0.0,0.0,United Kingdom,VIP Customers,-91.84526067350967
17485.0,708,1,-29.55,-9,-1.5,-1,-4.925,-2.95,2.8308567607704918,6,6.0,1,0,0.0,0.0,0.0,,,-67.82524043787586
17486.0,231,1,396.87,191,7.958333333333333,12,16.53625,25.2,4.668632434059017,24,24.0,1,0,0.0,0.0,0.0,United Kingdom,VIP Customers,47.10572082970603
17487.0,698,1,160.55,37,4.625,8,20.06875,29.7,5.9861708187645775,8,8.0,1,0,0.0,0.0,0.0,United Kingdom,VIP Customers,-71.09950098047045
17488.0,611,1,336.5,136,7.555555555555555,24,18.694444444444443,30.0,6.583198062646008,18,18.0,1,0,0.0,0.0,0.0,United Kingdom,VIP Customers,-38.72611375091526
17489.0,29,2,376.64,428,14.758620689655173,36,12.987586206896552,30.0,5.257246465031735,28,14.5,2,153,0.0,0.0,0.0,United Kingdom,Regular Customers,220.9441934254076
17490.0,34,8,1937.52,1016,10.583333333333334,96,20.1825,131.4,19.334265518966443,78,12.0,5,505,0.0,647.54,6.474723682656166,United Kingdom,Regular Customers,105.44883435187938
17491.0,7,16,4862.3,2853,18.171974522292995,144,30.970063694267516,152.64,26.059986999839698,101,9.8125,9,553,0.025477707006369428,774.42,6.653404818043216,United Kingdom,Regular Customers,222.865909228479
17492.0,218,3,1122.42,450,11.538461538461538,32,28.78,67.5,16.85278721286498,32,13.0,3,270,0.0,0.0,0.0,United Kingdom,Regular Customers,120.2744536692062
17493.0,355,1,100.91,62,7.75,24,12.61375,17.7,4.356744975978544,8,8.0,1,0,0.0,0.0,0.0,United Kingdom,VIP Customers,-10.683827912213303
17494.0,472,1,54.7,26,8.666666666666666,12,18.233333333333334,19.9,2.80059517483933,3,3.0,1,0,0.0,0.0,0.0,United Kingdom,VIP Customers,-38.390812037103956
17495.0,9,3,604.1,279,6.065217391304348,24,13.132608695652175,30.0,9.769166559420539,38,15.333333333333334,1,352,0.45652173913043476,154.97,5.049663681063734,United Kingdom,Regular Customers,129.18484022078616
17496.0,329,5,1385.89,671,9.067567567567568,24,18.728243243243245,79.95,12.116904794667484,55,14.8,4,335,0.0,0.0,0.0,United Kingdom,Regular Customers,105.01054138357233
17497.0,360,2,287.25,59,8.428571428571429,20,41.035714285714285,93.0,35.20857748576942,7,3.5,2,220,0.5714285714285714,0.0,0.0,United Kingdom,Regular Customers,60.30481441002755
17498.0,46,1,272.21999999999997,394,23.176470588235293,96,16.012941176470587,29.7,6.715187790287292,17,17.0,1,0,1.0,0.0,0.0,United Kingdom,VIP Customers,23.88896215612158
17499.0,260,3,1296.84,1077,14.753424657534246,60,17.764931506849315,76.5,16.238259358968634,66,24.333333333333332,3,271,0.0,0.0,0.0,United Kingdom,Regular Customers,166.33519399438146
17501.0,191,2,288.6,160,8.88888888888889,24,16.033333333333335,25.5,4.6310016703288115,18,9.0,1,0,0.0,0.0,0.0,United Kingdom,VIP Customers,54.46239511050905
17503.0,9,1,340.43,213,9.26086956521739,24,14.801304347826088,35.4,6.789563049501938,23,23.0,1,0,0.0,218.53,5.391488897435831,United Kingdom,VIP Customers,87.74865825039987
17504.0,176,19,9238.42,5212,14.68169014084507,288,26.023718309859156,305.28,28.500248303598227,244,18.68421052631579,7,463,0.09295774647887324,0.0,0.0,United Kingdom,Regular Customers,670.9365762488891
17505.0,131,5,2435.48,1242,12.176470588235293,48,23.877254901960786,100.8,14.73728719859885,83,20.4,4,443,0.0,0.0,0.0,United Kingdom,Regular Customers,137.30224241435167
17506.0,40,2,294.29,136,8.5,25,18.393125,31.6,11.366008222620053,14,8.0,1,5,0.875,0.0,0.0,United Kingdom,VIP Customers,43.582835031153024
17507.0,232,2,605.58,359,4.079545454545454,25,6.881590909090909,23.4,4.212801750538672,79,43.5,2,47,0.0,0.0,0.0,United Kingdom,VIP Customers,68.48405537052764
17508.0,251,9,4546.78,2880,12.413793103448276,64,19.598189655172412,163.2,18.401844350399838,199,25.77777777777778,7,451,0.0,0.0,0.0,Greece,Regular Customers,323.4448444125072
17509.0,28,11,6069.24,3508,9.55858310626703,24,16.537438692098092,30.0,4.319175123752957,75,33.36363636363637,1,5,0.0,0.0,0.0,United Kingdom,VIP Customers,512.5402084518239
17510.0,391,1,206.07999999999998,208,13.866666666666667,48,13.738666666666665,20.16,4.425629683473087,15,15.0,1,0,0.0,308.48,5.7348934696812535,United Kingdom,Regular Customers,238.08947951401746
17511.0,1,81,157180.48,104438,53.530497180932855,600,80.56405945668888,1401.6,89.31043232728587,656,24.08641975308642,12,707,0.0,11311.14,9.333631764297392,United Kingdom,At-Risk Customers,7964.93410563202
17512.0,21,19,4980.59,4909,25.304123711340207,288,25.673144329896907,158.4,25.7361822659603,102,10.210526315789474,9,677,0.0,451.68,6.115185474097741,United Kingdom,Regular Customers,204.25994608343402
17513.0,42,3,1158.8,440,24.444444444444443,100,64.37777777777778,199.2,51.82513080549374,18,6.0,3,407,0.0,0.0,0.0,United Kingdom,Regular Customers,49.39988513634037
17514.0,98,2,522.0,284,3.4216867469879517,24,6.289156626506024,33.6,5.7174382812199385,72,40.5,2,541,0.0,0.0,0.0,United Kingdom,Regular Customers,-0.4409817265288041
17515.0,1,9,1602.51,527,2.9441340782122905,12,8.952569832402235,49.95,7.332216818344889,91,19.77777777777778,8,519,0.0,0.0,0.0,United Kingdom,Regular Customers,31.924831674272895
17516.0,89,5,788.27,481,2.863095238095238,48,4.692083333333334,20.65,4.177055355404783,132,33.0,4,259,0.375,159.23,5.076610283019789,United Kingdom,Regular Customers,226.1915854087722
17517.0,279,1,153.94,102,9.272727272727273,16,13.994545454545454,25.5,5.913469985780538,11,11.0,1,0,0.0,0.0,0.0,United Kingdom,VIP Customers,13.62838027260986
17518.0,396,2,329.42,267,3.4675324675324677,48,4.278181818181818,19.9,3.3525276117520364,71,38.0,2,195,1.0,0.0,0.0,United Kingdom,Regular Customers,125.01322009196826
17519.0,104,16,4411.48,3032,15.957894736842105,96,23.21831578947368,106.2,17.755570414557518,134,11.875,9,605,0.11578947368421053,356.02,5.877791802619406,United Kingdom,Regular Customers,192.1966586272012
17520.0,24,1,546.81,365,12.166666666666666,48,18.226999999999997,34.0,7.678954288541977,30,30.0,1,0,0.0,0.0,0.0,United Kingdom,VIP Customers,94.47929942768565
17521.0,35,4,1052.6,620,9.6875,24,16.446875,39.6,5.4532963309374525,57,16.0,3,369,0.0,224.21,5.417033300253021,United Kingdom,Regular Customers,132.09568506146167
17522.0,109,4,912.25,932,13.91044776119403,48,13.615671641791044,69.6,12.058540444354076,54,16.0,3,79,0.11940298507462686,158.45999999999998,5.071793107074349,United Kingdom,Regular Customers,312.7411619203202
17524.0,331,4,508.9,290,6.444444444444445,36,11.30888888888889,39.8,12.871867707633895,37,11.25,2,76,0.0,0.0,0.0,United Kingdom,VIP Customers,6.907648681256148
17525.0,330,3,1161.9,338,13.0,48,44.68846153846154,102.0,23.554181402427503,19,8.666666666666666,3,69,0.3076923076923077,0.0,0.0,United Kingdom,VIP Customers,-37.653772289662854
17526.0,175,14,3142.84,1221,14.19767441860465,120,36.5446511627907,262.8,64.68424769961474,61,6.142857142857143,9,517,0.06976744186046512,307.2,5.730748922886015,United Kingdom,Regular Customers,85.12967405364299
17527.0,24,6,888.86,463,9.448979591836734,25,18.14,63.75,15.840204649351389,45,8.166666666666666,4,164,0.0,0.0,0.0,United Kingdom,Regular Customers,257.33053082589106
17528.0,13,5,2511.74,1512,7.714285714285714,32,12.815,83.2,10.697506515119569,155,38.6,2,28,0.0,1028.36,6.936692528876734,United Kingdom,Regular Customers,576.0545700103761
17529.0,580,2,1240.25,790,9.634146341463415,25,15.125,30.0,4.862346700112895,78,41.0,2,87,0.0,0.0,0.0,United Kingdom,VIP Customers,0.34856769829863765
17530.0,13,11,2403.26,1474,3.5603864734299515,72,5.804975845410628,39.8,5.566501666077773,324,36.63636363636363,6,690,0.10144927536231885,387.48,5.962241688431079,United Kingdom,Regular Customers,243.67716637068048
17531.0,91,9,1191.22,460,7.076923076923077,48,18.32646153846154,87.6,15.42903233667471,57,7.222222222222222,5,610,0.0,0.0,0.0,United Kingdom,Regular Customers,-15.091281875212104
17532.0,356,1,65.34,30,7.5,12,16.335,30.0,10.28206691283421,4,4.0,1,0,0.0,0.0,0.0,United Kingdom,VIP Customers,-14.143635310139103
17533.0,405,1,34.8,24,24.0,24,34.8,34.8,0.0,1,1.0,1,0,0.0,0.0,0.0,United Kingdom,VIP Customers,-28.037233209732392
17534.0,24,5,1668.83,860,9.347826086956522,25,18.13945652173913,39.8,7.344942696704248,76,18.4,5,598,0.17391304347826086,0.0,0.0,United Kingdom,Regular Customers,-25.97570765107369
17535.0,250,1,164.4,136,10.461538461538462,16,12.646153846153847,17.7,2.6490927329356193,13,13.0,1,0,0.0,0.0,0.0,United Kingdom,VIP Customers,22.171284150907496
17536.0,147,3,364.83,201,12.5625,48,22.801875,60.0,15.97907974769928,16,5.333333333333333,3,505,0.0,0.0,0.0,United Kingdom,Regular Customers,-70.69744315201868
17537.0,273,1,620.75,369,6.15,48,10.345833333333333,40.8,10.311593654744398,60,60.0,1,0,0.0,266.92,5.590688428485949,United Kingdom,Regular Customers,333.2820966222539
17539.0,587,7,997.34,696,4.73469387755102,24,6.784625850340136,47.4,14.105980819967813,133,20.428571428571427,4,109,0.9727891156462585,0.0,0.0,United Kingdom,VIP Customers,15.518805107336277
17540.0,286,5,1280.5,458,9.74468085106383,24,27.24468085106383,102.0,17.379133021236782,35,9.4,5,283,0.2553191489361702,301.6,5.712411801354255,United Kingdom,Regular Customers,86.90493289473818
17541.0,480,1,119.86,44,1.4193548387096775,12,3.8664516129032256,19.9,3.92904869604768,31,31.0,1,0,1.0,0.0,0.0,United Kingdom,VIP Customers,-34.96437319612872
17542.0,240,3,340.85,323,5.046875,25,5.32578125,26.4,5.964809448835117,57,20.666666666666668,1,371,0.0,0.0,0.0,United Kingdom,Regular Customers,103.92528521222079
17543.0,520,1,120.05,62,4.769230769230769,16,9.234615384615385,15.0,4.243936096331281,13,13.0,1,0,0.0,0.0,0.0,United Kingdom,VIP Customers,-33.915127106374825
17544.0,360,3,944.8199999999999,410,4.659090909090909,24,10.736590909090909,47.7,9.3505056580169,80,26.666666666666668,1,0,1.0,0.0,0.0,United Kingdom,VIP Customers,95.7808937815406
17545.0,13,6,1409.86,682,2.623076923076923,72,5.422538461538461,175.2,13.431394923577725,204,42.0,3,534,0.4307692307692308,0.0,0.0,United Kingdom,Regular Customers,230.1742689932607
17546.0,516,1,-648.05,-1,-1.0,-1,-648.05,-648.05,0.0,1,1.0,1,0,0.0,0.0,0.0,,,-36.95739708881237
17547.0,342,4,692.35,213,5.916666666666667,16,19.231944444444444,139.8,24.005264758196507,22,9.0,3,292,0.08333333333333333,0.0,0.0,United Kingdom,Regular Customers,95.68345967598819
17548.0,188,6,486.48,304,6.608695652173913,36,10.575652173913044,59.4,22.14799270083699,22,7.666666666666667,4,178,0.2608695652173913,0.0,0.0,United Kingdom,Regular Customers,166.83298992759
17549.0,22,1,28.2,60,30.0,48,14.1,18.72,6.533666658163698,2,2.0,1,0,0.0,120.66,4.801230268892559,United Kingdom,VIP Customers,41.16562460732797
17550.0,167,10,2165.54,908,2.6863905325443787,48,6.406923076923077,59.8,12.273379772441483,250,31.8,5,472,0.7130177514792899,0.0,0.0,United Kingdom,Regular Customers,271.79902636576674
17551.0,329,1,290.34,142,3.641025641025641,24,7.444615384615384,30.0,5.569321439416705,39,39.0,1,0,0.0,0.0,0.0,United Kingdom,VIP Customers,43.044726964515405
17552.0,13,16,2740.68,1928,12.939597315436242,60,18.393825503355703,59.4,10.701641235413721,80,9.3125,8,585,0.0,0.0,0.0,United Kingdom,Regular Customers,130.86764884872306
17553.0,100,4,3757.6,2288,381.3333333333333,1000,626.2666666666667,1250.0,396.4003363604358,2,1.5,2,481,0.0,0.0,0.0,United Kingdom,Regular Customers,-31.451232383657526
17554.0,29,3,1460.03,1529,20.945205479452056,200,20.00041095890411,75.6,15.948118614080066,52,24.0,3,88,0.0,492.42,6.201360738336562,United Kingdom,Regular Customers,299.32162940884103
17555.0,305,4,760.88,547,2.6298076923076925,25,3.6580769230769232,20.4,2.7664117490114783,174,51.25,3,251,0.6634615384615384,284.86,5.655502180480969,United Kingdom,Regular Customers,243.69160076997932
17556.0,176,2,300.66999999999996,184,13.142857142857142,60,21.476428571428567,75.0,16.948651231629867,13,7.0,2,173,0.0,0.0,0.0,United Kingdom,Regular Customers,156.42778200105556
17557.0,14,3,473.15999999999997,196,7.2592592592592595,24,17.524444444444445,59.4,12.216665582257622,25,9.0,3,688,0.0,102.3,4.637637376125593,United Kingdom,Regular Customers,-147.6493556660744
17558.0,363,1,259.17,54,1.9285714285714286,6,9.25607142857143,31.8,8.351595252044262,28,28.0,1,0,0.0,0.0,0.0,United Kingdom,VIP Customers,23.455000268181834
17559.0,483,1,167.62,270,22.5,48,13.968333333333334,26.4,7.276509944313756,12,12.0,1,0,0.0,0.0,0.0,United Kingdom,VIP Customers,-25.61331092982317
17560.0,65,8,1895.8,1588,28.87272727272727,120,34.46909090909091,93.0,25.324482391897142,37,6.875,5,565,0.0,0.0,0.0,United Kingdom,Regular Customers,7.982435666289319
17561.0,361,3,537.9,237,1.6232876712328768,11,3.6842465753424656,23.1,3.2672096785497073,129,46.0,3,342,1.0,165.12,5.1127104187625525,United Kingdom,Regular Customers,92.70623403517632
17562.0,21,7,941.68,717,13.277777777777779,72,17.438518518518517,49.8,9.197165971903788,45,7.714285714285714,5,122,0.3888888888888889,165.7,5.116195789756748,United Kingdom,Regular Customers,255.6121847872641
17563.0,548,5,309.28,227,6.485714285714286,24,8.836571428571428,25.2,11.703147123959521,28,7.0,2,33,0.0,0.0,0.0,United Kingdom,VIP Customers,-6.942337355517537
17564.0,14,2,243.46,73,2.607142857142857,7,8.695,14.56,2.701547567461891,22,14.0,2,35,0.0,210.55,5.354461377166077,United Kingdom,VIP Customers,42.373673449018554
17565.0,557,1,131.83,67,2.2333333333333334,12,4.394333333333334,11.9,2.6649250275193204,30,30.0,1,0,1.0,0.0,0.0,United Kingdom,VIP Customers,-52.256390536719096
17567.0,27,10,4101.16,2400,12.182741116751268,96,20.818071065989848,139.2,26.771582392739703,125,19.7,7,384,0.0,418.0,6.037870919922137,United Kingdom,Regular Customers,299.13291129404183
17568.0,603,1,374.45,275,4.435483870967742,12,6.039516129032258,39.0,6.678295018355704,61,61.0,1,0,0.0,0.0,0.0,United Kingdom,VIP Customers,28.767197478182766
17569.0,302,1,344.14,159,5.482758620689655,32,11.866896551724137,40.56,9.532123172068628,29,29.0,1,0,0.0,0.0,0.0,United Kingdom,VIP Customers,36.5726924044796
17570.0,351,2,0.0,0,0.0,1,0.0,100.0,141.4213562373095,1,1.0,1,0,0.0,0.0,0.0,United Kingdom,VIP Customers,-32.78388476225837
17571.0,20,5,1630.91,991,3.0492307692307694,36,5.018184615384616,45.0,5.823436161858744,290,61.2,5,492,0.09230769230769231,0.0,0.0,United Kingdom,Regular Customers,264.5877536718682
17572.0,41,10,652.21,327,10.21875,36,20.3815625,52.2,8.87388197751167,14,3.2,5,653,0.0,0.0,0.0,United Kingdom,Regular Customers,-83.69136950033092
17573.0,55,3,164.51,177,13.615384615384615,48,12.654615384615385,30.24,10.698545551759684,12,4.333333333333333,1,8,0.0,198.39,5.295262705818808,United Kingdom,Regular Customers,321.33366483732857
17574.0,213,1,185.65,77,9.625,12,23.20625,35.7,7.1713934439947895,8,8.0,1,0,0.0,0.0,0.0,United Kingdom,VIP Customers,23.54835907768168
17575.0,637,1,171.7,72,14.4,36,34.339999999999996,63.9,18.792232437898377,5,5.0,1,0,0.0,0.0,0.0,United Kingdom,VIP Customers,-66.37261600032502
17576.0,8,43,8251.8,4422,5.190140845070423,48,9.685211267605633,59.8,8.60585764097612,401,19.651162790697676,12,698,0.0,289.0,5.66988092298052,United Kingdom,Regular Customers,875.385265172578
17577.0,615,2,348.75,179,8.523809523809524,16,16.607142857142858,31.2,6.619748592550281,20,10.5,2,23,0.0,0.0,0.0,United Kingdom,VIP Customers,-61.934889920026336
17578.0,161,10,1003.73,471,6.728571428571429,48,14.339,63.5,12.538752006641568,57,6.9,4,338,0.2571428571428571,0.0,0.0,United Kingdom,Regular Customers,177.71487781518155
17579.0,91,4,566.54,245,3.888888888888889,24,8.992698412698411,39.95,8.370995086019269,58,15.5,4,457,0.0,178.04,5.187609244563615,United Kingdom,Regular Customers,14.788423149400586
17580.0,223,5,541.02,223,2.372340425531915,18,5.755531914893617,47.7,6.158800088591003,78,18.8,5,169,0.2978723404255319,0.0,0.0,United Kingdom,Regular Customers,185.89869011242018
17581.0,3,50,16456.21,8908,11.038413878562578,50,20.39183395291202,195.0,20.161635080981096,387,16.12,11,703,0.11648079306071871,984.68,6.893331758316413,United Kingdom,Regular Customers,1349.2010271395654
17582.0,206,6,1429.95,601,4.8861788617886175,60,11.625609756097562,102.0,18.23963362203675,92,20.0,5,387,0.8130081300813008,0.0,0.0,United Kingdom,Regular Customers,86.99922216203382
17583.0,530,1,135.95,55,7.857142857142857,10,19.42142857142857,23.25,1.9794479749956262,7,7.0,1,0,0.0,0.0,0.0,United Kingdom,VIP Customers,-40.414801931423256
17584.0,97,5,4816.57,2251,21.438095238095237,394,45.872095238095234,238.8,40.767908563534235,79,21.0,4,556,0.3904761904761905,477.84999999999997,6.171387395967629,United Kingdom,Regular Customers,77.91119014867203
17585.0,79,7,2064.71,2510,6.536458333333333,144,5.376848958333333,79.2,7.142626150217747,295,54.142857142857146,5,368,0.0,0.0,0.0,United Kingdom,Regular Customers,404.1271545253717
17586.0,589,1,167.4,68,8.5,12,20.925,45.0,13.30453735707162,8,8.0,1,0,0.0,0.0,0.0,United Kingdom,VIP Customers,-47.94601106846875
17587.0,598,1,176.71,67,1.5952380952380953,9,4.207380952380952,13.52,3.4476899721434617,42,42.0,1,0,1.0,0.0,0.0,United Kingdom,VIP Customers,-43.62182178412158
17588.0,70,9,2901.65,1367,18.226666666666667,180,38.68866666666667,264.0,46.623307485643934,36,8.333333333333334,6,537,0.0,0.0,0.0,United Kingdom,Regular Customers,65.73785829755599
17589.0,30,21,13692.89,8652,6.594512195121951,144,10.436653963414633,123.9,10.793768303085873,601,59.42857142857143,9,582,0.31402439024390244,0.0,0.0,United Kingdom,Regular Customers,1114.082968108214
17590.0,10,1,349.38,205,3.5964912280701755,24,6.129473684210526,30.0,5.417050601392341,54,54.0,1,0,1.0,1118.64,7.020762484048476,United Kingdom,Regular Customers,337.0874306469369
17591.0,43,9,2328.37,1027,5.80225988700565,36,13.154632768361582,75.6,15.282601850620917,93,18.88888888888889,7,617,0.10734463276836158,0.0,0.0,United Kingdom,Regular Customers,11.916386763065162
17592.0,709,2,0.0,0,0.0,3,0.0,12.75,11.860168632865214,13,13.0,1,0,0.0,0.0,0.0,United Kingdom,VIP Customers,-57.69510555889394
17593.0,62,14,7362.32,4735,12.797297297297296,96,19.898162162162162,79.8,13.594794770487743,275,26.071428571428573,7,643,0.3162162162162162,678.1999999999999,6.520915634997137,United Kingdom,Regular Customers,436.5114642359292
17594.0,55,4,2497.88,1368,13.153846153846153,24,24.018076923076926,51.0,11.029355276681775,70,26.0,3,519,0.0,0.0,0.0,United Kingdom,Regular Customers,96.95284135493415
17595.0,7,1,155.8,84,2.5454545454545454,16,4.721212121212122,16.5,3.6649000306759376,33,33.0,1,0,0.0,230.89,5.446263121296344,United Kingdom,VIP Customers,91.48233585920076
17596.0,15,13,4182.94,6544,13.719077568134171,216,8.769266247379454,142.8,12.959149994429547,274,35.69230769230769,8,679,0.1278825995807128,295.17,5.69093361378729,United Kingdom,Regular Customers,340.3232168151271
17597.0,184,7,3425.29,2205,16.455223880597014,288,25.56186567164179,207.5,27.97330328175596,110,19.142857142857142,4,369,0.40298507462686567,0.0,0.0,United Kingdom,Regular Customers,236.8761469509494
17598.0,351,1,409.98,126,12.6,24,40.998000000000005,91.8,34.232137531857404,10,10.0,1,0,0.0,0.0,0.0,United Kingdom,VIP Customers,4.591334000121947
17599.0,435,3,44.55,9,1.8,5,8.91,19.8,11.800815649776077,3,1.6666666666666667,2,12,0.0,0.0,0.0,United Kingdom,VIP Customers,-36.9480108195213
17601.0,209,2,413.08,295,4.097222222222222,36,5.737222222222222,37.5,7.275903742757007,69,34.5,2,141,0.0,0.0,0.0,United Kingdom,Regular Customers,238.11103075889486
17602.0,13,15,5421.13,4322,6.070224719101123,120,7.613946629213483,252.0,12.847722932210898,391,46.13333333333333,8,576,0.011235955056179775,1819.6,7.5069213960711885,United Kingdom,Regular Customers,599.6694901177664
17603.0,20,11,114.91,508,4.417391304347826,32,0.9992173913043478,250.0,94.46123148091456,106,10.272727272727273,8,679,0.0,0.0,0.0,United Kingdom,Regular Customers,-48.97755547722872
17604.0,187,6,942.38,614,2.951923076923077,72,4.530673076923077,22.95,3.8352093114526724,142,34.5,5,464,0.0,0.0,0.0,United Kingdom,Regular Customers,82.51445983251165
17605.0,560,1,160.75,71,5.461538461538462,14,12.365384615384615,68.0,17.65067733137769,13,13.0,1,0,0.0,0.0,0.0,United Kingdom,VIP Customers,-28.467841095075528
17606.0,707,1,87.3,42,7.0,12,14.549999999999999,17.7,2.674883175019051,6,6.0,1,0,0.0,0.0,0.0,United Kingdom,VIP Customers,-78.14866226178606
17607.0,346,1,333.81,269,12.227272727272727,25,15.173181818181819,35.7,6.968992129332714,22,22.0,1,0,1.0,0.0,0.0,United Kingdom,VIP Customers,-10.444565475264454
17608.0,3,4,488.06,528,3.3207547169811322,25,3.069559748427673,15.0,2.5179726991793614,134,37.25,3,573,0.6792452830188679,0.0,0.0,United Kingdom,Regular Customers,34.39818328666436
17609.0,11,14,1752.55,1244,3.2061855670103094,74,4.516881443298969,122.1,9.558272135614581,317,26.428571428571427,7,568,0.5618556701030928,0.0,0.0,United Kingdom,Regular Customers,324.81791253112044
17610.0,510,8,1410.29,873,5.165680473372781,30,8.34491124260355,33.75,7.990142819984002,123,20.375,5,193,0.3076923076923077,0.0,0.0,United Kingdom,Regular Customers,232.05382657380434
17611.0,1,32,7870.63,5138,4.666666666666667,72,7.148619436875568,50.0,6.722833676193944,713,34.125,11,707,0.44595821980018163,300.3,5.708106446136256,United Kingdom,Regular Customers,1005.1040471924546
17612.0,23,32,5156.14,3461,9.404891304347826,100,14.01125,179.0,12.292144234322349,214,11.5,11,677,0.010869565217391304,0.0,0.0,United Kingdom,Regular Customers,489.01937650386844
17613.0,14,14,4222.87,2321,7.841216216216216,60,14.266452702702702,124.8,13.253924135935938,209,21.0,8,261,0.26013513513513514,271.9,5.609105427714293,United Kingdom,Regular Customers,502.1490793656541
17614.0,27,1,386.32,235,2.3979591836734695,12,3.9420408163265304,18.72,3.178864790950001,97,97.0,1,0,0.0,0.0,0.0,United Kingdom,VIP Customers,176.1758671948678
17615.0,100,7,714.3,372,6.526315789473684,48,12.53157894736842,88.8,15.76060864822187,47,7.857142857142857,4,355,0.08771929824561403,0.0,0.0,United Kingdom,Regular Customers,126.31333513994491
17616.0,144,4,734.4,288,72.0,128,183.6,326.4,102.6777483196822,1,1.0,4,277,0.25,0.0,0.0,United Kingdom,Regular Customers,44.64390580304112
17617.0,529,2,227.14,220,11.0,25,11.357,46.5,33.08623821088412,20,10.0,1,12,0.9,0.0,0.0,United Kingdom,VIP Customers,-50.79796071452441
17618.0,218,12,3671.54,1709,4.882857142857143,60,10.490114285714286,54.0,9.343650617595468,196,28.583333333333332,8,436,0.9628571428571429,304.8,5.722931293494962,United Kingdom,Regular Customers,229.81079354408845
17619.0,282,1,214.37,124,1.6756756756756757,6,2.896891891891892,15.9,2.7832763415859354,71,71.0,1,0,0.0,0.0,0.0,United Kingdom,VIP Customers,90.20590133538974
17620.0,30,1,81.44,60,15.0,24,20.36,34.0,11.169768723359196,4,4.0,1,0,0.0,0.0,0.0,United Kingdom,VIP Customers,47.24726349437029
17621.0,161,7,2551.2,890,15.614035087719298,80,44.757894736842104,204.0,47.723289714802846,52,8.142857142857142,5,240,0.03508771929824561,478.12,6.171951087956207,United Kingdom,Regular Customers,238.97169454663478
17622.0,567,3,1125.17,367,9.41025641025641,24,28.850512820512822,79.6,18.047735817856687,19,13.0,1,1,0.0,0.0,0.0,United Kingdom,VIP Customers,34.31341982598005
17623.0,3,7,2365.77,799,4.118556701030927,24,12.194690721649485,51.0,8.689713957336458,130,27.571428571428573,7,692,0.19072164948453607,0.0,0.0,United Kingdom,Regular Customers,-34.609360590365526
17624.0,188,3,1125.45,716,9.944444444444445,25,15.631250000000001,35.8,6.824070475318427,71,24.0,3,501,0.3055555555555556,443.18,6.096229885683062,United Kingdom,Regular Customers,5.724752051911111
17625.0,22,7,5567.55,3312,5.265500794912559,40,8.851430842607314,102.0,8.398680639508877,410,86.85714285714286,7,673,0.6677265500794912,411.35,6.021872503279364,United Kingdom,Regular Customers,392.5002937000477
17626.0,573,1,254.0,202,11.222222222222221,24,14.11111111111111,30.0,6.570931430876527,18,18.0,1,0,0.0,0.0,0.0,United Kingdom,VIP Customers,-29.61454570669946
17627.0,449,2,285.11,673,61.18181818181818,200,25.91909090909091,62.4,20.716860985460833,11,5.5,2,250,0.0,0.0,0.0,United Kingdom,VIP Customers,-218.0152115070123
17628.0,51,1,75.75,79,15.8,24,15.15,19.8,2.9355578686171415,5,5.0,1,0,0.0,0.0,0.0,United Kingdom,VIP Customers,45.69790969178564
17629.0,37,9,2003.57,1303,10.023076923076923,48,15.412076923076922,85.0,13.162668593038457,109,14.444444444444445,8,354,0.2692307692307692,421.95,6.047253968750024,United Kingdom,Regular Customers,169.99457905466303
17630.0,140,2,503.6,158,6.076923076923077,24,19.36923076923077,39.95,7.797397988086499,24,13.0,2,62,0.0,0.0,0.0,United Kingdom,VIP Customers,9.467370254496132
17631.0,107,6,886.66,442,7.491525423728813,25,15.02813559322034,30.0,4.270932820088755,56,9.833333333333334,5,592,0.0,111.83,4.725882261150355,United Kingdom,Regular Customers,-68.84812856147133
17632.0,687,2,-12.7,-2,-1.0,-1,-6.35,-6.35,0.0,1,1.0,1,0,0.0,0.0,0.0,,,-52.96440471463583
17633.0,1,9,1974.89,885,8.592233009708737,60,19.173689320388352,75.0,15.979951777289338,84,11.444444444444445,5,357,0.1262135922330097,0.0,0.0,United Kingdom,Regular Customers,216.87041010208364
17634.0,6,9,2358.59,838,2.831081081081081,24,7.96820945945946,119.0,9.855077732929342,209,32.888888888888886,8,301,0.10472972972972973,0.0,0.0,United Kingdom,Regular Customers,334.58327527432436
17635.0,394,4,1256.83,763,10.173333333333334,60,16.75773333333333,139.8,15.155325045185444,60,18.75,4,166,0.0,0.0,0.0,United Kingdom,VIP Customers,-39.22043694774216
17637.0,1,2,547.06,280,8.0,24,15.630285714285712,25.5,6.108236717606753,35,17.5,2,83,0.0,0.0,0.0,United Kingdom,Regular Customers,280.4268826884585
17638.0,617,2,842.4000000000001,432,144.0,168,280.8,327.6,46.800000000000026,2,1.5,2,74,0.0,0.0,0.0,United Kingdom,VIP Customers,-120.68632095525138
17639.0,246,6,615.17,576,7.291139240506329,48,7.7869620253164555,30.0,6.407555306929465,59,13.166666666666666,3,207,0.16455696202531644,0.0,0.0,United Kingdom,VIP Customers,-38.28946558942171
17640.0,57,8,3107.59,1671,24.573529411764707,96,45.699852941176474,236.88,47.48756778366209,48,8.5,5,539,0.5,0.0,0.0,United Kingdom,Regular Customers,95.65669389976165
17641.0,709,1,-6.95,-1,-1.0,-1,-6.95,-6.95,0.0,1,1.0,1,0,0.0,0.0,0.0,,,-72.44329064230223
17642.0,90,5,1824.49,1475,13.657407407407407,48,16.893425925925925,45.0,8.543844498090182,88,21.6,5,614,0.17592592592592593,0.0,0.0,United Kingdom,Regular Customers,-22.361504406488706
17643.0,343,2,439.7,226,7.290322580645161,24,14.183870967741935,19.8,3.306165631482443,30,15.5,2,132,0.0,0.0,0.0,United Kingdom,VIP Customers,-72.9918057678554
17644.0,6,27,5531.78,3154,9.918238993710691,48,17.395534591194966,74.0,11.749038440972232,149,11.777777777777779,11,625,0.015723270440251572,332.76,5.810422171812408,United Kingdom,Regular Customers,367.9573064386552
17645.0,698,1,-9.9,-2,-2.0,-2,-9.9,-9.9,0.0,1,1.0,1,0,0.0,0.0,0.0,,,-70.32904531233524
17646.0,189,16,3843.16,1299,6.336585365853659,36,18.747121951219512,175.2,15.99913334079767,124,12.8125,10,504,0.0,0.0,0.0,United Kingdom,Regular Customers,196.68249797258468
17647.0,35,3,331.66,82,6.833333333333333,24,27.638333333333335,89.7,23.48579254602986,12,4.0,2,604,0.0,0.0,0.0,United Kingdom,Regular Customers,-86.42734757466772
17648.0,31,6,2208.42,953,7.563492063492063,25,17.52714285714286,52.02,8.788899440284235,114,21.0,5,324,0.0,0.0,0.0,United Kingdom,Regular Customers,234.13182599618128
17649.0,105,5,1542.44,716,7.089108910891089,30,15.271683168316832,25.5,6.074446982122228,88,20.2,2,337,0.5148514851485149,0.0,0.0,United Kingdom,Regular Customers,203.49304503404846
17651.0,2,20,5347.67,3913,12.114551083591332,100,16.55625386996904,92.5,9.67763724423488,197,16.15,6,495,0.043343653250773995,284.92,5.655712051411118,United Kingdom,Regular Customers,535.5582174228791
17652.0,5,16,4470.86,2341,9.14453125,96,17.464296875,69.12,10.614917781296118,117,16.0,8,246,0.0,266.27,5.588259383400662,United Kingdom,Regular Customers,445.38072479040954
17653.0,7,4,1207.56,1409,32.02272727272727,384,27.44454545454545,211.2,33.248005602333045,44,11.0,3,83,0.0,-31.68,,United Kingdom,Regular Customers,293.55374972498475
17654.0,247,1,117.55,41,1.8636363636363635,6,5.343181818181818,19.9,4.309521447704502,22,22.0,1,0,0.0,0.0,0.0,United Kingdom,VIP Customers,33.5507449408029
17655.0,10,9,2461.44,950,9.595959595959595,80,24.863030303030303,197.1,26.72220304581045,71,11.0,6,376,0.1414141414141414,447.74,6.106443655431631,United Kingdom,Regular Customers,207.5689548452166
17656.0,43,5,1674.69,1399,17.0609756097561,96,20.423048780487804,89.5,13.916274040948469,67,16.4,2,55,0.0,0.0,0.0,United Kingdom,VIP Customers,177.46244451578258
17657.0,400,1,126.0,60,8.571428571428571,12,18.0,23.4,4.113392760240627,7,7.0,1,0,0.0,0.0,0.0,United Kingdom,VIP Customers,-16.498430580307428
17658.0,181,1,317.6,216,24.0,48,35.28888888888889,60.0,17.533071924540522,9,9.0,1,0,0.0,168.28,5.1315541486699345,United Kingdom,Regular Customers,276.11782815847795
17659.0,29,14,2512.87,1171,8.674074074074074,96,18.61385185185185,53.1,9.396162680169857,105,9.642857142857142,7,326,0.0,1023.46,6.931920923480917,United Kingdom,Regular Customers,286.0342950021558
17660.0,111,2,342.22,259,3.158536585365854,50,4.173414634146342,49.8,5.89384010296253,75,39.5,2,595,0.0,0.0,0.0,United Kingdom,Regular Customers,-42.40821301931183
17661.0,611,1,-54.0,-8,-8.0,-8,-54.0,-54.0,0.0,1,1.0,1,0,0.0,0.0,0.0,,,-53.68909120403927
17662.0,632,2,412.92,184,12.266666666666667,48,27.528000000000002,91.8,24.031853623293994,14,7.5,2,60,0.0,0.0,0.0,United Kingdom,VIP Customers,-93.0434028394356
17663.0,8,22,4777.41,2169,9.190677966101696,216,20.243262711864407,270.0,21.557426581082776,145,10.727272727272727,11,698,0.0,303.63,5.719097925433975,United Kingdom,Regular Customers,214.5183582750603
17664.0,182,3,887.78,863,14.383333333333333,48,14.796333333333333,40.8,6.151992915808516,51,20.0,3,407,0.26666666666666666,278.45,5.6328233857157075,United Kingdom,Regular Customers,46.218625256278386
17665.0,463,1,563.1,690,36.31578947368421,192,29.63684210526316,152.64,32.40818707477609,19,19.0,1,0,0.0,0.0,0.0,United Kingdom,VIP Customers,-0.8006481214710846
17666.0,36,4,1728.72,1312,34.526315789473685,72,45.49263157894737,99.0,25.429789796690034,28,9.5,3,461,0.0,319.08000000000004,5.76857096454898,United Kingdom,Regular Customers,68.78228562918264
17667.0,36,12,3883.7999999999997,2182,9.36480686695279,32,16.668669527896995,79.0,9.414519529088743,141,19.416666666666668,6,588,0.0,0.0,0.0,United Kingdom,Regular Customers,226.78041792067924
17668.0,8,1,161.85,31,3.875,12,20.23125,44.85,10.225316533696438,8,8.0,1,0,0.0,185.9,5.230573714461517,United Kingdom,VIP Customers,62.673523997682594
17669.0,13,10,6142.35,3505,24.34027777777778,100,42.655208333333334,179.0,50.12120125596462,85,14.4,6,574,0.0,0.0,0.0,United Kingdom,Regular Customers,238.4398775573296
17670.0,198,1,205.7,110,10.0,24,18.7,31.8,5.739512174392524,11,11.0,1,0,0.0,0.0,0.0,United Kingdom,VIP Customers,29.270454317809765
17671.0,105,6,1246.37,626,8.45945945945946,48,16.842837837837838,119.6,26.507672837003575,52,12.333333333333334,4,240,0.0,474.16,6.163651589421339,United Kingdom,Regular Customers,220.5221840758265
17672.0,14,9,5707.08,2740,12.985781990521327,120,27.04777251184834,252.0,25.54674390332922,179,23.444444444444443,5,638,0.0,0.0,0.0,United Kingdom,Regular Customers,302.7199536151518
17673.0,37,13,4051.06,3188,6.5731958762886595,120,8.352701030927834,138.0,13.867973580991471,191,36.46153846153846,7,564,0.09072164948453608,105.57,4.668802046232865,United Kingdom,Regular Customers,305.1124029852706
17674.0,44,2,551.04,672,24.88888888888889,144,20.40888888888889,152.64,30.900415398419344,19,13.5,2,294,0.0,0.0,0.0,United Kingdom,Regular Customers,127.44627012320055
17675.0,7,86,33763.43,14603,13.85483870967742,160,32.03361480075901,306.0,30.08534179952606,321,12.255813953488373,12,691,0.10246679316888045,3300.89,8.10225031078163,United Kingdom,Regular Customers,2414.7975414227335
17676.0,28,12,2057.72,1482,10.817518248175183,48,15.019854014598538,39.6,8.052773086974216,77,11.416666666666666,7,561,0.0,347.6,5.85392513308592,United Kingdom,Regular Customers,76.99592603096656
17677.0,6,88,32887.18,19879,28.03808180535966,120,46.38530324400564,252.0,60.11268629394549,348,8.056818181818182,12,692,0.05500705218617771,1345.0,7.204892510204673,United Kingdom,Regular Customers,2544.6207206793806
17678.0,234,3,579.81,367,12.655172413793103,25,19.993448275862068,39.9,11.770328699094563,27,9.666666666666666,3,339,0.0,0.0,0.0,United Kingdom,Regular Customers,47.08884772458444
17679.0,23,11,3166.56,1414,13.466666666666667,120,30.157714285714285,178.4,38.10555383650542,70,9.545454545454545,7,683,0.0,0.0,0.0,United Kingdom,Regular Customers,12.118154979923844
17680.0,353,3,278.1,58,5.8,12,27.810000000000002,139.8,43.439164356603364,9,3.3333333333333335,2,127,0.4,184.4,5.2225156531317545,United Kingdom,Regular Customers,165.9891230210723
17681.0,567,6,529.6,354,23.6,90,35.306666666666665,163.2,78.78694114660179,13,2.5,4,131,0.13333333333333333,0.0,0.0,United Kingdom,VIP Customers,-132.17438827110595
17682.0,85,11,3475.3,1901,9.901041666666666,30,18.100520833333334,49.5,9.666220869880991,76,17.454545454545453,8,526,0.16145833333333334,574.98,6.356072937870839,United Kingdom,Regular Customers,95.3941749414752
17683.0,356,3,819.01,781,16.97826086956522,96,17.804565217391303,103.5,15.683009306822283,41,15.333333333333334,3,168,0.0,0.0,0.0,United Kingdom,VIP Customers,-72.57724171448743
17684.0,14,1,239.41,145,9.666666666666666,24,15.960666666666667,24.75,5.447954356147513,15,15.0,1,0,0.0,0.0,0.0,United Kingdom,VIP Customers,69.52808159273604
17685.0,59,13,5047.55,3255,17.690217391304348,120,27.43233695652174,174.0,31.838426905896647,117,14.0,9,577,0.0,392.4,5.974826905954958,United Kingdom,Regular Customers,193.63279029779153
17686.0,51,8,7667.44,3288,8.324050632911392,48,19.41124050632911,81.6,9.526253743532783,268,49.375,6,453,0.0,629.37,6.446306948578798,United Kingdom,Regular Customers,499.8629979345337
17687.0,391,1,432.68,210,8.076923076923077,12,16.641538461538463,34.0,5.763826987207504,26,26.0,1,0,0.0,0.0,0.0,United Kingdom,VIP Customers,22.877840166862484
17688.0,345,2,286.5,108,5.4,12,14.325,31.8,8.477252844493533,19,10.0,1,19,0.0,0.0,0.0,United Kingdom,VIP Customers,15.616373509895595
17689.0,358,2,317.08,300,13.636363636363637,30,14.412727272727272,33.0,7.481073377160451,17,11.0,2,85,0.4090909090909091,0.0,0.0,United Kingdom,VIP Customers,-70.59007841403718
17690.0,5,20,6449.77,2752,8.070381231671554,50,18.914281524926686,250.0,21.27609305611054,226,16.85,10,638,0.17595307917888564,504.53000000000003,6.225607383880561,United Kingdom,Regular Customers,416.3660726546592
17691.0,328,5,627.35,303,6.886363636363637,12,14.257954545454545,19.8,4.668485925339728,37,8.8,3,188,0.0,0.0,0.0,United Kingdom,VIP Customers,-74.64728025566669
17692.0,97,14,2962.4,2330,14.207317073170731,96,18.06341463414634,47.2,9.706482966637557,90,11.714285714285714,10,413,0.10975609756097561,0.0,0.0,United Kingdom,Regular Customers,154.01067734741025
17693.0,106,3,187.02,229,12.722222222222221,25,10.39,17.4,7.695673345152724,16,6.0,1,1,0.0,0.0,0.0,United Kingdom,VIP Customers,80.162221664617
17694.0,112,3,1695.97,1493,18.432098765432098,72,20.937901234567903,122.4,17.882626255394463,54,27.0,2,421,0.0,0.0,0.0,United Kingdom,Regular Customers,142.3402149221139
17695.0,102,6,1720.54,1803,29.080645161290324,120,27.750645161290322,204.0,31.511219280766493,46,10.333333333333334,5,549,0.27419354838709675,0.0,0.0,United Kingdom,Regular Customers,19.543793673615625
17696.0,8,48,7380.89,5749,14.3725,100,18.452225000000002,139.2,19.2961771454983,192,8.333333333333334,12,690,0.0675,0.0,0.0,United Kingdom,Regular Customers,774.0699405104621
17697.0,206,1,338.95,93,4.894736842105263,12,17.839473684210525,39.6,6.3940636302434735,19,19.0,1,0,1.0,0.0,0.0,United Kingdom,VIP Customers,11.185891806953833
17698.0,231,1,154.95,93,11.625,24,19.36875,30.0,5.525585780194323,8,8.0,1,0,0.0,0.0,0.0,United Kingdom,VIP Customers,17.211207011087396
17699.0,447,2,442.0,208,10.947368421052632,32,23.263157894736842,81.6,21.199907246293836,17,9.5,2,84,0.0,0.0,0.0,United Kingdom,VIP Customers,-66.0081268745752
17700.0,65,16,5787.91,3021,9.529968454258675,48,18.25839116719243,125.0,15.275209654810062,227,19.8125,10,643,0.0,852.81,6.749708686600084,United Kingdom,Regular Customers,296.2632558332453
17701.0,223,1,417.95,109,4.541666666666667,12,17.414583333333333,31.8,3.6797175921490255,24,24.0,1,0,0.0,0.0,0.0,United Kingdom,VIP Customers,49.00150579576422
17702.0,49,8,2514.34,1813,12.590277777777779,100,17.460694444444446,179.0,27.204498950554818,109,18.0,6,321,0.1527777777777778,485.6,6.187442430349423,United Kingdom,Regular Customers,271.46877682687233
17703.0,5,4,1094.84,897,11.5,36,14.036410256410255,24.96,5.849567632897452,63,19.5,4,382,0.5128205128205128,0.0,0.0,United Kingdom,Regular Customers,91.49345241478221
17704.0,139,2,885.1899999999999,343,11.064516129032258,48,28.554516129032255,99.0,20.546334926811916,27,15.5,2,71,0.0,0.0,0.0,United Kingdom,VIP Customers,27.597631550693308
17705.0,45,10,1409.9,1049,10.595959595959595,48,14.241414141414142,34.0,6.629660472437332,65,9.9,6,502,0.0707070707070707,631.6,6.449838310871549,United Kingdom,Regular Customers,67.42573873786984
17706.0,14,42,18290.23,7305,9.701195219123505,110,24.28981407702523,379.5,28.123377933697036,408,17.904761904761905,9,645,0.06108897742363878,775.84,6.65523440895725,United Kingdom,Regular Customers,1393.4608887414854
17707.0,155,9,605.05,545,21.8,60,24.201999999999998,51.0,16.243809590117706,10,2.7777777777777777,8,547,0.32,0.0,0.0,United Kingdom,Regular Customers,-150.79855290661718
17708.0,158,4,884.18,387,5.301369863013699,25,12.112054794520548,35.4,7.683232819101047,57,18.25,4,235,0.1232876712328767,0.0,0.0,United Kingdom,Regular Customers,156.10047315688965
17709.0,140,5,671.01,295,7.375,48,16.77525,49.95,8.726245407404976,37,8.0,3,433,0.175,0.0,0.0,United Kingdom,Regular Customers,35.5085145620117
17710.0,394,1,293.5,158,7.9,36,14.675,33.9,5.682867604522062,20,20.0,1,0,0.0,0.0,0.0,United Kingdom,VIP Customers,4.756714223235207
17711.0,260,1,220.53,107,8.23076923076923,12,16.963846153846156,29.7,6.332613386880041,13,13.0,1,0,0.0,164.57,5.10939406611952,United Kingdom,Regular Customers,268.08046555282954
17712.0,15,1,522.91,215,7.413793103448276,24,18.031379310344825,79.9,12.815959560568537,29,29.0,1,0,0.0,0.0,0.0,United Kingdom,VIP Customers,109.81227014507368
17713.0,352,4,1198.09,989,13.013157894736842,32,15.764342105263157,34.8,7.259276425930492,55,19.0,4,166,0.0,0.0,0.0,United Kingdom,VIP Customers,-56.97064465762581
17714.0,291,9,1376.58,590,6.9411764705882355,36,16.19505882352941,55.5,8.465244578292355,69,9.444444444444445,5,192,0.11764705882352941,0.0,0.0,United Kingdom,Regular Customers,239.19739652199263
17715.0,171,2,489.59999999999997,576,288.0,384,244.79999999999998,326.4,115.39982668964456,1,1.0,2,392,0.0,0.0,0.0,United Kingdom,Regular Customers,-54.19814911707121
17716.0,46,25,15017.64,8410,14.063545150501673,96,25.113110367892975,163.2,22.701324086218644,329,23.92,10,661,0.026755852842809364,653.6800000000001,6.484146566637683,United Kingdom,Regular Customers,886.0774907040926
17717.0,391,1,376.92,344,13.23076923076923,24,14.496923076923078,47.7,10.316267064876044,26,26.0,1,0,0.0,0.0,0.0,United Kingdom,VIP Customers,25.9929566055971
17718.0,202,3,386.98,238,9.916666666666666,36,16.124166666666667,52.2,17.32239588727155,22,8.0,2,412,0.0,0.0,0.0,United Kingdom,Regular Customers,17.787527547523695
17719.0,8,18,5367.8,2455,8.83093525179856,96,19.30863309352518,90.0,11.92199358231697,111,15.444444444444445,8,217,0.0539568345323741,0.0,0.0,United Kingdom,Regular Customers,519.9224082106375
17720.0,83,11,2304.72,1426,11.688524590163935,96,18.891147540983606,102.0,16.549638192181163,76,11.090909090909092,8,465,0.0,308.34,5.734440995609994,United Kingdom,Regular Customers,96.93567303398555
17721.0,629,1,307.21000000000004,107,9.727272727272727,24,27.928181818181823,70.8,18.165326761818417,11,11.0,1,0,0.0,0.0,0.0,United Kingdom,VIP Customers,-46.083690859287344
17722.0,66,7,3476.82,2389,13.346368715083798,144,19.423575418994414,306.0,25.435316586219056,163,25.571428571428573,5,279,0.11731843575418995,0.0,0.0,United Kingdom,Regular Customers,433.5472528919412
17723.0,97,7,3378.4,912,76.0,200,281.53333333333336,830.0,288.05120546475234,6,1.7142857142857142,5,248,0.0,0.0,0.0,United Kingdom,Regular Customers,225.75372468025873
17724.0,28,4,995.65,289,6.4222222222222225,18,22.125555555555554,89.1,17.38533087973823,38,11.25,3,80,0.24444444444444444,0.0,0.0,United Kingdom,Regular Customers,301.78907560967525
17725.0,11,13,3051.8,1974,11.027932960893855,48,17.049162011173184,88.8,12.29167247428835,109,13.76923076923077,8,226,0.18994413407821228,319.33,5.769351714420779,United Kingdom,Regular Customers,369.87964741305007
17726.0,365,8,1089.56,442,6.8,16,16.762461538461537,35.7,6.196869933373933,52,8.125,6,286,0.0,0.0,0.0,United Kingdom,Regular Customers,95.21829422961864
17728.0,36,6,3288.58,1820,8.425925925925926,48,15.224907407407407,33.9,25.1880993308023,181,36.0,2,387,0.36574074074074076,572.55,6.351845116727277,United Kingdom,Regular Customers,355.6508271750039
17729.0,566,1,438.65,247,10.73913043478261,24,19.071739130434782,31.6,6.852236298646604,23,23.0,1,0,0.0,0.0,0.0,United Kingdom,VIP Customers,-17.904782439726063
17730.0,13,20,6773.04,4615,16.660649819494584,50,24.451407942238266,204.0,23.9970645359771,158,13.85,10,546,0.061371841155234655,984.31,6.892956312470066,United Kingdom,Regular Customers,450.46765484511036
17731.0,49,7,1347.08,606,5.269565217391304,24,11.713739130434782,39.6,15.705533076899862,82,16.428571428571427,5,589,0.2,0.0,0.0,United Kingdom,Regular Customers,-6.12640370033435
17732.0,343,10,2144.17,1052,8.416,96,17.15336,36.48,6.920364635181513,90,12.5,5,115,0.0,0.0,0.0,United Kingdom,Regular Customers,330.328295608295
17733.0,9,2,692.19,463,13.228571428571428,48,19.776857142857143,101.88,16.16155346556042,33,17.5,2,222,0.0,0.0,0.0,United Kingdom,Regular Customers,207.09092051431904
17734.0,24,6,1442.32,741,8.616279069767442,48,16.771162790697673,59.5,8.374889979063767,76,14.333333333333334,4,588,0.26744186046511625,0.0,0.0,United Kingdom,Regular Customers,11.127597667870162
17735.0,7,28,15814.38,9638,11.584134615384615,72,19.00766826923077,165.0,11.128143086953422,372,29.714285714285715,12,460,0.07572115384615384,893.6,6.7963766909987475,United Kingdom,Regular Customers,1124.0769344142611
17736.0,2,3,307.49,213,8.52,24,12.2996,39.95,13.684790364975758,24,8.333333333333334,3,81,0.0,30.0,3.4339872044851463,United Kingdom,Regular Customers,252.30970330958425
17737.0,28,1,87.39,57,9.5,12,14.565,17.34,2.341057453374437,6,6.0,1,0,0.0,80.85,4.404888303817144,United Kingdom,VIP Customers,52.46031142413321
17738.0,113,14,3837.7999999999997,2450,11.502347417840376,144,18.017840375586854,102.0,11.24268676479875,161,15.214285714285714,7,487,0.0,307.56,5.731916313899973,United Kingdom,Regular Customers,284.5469699965307
17739.0,8,19,7328.86,2161,14.60135135135135,144,49.51932432432432,212.4,34.805722820205226,56,7.7894736842105265,11,694,0.0,389.28,5.966864430239749,United Kingdom,Regular Customers,136.9157237400121
17740.0,359,6,426.9,222,24.666666666666668,72,47.43333333333333,121.68,36.82987374401384,5,1.5,5,308,0.0,0.0,0.0,United Kingdom,Regular Customers,3.4430311757174366
17741.0,377,2,101.1,114,19.0,48,16.849999999999998,31.2,7.5093941167047555,6,3.0,2,153,0.0,0.0,0.0,United Kingdom,VIP Customers,-133.42319853377552
17742.0,83,11,2098.48,653,7.682352941176471,25,24.688,91.9,14.959575353662443,52,7.7272727272727275,10,625,0.0,0.0,0.0,United Kingdom,Regular Customers,-98.78952399742244
17743.0,412,2,208.85,83,16.6,36,41.769999999999996,88.5,49.94281229566472,3,2.5,1,6,0.0,0.0,0.0,United Kingdom,VIP Customers,-21.414214586270333
17744.0,221,6,1584.3799999999999,2064,26.46153846153846,100,20.3125641025641,70.8,15.270932275430095,64,13.0,4,130,0.15384615384615385,1033.44,6.94161549647024,United Kingdom,Regular Customers,297.8402298284535
17745.0,448,2,600.34,164,5.857142857142857,24,21.440714285714286,79.8,13.984837802412597,27,14.0,2,78,0.0,0.0,0.0,United Kingdom,VIP Customers,-44.12731628974012
17746.0,205,7,873.43,659,16.475,120,21.835749999999997,101.76,22.390071275696492,32,5.714285714285714,4,375,0.0,0.0,0.0,United Kingdom,Regular Customers,73.65067407287327
17747.0,70,2,64.65,11,5.5,12,32.325,71.4,55.26039494972869,1,1.0,1,12,0.0,0.0,0.0,United Kingdom,VIP Customers,31.03073275221834
17748.0,497,1,358.15,111,6.529411764705882,12,21.06764705882353,68.0,13.95759136160846,17,17.0,1,0,0.0,0.0,0.0,United Kingdom,VIP Customers,-6.302343026599289
17749.0,148,3,1026.18,446,7.824561403508772,48,18.003157894736844,79.2,9.921704771051685,52,19.0,2,368,0.0,0.0,0.0,United Kingdom,Regular Customers,118.83485577536797
17750.0,6,8,1607.21,3503,20.36627906976744,96,9.344244186046511,40.32,6.9936035945905655,97,20.75,6,127,0.08139534883720931,103.24,4.6466959328165895,United Kingdom,Regular Customers,383.74713802520057
17751.0,391,1,157.85999999999999,147,4.59375,48,4.9331249999999995,32.55,6.188919045488711,31,31.0,1,0,0.0,0.0,0.0,United Kingdom,VIP Customers,13.798957392702278
17752.0,329,1,80.64,192,192.0,192,80.64,80.64,0.0,1,1.0,1,0,0.0,0.0,0.0,United Kingdom,VIP Customers,-16.68647215668028
17753.0,434,5,379.56,122,1.7428571428571429,12,5.422285714285715,76.2,10.876156766254374,63,13.4,3,238,0.0,0.0,0.0,United Kingdom,VIP Customers,-94.76966149684455
17754.0,8,15,4191.45,3918,19.205882352941178,144,20.546323529411765,179.0,36.05218031043604,164,13.066666666666666,8,690,0.0,191.63,5.2607712504740665,United Kingdom,Regular Customers,218.09098926078792
17755.0,394,1,-72.23,-30,-3.0,-1,-7.223000000000001,-1.0,5.592081802771566,10,10.0,1,0,0.0,0.0,0.0,,,-4.730759271410221
17756.0,346,3,728.75,399,4.75,48,8.675595238095237,29.7,7.196879235179662,54,27.666666666666668,1,18,0.0,0.0,0.0,United Kingdom,VIP Customers,79.790639845367
17757.0,2,54,7545.17,3996,3.5870736086175943,350,6.773043087971275,252.0,11.529529585215641,342,20.537037037037038,12,663,0.13464991023339318,1449.27,7.279505024976819,United Kingdom,Regular Customers,971.2152650164602
17758.0,22,10,4280.32,2821,6.18640350877193,120,9.386666666666667,153.0,9.660558436448138,355,44.6,5,515,0.43640350877192985,683.71,6.528995390956835,United Kingdom,Regular Customers,495.95809205220894
17759.0,139,4,609.07,345,5.655737704918033,36,9.984754098360657,64.5,10.15104487340382,56,15.0,3,414,0.0,652.81,6.482816789370448,United Kingdom,Regular Customers,67.70901101568472
17760.0,343,6,624.09,456,8.76923076923077,72,12.00173076923077,107.28,16.356877874718222,44,8.666666666666666,4,276,0.28846153846153844,115.05,4.754021132720446,United Kingdom,Regular Customers,108.36834074092758
17761.0,3,1,712.78,398,20.94736842105263,48,37.514736842105265,175.2,42.75931586195523,19,19.0,1,0,0.0,0.0,0.0,United Kingdom,VIP Customers,118.23403876811696
17762.0,426,1,129.75,129,7.588235294117647,60,7.632352941176471,16.5,4.963458382785844,16,16.0,1,0,0.0,0.0,0.0,United Kingdom,VIP Customers,-20.51083023579548
17763.0,233,5,51.15,27,1.35,12,2.5575,15.0,6.630080475021638,11,4.0,2,395,0.0,0.0,0.0,United Kingdom,Regular Customers,30.556064864746617
17764.0,21,5,1513.57,674,4.523489932885906,25,10.158187919463087,71.4,10.949640809466745,126,29.2,5,685,0.0,0.0,0.0,United Kingdom,Regular Customers,-25.63802225122859
17765.0,129,4,524.0,195,2.4074074074074074,20,6.469135802469136,39.95,5.727712064500727,71,18.5,4,289,0.0,0.0,0.0,United Kingdom,Regular Customers,133.9574716335368
17766.0,351,2,299.61,155,7.045454545454546,25,13.618636363636364,35.7,8.811729896350306,21,10.5,1,0,0.0,0.0,0.0,United Kingdom,VIP Customers,29.14218105338543
17767.0,380,1,141.85,70,3.888888888888889,24,7.8805555555555555,30.0,7.2642990611395675,18,18.0,1,0,0.0,271.2,5.6065370902173655,United Kingdom,Regular Customers,247.25654726575146
17768.0,3,7,2485.33,1971,12.31875,90,15.5333125,76.32,13.39636601066374,124,21.714285714285715,4,704,0.46875,802.45,6.688914955487762,United Kingdom,Regular Customers,42.31629855442563
17769.0,4,17,6171.36,2786,5.074681238615665,40,11.241092896174862,73.75,10.706166596077253,310,31.58823529411765,9,655,0.9162112932604736,773.6,6.652346767080652,United Kingdom,Regular Customers,384.2223563465441
17770.0,169,5,1143.27,365,9.605263157894736,48,30.086052631578948,102.0,26.8693632972044,33,7.6,2,83,0.0,0.0,0.0,United Kingdom,VIP Customers,68.21837924654105
17771.0,27,4,387.41,373,5.405797101449275,25,5.6146376811594205,33.9,5.158677036203502,63,16.75,4,532,0.0,0.0,0.0,United Kingdom,Regular Customers,-19.485215272872352
17772.0,363,1,187.3,58,1.2608695652173914,2,4.071739130434783,23.9,3.893394008858154,45,45.0,1,0,0.0,173.45,5.161638167632783,United Kingdom,Regular Customers,289.72493395250797
17773.0,484,2,575.37,254,4.618181818181818,24,10.461272727272727,47.6,9.032608633198867,48,24.0,2,175,0.0,0.0,0.0,United Kingdom,VIP Customers,-97.70242659165234
17774.0,67,13,2891.48,1581,3.942643391521197,60,7.210673316708229,38.25,16.924728174937147,286,30.076923076923077,7,572,0.2967581047381546,0.0,0.0,United Kingdom,Regular Customers,284.99220726933294
17775.0,225,1,56.4,72,24.0,24,18.8,20.4,2.7712812921102024,3,3.0,1,0,0.0,0.0,0.0,United Kingdom,VIP Customers,10.080045349543866
17776.0,357,3,323.81,272,3.3580246913580245,60,3.9976543209876545,23.4,4.081392002615328,74,26.333333333333332,2,336,0.0,0.0,0.0,United Kingdom,Regular Customers,84.66640232197531
17777.0,9,2,432.65,321,2.5078125,24,3.380078125,11.8,2.5120015848626296,111,61.0,2,60,0.0,214.91,5.374861654187822,United Kingdom,Regular Customers,374.89033297975584
17778.0,632,1,197.7,214,21.4,48,19.77,31.2,10.421324292046572,10,10.0,1,0,0.0,0.0,0.0,United Kingdom,VIP Customers,-59.15466063350459
17779.0,57,3,477.36,347,5.257575757575758,36,7.232727272727273,39.6,7.0870233624463355,62,21.333333333333332,2,56,0.0,156.56,5.059806338102705,United Kingdom,Regular Customers,333.12389334493514
17780.0,637,3,346.56,156,1.9746835443037976,32,4.386835443037975,27.2,3.8739298089771244,76,26.0,2,17,0.34177215189873417,0.0,0.0,United Kingdom,VIP Customers,-3.7001687771055174
17781.0,129,2,188.02,34,2.8333333333333335,10,15.668333333333335,89.25,25.36669392345129,12,6.0,2,93,0.8333333333333334,0.0,0.0,United Kingdom,VIP Customers,-48.45469778007124
17782.0,353,2,679.02,538,18.551724137931036,48,23.41448275862069,47.2,9.74977347216953,29,14.5,1,0,0.0,0.0,0.0,United Kingdom,VIP Customers,52.59834419609183
17783.0,42,3,376.96,438,4.813186813186813,50,4.142417582417583,12.5,3.044188759171349,91,30.333333333333332,3,440,0.0,0.0,0.0,United Kingdom,Regular Customers,69.47787092831481
17784.0,520,1,112.86,72,3.130434782608696,36,4.90695652173913,15.12,3.3993507866577977,19,19.0,1,0,0.0,0.0,0.0,United Kingdom,VIP Customers,-30.14470567141595
17785.0,23,3,403.38,227,4.450980392156863,50,7.909411764705882,42.5,7.508761392337541,48,17.0,3,512,0.3137254901960784,0.0,0.0,United Kingdom,Regular Customers,-26.761595628953984
17786.0,55,2,266.85,195,2.8676470588235294,36,3.9242647058823534,15.12,3.039510131473943,57,31.0,2,231,0.0,0.0,0.0,United Kingdom,Regular Customers,183.31665194666772
17787.0,123,4,1817.54,896,7.0,48,14.19953125,67.5,10.026414629852711,94,31.75,4,218,0.1171875,0.0,0.0,United Kingdom,Regular Customers,252.6337069784399
17788.0,44,2,1117.9,211,42.2,108,223.58,826.2,356.5104041258824,3,2.5,2,55,0.0,0.0,0.0,United Kingdom,VIP Customers,50.48358707259209
17789.0,251,2,397.15,199,6.862068965517241,24,13.694827586206896,35.4,8.988408654916801,27,13.5,2,379,0.0,0.0,0.0,United Kingdom,Regular Customers,21.97177379183634
17790.0,31,19,2505.9,1275,4.670329670329671,40,9.17912087912088,81.6,9.464859269371681,171,14.0,9,483,0.39194139194139194,273.51,5.614987690158529,United Kingdom,Regular Customers,281.78372972194336
17792.0,437,2,368.35,149,2.8653846153846154,25,7.0836538461538465,35.4,7.212949147695401,45,25.0,1,11,0.5384615384615384,0.0,0.0,United Kingdom,VIP Customers,17.071656703964294
17794.0,657,2,147.3,46,6.571428571428571,12,21.042857142857144,45.0,13.466824315437442,7,3.5,1,1,0.0,0.0,0.0,United Kingdom,VIP Customers,-49.84777801429124
17795.0,150,2,342.83,305,6.777777777777778,36,7.618444444444444,25.2,6.174776387396021,43,22.0,2,85,0.35555555555555557,0.0,0.0,United Kingdom,VIP Customers,-3.7197265813130116
17796.0,10,7,1236.39,347,1.70935960591133,10,6.090591133004927,39.6,5.682830284714782,149,28.714285714285715,4,381,0.645320197044335,0.0,0.0,United Kingdom,Regular Customers,219.37740429429846
17797.0,153,6,1463.85,837,4.102941176470588,25,7.175735294117646,64.9,7.01617378138333,172,33.166666666666664,6,541,0.0,508.02,6.232487308509429,United Kingdom,Regular Customers,81.20953357560208
17798.0,552,1,178.07,138,3.066666666666667,25,3.957111111111111,23.4,5.040709556033041,43,43.0,1,0,0.0,0.0,0.0,United Kingdom,VIP Customers,1.0420898939281074
17799.0,69,22,5597.6,3250,3.84160756501182,48,6.616548463356974,50.85,5.962164564790924,449,36.81818181818182,8,626,0.054373522458628844,524.18,6.263741060972402,United Kingdom,Regular Customers,644.8582208599502
17800.0,7,9,1187.21,732,7.106796116504855,48,11.526310679611651,60.0,11.419203295437553,51,11.11111111111111,8,296,0.30097087378640774,0.0,0.0,United Kingdom,Regular Customers,116.948573380683
17801.0,421,4,767.48,817,9.963414634146341,72,9.359512195121951,30.6,6.514301816324635,67,19.75,3,240,0.5365853658536586,0.0,0.0,United Kingdom,Regular Customers,120.84668811143183
17802.0,52,16,4808.94,2674,4.9244935543278086,36,8.856243093922652,94.5,12.259431021024035,285,33.3125,7,644,0.8637200736648251,0.0,0.0,United Kingdom,Regular Customers,369.9848322075919
17803.0,362,1,184.66,98,3.6296296296296298,12,6.839259259259259,14.85,4.33005767053967,27,27.0,1,0,0.0,0.0,0.0,United Kingdom,VIP Customers,17.158231884345014
17804.0,346,4,378.68,193,2.097826086956522,15,4.116086956521739,19.8,3.5967720438210447,83,22.75,3,362,0.30434782608695654,0.0,0.0,United Kingdom,Regular Customers,64.62388413433683
17805.0,44,2,927.03,1126,102.36363636363636,648,84.27545454545454,414.72,122.14080410441355,10,5.5,2,536,0.0,0.0,0.0,United Kingdom,Regular Customers,-113.15513809719224
17807.0,365,3,437.87,262,2.943820224719101,36,4.9198876404494385,30.6,4.613487759321974,88,29.666666666666668,3,309,0.2247191011235955,0.0,0.0,United Kingdom,Regular Customers,91.29068398653078
17808.0,519,4,262.64,143,4.333333333333333,32,7.958787878787878,76.5,13.122717600971548,29,8.25,2,32,0.030303030303030304,0.0,0.0,United Kingdom,VIP Customers,-4.049798669966492
17809.0,26,21,8876.95,2763,29.70967741935484,144,95.4510752688172,508.0,139.90063785681707,60,4.428571428571429,10,681,0.0,370.4,5.917279648918606,United Kingdom,Regular Customers,298.48696035008334
17810.0,639,3,343.21,117,2.0892857142857144,7,6.128749999999999,29.95,7.223168799079806,51,18.0,2,15,0.0,0.0,0.0,United Kingdom,VIP Customers,-12.273977107373696
17811.0,2,52,7971.89,4360,4.570230607966457,100,8.356278825995808,204.0,13.604639504371118,475,17.76923076923077,11,413,0.20230607966457023,1386.64,7.235359741431337,United Kingdom,Regular Customers,1322.0670278398786
17812.0,8,5,448.95,259,2.642857142857143,24,4.581122448979592,30.0,5.355403646006133,92,19.2,4,492,0.2653061224489796,463.04,6.139970755407206,United Kingdom,Regular Customers,42.696795268138516
17813.0,8,6,1439.32,682,2.1180124223602483,36,4.469937888198758,35.95,5.073049553457076,271,51.833333333333336,3,32,0.0,202.47,5.315518573867812,United Kingdom,Regular Customers,613.6591954111726
17814.0,345,2,1609.37,1435,10.034965034965035,288,11.254335664335663,60.48,10.443780584664754,112,64.0,2,47,0.0,0.0,0.0,United Kingdom,VIP Customers,76.33540867361981
17815.0,363,1,591.96,612,47.07692307692308,96,45.535384615384615,69.12,13.701944275287246,13,13.0,1,0,0.0,0.0,0.0,United Kingdom,VIP Customers,10.672042348453886
17816.0,7,6,96.11,80,1.7777777777777777,6,2.1357777777777778,7.5,1.595437370767152,41,7.5,5,687,0.0,0.0,0.0,United Kingdom,Regular Customers,-155.5473442093611
17817.0,247,6,663.47,310,2.6724137931034484,25,5.719568965517242,195.0,17.972961788886316,97,17.833333333333332,3,145,0.0,117.98,4.7789554117597595,United Kingdom,Regular Customers,344.1467141478563
17818.0,708,1,124.78,86,2.0476190476190474,25,2.970952380952381,10.5,2.1998556599255297,42,42.0,1,0,0.0,0.0,0.0,United Kingdom,VIP Customers,-35.603998484987926
17819.0,42,13,5977.25,1606,17.844444444444445,144,66.41388888888889,612.0,109.3036185518432,66,6.923076923076923,6,654,0.2111111111111111,0.0,0.0,United Kingdom,Regular Customers,252.8215188223112
17820.0,161,3,156.56,106,2.3043478260869565,36,3.4034782608695653,19.9,5.0958533108973585,44,14.666666666666666,3,182,0.0,0.0,0.0,United Kingdom,VIP Customers,-81.82166970205071
17821.0,376,1,334.62,162,27.0,72,55.77,76.32,11.102026841977997,6,6.0,1,0,0.0,0.0,0.0,United Kingdom,VIP Customers,-15.610797430266103
17822.0,390,5,2162.93,1375,8.136094674556213,108,12.798402366863904,274.5,27.450966639741207,152,32.0,2,140,0.0,0.0,0.0,United Kingdom,VIP Customers,205.87147598876777
17823.0,391,2,449.25,252,2.52,12,4.4925,16.95,3.645297614320359,88,48.5,1,0,0.0,0.0,0.0,United Kingdom,VIP Customers,101.80896954311625
17824.0,21,1,298.4,408,31.384615384615383,144,22.95384615384615,41.76,10.316366881854561,13,13.0,1,0,0.0,0.0,0.0,United Kingdom,VIP Customers,48.2360933364501
17825.0,569,4,701.96,516,19.11111111111111,150,25.99851851851852,159.0,32.648994295231034,24,6.5,2,126,0.0,0.0,0.0,United Kingdom,VIP Customers,-74.86330974238291
17826.0,344,1,133.34,84,2.5454545454545454,20,4.040606060606061,17.0,3.1836800045249714,33,33.0,1,0,0.0,0.0,0.0,United Kingdom,VIP Customers,26.13882320721393
17827.0,212,6,1962.56,1298,5.873303167420814,48,8.880361990950226,50.8,8.40769673655166,191,36.666666666666664,4,379,0.2986425339366516,406.86,6.010923978264201,United Kingdom,Regular Customers,253.4818595228802
17828.0,72,5,1048.16,473,8.016949152542374,24,17.76542372881356,160.0,20.753825016960118,51,11.8,2,83,0.0,551.8100000000001,6.315014362014879,Malta,Regular Customers,397.01514210559424
17829.0,269,6,4680.42,2937,17.075581395348838,100,27.211744186046513,106.0,18.39098365996121,121,28.666666666666668,3,356,0.0,0.0,0.0,United Arab Emirates,Regular Customers,347.7039351196453
17830.0,232,2,287.65,65,4.0625,12,17.978125,31.8,4.724791662073578,15,8.0,2,27,0.0,111.05,4.718945200246936,United Kingdom,Regular Customers,245.201869624296
17831.0,3,1,35.4,12,6.0,6,17.7,17.7,0.0,2,2.0,1,0,1.0,0.0,0.0,United Kingdom,VIP Customers,16.86290828331954
17832.0,20,1,155.37,208,3.4098360655737703,36,2.547049180327869,14.85,3.1099331955645475,61,61.0,1,0,0.0,0.0,0.0,United Kingdom,VIP Customers,120.90690219604735
17833.0,693,1,338.46,143,4.612903225806452,25,10.918064516129032,35.4,8.068308132999896,28,28.0,1,0,0.0,0.0,0.0,United Kingdom,VIP Customers,-38.98380411374529
17834.0,385,2,689.67,639,11.017241379310345,150,11.890862068965516,79.9,16.042691322151477,54,28.5,2,30,0.0,0.0,0.0,United Kingdom,VIP Customers,13.763831189059715
17836.0,17,1,110.21000000000001,88,3.6666666666666665,18,4.592083333333334,29.7,6.718882528184001,23,23.0,1,0,1.0,0.0,0.0,United Kingdom,VIP Customers,45.45240201232252
17837.0,12,10,1508.38,507,3.0727272727272728,12,9.141696969696971,59.7,8.937263701412661,110,16.3,4,120,0.15757575757575756,0.0,0.0,United Kingdom,Regular Customers,432.84979175820627
17838.0,59,13,5134.49,3052,12.663900414937759,192,21.3049377593361,125.0,17.502427953485284,132,18.307692307692307,8,541,0.3153526970954357,0.0,0.0,United Kingdom,Regular Customers,219.06740589796854
17839.0,12,1,318.15,257,4.9423076923076925,25,6.11826923076923,19.8,4.915698630320286,50,50.0,1,0,0.0,0.0,0.0,United Kingdom,VIP Customers,117.41305200299114
17840.0,414,1,175.9,128,2.56,10,3.5180000000000002,9.95,2.5570670379821276,44,44.0,1,0,0.0,0.0,0.0,United Kingdom,VIP Customers,28.683012095278542
17841.0,1,272,59904.01,31899,2.843808504947847,288,5.3404662565748415,349.5,11.206680331219301,2071,40.393382352941174,12,706,0.14148167959347419,7282.86,8.893416220454112,United Kingdom,At-Risk Customers,7758.981773675576
17842.0,572,1,430.69,89,4.944444444444445,16,23.927222222222223,54.24,11.840682018093162,18,18.0,1,0,0.0,0.0,0.0,United Kingdom,VIP Customers,-24.293643903029533
17843.0,273,2,320.4,251,4.048387096774194,24,5.16774193548387,15.0,3.513624731240244,58,29.0,2,108,0.4032258064516129,0.0,0.0,United Kingdom,VIP Customers,-29.218147364038316
17844.0,77,1,51.559999999999995,52,10.4,16,10.312,15.0,3.8029882986935424,5,5.0,1,0,0.0,0.0,0.0,Canada,VIP Customers,53.36403576518293
17845.0,525,4,596.09,195,4.148936170212766,32,12.68276595744681,39.6,10.7580921417782,42,11.75,2,21,0.0,0.0,0.0,United Kingdom,VIP Customers,12.650669655500707
17846.0,55,1,2033.1,1,1.0,1,2033.1,2033.1,0.0,1,1.0,1,0,0.0,0.0,0.0,United Kingdom,VIP Customers,43.56605876595188
17847.0,486,2,129.69,29,3.2222222222222223,12,14.41,76.32,23.441484061381438,9,4.5,2,129,0.0,0.0,0.0,United Kingdom,VIP Customers,-120.94547155762257
17848.0,51,31,3546.36,1403,8.451807228915662,150,21.363614457831325,306.0,37.28924462949517,106,5.225806451612903,11,652,0.13855421686746988,0.0,0.0,United Kingdom,Regular Customers,305.50016528358793
17849.0,188,8,1063.76,224,4.48,36,21.275199999999998,79.9,23.53787345309422,24,6.25,6,416,0.22,0.0,0.0,United Kingdom,Regular Customers,1.9705097766888287
17850.0,272,159,50407.770000000004,20876,8.264449722882027,48,19.955570071258908,122.4,14.665838194665803,104,15.861635220125786,10,432,0.12351543942992874,0.0,0.0,United Kingdom,Regular Customers,4079.24184404527
17851.0,392,6,1552.35,933,4.021551724137931,33,6.691163793103448,64.35,6.376973588326666,185,37.833333333333336,4,313,0.15948275862068967,0.0,0.0,United Kingdom,Regular Customers,253.63969008533735
17852.0,359,3,543.47,319,3.7976190476190474,13,6.469880952380953,38.35,7.132155843334378,62,26.666666666666668,2,342,0.0,114.34,4.747884288187267,United Kingdom,Regular Customers,91.16105960781758
17853.0,377,3,1596.29,625,5.9523809523809526,25,15.202761904761905,76.5,12.341723986233893,84,34.666666666666664,3,329,0.0,0.0,0.0,United Kingdom,Regular Customers,131.8809704485893
17854.0,155,6,1068.5,607,5.1440677966101696,48,9.055084745762711,102.0,14.654449733828416,113,19.166666666666668,5,546,0.0,0.0,0.0,United Kingdom,Regular Customers,33.18842060989718
17855.0,343,1,208.97,197,11.588235294117647,24,12.292352941176471,30.0,6.298406077544307,17,17.0,1,0,0.0,0.0,0.0,United Kingdom,VIP Customers,12.702024105522156
17856.0,203,5,1118.3899999999999,561,51.0,288,101.67181818181817,433.92,144.34499456636394,6,2.2,2,48,0.18181818181818182,275.4,5.621849091893515,United Kingdom,Regular Customers,283.77949707133183
17857.0,3,21,20678.94,11777,267.65909090909093,1394,469.97590909090906,1695.0,481.1137752124277,19,2.0952380952380953,10,609,0.0,6552.4,8.787739277921283,United Kingdom,Regular Customers,677.8148432533352
17858.0,24,31,11680.58,5237,15.774096385542169,240,35.182469879518074,462.0,50.974700459469325,153,10.64516129032258,11,679,0.5481927710843374,763.72,6.639509753755507,United Kingdom,Regular Customers,648.4188568133719
17859.0,275,1,141.92,102,4.434782608695652,36,6.170434782608695,39.6,9.395829093157564,23,23.0,1,0,0.0,0.0,0.0,United Kingdom,VIP Customers,28.48983001977132
17860.0,339,4,717.39,696,4.296296296296297,400,4.428333333333334,47.7,5.807433900555112,127,39.0,2,359,0.0,0.0,0.0,United Kingdom,Regular Customers,81.06506367012008
17861.0,106,19,4226.8,3584,7.466666666666667,50,8.805833333333334,127.5,11.93892121613798,278,24.526315789473685,7,593,0.0,798.39,6.683848936816943,United Kingdom,Regular Customers,475.1257774603723
17862.0,294,4,1254.89,440,4.444444444444445,25,12.675656565656567,90.0,16.285618180268823,90,23.75,3,239,0.0,0.0,0.0,United Kingdom,Regular Customers,216.58652413295846
17863.0,29,12,5360.48,4676,18.337254901960783,144,21.021490196078428,119.4,15.549088515925455,154,21.25,8,593,0.3058823529411765,0.0,0.0,United Kingdom,Regular Customers,252.0372124931668
17864.0,59,4,759.79,968,8.0,36,6.279256198347107,45.0,5.440699888385877,87,27.5,4,338,0.39669421487603307,116.78,4.768818477516425,United Kingdom,Regular Customers,141.30299905528722
17865.0,1,62,25586.85,12792,12.13662239089184,96,24.275948766603413,356.4,30.06998993644659,391,16.774193548387096,12,708,0.03795066413662239,0.0,0.0,United Kingdom,Regular Customers,1880.8018922261965
17866.0,113,4,1131.0,534,19.77777777777778,100,41.888888888888886,210.0,38.785465986563466,20,6.75,3,582,0.0,0.0,0.0,United Kingdom,Regular Customers,-45.5999805461644
17867.0,47,18,656.16,184,2.0,288,7.132173913043478,561.6,87.84154493860062,68,5.111111111111111,9,660,0.0,200.39,5.30524332661877,United Kingdom,Regular Customers,53.13965403802729
17868.0,356,1,227.15,85,4.722222222222222,11,12.619444444444445,29.5,8.289826133295042,18,18.0,1,0,0.0,0.0,0.0,United Kingdom,VIP Customers,9.964376134947429
17869.0,77,7,813.64,491,6.1375,72,10.1705,45.0,9.512477335757026,72,11.285714285714286,5,440,0.025,0.0,0.0,United Kingdom,Regular Customers,60.36605613809945
17870.0,2,12,2126.32,1233,7.754716981132075,204,13.37308176100629,520.2,56.06663144831896,131,13.0,6,349,0.0,622.02,6.434578621000903,United Kingdom,Regular Customers,403.779441767198
17871.0,175,5,1068.95,665,8.012048192771084,48,12.878915662650604,79.2,12.698930722419131,64,15.8,4,488,0.5060240963855421,0.0,0.0,United Kingdom,Regular Customers,9.7477729973821
17872.0,352,1,235.87,176,11.733333333333333,36,15.724666666666668,45.0,12.704700405005713,15,15.0,1,0,0.0,0.0,0.0,United Kingdom,VIP Customers,6.7400459695575705
17873.0,50,20,5979.01,3607,20.37853107344633,120,33.77971751412429,153.0,30.82021258682395,65,8.7,11,643,0.0,0.0,0.0,United Kingdom,Regular Customers,179.36536870989508
17874.0,155,7,658.26,209,4.446808510638298,36,14.005531914893616,76.45,16.304748282593692,37,6.714285714285714,3,70,0.0,0.0,0.0,United Kingdom,VIP Customers,74.52957862451179
17875.0,658,1,167.1,98,3.769230769230769,24,6.426923076923076,13.5,3.6951316828830545,25,25.0,1,0,0.0,0.0,0.0,United Kingdom,VIP Customers,-45.32773559963232
17876.0,370,3,3424.02,1958,489.5,500,856.005,1275.0,309.95792418756884,3,1.3333333333333333,3,275,0.0,0.0,0.0,United Kingdom,VIP Customers,-133.08691791280228
17877.0,140,1,237.60999999999999,98,8.166666666666666,24,19.800833333333333,79.6,24.908401451694722,12,12.0,1,0,0.0,0.0,0.0,United Kingdom,VIP Customers,49.12557748371802
17878.0,14,3,1378.93,1014,12.365853658536585,72,16.816219512195122,67.85,13.24131475328881,82,27.333333333333332,2,351,0.0,0.0,0.0,United Kingdom,Regular Customers,198.13816699443714
17879.0,144,1,178.52,45,7.5,24,29.753333333333334,129.36,49.641525225023734,6,6.0,1,0,1.0,0.0,0.0,United Kingdom,VIP Customers,6.445301280953686
17880.0,335,3,824.92,466,10.355555555555556,36,18.331555555555553,45.0,7.220373308013283,43,15.0,2,365,0.0,0.0,0.0,United Kingdom,Regular Customers,63.64654113164042
17881.0,274,1,133.35,32,4.0,12,16.66875,55.8,18.385862921199614,8,8.0,1,0,0.0,0.0,0.0,United Kingdom,VIP Customers,12.535120896064285
17882.0,349,2,291.56,130,2.452830188679245,18,5.501132075471698,35.1,5.927549973957121,47,26.0,1,0,0.0,0.0,0.0,United Kingdom,VIP Customers,62.04566722360033
17883.0,56,6,505.98,179,2.5211267605633805,14,7.126478873239437,38.25,7.935790193545683,65,11.833333333333334,4,565,0.0,466.54,6.147484906565892,United Kingdom,Regular Customers,-15.192150838451681
17884.0,282,22,2549.94,2461,6.294117647058823,120,6.521585677749361,69.6,7.981601474300982,287,17.272727272727273,8,423,0.0,104.53,4.658995272682999,United Kingdom,Regular Customers,475.48910190740867
17886.0,2,7,1562.6,710,4.251497005988024,72,9.35688622754491,181.05,20.484492074425933,139,23.428571428571427,6,693,0.0,0.0,0.0,United Kingdom,Regular Customers,11.188868221267882
17887.0,99,1,111.35,30,3.0,12,11.135,39.9,11.557129834002904,10,10.0,1,0,0.0,0.0,0.0,United Kingdom,VIP Customers,47.19392311681378
17888.0,8,29,1305.9,844,4.199004975124378,108,6.497014925373135,106.0,15.850138802066562,145,6.862068965517241,11,679,0.0,0.0,0.0,United Kingdom,Regular Customers,189.48105117324647
17889.0,182,7,746.42,403,3.4741379310344827,24,6.434655172413793,47.6,6.423192817206759,97,16.0,4,406,0.0,0.0,0.0,United Kingdom,Regular Customers,127.33950434509478
17890.0,293,2,586.89,402,4.417582417582418,36,6.449340659340659,30.0,4.936809766595294,88,45.0,2,38,0.0,0.0,0.0,United Kingdom,VIP Customers,71.52410610868179
17891.0,132,1,203.85999999999999,393,11.558823529411764,24,5.995882352941176,20.4,4.221797059308059,34,34.0,1,0,0.0,0.0,0.0,United Kingdom,VIP Customers,77.70818651818752
17892.0,26,3,244.1,109,3.892857142857143,36,8.717857142857143,91.8,16.79808264128024,27,9.333333333333334,2,99,0.0,0.0,0.0,United Kingdom,VIP Customers,30.038433591172648
17893.0,195,1,107.21,149,9.933333333333334,50,7.147333333333333,21.0,5.850609817625445,15,15.0,1,0,0.0,0.0,0.0,United Kingdom,VIP Customers,26.708043974151508
17894.0,42,20,2248.86,894,2.180487804878049,15,5.485024390243903,149.25,8.728437133392193,215,20.4,7,397,0.10975609756097561,0.0,0.0,United Kingdom,Regular Customers,475.0521116855998
17895.0,14,1,95.45,127,8.466666666666667,36,6.363333333333333,15.0,4.074244306207799,15,15.0,1,0,0.0,0.0,0.0,United Kingdom,VIP Customers,62.77625450191147
17897.0,143,10,2074.39,858,3.2623574144486693,32,7.887414448669201,339.45,24.245780843463375,211,24.8,5,403,0.0,0.0,0.0,United Kingdom,Regular Customers,401.22637954342815
17898.0,55,4,299.18,251,5.02,48,5.9836,25.5,5.48495819194157,48,12.5,2,481,0.0,0.0,0.0,United Kingdom,Regular Customers,34.123655496929786
17899.0,129,1,154.55,170,5.483870967741935,36,4.985483870967743,17.4,4.896378143559909,29,29.0,1,0,1.0,0.0,0.0,United Kingdom,VIP Customers,26.45608300766702
17900.0,135,4,15.0,1,0.09090909090909091,24,1.3636363636363635,34.8,21.405946497516652,4,2.75,1,25,0.0,0.0,0.0,United Kingdom,VIP Customers,52.75745976078082
17901.0,492,2,149.7,14,4.666666666666667,8,49.9,79.8,26.363042313056354,3,1.5,1,0,0.0,110.38,4.7129477781615225,United Kingdom,Regular Customers,219.0086619651684
17902.0,517,1,216.4,526,21.916666666666668,240,9.016666666666667,40.8,10.327861290730997,24,24.0,1,0,0.0,0.0,0.0,United Kingdom,VIP Customers,-54.69112736033151
17903.0,364,1,381.09000000000003,142,3.1555555555555554,12,8.468666666666667,25.2,5.399164329277768,44,44.0,1,0,0.0,0.0,0.0,United Kingdom,VIP Customers,45.75047902153858
17905.0,41,14,2169.57,1297,8.82312925170068,240,14.758979591836736,204.0,31.151222050715845,129,10.357142857142858,8,608,0.2857142857142857,0.0,0.0,United Kingdom,Regular Customers,80.77711689737205
17906.0,217,1,72.9,26,2.1666666666666665,4,6.075,16.95,4.138263799315756,12,12.0,1,0,0.0,0.0,0.0,United Kingdom,VIP Customers,25.13452109019525
17907.0,611,1,291.76,1046,80.46153846153847,1008,22.443076923076923,211.68,57.16160532277696,13,13.0,1,0,0.0,0.0,0.0,United Kingdom,VIP Customers,-224.2111257664814
17908.0,344,7,1088.82,643,3.0473933649289098,36,5.160284360189573,39.95,6.324157833238083,178,28.857142857142858,4,351,0.0,0.0,0.0,United Kingdom,Regular Customers,221.3925387180477
17909.0,707,1,110.05,35,4.375,11,13.75625,22.5,7.747784821667232,8,8.0,1,0,0.0,0.0,0.0,United Kingdom,VIP Customers,-76.00029393974819
17910.0,696,1,261.7,121,4.653846153846154,24,10.065384615384614,34.8,8.904827558473764,25,25.0,1,0,1.0,0.0,0.0,United Kingdom,VIP Customers,-79.70124486357707
17912.0,280,7,359.15,213,4.018867924528302,48,6.776415094339622,34.0,6.193640998991075,48,7.428571428571429,3,65,0.0,0.0,0.0,United Kingdom,VIP Customers,45.99643343136367
17913.0,29,14,3429.29,1725,3.7017167381974247,48,7.358991416309013,45.0,5.953250928272717,224,31.857142857142858,10,677,0.2575107296137339,0.0,0.0,United Kingdom,Regular Customers,128.01346561812218
17915.0,521,1,225.78,184,6.344827586206897,48,7.785517241379311,26.0,6.582970772166023,27,27.0,1,0,1.0,0.0,0.0,United Kingdom,VIP Customers,-50.34347416084972
17916.0,599,2,43.87,90,4.7368421052631575,36,2.3089473684210526,10.44,2.965720625819188,15,9.5,2,104,1.0,0.0,0.0,United Kingdom,VIP Customers,-168.54091456955712
17917.0,15,3,335.03,184,2.0,10,3.6416304347826083,16.95,2.6527212969897733,77,29.333333333333332,3,317,0.30434782608695654,0.0,0.0,United Kingdom,Regular Customers,138.33774978567953
17918.0,471,3,396.39,352,8.8,120,9.909749999999999,102.0,21.024940438648525,34,13.333333333333334,1,4,0.0,0.0,0.0,United Kingdom,VIP Customers,33.740168235923335
17919.0,58,2,1840.32,1452,36.3,144,46.007999999999996,238.8,42.05839061992817,37,20.0,1,350,0.0,0.0,0.0,United Kingdom,Regular Customers,202.56410883994283
17920.0,3,51,22586.57,11699,8.314854299928927,288,16.052999289267945,375.0,33.75875318284387,631,26.15686274509804,12,700,0.47476901208244493,988.66,6.8973614497981215,United Kingdom,Regular Customers,1779.6799800191973
17921.0,34,12,2354.21,978,2.701657458563536,20,6.5033425414364645,51.0,6.056879483155998,230,29.666666666666668,7,447,0.17955801104972377,0.0,0.0,United Kingdom,Regular Customers,303.346657842667
17922.0,513,1,170.4,49,6.125,18,21.3,53.1,15.4792949267262,8,8.0,1,0,0.0,0.0,0.0,United Kingdom,VIP Customers,-34.16308453168864
17923.0,252,3,497.0,140,46.666666666666664,50,165.66666666666666,207.5,56.03644647310654,2,1.0,2,262,0.3333333333333333,0.0,0.0,United Kingdom,Regular Customers,62.620210370481686
17924.0,2,10,2909.04,1026,29.314285714285713,120,83.11542857142857,367.2,84.58424200839335,25,3.4,4,382,0.0,280.49,5.640096922970068,United Kingdom,Regular Customers,253.01877077786773
17925.0,343,1,244.08,72,72.0,72,244.08,244.08,0.0,1,1.0,1,0,0.0,0.0,0.0,United Kingdom,VIP Customers,-16.67673073699595
17926.0,103,5,1035.49,572,13.0,48,23.533863636363638,89.1,15.676373900830736,27,8.8,3,446,0.18181818181818182,0.0,0.0,United Kingdom,Regular Customers,49.68189092207274
17927.0,692,1,294.0,108,10.8,24,29.4,59.4,14.782421993705901,10,10.0,1,0,0.0,0.0,0.0,United Kingdom,VIP Customers,-62.37695222539122
17928.0,15,3,341.24,222,8.222222222222221,72,12.638518518518518,82.5,19.833369065542758,27,9.0,3,525,0.0,0.0,0.0,United Kingdom,Regular Customers,-45.09425229673789
17929.0,47,12,2937.6,417,27.8,48,195.84,408.0,105.783679540574,6,1.25,8,653,0.06666666666666667,136.0,4.919980925828125,United Kingdom,Regular Customers,-68.405989295578
17930.0,6,15,4242.92,3770,41.888888888888886,480,47.14355555555556,201.6,50.582927845896506,39,6.0,9,609,0.0,0.0,0.0,United Kingdom,Regular Customers,35.10362529019565
17931.0,104,18,3270.91,1802,5.0476190476190474,100,9.16221288515406,244.08,19.137367657959153,275,19.555555555555557,8,527,0.24929971988795518,0.0,0.0,United Kingdom,Regular Customers,422.2598584999465
17932.0,144,2,934.51,593,9.265625,24,14.60171875,25.5,4.721027448936419,63,32.0,2,37,0.34375,397.06,5.986602747691075,United Kingdom,Regular Customers,321.02111377108236
17933.0,602,1,114.69,63,4.5,12,8.192142857142857,20.4,5.477142964625358,12,12.0,1,0,0.0,0.0,0.0,United Kingdom,VIP Customers,-48.21545010643689
17934.0,22,3,1049.15,628,15.317073170731707,84,25.589024390243903,105.0,20.361518092332663,36,13.666666666666666,1,354,0.0,0.0,0.0,United Kingdom,Regular Customers,161.55674403671904
17935.0,108,8,655.54,232,3.515151515151515,28,9.932424242424242,119.0,19.500982859696393,60,8.125,5,596,0.030303030303030304,0.0,0.0,United Kingdom,Regular Customers,-25.180549697405837
17937.0,1,6,3940.92,1500,40.54054054054054,72,106.51135135135135,261.6,61.64430523225619,19,6.166666666666667,5,331,0.5405405405405406,360.3,5.889708638153595,United Kingdom,Regular Customers,193.27697109064553
17938.0,390,1,144.29,53,1.8275862068965518,12,4.97551724137931,11.9,3.803296113905577,29,29.0,1,0,0.0,0.0,0.0,United Kingdom,VIP Customers,11.62270581315056
17939.0,130,1,99.14,40,3.3333333333333335,12,8.261666666666667,25.2,7.328686888873853,12,12.0,1,0,1.0,0.0,0.0,United Kingdom,VIP Customers,7.539983783086427
17940.0,19,22,26873.62,85142,2076.6341463414633,10000,655.4541463414633,3707.4,1112.828829865527,13,1.8636363636363635,10,687,0.0,0.0,0.0,United Kingdom,Regular Customers,1000.4832710255779
17941.0,101,4,1433.28,1108,158.28571428571428,576,204.75428571428571,414.72,100.4116737664074,5,1.75,4,571,0.0,0.0,0.0,United Kingdom,Regular Customers,-167.8551926701687
17943.0,650,1,-165.03,-3,-3.0,-3,-165.03,-165.03,0.0,1,1.0,1,0,0.0,0.0,0.0,,,-61.47481672826049
17944.0,393,1,74.99,84,3.36,24,2.9995999999999996,10.08,2.393565123409012,24,24.0,1,0,0.0,0.0,0.0,United Kingdom,VIP Customers,1.9396645108391795
17945.0,667,3,360.34999999999997,244,3.388888888888889,24,5.0048611111111105,38.25,7.126019174561126,66,23.666666666666668,1,0,0.0,0.0,0.0,United Kingdom,VIP Customers,37.65158091112676
17946.0,203,2,149.57999999999998,75,3.75,12,7.478999999999999,49.9,10.721612653642028,18,9.0,2,26,0.0,0.0,0.0,United Kingdom,VIP Customers,12.878231888581524
17947.0,7,1,176.68,168,18.666666666666668,32,19.63111111111111,42.96,14.760173139604802,9,9.0,1,0,0.0,0.0,0.0,United Kingdom,VIP Customers,63.10225146006246
17948.0,117,1,358.56,144,144.0,144,358.56,358.56,0.0,1,1.0,1,0,0.0,0.0,0.0,United Kingdom,VIP Customers,25.33968223582292
17949.0,13,131,94068.23,49484,282.7657142857143,1992,537.5327428571428,8985.6,1242.8745001242482,59,1.3053435114503817,12,695,0.0,3513.36,8.164612710853115,United Kingdom,At-Risk Customers,6884.3509239514415
17950.0,42,8,1156.21,635,3.825301204819277,40,6.965120481927711,109.5,10.431933650209142,133,19.875,6,631,0.14457831325301204,0.0,0.0,United Kingdom,Regular Customers,25.476641153601093
17951.0,10,5,1322.8799999999999,774,26.689655172413794,96,45.61655172413793,177.6,44.331607256791884,24,5.8,2,364,0.27586206896551724,0.0,0.0,United Kingdom,Regular Customers,155.06357186150757
17952.0,348,4,788.46,477,4.86734693877551,52,8.045510204081634,132.6,14.904839601667678,85,23.75,2,163,0.0,0.0,0.0,United Kingdom,VIP Customers,33.13403023192785
17953.0,510,1,159.17000000000002,98,4.9,25,7.958500000000001,25.5,6.136645127514922,20,20.0,1,0,0.0,0.0,0.0,United Kingdom,VIP Customers,-20.779172064077613
17954.0,38,25,3420.37,2857,4.11671469740634,288,4.928487031700288,60.48,6.268608489719104,443,27.6,9,662,0.17002881844380405,279.37,5.63611015942233,United Kingdom,Regular Customers,509.4091245990054
17955.0,169,6,949.9,681,30.954545454545453,208,43.17727272727273,190.8,56.19262306963332,16,3.6666666666666665,2,466,0.0,0.0,0.0,United Kingdom,Regular Customers,33.03816170477299
17956.0,219,1,12.75,1,1.0,1,12.75,12.75,0.0,1,1.0,1,0,0.0,0.0,0.0,United Kingdom,VIP Customers,7.8910136436120695
17957.0,36,1,111.68,287,9.258064516129032,37,3.6025806451612907,10.5,2.984703187635174,31,31.0,1,0,0.0,0.0,0.0,United Kingdom,VIP Customers,81.73342648137168
17958.0,87,2,973.88,284,7.888888888888889,48,27.052222222222223,372.3,68.19184363087552,35,18.0,2,611,0.0,0.0,0.0,United Kingdom,Regular Customers,2.5609355089587496
17959.0,562,1,140.75,49,24.5,48,70.375,100.8,43.02744763520141,2,2.0,1,0,0.0,0.0,0.0,United Kingdom,VIP Customers,-69.7249793975297
17960.0,141,3,135.08,60,1.6216216216216217,7,3.6508108108108113,21.8,4.7816038559708645,37,12.333333333333334,3,470,0.0,0.0,0.0,United Kingdom,Regular Customers,-26.72482265181165
17961.0,1,100,2833.64,1471,2.3423566878980893,48,4.512165605095541,125.0,6.571556375578893,485,6.26,12,707,0.03503184713375796,16.65,2.8707357833793057,United Kingdom,Regular Customers,1639.5016831390542
17962.0,112,5,652.56,631,3.4108108108108106,72,3.527351351351351,30.0,4.3042770703925886,146,35.6,3,552,0.0,0.0,0.0,United Kingdom,Regular Customers,75.84696177948251
17963.0,441,4,643.16,341,3.128440366972477,12,5.900550458715596,29.85,4.9008268075798505,98,26.5,4,217,0.0,0.0,0.0,United Kingdom,VIP Customers,-89.77223553724451
17964.0,2,2,463.21,294,3.0,48,4.726632653061224,29.75,5.1684985444393075,84,44.0,2,340,0.0,0.0,0.0,United Kingdom,Regular Customers,156.9973007938196
17965.0,8,33,6883.45,4357,5.274818401937046,48,8.333474576271186,51.0,7.4121807144044505,590,24.848484848484848,11,687,0.00847457627118644,0.0,0.0,United Kingdom,Regular Customers,892.471968712406
17966.0,8,10,1963.92,3918,34.67256637168141,200,17.37982300884956,81.12,18.813516654176215,82,11.3,6,652,0.0,0.0,0.0,United Kingdom,Regular Customers,48.72946940948921
17967.0,342,2,223.42000000000002,111,1.819672131147541,12,3.6626229508196726,19.9,3.638565606407441,59,30.0,2,44,0.0,0.0,0.0,United Kingdom,VIP Customers,14.571560164826167
17968.0,344,4,590.44,352,2.75,72,4.6128125,140.4,12.617825719426735,106,29.75,3,138,0.0,0.0,0.0,United Kingdom,VIP Customers,36.11492993426168
17969.0,136,27,2235.54,983,4.488584474885845,60,10.207945205479453,75.0,12.169399277941976,113,8.0,8,566,0.589041095890411,0.0,0.0,United Kingdom,Regular Customers,271.46041751708765
17970.0,181,1,562.79,513,17.689655172413794,120,19.40655172413793,102.0,19.642737530312036,27,27.0,1,0,0.0,0.0,0.0,United Kingdom,VIP Customers,65.1472903390866
17971.0,518,1,161.94,62,2.9523809523809526,6,7.711428571428572,15.3,5.428369263152873,21,21.0,1,0,0.0,0.0,0.0,United Kingdom,VIP Customers,-20.534080140239638
17972.0,212,1,135.19,36,1.2,6,4.506333333333333,15.95,3.498210856338179,30,30.0,1,0,0.0,0.0,0.0,United Kingdom,VIP Customers,49.33328845156365
17973.0,22,1,337.04,176,11.733333333333333,48,22.469333333333335,49.8,13.898556691082643,15,15.0,1,0,0.0,0.0,0.0,United Kingdom,VIP Customers,67.9554443259122
17974.0,14,5,1334.72,888,3.566265060240964,48,5.360321285140563,51.0,6.610801514986903,205,46.0,3,362,0.0,404.37,6.004800230293012,United Kingdom,Regular Customers,315.69702077034935
17975.0,34,25,6347.56,2058,4.666666666666667,48,14.393560090702948,98.1,21.543418933456312,228,17.36,11,426,0.04081632653061224,247.62,5.515925626363569,United Kingdom,Regular Customers,539.698842799511
17976.0,342,1,321.79,93,1.631578947368421,6,5.645438596491228,31.75,6.362053259695175,56,56.0,1,0,0.0,0.0,0.0,United Kingdom,VIP Customers,65.74610436846473
17977.0,356,2,1165.41,1576,18.541176470588237,120,13.710705882352942,69.6,12.673027487000669,83,42.5,1,14,0.0,288.14,5.6669109998802965,United Kingdom,Regular Customers,374.2523027982294
17978.0,335,4,1159.99,1297,19.35820895522388,432,17.313283582089554,207.36,36.94168399420164,62,16.5,3,366,0.0,0.0,0.0,United Kingdom,Regular Customers,40.6788740106459
17979.0,6,5,712.51,381,2.741007194244604,32,5.125971223021582,54.08,7.769875282925033,116,25.6,3,224,0.0,0.0,0.0,United Kingdom,Regular Customers,298.18681775477535
17980.0,136,4,1012.72,771,12.639344262295081,120,16.601967213114754,127.2,23.530519601832857,41,14.25,4,227,0.0,0.0,0.0,United Kingdom,Regular Customers,166.33091896937606
17981.0,381,1,239.12,260,15.294117647058824,72,14.065882352941177,61.2,12.592623862217682,17,17.0,1,0,0.0,0.0,0.0,United Kingdom,VIP Customers,3.443163922389374
17982.0,651,1,138.18,117,9.0,36,10.62923076923077,25.2,7.74531090567971,13,13.0,1,0,0.0,0.0,0.0,United Kingdom,VIP Customers,-60.01488631654638
17983.0,365,1,171.71,108,4.5,36,7.154583333333334,45.0,9.009520558187642,23,23.0,1,0,0.0,0.0,0.0,United Kingdom,VIP Customers,13.937226731106023
17984.0,115,5,1152.19,939,3.8801652892561984,72,4.761115702479339,35.8,4.903796564065858,209,45.0,4,593,0.4462809917355372,0.0,0.0,United Kingdom,Regular Customers,88.27157522368077
17986.0,26,1,20.8,10,10.0,10,20.8,20.8,0.0,1,1.0,1,0,0.0,0.0,0.0,United Kingdom,VIP Customers,44.59924310901215
17987.0,155,6,889.92,845,5.059880239520958,96,5.328862275449102,60.0,8.750279267086395,139,26.0,2,365,0.19161676646706588,0.0,0.0,United Kingdom,Regular Customers,233.40485147865982
17988.0,87,13,424.46999999999997,169,1.5089285714285714,12,3.789910714285714,39.95,4.581189800909394,103,8.615384615384615,4,615,0.08928571428571429,55.120000000000005,4.02749225523426,United Kingdom,Regular Customers,86.30432369647548
17989.0,349,1,207.33,300,10.344827586206897,48,7.149310344827587,30.0,6.478130203689996,26,26.0,1,0,0.0,0.0,0.0,United Kingdom,VIP Customers,20.05309067812857
17990.0,207,7,1522.57,765,13.189655172413794,36,26.25120689655172,102.0,20.741104208334825,40,8.285714285714286,5,495,0.29310344827586204,0.0,0.0,United Kingdom,Regular Customers,3.4273810653467933
17991.0,195,3,300.3,93,2.4473684210526314,25,7.902631578947369,59.0,10.630764301986062,37,12.666666666666666,1,366,0.0,0.0,0.0,United Kingdom,Regular Customers,96.47189306213082
17992.0,359,1,252.88,130,2.5,16,4.863076923076923,25.2,5.31593480922477,49,49.0,1,0,0.0,0.0,0.0,United Kingdom,VIP Customers,49.24584583822269
17993.0,587,1,225.99,108,1.8,24,3.7665,50.4,7.05713506594447,60,60.0,1,0,0.0,0.0,0.0,United Kingdom,VIP Customers,23.852085328578653
17994.0,92,14,2219.58,2156,6.95483870967742,288,7.159935483870967,75.0,8.669293017298035,227,22.0,8,499,0.0,0.0,0.0,United Kingdom,Regular Customers,224.82254544645716
17995.0,252,3,495.48,263,9.068965517241379,125,17.08551724137931,71.4,18.548757483648117,28,9.666666666666666,2,105,0.0,0.0,0.0,United Kingdom,VIP Customers,-38.856891123967785
17996.0,350,3,482.33,587,8.761194029850746,72,7.1989552238805965,25.5,4.92934814497093,63,21.666666666666668,2,166,0.0,0.0,0.0,United Kingdom,VIP Customers,-48.12149988314293
17997.0,44,12,1503.09,2053,11.53370786516854,240,8.444325842696628,97.8,21.9868688301762,134,14.666666666666666,3,89,0.15168539325842698,0.0,0.0,United Kingdom,Regular Customers,513.773014356891
17998.0,350,4,601.74,531,9.0,90,10.198983050847458,112.5,18.59380947176026,57,14.75,2,358,0.0,0.0,0.0,United Kingdom,Regular Customers,96.6690716911281
17999.0,7,3,528.46,286,2.1343283582089554,24,3.9437313432835825,19.8,3.4758435275530988,125,43.333333333333336,2,341,0.0,0.0,0.0,United Kingdom,Regular Customers,213.9346285706185
18000.0,534,1,124.25,109,18.166666666666668,60,20.708333333333332,87.0,32.69736773299445,6,6.0,1,0,0.0,0.0,0.0,United Kingdom,VIP Customers,-44.55373902863772
18001.0,57,5,759.14,796,6.862068965517241,50,6.544310344827586,22.5,6.382545386222993,108,22.8,3,650,0.0,165.0,5.111987788356544,United Kingdom,Regular Customers,-9.97230552051272
18002.0,346,4,244.37,71,1.3396226415094339,6,4.610754716981132,29.95,5.152693040856851,52,13.25,4,355,0.0,0.0,0.0,United Kingdom,Regular Customers,19.66382695623068
18003.0,346,1,353.51,297,12.91304347826087,48,15.37,45.0,15.159555042642546,23,23.0,1,0,1.0,0.0,0.0,United Kingdom,VIP Customers,-14.484686945416797
18004.0,332,1,157.92,75,2.027027027027027,10,4.268108108108108,15.9,3.57059039456583,32,32.0,1,0,1.0,0.0,0.0,United Kingdom,VIP Customers,-4.512449974838603
18005.0,17,1,132.07,47,2.238095238095238,16,6.2890476190476186,25.5,7.133657480396647,21,21.0,1,0,1.0,94.4,4.558078578454241,United Kingdom,VIP Customers,40.600752348232675
18006.0,352,3,524.83,175,4.2682926829268295,48,12.800731707317075,162.72,25.125858432125646,36,13.333333333333334,3,340,0.0,444.68,6.09960120571256,United Kingdom,Regular Customers,59.05306241637288
18007.0,363,1,215.22,246,4.92,20,4.3044,16.95,3.171955014221497,46,46.0,1,0,0.0,0.0,0.0,United Kingdom,VIP Customers,44.37940825522912
18008.0,40,23,19759.079999999998,7825,80.6701030927835,3500,203.70185567010307,8925.0,950.0332350352384,77,4.043478260869565,8,632,0.0,0.0,0.0,United Kingdom,Regular Customers,2506.3857990056963
18009.0,205,14,2065.48,635,3.413978494623656,25,11.1047311827957,69.5,13.672664430536189,146,13.071428571428571,6,417,0.0,0.0,0.0,United Kingdom,Regular Customers,256.9252037030335
18010.0,227,1,174.8,60,4.285714285714286,20,12.485714285714286,63.6,16.060779133455085,14,14.0,1,0,0.0,0.0,0.0,United Kingdom,VIP Customers,33.80928241124599
18011.0,343,2,410.79,125,1.9841269841269842,14,6.520476190476191,49.75,7.023220800654536,63,31.5,2,194,0.0,0.0,0.0,United Kingdom,Regular Customers,175.8474941839599
18012.0,693,1,115.3,63,4.846153846153846,25,8.86923076923077,29.95,8.169265023589393,13,13.0,1,0,0.0,0.0,0.0,United Kingdom,VIP Customers,-65.82377200123017
18013.0,125,2,187.29,285,9.193548387096774,48,6.041612903225806,23.4,5.39327426632727,31,15.5,1,0,0.0,0.0,0.0,United Kingdom,VIP Customers,77.63598679962212
18016.0,2,7,1954.56,1207,7.1420118343195265,96,11.565443786982248,42.5,7.836131437327433,115,24.142857142857142,6,648,0.0,0.0,0.0,United Kingdom,Regular Customers,-7.849070329275861
18017.0,51,4,688.0,400,100.0,100,172.0,179.0,8.082903768654765,1,1.0,4,350,0.0,0.0,0.0,United Kingdom,Regular Customers,33.13756672850613
18018.0,78,5,156.69,66,1.375,60,3.264375,87.0,21.21598503199084,43,9.2,4,312,0.0,0.0,0.0,United Kingdom,Regular Customers,102.42532416136146
18019.0,22,1,38.45,7,1.4,2,7.69,9.95,3.0784330429619544,5,5.0,1,0,0.0,0.0,0.0,United Kingdom,VIP Customers,50.44134395870881
18020.0,514,2,129.28,43,3.0714285714285716,20,9.234285714285715,45.9,21.94677607804345,12,7.0,1,0,0.0,0.0,0.0,United Kingdom,VIP Customers,-18.839156539086957
18021.0,480,2,216.41,168,5.25,25,6.7628125,30.0,6.7031476642597525,32,16.0,1,2,0.53125,0.0,0.0,United Kingdom,VIP Customers,-3.939258537103342
18022.0,6,5,1507.25,1311,3.084705882352941,96,3.546470588235294,30.6,3.707733982833503,306,73.8,3,510,0.0,0.0,0.0,United Kingdom,Regular Customers,315.85842472342506
18023.0,510,1,-3248.86,-1,-1.0,-1,-3248.86,-3248.86,0.0,1,1.0,1,0,0.0,0.0,0.0,,,-41.40936087696301
18024.0,123,3,236.77999999999997,148,6.7272727272727275,72,10.762727272727272,153.0,51.65791011957489,21,7.333333333333333,1,0,1.0,0.0,0.0,United Kingdom,VIP Customers,61.5053426879535
18025.0,350,6,1177.72,1053,9.401785714285714,72,10.515357142857143,47.7,8.386919129448696,83,18.5,4,239,0.0,0.0,0.0,United Kingdom,Regular Customers,192.5694751332265
18026.0,471,2,2074.07,530,31.176470588235293,76,122.00411764705883,458.7,143.52521372823415,12,8.0,1,4,0.0,0.0,0.0,United Kingdom,VIP Customers,86.92017109929827
18027.0,69,1,115.31,78,3.7142857142857144,24,5.490952380952381,15.3,4.377776724276725,21,21.0,1,0,0.0,0.0,0.0,United Kingdom,VIP Customers,61.210946376952336
18028.0,553,1,192.04999999999998,133,33.25,96,48.012499999999996,81.6,35.221309245966424,4,4.0,1,0,0.0,0.0,0.0,United Kingdom,VIP Customers,-67.53699528811944
18029.0,612,1,433.77,253,14.055555555555555,48,24.098333333333333,182.88,40.44666528099617,18,18.0,1,0,1.0,0.0,0.0,United Kingdom,VIP Customers,-36.717086946672
18030.0,12,2,111.15,45,9.0,30,22.23,88.5,38.622169799222824,4,2.5,1,0,0.0,109.55,4.705467907303455,United Kingdom,Regular Customers,314.55210234450874
18031.0,349,1,451.3,298,4.73015873015873,48,7.163492063492064,45.0,9.705034469821314,49,49.0,1,0,0.0,0.0,0.0,United Kingdom,VIP Customers,56.52941498931682
18032.0,304,1,73.5,42,8.4,12,14.7,19.8,3.0149626863362675,5,5.0,1,0,1.0,0.0,0.0,United Kingdom,VIP Customers,-35.914289715134004
18033.0,35,1,93.82000000000001,252,7.636363636363637,100,2.8430303030303032,6.84,1.881193910872303,32,32.0,1,0,0.0,0.0,0.0,United Kingdom,VIP Customers,64.76955290500257
18034.0,346,1,335.52,392,3.769230769230769,48,3.226153846153846,30.6,4.199684062941968,97,97.0,1,0,0.0,418.68,6.039492516118564,United Kingdom,Regular Customers,358.06899407301046
18035.0,6,5,1260.23,1134,19.894736842105264,144,22.109298245614035,121.68,28.942949046335045,52,10.6,2,349,0.0,0.0,0.0,United Kingdom,Regular Customers,191.81272597099144
18036.0,2,11,1545.49,741,2.273006134969325,48,4.740766871165644,122.4,8.215343825995953,221,29.0,8,689,0.0,0.0,0.0,United Kingdom,Regular Customers,92.29548806325059
18037.0,124,15,167.42,37,1.121212121212121,2,5.073333333333333,21.95,5.013307083818691,31,2.2,7,583,0.21212121212121213,0.0,0.0,United Kingdom,Regular Customers,-36.727338625913404
18038.0,526,1,141.48,80,2.962962962962963,24,5.239999999999999,30.0,6.580317972209596,25,25.0,1,0,0.0,0.0,0.0,United Kingdom,VIP Customers,-16.504559992224785
18039.0,344,4,548.22,555,3.5126582278481013,60,3.469746835443038,30.6,3.342212728531896,137,38.75,4,266,0.27848101265822783,0.0,0.0,United Kingdom,Regular Customers,163.52080309758372
18040.0,216,1,239.0,96,8.0,12,19.916666666666668,35.4,5.436172338784864,12,12.0,1,0,0.0,118.2,4.7808027546312495,United Kingdom,Regular Customers,276.77677079958266
18041.0,7,38,7447.7,6458,8.441830065359477,110,9.735555555555555,102.0,13.267562256553758,424,19.710526315789473,12,658,0.09673202614379085,488.34,6.193057544391747,United Kingdom,Regular Customers,866.2856545084009
18042.0,24,2,281.15,69,4.3125,13,17.571875,71.7,16.672881861973753,13,8.0,2,488,0.0,0.0,0.0,United Kingdom,Regular Customers,-18.5281241492128
18043.0,177,2,421.59000000000003,229,2.4623655913978495,16,4.533225806451613,20.0,3.7249739308367973,87,44.0,2,160,0.0,107.7,4.688591794127164,United Kingdom,Regular Customers,250.22100844570855
18044.0,5,18,3291.7599999999998,1500,7.8125,25,17.144583333333333,175.2,18.606881484250266,121,10.666666666666666,8,524,0.07291666666666667,210.9,5.356114465274254,United Kingdom,Regular Customers,290.2414522387105
18045.0,15,1,178.34,138,3.2093023255813953,25,4.147441860465117,10.5,3.2109752954094475,43,43.0,1,0,0.0,0.0,0.0,United Kingdom,VIP Customers,99.9217973033733
18046.0,620,1,189.63,44,1.6923076923076923,12,7.293461538461538,39.95,7.6774203700501875,26,26.0,1,0,1.0,0.0,0.0,United Kingdom,VIP Customers,-61.8033099122936
18047.0,351,2,326.09,130,1.5662650602409638,6,3.9287951807228914,19.9,4.1860087508766055,74,37.5,1,0,0.0,0.0,0.0,United Kingdom,VIP Customers,89.75043289790898
18048.0,173,3,394.93,256,4.338983050847458,72,6.693728813559322,76.32,11.359080508305038,56,19.333333333333332,2,290,0.0,0.0,0.0,United Kingdom,Regular Customers,144.86400442432165
18049.0,407,2,500.92,402,4.620689655172414,25,5.757701149425287,70.8,8.54790028632755,82,41.0,2,153,0.0,0.0,0.0,United Kingdom,VIP Customers,-20.74474823878893
18050.0,329,2,412.06,250,10.869565217391305,48,17.915652173913042,35.4,6.793000960940311,22,11.5,2,33,0.0,0.0,0.0,United Kingdom,VIP Customers,-15.43395627865084
18051.0,604,8,2275.98,1657,28.56896551724138,120,39.24103448275862,165.0,36.57846795875021,41,7.25,4,96,0.13793103448275862,0.0,0.0,United Kingdom,VIP Customers,30.638768906922422
18052.0,535,1,10877.18,17766,1110.375,2972,679.82375,1998.0,554.2550897300508,16,16.0,1,0,0.0,0.0,0.0,United Kingdom,VIP Customers,322.7574756047129
18053.0,36,6,527.77,402,11.485714285714286,26,15.079142857142857,45.9,13.73345857888009,30,5.833333333333333,5,461,0.0,0.0,0.0,United Kingdom,Regular Customers,-1.1340303643309255
18054.0,363,1,176.5,96,8.727272727272727,18,16.045454545454547,23.6,4.295139959620324,11,11.0,1,0,0.0,0.0,0.0,United Kingdom,VIP Customers,-3.27280542924413
18055.0,10,14,9246.82,3160,6.4621676891615545,96,18.90965235173824,127.5,13.00952189436171,305,34.642857142857146,7,373,0.03885480572597137,863.77,6.762463575621525,United Kingdom,Regular Customers,696.9493940188703
18056.0,258,3,539.75,331,10.67741935483871,24,17.411290322580644,35.95,9.957649569363072,28,10.333333333333334,3,330,0.0,0.0,0.0,United Kingdom,Regular Customers,48.03174032436792
18057.0,363,3,1188.46,970,7.2388059701492535,144,8.869104477611941,127.5,12.676913149957235,121,42.0,3,297,0.0,0.0,0.0,United Kingdom,Regular Customers,179.28103904209925
18058.0,511,2,603.9,306,23.53846153846154,96,46.45384615384615,244.8,65.39241310968492,11,6.5,2,126,0.0,170.16,5.142598791548616,United Kingdom,Regular Customers,153.37122904731413
18059.0,14,2,219.86,206,15.846153846153847,24,16.912307692307692,53.1,11.602937956861153,13,6.5,1,23,0.0,76.85,4.354783898280007,United Kingdom,VIP Customers,74.3229510781874
18060.0,378,2,1185.46,902,12.026666666666667,144,15.806133333333333,38.25,5.704561923473067,74,37.5,2,156,0.0,0.0,0.0,United Kingdom,VIP Customers,-38.88918845180743
18061.0,36,28,5982.91,3342,27.619834710743802,288,49.445537190082646,315.0,49.061533862256645,30,4.321428571428571,11,669,0.05785123966942149,92.4,4.536891345234797,United Kingdom,Regular Customers,247.16045794049842
18062.0,143,9,1523.3700000000001,817,14.333333333333334,48,26.725789473684213,102.0,24.000467997473393,46,6.333333333333333,7,424,0.12280701754385964,0.0,0.0,United Kingdom,Regular Customers,47.69365723554537
18063.0,361,2,186.6,48,16.0,24,62.199999999999996,102.0,38.47648632606673,2,1.5,2,242,0.6666666666666666,0.0,0.0,United Kingdom,Regular Customers,28.3048702873605
18064.0,103,15,4427.98,2635,38.75,192,65.11735294117646,237.6,69.45560219644335,53,4.466666666666667,6,543,0.4117647058823529,0.0,0.0,United Kingdom,Regular Customers,190.15156587491776
18065.0,57,29,5393.24,2094,7.195876288659794,48,18.533470790378008,81.6,11.098492596387805,179,10.03448275862069,11,643,0.09278350515463918,443.64,6.097264965994194,United Kingdom,Regular Customers,375.7018547597361
18066.0,45,3,1440.4,535,10.09433962264151,25,27.17735849056604,89.7,17.758783217038893,37,17.666666666666668,3,340,0.18867924528301888,0.0,0.0,United Kingdom,Regular Customers,125.54397916735772
18067.0,10,1,396.33,189,5.108108108108108,24,10.711621621621621,39.8,9.57959855152649,36,36.0,1,0,1.0,0.0,0.0,United Kingdom,VIP Customers,70.92451129391566
18068.0,259,1,101.7,6,6.0,6,101.7,101.7,0.0,1,1.0,1,0,0.0,0.0,0.0,United Kingdom,VIP Customers,0.3447157065651538
18069.0,58,11,4211.9,2965,3.342728297632469,120,4.748478015783539,44.55,4.848033746004071,570,79.36363636363636,7,561,0.5648252536640361,238.17000000000002,5.477174596150774,United Kingdom,Regular Customers,591.3524602654799
18070.0,639,2,307.75,85,8.5,12,30.775,71.4,21.81769478096977,10,5.0,2,61,0.0,0.0,0.0,United Kingdom,VIP Customers,-103.35428184098484
18071.0,228,6,1169.68,678,9.549295774647888,36,16.474366197183098,45.0,6.007386817766075,52,11.833333333333334,3,477,0.352112676056338,0.0,0.0,United Kingdom,Regular Customers,38.75499103532897
18072.0,125,2,-3.552713678800501e-15,46,1.2777777777777777,24,-9.868649107779169e-17,46.8,17.19598624264229,20,17.5,2,30,0.0,0.0,0.0,United Kingdom,VIP Customers,19.68558436730811
18073.0,84,13,3846.74,3092,41.22666666666667,288,51.28986666666666,305.28,70.5776904972664,23,5.6923076923076925,4,82,0.0,0.0,0.0,United Kingdom,Regular Customers,512.59439418786
18074.0,344,2,1019.44,361,8.395348837209303,48,23.707906976744187,102.0,18.634081366466475,37,21.5,2,131,0.0,0.0,0.0,United Kingdom,VIP Customers,-33.84988353695883
18075.0,30,30,5225.93,3049,9.23939393939394,48,15.836151515151515,70.8,10.852727447369265,167,11.0,11,438,0.0,353.98,5.8720614498602,United Kingdom,Regular Customers,541.7746081533164
18076.0,350,1,151.49,164,20.5,96,18.93625,69.12,24.845338129832612,8,8.0,1,0,0.0,0.0,0.0,United Kingdom,VIP Customers,-15.747260883123005
18077.0,4,17,3823.45,2826,8.563636363636364,48,11.586212121212121,85.92,9.700936965550241,138,19.294117647058822,9,698,0.5121212121212121,255.34,5.546504688301678,United Kingdom,Regular Customers,147.9757994463406
18078.0,187,4,725.53,370,5.068493150684931,48,9.93876712328767,76.5,14.037548055246276,65,18.0,3,410,0.6027397260273972,0.0,0.0,United Kingdom,Regular Customers,52.74975623620989
18079.0,15,5,4203.93,8730,64.19117647058823,480,30.911250000000003,177.6,36.56211762319837,107,26.6,3,446,0.0,0.0,0.0,United Kingdom,Regular Customers,341.8920617277321
18080.0,213,1,841.5,330,330.0,330,841.5,841.5,0.0,1,1.0,1,0,0.0,390.0,5.968707559985366,United Kingdom,Regular Customers,250.0099309752259
18081.0,6,3,343.45,195,11.470588235294118,36,20.20294117647059,31.6,7.8811593093163355,14,5.666666666666667,3,97,0.0,0.0,0.0,United Kingdom,Regular Customers,225.6695493547674
18083.0,368,1,463.53,268,6.7,96,11.588249999999999,76.5,16.653315968791627,36,36.0,1,0,1.0,0.0,0.0,United Kingdom,VIP Customers,-2.856548507809805
18084.0,271,4,85.55,17,1.8888888888888888,213,9.505555555555555,308.85,218.30936541472008,7,2.25,2,87,0.4444444444444444,90.48,4.516120369154581,United Kingdom,Regular Customers,146.46288146530895
18085.0,300,4,1341.85,507,8.17741935483871,24,21.64274193548387,79.2,13.596063336869971,42,15.5,4,298,0.20967741935483872,0.0,0.0,United Kingdom,Regular Customers,93.74232354559956
18086.0,244,1,101.34,106,15.142857142857142,24,14.477142857142857,19.8,4.757526368067459,7,7.0,1,0,0.0,0.0,0.0,United Kingdom,VIP Customers,11.790723570529337
18087.0,68,21,14411.619999999999,7428,78.18947368421053,3906,151.70126315789472,3202.92,380.1396699177764,44,4.523809523809524,9,640,0.0,0.0,0.0,United Kingdom,Regular Customers,434.5160107336984
18088.0,31,1,166.03,107,2.891891891891892,12,4.487297297297298,17.7,5.2152530825181165,35,35.0,1,0,1.0,0.0,0.0,United Kingdom,VIP Customers,56.98319755912635
18089.0,417,1,428.45,95,9.5,24,42.845,85.0,18.048213977504197,9,9.0,1,0,1.0,0.0,0.0,United Kingdom,VIP Customers,-39.67037626154976
18090.0,392,1,321.9,307,5.685185185185185,75,5.96111111111111,40.8,7.757214698215709,47,47.0,1,0,0.0,0.0,0.0,United Kingdom,VIP Customers,35.841183761593754
18091.0,563,1,360.85,539,21.56,50,14.434000000000001,21.0,4.262911759193083,25,25.0,1,0,1.0,0.0,0.0,United Kingdom,VIP Customers,-49.40204594911506
18092.0,9,18,14128.13,8145,60.78358208955224,600,105.43380597014925,432.0,76.24364876588083,42,7.444444444444445,9,696,0.0,559.34,6.328543742349682,United Kingdom,Regular Customers,407.60443126698397
18093.0,63,9,4429.61,3418,54.25396825396825,432,70.31126984126983,216.32,48.7194800574798,43,7.0,5,525,0.0,0.0,0.0,United Kingdom,Regular Customers,109.36341369651342
18094.0,52,15,6322.62,4128,31.51145038167939,600,48.264274809160305,432.0,52.22876253015758,56,8.733333333333333,8,646,0.2595419847328244,0.0,0.0,United Kingdom,Regular Customers,145.63543060193803
18095.0,282,5,2303.09,1623,33.8125,144,47.98104166666667,204.0,41.832964922546346,37,9.6,4,286,0.0,0.0,0.0,United Kingdom,Regular Customers,168.0176634542804
18096.0,27,5,1382.73,1199,3.48546511627907,80,4.0195639534883725,25.5,3.918783589825595,268,61.2,3,455,0.0,275.14,5.6209079834880065,United Kingdom,Regular Customers,306.3796244906353
18097.0,70,13,3940.57,2455,18.051470588235293,120,28.974779411764708,102.0,21.43384215628663,77,10.461538461538462,7,622,0.08823529411764706,676.2,6.51796665025898,United Kingdom,Regular Customers,105.73956200801399
18098.0,366,1,527.9399999999999,215,2.5,12,6.1388372093023245,22.5,5.220327557585015,85,85.0,1,0,0.0,0.0,0.0,United Kingdom,VIP Customers,99.90342642786828
18099.0,97,1,168.31,149,7.842105263157895,24,8.858421052631579,24.96,7.876676726723647,19,19.0,1,0,0.0,0.0,0.0,United Kingdom,VIP Customers,57.88852837634525
18100.0,520,1,451.56,440,14.666666666666666,36,15.052,39.6,6.965568224463469,30,30.0,1,0,0.0,0.0,0.0,United Kingdom,VIP Customers,6.059271527019575
18101.0,113,4,509.84000000000003,185,2.2560975609756095,12,6.217560975609756,40.5,6.851556471086187,72,20.5,3,530,0.0,112.17,4.72889111297785,United Kingdom,Regular Customers,4.747062515573504
18102.0,6,149,558608.99,177525,173.02631578947367,1008,544.4532066276803,3884.0,630.4855919405569,384,6.885906040268456,12,703,0.018518518518518517,11771.619999999999,9.373531775312733,United Kingdom,At-Risk Customers,21411.156241085235
18103.0,519,1,105.8,23,2.3,8,10.58,39.8,12.878172748233087,10,10.0,1,0,0.0,0.0,0.0,United Kingdom,VIP Customers,-32.900302820598995
18104.0,7,1,754.64,362,9.526315789473685,24,19.858947368421052,35.7,10.052318487300731,38,38.0,1,0,0.0,0.0,0.0,United Kingdom,VIP Customers,117.22817005511682
18105.0,8,1,113.47999999999999,46,2.5555555555555554,12,6.304444444444444,35.4,10.79754341463139,18,18.0,1,0,0.0,0.0,0.0,United Kingdom,VIP Customers,75.07245806619144
18106.0,300,6,1441.06,506,2.649214659685864,32,7.5448167539267015,81.6,9.775700370275372,126,31.0,3,364,0.18848167539267016,0.0,0.0,United Kingdom,Regular Customers,197.61746364109345
18107.0,412,1,165.88,65,1.7105263157894737,12,4.365263157894737,19.8,4.0686984019011545,38,38.0,1,0,0.0,0.0,0.0,United Kingdom,VIP Customers,21.888607962955007
18108.0,219,4,842.46,259,5.285714285714286,24,17.193061224489796,39.75,7.659484100360381,43,12.25,3,488,0.0,0.0,0.0,United Kingdom,Regular Customers,-13.14294276338373
18109.0,1,41,7523.16,4255,7.068106312292358,432,12.496943521594684,155.52,20.838742100701925,203,14.414634146341463,12,495,0.24086378737541528,1893.25,7.546578260811483,United Kingdom,Regular Customers,693.5327747667944
18110.0,381,1,193.48000000000002,97,2.7714285714285714,24,5.5280000000000005,35.4,7.535732448104282,29,29.0,1,0,1.0,168.55,5.133147868571648,United Kingdom,Regular Customers,230.62332901534572
18111.0,553,2,398.9,228,7.6,25,13.296666666666665,20.28,6.150353695090441,27,15.0,2,6,0.0,0.0,0.0,United Kingdom,VIP Customers,-33.3767756592251
18112.0,136,3,617.31,298,6.208333333333333,72,12.860624999999999,41.65,9.842122977663243,46,15.666666666666666,2,385,1.0,156.05,5.056564225984656,United Kingdom,Regular Customers,37.30548220526961
18113.0,339,1,76.32,72,72.0,72,76.32,76.32,0.0,1,1.0,1,0,0.0,0.0,0.0,United Kingdom,VIP Customers,-16.27376341638123
18114.0,260,1,220.1,55,1.9642857142857142,12,7.860714285714286,24.95,5.671768245129116,28,28.0,1,0,0.0,0.0,0.0,United Kingdom,VIP Customers,39.95186701896347
18115.0,668,1,9.700000000000001,3,1.0,1,3.233333333333334,5.95,2.363436763134003,3,3.0,1,0,0.0,0.0,0.0,United Kingdom,VIP Customers,-75.42962335043973
18116.0,38,13,2134.4900000000002,1267,2.24645390070922,114,3.784556737588653,44.46,3.9905543423783816,311,43.07692307692308,5,343,0.3776595744680851,0.0,0.0,United Kingdom,Regular Customers,490.5267303358846
18118.0,15,32,5502.14,2832,2.240506329113924,100,4.352958860759494,72.0,5.436002613427571,427,39.125,11,336,0.13924050632911392,655.73,6.487272975113748,United Kingdom,Regular Customers,883.3811300056092
18119.0,338,1,180.7,124,4.275862068965517,48,6.23103448275862,56.1,10.600595112953258,29,29.0,1,0,0.0,0.0,0.0,United Kingdom,VIP Customers,27.233866215101642
18120.0,184,1,111.15,31,1.8235294117647058,5,6.538235294117648,19.9,4.745409933944218,17,17.0,1,0,0.0,0.0,0.0,United Kingdom,VIP Customers,38.79665814906991
18121.0,119,2,653.3,438,14.129032258064516,30,21.074193548387097,50.0,12.376630875482915,28,15.0,1,5,0.0,0.0,0.0,United Kingdom,VIP Customers,94.47521954840167
18122.0,6,4,962.48,526,3.1124260355029585,12,5.695147928994083,39.95,4.94044256578739,122,41.0,4,115,0.38461538461538464,830.58,6.723327505670602,United Kingdom,Regular Customers,336.87687418728876
18123.0,1,2,400.68,414,11.82857142857143,96,11.448,81.6,16.055981256766806,35,17.5,2,482,0.0,265.96,5.587098834443118,United Kingdom,Regular Customers,10.279765637591623
18124.0,442,1,102.65,47,2.35,6,5.1325,17.7,3.6283603299852296,20,20.0,1,0,0.0,0.0,0.0,United Kingdom,VIP Customers,-6.617164145663054
18125.0,172,4,932.25,690,4.0828402366863905,48,5.516272189349112,40.8,5.711632424209518,146,41.0,3,114,0.2781065088757396,197.85,5.2925507716536995,United Kingdom,Regular Customers,352.78246069738975
18126.0,31,1,200.92000000000002,135,2.5961538461538463,24,3.863846153846154,30.0,4.414883097000531,52,52.0,1,0,0.0,0.0,0.0,United Kingdom,VIP Customers,114.66348934964678
18127.0,104,2,348.65,91,3.1379310344827585,12,12.022413793103448,47.4,9.196171429759083,25,14.5,2,269,0.0,207.48,5.339843113376535,United Kingdom,Regular Customers,125.64252735870932
18128.0,507,1,399.29,216,5.142857142857143,36,9.506904761904762,26.1,6.316859164017,42,42.0,1,0,1.0,0.0,0.0,United Kingdom,VIP Customers,-22.034698651500378
18129.0,213,1,112.55,48,3.4285714285714284,12,8.039285714285715,25.5,7.594055837688717,13,13.0,1,0,1.0,0.0,0.0,United Kingdom,VIP Customers,-6.492457113295359
18130.0,27,1,313.86,258,12.285714285714286,24,14.945714285714287,25.2,4.49487327010292,21,21.0,1,0,0.0,731.88,6.596981977706953,United Kingdom,Regular Customers,325.92995987889685
18131.0,602,1,222.96,552,138.0,432,55.74,79.2,26.811609425769284,4,4.0,1,0,0.0,0.0,0.0,United Kingdom,VIP Customers,-130.30537829393654
18132.0,474,1,220.13,212,3.4193548387096775,25,3.5504838709677418,15.3,3.0097706613896382,60,60.0,1,0,0.0,0.0,0.0,United Kingdom,VIP Customers,37.457402538553595
18133.0,181,2,715.5,0,0.0,1350,357.75,931.5,811.4050314115633,2,1.0,1,1,0.0,0.0,0.0,United Kingdom,VIP Customers,-482.8478863956992
18134.0,568,2,445.0,128,4.571428571428571,12,15.892857142857142,31.8,4.656928615190932,27,14.0,2,96,0.0,0.0,0.0,United Kingdom,VIP Customers,-91.645903238823
18135.0,2,12,1099.62,689,18.62162162162162,144,29.719459459459458,171.84,41.944901421451156,23,3.0,7,602,0.0,129.6,4.8721392168423305,United Kingdom,Regular Customers,-39.72724183322006
18136.0,33,9,1531.71,837,8.904255319148936,24,16.294787234042552,82.8,14.428706283239924,77,10.444444444444445,5,387,0.0,0.0,0.0,United Kingdom,Regular Customers,189.16589357804688
18137.0,521,2,145.99,59,2.0344827586206895,12,5.034137931034483,19.9,3.9336928462790532,26,13.5,1,0,1.0,0.0,0.0,United Kingdom,VIP Customers,-35.9314595074419
18138.0,265,1,152.65,38,4.75,12,19.08125,47.7,14.55325043467217,8,8.0,1,0,0.0,0.0,0.0,United Kingdom,VIP Customers,13.107854570333757
18140.0,444,1,536.41,395,7.314814814814815,36,9.933518518518518,46.8,9.122665358079274,49,49.0,1,0,0.0,0.0,0.0,West Indies,VIP Customers,59.64863747883618
18141.0,331,4,838.5699999999999,420,9.545454545454545,36,19.05840909090909,71.4,16.510351220072454,38,11.0,3,228,0.0,0.0,0.0,United Kingdom,Regular Customers,142.94374793498142
18142.0,121,4,1014.9,1273,70.72222222222223,240,56.38333333333333,254.4,63.13347476017867,9,4.5,2,64,0.5,0.0,0.0,United Kingdom,Regular Customers,287.9693327664087
18143.0,87,2,1000.16,570,9.344262295081966,24,16.396065573770493,35.4,5.171987779918705,59,30.5,2,25,0.0,0.0,0.0,United Kingdom,VIP Customers,105.76065924688456
18144.0,1,18,4660.95,1984,23.903614457831324,160,56.15602409638554,232.0,56.53033454918974,51,4.611111111111111,11,692,0.0,232.0,5.4510384535657,United Kingdom,Regular Customers,36.26118006540989
18145.0,58,11,4833.74,4308,13.42056074766355,120,15.058380062305295,90.0,10.074774928880604,194,29.181818181818183,8,643,0.0,758.3,6.632396956219188,United Kingdom,Regular Customers,224.37149519626007
18146.0,111,2,160.35,153,15.3,24,16.035,23.4,3.4325282227536014,10,5.0,2,79,0.0,0.0,0.0,United Kingdom,VIP Customers,-21.291993133107212
18147.0,16,2,179.34,203,29.0,75,25.62,39.6,10.079821426989668,7,3.5,2,62,0.0,0.0,0.0,United Kingdom,VIP Customers,-4.4571627652858865
18148.0,617,1,112.85,63,6.3,24,11.285,17.85,7.0494054122788725,9,9.0,1,0,0.0,0.0,0.0,United Kingdom,VIP Customers,-60.20603187375218
18149.0,21,7,1553.96,869,9.54945054945055,80,17.076483516483517,135.2,18.529025720841723,54,12.571428571428571,5,584,0.8791208791208791,0.0,0.0,United Kingdom,Regular Customers,-19.45724803812132
18150.0,2,3,566.5799999999999,332,8.972972972972974,24,15.312972972972972,30.0,3.712038123056797,29,12.333333333333334,3,169,0.3783783783783784,0.0,0.0,United Kingdom,Regular Customers,195.718795063811
18151.0,105,7,1853.94,980,9.158878504672897,25,17.326542056074768,79.9,9.683738470240046,99,15.285714285714286,6,511,0.009345794392523364,0.0,0.0,United Kingdom,Regular Customers,67.90474837229957
18152.0,616,1,426.69,75,7.5,15,42.669,89.25,33.136146242099095,10,10.0,1,0,0.0,0.0,0.0,United Kingdom,VIP Customers,-46.54867539454244
18153.0,629,1,246.22,200,11.764705882352942,24,14.483529411764707,30.0,5.609176567438921,17,17.0,1,0,0.0,0.0,0.0,United Kingdom,VIP Customers,-41.336765169303646
18154.0,14,4,753.9,524,14.162162162162161,72,20.375675675675677,122.04,20.6190598908093,30,9.25,3,447,0.13513513513513514,178.7,5.191288793789513,United Kingdom,Regular Customers,50.967877242722125
18155.0,45,4,347.82,258,9.214285714285714,48,12.422142857142857,22.5,8.000309418619432,19,7.0,3,216,0.21428571428571427,0.0,0.0,United Kingdom,Regular Customers,149.0790270020654
18156.0,340,1,186.88,68,1.36,4,3.7376,15.0,2.5517009613037276,50,50.0,1,0,1.0,488.76,6.193915475197103,United Kingdom,Regular Customers,263.4631043889274
18157.0,541,1,213.9,145,5.8,48,8.556000000000001,51.0,10.334982664071898,25,25.0,1,0,0.0,0.0,0.0,United Kingdom,VIP Customers,-17.17287243605125
18158.0,56,2,342.15,253,10.12,12,13.686,23.6,6.390088679614184,24,12.5,1,2,0.0,109.6,4.7059200890882344,United Kingdom,Regular Customers,337.32059646727146
18159.0,271,1,530.15,139,6.043478260869565,16,23.05,175.2,33.18929865867228,23,23.0,1,0,0.0,0.0,0.0,United Kingdom,VIP Customers,75.92514322244446
18160.0,27,3,1003.88,519,7.984615384615385,32,15.444307692307692,25.2,3.770527967519424,56,21.666666666666668,3,328,0.0,0.0,0.0,United Kingdom,Regular Customers,136.37726571997416
18161.0,35,5,1341.1,717,10.391304347826088,32,19.43623188405797,63.75,9.58439634194855,44,13.8,5,314,0.0,456.1,6.124902185337699,United Kingdom,Regular Customers,131.0570326305357
18162.0,702,1,371.51,332,7.217391304347826,108,8.076304347826087,35.4,6.591815247780353,45,45.0,1,0,0.0,0.0,0.0,United Kingdom,VIP Customers,-34.19729442246819
18163.0,531,2,639.34,430,11.31578947368421,48,16.824736842105263,39.8,15.180072772827398,33,19.0,1,23,0.0,0.0,0.0,United Kingdom,VIP Customers,0.32098548566378327
18164.0,1,2,394.7,183,7.32,25,15.788,24.96,6.327218978350599,24,12.5,1,6,0.0,0.0,0.0,United Kingdom,VIP Customers,95.09210914481014
18165.0,147,1,302.46,254,25.4,120,30.246,124.8,44.17367949356268,10,10.0,1,0,0.0,0.0,0.0,United Kingdom,VIP Customers,32.62669959799575
18166.0,594,1,175.5,90,9.0,12,17.55,29.7,4.823380557244057,10,10.0,1,0,0.0,0.0,0.0,United Kingdom,VIP Customers,-45.82891182646529
18167.0,5,3,875.9300000000001,226,9.04,12,35.037200000000006,65.7,20.665722731131375,22,8.333333333333334,3,70,0.0,479.58,6.174993707788099,United Kingdom,Regular Customers,273.04903048750475
18168.0,146,22,3352.3,1968,5.111688311688312,72,8.707272727272727,45.0,8.179944038298611,209,17.136363636363637,8,560,0.07792207792207792,0.0,0.0,United Kingdom,Regular Customers,346.5568492043077
18169.0,31,1,202.65,61,6.777777777777778,12,22.516666666666666,51.0,16.045014802112213,9,9.0,1,0,0.0,0.0,0.0,United Kingdom,VIP Customers,60.467529763969225
18170.0,3,9,2878.0,1184,9.396825396825397,48,22.841269841269842,102.0,16.12944938845103,59,14.0,7,667,0.06349206349206349,0.0,0.0,United Kingdom,Regular Customers,-24.462329694894237
18171.0,29,11,2414.51,987,10.5,48,25.686276595744683,81.6,17.73300840417263,76,8.545454545454545,8,644,0.0,0.0,0.0,United Kingdom,Regular Customers,-19.086024470586977
18172.0,1,62,16881.23,7217,14.758691206543967,128,34.5219427402863,326.4,46.18710820624875,176,7.887096774193548,11,698,0.08588957055214724,408.0,6.013715156042802,United Kingdom,Regular Customers,1322.5896849089527
18173.0,57,5,2696.36,1730,38.44444444444444,144,59.919111111111114,249.0,47.33347824561684,34,9.0,4,526,0.0,0.0,0.0,United Kingdom,Regular Customers,69.2909064970138
18174.0,574,1,58.5,30,30.0,30,58.5,58.5,0.0,1,1.0,1,0,0.0,104.0,4.653960350157523,United Kingdom,Regular Customers,185.1987005775897
18175.0,646,1,176.1,70,10.0,24,25.157142857142855,59.4,16.533083715473566,7,7.0,1,0,0.0,0.0,0.0,United Kingdom,VIP Customers,-60.5715248686796
18176.0,324,2,448.65,279,8.454545454545455,24,13.595454545454544,33.0,9.293053215611208,30,16.5,1,4,0.0,0.0,0.0,United Kingdom,VIP Customers,47.78638198982867
18177.0,1,10,2189.07,1233,12.33,100,21.890700000000002,118.8,17.508307191649674,66,10.0,6,692,0.09,0.0,0.0,United Kingdom,Regular Customers,-18.04965284430088
18178.0,84,15,6054.49,3841,10.850282485875706,96,17.103079096045196,52.0,7.792243645481912,204,23.6,10,545,0.11864406779661017,0.0,0.0,United Kingdom,Regular Customers,310.87211739830184
18179.0,23,7,2326.97,1407,14.212121212121213,300,23.50474747474747,450.0,47.886759116274185,94,14.142857142857142,6,609,0.18181818181818182,220.57999999999998,5.400783698092527,United Kingdom,Regular Customers,68.79063682675746
18180.0,30,5,1533.02,1454,14.989690721649485,96,15.804329896907216,38.25,6.170667155181388,93,19.4,3,83,0.0,310.73,5.742137428532665,United Kingdom,Regular Customers,389.1029572720561
18181.0,370,6,799.76,374,2.6906474820143886,32,5.753669064748201,35.8,6.026943747303978,119,23.0,3,335,0.0,366.85,5.907675246378274,United Kingdom,Regular Customers,167.9200927082692
18182.0,433,1,291.13,167,16.7,36,29.113,55.5,15.018311822571807,10,10.0,1,0,0.0,0.0,0.0,United Kingdom,VIP Customers,-14.807950583633215
18183.0,188,6,600.52,362,8.227272727272727,64,13.648181818181818,41.6,9.37146864287092,36,7.333333333333333,3,56,0.0,0.0,0.0,United Kingdom,Regular Customers,293.75464750198694
18185.0,219,1,304.25,183,10.764705882352942,24,17.897058823529413,38.25,7.0678734113468344,17,17.0,1,0,0.0,0.0,0.0,United Kingdom,VIP Customers,38.835657803808544
18186.0,693,1,329.58000000000004,338,30.727272727272727,144,29.961818181818185,107.4,27.04272982455056,11,11.0,1,0,0.0,0.0,0.0,United Kingdom,VIP Customers,-70.88369740381847
18187.0,593,3,682.19,304,5.62962962962963,25,12.63314814814815,19.9,7.882101009074971,48,18.0,1,8,0.0,0.0,0.0,United Kingdom,VIP Customers,28.63770411967306
18188.0,16,7,2870.43,1616,13.245901639344263,120,23.52811475409836,252.0,25.17368832769208,95,17.428571428571427,5,577,0.0,392.76,5.975741586642746,United Kingdom,Regular Customers,133.36539218316784
18189.0,48,5,1396.58,833,9.465909090909092,48,15.870227272727272,35.4,6.045686593310557,79,17.6,2,548,0.0,0.0,0.0,United Kingdom,Regular Customers,78.96034948155187
18190.0,162,6,735.67,489,11.372093023255815,36,17.10860465116279,39.0,9.259742252248337,34,7.166666666666667,4,525,0.0,0.0,0.0,United Kingdom,Regular Customers,-33.27005730830447
18191.0,232,2,529.4,332,22.133333333333333,48,35.29333333333333,61.2,10.908939104282888,15,7.5,2,215,0.0,0.0,0.0,United Kingdom,Regular Customers,126.78768806879239
18192.0,42,1,957.97,339,7.533333333333333,40,21.288222222222224,102.0,15.044272285021254,45,45.0,1,0,0.0,0.0,0.0,United Kingdom,VIP Customers,139.54436695349366
18193.0,121,5,1176.55,922,12.805555555555555,72,16.34097222222222,83.4,13.469982711671856,66,14.4,5,291,0.0,0.0,0.0,United Kingdom,Regular Customers,147.533266432225
18194.0,34,7,4084.2,1590,53.0,150,136.14,562.5,114.04032027434798,23,4.285714285714286,6,616,0.23333333333333334,0.0,0.0,United Kingdom,Regular Customers,55.71659251681686
18195.0,357,1,101.16,60,12.0,24,20.232,35.7,10.210441714245277,5,5.0,1,0,0.0,0.0,0.0,United Kingdom,VIP Customers,-13.054409101028114
18196.0,65,4,1457.19,1038,3.747292418772563,30,5.260613718411553,30.0,5.373005931313224,210,67.5,4,537,0.0,0.0,0.0,United Kingdom,Regular Customers,160.82579124403642
18197.0,484,2,221.4,162,14.727272727272727,36,20.12727272727273,39.6,13.944163001707267,9,5.5,2,62,0.0,0.0,0.0,United Kingdom,VIP Customers,-84.05023811858183
18198.0,1,20,4764.61,3648,24.0,288,31.34611842105263,305.28,55.941728552511115,79,7.55,10,305,0.013157894736842105,318.45,5.766600767048352,United Kingdom,Regular Customers,424.11532583023074
18199.0,646,2,342.2,98,4.666666666666667,12,16.295238095238094,25.2,5.357142539682529,20,10.5,2,7,0.0,0.0,0.0,United Kingdom,VIP Customers,-60.33790556153565
18200.0,76,1,150.35,104,3.466666666666667,12,5.011666666666667,15.0,4.1982262948760285,29,29.0,1,0,0.0,0.0,0.0,United Kingdom,VIP Customers,74.17804539975015
18201.0,693,1,447.53,191,7.074074074074074,24,16.575185185185184,25.5,4.7795770414500796,27,27.0,1,0,0.0,0.0,0.0,United Kingdom,VIP Customers,-39.457179376518695
18202.0,170,3,1396.99,581,8.544117647058824,24,20.543970588235293,51.0,8.084089983714534,55,22.666666666666668,2,111,0.0,0.0,0.0,United Kingdom,VIP Customers,54.86236905910576
18203.0,127,4,492.52,111,1.88135593220339,8,8.34779661016949,54.0,8.757948521357438,40,14.75,4,573,0.0,0.0,0.0,United Kingdom,Regular Customers,-83.38514490272942
18204.0,41,4,1960.95,1188,6.123711340206185,25,10.10798969072165,69.36,10.202436800250497,159,47.0,3,121,0.0,0.0,0.0,United Kingdom,Regular Customers,447.46391358571816
18205.0,6,2,517.36,192,6.0,24,16.1675,39.6,6.949064917368844,30,16.0,2,38,0.0,0.0,0.0,United Kingdom,VIP Customers,60.17913819649118
18206.0,523,1,314.65999999999997,246,12.947368421052632,24,16.561052631578946,30.0,5.567766253411826,19,19.0,1,0,0.0,0.0,0.0,United Kingdom,VIP Customers,-16.328320224105084
18207.0,464,3,505.12,300,8.823529411764707,24,14.856470588235295,39.6,11.844252635734714,31,11.333333333333334,2,5,0.058823529411764705,0.0,0.0,United Kingdom,VIP Customers,9.019349649643061
18208.0,536,1,360.08,82,4.823529411764706,24,21.181176470588234,39.8,8.514022905149586,17,17.0,1,0,1.0,0.0,0.0,United Kingdom,VIP Customers,-59.21225641321868
18210.0,21,3,1548.22,786,9.24705882352941,48,18.21435294117647,51.0,8.006721052766027,81,28.333333333333332,3,331,0.0,1220.61,7.1079249398565105,United Kingdom,Regular Customers,183.24730736337435
18211.0,13,4,550.87,335,8.58974358974359,24,14.124871794871796,47.7,10.068309812631457,35,9.75,4,235,0.20512820512820512,49.2,3.9160150266976834,United Kingdom,Regular Customers,151.6822875160937
18212.0,296,2,514.37,158,3.4347826086956523,12,11.18195652173913,59.7,12.002658523948437,40,21.0,1,351,0.2608695652173913,0.0,0.0,United Kingdom,Regular Customers,77.04318885009559
18213.0,207,1,232.48,232,15.466666666666667,25,15.498666666666667,25.2,5.390523254043242,15,15.0,1,0,1.0,0.0,0.0,United Kingdom,VIP Customers,1.8298505539832206
18214.0,501,5,1480.99,790,12.741935483870968,100,23.886935483870968,145.0,55.22168956715746,38,11.6,1,23,0.04838709677419355,0.0,0.0,United Kingdom,VIP Customers,86.47381625167205
18215.0,59,6,2223.99,1130,12.555555555555555,48,24.711,70.8,11.764317984500817,53,15.0,5,534,0.14444444444444443,0.0,0.0,United Kingdom,Regular Customers,26.505593180211378
18216.0,1,1,481.75,200,7.6923076923076925,24,18.528846153846153,30.0,5.880383203107143,26,26.0,1,0,0.0,0.0,0.0,United Kingdom,VIP Customers,93.10383893221956
18217.0,41,5,598.9499999999999,487,15.21875,72,18.717187499999998,76.32,20.136634282366412,25,6.4,2,455,0.0,303.85,5.719819852353825,United Kingdom,Regular Customers,62.294059540089876
18218.0,176,6,1086.1399999999999,990,24.146341463414632,100,26.49121951219512,145.0,35.65381741098153,25,6.833333333333333,4,453,0.0,0.0,0.0,United Kingdom,Regular Customers,32.3666770553468
18219.0,5,18,3054.83,1443,7.972375690607735,48,16.877513812154696,100.8,10.823925705279914,86,10.055555555555555,11,696,0.0,242.37,5.494582919054,United Kingdom,Regular Customers,27.389071845688335
18220.0,190,11,1771.6999999999998,1258,39.3125,144,55.365624999999994,177.0,64.70760218275697,17,2.8181818181818183,9,504,0.0,0.0,0.0,United Kingdom,Regular Customers,-68.02832585783713
18221.0,34,7,1207.39,787,10.220779220779221,48,15.680389610389613,46.5,9.814204319513316,65,11.0,5,326,0.2597402597402597,162.95,5.099561503290658,United Kingdom,Regular Customers,153.2558416005835
18222.0,63,1,443.0,335,17.63157894736842,64,23.31578947368421,51.0,11.433132804747531,19,19.0,1,0,0.0,0.0,0.0,United Kingdom,VIP Customers,69.77341012357618
18223.0,2,50,12922.66,6176,9.850079744816586,144,20.61030303030303,252.0,20.85606968150478,194,12.52,11,703,0.0430622009569378,574.92,6.355968762161047,United Kingdom,Regular Customers,1010.0899248136551
18224.0,234,1,158.95,69,6.9,12,15.895,23.8,3.7425815511043536,10,10.0,1,0,0.0,0.0,0.0,United Kingdom,VIP Customers,20.620003276780153
18225.0,13,31,11590.43,6446,12.208333333333334,120,21.95157196969697,244.8,26.20255617103297,238,16.838709677419356,11,691,0.03977272727272727,1052.82,6.960176936528471,United Kingdom,Regular Customers,736.6388865790481
18226.0,9,38,11748.58,7830,14.393382352941176,384,21.596654411764707,326.4,20.55624151029365,300,14.31578947368421,10,605,0.13970588235294118,0.0,0.0,United Kingdom,Regular Customers,983.9572727525552
18227.0,188,3,93.75,21,3.0,12,13.392857142857142,295.0,170.63971897092478,6,2.3333333333333335,2,266,0.0,0.0,0.0,United Kingdom,Regular Customers,108.92375776695854
18228.0,20,3,769.2,236,7.375,24,24.0375,83.4,15.27873052487061,23,10.666666666666666,2,29,0.0,0.0,0.0,United Kingdom,VIP Customers,87.55213080609818
18229.0,2,26,9464.81,2885,15.765027322404372,100,51.720273224043716,272.0,45.558412070269725,69,7.038461538461538,12,703,0.16939890710382513,685.7,6.531897515626631,United Kingdom,Regular Customers,319.0620511119637
18230.0,64,9,3546.22,1698,13.584,60,28.36976,162.72,24.38071856703902,42,13.88888888888889,8,431,0.08,651.24,6.480412592354655,United Kingdom,Regular Customers,121.69096482898988
18231.0,162,30,6821.37,2900,7.493540051679586,96,17.626279069767442,118.8,16.65175128428946,218,12.6,9,506,0.1524547803617571,0.0,0.0,United Kingdom,Regular Customers,607.0552996824894
18232.0,52,5,582.47,299,7.475,25,14.56175,35.4,7.671803146955806,31,8.0,4,115,0.0,0.0,0.0,United Kingdom,Regular Customers,239.3009903513269
18233.0,296,1,440.0,4,4.0,4,440.0,440.0,0.0,1,1.0,1,0,0.0,0.0,0.0,United Kingdom,VIP Customers,-5.955788788959666
18234.0,522,1,179.6,80,2.6666666666666665,6,5.986666666666666,25.5,5.3121840000676475,30,30.0,1,0,1.0,0.0,0.0,United Kingdom,VIP Customers,-39.43770218034467
18235.0,42,3,1796.48,1578,15.173076923076923,48,17.273846153846154,67.8,9.850630388156015,100,34.666666666666664,3,145,0.0,0.0,0.0,United Kingdom,Regular Customers,355.1050843723507
18236.0,50,11,1686.85,632,6.869565217391305,25,18.33532608695652,44.55,5.7831527678641566,75,8.363636363636363,7,523,0.10869565217391304,108.5,4.695924549256556,United Kingdom,Regular Customers,53.716536168017285
18237.0,35,4,861.35,537,10.132075471698114,48,16.25188679245283,34.8,5.777401950239389,39,13.25,4,69,0.0,125.75,4.842216642471293,United Kingdom,Regular Customers,274.38428591790546
18238.0,485,1,270.92,114,8.142857142857142,20,19.351428571428574,75.0,16.16596941210044,14,14.0,1,0,0.0,0.0,0.0,United Kingdom,VIP Customers,-9.487720364946597
18239.0,189,6,1712.26,844,8.791666666666666,24,17.836041666666667,51.0,7.75633764352422,85,16.0,5,204,0.0,0.0,0.0,United Kingdom,Regular Customers,241.21204456545914
18240.0,16,1,422.58,126,21.0,60,70.42999999999999,297.0,113.5196458768261,6,6.0,1,0,0.0,0.0,0.0,United Kingdom,VIP Customers,80.60557844221094
18241.0,20,22,2836.55,1395,8.942307692307692,24,18.183012820512822,59.4,8.444815276718556,100,7.090909090909091,7,567,0.0,117.53999999999999,4.775250456359692,United Kingdom,Regular Customers,279.29148452817356
18242.0,42,8,3605.21,2021,14.435714285714285,96,25.7515,207.5,23.288946089594283,113,17.5,4,625,0.0,0.0,0.0,United Kingdom,Regular Customers,175.11107404211342
18243.0,384,1,515.78,221,8.5,16,19.837692307692308,35.7,6.589562235956078,26,26.0,1,0,0.0,0.0,0.0,United Kingdom,VIP Customers,24.739243576212232
18244.0,401,2,568.64,856,45.05263157894737,500,29.928421052631577,160.0,37.92733128602028,19,9.5,2,72,0.15789473684210525,0.0,0.0,United Kingdom,VIP Customers,-130.5113097970703
18245.0,119,22,5341.98,4618,11.318627450980392,64,13.093088235294116,53.55,7.9624979888947935,291,18.545454545454547,10,491,0.1568627450980392,894.25,6.797103008878542,United Kingdom,Regular Customers,536.447408346424
18246.0,203,2,395.62,118,39.333333333333336,60,131.87333333333333,203.4,90.96120125269528,2,1.5,1,376,0.0,363.2,5.897703167293508,United Kingdom,Regular Customers,6.082027384086786
18247.0,380,6,721.43,305,6.48936170212766,24,15.349574468085105,79.6,18.366604495239486,28,7.833333333333333,3,221,0.0,0.0,0.0,United Kingdom,Regular Customers,159.15408630340497
18248.0,84,4,783.02,501,10.224489795918368,72,15.98,79.9,12.026803225850726,39,12.25,2,72,0.0,0.0,0.0,United Kingdom,Regular Customers,320.79602368134
18250.0,271,2,342.92,198,9.0,36,15.587272727272728,25.5,7.0257717297296525,21,11.0,1,9,0.0,0.0,0.0,United Kingdom,VIP Customers,34.754218711762974
18251.0,57,9,26278.86,39639,367.02777777777777,800,243.3227777777778,835.2,152.4731102497132,87,12.0,5,630,0.0,0.0,0.0,United Kingdom,Regular Customers,1570.8932762100683
18252.0,21,8,1457.19,926,6.859259259259259,96,10.794,81.6,14.99514753352693,125,16.375,5,680,0.0,0.0,0.0,United Kingdom,Regular Customers,7.7376097559478865
18253.0,613,1,317.88,128,18.285714285714285,36,45.41142857142857,75.6,20.088726049347038,7,7.0,1,0,1.0,0.0,0.0,United Kingdom,VIP Customers,-88.0587907350178
18254.0,551,1,267.9,188,11.75,24,16.74375,30.0,4.597241020438236,16,16.0,1,0,0.0,0.0,0.0,United Kingdom,VIP Customers,-27.718359158811495
18255.0,59,2,303.15,201,10.578947368421053,24,15.955263157894736,30.0,5.036297547053405,16,9.5,1,366,0.3157894736842105,0.0,0.0,United Kingdom,Regular Customers,69.88379610290187
18256.0,325,2,60.599999999999994,110,7.857142857142857,36,4.328571428571428,17.4,11.69687259789678,10,7.0,2,32,0.0,0.0,0.0,United Kingdom,VIP Customers,-39.91944201630932
18257.0,9,18,4496.8,2329,8.086805555555555,50,15.613888888888889,104.0,11.234221059020612,220,15.944444444444445,8,619,0.2222222222222222,0.0,0.0,United Kingdom,Regular Customers,337.70519256094656
18258.0,434,8,2040.97,1973,37.22641509433962,144,38.5088679245283,152.64,31.688413962566653,30,6.625,5,108,0.41509433962264153,0.0,0.0,United Kingdom,VIP Customers,3.128547395717888
18259.0,55,6,2871.5,938,13.211267605633802,36,40.443661971830984,118.8,30.758797730518694,49,11.833333333333334,4,646,0.0,1070.4,6.97672148344686,United Kingdom,Regular Customers,-2.6051762434483123
18260.0,143,32,9737.1,5208,12.13986013986014,160,22.6972027972028,295.0,30.55196939991677,212,13.40625,11,551,0.24475524475524477,0.0,0.0,United Kingdom,Regular Customers,716.730774199848
18261.0,13,2,324.24,146,6.9523809523809526,12,15.440000000000001,19.8,2.8199734041299043,19,10.5,2,52,0.0,0.0,0.0,United Kingdom,VIP Customers,30.12999144173432
18262.0,110,3,577.54,552,13.142857142857142,48,13.75095238095238,23.4,4.243082640057821,40,14.0,3,462,0.0,0.0,0.0,United Kingdom,Regular Customers,-0.21037665360407232
18263.0,126,2,811.4,1048,23.288888888888888,48,18.03111111111111,34.8,9.48032465454404,45,22.5,2,96,0.0,399.68,5.993163103743563,United Kingdom,Regular Customers,281.04444326428006
18264.0,469,1,603.25,241,6.694444444444445,24,16.756944444444443,39.8,5.741119263421149,36,36.0,1,0,0.0,0.0,0.0,United Kingdom,VIP Customers,23.779322104408493
18265.0,42,2,801.51,311,6.760869565217392,25,17.424130434782608,37.5,5.241946447683959,44,23.0,2,85,0.0,0.0,0.0,United Kingdom,VIP Customers,46.34833746085634
18266.0,404,1,251.1,138,9.857142857142858,12,17.935714285714287,29.7,6.446299730836303,14,14.0,1,0,0.0,0.0,0.0,United Kingdom,VIP Customers,-2.3545224230307156
18267.0,630,2,252.87,131,6.55,16,12.6435,35.4,9.754766864407749,18,10.0,1,13,0.0,0.0,0.0,United Kingdom,VIP Customers,-35.56613925962819
18268.0,104,8,1451.22,702,9.887323943661972,24,20.439718309859156,59.5,14.285511638602939,36,8.875,5,594,0.0,0.0,0.0,United Kingdom,Regular Customers,-32.22252100421562
18269.0,328,2,138.9,70,8.75,24,17.3625,39.6,20.33588928119798,7,4.0,1,8,0.0,0.0,0.0,United Kingdom,VIP Customers,2.4321078477802587
18270.0,8,4,400.35,205,10.789473684210526,24,21.071052631578947,53.2,19.132900080674546,18,4.75,4,394,0.3157894736842105,0.0,0.0,United Kingdom,Regular Customers,13.464876763979959
18271.0,580,2,680.85,319,15.19047619047619,72,32.42142857142857,90.0,22.820531169478567,19,10.5,2,121,0.0,0.0,0.0,United Kingdom,VIP Customers,-115.92496249253406
18272.0,16,10,3979.45,2617,12.52153110047847,48,19.04043062200957,70.8,10.024492376665616,138,20.9,7,599,0.0,367.88,5.9104713878984505,United Kingdom,Regular Customers,167.88562112757822
18273.0,66,3,306.0,120,40.0,60,102.0,153.0,51.0,1,1.0,3,494,0.3333333333333333,51.0,3.9512437185814275,United Kingdom,Regular Customers,-88.2340430214837
18275.0,548,2,741.85,417,21.94736842105263,48,39.044736842105266,59.4,13.830617552059815,19,9.5,2,152,0.0,0.0,0.0,United Kingdom,VIP Customers,-128.4093062393699
18276.0,14,8,1633.17,1241,12.793814432989691,48,16.836804123711342,99.0,13.874186728897524,81,12.125,5,685,0.0,-12.5,,United Kingdom,Regular Customers,-6.441173757171015
18277.0,28,8,1111.38,444,6.529411764705882,24,16.343823529411765,79.95,13.730316824013798,54,8.5,4,436,0.27941176470588236,0.0,0.0,United Kingdom,Regular Customers,116.00725620470513
18278.0,44,2,414.2,140,5.833333333333333,12,17.258333333333333,29.7,4.757960530079784,22,12.0,2,330,0.625,0.0,0.0,United Kingdom,Regular Customers,68.74242946788326
18279.0,489,1,231.34,630,48.46153846153846,144,17.795384615384616,51.84,11.79662141984208,13,13.0,1,0,0.0,0.0,0.0,United Kingdom,VIP Customers,-29.364631908779188
18280.0,248,3,472.45,192,6.0,12,14.7640625,25.5,7.308779898784131,28,10.666666666666666,2,116,0.0,0.0,0.0,United Kingdom,Regular Customers,216.62032412696593
18281.0,151,2,201.14,146,8.588235294117647,12,11.831764705882351,22.5,5.836594935506187,17,8.5,2,397,0.4117647058823529,0.0,0.0,United Kingdom,Regular Customers,-0.9526764689963727
18282.0,92,2,98.75999999999999,70,8.75,48,12.344999999999999,22.95,7.251933732263613,7,4.0,1,4,0.0,77.84,4.367420482284519,United Kingdom,Regular Customers,290.6622795126229
18283.0,13,17,1819.19,1102,1.6229749631811488,13,2.679219440353461,21.9,2.3129384974687164,318,39.11764705882353,11,614,0.14580265095729014,845.71,6.741358251137127,United Kingdom,Regular Customers,232.96533915852675
18284.0,400,2,436.68,493,17.0,50,15.05793103448276,50.0,12.160097914111882,28,14.5,1,2,0.0,0.0,0.0,United Kingdom,VIP Customers,36.04395907315168
18285.0,631,1,427.0,145,12.083333333333334,80,35.583333333333336,204.0,54.485691755364606,12,12.0,1,0,0.0,0.0,0.0,United Kingdom,VIP Customers,-28.296789847236965
18286.0,447,3,1188.43,592,8.457142857142857,36,16.97757142857143,74.85,16.17305349134648,67,23.333333333333332,3,247,0.0,0.0,0.0,United Kingdom,Regular Customers,137.9372678095046
18287.0,13,8,4177.89,3011,19.30128205128205,60,26.781346153846155,122.4,23.288881331228634,121,19.25,5,695,0.1858974358974359,0.0,0.0,United Kingdom,Regular Customers,126.26002256727051
