Recency,Frequency,Monetary,TotalQuantity,AvgQuantity,MedianQuantity,MaxQuantity,MinQuantity,QuantitySTD,AvgRevenue,MedianRevenue,MaxRevenue,MinRevenue,RevenueSTD,RevenueRange,UniqueProducts,AvgProductsPerInvoice,ActiveMonths,PurchaseSpan,WeekendPurchaseRate,AvgDaysBetweenPurchases,CancelledTransactions,CancelledRevenue,CancellationRate,Actual,Predicted,Probability
365,4,930.7,427,3.4715447154471546,2.0,36,1,5.498621590687462,232.675,227.03000000000003,285.94,190.7,40.1534170401474,95.23999999999998,108,30.25,4,209,16.260162601626014,69.33333333333333,0.0,0.0,0.0,1,1,0.95
39,5,1826.89,1297,20.265625,10.0,144,2,36.62258917250953,365.378,350.01,456.48,318.7,53.494663472163296,137.78000000000003,48,12.8,3,495,0.0,123.5,0.0,0.0,0.0,0,0,0.1
514,2,575.37,254,4.618181818181818,2.0,24,1,4.927214332403358,287.685,287.685,366.35,209.02,111.24910988407952,157.33,48,24.0,2,175,0.0,175.0,0.0,0.0,0.0,1,1,1.0
677,1,91.14,82,10.25,12.0,12,4,3.284161123592186,91.14,91.14,91.14,91.14,0.0,0.0,8,8.0,1,0,100.0,0.0,0.0,0.0,0.0,1,1,1.0
64,1,600.39,345,11.89655172413793,6.0,96,1,18.970550160683658,600.39,600.39,600.39,600.39,0.0,0.0,29,29.0,1,0,0.0,0.0,0.0,0.0,0.0,0,0,0.24
509,1,173.66,103,7.357142857142857,8.0,12,2,2.706321456179185,173.66,173.66,173.66,173.66,0.0,0.0,14,14.0,1,0,100.0,0.0,0.0,0.0,0.0,1,1,1.0
213,3,192.55,47,4.2727272727272725,4.0,12,3,2.6111648393354674,64.18333333333334,74.85000000000001,85.0,32.7,27.733658852256283,52.3,10,3.6666666666666665,2,190,0.0,95.0,2.0,-37.85,40.0,1,1,0.85
33,7,2365.77,799,4.118556701030927,2.0,24,1,3.88851983499262,337.96714285714285,303.35,527.05,197.05,115.59341773565448,329.99999999999994,130,27.571428571428573,7,692,19.072164948453608,115.0,0.0,0.0,0.0,0,0,0.01
353,1,1141.24,688,12.74074074074074,9.0,50,1,11.676755146944938,1141.24,1141.24,1141.24,1141.24,0.0,0.0,54,54.0,1,0,0.0,0.0,0.0,0.0,0.0,1,1,0.98
78,1,440.42,285,9.827586206896552,8.0,25,1,7.126755250048136,440.42,440.42,440.42,440.42,0.0,0.0,29,29.0,1,0,0.0,0.0,2.0,-29.7,66.66666666666666,0,1,0.55
2,5,501.72,243,2.042016806722689,1.0,20,1,2.485193298021041,100.344,113.06,162.11,21.41,51.26634646627357,140.70000000000002,95,21.8,3,638,0.0,159.0,0.0,0.0,0.0,0,0,0.04
227,2,1998.0,840,168.0,160.0,320,80,91.21403400793103,999.0,999.0,1182.0,816.0,258.8010819142764,366.0,4,2.5,2,26,0.0,26.0,0.0,0.0,0.0,1,1,0.72
260,5,2460.79,1147,8.62406015037594,6.0,24,1,7.535372649448165,492.158,512.73,940.3,38.7,320.1908367208532,901.6,100,26.6,4,434,0.0,108.25,4.0,-76.65,44.44444444444444,1,1,0.82
32,18,9266.0,4980,9.920318725099602,10.0,48,1,6.639988449146459,514.7777777777778,468.225,1001.82,282.31,194.8691642692772,719.51,304,27.88888888888889,9,591,0.0,34.411764705882355,3.0,-118.85,14.285714285714285,0,0,0.07
3,6,3543.26,2004,12.21951219512195,12.0,60,1,8.850530316153435,590.5433333333334,516.585,1051.84,337.75,258.7484765301367,714.0900000000001,113,27.33333333333333,4,175,21.951219512195124,34.6,0.0,0.0,0.0,0,0,0.07
4,13,2153.41,2420,16.923076923076923,12.0,60,1,12.727411320318692,165.64692307692306,129.87,310.01,104.1,72.17409338821138,205.91,106,11.0,6,717,6.993006993006993,59.16666666666666,3.0,-59.85,18.75,0,0,0.01
1,3,1316.66,632,8.901408450704226,10.0,24,2,4.802246288613175,438.8866666666666,519.28,520.3,277.08,140.12961190745278,243.22,64,23.666666666666668,3,93,0.0,46.5,0.0,0.0,0.0,0,0,0.06
32,6,922.16,467,5.188888888888889,3.0,36,1,5.721817980218487,153.69333333333336,173.21,318.35,7.65,118.4726995837719,310.70000000000005,67,14.666666666666666,3,405,0.0,80.6,5.0,-105.2,45.45454545454545,0,0,0.2
169,8,1738.16,960,4.403669724770642,3.0,24,1,4.73075878025496,217.27,205.74,344.81,148.04000000000002,61.11069067099238,196.77,127,27.0,5,491,0.0,69.71428571428571,1.0,-13.0,11.11111111111111,1,1,0.82
656,1,325.74,370,46.25,24.0,144,10,48.819638905435816,325.74,325.74,325.74,325.74,0.0,0.0,8,8.0,1,0,0.0,0.0,0.0,0.0,0.0,1,1,0.96
92,5,2582.66,1875,23.14814814814815,20.0,48,1,15.64777229441232,516.5319999999999,715.02,715.02,205.8,271.9462934478056,509.22,42,16.2,3,427,0.0,106.5,3.0,-1430.04,37.5,1,0,0.33
23,2,484.82,294,12.782608695652174,10.0,100,2,19.66297055551866,242.41,242.41,245.83,238.99,4.836610383315968,6.839999999999975,21,11.5,2,50,0.0,50.0,0.0,0.0,0.0,0,0,0.1
7,16,11959.27,6760,13.938144329896907,12.0,60,1,9.308991513351742,747.454375,653.69,1489.18,300.78000000000003,363.4614129169468,1188.4,290,30.3125,10,381,0.0,24.933333333333334,8.0,-108.65,33.33333333333333,0,0,0.1
177,1,46.95,2,1.0,1.0,1,1,0.0,46.95,46.95,46.95,46.95,0.0,0.0,2,2.0,1,0,0.0,0.0,0.0,0.0,0.0,1,1,0.85
2,3,1292.01,670,4.32258064516129,2.0,64,1,6.927205433304787,430.67,454.48,568.28,269.25,150.93019015425642,299.03,122,46.0,3,548,0.0,273.5,0.0,0.0,0.0,0,0,0.08
423,7,1295.25,573,9.71186440677966,8.0,24,1,7.071191792096141,185.03571428571428,4.95,1244.7,4.95,467.332631996281,1239.75,49,8.428571428571429,2,28,0.0,6.75,3.0,-81.3,30.0,1,1,0.84
61,1,104.82,62,10.333333333333334,12.0,12,2,4.0824829046386295,104.82,104.82,104.82,104.82,0.0,0.0,6,6.0,1,0,0.0,0.0,0.0,0.0,0.0,0,0,0.08
112,1,135.95,73,14.6,12.0,24,1,9.6850400102426,135.95,135.95,135.95,135.95,0.0,0.0,5,5.0,1,0,0.0,0.0,0.0,0.0,0.0,1,1,0.75
217,6,942.38,614,2.951923076923077,2.0,72,1,6.564256613124074,157.06333333333333,153.23000000000002,202.84,123.72,28.13447256777114,79.12,142,34.5,5,464,0.0,92.0,0.0,0.0,0.0,1,1,0.88
632,5,34095.26,220600,3501.5873015873017,2520.0,19152,4,3932.550615448192,6819.051999999999,6866.3,16973.1,429.66,6320.969125104155,16543.44,58,12.6,4,92,0.0,22.5,3.0,-3684.0,37.5,1,1,0.82
436,1,149.75,33,4.714285714285714,4.0,12,2,3.4982989063393704,149.75,149.75,149.75,149.75,0.0,0.0,7,7.0,1,0,0.0,0.0,2.0,-31.8,66.66666666666666,1,1,1.0
522,1,13.919999999999998,48,48.0,48.0,48,48,0.0,13.919999999999998,13.919999999999998,13.919999999999998,13.919999999999998,0.0,0.0,1,1.0,1,0,0.0,0.0,0.0,0.0,0.0,1,1,1.0
157,2,513.32,215,7.962962962962963,6.0,25,2,6.375925160509778,256.66,256.66,316.1,197.22,84.0608541474568,118.88000000000002,25,13.5,2,231,0.0,231.0,0.0,0.0,0.0,1,1,0.81
5,30,8898.24,7419,28.75581395348837,24.0,144,2,25.99263711063677,296.608,283.05,1027.04,15.3,199.49484337644697,1011.74,100,8.6,12,634,5.038759689922481,21.379310344827587,2.0,-15.94,6.25,0,0,0.01
503,2,736.9300000000001,271,6.609756097560975,6.0,24,1,4.81600482132487,368.465,368.465,469.7000000000001,267.23,143.1679099868403,202.47000000000003,41,20.5,2,61,39.02439024390244,61.0,1.0,-9.95,33.33333333333333,1,1,0.92
517,3,784.48,341,2.3846153846153846,1.0,16,1,2.7371288465945915,261.49333333333334,179.0,532.29,73.19,240.41020159995983,459.1,114,43.66666666666666,3,129,27.972027972027973,64.5,0.0,0.0,0.0,1,1,0.95
212,10,1543.97,1264,12.767676767676768,10.0,96,1,13.250204682922924,154.397,128.075,360.22,9.9,95.7324453359466,350.32000000000005,53,9.9,5,461,7.07070707070707,50.77777777777778,2.0,-44.55,16.666666666666664,1,1,0.88
263,3,573.45,247,4.94,3.0,24,1,5.715749812436452,191.15,200.29,232.41,140.75,46.50853255049012,91.66,48,16.666666666666668,3,337,52.0,168.5,0.0,0.0,0.0,1,1,0.87
199,3,820.45,750,15.0,12.0,50,1,10.119691856242763,273.4833333333333,327.97,472.68,19.8,231.30428278208197,452.88,49,16.666666666666668,2,228,0.0,114.0,1.0,-19.8,25.0,1,1,0.92
143,5,1356.9900000000002,5187,648.375,433.5,1728,288,504.4295044899733,271.398,305.28000000000003,354.24,49.470000000000006,127.1079069924448,304.77,2,1.6,5,554,12.5,138.25,0.0,0.0,0.0,1,1,0.68
135,4,1508.0,806,8.76086956521739,6.0,24,1,6.269356076119256,377.0,244.835,868.33,150.00000000000003,330.69056220783403,718.33,87,23.0,3,299,0.0,99.0,0.0,0.0,0.0,1,1,0.64
9,11,1543.18,190,2.5675675675675675,2.0,27,1,3.314894081165292,140.2890909090909,129.61,299.75,30.6,82.68155192720388,269.15,54,6.727272727272728,9,560,0.0,55.7,0.0,0.0,0.0,0,0,0.02
64,2,716.54,387,9.923076923076923,8.0,48,2,7.881973488465593,358.27000000000004,358.27000000000004,385.7000000000001,330.84000000000003,38.79187801589401,54.860000000000014,34,19.5,2,413,0.0,413.0,1.0,-31.35,33.33333333333333,0,0,0.2
22,4,699.78,531,17.7,12.0,50,6,9.176995226069932,174.945,155.62,265.44,123.1,63.34490008411621,142.33999999999995,27,7.5,3,653,0.0,217.33333333333331,0.0,0.0,0.0,0,0,0.01
2,2,490.33,368,2.9206349206349205,1.0,100,1,9.207477982251753,245.165,245.165,251.02,239.31,8.280220407694467,11.710000000000008,122,62.0,2,16,0.0,16.0,1.0,-52.5,33.33333333333333,0,0,0.12
64,1,145.35000000000002,73,10.428571428571429,12.0,16,3,4.391550328268399,145.35000000000002,145.35000000000002,145.35000000000002,145.35000000000002,0.0,0.0,7,7.0,1,0,0.0,0.0,0.0,0.0,0.0,0,0,0.1
677,1,106.68,100,14.285714285714286,12.0,24,4,7.250615737399725,106.68,106.68,106.68,106.68,0.0,0.0,7,7.0,1,0,100.0,0.0,0.0,0.0,0.0,1,1,1.0
130,4,1918.49,1032,9.297297297297296,6.0,36,1,6.904010158259927,479.6225,525.1800000000001,671.93,196.2,204.88237721108823,475.73,106,27.75,4,564,6.306306306306306,188.0,2.0,-102.95,33.33333333333333,1,1,0.62
17,2,1054.73,1016,15.63076923076923,4.0,144,1,26.510357192266163,527.365,527.365,699.1,355.63,242.86996613414348,343.47,48,32.0,2,21,0.0,21.0,0.0,0.0,0.0,0,0,0.1
199,8,1124.66,650,11.016949152542374,10.0,48,1,10.049003253752169,140.5825,137.9,270.52,9.9,74.02395765657802,260.62,49,7.375,5,530,0.0,75.42857142857143,2.0,-26.07,20.0,1,1,0.87
302,2,167.25,187,37.4,1.0,168,1,73.2959753328926,83.625,83.625,160.4,6.85,108.57624625119438,153.55,3,2.5,1,7,0.0,7.0,0.0,0.0,0.0,1,1,0.92
172,3,397.52,507,8.45,6.0,50,1,10.509761402894108,132.50666666666666,132.9,151.5,113.12,19.19302303789929,38.38,48,19.666666666666668,3,399,38.333333333333336,199.0,0.0,0.0,0.0,1,1,0.78
253,2,261.69,97,3.4642857142857144,2.0,12,1,2.781980946990469,130.845,130.845,203.2,58.49,102.32542230550528,144.70999999999998,27,13.5,1,391,0.0,391.0,0.0,0.0,0.0,1,1,0.92
54,6,4412.56,2584,29.03370786516854,16.0,200,1,35.98940798668226,735.4266666666667,626.85,1311.22,312.96,385.7337574372597,998.26,55,14.833333333333334,6,684,10.112359550561797,136.4,1.0,-10.2,14.285714285714285,0,0,0.04
158,3,907.14,608,15.58974358974359,6.0,144,1,27.554460856464207,302.38000000000005,289.96000000000004,369.09,248.09,61.44869648739508,121.00000000000004,35,13.0,2,461,0.0,230.0,1.0,-90.6,25.0,1,1,0.87
138,7,686.14,244,3.8125,2.0,28,1,4.410935185008865,98.02,119.0,134.57,11.22,45.54914561950275,123.35,60,9.0,5,596,3.125,99.0,1.0,-30.6,12.5,1,1,0.64
60,3,1134.03,757,10.814285714285717,9.0,48,2,9.02218338101496,378.01,369.85,416.69,347.49,35.31429172445626,69.19999999999999,57,23.33333333333333,3,491,32.857142857142854,245.5,4.0,-26.450000000000003,57.14285714285714,0,0,0.23
12,36,11243.91,8511,5.349465744814582,3.0,250,1,9.647096772059776,312.3308333333333,262.925,947.39,8.850000000000001,220.1722787841376,938.54,667,43.36111111111112,10,721,63.48208673790069,20.228571428571428,10.0,-368.27,21.73913043478261,0,0,0.0
64,2,848.4,443,8.054545454545455,6.0,24,1,5.973454183481688,424.2000000000001,424.2000000000001,454.66,393.74,43.076945109884505,60.920000000000016,52,27.5,2,466,58.18181818181818,466.0,1.0,-4.2,33.33333333333333,0,0,0.25
33,2,659.4100000000001,287,11.48,8.0,48,2,10.21077861869505,329.70500000000004,329.70500000000004,560.4100000000001,99.0,326.266139907285,461.4100000000001,24,12.5,2,37,4.0,37.0,0.0,0.0,0.0,0,0,0.13
218,4,1091.7,254,14.11111111111111,12.0,25,3,7.283251446571574,272.92499999999995,203.025,583.65,102.0,213.0404363025949,481.65,15,4.5,4,312,27.77777777777778,103.66666666666669,2.0,-175.2,33.33333333333333,1,1,0.88
170,4,753.18,352,2.816,1.0,24,1,4.004803567330516,188.295,204.23,231.23,113.49,54.14470395769716,117.74,111,30.75,3,435,0.0,144.66666666666666,0.0,0.0,0.0,1,1,0.85
46,1,393.54,81,4.05,2.5,12,1,3.203205631205944,393.54,393.54,393.54,393.54,0.0,0.0,20,20.0,1,0,0.0,0.0,1.0,-25.85,50.0,0,0,0.07
61,4,959.37,524,7.705882352941177,6.0,48,1,7.31193835404917,239.8425,242.16,320.05,155.0,79.45333572817025,165.05,61,17.0,3,495,42.64705882352941,164.33333333333334,2.0,-21.1,33.33333333333333,0,0,0.09
180,3,939.66,661,11.203389830508474,12.0,36,1,6.03661146390106,313.22,376.58,408.18,154.9,138.01650915741928,253.28,56,19.666666666666668,3,234,0.0,116.5,1.0,-15.3,25.0,1,1,0.78
40,7,1128.52,265,29.444444444444443,24.0,72,1,25.39247482577817,161.21714285714285,118.8,306.0,85.92,95.86566672768129,220.08,5,1.2857142857142858,6,560,11.11111111111111,93.16666666666669,1.0,-3.75,12.5,0,0,0.19
8,12,4608.75,2325,9.768907563025213,10.0,48,1,7.525565405105774,384.0625,368.1950000000001,700.31,6.3,170.78891038754136,694.01,109,19.83333333333333,9,415,9.243697478991598,37.18181818181818,5.0,-59.93,29.411764705882355,0,0,0.09
565,1,91.8,48,8.0,9.0,12,3,4.516635916254486,91.8,91.8,91.8,91.8,0.0,0.0,6,6.0,1,0,0.0,0.0,0.0,0.0,0.0,1,1,1.0
411,1,355.45,81,3.5217391304347827,3.0,9,1,2.3133911593430287,355.45,355.45,355.45,355.45,0.0,0.0,23,23.0,1,0,100.0,0.0,0.0,0.0,0.0,1,1,0.95
267,5,3365.86,2210,14.258064516129032,12.0,108,1,15.188785468949936,673.1719999999999,583.41,1299.85,223.0,394.858393186722,1076.85,142,31.0,4,269,0.0,67.0,0.0,0.0,0.0,1,1,0.81
30,6,1785.11,1087,5.4623115577889445,3.0,30,1,5.5247228262132655,297.5183333333334,192.465,871.7,125.4,283.7580995437252,746.3000000000001,158,32.0,5,481,25.628140703517587,95.8,0.0,0.0,0.0,0,0,0.05
4,2,1053.49,708,10.26086956521739,8.0,36,2,7.502258824382874,526.745,526.745,677.9,375.59,213.76545102050517,302.30999999999995,60,34.5,2,129,0.0,129.0,0.0,0.0,0.0,0,0,0.11
537,2,449.49,273,10.92,12.0,24,2,7.094129028053174,224.745,224.745,257.04,192.45,45.67202699683913,64.59000000000003,25,12.5,2,150,0.0,150.0,0.0,0.0,0.0,1,1,0.98
134,1,115.8,30,4.285714285714286,4.0,12,2,3.5456210417116734,115.8,115.8,115.8,115.8,0.0,0.0,7,7.0,1,0,0.0,0.0,0.0,0.0,0.0,1,1,0.81
449,1,157.2,108,9.818181818181818,12.0,24,2,8.35246289208377,157.2,157.2,157.2,157.2,0.0,0.0,11,11.0,1,0,0.0,0.0,0.0,0.0,0.0,1,1,1.0
18,7,878.09,486,6.151898734177215,2.0,50,1,9.524716305883471,125.44142857142856,125.43,262.95,17.65,96.4411880247182,245.3,69,11.0,5,663,79.74683544303798,110.16666666666669,2.0,-21.45,22.22222222222222,0,0,0.01
3,18,5088.29,4541,8.137992831541219,4.0,72,1,10.03140262839384,282.6827777777778,244.505,701.93,5.2,173.7449343419172,696.7299999999999,329,30.22222222222222,7,726,0.0,42.294117647058826,4.0,-63.1,18.181818181818183,0,0,0.0
40,7,1236.39,347,1.70935960591133,1.0,10,1,1.349463070248386,176.62714285714287,175.55,274.35,75.9,70.63662994846365,198.45,149,28.714285714285715,4,381,64.5320197044335,63.16666666666666,0.0,0.0,0.0,0,0,0.1
44,2,1178.79,611,5.657407407407407,4.0,24,1,5.0532899194522845,589.395,589.395,613.33,565.46,33.84920161539999,47.870000000000005,95,51.5,2,438,0.0,438.0,0.0,0.0,0.0,0,0,0.2
11,18,6126.25,2884,9.645484949832776,10.0,40,1,6.770053831009968,340.34722222222223,329.64,614.2,17.4,129.54501960166118,596.8000000000001,203,16.61111111111111,9,672,0.0,39.05882352941177,2.0,-25.6,10.0,0,0,0.01
176,3,674.45,459,11.76923076923077,6.0,120,2,19.1221303845922,224.8166666666667,212.56,303.49,158.4,73.31743607992122,145.09,38,13.0,3,118,51.28205128205128,58.5,0.0,0.0,0.0,1,1,0.68
43,1,219.39,120,10.909090909090908,12.0,24,1,7.516043446582056,219.39,219.39,219.39,219.39,0.0,0.0,11,11.0,1,0,0.0,0.0,0.0,0.0,0.0,0,0,0.02
22,18,2255.66,1852,11.432098765432098,12.0,48,1,8.240090260020844,125.31444444444443,105.97,278.76,55.2,56.72194359299864,223.56,122,9.0,11,601,3.08641975308642,35.0,1.0,-1.7,5.263157894736842,0,0,0.03
420,1,124.45,44,1.2571428571428571,1.0,3,1,0.505432670960188,124.45,124.45,124.45,124.45,0.0,0.0,35,35.0,1,0,0.0,0.0,0.0,0.0,0.0,1,1,1.0
18,2,971.74,800,12.307692307692308,12.0,36,3,7.143447777778331,485.87,485.87,939.89,31.85,642.0812415886326,908.04,65,32.5,1,0,0.0,0.0,0.0,0.0,0.0,0,0,0.16
725,1,431.98,180,8.571428571428571,10.0,24,2,5.408987230262506,431.98,431.98,431.98,431.98,0.0,0.0,21,21.0,1,0,0.0,0.0,0.0,0.0,0.0,1,1,1.0
408,1,245.15,45,6.428571428571429,4.0,12,2,4.2370250120079485,245.15,245.15,245.15,245.15,0.0,0.0,7,7.0,1,0,0.0,0.0,0.0,0.0,0.0,1,1,0.94
428,1,239.9,118,8.428571428571429,10.0,12,1,3.71513092665626,239.9,239.9,239.9,239.9,0.0,0.0,14,14.0,1,0,0.0,0.0,0.0,0.0,0.0,1,1,0.99
5,10,3965.2,2089,6.090379008746356,4.0,144,1,9.276487010686813,396.52,364.28,679.25,194.98,178.94520086079737,484.27,259,33.5,6,599,11.661807580174926,66.11111111111111,0.0,0.0,0.0,0,0,0.04
528,1,316.48,192,9.142857142857142,6.0,25,1,7.101307726649468,316.48,316.48,316.48,316.48,0.0,0.0,21,21.0,1,0,0.0,0.0,1.0,-4.7,50.0,1,1,0.99
24,3,666.64,616,11.0,4.5,96,1,18.05547008526779,222.21333333333328,265.96,308.48,92.2,114.58441313430606,216.28,53,18.666666666666668,2,489,0.0,244.5,0.0,0.0,0.0,0,0,0.07
59,14,3429.29,1725,3.7017167381974247,2.0,48,1,4.780682145641426,244.9492857142857,218.12,564.5500000000001,13.5,125.62497733420604,551.0500000000001,224,31.857142857142858,10,677,25.75107296137339,51.69230769230769,0.0,0.0,0.0,0,0,0.01
22,6,2812.34,1253,9.145985401459852,6.0,25,1,6.292549452919093,468.72333333333336,401.165,1110.51,35.04,356.86181228406423,1075.47,131,22.83333333333333,4,248,10.218978102189782,49.6,1.0,-50.85,14.285714285714285,0,0,0.01
5,3,1230.02,700,9.45945945945946,10.0,36,1,7.339495688675576,410.00666666666666,389.62,619.5,220.9,200.08048913708035,398.6,68,24.666666666666668,3,396,25.675675675675677,198.0,0.0,0.0,0.0,0,0,0.07
52,11,4877.3,3489,14.783898305084746,12.0,48,1,11.533112147307865,443.39090909090913,363.24,799.36,163.26,211.33857051918116,636.1,102,21.454545454545453,8,678,29.23728813559322,67.4,2.0,-23.6,15.384615384615383,0,0,0.02
58,5,846.87,362,7.387755102040816,6.0,25,1,6.231025619599782,169.374,167.52,215.65000000000003,103.95,41.82761802923998,111.70000000000005,31,9.8,4,677,12.244897959183673,169.0,0.0,0.0,0.0,0,0,0.02
458,1,258.6,180,18.0,12.0,36,12,8.48528137423857,258.6,258.6,258.6,258.6,0.0,0.0,10,10.0,1,0,0.0,0.0,0.0,0.0,0.0,1,1,0.99
66,8,2995.91,1094,13.023809523809524,10.0,100,1,18.026069602458524,374.48875,207.675,743.28,160.0,256.7429946985618,583.28,63,10.5,3,368,0.0,52.142857142857146,6.0,-523.6,42.85714285714285,0,0,0.1
21,1,166.07999999999998,150,18.75,24.0,24,3,8.892211680534183,166.07999999999998,166.07999999999998,166.07999999999998,166.07999999999998,0.0,0.0,8,8.0,1,0,0.0,0.0,0.0,0.0,0.0,0,0,0.07
29,10,2681.9,2422,15.232704402515724,12.0,100,1,13.602026546960603,268.19,324.17499999999995,525.1800000000001,1.25,180.69529404190052,523.9300000000001,129,15.9,8,616,0.0,68.0,6.0,-480.07,37.5,0,0,0.02
113,12,2551.41,1969,14.064285714285717,10.0,96,1,11.891119178339084,212.6175,223.81,415.3,1.65,137.51740155175074,413.65,74,11.666666666666666,6,524,5.0,47.27272727272727,5.0,-80.35,29.411764705882355,1,1,0.55
13,9,2499.81,1344,6.222222222222222,3.0,48,1,8.415747512939678,277.75666666666666,242.65,421.27,131.25,95.3669730567139,290.02,116,23.33333333333333,6,678,29.166666666666668,84.25,1.0,-1.95,10.0,0,0,0.03
74,2,927.03,1126,102.36363636363636,18.0,648,1,199.0649505700452,463.515,463.515,512.31,414.72,69.00655077599511,97.58999999999992,10,5.5,2,536,0.0,536.0,0.0,0.0,0.0,0,0,0.34
456,1,347.8,198,9.428571428571429,8.0,24,2,6.779169776391712,347.8,347.8,347.8,347.8,0.0,0.0,21,21.0,1,0,0.0,0.0,0.0,0.0,0.0,1,1,0.99
6,2,774.52,410,8.72340425531915,1.0,144,1,22.10321846292937,387.2600000000001,387.2600000000001,635.6800000000001,138.84,351.31893316472434,496.84,46,23.5,2,403,21.27659574468085,403.0,0.0,0.0,0.0,0,0,0.1
477,2,328.95,101,5.941176470588236,6.0,12,2,3.306633262007108,164.475,164.475,272.95,56.0,153.40681617842148,216.95,17,8.5,2,146,0.0,146.0,2.0,-65.30000000000001,50.0,1,1,0.98
72,8,3605.21,2021,14.435714285714283,12.0,96,1,12.00671917059448,450.65125,320.4,1225.49,307.9,315.8816756516592,917.59,113,17.5,4,625,0.0,88.85714285714286,0.0,0.0,0.0,0,0,0.1
37,2,778.5,744,14.037735849056604,12.0,72,3,11.50244499786382,389.25,389.25,551.58,226.92,229.5692875800245,324.66,53,26.5,2,31,0.0,31.0,0.0,0.0,0.0,0,0,0.09
57,3,1003.88,519,7.984615384615385,6.0,32,1,5.585954226037358,334.62666666666667,319.51,365.82,318.55,27.018483179729632,47.26999999999998,56,21.666666666666668,3,328,0.0,164.0,0.0,0.0,0.0,0,0,0.19
43,19,6775.71,2135,8.18007662835249,6.0,48,1,6.4457906355374615,356.6163157894737,373.65,556.75,111.0,127.55406236008874,445.75,110,13.736842105263158,12,693,20.689655172413797,38.11111111111112,5.0,-85.35,20.833333333333336,0,0,0.04
17,6,1006.63,442,9.404255319148936,10.0,50,1,6.835519682123617,167.77166666666668,152.95,277.88,91.15,75.7325875476777,186.73,24,7.833333333333333,5,573,0.0,114.0,1.0,-19.9,14.285714285714285,0,0,0.05
480,2,360.0,1500,125.0,85.0,216,50,82.67130974253071,180.0,180.0,240.0,120.0,84.8528137423857,120.0,6,6.0,2,157,0.0,157.0,0.0,0.0,0.0,1,1,0.94
466,2,325.37,270,4.090909090909091,2.0,25,1,5.753199170835361,162.685,162.685,178.28,147.09,22.054660505208417,31.19,60,31.5,2,34,0.0,34.0,0.0,0.0,0.0,1,1,0.97
15,14,3902.01,2359,10.256521739130434,10.0,48,2,6.082355186720786,278.71500000000003,300.895,481.83,62.95,111.93433842762803,418.88,146,16.428571428571427,8,706,5.652173913043479,53.92307692307692,4.0,-65.75,22.22222222222222,0,0,0.0
8,11,4627.92,2716,17.41025641025641,12.0,120,2,16.884377889280472,420.72,421.2,799.38,171.26,198.60490930488095,628.12,86,14.181818181818182,7,715,7.6923076923076925,71.1,3.0,-11.15,21.428571428571427,0,0,0.0
730,1,347.54,169,18.77777777777778,24.0,25,8,6.741249472052228,347.54,347.54,347.54,347.54,0.0,0.0,9,9.0,1,0,0.0,0.0,0.0,0.0,0.0,1,1,0.99
129,11,6103.74,3850,11.0,10.0,96,1,9.01574553887678,554.8854545454546,490.87,1233.44,300.65000000000003,258.99745270421624,932.79,204,31.818181818181817,9,530,12.0,52.5,4.0,-49.25,26.666666666666668,1,0,0.5
78,1,259.17,127,8.466666666666667,10.0,20,3,5.083118652765764,259.17,259.17,259.17,259.17,0.0,0.0,15,15.0,1,0,0.0,0.0,0.0,0.0,0.0,0,0,0.23
107,1,156.51,89,7.416666666666667,6.0,16,2,4.640892025018335,156.51,156.51,156.51,156.51,0.0,0.0,12,12.0,1,0,0.0,0.0,0.0,0.0,0.0,1,1,0.62
58,2,641.4,228,9.91304347826087,12.0,24,1,5.953708114797495,320.7,320.7,355.56,285.84,49.29948478432611,69.72000000000003,23,11.5,2,565,0.0,565.0,1.0,-5.95,33.33333333333333,0,0,0.12
489,1,93.3,26,6.5,6.0,8,6,1.0,93.3,93.3,93.3,93.3,0.0,0.0,4,4.0,1,0,100.0,0.0,0.0,0.0,0.0,1,1,1.0
25,17,4904.43,3663,14.30859375,12.0,192,1,16.673405041015606,288.4958823529412,220.8,670.63,34.65,169.58265742915842,635.98,200,15.058823529411764,11,711,4.296875,44.0,5.0,-389.73,22.727272727272727,0,0,0.0
579,1,214.71,251,17.928571428571427,12.0,60,1,17.295905632500183,214.71,214.71,214.71,214.71,0.0,0.0,14,14.0,1,0,0.0,0.0,0.0,0.0,0.0,1,1,0.98
74,1,704.04,262,13.789473684210526,9.0,36,2,9.34272710227599,704.04,704.04,704.04,704.04,0.0,0.0,19,19.0,1,0,0.0,0.0,1.0,-60.45,50.0,0,0,0.22
1,19,10271.52,6067,10.990942028985508,12.0,96,1,10.139047331019926,540.6063157894737,420.41,1285.98,255.05,317.6588419849636,1030.93,317,29.05263157894737,12,721,5.978260869565218,39.55555555555556,2.0,-70.6,9.523809523809524,0,0,0.0
101,4,2351.42,1514,21.323943661971832,12.0,100,6,19.221100494647857,587.855,524.04,979.64,323.7,316.57263826806,655.94,61,17.75,3,287,0.0,71.5,0.0,0.0,0.0,1,0,0.42
29,10,1249.62,753,20.35135135135135,6.0,144,1,32.014941144041735,124.96200000000002,124.46,190.9,76.32000000000001,37.45500227680616,114.58,23,3.6,7,605,0.0,66.77777777777777,3.0,-20.4,23.07692307692308,0,0,0.12
462,2,859.2,331,10.34375,12.0,16,1,5.397785537577184,429.6,429.6,568.51,290.69,196.44840594924665,277.82,21,16.0,2,255,0.0,255.0,1.0,-91.05,33.33333333333333,1,1,0.99
67,4,999.45,319,6.254901960784314,6.0,24,1,4.560013759869162,249.8625,217.775,479.25,84.65,166.4177192839352,394.6,41,12.75,4,335,7.84313725490196,111.33333333333331,2.0,-63.95,33.33333333333333,0,0,0.3
148,13,6676.91,3005,4.7248427672955975,2.0,60,1,5.896862569554707,513.6084615384615,486.15,969.99,69.69999999999999,241.02645435187375,900.29,515,48.61538461538461,8,542,0.0,44.75,1.0,-15.9,7.142857142857142,1,1,0.6
43,11,6258.45,3425,14.21161825726141,12.0,72,1,11.866656273792204,568.9499999999999,580.34,900.02,34.0,278.02976171625943,866.02,127,21.90909090909091,6,392,11.618257261410788,38.9,0.0,0.0,0.0,0,0,0.13
34,6,2361.9,927,6.969924812030075,4.0,32,1,6.580434555080529,393.65,384.89,493.62,304.44,76.72146687857317,189.18,106,22.166666666666668,5,384,35.338345864661655,76.4,1.0,-33.4,14.285714285714285,0,0,0.18
95,9,3059.85,2066,7.737827715355805,3.0,48,1,10.429434910706934,339.9833333333333,328.2,559.98,229.53,104.08584954257712,330.45000000000005,214,28.33333333333333,8,636,11.235955056179774,79.125,0.0,0.0,0.0,1,0,0.32
611,4,797.96,440,8.148148148148149,6.0,24,1,5.499253491044952,199.49,220.5,339.96,17.0,140.93542989610526,322.96,49,13.5,4,124,0.0,41.333333333333336,6.0,-82.43,60.0,1,1,0.93
607,1,86.10000000000001,42,10.5,8.0,24,2,9.98331942124796,86.10000000000001,86.10000000000001,86.10000000000001,86.10000000000001,0.0,0.0,4,4.0,1,0,100.0,0.0,0.0,0.0,0.0,1,1,1.0
4,5,4238.76,2146,8.795081967213115,8.0,48,1,6.329028458446178,847.7520000000001,587.85,1943.13,345.03000000000003,664.4997733784415,1598.1,196,48.8,3,449,32.37704918032787,112.0,3.0,-377.63,37.5,0,0,0.13
284,1,154.99,460,32.857142857142854,25.0,96,2,24.982631329222876,154.99,154.99,154.99,154.99,0.0,0.0,14,14.0,1,0,0.0,0.0,0.0,0.0,0.0,1,1,0.92
8,19,5517.07,2273,8.205776173285198,6.0,96,1,7.65545906340431,290.3721052631579,311.19,495.95,19.5,122.09890133180048,476.45,162,14.578947368421051,10,722,0.0,39.61111111111112,5.0,-69.55,20.833333333333336,0,0,0.0
320,5,9443.04,2244,17.3953488372093,12.0,96,2,12.066494548860264,1888.608,2062.66,2661.24,780.06,782.1586240143363,1881.18,105,25.8,3,367,0.0,91.5,0.0,0.0,0.0,1,1,0.79
432,1,461.68,494,17.642857142857142,12.0,50,1,14.855387564198375,461.68,461.68,461.68,461.68,0.0,0.0,28,28.0,1,0,0.0,0.0,1.0,-25.0,50.0,1,1,0.97
401,1,223.98,336,37.333333333333336,24.0,144,4,43.18564576337837,223.98,223.98,223.98,223.98,0.0,0.0,9,9.0,1,0,0.0,0.0,0.0,0.0,0.0,1,1,0.98
61,1,215.83,99,9.0,10.0,24,3,6.29285308902091,215.83,215.83,215.83,215.83,0.0,0.0,11,11.0,1,0,0.0,0.0,0.0,0.0,0.0,0,0,0.1
79,1,311.69,311,15.55,12.0,48,3,10.251957451089394,311.69,311.69,311.69,311.69,0.0,0.0,20,20.0,1,0,0.0,0.0,0.0,0.0,0.0,0,0,0.39
252,4,571.3,212,15.142857142857142,11.0,36,6,9.66243433937004,142.825,149.3,197.7,75.0,51.665099438595874,122.7,12,3.5,3,480,35.714285714285715,160.0,1.0,-59.5,20.0,1,1,0.89
219,3,727.11,155,3.690476190476191,2.0,12,2,2.9507179385833906,242.37,231.34,303.82,191.95,56.744778614424085,111.87,34,14.0,3,176,0.0,87.5,1.0,-15.9,25.0,1,1,0.88
29,3,1068.16,700,5.035971223021583,2.0,48,1,7.967697530729619,356.05333333333334,241.47,765.59,61.10000000000001,365.9556602012508,704.49,127,43.66666666666666,2,359,0.0,179.5,0.0,0.0,0.0,0,0,0.1
1,11,2740.65,2468,7.4787878787878785,3.0,96,1,11.118093842217334,249.15,252.87,420.15,9.6,120.8674524427482,410.55,208,29.818181818181817,7,727,0.0,72.3,3.0,-24.5,21.428571428571427,0,0,0.01
597,3,6116.92,2252,28.15,17.0,176,3,29.09613050092026,2038.9733333333331,2320.03,3374.8,422.09,1496.2849740050635,2952.71,67,26.666666666666668,3,55,0.0,27.5,0.0,0.0,0.0,1,1,0.88
58,3,1011.9,1174,19.566666666666663,12.0,72,6,12.660316576579316,337.3,310.44,406.56,294.9,60.48209321774507,111.66000000000004,57,20.0,3,313,0.0,156.5,0.0,0.0,0.0,0,0,0.17
153,4,1817.54,896,7.0,5.0,48,1,6.91455158503046,454.385,466.12,736.28,149.02,240.49185287655797,587.26,94,31.75,4,218,11.71875,72.0,0.0,0.0,0.0,1,1,0.74
11,11,3602.29,2396,3.726283048211509,2.0,48,1,5.146729569282108,327.4809090909091,358.82,520.1,157.74,105.14441225805064,362.36,344,55.63636363636363,6,726,0.0,72.2,2.0,-60.7,15.384615384615383,0,0,0.01
90,4,1358.95,861,10.62962962962963,12.0,48,2,8.061396349957686,339.7375,364.425,454.7,175.4,123.06346177887244,279.29999999999995,80,20.25,4,500,11.11111111111111,166.33333333333334,0.0,0.0,0.0,0,0,0.35
421,2,746.24,504,10.5,12.0,30,2,6.246701257123209,373.12,373.12,456.64,289.6,118.11511672940088,167.03999999999996,45,24.0,2,23,0.0,23.0,1.0,-19.9,33.33333333333333,1,1,0.9
634,2,1439.61,329,7.0,5.0,32,1,6.104168212395313,719.8050000000001,719.8050000000001,851.16,588.45,185.7640224855178,262.7099999999999,37,23.0,2,52,0.0,52.0,0.0,0.0,0.0,1,1,0.98
66,12,2242.81,1063,3.782918149466192,2.0,48,1,4.527597126479469,186.9008333333333,204.03000000000003,318.92,15.8,101.29112654830256,303.12,182,22.58333333333333,9,366,25.97864768683274,32.81818181818182,4.0,-38.120000000000005,25.0,0,0,0.26
199,2,964.7,492,11.181818181818182,12.0,36,1,8.25543577730153,482.35,482.35,611.8499999999999,352.85,183.14065632731567,258.9999999999999,44,22.0,2,539,0.0,539.0,1.0,-16.95,33.33333333333333,1,1,0.74
163,33,16584.01,16427,56.25684931506849,36.0,576,2,74.94281293531506,502.5457575757577,479.7,990.48,102.0,225.69959561924205,888.48,195,8.848484848484848,10,502,13.356164383561644,15.4375,3.0,-83.89,8.333333333333332,1,1,0.6
18,1,178.26,43,2.388888888888889,2.0,7,1,1.7197431028701005,178.26,178.26,178.26,178.26,0.0,0.0,18,18.0,1,0,0.0,0.0,0.0,0.0,0.0,0,0,0.17
18,9,2556.09,1927,12.04375,12.0,48,2,6.3813277881348975,284.01,300.86,425.1,119.66,91.55459860105336,305.44000000000005,113,17.77777777777778,8,371,12.5,45.875,2.0,-22.05,18.181818181818183,0,0,0.07
92,8,2399.33,2877,24.38135593220339,24.0,192,1,21.42445263700584,299.91625,203.63,902.35,125.04,251.1047163428892,777.3100000000001,99,14.75,5,283,17.796610169491526,40.0,1.0,-11.85,11.11111111111111,1,0,0.35
400,2,933.84,606,10.63157894736842,12.0,48,2,7.691905715350037,466.92,466.92,476.84,457.0,14.028998538741126,19.840000000000032,57,28.5,2,218,0.0,218.0,0.0,0.0,0.0,1,1,0.98
470,2,104.0,74,5.6923076923076925,5.0,15,1,4.21079199566652,52.0,52.0,57.55,46.45,7.848885271170674,11.099999999999994,11,6.5,1,0,0.0,0.0,0.0,0.0,0.0,1,1,0.99
23,12,2966.0,1183,2.464583333333333,2.0,20,1,2.3052078267620617,247.16666666666663,240.635,537.3,29.4,153.40675825656402,507.9,316,38.083333333333336,9,715,19.58333333333333,64.54545454545455,1.0,-22.4,7.6923076923076925,0,0,0.0
258,6,1169.68,678,9.549295774647888,10.0,36,1,6.802916879428298,194.9466666666667,210.65,276.43,32.7,87.54287559057371,243.73,52,11.833333333333334,3,477,35.2112676056338,95.2,0.0,0.0,0.0,1,1,0.86
603,3,284.4,3,1.0,1.0,1,1,0.0,94.8,94.8,94.8,94.8,0.0,0.0,1,1.0,1,0,0.0,0.0,4.0,-379.2,57.14285714285714,1,1,0.97
6,29,5866.63,2265,7.306451612903226,6.0,48,1,6.876602395613681,202.29758620689657,202.38,521.13,17.4,142.10499578166977,503.73,193,10.689655172413794,11,724,16.129032258064516,28.72,3.0,-29.75,9.375,0,0,0.0
191,2,617.05,219,19.90909090909091,12.0,60,1,22.033858243415043,308.525,308.525,314.6,302.45,8.591347391416557,12.150000000000034,11,5.5,2,70,0.0,70.0,0.0,0.0,0.0,1,1,0.9
115,2,605.0600000000001,350,9.72222222222222,11.0,24,2,5.8192346630370615,302.53,302.53,305.24,299.82,3.832518754031119,5.420000000000016,32,18.0,2,123,0.0,123.0,2.0,-30.800000000000004,50.0,1,1,0.56
374,4,410.95,258,9.923076923076923,7.0,25,2,8.14333139162629,102.7375,106.425,160.9,37.2,51.27275714256061,123.7,24,6.5,2,61,0.0,19.666666666666668,1.0,-16.95,20.0,1,1,0.94
380,2,965.2,600,19.35483870967742,6.0,120,2,31.455310507762995,482.6,482.6,615.8,349.4,188.37324650809623,266.4,31,15.5,2,266,0.0,266.0,0.0,0.0,0.0,1,1,0.99
423,3,3698.05,687,10.102941176470589,6.0,60,2,11.06984569710356,1232.6833333333334,1104.25,1696.95,896.8499999999999,415.22444934436766,800.1000000000001,54,22.666666666666668,3,298,0.0,149.0,2.0,-937.95,40.0,1,1,0.89
78,6,2211.6,1509,10.12751677852349,10.0,25,2,4.703777364485804,368.6,346.305,551.05,188.8,128.57812426692183,362.25,98,24.83333333333333,4,400,0.0,79.8,3.0,-67.15,33.33333333333333,0,0,0.24
534,1,320.25,190,10.555555555555555,9.0,25,2,7.994279000136669,320.25,320.25,320.25,320.25,0.0,0.0,18,18.0,1,0,0.0,0.0,1.0,-10.9,50.0,1,1,0.98
25,12,11962.3,5722,38.40268456375839,24.0,144,1,35.60764408197692,996.8583333333336,1048.95,1634.4,86.39999999999999,417.8397001424727,1548.0,92,12.416666666666666,7,707,0.0,70.2,4.0,-94.7,25.0,0,0,0.05
81,1,4366.78,2262,42.67924528301887,48.0,100,2,21.422286727849983,4366.78,4366.78,4366.78,4366.78,0.0,0.0,53,53.0,1,0,0.0,0.0,0.0,0.0,0.0,0,0,0.44
393,1,1092.81,872,15.854545454545455,12.0,48,3,9.941343120036802,1092.81,1092.81,1092.81,1092.81,0.0,0.0,55,55.0,1,0,0.0,0.0,0.0,0.0,0.0,1,1,0.97
60,3,578.61,325,1.5258215962441315,1.0,9,1,1.2152878011895298,192.87,202.9,240.47,135.24,53.32718725003223,105.23,177,68.0,3,50,23.474178403755868,24.5,0.0,0.0,0.0,0,0,0.17
18,1,195.36,118,10.727272727272728,6.0,36,4,10.13006326822206,195.36,195.36,195.36,195.36,0.0,0.0,11,11.0,1,0,0.0,0.0,1.0,-9.9,50.0,0,0,0.22
552,1,179.6,80,2.6666666666666665,2.0,6,1,1.5161960871578068,179.6,179.6,179.6,179.6,0.0,0.0,30,30.0,1,0,100.0,0.0,0.0,0.0,0.0,1,1,1.0
4,2,935.05,811,12.287878787878787,12.0,48,1,7.597094893171389,467.525,467.525,540.99,394.06,103.8951993597394,146.93,60,33.0,2,27,0.0,27.0,1.0,-15.0,33.33333333333333,0,0,0.03
675,1,499.6,201,2.258426966292135,1.0,12,1,2.44729948518232,499.6,499.6,499.6,499.6,0.0,0.0,85,85.0,1,0,0.0,0.0,0.0,0.0,0.0,1,1,1.0
10,21,2986.99,1471,9.251572327044023,8.0,24,2,6.113865289484512,142.23761904761906,125.85,365.83,39.900000000000006,80.93112478550893,325.92999999999995,101,7.571428571428571,8,608,0.0,30.0,2.0,-32.9,8.695652173913043,0,0,0.05
59,12,5360.4800000000005,4676,18.337254901960783,12.0,144,2,12.348769596401308,446.70666666666665,400.04,1032.7,264.24,195.51362255878905,768.46,154,21.25,8,593,30.58823529411765,53.45454545454545,0.0,0.0,0.0,0,0,0.17
8,16,9227.82,4426,8.495201535508638,6.0,100,1,8.607268619272048,576.73875,552.4250000000001,1016.57,61.95000000000001,315.51625456015205,954.62,270,32.5,9,267,7.293666026871401,17.466666666666665,3.0,-93.7,15.789473684210526,0,0,0.13
3,5,1191.13,953,14.66153846153846,12.0,48,2,12.86015761358133,238.22600000000003,193.08,490.55,49.5,161.33813771083388,441.05,54,13.0,3,61,0.0,14.75,1.0,-59.85,16.666666666666664,0,0,0.07
317,8,1215.95,779,17.704545454545453,12.0,120,2,22.17748653682173,151.99374999999998,126.8,320.95,77.8,78.07484594696845,243.15,27,5.5,7,261,6.8181818181818175,36.85714285714285,0.0,0.0,0.0,1,1,0.87
22,20,6246.93,3674,4.064159292035399,3.0,48,1,4.822230585482117,312.3465,279.725,614.38,6.35,197.62626658670652,608.03,478,43.35,8,703,5.08849557522124,34.75,3.0,-125.15,13.043478260869565,0,0,0.02
16,4,775.96,214,2.488372093023256,2.0,12,1,2.4434507231349087,193.99,170.95499999999998,322.55,111.5,96.44320988713169,211.05,59,21.0,3,168,0.0,56.0,0.0,0.0,0.0,0,0,0.14
29,3,1071.99,692,13.84,12.0,80,1,13.580237742501314,357.33,300.14,472.64,299.21000000000004,99.86247193015,173.42999999999995,49,16.666666666666668,3,154,0.0,76.5,2.0,-15.45,40.0,0,0,0.1
235,2,280.55,123,7.6875,8.0,12,2,4.158825956124316,140.27499999999998,140.27499999999998,142.2,138.35,2.722361107568214,3.8499999999999934,13,8.0,2,91,0.0,91.0,0.0,0.0,0.0,1,1,0.94
24,4,781.28,1170,10.636363636363637,6.0,48,1,10.326528829414103,195.32,130.13,474.4,46.62,194.18385171446843,427.78,98,27.5,3,158,0.0,52.333333333333336,0.0,0.0,0.0,0,0,0.1
218,7,830.9300000000001,523,30.764705882352946,12.0,288,3,69.71686436200777,118.70428571428572,125.73,183.6,68.0,38.36879802528041,115.6,10,2.4285714285714284,5,519,0.0,86.16666666666667,3.0,-19.95,30.0,1,1,0.81
27,20,2779.41,1387,4.59271523178808,3.0,40,1,4.921612778068008,138.9705,125.625,327.28000000000003,0.95,72.49400210943045,326.33000000000004,188,14.75,9,517,45.033112582781456,26.73684210526316,0.0,0.0,0.0,0,0,0.14
61,1,499.32,144,7.578947368421052,4.0,48,2,10.510924420037597,499.32,499.32,499.32,499.32,0.0,0.0,19,19.0,1,0,0.0,0.0,0.0,0.0,0.0,0,0,0.22
11,6,2184.63,1436,15.115789473684211,3.0,84,1,20.352146187154123,364.105,241.415,883.8100000000001,16.35,350.9588707954253,867.46,79,14.5,3,425,0.0,84.8,0.0,0.0,0.0,0,0,0.08
15,12,13733.55,9178,14.522151898734178,12.0,144,1,12.684623249995356,1144.4625,1132.615,2582.78,26.4,774.499305605945,2556.38,315,52.66666666666666,6,720,0.0,65.18181818181819,8.0,-87.05,40.0,0,0,0.01
47,12,3597.5,2464,17.855072463768117,12.0,72,1,16.31870125281581,299.7916666666667,208.01,929.4,80.16,223.1732727494423,849.24,104,11.5,7,688,7.971014492753622,62.0,5.0,-133.66,29.411764705882355,0,0,0.07
486,1,282.3,104,6.933333333333334,4.0,12,2,4.934813162864522,282.3,282.3,282.3,282.3,0.0,0.0,15,15.0,1,0,0.0,0.0,1.0,-19.8,50.0,1,1,1.0
310,3,1679.56,891,12.205479452054794,12.0,48,2,9.80923445890202,559.8533333333334,558.32,642.54,478.7,81.93076182566185,163.83999999999995,73,24.33333333333333,3,427,0.0,213.0,0.0,0.0,0.0,1,1,0.95
21,3,403.7000000000001,159,6.913043478260869,6.0,20,1,4.209437918408206,134.5666666666667,126.0,247.25000000000003,30.450000000000003,108.65358177866634,216.8,21,7.666666666666667,2,36,0.0,18.0,0.0,0.0,0.0,0,0,0.16
13,11,5609.74,5104,12.696517412935323,10.0,120,1,13.445648891951306,509.9763636363636,447.26,1079.47,188.3,255.19555702530275,891.1700000000001,250,36.18181818181818,8,718,20.39800995024876,71.3,1.0,-17.700000000000003,8.333333333333332,0,0,0.03
29,1,126.14,106,15.142857142857142,12.0,36,4,11.186726828829652,126.14,126.14,126.14,126.14,0.0,0.0,7,7.0,1,0,0.0,0.0,0.0,0.0,0.0,0,0,0.09
653,1,82.4,52,8.666666666666666,10.0,10,2,3.265986323710904,82.4,82.4,82.4,82.4,0.0,0.0,6,6.0,1,0,0.0,0.0,0.0,0.0,0.0,1,1,0.99
727,2,875.97,373,11.303030303030305,8.0,24,2,7.895745881821617,437.985,437.985,519.42,356.55,115.16648145185296,162.86999999999995,30,16.0,1,4,33.33333333333333,4.0,6.0,-117.9,75.0,1,1,0.87
196,11,4497.88,2155,8.101503759398497,6.0,60,1,8.161635841972307,408.89818181818185,406.8,585.53,15.9,168.00029052464058,569.63,167,24.181818181818183,7,527,0.0,52.3,7.0,-68.69999999999999,38.88888888888889,1,1,0.74
53,14,7163.0,4164,13.88,12.0,120,2,14.396636545134731,511.6428571428572,506.25,916.05,304.8,181.3509513634808,611.25,196,21.428571428571427,7,683,0.0,52.15384615384615,0.0,0.0,0.0,0,0,0.03
695,1,381.66,228,9.12,6.0,48,1,8.95507305013942,381.66,381.66,381.66,381.66,0.0,0.0,25,25.0,1,0,0.0,0.0,0.0,0.0,0.0,1,1,1.0
738,1,128.60000000000002,26,3.25,1.5,12,1,3.9188190640986296,128.60000000000002,128.60000000000002,128.60000000000002,128.60000000000002,0.0,0.0,8,8.0,1,0,0.0,0.0,0.0,0.0,0.0,1,1,1.0
24,3,1174.58,311,5.867924528301887,4.0,24,1,4.345810253960158,391.5266666666667,332.23,764.59,77.76,347.23325479183785,686.83,47,17.666666666666668,2,57,0.0,28.5,0.0,0.0,0.0,0,0,0.11
5,3,693.95,984,14.26086956521739,5.0,100,1,23.21425283154412,231.3166666666667,222.65,255.95,215.35,21.643089736295344,40.6,49,22.33333333333333,3,277,0.0,138.0,0.0,0.0,0.0,0,0,0.04
8,1,164.68,84,2.8,2.0,12,1,2.881570453045018,164.68,164.68,164.68,164.68,0.0,0.0,30,30.0,1,0,0.0,0.0,0.0,0.0,0.0,0,0,0.06
19,2,609.89,420,7.636363636363637,1.0,72,1,13.499469998325496,304.94500000000005,304.94500000000005,557.69,52.2,357.435406821988,505.49000000000007,54,27.0,2,403,5.454545454545454,403.0,1.0,-11.25,33.33333333333333,0,0,0.17
21,100,2866.74,1491,2.3666666666666667,1.0,48,1,3.701565861242944,28.6674,13.35,396.85,1.25,54.9066480606176,395.6,486,6.28,12,717,3.492063492063492,6.808080808080808,2.0,-16.45,1.96078431372549,0,0,0.01
190,3,1266.82,472,8.137931034482758,6.0,48,2,7.756035060184388,422.2733333333333,409.98,560.14,296.7,132.14954760926474,263.44,54,19.33333333333333,2,428,0.0,213.5,6.0,-75.6,66.66666666666666,1,1,0.72
278,1,217.2,74,5.285714285714286,4.0,12,2,3.891382420536067,217.2,217.2,217.2,217.2,0.0,0.0,14,14.0,1,0,0.0,0.0,0.0,0.0,0.0,1,1,0.96
25,4,1252.74,1335,13.35,9.0,120,1,17.92316654472359,313.185,273.48,655.58,50.2,255.61482357901968,605.38,85,23.75,2,510,0.0,170.0,1.0,-50.400000000000006,20.0,0,0,0.12
3,28,12021.53,8922,18.7436974789916,12.0,160,1,18.06355627936432,429.3403571428572,335.535,1421.67,16.35,249.22723451860884,1405.3200000000002,274,17.0,10,733,2.100840336134454,26.703703703703702,11.0,-240.01,28.205128205128204,0,0,0.0
652,1,292.62,233,3.883333333333333,2.0,48,1,6.507080020675958,292.62,292.62,292.62,292.62,0.0,0.0,55,55.0,1,0,0.0,0.0,0.0,0.0,0.0,1,1,0.99
21,2,722.74,406,50.75,20.0,168,2,70.28056020591428,361.37,361.37,446.94000000000005,275.8,121.0142545322658,171.14000000000004,8,4.0,1,372,0.0,372.0,0.0,0.0,0.0,0,0,0.14
17,1,95.34,128,16.0,12.0,36,4,13.223355960464154,95.34,95.34,95.34,95.34,0.0,0.0,8,8.0,1,0,0.0,0.0,0.0,0.0,0.0,0,0,0.07
65,3,912.08,472,9.833333333333334,9.0,25,1,7.170665221324451,304.02666666666664,297.94,333.63,280.51,27.078021222632422,53.120000000000005,44,16.0,3,600,0.0,300.0,1.0,-61.900000000000006,25.0,0,0,0.13
4,18,7571.35,4122,10.127764127764127,10.0,96,1,11.573640454193596,420.6305555555556,386.285,1097.24,31.2,301.5073297806173,1066.04,296,22.61111111111111,8,693,6.6339066339066335,40.47058823529412,4.0,-78.94,18.181818181818183,0,0,0.01
29,1,139.10000000000002,58,7.25,6.0,12,3,4.097037257057139,139.10000000000002,139.10000000000002,139.10000000000002,139.10000000000002,0.0,0.0,8,8.0,1,0,0.0,0.0,0.0,0.0,0.0,0,0,0.15
463,2,469.19,211,8.791666666666666,6.0,24,2,6.70482737622137,234.59500000000003,234.59500000000003,321.23,147.96,122.52039197619312,173.27,23,12.0,2,67,79.16666666666666,67.0,0.0,0.0,0.0,1,1,0.98
430,2,490.6,397,5.838235294117647,2.0,36,1,7.9355807358662895,245.3,245.3,254.13,236.47,12.487505755754436,17.659999999999997,60,31.5,1,0,0.0,0.0,0.0,0.0,0.0,1,1,0.96
59,1,172.25,67,7.444444444444445,3.0,24,2,7.384292638958573,172.25,172.25,172.25,172.25,0.0,0.0,9,9.0,1,0,0.0,0.0,0.0,0.0,0.0,0,0,0.18
211,2,332.82,205,2.628205128205128,1.0,24,1,3.807405546607426,166.41,166.41,231.42,101.4,91.9380236898749,130.01999999999998,75,37.5,2,176,0.0,176.0,0.0,0.0,0.0,1,1,0.9
9,2,1411.21,759,3.546728971962617,2.0,26,1,3.632813877421051,705.605,705.605,1075.36,335.85,522.9125357552637,739.5099999999999,191,106.0,2,31,31.308411214953267,31.0,0.0,0.0,0.0,0,0,0.11
28,13,3793.71,1934,9.165876777251183,6.0,48,1,8.993435254672265,291.82384615384615,302.65000000000003,547.9,27.8,129.505649654012,520.1,141,16.23076923076923,10,656,23.696682464454977,54.083333333333336,7.0,-62.75,35.0,0,0,0.01
301,3,419.92,138,7.666666666666667,6.0,24,2,5.133511583357984,139.97333333333333,124.26,233.53,62.13,86.77368053351968,171.4,13,6.0,3,429,0.0,214.0,4.0,-257.85,57.14285714285714,1,1,0.82
16,11,3439.08,2162,11.260416666666666,12.0,48,1,7.205647569340506,312.64363636363635,310.82,337.71000000000004,278.67,15.515946811411323,59.04000000000002,115,17.454545454545453,9,250,17.708333333333336,24.5,3.0,-67.95,21.428571428571427,0,0,0.04
31,3,3166.4,1584,264.0,122.0,720,32,291.8520172964374,1055.4666666666667,675.0,2064.8,426.6,882.8878599988412,1638.2000000000005,6,2.0,2,110,0.0,55.0,0.0,0.0,0.0,0,0,0.3
250,10,2291.77,860,4.343434343434343,2.0,50,1,6.075099574979915,229.177,205.525,462.19,48.2,129.82726687153718,413.99,155,19.4,6,368,19.696969696969692,40.55555555555556,2.0,-30.55,16.666666666666664,1,1,0.8
9,39,11944.56,3642,20.46067415730337,16.0,160,1,20.46772638257013,306.2707692307692,310.5,432.16,30.6,75.63247365018114,401.56,61,4.564102564102564,12,691,8.426966292134832,17.736842105263158,6.0,-95.75,13.333333333333334,0,0,0.0
624,8,1700.24,810,3.13953488372093,2.0,30,1,3.7896935515595054,212.53,213.835,366.58,14.849999999999998,103.69600777547528,351.73,162,32.0,4,106,0.0,14.857142857142858,2.0,-300.79,20.0,1,1,0.96
4,4,2780.15,2082,13.09433962264151,12.0,72,1,10.086833411119333,695.0375,649.8199999999999,1247.41,233.1,428.96684738838894,1014.31,148,39.75,3,56,0.0,18.0,2.0,-39.85,33.33333333333333,0,0,0.05
373,3,737.0500000000001,339,10.59375,6.0,36,1,8.60554725443926,245.68333333333337,306.05,324.8,106.2,121.15936131118114,218.6,26,10.666666666666666,2,351,0.0,175.5,0.0,0.0,0.0,1,1,0.96
17,4,1249.01,648,9.0,6.0,36,1,7.081020058608968,312.2525,308.17,331.14,301.53,13.284119278296163,29.610000000000014,63,18.0,4,512,0.0,170.33333333333334,1.0,-35.75,20.0,0,0,0.18
472,2,271.75,131,8.733333333333333,3.0,72,1,17.81839605843461,135.875,135.875,141.35000000000002,130.4,7.742819253992697,10.950000000000015,14,7.0,2,107,40.0,107.0,0.0,0.0,0.0,1,1,0.97
102,1,125.92,49,24.5,24.5,48,1,33.23401871576773,125.92,125.92,125.92,125.92,0.0,0.0,2,2.0,1,0,0.0,0.0,0.0,0.0,0.0,1,0,0.45
122,3,976.06,514,30.235294117647054,24.0,100,4,23.33326330521704,325.3533333333333,311.56,356.0,308.5,26.58485533782974,47.5,13,5.666666666666667,2,414,41.17647058823529,207.0,1.0,-8.95,25.0,1,1,0.68
53,1,893.59,317,7.547619047619047,6.0,24,2,5.29704188480556,893.59,893.59,893.59,893.59,0.0,0.0,42,42.0,1,0,0.0,0.0,1.0,-133.0,50.0,0,0,0.18
421,4,3517.69,1473,21.66176470588235,12.0,72,2,18.07084754978834,879.4224999999999,864.895,1328.04,459.86,432.14011125829705,868.18,64,17.0,3,211,0.0,70.0,0.0,0.0,0.0,1,1,0.92
502,2,622.67,509,23.13636363636364,24.0,48,2,16.06621849171038,311.335,311.335,504.87,117.8,273.699821793877,387.07,22,11.0,2,165,0.0,165.0,0.0,0.0,0.0,1,1,0.98
30,2,743.17,535,8.492063492063492,3.0,40,1,10.620845321853738,371.585,371.585,630.77,112.4,366.5429421636706,518.37,61,31.5,2,384,0.0,384.0,0.0,0.0,0.0,0,0,0.1
33,10,16052.72,7530,11.238805970149254,4.0,192,1,22.44500973379913,1605.2720000000002,1676.295,2422.15,70.8,737.0418916452443,2351.35,377,65.2,8,643,79.25373134328359,71.0,3.0,-457.35,23.07692307692308,0,0,0.07
16,2,215.48,134,12.181818181818182,12.0,48,1,12.687144531518364,107.74,107.74,144.48,71.0,51.95820628158751,73.47999999999999,9,5.5,2,69,0.0,69.0,0.0,0.0,0.0,0,0,0.13
6,27,10608.81,4200,3.0905077262693155,2.0,48,1,3.3391800460182943,392.9188888888889,330.29,1171.59,19.8,271.02958199788577,1151.79,605,49.96296296296296,12,479,36.055923473142016,17.96153846153846,9.0,-143.74,25.0,0,0,0.06
582,1,156.85000000000002,47,4.2727272727272725,3.0,12,1,4.076540422733696,156.85000000000002,156.85000000000002,156.85000000000002,156.85000000000002,0.0,0.0,11,11.0,1,0,0.0,0.0,1.0,-20.9,50.0,1,1,0.98
10,8,3041.68,1795,12.913669064748202,10.0,120,2,15.473437742494315,380.21,401.93,541.46,19.9,164.3660361162592,521.5600000000001,98,17.375,6,593,12.23021582733813,84.28571428571429,1.0,-7.9,11.11111111111111,0,0,0.01
725,1,157.32999999999998,59,3.4705882352941178,2.0,14,1,3.448145281503223,157.32999999999998,157.32999999999998,157.32999999999998,157.32999999999998,0.0,0.0,17,17.0,1,0,0.0,0.0,0.0,0.0,0.0,1,1,1.0
275,2,618.63,380,47.5,31.5,144,1,55.50804317522693,309.315,309.315,439.28,179.35,183.7982656338193,259.92999999999995,6,4.0,2,11,0.0,11.0,0.0,0.0,0.0,1,1,0.84
438,4,2124.46,1906,17.486238532110093,12.0,120,1,16.558322668955398,531.115,209.46,1680.34,25.2,779.8165128413222,1655.14,105,27.25,3,104,0.0,34.0,3.0,-152.64,42.85714285714285,1,1,0.93
99,1,207.36,288,288.0,288.0,288,288,0.0,207.36,207.36,207.36,207.36,0.0,0.0,1,1.0,1,0,0.0,0.0,0.0,0.0,0.0,1,0,0.27
400,4,1941.12,1041,7.27972027972028,4.0,100,1,10.225214343568048,485.28,510.465,762.69,157.5,313.210894552962,605.19,114,35.0,4,263,88.11188811188812,87.33333333333333,0.0,0.0,0.0,1,1,0.93
312,1,316.26000000000005,162,9.0,6.0,48,2,11.156638751671316,316.26000000000005,316.26000000000005,316.26000000000005,316.26000000000005,0.0,0.0,18,18.0,1,0,0.0,0.0,0.0,0.0,0.0,1,1,0.97
211,4,1121.84,1028,27.05263157894737,12.0,100,3,28.6280408449016,280.46000000000004,295.57000000000005,352.7,178.0,73.60692539881467,174.7,25,9.5,4,448,0.0,149.0,2.0,-35.7,33.33333333333333,1,1,0.84
42,4,2148.63,1778,15.596491228070176,12.0,72,2,10.990518277331017,537.1575,678.035,751.76,40.8,333.1399069835375,710.96,70,28.5,3,220,0.0,73.33333333333333,1.0,-4.1,20.0,0,0,0.18
52,1,1193.32,846,13.015384615384615,12.0,200,2,24.411506193092315,1193.32,1193.32,1193.32,1193.32,0.0,0.0,65,65.0,1,0,0.0,0.0,0.0,0.0,0.0,0,0,0.32
463,2,246.5,130,10.833333333333334,10.0,20,10,2.8867513459481287,123.25,123.25,136.5,110.0,18.738329701443508,26.5,8,6.0,2,39,0.0,39.0,0.0,0.0,0.0,1,1,0.99
650,2,271.29,183,15.25,15.0,27,6,7.30037358944421,135.645,135.645,145.59,125.7,14.064353877800423,19.89,12,6.0,2,28,100.0,28.0,0.0,0.0,0.0,1,1,0.97
36,2,609.85,241,8.607142857142858,6.0,24,3,5.23053205787572,304.925,304.925,309.66,300.19,6.696301217836624,9.470000000000027,27,14.0,2,232,0.0,232.0,0.0,0.0,0.0,0,0,0.21
9,9,6995.360000000001,5041,6.117718446601942,3.0,1515,1,52.91155394696168,777.2622222222222,859.32,2108.7000000000003,9.75,622.6350371762294,2098.9500000000003,547,90.77777777777776,7,651,24.15048543689321,80.75,1.0,-833.2500000000001,10.0,0,0,0.07
37,10,12940.82,19931,115.20809248554912,24.0,2880,1,397.7087320081448,1294.082,1344.16,2017.36,230.68,540.5003515015817,1786.68,115,17.3,6,602,21.38728323699422,66.44444444444444,2.0,-284.64,16.666666666666664,0,0,0.18
106,2,554.5,454,12.61111111111111,7.0,48,2,13.074026110198751,277.25,277.25,323.4,231.1,65.26595590351833,92.29999999999998,36,18.0,2,596,0.0,596.0,0.0,0.0,0.0,1,1,0.61
16,15,14335.15,5799,18.178683385579937,12.0,80,2,16.796863948744942,955.6766666666666,619.6,2594.14,316.98,694.2542665609591,2277.16,140,21.2,9,385,2.19435736677116,27.071428571428573,3.0,-134.37,16.666666666666664,0,0,0.13
11,5,1314.81,784,11.529411764705882,12.0,48,1,6.504810133485477,262.962,301.32,365.16,138.16,94.3969184878405,227.00000000000003,53,13.6,4,122,25.0,30.25,1.0,-47.400000000000006,16.666666666666664,0,0,0.08
326,12,77556.46,74285,2184.8529411764707,1.0,74215,1,12727.40389184704,6463.038333333334,22.5,77183.6,1.0,22271.22948104484,77182.6,27,2.833333333333333,4,400,0.0,35.90909090909091,5.0,-77608.20000000001,29.411764705882355,1,1,0.61
372,1,35.400000000000006,12,12.0,12.0,12,12,0.0,35.400000000000006,35.400000000000006,35.400000000000006,35.400000000000006,0.0,0.0,1,1.0,1,0,0.0,0.0,0.0,0.0,0.0,1,1,0.99
3,17,3352.7000000000003,1586,8.347368421052632,6.0,48,1,6.723989148949301,197.21764705882356,193.1,460.27,68.5,101.98934708643668,391.77,87,11.176470588235292,11,729,0.0,45.3125,2.0,-55.5,10.526315789473683,0,0,0.0
133,2,603.46,231,14.4375,10.0,96,1,22.051360502245664,301.73,301.73,526.96,76.5,318.5233206532922,450.46,15,8.0,2,280,0.0,280.0,1.0,-17.0,33.33333333333333,1,1,0.7
53,18,5394.86,3521,10.355882352941176,10.0,100,1,10.92667141387112,299.71444444444444,312.84000000000003,366.31,15.8,77.7386897559209,350.51,213,18.88888888888889,11,669,0.0,39.0,14.0,-238.72,43.75,0,0,0.04
453,3,1610.62,625,14.534883720930232,6.0,72,2,19.540371928528,536.8733333333333,517.12,662.2,431.3,116.71053137285143,230.90000000000003,35,14.333333333333334,3,209,0.0,104.5,1.0,-16.95,25.0,1,1,0.97
114,2,437.42,232,2.2524271844660197,1.0,25,1,3.1113909839395046,218.71,218.71,304.24,133.18,120.95768598977082,171.06,102,51.5,2,296,0.0,296.0,0.0,0.0,0.0,1,1,0.57
51,1,443.6,166,10.375,11.0,24,2,6.1087369125431055,443.6,443.6,443.6,443.6,0.0,0.0,16,16.0,1,0,0.0,0.0,0.0,0.0,0.0,0,0,0.14
2,32,4124.6900000000005,1801,9.579787234042554,6.5,48,1,8.22341875361272,128.89656250000002,103.24,348.68,52.0,76.1222492848807,296.68,92,5.875,9,250,5.319148936170213,8.172413793103448,3.0,-59.7,8.571428571428571,0,0,0.23
71,3,1858.96,1089,10.371428571428572,12.0,24,1,5.500449532078723,619.6533333333333,810.51,1044.2,4.25,545.6131422842868,1039.95,96,35.0,3,64,0.0,31.5,2.0,-55.2,40.0,0,0,0.2
563,2,618.96,278,7.128205128205129,6.0,24,2,5.58748360261099,309.48,309.48,448.01,170.95,195.91100479554487,277.06,38,19.5,2,97,0.0,97.0,3.0,-12.0,60.0,1,1,0.97
428,4,1079.29,643,3.199004975124378,1.0,28,1,4.482209165687733,269.8225,290.17,414.44,84.51,159.0758082121016,329.93,180,49.25,3,113,0.0,37.333333333333336,1.0,-5.1,20.0,1,1,0.84
3,33,13551.75,6935,71.49484536082474,24.0,648,1,124.51824863844762,410.6590909090909,360.0,1141.2,46.08,266.5541995350528,1095.12,50,2.9393939393939394,11,726,3.0927835051546397,23.0,6.0,-704.95,15.384615384615383,0,0,0.04
44,6,2249.52,6256,297.9047619047619,144.0,1440,20,375.0597158802721,374.92,346.4,598.0,180.0,168.71180065425182,418.0,6,3.5,4,692,0.0,138.0,0.0,0.0,0.0,0,0,0.29
666,1,247.5,178,9.36842105263158,8.0,24,6,4.11245434038536,247.5,247.5,247.5,247.5,0.0,0.0,19,19.0,1,0,0.0,0.0,0.0,0.0,0.0,1,1,1.0
372,1,39.75,5,1.6666666666666667,2.0,2,1,0.5773502691896258,39.75,39.75,39.75,39.75,0.0,0.0,3,3.0,1,0,0.0,0.0,0.0,0.0,0.0,1,1,0.96
414,2,835.46,514,16.580645161290324,12.0,48,4,13.5074650805851,417.73,417.73,521.76,313.7,147.1206368936731,208.06,24,15.5,2,22,0.0,22.0,0.0,0.0,0.0,1,1,0.99
15,35,11986.52,7015,7.129065040650406,4.0,96,1,8.571203102508603,342.47200000000004,308.6,780.74,92.03,111.52102177985786,688.71,513,27.82857142857143,12,709,36.07723577235773,20.264705882352946,22.0,-522.09,38.59649122807017,0,0,0.02
226,1,160.95,63,6.3,6.0,12,2,3.860051813123756,160.95,160.95,160.95,160.95,0.0,0.0,10,10.0,1,0,0.0,0.0,0.0,0.0,0.0,1,1,0.91
232,1,180.1,69,6.2727272727272725,6.0,12,1,4.496463256625347,180.1,180.1,180.1,180.1,0.0,0.0,11,11.0,1,0,0.0,0.0,0.0,0.0,0.0,1,1,0.95
591,1,231.93,227,5.044444444444444,4.0,24,1,4.73361074731232,231.93,231.93,231.93,231.93,0.0,0.0,45,45.0,1,0,0.0,0.0,0.0,0.0,0.0,1,1,0.99
512,1,150.5,306,43.71428571428572,48.0,90,8,32.750136313783926,150.5,150.5,150.5,150.5,0.0,0.0,7,7.0,1,0,0.0,0.0,0.0,0.0,0.0,1,1,0.96
5,6,1843.75,1721,14.46218487394958,12.0,96,2,13.119263825438688,307.2916666666667,302.28,326.66,300.65,10.211294563700855,26.00999999999999,108,19.83333333333333,4,137,0.0,27.0,0.0,0.0,0.0,0,0,0.09
396,1,100.35,5,2.5,2.5,3,2,0.7071067811865476,100.35,100.35,100.35,100.35,0.0,0.0,2,2.0,1,0,0.0,0.0,0.0,0.0,0.0,1,1,1.0
15,4,762.75,347,7.886363636363637,6.0,48,1,8.156081791539052,190.6875,190.86,287.25,93.78,79.15780078425625,193.47,39,11.0,3,706,0.0,235.0,0.0,0.0,0.0,0,0,0.01
4,22,6795.9,6401,24.06390977443609,24.0,144,1,19.730248163175947,308.9045454545454,305.12,619.67,176.47,89.3030866915623,443.19999999999993,171,12.090909090909092,11,721,0.0,33.80952380952381,3.0,-92.5,12.0,0,0,0.01
23,12,4783.66,4271,5.440764331210191,3.0,60,1,6.718415859408422,398.6383333333333,373.695,821.06,25.8,227.24679835061715,795.26,451,64.5,9,371,0.0,33.18181818181818,1.0,-27.45,7.6923076923076925,0,0,0.07
14,1,350.90000000000003,179,8.523809523809524,8.0,24,1,5.240410743625423,350.90000000000003,350.90000000000003,350.90000000000003,350.90000000000003,0.0,0.0,21,21.0,1,0,0.0,0.0,0.0,0.0,0.0,0,0,0.03
16,23,14083.91,5631,10.955252918287938,8.0,100,1,9.989075008555645,612.3439130434782,533.6,1750.46,12.45,524.3944633032304,1738.01,358,22.30434782608696,9,486,6.809338521400778,21.727272727272727,15.0,-399.79,39.47368421052632,0,0,0.04
157,3,876.89,587,12.229166666666666,10.0,48,1,9.200461559498056,292.2966666666667,279.8,356.99,240.1,59.43856520251252,116.89,45,16.0,2,477,0.0,238.0,1.0,-36.65,25.0,1,1,0.86
26,13,4557.13,2131,9.775229357798166,8.0,25,2,6.66235944371743,350.54846153846154,218.72,1156.95,15.0,338.65173811863013,1141.95,126,16.76923076923077,5,647,16.055045871559635,53.66666666666666,2.0,-983.87,13.333333333333334,0,0,0.05
41,9,3887.15,1465,4.347181008902077,2.0,64,1,5.867175595643483,431.9055555555556,406.27,645.91,197.25000000000003,159.62194203109348,448.66,135,35.77777777777778,7,384,100.0,47.625,5.0,-46.42,35.714285714285715,0,0,0.17
408,1,107.24,88,11.0,12.0,30,2,8.815570640309435,107.24,107.24,107.24,107.24,0.0,0.0,8,8.0,1,0,0.0,0.0,0.0,0.0,0.0,1,1,0.98
157,3,350.82,273,2.7857142857142856,2.0,12,1,2.1358501047833607,116.94,114.5,127.53,108.79,9.605316236334964,18.74000000000001,67,32.0,2,16,29.59183673469388,8.0,0.0,0.0,0.0,1,1,0.69
577,2,324.19,221,13.8125,4.0,96,1,27.847725819774464,162.095,162.095,202.45,121.74,57.07058830956624,80.70999999999998,15,8.0,2,92,0.0,92.0,1.0,-76.3,33.33333333333333,1,1,0.98
387,1,170.5,74,2.642857142857143,2.0,12,1,2.2478678904486475,170.5,170.5,170.5,170.5,0.0,0.0,28,28.0,1,0,0.0,0.0,0.0,0.0,0.0,1,1,0.96
29,2,1511.45,1948,18.73076923076923,10.0,120,1,22.033615434405608,755.7249999999999,755.7249999999999,1223.31,288.14,661.2650485622236,935.17,94,51.0,1,370,0.0,370.0,1.0,-57.900000000000006,33.33333333333333,0,0,0.14
133,11,4481.83,2685,41.953125,24.0,192,3,41.68987151461086,407.4390909090909,408.0,650.76,34.0,152.39639355670758,616.76,53,5.727272727272728,6,543,43.75,53.9,4.0,-53.85,26.666666666666668,1,0,0.5
323,7,1619.97,710,5.916666666666667,4.0,100,1,11.229151238406846,231.42428571428573,298.99,459.71,42.2,169.9634132058174,417.51,80,16.857142857142858,5,347,48.333333333333336,57.333333333333336,1.0,-4.95,12.5,1,1,0.96
118,7,2071.68,1068,10.574257425742577,10.0,48,1,7.974141376541382,295.95428571428573,226.7,501.99,164.95000000000002,143.22269243584074,337.04,88,14.428571428571429,5,572,4.950495049504951,95.0,4.0,-80.23,36.36363636363637,1,1,0.65
184,2,333.7,242,20.166666666666668,14.0,48,4,14.584134177145028,166.85000000000002,166.85000000000002,213.7,120.0,66.2559053971795,93.70000000000002,12,6.0,2,512,0.0,512.0,0.0,0.0,0.0,1,1,0.82
484,2,481.88,522,13.384615384615383,10.0,48,1,12.197099276845735,240.94,240.94,364.79,117.09,175.15034969990782,247.7,39,19.5,2,156,0.0,156.0,2.0,-58.5,50.0,1,1,0.95
522,1,829.25,234,4.97872340425532,4.0,16,1,3.365356507389913,829.25,829.25,829.25,829.25,0.0,0.0,47,47.0,1,0,0.0,0.0,0.0,0.0,0.0,1,1,0.97
10,11,5286.8,2372,10.44933920704846,10.0,90,1,8.601339523400926,480.6181818181818,418.38,848.78,297.4,180.53142955276135,551.38,129,20.63636363636364,6,714,24.669603524229075,71.1,2.0,-35.4,15.384615384615383,0,0,0.01
181,2,201.14,146,8.588235294117647,10.0,12,1,4.093574592110967,100.57,100.57,120.32,80.82,27.93071785686863,39.5,17,8.5,2,397,41.17647058823529,397.0,0.0,0.0,0.0,1,1,0.87
8,28,7190.42,5041,10.30879345603272,6.0,120,1,14.825513301327073,256.80071428571426,223.94,536.77,35.400000000000006,121.52401914477866,501.37,197,17.321428571428573,12,448,4.294478527607362,15.607142857142858,6.0,-523.49,17.647058823529413,0,0,0.04
32,10,7120.91,3354,8.534351145038167,5.0,72,1,9.47227240632616,712.0910000000001,707.1800000000001,1202.65,235.04,308.87236189619387,967.61,225,38.6,7,650,0.0,71.88888888888889,3.0,-242.2,23.07692307692308,0,0,0.02
4,1,120.03,157,3.4130434782608696,1.0,24,1,4.524383749106473,120.03,120.03,120.03,120.03,0.0,0.0,46,46.0,1,0,0.0,0.0,0.0,0.0,0.0,0,0,0.16
11,4,1643.18,1044,22.21276595744681,10.0,250,2,50.70928916284033,410.795,491.12,618.44,42.5,252.75934819507663,575.94,35,11.75,3,67,0.0,22.0,1.0,-491.12,20.0,0,0,0.16
31,5,1004.38,751,11.208955223880595,10.0,36,2,7.49047337063196,200.876,76.95,638.65,49.8,250.64166559053984,588.85,64,13.4,5,246,0.0,61.25,2.0,-4.15,28.57142857142857,0,0,0.2
75,3,371.62,266,10.64,12.0,48,3,9.754827864532858,123.87333333333332,113.93,152.63,105.06,25.295822448248902,47.56999999999999,19,8.333333333333334,3,216,24.0,108.0,1.0,-23.8,25.0,0,0,0.33
12,14,2103.71,869,2.1779448621553885,1.0,12,1,2.100709329106335,150.265,124.995,337.55,80.17,67.83996629512043,257.38,309,28.0,11,691,53.88471177944862,52.53846153846154,3.0,-31.75,17.647058823529413,0,0,0.02
127,7,3378.4000000000005,912,76.0,60.0,200,8,64.55441679136082,482.6285714285715,415.00000000000006,830.0000000000001,102.0,241.25212755045092,728.0000000000001,6,1.7142857142857142,5,248,0.0,41.0,0.0,0.0,0.0,1,1,0.57
58,1,620.13,395,11.969696969696969,12.0,24,2,8.319723735215192,620.13,620.13,620.13,620.13,0.0,0.0,33,33.0,1,0,0.0,0.0,0.0,0.0,0.0,0,0,0.08
6,1,486.22,418,27.866666666666667,24.0,72,8,17.83202042341115,486.22,486.22,486.22,486.22,0.0,0.0,15,15.0,1,0,100.0,0.0,0.0,0.0,0.0,0,0,0.21
71,1,199.8,60,12.0,12.0,12,12,0.0,199.8,199.8,199.8,199.8,0.0,0.0,5,5.0,1,0,0.0,0.0,0.0,0.0,0.0,0,0,0.21
287,4,511.25,235,8.10344827586207,10.0,20,1,4.177702953830412,127.8125,111.6,189.9,98.15,41.9202889422294,91.75,18,7.25,4,394,20.689655172413797,131.0,0.0,0.0,0.0,1,1,0.93
74,2,1117.9,211,42.2,1.0,108,1,56.486281520383336,558.95,558.95,1101.2,16.7,766.8573041968108,1084.5,3,2.5,2,55,0.0,55.0,0.0,0.0,0.0,0,0,0.27
275,5,1654.03,1057,10.676767676767676,10.0,48,2,9.09118016499585,330.806,333.08,397.2,270.0,46.57759847823843,127.2,82,19.8,5,269,0.0,66.75,1.0,-2.95,16.666666666666664,1,1,0.89
16,2,979.12,287,7.175,4.0,24,1,7.239094361830572,489.56000000000006,489.56000000000006,646.57,332.55,222.0456714281997,314.02000000000004,36,20.0,2,63,0.0,63.0,1.0,-68.4,33.33333333333333,0,0,0.12
421,4,1079.66,626,2.675213675213675,2.0,25,1,2.817264554116432,269.915,233.79,469.24,142.84,140.26622508644053,326.4,193,57.5,4,268,9.401709401709402,89.0,0.0,0.0,0.0,1,1,0.86
647,2,842.4000000000001,432,144.0,144.0,168,120,24.0,421.2000000000001,421.2000000000001,608.4000000000001,234.0,264.74077887624344,374.4000000000001,2,1.5,2,74,0.0,74.0,0.0,0.0,0.0,1,1,0.97
25,15,2603.69,1783,11.80794701986755,12.0,60,1,8.22169101161724,173.57933333333332,155.0,372.16,9.96,116.17916339286778,362.2000000000001,73,10.066666666666666,8,647,0.0,45.785714285714285,3.0,-48.85,16.666666666666664,0,0,0.01
32,2,259.13,188,3.76,3.0,12,1,3.0941683132984874,129.565,129.565,144.9,114.23,21.68696497899141,30.67,43,24.0,2,384,0.0,384.0,0.0,0.0,0.0,0,0,0.12
20,3,1298.66,952,4.139130434782609,2.0,96,1,9.047074324095457,432.8866666666666,380.33,603.0,315.33,150.86470638732354,287.67,152,73.0,3,122,23.91304347826087,60.5,0.0,0.0,0.0,0,0,0.1
246,2,306.55,173,14.416666666666666,4.0,100,1,27.743822681269013,153.275,153.275,192.5,114.05,55.472526984084645,78.44999999999999,9,6.0,2,49,0.0,49.0,0.0,0.0,0.0,1,1,0.86
594,1,115.73,48,1.3714285714285714,1.0,7,1,1.1137037911643208,115.73,115.73,115.73,115.73,0.0,0.0,34,34.0,1,0,100.0,0.0,0.0,0.0,0.0,1,1,1.0
7,6,1706.37,1914,14.723076923076922,12.0,36,1,8.456927241387973,284.395,271.675,390.71,155.93,90.53974436676968,234.78,95,21.666666666666668,6,385,0.0,76.8,0.0,0.0,0.0,0,0,0.11
77,1,454.11,319,11.0,12.0,12,3,2.478478796128209,454.11,454.11,454.11,454.11,0.0,0.0,29,29.0,1,0,0.0,0.0,0.0,0.0,0.0,0,0,0.23
17,1,128.18,65,1.326530612244898,1.0,6,1,0.8987898137227082,128.18,128.18,128.18,128.18,0.0,0.0,49,49.0,1,0,0.0,0.0,0.0,0.0,0.0,0,0,0.2
16,20,5750.91,3666,7.036468330134357,4.0,72,1,8.490753692844514,287.5455,279.505,411.97,117.29,80.5614660711082,294.68,273,25.9,12,713,0.0,37.05263157894737,2.0,-65.2,9.090909090909092,0,0,0.01
450,1,55.98,36,2.117647058823529,2.0,4,1,0.9275204136012636,55.98,55.98,55.98,55.98,0.0,0.0,17,17.0,1,0,0.0,0.0,0.0,0.0,0.0,1,1,0.99
482,1,305.28000000000003,288,288.0,288.0,288,288,0.0,305.28000000000003,305.28000000000003,305.28000000000003,305.28000000000003,0.0,0.0,1,1.0,1,0,100.0,0.0,0.0,0.0,0.0,1,1,0.97
80,6,2446.41,1727,11.748299319727892,10.0,48,1,8.74434732278944,407.735,398.855,620.6,179.28,164.96245193982782,441.3200000000001,118,24.5,4,553,0.0,110.0,0.0,0.0,0.0,0,0,0.2
663,1,107.62,46,9.2,8.0,16,4,4.816637831516919,107.62,107.62,107.62,107.62,0.0,0.0,5,5.0,1,0,100.0,0.0,0.0,0.0,0.0,1,1,0.99
52,3,743.11,994,12.121951219512194,5.0,50,1,13.337397754501758,247.70333333333332,262.17,293.92,187.02,54.89868699097762,106.90000000000003,75,26.33333333333333,3,267,0.0,133.0,1.0,-40.32,25.0,0,0,0.18
81,2,2402.72,1008,42.0,30.0,100,16,27.769235401476376,1201.36,1201.36,2020.52,382.2,1158.4671817535443,1638.32,22,12.0,1,368,0.0,368.0,1.0,-1.7,33.33333333333333,0,0,0.31
355,6,1259.94,454,5.675,4.0,25,1,5.3148347438495565,209.99,198.625,302.92,102.3,68.79102674041144,200.62,61,13.0,5,380,66.25,75.8,0.0,0.0,0.0,1,1,0.98
166,4,1012.72,771,12.63934426229508,3.0,120,1,24.21296676499684,253.18,258.125,295.2,201.27,39.52592313912477,93.92999999999998,41,14.25,4,227,0.0,75.33333333333333,0.0,0.0,0.0,1,1,0.81
8,7,3292.73,2339,12.851648351648352,6.0,90,1,15.65917987619394,470.39,385.83,893.62,76.32000000000001,320.9145982968055,817.3,134,24.571428571428573,4,729,41.2087912087912,121.16666666666669,1.0,-4.95,12.5,0,0,0.03
25,16,3387.58,1645,4.740634005763689,2.0,32,1,6.124115380383574,211.72375,204.215,327.99,91.74,62.391549093874346,236.25,232,21.0,8,628,43.804034582132566,41.53333333333333,1.0,-32.849999999999994,5.88235294117647,0,0,0.02
2,106,50174.782,28675,34.71549636803874,24.0,192,1,30.857289137330845,473.347,442.51,1486.061,20.16,304.0706082444856,1465.901,321,7.792452830188679,12,733,17.070217917675546,6.900990099009901,29.0,-859.76,21.48148148148148,0,0,0.02
613,1,321.45,67,3.7222222222222223,4.0,6,1,1.6379885640466822,321.45,321.45,321.45,321.45,0.0,0.0,18,18.0,1,0,0.0,0.0,0.0,0.0,0.0,1,1,1.0
637,1,405.0,60,10.0,12.0,12,6,3.0983866769659336,405.0,405.0,405.0,405.0,0.0,0.0,6,6.0,1,0,0.0,0.0,1.0,-174.4,50.0,1,1,1.0
3,7,1341.6,1776,43.31707317073171,24.0,192,12,42.922278029241554,191.65714285714284,166.32,275.76,116.88,64.16707299809504,158.88,8,5.857142857142857,6,256,0.0,42.16666666666666,1.0,-1.45,12.5,0,0,0.14
15,9,17197.61,89806,236.9551451187335,5.0,7128,1,892.9492544364381,1910.845555555556,354.45,11880.84,134.94,3803.343540281732,11745.9,334,41.44444444444444,6,710,25.32981530343008,88.375,5.0,-12901.34,35.714285714285715,0,0,0.09
38,5,822.57,643,13.395833333333334,6.0,288,1,40.82330351562791,164.514,180.68,208.59,80.62,53.45924877885959,127.97,39,9.6,5,603,0.0,150.25,0.0,0.0,0.0,0,0,0.13
65,4,591.73,265,9.464285714285714,7.0,25,2,6.2151674859417,147.9325,147.20000000000002,177.69,119.64,24.5755127108266,58.05,23,7.0,3,349,0.0,115.66666666666669,0.0,0.0,0.0,0,0,0.26
17,13,2771.94,1313,3.9548192771084336,2.0,64,1,5.194210781918546,213.22615384615384,181.58,469.63,32.5,119.7247594511721,437.13,202,22.384615384615383,7,719,21.385542168674696,59.5,1.0,-13.75,7.142857142857142,0,0,0.0
358,3,2938.52,912,14.03076923076923,12.0,60,4,11.567693739961245,979.5066666666668,1277.62,1368.4,292.5,596.6941194056914,1075.9,47,21.666666666666668,2,25,70.76923076923077,12.0,2.0,-466.15,40.0,0,1,0.75
60,1,892.47,556,10.10909090909091,12.0,25,1,7.022906244654852,892.47,892.47,892.47,892.47,0.0,0.0,55,55.0,1,0,0.0,0.0,0.0,0.0,0.0,0,0,0.21
57,6,2304.03,842,7.196581196581197,5.0,48,1,7.331132617297412,384.00500000000005,375.02,713.85,126.2,223.3159969863333,587.65,94,18.666666666666668,6,664,0.0,132.2,1.0,-9.15,14.285714285714285,0,0,0.01
284,6,1794.32,788,7.88,6.0,24,2,6.578630848313638,299.05333333333334,294.99,426.71,158.68,97.01419435663357,268.03,77,16.666666666666668,6,444,0.0,88.4,2.0,-10.69,25.0,1,1,0.9
605,1,324.51,131,2.911111111111111,2.0,18,1,3.5917976141495087,324.51,324.51,324.51,324.51,0.0,0.0,45,45.0,1,0,0.0,0.0,0.0,0.0,0.0,1,1,1.0
472,2,632.94,469,7.0,4.0,48,1,7.553847103337878,316.47,316.47,406.26,226.68,126.9822357654802,179.57999999999998,62,32.5,1,23,55.223880597014926,23.0,0.0,0.0,0.0,1,1,0.94
244,2,287.05,180,6.428571428571429,2.0,36,1,10.358137153513914,143.52499999999998,143.52499999999998,176.07999999999998,110.97,46.03972252305609,65.10999999999999,27,14.0,2,399,100.0,399.0,0.0,0.0,0.0,1,1,0.83
60,2,2155.95,1518,14.055555555555555,10.0,192,1,22.87586710815911,1077.975,1077.975,1212.26,943.69,189.90766822327092,268.56999999999994,101,54.0,2,91,0.0,91.0,1.0,-5.1,33.33333333333333,0,0,0.22
146,11,2485.26,1379,4.821678321678322,3.0,96,1,9.2584538124848,225.9327272727273,214.17,529.4,115.26,107.30948467781484,414.14,188,24.727272727272727,8,586,66.78321678321679,58.1,0.0,0.0,0.0,1,1,0.75
509,4,6695.6900000000005,302,11.185185185185183,1.0,85,1,22.3056340537836,1673.9225,1695.3200000000002,3025.4500000000003,279.6,1530.263691119388,2745.8500000000004,24,6.75,2,94,0.0,31.0,2.0,-3250.3500000000004,33.33333333333333,1,1,0.87
626,1,1201.52,1359,20.28358208955224,10.0,288,4,47.761657618736095,1201.52,1201.52,1201.52,1201.52,0.0,0.0,67,67.0,1,0,0.0,0.0,1.0,-16.5,50.0,1,1,0.97
5,9,2308.06,1531,11.42537313432836,8.0,72,1,10.023563865536593,256.4511111111111,237.36,422.32,88.56,131.63168306342936,333.76,111,14.88888888888889,4,83,8.208955223880597,10.125,1.0,-12.75,10.0,0,0,0.07
19,4,556.13,250,3.7313432835820897,3.0,36,1,4.653386155661725,139.0325,161.64499999999998,209.05,23.79,82.01198789404714,185.26,56,16.0,2,384,56.71641791044776,127.66666666666669,0.0,0.0,0.0,0,0,0.07
579,1,403.39,179,7.458333333333333,7.0,12,1,3.513689584006195,403.39,403.39,403.39,403.39,0.0,0.0,24,24.0,1,0,100.0,0.0,1.0,-16.95,50.0,1,1,0.99
77,3,1948.21,2004,26.36842105263158,24.0,192,1,29.144166760097143,649.4033333333333,505.18,1166.37,276.66,462.05654246350986,889.7099999999999,76,25.33333333333333,3,499,32.89473684210527,249.0,0.0,0.0,0.0,0,0,0.3
20,9,2415.41,834,5.635135135135135,3.5,60,1,6.849349389281013,268.37888888888887,281.55,423.55,19.8,129.73886401580333,403.75,111,16.444444444444443,6,419,65.54054054054053,51.875,3.0,-81.31,25.0,0,0,0.08
50,23,6695.28,3050,9.050445103857566,8.0,32,1,6.673094170862394,291.09913043478264,238.0,1414.99,19.8,292.38280135206685,1395.19,239,14.652173913043478,9,686,5.044510385756676,30.90909090909091,0.0,0.0,0.0,0,0,0.03
212,2,1522.75,855,9.395604395604396,8.0,24,2,5.819276627208957,761.375,761.375,1056.63,466.12,417.5536253584682,590.5100000000001,88,45.5,2,160,0.0,160.0,0.0,0.0,0.0,1,1,0.77
31,1,2328.84,1402,58.41666666666666,54.0,108,24,29.69689877918988,2328.84,2328.84,2328.84,2328.84,0.0,0.0,24,24.0,1,0,0.0,0.0,1.0,-40.71,50.0,0,0,0.27
31,2,703.36,329,9.4,6.0,25,1,6.562818619716236,351.68,351.68,411.68,291.68,84.8528137423857,120.0,35,17.5,2,55,0.0,55.0,0.0,0.0,0.0,0,0,0.17
390,2,241.68,106,9.636363636363637,12.0,16,2,4.365151252195673,120.84,120.84,164.18,77.5,61.292015793249945,86.68,10,5.5,2,227,0.0,227.0,0.0,0.0,0.0,1,1,0.9
179,5,2061.4700000000003,713,6.726415094339623,6.0,48,1,6.705410777329185,412.294,303.6,727.6,240.8,205.08154763410576,486.8,86,21.2,4,466,0.0,116.0,2.0,-145.7,28.57142857142857,1,1,0.86
1,11,4611.6900000000005,1260,8.181818181818182,8.0,32,1,6.343598023857969,419.2445454545454,372.35,709.79,76.5,170.60426016741997,633.29,103,13.909090909090908,9,689,16.883116883116884,68.4,8.0,-241.6,42.10526315789473,0,0,0.0
15,52,17467.24,7407,15.593684210526316,12.0,128,1,18.14525202352156,335.90846153846155,312.85,1329.36,15.6,279.56844618709937,1313.7600000000002,176,9.134615384615383,11,714,8.631578947368421,15.130434782608695,11.0,-178.01,17.46031746031746,0,0,0.0
47,2,1161.5,633,9.173913043478262,6.0,96,2,11.223605011889704,580.75,580.75,760.2,401.3,253.78062376785192,358.90000000000003,59,34.5,2,31,0.0,31.0,1.0,-20.0,33.33333333333333,0,0,0.12
1,9,1733.08,2466,30.07317073170732,24.0,192,4,30.906382131996768,192.56444444444443,170.64,360.48,60.84,105.73740056279888,299.64,52,9.11111111111111,7,725,47.5609756097561,90.0,4.0,-42.96,30.76923076923077,0,0,0.07
65,2,1025.44,1162,58.1,48.0,288,6,63.658546372940286,512.72,512.72,801.94,223.5,409.0188465095466,578.44,20,10.0,2,20,0.0,20.0,2.0,-15.99,50.0,0,0,0.34
26,3,974.52,812,13.533333333333331,12.0,48,2,9.056258565712415,324.84,326.82,345.92,301.78000000000003,22.13651282383925,44.13999999999999,47,20.0,3,235,33.33333333333333,117.0,2.0,-3.3,40.0,0,0,0.24
23,4,1466.3,838,9.858823529411763,8.0,48,1,8.670081206266138,366.575,334.4,497.97,299.53,89.36468224826478,198.44000000000003,77,21.25,2,378,0.0,125.33333333333331,1.0,-30.0,20.0,0,0,0.09
65,1,92.46,62,10.333333333333334,10.0,12,10,0.8164965809277259,92.46,92.46,92.46,92.46,0.0,0.0,6,6.0,1,0,0.0,0.0,0.0,0.0,0.0,0,0,0.13
71,6,875.1500000000001,172,8.6,4.0,40,1,10.272087882883609,145.85833333333335,84.0,393.95,45.0,134.68075369801977,348.95,19,3.333333333333333,5,582,0.0,116.2,0.0,0.0,0.0,0,0,0.17
463,4,444.9,194,7.461538461538462,6.0,12,1,3.6685775906284905,111.225,117.3,161.1,49.2,47.403401776665774,111.9,20,6.5,3,65,11.538461538461538,21.33333333333333,0.0,0.0,0.0,1,1,0.89
18,1,322.08,48,48.0,48.0,48,48,0.0,322.08,322.08,322.08,322.08,0.0,0.0,1,1.0,1,0,0.0,0.0,0.0,0.0,0.0,0,0,0.12
298,1,3.75,3,3.0,3.0,3,3,0.0,3.75,3.75,3.75,3.75,0.0,0.0,1,1.0,1,0,0.0,0.0,0.0,0.0,0.0,1,1,0.99
141,2,342.22,259,3.158536585365854,1.0,50,1,6.673088596161843,171.11,171.11,178.75,163.47,10.804591616530438,15.28,75,39.5,2,595,0.0,595.0,0.0,0.0,0.0,1,1,0.76
92,8,1302.3,662,24.51851851851852,24.0,72,1,17.296888049077968,162.7875,108.85,346.1,67.2,103.07807633744711,278.90000000000003,16,3.375,6,468,18.51851851851852,66.42857142857143,1.0,-49.5,11.11111111111111,1,0,0.38
4,30,6120.01,3520,2.8137490007993606,2.0,121,1,5.270264017461454,204.00033333333332,170.89999999999998,504.58,5.04,108.82183476019284,499.54,653,40.53333333333333,12,626,42.60591526778577,19.741935483870968,1.0,-43.56,3.225806451612903,0,0,0.04
8,3,176.63,261,29.0,16.0,144,3,43.90330283703038,58.876666666666665,66.0,93.35,17.28,38.53203385928821,76.07,9,3.0,2,190,0.0,95.0,1.0,-25.4,25.0,0,0,0.12
109,4,1373.35,715,9.050632911392404,6.0,36,1,9.06797511417023,343.3375,265.325,590.65,252.05,165.32464695763505,338.6,74,19.75,4,502,0.0,167.0,0.0,0.0,0.0,1,1,0.71
189,1,39.12,72,36.0,36.0,48,24,16.97056274847714,39.12,39.12,39.12,39.12,0.0,0.0,2,2.0,1,0,0.0,0.0,0.0,0.0,0.0,1,1,0.69
362,4,689.07,373,37.3,24.0,192,1,55.19269275305684,172.2675,99.375,418.92,71.4,165.7236682704073,347.52,10,2.5,3,181,0.0,60.0,0.0,0.0,0.0,1,1,0.98
18,13,7491.92,5416,17.248407643312103,12.0,288,1,22.402691546120337,576.3015384615385,563.28,1285.62,67.5,406.4390043587139,1218.12,225,24.153846153846157,8,718,10.509554140127388,59.41666666666666,4.0,-65.1,23.52941176470588,0,0,0.01
19,1,285.56,182,9.1,9.0,24,3,6.08622257752359,285.56,285.56,285.56,285.56,0.0,0.0,20,20.0,1,0,100.0,0.0,1.0,-19.630000000000003,50.0,0,0,0.09
51,4,1929.66,1030,20.19607843137255,18.0,72,2,15.190812496826014,482.415,462.37,603.8,401.12,93.95141350719528,202.67999999999995,48,12.75,3,624,0.0,208.0,0.0,0.0,0.0,0,0,0.17
451,3,770.03,820,10.123456790123456,6.0,72,1,12.08654491164595,256.6766666666667,262.82,382.44,124.77,128.94480460000446,257.67,66,26.0,3,240,54.32098765432099,120.0,1.0,-2.55,25.0,1,1,0.97
29,3,276.75,276,6.9,1.5,48,1,11.270110230844445,92.25,70.02,176.61,30.12,75.73281785329263,146.48999999999998,40,13.333333333333334,3,282,85.0,141.0,0.0,0.0,0.0,0,0,0.24
36,2,604.51,289,9.633333333333333,9.0,24,2,6.048558296922033,302.255,302.255,317.56,286.95,21.64453857212023,30.610000000000014,29,15.0,2,319,0.0,319.0,0.0,0.0,0.0,0,0,0.14
260,1,170.95,39,2.1666666666666665,1.5,8,1,1.9478494929174643,170.95,170.95,170.95,170.95,0.0,0.0,18,18.0,1,0,0.0,0.0,0.0,0.0,0.0,1,1,0.95
394,3,384.56,112,2.24,2.0,12,1,2.181181106741979,128.18666666666667,126.3,183.9,74.36,54.79436589042101,109.54,47,16.0,3,199,78.0,99.0,0.0,0.0,0.0,1,1,0.9
22,7,2859.46,3005,11.69260700389105,6.0,180,1,17.731803607997893,408.4942857142857,465.43,655.82,9.0,210.70920766601088,646.82,179,36.42857142857143,6,658,0.0,109.5,4.0,-85.79,36.36363636363637,0,0,0.05
139,7,868.77,2091,48.627906976744185,20.0,900,1,138.3991851159285,124.11,119.35,194.48,38.9,56.58867937435307,155.57999999999998,20,6.142857142857143,7,517,34.88372093023256,85.83333333333333,0.0,0.0,0.0,1,1,0.81
2,151,528602.52,367193,95.39958430761236,72.0,2400,1,108.94338427347547,3500.678940397351,1407.86,20277.92,2.08,4484.906772752086,20275.84,961,25.47019867549669,12,735,2.6760197453884125,4.58,12.0,-5260.45,7.361963190184049,0,0,0.0
591,2,4157.88,1910,26.52777777777778,12.0,160,1,33.75427869475872,2078.94,2078.94,2343.72,1814.16,374.455467045148,529.5599999999997,53,35.5,2,132,0.0,132.0,0.0,0.0,0.0,1,1,0.94
385,3,1586.54,914,8.788461538461538,6.0,48,1,8.641369314499546,528.8466666666667,445.68,793.92,346.94,234.80907336245187,446.98,94,34.666666666666664,2,290,0.0,145.0,0.0,0.0,0.0,1,1,0.97
27,2,397.35,380,4.634146341463414,2.0,48,1,7.492403057982001,198.675,198.675,243.06,154.29,62.769868965929845,88.77000000000001,77,39.5,2,48,100.0,48.0,1.0,-32.45,33.33333333333333,0,0,0.14
10,38,9636.12,4027,2.3927510398098635,1.0,96,1,4.31650536049262,253.58210526315796,209.155,662.2,43.5,147.5563070566787,618.7,575,42.23684210526316,11,720,48.96019013666073,18.91891891891892,12.0,-83.5,24.0,0,0,0.01
382,3,530.86,273,3.9565217391304346,2.0,12,1,3.735500527957853,176.95333333333335,166.05,264.01,100.8,82.14948589816818,163.20999999999998,55,21.33333333333333,2,39,0.0,19.0,0.0,0.0,0.0,1,1,0.95
31,10,2156.77,902,8.843137254901961,10.0,25,1,5.455027834396802,215.677,215.77,325.0,87.9,97.90601945516708,237.1,71,10.2,8,700,0.0,77.22222222222223,5.0,-44.6,33.33333333333333,0,0,0.02
577,1,135.6,168,12.0,12.0,12,12,0.0,135.6,135.6,135.6,135.6,0.0,0.0,14,14.0,1,0,0.0,0.0,0.0,0.0,0.0,1,1,0.98
277,4,2164.24,859,22.605263157894736,12.0,160,3,37.178560716572974,541.06,602.2,634.74,325.1,145.2259655387654,309.64,25,9.5,4,449,21.052631578947366,149.66666666666666,0.0,0.0,0.0,1,1,0.94
114,1,4873.81,3028,17.707602339181285,12.0,100,1,17.26018541870262,4873.81,4873.81,4873.81,4873.81,0.0,0.0,171,171.0,1,0,0.0,0.0,0.0,0.0,0.0,1,1,0.56
438,1,445.05,1,1.0,1.0,1,1,0.0,445.05,445.05,445.05,445.05,0.0,0.0,1,1.0,1,0,0.0,0.0,2.0,-890.11,66.66666666666666,1,1,1.0
172,2,717.21,279,7.9714285714285715,6.0,36,1,8.118554327572607,358.605,358.605,426.85,290.36,96.51300456415188,136.49,30,17.5,2,412,0.0,412.0,0.0,0.0,0.0,1,1,0.88
61,3,409.21,275,3.125,1.0,36,1,5.039641704104284,136.40333333333334,141.56,154.18,113.47,20.83913225960557,40.71000000000001,78,26.33333333333333,3,539,87.5,269.0,0.0,0.0,0.0,0,0,0.17
76,6,1222.5,998,11.604651162790695,6.0,96,1,13.771478684985093,203.75,183.49,408.53,103.5,113.2500500662141,305.03000000000003,71,13.166666666666666,5,619,27.906976744186046,123.4,3.0,-48.8,33.33333333333333,0,0,0.11
19,4,1094.59,421,6.790322580645161,4.0,24,1,5.901200480186265,273.64750000000004,303.875,309.53000000000003,177.31,64.28574874469976,132.22000000000003,57,15.5,3,217,70.96774193548387,72.0,2.0,-23.35,33.33333333333333,0,0,0.15
20,5,892.33,494,3.1265822784810124,3.0,12,1,2.380210816588247,178.466,210.47,240.0,105.05,66.7037137646773,134.95,138,31.2,4,601,95.56962025316456,150.0,0.0,0.0,0.0,0,0,0.01
402,1,130.95,157,9.8125,3.5,30,1,11.748581474657552,130.95,130.95,130.95,130.95,0.0,0.0,15,15.0,1,0,0.0,0.0,0.0,0.0,0.0,1,1,1.0
82,4,602.5600000000001,298,9.933333333333334,10.0,24,2,4.94754089619684,150.64,108.58,306.65,78.75,106.43530773823755,227.9,29,7.5,3,368,0.0,122.33333333333331,2.0,-129.66,33.33333333333333,0,0,0.28
309,3,895.47,853,14.457627118644067,4.0,120,1,25.67792694520704,298.49,393.49,420.98,81.0,188.8527206581891,339.98,51,19.33333333333333,2,356,0.0,178.0,0.0,0.0,0.0,1,1,0.91
415,2,422.8,135,7.9411764705882355,8.0,18,1,4.656589259255294,211.4,211.4,299.6,123.2,124.733636201307,176.40000000000003,17,8.5,2,34,0.0,34.0,0.0,0.0,0.0,1,1,0.98
12,15,8698.13,4667,16.37543859649123,12.0,288,1,22.62281256021056,579.8753333333333,512.81,1025.87,102.84,281.4004347358472,923.03,213,18.866666666666667,7,727,27.719298245614038,51.5,4.0,-153.84,21.052631578947366,0,0,0.0
15,3,1339.41,1181,12.83695652173913,12.0,48,1,10.804229100663653,446.47,400.09,561.66,377.66,100.38589691784397,183.99999999999997,89,30.666666666666668,3,189,0.0,94.5,0.0,0.0,0.0,0,0,0.05
1,70,37642.48,16180,14.49820788530466,10.0,160,1,12.670752891924964,537.7497142857143,494.27,2328.58,10.2,366.44411095689566,2318.38,345,15.942857142857145,12,728,9.67741935483871,10.130434782608695,20.0,-578.16,22.22222222222222,0,0,0.01
724,1,60.48,144,144.0,144.0,144,144,0.0,60.48,60.48,60.48,60.48,0.0,0.0,1,1.0,1,0,0.0,0.0,0.0,0.0,0.0,1,1,0.93
31,3,1299.65,510,7.611940298507463,6.0,24,1,5.796956421602415,433.2166666666667,343.15,704.4,252.1,239.22338061597017,452.3,59,22.33333333333333,3,622,0.0,311.0,1.0,-16.8,25.0,0,0,0.07
464,2,296.21,235,8.703703703703704,1.0,144,1,27.319779837516453,148.105,148.105,152.64,143.57,6.413458505361981,9.069999999999991,27,13.5,2,195,0.0,195.0,0.0,0.0,0.0,1,1,0.99
170,2,289.4,194,1.8653846153846156,1.0,12,1,2.185822332238037,144.7,144.7,179.93,109.47,49.82274380240416,70.46000000000001,98,50.5,2,274,0.0,274.0,0.0,0.0,0.0,1,1,0.8
44,4,1443.69,866,13.746031746031743,12.0,112,1,15.890723865410218,360.9225,310.995,519.08,302.62,105.51223511201596,216.46000000000004,42,15.75,4,252,20.634920634920636,83.33333333333333,1.0,-12.75,20.0,0,0,0.19
495,1,190.35,137,8.058823529411764,6.0,24,1,7.084054173240897,190.35,190.35,190.35,190.35,0.0,0.0,16,16.0,1,0,100.0,0.0,0.0,0.0,0.0,1,1,1.0
131,3,675.6,198,2.8285714285714287,2.0,15,1,2.8077089973258618,225.2,258.75,279.08,137.77,76.39588274246196,141.30999999999997,68,23.33333333333333,3,234,65.71428571428571,117.0,0.0,0.0,0.0,1,1,0.67
405,2,560.14,302,30.2,12.0,192,4,57.4375022669568,280.07,280.07,340.29999999999995,219.84,85.17808286173147,120.45999999999997,10,5.0,2,165,80.0,165.0,0.0,0.0,0.0,1,1,0.98
10,28,11202.59,4506,16.813432835820894,12.0,96,1,19.67513989135874,400.0925,359.28,699.17,219.23,107.7297096002563,479.94,145,9.571428571428571,12,721,4.850746268656716,26.22222222222222,4.0,-35.59,12.5,0,0,0.0
3,5,987.1,622,10.19672131147541,12.0,48,1,8.675289951218051,197.42,158.96,323.38,125.75,84.2250417037593,197.63,40,12.2,5,131,0.0,32.25,0.0,0.0,0.0,0,0,0.08
12,2,462.12,209,1.771186440677966,1.0,32,1,3.2931190030670905,231.06,231.06,294.85,167.27,90.21268314377976,127.58,111,58.0,2,690,65.2542372881356,690.0,0.0,0.0,0.0,0,0,0.03
301,1,530.15,139,6.043478260869565,6.0,16,1,3.4572487862403647,530.15,530.15,530.15,530.15,0.0,0.0,23,23.0,1,0,0.0,0.0,0.0,0.0,0.0,1,1,0.96
625,2,239.4,181,18.1,4.0,96,1,30.74428582860742,119.7,119.7,153.75,85.65,48.15397179880389,68.1,9,5.0,2,43,0.0,43.0,1.0,-35.400000000000006,33.33333333333333,1,1,0.98
18,12,2171.07,1485,10.241379310344827,2.0,96,1,17.28088051627071,180.9225,130.10000000000002,575.18,40.32,147.93569107278273,534.8599999999999,111,12.0,8,703,0.0,63.54545454545455,1.0,-153.0,7.6923076923076925,0,0,0.01
95,6,3100.09,1646,10.688311688311687,12.0,48,1,8.614108719211666,516.6816666666667,506.725,837.97,184.48,264.41209922518044,653.49,108,25.666666666666668,5,140,0.0,27.6,1.0,-9.24,14.285714285714285,1,0,0.27
2,5,891.98,580,2.348178137651822,1.0,36,1,4.143785963883686,178.39600000000002,155.06,285.37,127.62,62.35078451791926,157.75,226,48.8,2,725,14.979757085020244,180.75,0.0,0.0,0.0,0,0,0.04
12,5,1086.24,587,3.861842105263158,3.0,24,1,3.128695096684356,217.248,208.71,272.74,182.26,35.913208851340485,90.48000000000002,95,29.8,3,411,25.0,102.5,0.0,0.0,0.0,0,0,0.08
361,4,548.76,248,10.333333333333334,9.0,24,2,7.136353146522673,137.19,131.155,184.45,102.0,39.76889990935128,82.45000000000002,23,6.0,3,374,33.33333333333333,124.66666666666669,1.0,-11.9,20.0,1,1,0.93
31,1,1764.72,1031,41.24,12.0,216,2,55.23380607321328,1764.72,1764.72,1764.72,1764.72,0.0,0.0,24,24.0,1,0,0.0,0.0,0.0,0.0,0.0,0,0,0.18
97,9,3273.83,1585,3.992443324937028,3.0,60,1,5.838520924930002,363.75888888888886,375.0,552.5699999999999,219.99,123.9798428621004,332.5799999999999,286,43.0,7,572,29.72292191435768,71.0,4.0,-382.35,30.76923076923077,1,0,0.29
26,3,449.93,363,13.444444444444445,12.0,48,1,8.63950378442105,149.97666666666666,159.94,175.31,114.68,31.51904556507594,60.63,25,9.0,2,363,40.74074074074074,181.0,0.0,0.0,0.0,0,0,0.1
111,3,1474.06,804,10.72,8.0,72,2,10.262184583821927,491.3533333333333,504.19,520.23,449.64,37.00435154591057,70.59000000000003,57,25.0,3,135,33.33333333333333,67.5,0.0,0.0,0.0,1,0,0.49
142,1,120.0,68,13.6,12.0,24,2,8.64869932417586,120.0,120.0,120.0,120.0,0.0,0.0,5,5.0,1,0,0.0,0.0,0.0,0.0,0.0,1,1,0.72
3,9,1228.17,446,2.2989690721649483,2.0,25,1,2.4900421306696825,136.46333333333334,143.07,174.65,106.15,24.88407020565566,68.5,123,21.33333333333333,4,735,0.0,91.375,0.0,0.0,0.0,0,0,0.01
61,4,528.01,241,1.2617801047120418,1.0,6,1,0.8300633925201706,132.0025,122.085,168.12,115.72,24.295659934783966,52.400000000000006,160,47.5,4,187,54.9738219895288,62.333333333333336,0.0,0.0,0.0,0,0,0.2
66,6,2940.36,1757,9.103626943005182,6.0,48,1,7.718324873967387,490.06,491.06500000000005,837.62,121.85,273.0377642012181,715.77,162,32.166666666666664,6,481,0.0,96.0,0.0,0.0,0.0,0,0,0.13
11,4,652.74,872,26.424242424242426,3.0,288,1,72.18120873149321,163.185,157.14,277.98,60.48,92.72746680460976,217.50000000000003,25,8.0,1,7,69.6969696969697,2.333333333333333,0.0,0.0,0.0,0,0,0.29
736,1,204.3,113,2.3541666666666665,1.0,25,1,3.698703529808579,204.3,204.3,204.3,204.3,0.0,0.0,46,46.0,1,0,0.0,0.0,0.0,0.0,0.0,1,1,1.0
382,5,1496.6,832,9.563218390804598,10.0,36,2,4.98066295537117,299.32,237.74,634.2,76.02000000000001,217.8364326736921,558.1800000000001,75,17.4,4,224,44.82758620689656,55.75,1.0,-30.19,16.666666666666664,1,1,0.94
364,4,773.05,211,19.181818181818183,7.0,60,3,22.661942466691517,193.2625,190.35,315.0,77.35,98.02573960445288,237.65,7,2.75,4,191,0.0,63.0,1.0,-72.6,20.0,1,1,0.92
464,4,1275.81,673,9.094594594594597,6.0,36,1,7.485454239781364,318.9525,326.34000000000003,364.5,258.63,47.2859819784539,105.87,72,18.5,3,211,0.0,70.33333333333333,1.0,-15.3,20.0,1,1,0.96
3,25,7250.76,5166,21.61506276150628,10.0,100,1,25.14133041127668,290.0304,233.0,897.0,87.3,196.81033622669997,809.7,100,9.56,10,659,5.857740585774058,27.041666666666668,1.0,-5.0,3.8461538461538463,0,0,0.0
233,1,73.5,23,1.0,1.0,1,1,0.0,73.5,73.5,73.5,73.5,0.0,0.0,23,23.0,1,0,0.0,0.0,0.0,0.0,0.0,1,1,1.0
493,3,1535.37,915,11.024096385542167,12.0,24,2,5.95097020910212,511.79,410.71,758.38,366.28,214.7055595460909,392.1,73,27.666666666666668,3,188,0.0,94.0,0.0,0.0,0.0,1,1,0.94
39,4,1970.6,1133,13.650602409638552,12.0,48,1,10.6329374769522,492.65,496.9,586.74,390.06,99.49127465930536,196.68,52,20.75,4,169,0.0,56.333333333333336,3.0,-48.34,42.85714285714285,0,0,0.15
549,2,1127.45,571,10.38181818181818,8.0,60,1,11.420402323280438,563.725,563.725,943.95,183.5,537.7193517533101,760.45,48,26.5,2,18,0.0,18.0,0.0,0.0,0.0,1,1,0.94
36,8,2142.7200000000003,1494,10.52112676056338,12.0,48,1,6.208799874736423,267.84000000000003,269.06,379.28,154.8,80.25425524988869,224.48,114,17.75,5,490,0.0,60.875,3.0,-58.85,27.27272727272727,0,0,0.11
610,2,1240.25,790,9.634146341463415,6.0,25,1,8.076046268833808,620.125,620.125,858.27,381.98,336.7878888113407,476.29,78,41.0,2,87,0.0,87.0,0.0,0.0,0.0,1,1,0.96
2,5,1070.71,1034,14.164383561643836,12.0,48,1,13.909442934198552,214.142,147.44,539.12,100.98,183.0055076220385,438.14,59,14.0,4,216,10.95890410958904,53.75,0.0,0.0,0.0,0,0,0.08
166,1,131.45000000000002,17,2.833333333333333,3.0,4,1,0.9831920802501752,131.45000000000002,131.45000000000002,131.45000000000002,131.45000000000002,0.0,0.0,6,6.0,1,0,100.0,0.0,0.0,0.0,0.0,1,1,0.93
375,3,570.18,270,1.862068965517241,1.0,12,1,1.8318959882802828,190.06,148.87,298.96,122.35,95.23778189353214,176.61,123,47.333333333333336,1,19,0.0,9.0,0.0,0.0,0.0,1,1,0.88
509,13,4335.96,2048,11.636363636363637,10.0,100,1,15.203519756523916,333.5353846153846,319.45,679.35,175.2,129.74345491619124,504.15,77,13.538461538461538,8,221,19.318181818181817,17.916666666666668,5.0,-179.04999999999998,27.77777777777778,1,1,0.91
52,5,3469.3,1883,8.559090909090909,6.0,48,1,6.543926675836901,693.86,593.58,944.37,504.54,219.34539828772336,439.83,189,44.0,4,572,13.636363636363637,142.75,1.0,-25.5,16.666666666666664,0,0,0.12
116,3,794.56,482,9.26923076923077,12.0,24,1,5.179580513771606,264.8533333333333,234.17,398.34,162.05,121.09641296641831,236.29,52,17.333333333333332,3,415,0.0,207.5,3.0,-21.55,50.0,1,0,0.5
408,3,740.76,284,3.55,3.0,12,1,2.25523301442824,246.92,247.98,340.63,152.15,94.24447092535456,188.48,70,25.33333333333333,3,174,0.0,87.0,0.0,0.0,0.0,1,1,0.95
376,2,563.1,338,3.4489795918367347,2.5,12,1,2.6559501337527545,281.55,281.55,323.38,239.72,59.15655331406658,83.66,87,48.0,2,307,100.0,307.0,0.0,0.0,0.0,1,1,0.87
282,3,495.48,263,9.06896551724138,3.0,125,1,22.855026071933683,165.16,86.25,333.13,76.1,145.55478796659352,257.03,28,9.666666666666666,2,105,0.0,52.0,0.0,0.0,0.0,1,1,0.94
191,2,443.06,212,16.307692307692307,12.0,48,2,13.900747074555715,221.53,221.53,309.5,133.56,124.40836708196116,175.94,10,6.5,2,191,0.0,191.0,1.0,-51.0,33.33333333333333,1,1,0.83
29,2,183.44,286,16.823529411764707,12.0,25,4,8.368357769879696,91.72,91.72,107.46,75.98,22.259721471752517,31.480000000000004,16,8.5,2,20,0.0,20.0,0.0,0.0,0.0,0,0,0.11
407,3,1596.29,625,5.9523809523809526,4.0,25,1,6.391672696053814,532.0966666666667,534.6800000000001,584.35,477.26,53.5917179546741,107.09000000000005,84,34.666666666666664,3,329,0.0,164.0,0.0,0.0,0.0,1,1,0.92
93,5,431.92,251,22.818181818181817,12.0,88,1,29.21238840566852,86.384,85.5,148.72,37.98,40.550258692146464,110.74,10,2.2,3,490,0.0,122.25,0.0,0.0,0.0,1,1,0.54
40,2,1075.81,466,3.851239669421488,2.0,25,1,4.354425252975019,537.905,537.905,675.51,400.3,194.60285725034976,275.21,110,58.5,2,362,80.16528925619835,362.0,1.0,-17.700000000000003,33.33333333333333,0,0,0.11
155,5,743.53,496,3.674074074074074,1.0,48,1,6.273409448926086,148.706,156.62,212.23,104.95,43.33028998287457,107.28,117,25.8,4,405,0.0,100.75,0.0,0.0,0.0,1,1,0.78
106,5,953.63,601,5.008333333333334,3.0,48,1,6.129547988507585,190.726,214.21,228.36,127.31,45.82447959333527,101.05,101,23.8,3,631,0.0,157.5,0.0,0.0,0.0,1,1,0.56
66,2,711.5,464,16.571428571428573,12.0,48,1,9.465056871847183,355.75,355.75,406.53,304.97,71.81376469730579,101.56,27,14.0,2,454,0.0,454.0,0.0,0.0,0.0,0,0,0.47
654,1,207.04,139,2.673076923076923,2.0,12,1,2.625076311467086,207.04,207.04,207.04,207.04,0.0,0.0,50,50.0,1,0,0.0,0.0,0.0,0.0,0.0,1,1,1.0
371,4,2266.76,1142,10.773584905660377,6.0,120,1,18.42528439729748,566.69,518.905,1008.95,220.0,335.1392338516436,788.95,92,26.5,3,213,0.0,70.66666666666667,0.0,0.0,0.0,1,1,0.95
99,7,2102.68,1406,11.619834710743802,10.0,24,2,5.879705489148114,300.3828571428571,334.7,399.34,15.0,129.72500025236536,384.34,75,17.285714285714285,5,561,19.83471074380165,93.16666666666669,6.0,-173.36,46.15384615384615,0,0,0.38
512,1,128.31,44,2.2,2.0,6,1,1.2814465510343749,128.31,128.31,128.31,128.31,0.0,0.0,20,20.0,1,0,0.0,0.0,0.0,0.0,0.0,1,1,1.0
25,3,345.46000000000004,180,9.0,12.0,24,1,5.721611845036603,115.15333333333336,127.95000000000002,134.16,83.35,27.716962916837293,50.81,20,6.666666666666667,3,280,0.0,140.0,1.0,-11.9,25.0,0,0,0.12
75,5,2019.4,2714,53.21568627450981,24.0,144,1,48.70084751849405,403.88,310.0,892.8,222.16,279.89711824168535,670.64,25,9.4,4,362,5.88235294117647,90.5,0.0,0.0,0.0,0,0,0.33
82,3,1179.89,592,9.548387096774194,7.0,32,2,7.783288991154754,393.2966666666667,360.23,582.72,236.94,175.24555752809638,345.78000000000003,51,20.666666666666668,3,158,0.0,78.5,0.0,0.0,0.0,0,0,0.36
589,1,62.5,22,5.5,5.5,10,1,5.196152422706632,62.5,62.5,62.5,62.5,0.0,0.0,4,4.0,1,0,0.0,0.0,0.0,0.0,0.0,1,1,1.0
4,12,5608.1,3068,5.00489396411093,3.0,72,1,7.22457060692359,467.3416666666667,494.11,987.73,9.7,347.00550039741535,978.03,361,48.583333333333336,6,732,12.234910277324634,66.18181818181819,1.0,-13.5,7.6923076923076925,0,0,0.01
395,2,487.03,276,2.1904761904761907,1.0,24,1,3.278327099517156,243.515,243.515,338.59,148.44,134.456354442622,190.15,117,60.0,2,149,26.190476190476197,149.0,0.0,0.0,0.0,1,1,0.9
119,7,6520.3,3510,16.956521739130434,12.0,100,1,21.41619574691444,931.4714285714286,339.3,3078.21,19.5,1117.9282191093273,3058.71,168,29.428571428571427,3,491,31.40096618357488,81.66666666666667,0.0,0.0,0.0,1,0,0.41
554,1,125.3,122,15.25,12.0,24,10,5.650537269018887,125.3,125.3,125.3,125.3,0.0,0.0,8,8.0,1,0,0.0,0.0,0.0,0.0,0.0,1,1,0.98
318,1,157.02,154,15.4,11.0,24,6,7.545418035691153,157.02,157.02,157.02,157.02,0.0,0.0,10,10.0,1,0,0.0,0.0,0.0,0.0,0.0,1,1,0.98
15,1,318.17,183,8.318181818181818,8.0,12,3,3.014036427187897,318.17,318.17,318.17,318.17,0.0,0.0,22,22.0,1,0,0.0,0.0,0.0,0.0,0.0,0,0,0.04
267,1,152.55,45,6.428571428571429,6.0,12,3,2.699206232527312,152.55,152.55,152.55,152.55,0.0,0.0,7,7.0,1,0,0.0,0.0,0.0,0.0,0.0,1,1,0.96
175,2,340.93,139,8.176470588235293,6.0,24,1,6.91226531353549,170.465,170.465,213.73,127.2,61.18594977607194,86.52999999999999,17,8.5,2,197,0.0,197.0,0.0,0.0,0.0,1,1,0.83
70,3,1843.35,1355,16.325301204819276,12.0,40,2,11.167361451946167,614.4499999999999,439.5,973.68,430.17,311.1372798299811,543.51,69,27.666666666666668,3,350,0.0,174.5,1.0,-3.9,25.0,0,0,0.2
421,1,1041.21,793,10.716216216216216,10.0,36,2,7.578846318157796,1041.21,1041.21,1041.21,1041.21,0.0,0.0,74,74.0,1,0,0.0,0.0,0.0,0.0,0.0,1,1,0.89
23,3,918.71,671,6.643564356435643,4.0,120,1,12.799675119639438,306.2366666666667,321.26,384.18,213.27,86.43976187688935,170.91,86,32.0,2,707,0.0,353.0,1.0,-5.0,25.0,0,0,0.06
71,1,243.56,126,7.875,9.0,16,1,5.018299844900993,243.56,243.56,243.56,243.56,0.0,0.0,16,16.0,1,0,0.0,0.0,0.0,0.0,0.0,0,0,0.05
80,6,13925.93,4958,44.267857142857146,33.0,480,4,54.87856900382275,2320.988333333333,2179.58,3978.99,728.88,1387.1738140322095,3250.11,88,18.666666666666668,5,657,0.0,131.2,0.0,0.0,0.0,0,0,0.08
549,1,105.8,23,2.3,1.5,8,1,2.213594362117865,105.8,105.8,105.8,105.8,0.0,0.0,10,10.0,1,0,0.0,0.0,0.0,0.0,0.0,1,1,1.0
31,4,1044.96,660,12.692307692307692,12.0,48,1,9.625412568776223,261.24,271.815,306.58,194.75,49.87306353801284,111.82999999999998,49,13.0,3,707,0.0,235.0,1.0,-3.75,20.0,0,0,0.03
633,1,374.45,275,4.435483870967742,4.0,12,1,3.175835853533373,374.45,374.45,374.45,374.45,0.0,0.0,61,61.0,1,0,0.0,0.0,0.0,0.0,0.0,1,1,1.0
151,9,2541.29,986,8.963636363636363,2.0,128,1,22.064512282211822,282.36555555555555,326.4,498.02,33.260000000000005,181.11496294557716,464.76,66,11.444444444444445,6,582,49.09090909090909,72.625,0.0,0.0,0.0,1,1,0.66
16,8,2055.09,1588,13.689655172413794,12.0,48,1,8.708230782330059,256.88625,240.45,501.33,20.8,169.34143109094293,480.53,102,14.5,5,570,20.689655172413797,94.66666666666669,4.0,-21.8,33.33333333333333,0,0,0.05
20,7,1969.6,1120,80.0,100.0,100,20,33.282011773513744,281.37142857142857,330.0,441.2,165.0,114.3885442149652,276.2,7,2.0,6,684,21.428571428571427,113.5,3.0,-8.99,30.0,0,0,0.1
5,26,14000.85,6644,11.53472222222222,10.0,144,2,12.715981423975068,538.4942307692307,485.71,1389.05,15.0,332.4668769327023,1374.05,192,22.153846153846157,11,730,3.9930555555555554,28.68,26.0,-503.27,50.0,0,0,0.01
270,3,340.85,323,5.046875,1.0,25,1,7.469365344578724,113.61666666666667,158.3,170.75,11.8,88.39528173682876,158.95,57,20.666666666666668,1,371,0.0,185.5,0.0,0.0,0.0,1,1,0.97
468,2,954.75,309,8.583333333333334,8.0,24,2,4.197788533433833,477.375,477.375,836.75,118.0,508.232998977831,718.75,36,18.0,2,60,8.333333333333332,60.0,1.0,-51.0,33.33333333333333,1,1,0.94
4,5,2654.11,3466,22.80263157894737,16.0,200,1,22.19183056943044,530.822,430.7000000000001,1085.46,269.84,318.15373519731,815.6200000000001,152,30.4,3,725,0.0,180.75,2.0,-66.57,28.57142857142857,0,0,0.05
58,18,6132.43,4366,14.129449838187702,12.0,72,1,11.37821197786464,340.6905555555556,363.05,648.27,19.8,201.38308175544503,628.47,152,17.166666666666668,7,585,9.385113268608414,34.11764705882353,3.0,-23.55,14.285714285714285,0,0,0.02
282,3,2027.3,786,22.457142857142856,24.0,48,2,13.53936060950759,675.7666666666667,492.4,1160.9,374.0,424.2881135894962,786.8999999999999,33,11.666666666666666,3,399,48.57142857142857,199.5,0.0,0.0,0.0,1,1,0.92
86,4,1332.79,871,21.775,12.0,240,2,39.02496735326088,333.1975,305.225,422.04,300.29999999999995,59.31109529421963,121.74000000000008,33,10.0,4,311,30.0,103.33333333333331,0.0,0.0,0.0,0,0,0.43
25,4,971.32,1014,4.1387755102040815,1.0,72,1,8.610249713790187,242.83,267.06,285.67,151.53,61.53143153435216,134.14,202,59.75,3,410,51.42857142857142,136.66666666666666,1.0,-8.4,20.0,0,0,0.14
406,1,107.75,45,9.0,10.0,12,1,4.58257569495584,107.75,107.75,107.75,107.75,0.0,0.0,5,5.0,1,0,0.0,0.0,0.0,0.0,0.0,1,1,0.99
233,1,267.03,293,10.851851851851851,9.0,36,1,9.582450721154888,267.03,267.03,267.03,267.03,0.0,0.0,27,27.0,1,0,0.0,0.0,0.0,0.0,0.0,1,1,0.93
57,20,4234.99,4487,18.852941176470587,12.0,384,1,34.3773949954273,211.7495,218.605,516.12,55.8,109.24321929939056,460.32,178,11.9,9,590,15.126050420168069,30.57894736842105,2.0,-34.95,9.090909090909092,0,0,0.09
74,2,927.28,543,8.901639344262295,6.0,48,1,7.913500948869569,463.64,463.64,610.6,316.68,207.83282512635003,293.92,56,30.5,1,360,0.0,360.0,0.0,0.0,0.0,0,0,0.11
227,2,467.71,426,18.52173913043478,6.0,96,2,25.480597904390265,233.855,233.855,263.76,203.95,42.29205658276741,59.81,21,11.5,2,299,0.0,299.0,0.0,0.0,0.0,1,1,0.86
185,3,175.83,107,21.4,12.0,72,1,28.649607327151973,58.61000000000001,33.15,121.68,21.0,54.957022299247626,100.68,4,1.6666666666666667,3,231,60.0,115.5,0.0,0.0,0.0,1,1,0.77
17,10,3288.0,1746,10.151162790697674,10.0,36,2,6.734770459557983,328.8,345.04,588.68,27.0,178.99415254260248,561.68,127,17.2,7,666,0.0,82.75,6.0,-189.5,37.5,0,0,0.0
4,2,304.09000000000003,160,3.1372549019607843,1.0,25,1,4.303578082680211,152.04500000000002,152.04500000000002,193.39,110.7,58.47065973631562,82.69000000000001,51,25.5,2,449,3.92156862745098,449.0,0.0,0.0,0.0,0,0,0.13
35,2,573.22,271,3.51948051948052,2.0,32,1,4.188362290198596,286.61,286.61,465.4,107.82,252.84724281668568,357.58,76,38.0,1,360,0.0,360.0,0.0,0.0,0.0,0,0,0.07
334,7,2193.9,270,16.875,10.0,32,6,11.476788168589096,313.41428571428565,350.4,399.9,175.2,82.97783697211823,224.7,11,2.2857142857142856,3,367,0.0,60.66666666666666,7.0,-443.8,50.0,1,1,0.76
31,2,276.56,96,6.4,4.0,24,2,7.287954837558045,138.28,138.28,140.96,135.6,3.790092347159904,5.360000000000014,15,7.5,2,58,53.333333333333336,58.0,0.0,0.0,0.0,0,0,0.09
734,1,204.24,164,13.666666666666666,2.5,72,1,23.10975131974825,204.24,204.24,204.24,204.24,0.0,0.0,12,12.0,1,0,100.0,0.0,0.0,0.0,0.0,1,1,1.0
24,2,571.6700000000001,269,9.607142857142858,8.0,36,1,6.913964857656572,285.83500000000004,285.83500000000004,371.69,199.98,121.41730539754208,171.70999999999998,25,14.0,2,40,0.0,40.0,2.0,-16.63,50.0,0,0,0.18
5,5,1845.31,808,9.28735632183908,8.0,36,1,7.115178740628606,369.062,147.01,1268.74,4.5,530.5532164825693,1264.24,70,17.4,4,115,18.39080459770115,28.25,1.0,-41.35,16.666666666666664,0,0,0.14
408,2,1185.46,902,12.026666666666667,10.0,144,1,19.341855841345403,592.73,592.73,721.06,464.4,181.48602645933923,256.66,74,37.5,2,156,0.0,156.0,0.0,0.0,0.0,1,1,0.9
434,1,834.4399999999999,790,19.75,24.0,60,1,12.169212940438818,834.4399999999999,834.4399999999999,834.4399999999999,834.4399999999999,0.0,0.0,40,40.0,1,0,0.0,0.0,0.0,0.0,0.0,1,1,0.94
264,4,1584.97,700,10.606060606060606,6.0,25,1,8.831549716571288,396.2425,350.75,576.9,306.57000000000005,124.6769939684142,270.3299999999999,58,16.5,3,380,18.181818181818183,126.33333333333331,0.0,0.0,0.0,1,1,0.93
509,1,221.83,115,8.214285714285714,7.0,24,1,7.073010146145172,221.83,221.83,221.83,221.83,0.0,0.0,14,14.0,1,0,0.0,0.0,1.0,-6.300000000000001,50.0,1,1,1.0
61,6,7587.19,4263,11.90782122905028,10.0,288,1,17.26543137977897,1264.5316666666668,1162.275,2120.09,748.42,476.20497827791206,1371.67,292,59.66666666666666,4,672,31.28491620111732,134.0,0.0,0.0,0.0,0,0,0.17
402,2,882.47,433,10.30952380952381,11.0,36,1,7.856915845099796,441.235,441.235,458.27,424.2000000000001,24.09112803502563,34.069999999999936,38,21.0,2,187,0.0,187.0,2.0,-43.900000000000006,50.0,1,1,0.91
4,84,56078.44,25520,118.14814814814817,62.0,960,3,162.64767542801243,667.6004761904762,525.6,2251.2,25.5,503.4005646920757,2225.7,54,2.523809523809524,12,728,0.0,8.8,10.0,-4657.52,10.638297872340424,0,0,0.05
22,5,822.92,347,1.96045197740113,1.0,25,1,3.162927265282085,164.584,137.56,263.06,130.49,55.81653276583919,132.57,142,33.8,3,518,42.93785310734463,129.25,1.0,-18.85,16.666666666666664,0,0,0.09
33,10,3949.6,2308,5.65686274509804,3.0,72,1,8.113743123853896,394.96,371.61,704.41,106.09,251.79773681799972,598.3199999999999,303,40.2,7,697,20.833333333333336,77.22222222222223,0.0,0.0,0.0,0,0,0.04
33,31,10195.97,5356,3.025988700564972,2.0,36,1,3.3075623406854566,328.9022580645161,336.38,613.94,3.3,114.38056220965976,610.6400000000001,449,56.87096774193548,12,705,2.8813559322033897,23.1,8.0,-77.1,20.51282051282051,0,0,0.01
64,1,233.76,136,9.714285714285714,12.0,12,4,3.2208114464566804,233.76,233.76,233.76,233.76,0.0,0.0,14,14.0,1,0,0.0,0.0,0.0,0.0,0.0,0,0,0.03
42,3,539.0,333,9.25,8.0,24,1,6.2809234989768825,179.66666666666666,139.88,278.74,120.38,86.35222367335616,158.36,33,12.0,2,63,0.0,31.0,0.0,0.0,0.0,0,0,0.12
4,9,2859.74,1451,11.248062015503876,6.0,48,1,12.415987052833298,317.74888888888887,343.94,418.03,208.5,64.7648663328437,209.53000000000003,82,14.22222222222222,6,446,16.27906976744186,55.25,3.0,-72.65,25.0,0,0,0.1
1,2,1239.38,1533,20.17105263157895,12.0,180,2,28.606007834203755,619.69,619.69,754.38,485.0,190.4804247160322,269.38,73,38.0,2,27,0.0,27.0,1.0,-23.76,33.33333333333333,0,0,0.12
411,2,381.15,238,4.958333333333333,2.0,48,1,9.199811129729516,190.575,190.575,194.6,186.55,5.692209588551716,8.050000000000011,45,22.5,2,77,56.25,77.0,0.0,0.0,0.0,1,1,0.97
24,28,144458.37,91447,98.7548596112311,72.0,1152,1,106.26936378402452,5159.2275,708.62,22775.93,10.0,7419.20455737407,22765.93,498,33.07142857142857,11,503,0.0,18.846153846153847,5.0,-1189.08,15.151515151515152,0,0,0.07
92,15,2048.36,2099,59.97142857142857,32.0,288,1,69.99264066956725,136.55733333333333,111.0,320.52,45.0,82.84468294574462,275.52,20,2.333333333333333,8,608,11.428571428571429,42.85714285714285,3.0,-248.52,16.666666666666664,1,0,0.35
51,7,1533.69,932,6.955223880597015,2.0,96,1,15.4169449162603,219.09857142857143,178.5,448.37,69.89999999999999,147.55786903545916,378.47,125,18.571428571428573,5,670,0.0,111.33333333333331,1.0,-76.5,12.5,0,0,0.05
100,25,8767.73,4468,11.727034120734908,10.0,288,1,17.903661162525307,350.7092,267.70000000000005,1639.91,41.3,321.30051265546814,1598.61,186,15.24,10,633,24.40944881889764,27.08695652173913,5.0,-89.85,16.666666666666664,1,0,0.42
477,2,442.0,208,10.947368421052632,6.0,32,1,9.857167072240305,221.0,221.0,259.3,182.7,54.164379438889554,76.60000000000002,17,9.5,2,84,0.0,84.0,0.0,0.0,0.0,1,1,0.96
40,3,709.64,426,12.909090909090908,12.0,25,6,6.100018628883626,236.5466666666667,243.94,342.36,123.34,109.6970197103519,219.02,27,11.0,3,537,0.0,268.0,0.0,0.0,0.0,0,0,0.07
18,11,4426.28,2128,12.229885057471265,12.0,48,1,8.904374646654501,402.3890909090909,340.48,929.22,118.55,217.51077225988357,810.6700000000001,129,15.818181818181818,8,664,0.0,65.9,3.0,-152.63,21.428571428571427,0,0,0.01
4,1,168.9,173,15.727272727272728,12.0,60,1,16.67987355522163,168.9,168.9,168.9,168.9,0.0,0.0,11,11.0,1,0,0.0,0.0,0.0,0.0,0.0,0,0,0.05
141,8,2437.05,1087,10.064814814814817,6.0,96,2,12.029770818544067,304.63125,303.44500000000005,477.28,138.7,91.63311432594348,338.58000000000004,91,13.5,7,588,17.59259259259259,83.57142857142857,0.0,0.0,0.0,1,1,0.65
383,1,383.97,192,8.0,5.5,25,2,6.724387801454332,383.97,383.97,383.97,383.97,0.0,0.0,24,24.0,1,0,100.0,0.0,0.0,0.0,0.0,1,1,0.93
120,8,3434.93,2108,14.243243243243244,12.0,72,1,13.062185970770289,429.36625,336.625,721.56,196.8,235.1297831251924,524.76,111,18.5,6,378,18.24324324324324,53.71428571428572,1.0,-247.9,11.11111111111111,1,1,0.53
309,1,153.94,102,9.272727272727272,12.0,16,2,4.221158824088691,153.94,153.94,153.94,153.94,0.0,0.0,11,11.0,1,0,0.0,0.0,0.0,0.0,0.0,1,1,0.98
283,2,875.93,522,7.676470588235294,5.0,96,1,12.179553672275452,437.965,437.965,458.73,417.2,29.36614462267736,41.53000000000003,55,33.0,2,131,0.0,131.0,1.0,-2.5,33.33333333333333,1,1,0.89
481,1,188.4,116,9.666666666666666,11.0,24,2,5.898125023079689,188.4,188.4,188.4,188.4,0.0,0.0,12,12.0,1,0,0.0,0.0,0.0,0.0,0.0,1,1,0.99
529,2,297.0,180,90.0,90.0,108,72,25.45584412271571,148.5,148.5,178.2,118.8,42.00214280248092,59.39999999999999,1,1.0,2,88,0.0,88.0,1.0,-3.9,33.33333333333333,1,1,0.9
394,2,199.11,70,1.5217391304347827,1.0,12,1,1.7093095478686071,99.555,99.555,174.26,24.85,105.64882417708206,149.41,44,22.0,1,0,0.0,0.0,0.0,0.0,0.0,1,1,0.94
77,1,114.18,53,1.827586206896552,1.0,12,1,2.3462578946855746,114.18,114.18,114.18,114.18,0.0,0.0,29,29.0,1,0,0.0,0.0,0.0,0.0,0.0,0,0,0.46
676,1,176.10000000000002,70,10.0,12.0,24,2,7.659416862050705,176.10000000000002,176.10000000000002,176.10000000000002,176.10000000000002,0.0,0.0,7,7.0,1,0,0.0,0.0,0.0,0.0,0.0,1,1,1.0
331,1,197.65,6,2.0,2.0,3,1,1.0,197.65,197.65,197.65,197.65,0.0,0.0,3,3.0,1,0,0.0,0.0,0.0,0.0,0.0,1,1,0.98
2,53,32809.03,19411,18.664423076923075,12.0,240,1,23.560866308903645,619.0383018867924,474.03,2054.79,90.0,396.2226706359785,1964.79,293,19.50943396226415,12,734,11.25,13.653846153846152,9.0,-286.63,14.516129032258066,0,0,0.0
237,6,1527.61,777,13.63157894736842,12.0,36,3,7.752031021764941,254.6016666666667,258.91,361.09,148.0,92.2998722462099,213.09000000000003,40,9.5,4,495,29.82456140350877,98.6,1.0,-5.04,14.285714285714285,1,1,0.9
78,4,2648.62,1952,26.37837837837838,22.0,144,3,20.2408123603168,662.155,668.28,728.86,583.2,62.33154658758274,145.65999999999997,49,18.5,4,521,17.56756756756757,173.33333333333334,0.0,0.0,0.0,0,0,0.36
254,3,597.78,873,26.454545454545453,24.0,288,4,47.88533890261383,199.26,193.5,214.44,189.84,13.2730252768538,24.599999999999994,33,11.0,2,208,0.0,104.0,0.0,0.0,0.0,1,1,0.88
647,1,106.54,66,4.4,2.0,32,1,7.881261682896065,106.54,106.54,106.54,106.54,0.0,0.0,13,13.0,1,0,0.0,0.0,0.0,0.0,0.0,1,1,0.99
8,6,1335.19,673,13.46,12.0,72,2,10.654519018247802,222.53166666666667,237.86,336.12,52.8,100.04932911652465,283.32,34,8.333333333333334,5,161,0.0,31.8,2.0,-33.75,25.0,0,0,0.07
17,6,2634.44,1728,17.632653061224488,12.0,108,1,18.83645716853086,439.0733333333333,425.635,599.4200000000001,294.08,110.27172759445943,305.3400000000001,83,16.333333333333332,3,586,0.0,116.8,2.0,-102.6,25.0,0,0,0.06
23,1,30.0,24,24.0,24.0,24,24,0.0,30.0,30.0,30.0,30.0,0.0,0.0,1,1.0,1,0,0.0,0.0,0.0,0.0,0.0,0,0,0.26
407,1,106.8,72,18.0,18.0,24,12,6.928203230275509,106.8,106.8,106.8,106.8,0.0,0.0,4,4.0,1,0,0.0,0.0,1.0,-2.5,50.0,1,1,0.95
376,2,368.31,169,1.9651162790697676,1.0,25,1,3.2519593167942324,184.155,184.155,228.15,140.16,62.21832567660432,87.99000000000001,81,41.5,2,361,0.0,361.0,0.0,0.0,0.0,1,1,0.92
188,4,884.1800000000001,387,5.301369863013699,3.0,25,1,5.141565184052121,221.045,231.515,314.3,106.85,105.22473932810034,207.45,57,18.25,4,235,12.32876712328767,78.33333333333333,0.0,0.0,0.0,1,1,0.88
577,1,88.5,30,30.0,30.0,30,30,0.0,88.5,88.5,88.5,88.5,0.0,0.0,1,1.0,1,0,0.0,0.0,0.0,0.0,0.0,1,1,1.0
17,5,1261.88,965,7.25563909774436,3.0,96,1,12.070282901544118,252.376,145.2,652.81,21.95,246.31209223259827,630.8599999999999,114,25.2,3,566,0.0,141.25,0.0,0.0,0.0,0,0,0.06
115,6,1587.94,1188,13.2,12.0,48,2,9.324608013570412,264.6566666666667,289.76,310.87,166.53,57.52591543527721,144.34,60,15.0,4,464,30.0,92.4,4.0,-72.45,40.0,1,1,0.61
376,1,949.82,598,13.906976744186046,10.0,48,5,10.661041567734838,949.82,949.82,949.82,949.82,0.0,0.0,43,43.0,1,0,0.0,0.0,0.0,0.0,0.0,1,1,0.91
15,10,1596.29,1057,12.43529411764706,12.0,96,3,11.895824656479393,159.629,159.14999999999998,282.69,83.7,55.6549467602736,198.99,47,8.5,7,407,0.0,44.77777777777778,0.0,0.0,0.0,0,0,0.11
8,1,269.96,196,17.818181818181817,12.0,36,10,8.41211247925492,269.96,269.96,269.96,269.96,0.0,0.0,11,11.0,1,0,0.0,0.0,1.0,-269.96,50.0,0,0,0.3
5,7,2031.78,1391,19.591549295774648,12.0,144,1,27.54766127734089,290.2542857142857,301.92,438.32,7.7,145.1085229356685,430.62,51,10.142857142857142,6,280,32.3943661971831,46.16666666666666,4.0,-36.1,36.36363636363637,0,0,0.11
3,20,7773.8,5300,16.878980891719745,12.0,50,2,11.478748425319475,388.69,352.07,662.7,58.0,130.7122191767291,604.7,177,15.7,11,586,5.414012738853503,30.42105263157895,3.0,-16.45,13.043478260869565,0,0,0.03
53,5,797.59,651,15.878048780487806,10.0,288,1,43.9591828415584,159.518,124.1,288.88,50.8,95.25234233340409,238.08,37,8.2,4,671,0.0,167.5,0.0,0.0,0.0,0,0,0.05
488,4,1542.09,3437,343.7,252.0,985,84,262.463563608784,385.5225,419.34,496.56,206.85,136.88445063264123,289.7099999999999,4,2.5,4,185,0.0,61.0,0.0,0.0,0.0,1,1,0.96
382,2,569.22,356,6.033898305084746,4.0,48,1,7.732524461080223,284.61,284.61,356.17,213.05,101.20112252341868,143.12,58,29.0,2,344,83.05084745762711,344.0,0.0,0.0,0.0,1,1,0.87
725,1,238.05,101,6.3125,5.0,12,2,4.190763653560053,238.05,238.05,238.05,238.05,0.0,0.0,16,16.0,1,0,0.0,0.0,0.0,0.0,0.0,1,1,1.0
16,22,23763.13,15335,75.54187192118226,24.0,720,1,115.5522768430258,1080.1422727272727,983.84,2949.28,45.3,732.8482600162699,2903.98,106,9.181818181818182,8,708,5.911330049261084,33.523809523809526,5.0,-5392.07,18.51851851851852,0,0,0.1
19,4,3811.22,2236,10.854368932038836,8.0,72,1,11.577023305850291,952.805,714.405,2176.45,205.96,865.51790855726,1970.49,184,51.5,4,248,62.13592233009708,82.66666666666667,1.0,-128.09,20.0,0,0,0.18
234,1,409.4,226,9.826086956521738,12.0,24,2,7.158289371027662,409.4,409.4,409.4,409.4,0.0,0.0,23,23.0,1,0,0.0,0.0,0.0,0.0,0.0,1,1,0.95
65,1,90.6,44,8.8,12.0,12,2,4.604345773288535,90.6,90.6,90.6,90.6,0.0,0.0,5,5.0,1,0,0.0,0.0,0.0,0.0,0.0,0,0,0.13
17,3,644.72,321,8.025,8.0,24,1,4.474930167052889,214.90666666666667,194.41,335.0,115.31,111.26998262484511,219.69,39,13.333333333333334,3,547,0.0,273.5,0.0,0.0,0.0,0,0,0.05
267,2,1308.48,2928,292.8,60.0,720,60,302.32168298023214,654.24,654.24,676.2,632.28,31.056129829713218,43.92000000000007,6,5.0,2,350,0.0,350.0,0.0,0.0,0.0,1,1,0.8
88,9,6204.32,3274,12.21641791044776,10.0,72,1,9.653442024781642,689.3688888888888,728.4,1135.88,314.85,262.2484028285227,821.0300000000001,177,28.55555555555556,6,567,14.925373134328357,70.25,1.0,-4.95,10.0,0,0,0.14
276,1,120.44,53,2.208333333333333,2.0,9,1,1.9105921382756128,120.44,120.44,120.44,120.44,0.0,0.0,23,23.0,1,0,0.0,0.0,0.0,0.0,0.0,1,1,1.0
8,8,1695.77,811,4.687861271676301,2.0,100,1,9.087796733478068,211.97125,173.775,381.7,77.55,97.08024684139258,304.15,101,21.5,5,389,39.30635838150289,55.142857142857146,0.0,0.0,0.0,0,0,0.12
47,27,17329.16,6959,17.267990074441688,12.0,288,1,25.85671660732165,641.8207407407407,606.36,1639.55,100.8,422.6468635227098,1538.75,256,14.925925925925926,10,678,0.0,24.666666666666668,8.0,-825.7,22.857142857142858,0,0,0.04
636,2,255.25,161,4.6,3.0,25,1,5.584642808104888,127.625,127.625,139.35,115.9,16.58165401882453,23.44999999999999,30,17.5,2,25,54.285714285714285,25.0,1.0,-3.9,33.33333333333333,1,1,0.98
19,1,430.48,68,4.857142857142857,4.0,12,2,2.656114653953224,430.48,430.48,430.48,430.48,0.0,0.0,14,14.0,1,0,0.0,0.0,0.0,0.0,0.0,0,0,0.15
417,2,880.97,314,2.8035714285714284,2.0,25,1,3.0338608165687915,440.485,440.485,642.8100000000001,238.16,286.13075900713653,404.6500000000001,82,50.5,2,98,0.0,98.0,0.0,0.0,0.0,1,1,0.96
4,17,65164.79,16352,3.1993738994325964,2.0,108,1,5.045271332377947,3833.22294117647,3671.44,8935.98,21.84,3008.565297562454,8914.14,1119,298.8235294117647,5,97,0.0,5.625,17.0,-8043.88,50.0,0,0,0.19
5,6,1734.87,1494,18.444444444444443,12.0,100,1,14.67310464761974,289.145,317.17,423.22,10.0,143.35689920614217,413.22,59,13.5,5,536,20.98765432098765,106.6,0.0,0.0,0.0,0,0,0.09
463,6,299.4,180,30.0,30.0,48,18,12.0,49.9,48.150000000000006,60.0,45.0,5.941716923583621,15.0,4,1.0,5,133,0.0,26.4,0.0,0.0,0.0,1,1,0.91
62,9,2774.46,1047,4.512931034482759,3.0,48,1,5.920819970305152,308.2733333333333,298.21,689.9,15.5,192.48816184378717,674.4,187,25.666666666666668,6,671,100.0,83.625,2.0,-263.25,18.181818181818183,0,0,0.08
16,1,220.62,346,19.22222222222222,14.0,48,3,15.043292644722804,220.62,220.62,220.62,220.62,0.0,0.0,18,18.0,1,0,0.0,0.0,0.0,0.0,0.0,0,0,0.1
19,3,912.18,371,6.745454545454545,6.0,12,1,4.119592670525058,304.06,302.09000000000003,483.39,126.7,178.35316005050203,356.69,44,18.33333333333333,3,68,14.545454545454543,33.5,3.0,-29.6,50.0,0,0,0.16
295,1,152.65,38,4.75,2.0,12,1,4.743416490252569,152.65,152.65,152.65,152.65,0.0,0.0,8,8.0,1,0,0.0,0.0,0.0,0.0,0.0,1,1,1.0
2,13,4868.15,2483,4.251712328767123,2.0,25,1,4.870184130075844,374.4730769230769,341.29,684.26,174.86,142.64103216259429,509.4,292,43.76923076923077,7,728,26.02739726027397,60.16666666666666,1.0,-16.0,7.142857142857142,0,0,0.0
10,16,3559.39,1924,6.0125,5.0,36,1,5.659056602481905,222.461875,174.03,745.0,8.5,194.6212105679046,736.5,168,19.5,5,414,0.0,27.266666666666666,0.0,0.0,0.0,0,0,0.09
398,2,153.52,72,7.2,6.0,12,4,3.552776691859794,76.76,76.76,113.32,40.2,51.703647840360354,73.12,10,5.0,1,0,100.0,0.0,0.0,0.0,0.0,1,1,0.91
21,1,181.07,59,1.7352941176470589,1.0,12,1,1.974209830876137,181.07,181.07,181.07,181.07,0.0,0.0,33,33.0,1,0,0.0,0.0,1.0,-12.75,50.0,0,0,0.16
365,8,1992.13,1207,3.4192634560906514,2.0,48,1,4.589374155348424,249.01625,282.545,433.73,4.25,173.5152203235456,429.48,214,42.625,4,97,22.6628895184136,13.571428571428571,2.0,-17.0,20.0,1,1,0.8
254,4,1124.71,562,4.043165467625899,2.0,24,1,4.843747656152211,281.1775,264.765,453.33,141.85,148.23297234983406,311.48,127,33.75,3,479,87.05035971223022,159.33333333333334,0.0,0.0,0.0,1,1,0.86
31,12,2957.4700000000003,763,3.0277777777777777,2.0,24,1,3.1703340753970584,246.45583333333332,241.815,521.1,7.040000000000001,123.26880092326932,514.0600000000001,167,20.916666666666668,9,707,12.698412698412698,63.90909090909091,2.0,-61.3,14.285714285714285,0,0,0.01
20,2,466.66,174,1.43801652892562,1.0,16,1,1.6067179901042117,233.33,233.33,241.3,225.36,11.271282092113577,15.940000000000026,115,60.5,1,371,100.0,371.0,0.0,0.0,0.0,0,0,0.18
725,1,310.43,233,10.130434782608695,6.0,36,1,10.234986111933052,310.43,310.43,310.43,310.43,0.0,0.0,23,23.0,1,0,0.0,0.0,0.0,0.0,0.0,1,1,1.0
23,14,2758.29,2319,10.261061946902656,1.0,192,1,23.331771123430507,197.0207142857143,163.635,563.15,8.25,164.22460578611353,554.9,195,16.071428571428573,7,700,16.8141592920354,53.46153846153846,2.0,-612.9,12.5,0,0,0.01
40,9,3924.91,2792,4.764505119453925,3.5,36,1,4.525993625899526,436.1011111111111,403.78,693.78,240.1,154.6142332099833,453.68,359,64.11111111111111,8,417,0.0,51.625,1.0,-8.45,10.0,0,0,0.08
377,17,3959.49,804,2.4290030211480365,2.0,15,1,2.152575322299468,232.91117647058823,243.0,378.9,104.86,87.2082885884674,274.04,98,19.235294117647054,12,352,56.797583081571,21.5625,1.0,-35.4,5.555555555555555,1,1,0.79
72,9,9971.65,5887,115.4313725490196,100.0,300,3,65.82894649072269,1107.961111111111,825.0,2327.0,495.0,648.3342028700253,1832.0,20,5.666666666666667,7,568,7.84313725490196,70.625,0.0,0.0,0.0,0,0,0.25
179,1,1109.53,520,7.428571428571429,4.0,25,1,7.449484815513295,1109.53,1109.53,1109.53,1109.53,0.0,0.0,70,70.0,1,0,0.0,0.0,0.0,0.0,0.0,1,1,0.86
139,3,644.3,372,26.571428571428573,6.0,120,1,42.77079212898283,214.76666666666665,244.8,253.7,145.8,59.892431352662015,107.89999999999998,11,4.666666666666667,1,20,78.57142857142857,10.0,0.0,0.0,0.0,1,1,0.63
93,8,4452.71,3429,56.21311475409836,36.0,432,1,61.13567282530944,556.58875,484.44,1051.88,89.64,349.3547714384129,962.24,43,7.625,5,525,0.0,74.57142857142857,1.0,-23.1,11.11111111111111,1,0,0.41
335,3,885.53,461,10.477272727272728,10.0,40,1,6.715094542490652,295.1766666666667,340.05,413.68,131.8,146.19950626911617,281.88,34,14.666666666666666,3,66,38.63636363636363,33.0,0.0,0.0,0.0,1,1,0.87
33,2,330.45,91,5.055555555555555,3.5,16,2,4.021592049720991,165.225,165.225,252.45,78.0,123.3547779779932,174.45,17,9.0,2,108,22.22222222222222,108.0,0.0,0.0,0.0,0,0,0.11
365,2,413.36,246,3.784615384615385,3.0,36,1,5.946354733396302,206.68,206.68,231.11,182.25,34.54923732877471,48.85999999999999,48,32.0,2,27,0.0,27.0,0.0,0.0,0.0,1,1,0.93
4,3,1937.25,1711,13.798387096774194,12.0,48,1,10.217934049463311,645.75,889.46,897.35,150.44,428.9691831588838,746.9100000000001,114,40.66666666666666,3,104,0.0,51.5,0.0,0.0,0.0,0,0,0.09
65,1,508.58,255,10.625,11.0,24,2,5.640016188690921,508.58,508.58,508.58,508.58,0.0,0.0,24,24.0,1,0,0.0,0.0,0.0,0.0,0.0,0,0,0.18
54,2,257.32,142,10.142857142857142,12.0,24,2,6.087277310501391,128.66,128.66,137.7,119.62,12.784490603852769,18.079999999999984,13,7.0,2,347,0.0,347.0,0.0,0.0,0.0,0,0,0.23
435,1,778.49,514,7.3428571428571425,4.0,50,1,9.259363790530267,778.49,778.49,778.49,778.49,0.0,0.0,69,69.0,1,0,0.0,0.0,0.0,0.0,0.0,1,1,0.95
269,2,944.1,210,23.33333333333333,20.0,48,10,12.489995996796797,472.05,472.05,845.1,99.0,527.5723694432832,746.1,8,4.5,2,17,88.88888888888889,17.0,0.0,0.0,0.0,1,1,0.82
275,4,1189.98,670,10.806451612903226,12.0,32,2,7.298862946876892,297.495,313.09000000000003,339.85,223.95,51.3192273909107,115.9,48,15.5,4,377,0.0,125.66666666666669,2.0,-3.8,33.33333333333333,1,1,0.92
512,3,1220.9,446,12.742857142857142,12.0,48,2,8.388868174175672,406.9666666666667,550.5,635.5000000000001,34.9,325.00992805348784,600.6000000000001,29,11.666666666666666,2,95,62.85714285714285,47.5,2.0,-264.5,40.0,1,1,0.86
37,12,4006.06,3478,15.881278538812785,12.0,80,1,11.644763606821632,333.8383333333333,317.6,495.0,291.86,57.27080818093079,203.14,187,18.25,9,660,6.392694063926941,59.45454545454545,2.0,-164.89999999999998,14.285714285714285,0,0,0.02
29,21,4967.42,1383,10.638461538461538,10.0,48,1,8.081948347252446,236.54380952380956,239.01,484.54,4.57,114.06632975931988,479.97,53,6.190476190476191,11,703,17.692307692307693,34.7,5.0,-88.13,19.230769230769237,0,0,0.02
9,2,922.53,475,22.61904761904762,20.0,72,1,19.189779025502585,461.265,461.265,595.02,327.51,189.1581350352133,267.51,15,10.5,1,16,42.85714285714285,16.0,0.0,0.0,0.0,0,0,0.18
58,3,1156.73,671,8.946666666666667,6.0,36,1,6.675678593572693,385.57666666666665,320.95,527.1,308.68,122.71625252318186,218.42,64,25.0,3,520,0.0,260.0,3.0,-26.85,50.0,0,0,0.13
16,2,388.52,156,8.210526315789474,8.0,12,4,2.8978717740289075,194.26,194.26,298.5,90.02,147.41762174177143,208.48,19,9.5,2,258,0.0,258.0,0.0,0.0,0.0,0,0,0.11
75,1,420.5,160,8.421052631578947,6.0,24,2,6.517632404772663,420.5,420.5,420.5,420.5,0.0,0.0,19,19.0,1,0,100.0,0.0,0.0,0.0,0.0,0,0,0.3
16,17,5051.25,2304,8.629213483146067,10.0,48,1,6.281100705353715,297.13235294117646,311.21000000000004,528.32,15.0,145.31713235753605,513.32,165,15.705882352941176,9,706,0.0,43.8125,5.0,-92.91,22.727272727272727,0,0,0.0
423,1,74.99,84,3.36,1.0,24,1,6.3039670049897945,74.99,74.99,74.99,74.99,0.0,0.0,24,24.0,1,0,0.0,0.0,0.0,0.0,0.0,1,1,0.98
427,2,785.25,279,27.9,19.0,64,12,19.0230853905926,392.625,392.625,474.9,310.35,116.35442084424636,164.54999999999995,10,5.0,2,143,0.0,143.0,1.0,-67.35000000000001,33.33333333333333,1,1,0.96
667,1,171.7,72,14.4,6.0,36,2,14.926486525636232,171.7,171.7,171.7,171.7,0.0,0.0,5,5.0,1,0,0.0,0.0,0.0,0.0,0.0,1,1,1.0
499,1,94.8,58,8.285714285714286,6.0,12,4,3.545621041711673,94.8,94.8,94.8,94.8,0.0,0.0,7,7.0,1,0,0.0,0.0,0.0,0.0,0.0,1,1,1.0
95,2,1080.52,1153,18.3015873015873,12.0,144,1,19.47673129547064,540.26,540.26,817.32,263.2,391.82200959108974,554.1200000000001,54,31.5,2,197,69.84126984126983,197.0,0.0,0.0,0.0,1,0,0.37
54,2,288.97,162,2.025,1.0,12,1,2.8103560745611555,144.485,144.485,153.64,135.32999999999998,12.947125163525698,18.31000000000003,78,40.0,2,316,61.25000000000001,316.0,0.0,0.0,0.0,0,0,0.33
60,9,5973.2300000000005,3214,3.895757575757576,2.0,100,1,6.033586733709726,663.6922222222222,574.44,1202.03,194.35,296.24102677455807,1007.68,589,90.44444444444444,9,593,0.0,73.5,2.0,-158.1,18.181818181818183,0,0,0.07
31,12,8356.79,8792,66.10526315789474,50.0,432,6,62.35896367706244,696.3991666666666,511.22,3231.27,206.76,821.4013646363848,3024.51,77,11.083333333333334,6,608,3.7593984962406015,54.81818181818182,4.0,-71.3,25.0,0,0,0.12
145,6,1379.08,477,2.338235294117647,2.0,10,1,1.4136243547297624,229.84666666666664,263.54999999999995,332.89,115.49,90.22305817620384,217.4,158,34.0,4,559,0.0,111.2,1.0,-23.700000000000003,14.285714285714285,1,1,0.7
520,1,306.58,82,4.1,2.0,12,1,3.905461762576528,306.58,306.58,306.58,306.58,0.0,0.0,20,20.0,1,0,0.0,0.0,0.0,0.0,0.0,1,1,1.0
397,1,339.34,80,5.0,3.0,24,1,5.8080404038998665,339.34,339.34,339.34,339.34,0.0,0.0,16,16.0,1,0,100.0,0.0,0.0,0.0,0.0,1,1,1.0
185,6,1068.5,607,5.1440677966101696,2.0,48,1,7.818753943316901,178.08333333333334,134.115,488.06,0.95,165.04078267709065,487.11,113,19.166666666666668,5,546,0.0,108.8,0.0,0.0,0.0,1,1,0.86
3,7,988.42,476,2.7514450867052025,2.0,20,1,2.9671771671815854,141.20285714285714,144.75,285.35,10.85,86.16005546158183,274.5,155,24.142857142857142,6,648,0.0,107.83333333333331,1.0,-15.9,12.5,0,0,0.01
171,1,190.53,108,10.8,4.0,72,1,21.7449866508224,190.53,190.53,190.53,190.53,0.0,0.0,10,10.0,1,0,0.0,0.0,0.0,0.0,0.0,1,1,0.92
369,1,56.25,39,9.75,11.0,16,1,7.5,56.25,56.25,56.25,56.25,0.0,0.0,4,4.0,1,0,0.0,0.0,0.0,0.0,0.0,1,1,0.98
531,2,251.71,139,9.266666666666667,2.0,24,1,8.70522557898142,125.855,125.855,149.46,102.25,33.38251113981691,47.21000000000001,15,7.5,1,17,33.33333333333333,17.0,0.0,0.0,0.0,1,1,0.98
16,9,2478.95,2606,14.977011494252874,12.0,96,1,9.608494569693052,275.43888888888887,222.0,491.0,5.43,167.85832064902567,485.57,131,19.33333333333333,6,239,0.0,29.5,4.0,-33.830000000000005,30.76923076923077,0,0,0.03
161,1,405.38,370,13.214285714285714,12.0,36,3,8.34602208576545,405.38,405.38,405.38,405.38,0.0,0.0,28,28.0,1,0,0.0,0.0,0.0,0.0,0.0,1,1,0.82
9,12,2500.59,1079,1.7319422150882826,1.0,14,1,1.5929074864288673,208.3825,212.68,305.13,32.17,67.69841063328391,272.96,355,50.66666666666666,7,489,9.309791332263243,43.90909090909091,5.0,-78.24000000000001,29.411764705882355,0,0,0.08
59,10,3805.34,1927,6.098101265822785,5.0,48,1,5.523387177011313,380.534,312.54,791.01,38.2,227.72929090869664,752.81,170,31.1,7,673,37.65822784810127,74.33333333333333,0.0,0.0,0.0,0,0,0.05
555,1,93.6,40,8.0,8.0,12,2,4.242640687119285,93.6,93.6,93.6,93.6,0.0,0.0,5,5.0,1,0,0.0,0.0,0.0,0.0,0.0,1,1,1.0
338,1,1044.65,348,2.2451612903225806,1.0,20,1,2.695214459057017,1044.65,1044.65,1044.65,1044.65,0.0,0.0,155,155.0,1,0,0.0,0.0,0.0,0.0,0.0,1,1,0.96
263,1,114.56,96,12.0,8.0,48,2,14.774495398683309,114.56,114.56,114.56,114.56,0.0,0.0,8,8.0,1,0,0.0,0.0,0.0,0.0,0.0,1,1,0.96
667,3,346.56,156,1.9746835443037976,1.0,32,1,3.922239952466669,115.52,143.01,152.75,50.8,56.260338605451,101.95,76,26.0,2,17,34.177215189873415,8.5,0.0,0.0,0.0,1,1,0.9
312,7,1770.96,1393,7.143589743589744,4.0,72,1,9.25747941891565,252.99428571428567,199.75,679.54,45.0,230.9536127924929,634.54,129,26.0,3,256,46.15384615384615,42.5,2.0,-171.2,22.22222222222222,1,1,0.92
40,3,609.81,261,7.25,2.0,189,1,31.18458868461425,203.27,144.36,432.65,32.800000000000004,206.33176367200468,399.85,34,11.666666666666666,2,408,55.55555555555556,204.0,0.0,0.0,0.0,0,0,0.2
484,3,816.6,662,15.395348837209305,12.0,48,3,11.112283068499602,272.2,303.98,309.84,202.78,60.19083983464593,107.05999999999996,34,14.333333333333334,3,149,0.0,74.5,1.0,-13.919999999999998,25.0,1,1,0.98
3,10,2234.73,1435,11.124031007751938,10.0,96,1,12.750617480107817,223.473,221.53,418.34,51.84,116.66206705694871,366.5,71,12.8,7,205,12.4031007751938,22.33333333333333,1.0,-61.2,9.090909090909092,0,0,0.05
11,11,1752.92,1164,2.558241758241758,1.0,28,1,3.305384271717126,159.35636363636365,118.31,601.88,15.0,158.98190320113338,586.88,319,38.45454545454545,6,612,26.81318681318681,60.8,0.0,0.0,0.0,0,0,0.03
59,7,2245.9,1632,12.651162790697674,12.0,192,1,18.35528328352915,320.8428571428572,304.4,421.08,294.73,44.48010780648119,126.34999999999997,118,18.428571428571427,7,581,16.27906976744186,96.33333333333331,3.0,-28.35,30.0,0,0,0.16
74,2,381.9,182,13.0,12.0,36,2,9.470602287727411,190.95,190.95,277.8,104.1,122.82444789210332,173.7,14,7.0,1,388,0.0,388.0,0.0,0.0,0.0,0,0,0.26
162,1,127.1,52,4.0,1.0,24,1,6.531972647421808,127.1,127.1,127.1,127.1,0.0,0.0,13,13.0,1,0,0.0,0.0,0.0,0.0,0.0,1,1,0.95
501,3,396.39,352,8.8,1.0,120,1,20.335897274246783,132.13,125.93,174.51,95.95,39.64528219094928,78.55999999999999,34,13.333333333333334,1,4,0.0,2.0,0.0,0.0,0.0,1,1,0.96
163,3,316.09000000000003,163,20.375,7.5,72,1,26.365223306469453,105.36333333333332,32.65,270.69,12.75,143.5224112580796,257.94,7,2.6666666666666665,2,350,0.0,174.5,1.0,-151.20000000000002,25.0,1,1,0.75
43,1,225.12,147,3.675,3.0,24,1,4.002483203571477,225.12,225.12,225.12,225.12,0.0,0.0,39,39.0,1,0,0.0,0.0,0.0,0.0,0.0,0,0,0.08
4,11,1082.19,760,4.108108108108108,2.0,120,1,9.996150845569485,98.3809090909091,37.67,446.57,14.4,141.73046323599917,432.17,169,16.818181818181817,5,717,0.0,71.3,0.0,0.0,0.0,0,0,0.02
547,1,216.4,526,21.916666666666668,7.5,240,1,48.49734790298525,216.4,216.4,216.4,216.4,0.0,0.0,24,24.0,1,0,0.0,0.0,0.0,0.0,0.0,1,1,0.99
12,38,8018.769999999999,7316,8.79326923076923,3.0,110,1,14.93251736912341,211.0202631578948,195.115,606.8100000000001,81.47999999999999,118.05576225933056,525.33,464,21.36842105263158,12,683,8.89423076923077,17.972972972972972,2.0,-82.72999999999999,5.0,0,0,0.0
1,2,326.75,231,6.243243243243243,3.0,24,1,5.433463216266631,163.375,163.375,213.08,113.67,70.2934851177547,99.41,28,17.5,2,35,0.0,35.0,0.0,0.0,0.0,0,0,0.1
31,2,547.0600000000001,280,8.0,6.0,24,1,5.40696718296376,273.53,273.53,338.95,208.11,92.51785125044783,130.83999999999995,35,17.5,2,83,0.0,83.0,0.0,0.0,0.0,0,0,0.11
15,2,500.42,370,11.212121212121213,12.0,25,2,5.775798514911033,250.21,250.21,290.32,210.1,56.72410598678482,80.21999999999997,31,16.5,2,142,0.0,142.0,0.0,0.0,0.0,0,0,0.07
96,1,205.3,37,3.083333333333333,3.0,6,1,1.5642792899510294,205.3,205.3,205.3,205.3,0.0,0.0,12,12.0,1,0,0.0,0.0,0.0,0.0,0.0,1,1,0.68
384,2,497.04,210,5.833333333333333,4.0,30,1,7.369822637912375,248.52,248.52,353.23,143.81,148.0823021160868,209.42,34,17.0,2,300,100.0,300.0,0.0,0.0,0.0,1,1,0.93
52,1,307.78000000000003,170,10.625,12.0,24,2,6.510248331157063,307.78000000000003,307.78000000000003,307.78000000000003,307.78000000000003,0.0,0.0,16,16.0,1,0,0.0,0.0,0.0,0.0,0.0,0,0,0.08
212,1,612.78,248,7.294117647058823,6.0,24,1,5.030388934687317,612.78,612.78,612.78,612.78,0.0,0.0,34,34.0,1,0,0.0,0.0,1.0,-19.9,50.0,1,1,0.78
3,7,3037.32,1822,12.31081081081081,12.0,48,1,9.037978335852443,433.9028571428571,373.49,747.26,302.33,161.60939449944175,444.93,86,21.142857142857142,3,406,0.0,67.33333333333333,0.0,0.0,0.0,0,0,0.05
388,1,293.74,218,15.571428571428571,14.0,24,4,7.490653516876221,293.74,293.74,293.74,293.74,0.0,0.0,14,14.0,1,0,0.0,0.0,0.0,0.0,0.0,1,1,0.99
541,1,20.6,11,5.5,5.5,9,2,4.949747468305833,20.6,20.6,20.6,20.6,0.0,0.0,2,2.0,1,0,0.0,0.0,2.0,-26.040000000000003,66.66666666666666,1,1,0.98
38,6,6814.64,9848,259.1578947368421,192.0,864,72,222.98061075758685,1135.7733333333333,929.12,2221.84,400.3200000000001,726.3371169551139,1821.52,13,6.333333333333333,4,134,0.0,26.2,1.0,-66.24,14.285714285714285,0,0,0.41
195,6,2526.65,1611,7.423963133640553,4.0,48,1,7.212064028708436,421.10833333333335,353.53,705.56,292.54,162.50534420955717,413.0199999999999,163,36.0,5,371,77.88018433179722,73.8,0.0,0.0,0.0,1,1,0.8
25,1,205.25,47,5.222222222222222,6.0,8,3,1.563471919941143,205.25,205.25,205.25,205.25,0.0,0.0,9,9.0,1,0,0.0,0.0,0.0,0.0,0.0,0,0,0.18
396,2,489.86,224,7.225806451612903,6.0,24,1,6.941227928925135,244.93,244.93,260.36,229.5,21.821315267416868,30.860000000000014,29,15.5,2,341,0.0,341.0,2.0,-43.35,50.0,1,1,0.88
29,1,197.64,116,19.33333333333333,16.0,36,12,9.266426855410163,197.64,197.64,197.64,197.64,0.0,0.0,6,6.0,1,0,0.0,0.0,0.0,0.0,0.0,0,0,0.08
11,66,10360.67,4975,16.258169934640524,10.0,144,1,22.44779769950524,156.97984848484847,152.35000000000002,412.2000000000001,17.0,87.5652850689556,395.2000000000001,131,4.636363636363637,12,726,14.37908496732026,11.095238095238097,7.0,-97.39,9.58904109589041,0,0,0.0
12,8,1535.99,1599,9.461538461538462,1.0,906,1,69.9188304903826,191.99875,176.31,403.05,9.36,146.45339877414932,393.69,143,19.75,5,367,30.17751479289941,52.0,0.0,0.0,0.0,0,0,0.13
577,1,552.4,309,7.536585365853658,4.0,60,1,10.83073765026097,552.4,552.4,552.4,552.4,0.0,0.0,41,41.0,1,0,0.0,0.0,0.0,0.0,0.0,1,1,0.98
18,8,5978.9,3505,5.131771595900439,3.0,40,1,6.165144260140356,747.3625,680.11,1643.03,381.92,403.7519424367251,1261.11,429,82.25,8,706,61.49341142020498,100.42857142857144,0.0,0.0,0.0,0,0,0.12
121,5,2315.75,1878,12.863013698630136,10.0,48,1,12.362697025792356,463.15,571.36,759.14,49.88,297.6590875481546,709.26,123,29.2,4,376,26.02739726027397,93.75,0.0,0.0,0.0,1,1,0.62
469,1,450.16,278,9.928571428571429,12.0,36,2,7.302605174048664,450.16,450.16,450.16,450.16,0.0,0.0,28,28.0,1,0,0.0,0.0,0.0,0.0,0.0,1,1,0.99
562,4,496.16,458,15.79310344827586,12.0,36,8,8.143267641541287,124.04,123.52,136.92000000000002,112.2,10.350806731844632,24.720000000000013,29,7.25,2,103,0.0,34.333333333333336,0.0,0.0,0.0,1,1,0.93
37,5,949.12,592,9.396825396825395,8.0,36,1,7.78654688164078,189.824,154.5,302.57,105.1,82.86177122171598,197.47,57,12.6,5,248,17.46031746031746,61.75,1.0,-7.5,16.666666666666664,0,0,0.05
551,2,145.99,59,2.034482758620689,1.0,12,1,2.412508454769636,72.995,72.995,137.59,8.4,91.35112506149008,129.19,26,13.5,1,0,100.0,0.0,0.0,0.0,0.0,1,1,0.95
374,2,178.68,152,15.2,12.0,24,6,7.8993670632526,89.34,89.34,106.2,72.48,23.843640661610383,33.72,8,5.0,1,14,0.0,14.0,1.0,-59.7,33.33333333333333,1,1,0.92
113,11,2098.48,653,7.682352941176471,4.0,25,1,8.106745816361363,190.7709090909091,193.66000000000005,302.57,52.54,78.66331819273141,250.03,52,7.727272727272727,10,625,0.0,62.0,0.0,0.0,0.0,1,0,0.45
549,4,262.64,143,4.333333333333333,2.0,32,1,5.94593698811774,65.66,65.32000000000001,121.8,10.2,62.211497329673726,111.6,29,8.25,2,32,3.0303030303030303,10.0,0.0,0.0,0.0,1,1,0.96
1,61,57215.33,17880,41.67832167832168,24.0,336,1,52.56672680765004,937.9562295081968,370.26,7427.32,10.08,1513.8895261567843,7417.24,63,7.032786885245901,12,734,8.624708624708624,11.816666666666666,16.0,-2637.65,20.77922077922078,0,0,0.01
429,2,200.82,134,14.88888888888889,12.0,48,6,12.613925285616336,100.41,100.41,107.22,93.6,9.63079435976078,13.620000000000005,8,4.5,2,6,0.0,6.0,0.0,0.0,0.0,1,1,0.97
3,4,915.13,355,8.875,8.0,24,1,5.831776348987964,228.78250000000003,215.25,285.16,199.47000000000003,39.37140364528551,85.69,27,10.0,4,102,0.0,33.666666666666664,2.0,-36.1,33.33333333333333,0,0,0.07
66,5,1200.2,688,34.4,24.0,100,12,19.09091820460024,240.04,254.48,348.0,135.0,90.09836402510314,213.0,15,4.0,4,664,0.0,166.0,3.0,-246.8,37.5,0,0,0.09
302,14,1688.26,700,2.0114942528735638,1.0,32,1,3.386680991090475,120.59,108.43,264.16,1.45,64.99728858250106,262.71000000000004,242,24.071428571428573,6,424,33.90804597701149,32.23076923076923,2.0,-11.4,12.5,1,1,0.87
372,1,155.35,148,13.454545454545457,12.0,24,1,9.459002445962645,155.35,155.35,155.35,155.35,0.0,0.0,11,11.0,1,0,0.0,0.0,0.0,0.0,0.0,1,1,1.0
270,5,1509.34,766,10.788732394366198,12.0,24,2,5.187665296389522,301.86800000000005,300.6,353.72,251.56,36.13999335915821,102.16000000000004,62,14.2,4,378,25.352112676056336,94.0,2.0,-19.9,28.57142857142857,1,1,0.85
439,1,350.85,201,9.136363636363637,8.0,30,3,5.717937145055479,350.85,350.85,350.85,350.85,0.0,0.0,22,22.0,1,0,100.0,0.0,2.0,-44.4,66.66666666666666,1,1,0.96
5,19,3804.38,3180,4.279946164199193,2.0,288,1,15.7559628552415,200.2305263157895,231.36,336.84000000000003,19.9,107.82513454012702,316.94000000000005,479,38.89473684210526,9,725,23.553162853297444,39.833333333333336,7.0,-104.64,26.923076923076923,0,0,0.02
578,1,306.0,36,36.0,36.0,36,36,0.0,306.0,306.0,306.0,306.0,0.0,0.0,1,1.0,1,0,0.0,0.0,0.0,0.0,0.0,1,1,0.99
28,2,659.46,483,13.8,12.0,48,2,9.2856625725774,329.73,329.73,487.74,171.72,223.4598849905728,316.02,32,17.5,2,46,0.0,46.0,0.0,0.0,0.0,0,0,0.05
96,2,318.76,185,3.9361702127659575,2.0,12,1,3.703137655034837,159.38,159.38,161.05,157.71,2.361736649163081,3.3400000000000034,39,23.5,2,46,31.91489361702128,46.0,0.0,0.0,0.0,1,0,0.49
24,7,8479.76,8795,17.625250501002004,12.0,288,2,16.762990038399614,1211.3942857142858,1237.99,2050.08,353.28000000000003,678.7297643848432,1696.8,270,71.28571428571429,5,712,17.034068136272545,118.5,5.0,-83.06,41.66666666666667,0,0,0.08
480,2,457.82,644,20.125,12.0,48,2,13.642320302126263,228.91,228.91,292.34,165.48000000000002,89.70356626132539,126.85999999999996,32,16.0,2,127,68.75,127.0,1.0,-5.9,33.33333333333333,1,1,0.97
11,10,5679.53,2832,13.950738916256158,12.0,80,1,10.680672696664756,567.953,536.03,919.66,38.4,242.5809718675853,881.26,132,20.3,6,644,15.270935960591132,71.11111111111111,2.0,-33.0,16.666666666666664,0,0,0.01
382,4,1198.09,989,13.013157894736842,12.0,32,1,8.855120433666437,299.52250000000004,306.21000000000004,311.72,273.95,17.451779995175297,37.77000000000004,55,19.0,4,166,0.0,55.333333333333336,0.0,0.0,0.0,1,1,0.96
57,1,386.32,235,2.397959183673469,2.0,12,1,1.703482157885541,386.32,386.32,386.32,386.32,0.0,0.0,97,97.0,1,0,0.0,0.0,0.0,0.0,0.0,0,0,0.37
1,2,347.75,93,6.2,3.0,24,1,7.655063683601854,173.875,173.875,185.9,161.85,17.005918087536443,24.049999999999983,14,7.5,2,36,0.0,36.0,0.0,0.0,0.0,0,0,0.07
238,1,167.55,149,4.515151515151516,2.0,36,1,7.1550734278255845,167.55,167.55,167.55,167.55,0.0,0.0,33,33.0,1,0,0.0,0.0,0.0,0.0,0.0,1,1,0.95
212,4,5164.88,3309,18.081967213114755,16.0,96,2,10.589692918532116,1291.22,1240.5300000000002,1716.62,967.2,382.0129508275865,749.4200000000001,144,45.75,4,384,32.240437158469945,127.66666666666669,1.0,-69.5,20.0,1,1,0.6
80,18,6265.33,4159,24.75595238095238,24.0,120,1,20.97517695251546,348.07388888888886,346.975,622.56,50.400000000000006,153.10976678183184,572.16,65,9.166666666666666,11,643,0.0,37.52941176470589,2.0,-286.32,10.0,0,0,0.19
411,3,1015.74,685,12.454545454545457,10.0,48,2,11.96417210430434,338.58,162.17999999999998,701.7,151.86,314.51347570493704,549.84,54,18.33333333333333,3,247,10.909090909090908,123.0,0.0,0.0,0.0,1,1,0.96
373,1,351.75,153,2.353846153846154,1.0,12,1,3.179184099491808,351.75,351.75,351.75,351.75,0.0,0.0,64,64.0,1,0,0.0,0.0,0.0,0.0,0.0,1,1,0.97
53,1,109.36,52,10.4,12.0,12,4,3.5777087639996634,109.36,109.36,109.36,109.36,0.0,0.0,5,5.0,1,0,0.0,0.0,0.0,0.0,0.0,0,0,0.03
31,3,834.27,640,13.617021276595745,12.0,48,2,9.118908190484976,278.09,331.47,338.55,164.25,98.65186668279522,174.3,43,15.666666666666666,3,378,0.0,188.5,2.0,-21.45,40.0,0,0,0.1
19,3,528.36,257,1.7364864864864864,1.0,12,1,1.562143505939667,176.12,170.06,203.95,154.35,25.34921497798305,49.60000000000002,135,47.0,3,635,0.0,317.5,1.0,-18.7,25.0,0,0,0.05
24,11,5410.92,3135,13.512931034482758,12.0,72,1,10.873129277700851,491.9018181818182,436.4,984.39,317.95,198.99663116837843,666.44,181,21.09090909090909,9,705,4.741379310344827,70.1,4.0,-36.15,26.666666666666668,0,0,0.01
12,3,483.99,504,5.929411764705883,2.0,50,1,9.343686734513152,161.33,199.03,251.03,33.93,113.35373835917366,217.1,78,27.33333333333333,2,399,100.0,199.5,0.0,0.0,0.0,0,0,0.13
163,4,1594.23,493,6.573333333333333,3.0,32,1,7.324843570570865,398.5575,350.74,751.9,140.85,279.13806421136235,611.05,72,18.75,3,110,22.666666666666664,36.0,1.0,-751.9,20.0,1,1,0.69
33,16,5969.93,4479,19.906666666666663,12.0,120,1,22.428959277811234,373.120625,359.07500000000005,928.58,11.6,280.2209373207445,916.98,102,14.0625,10,691,8.88888888888889,45.8,10.0,-144.6,38.46153846153847,0,0,0.02
28,6,4008.52,2060,11.075268817204302,9.5,100,1,10.475956058172072,668.0866666666667,633.205,973.81,382.46,210.5243322437258,591.3499999999999,154,31.0,5,708,0.0,141.0,2.0,-84.9,25.0,0,0,0.04
139,7,4479.73,1681,9.773255813953488,6.0,64,1,11.914450653174285,639.9614285714285,663.2,807.05,379.33,155.51763634483933,427.7199999999999,82,23.428571428571427,6,545,91.86046511627907,90.33333333333331,1.0,-23.8,12.5,1,1,0.6
28,7,1170.4,445,11.41025641025641,8.0,96,1,15.552488290874448,167.20000000000002,176.39999999999998,303.1,36.0,79.38818132022757,267.1,24,5.571428571428571,5,392,15.384615384615383,65.0,0.0,0.0,0.0,0,0,0.12
555,2,395.1,176,8.380952380952381,10.0,12,1,3.308718641350312,197.55,197.55,204.4,190.7,9.687362902255703,13.700000000000015,13,10.5,2,111,0.0,111.0,1.0,-5.8,33.33333333333333,1,1,0.98
414,2,460.08,270,9.642857142857142,12.0,25,1,6.05049300540589,230.04,230.04,269.7,190.38,56.08770988371695,79.32,26,14.0,2,227,42.85714285714285,227.0,0.0,0.0,0.0,1,1,0.96
311,4,913.6,394,2.7552447552447554,2.0,36,1,3.572620419947397,228.4,241.665,313.27,117.0,90.35404178378889,196.27,117,35.75,4,425,18.88111888111888,141.33333333333334,0.0,0.0,0.0,1,1,0.92
47,11,3090.29,1904,10.577777777777778,10.0,96,1,11.116928334427614,280.93545454545455,187.85,785.33,126.82,207.21041848148644,658.51,148,16.363636363636363,8,457,0.0,45.2,0.0,0.0,0.0,0,0,0.1
563,3,3269.11,1236,18.176470588235293,12.0,100,1,20.04244836867648,1089.7033333333334,1162.95,1861.08,245.08,810.4861538813193,1616.0000000000002,60,22.0,3,112,16.176470588235293,55.5,3.0,-369.1,50.0,1,1,0.93
270,3,756.7,604,4.194444444444445,2.0,26,1,6.003819038399064,252.2333333333333,217.89,346.52,192.29,82.65180961922935,154.23,125,47.0,3,292,0.0,146.0,0.0,0.0,0.0,1,1,0.9
413,1,190.58,68,4.857142857142857,4.0,12,3,2.4762609175666705,190.58,190.58,190.58,190.58,0.0,0.0,14,14.0,1,0,0.0,0.0,0.0,0.0,0.0,1,1,0.98
17,19,11879.08,5325,3.380952380952381,2.0,72,1,4.001225080141022,625.2147368421053,647.76,1062.88,26.75,348.3136884949864,1036.13,898,80.52631578947368,9,713,36.888888888888886,39.22222222222222,8.0,-283.04,29.629629629629623,0,0,0.02
732,1,293.35,245,11.666666666666666,10.0,30,2,8.326663997864532,293.35,293.35,293.35,293.35,0.0,0.0,21,21.0,1,0,0.0,0.0,0.0,0.0,0.0,1,1,1.0
36,27,10432.22,4600,11.794871794871796,6.0,336,1,26.044434530911506,386.3785185185185,392.98,1075.27,45.0,227.09058925567567,1030.27,244,14.444444444444445,11,658,7.6923076923076925,24.923076923076923,6.0,-138.56,18.181818181818183,0,0,0.05
11,2,457.5,178,10.470588235294118,10.0,30,1,7.220782913393322,228.75,228.75,230.3,227.2,2.1920310216782832,3.0999999999999943,14,8.5,2,87,0.0,87.0,1.0,-2.08,33.33333333333333,0,0,0.08
72,6,1049.79,416,7.703703703703703,6.0,24,1,6.479662318331772,174.965,159.72500000000002,322.6,112.32,77.19685738422258,210.28000000000003,47,9.0,6,552,0.0,110.0,0.0,0.0,0.0,0,0,0.18
393,2,548.8000000000001,296,11.84,10.0,72,2,13.984157703153477,274.4,274.4,376.25,172.55,144.0376513276997,203.7,24,12.5,2,134,0.0,134.0,1.0,-20.05,33.33333333333333,1,1,0.96
411,1,390.05,143,7.15,6.0,24,1,5.304169164564399,390.05,390.05,390.05,390.05,0.0,0.0,20,20.0,1,0,0.0,0.0,0.0,0.0,0.0,1,1,0.97
2,48,24151.3,14430,40.87818696883853,24.0,484,1,58.86747833731702,503.1520833333333,418.54,1691.16,245.0,256.13840689983294,1446.16,115,7.354166666666667,12,735,14.44759206798867,15.127659574468083,6.0,-1231.9,11.11111111111111,0,0,0.01
64,1,6.2,2,1.0,1.0,1,1,0.0,6.2,6.2,6.2,6.2,0.0,0.0,2,2.0,1,0,0.0,0.0,1.0,-6.2,50.0,0,0,0.25
30,2,1316.07,953,12.217948717948715,12.0,36,2,7.988055101776923,658.035,658.035,903.01,413.06,346.4469674423489,489.95,78,39.0,2,171,67.94871794871796,171.0,0.0,0.0,0.0,0,0,0.15
5,5,1028.0,1040,34.666666666666664,24.0,192,2,34.72982751958653,205.6,110.86,525.5,100.8,182.0044521433473,424.7,15,6.0,5,183,36.66666666666666,45.25,0.0,0.0,0.0,0,0,0.17
577,2,1018.42,532,9.851851851851851,7.0,48,2,9.20911649913384,509.21,509.21,593.66,424.76,119.43033534240786,168.89999999999998,52,27.0,2,105,0.0,105.0,1.0,-6.6,33.33333333333333,1,1,0.99
23,6,6371.7300000000005,3416,24.056338028169016,18.0,120,1,22.53343446446544,1061.9550000000002,695.95,2301.96,58.35,987.717630859144,2243.61,104,23.5,4,401,0.0,79.8,0.0,0.0,0.0,0,0,0.1
267,3,1629.37,1590,54.82758620689656,40.0,120,1,44.64868336366006,543.1233333333333,569.84,752.4300000000001,307.1,223.8638814845605,445.33,27,9.666666666666666,3,331,0.0,165.0,1.0,-19.8,25.0,1,1,0.87
145,4,2111.88,791,6.483606557377049,3.5,50,1,7.972300814299198,527.97,505.065,783.9,317.85,196.8334505785708,466.05,109,30.5,3,471,72.1311475409836,157.0,3.0,-21.2,42.85714285714285,1,1,0.73
134,5,2398.91,1395,10.257352941176473,10.0,48,1,7.917160287328438,479.782,511.73,733.8000000000001,103.74,252.93394022945992,630.0600000000001,113,27.2,5,538,0.0,134.25,2.0,-31.89,28.57142857142857,1,1,0.7
662,1,59.400000000000006,12,12.0,12.0,12,12,0.0,59.400000000000006,59.400000000000006,59.400000000000006,59.400000000000006,0.0,0.0,1,1.0,1,0,0.0,0.0,0.0,0.0,0.0,1,1,1.0
72,1,100.8,34,17.0,17.0,24,10,9.899494936611664,100.8,100.8,100.8,100.8,0.0,0.0,2,2.0,1,0,0.0,0.0,0.0,0.0,0.0,0,0,0.16
2,14,5114.2300000000005,2699,4.3184,2.0,36,1,5.362745182967015,365.3021428571428,372.46,680.32,20.4,176.3616702722244,659.9200000000001,408,42.5,10,640,56.48,48.76923076923077,2.0,-59.79,12.5,0,0,0.03
96,11,5257.38,3488,12.870848708487085,10.0,288,1,24.74301096267889,477.9436363636364,414.36,1146.1,12.6,361.9210432752627,1133.5000000000002,205,24.63636363636364,5,640,0.0,63.7,1.0,-6.6,8.333333333333332,0,0,0.29
421,1,102.0,12,12.0,12.0,12,12,0.0,102.0,102.0,102.0,102.0,0.0,0.0,1,1.0,1,0,0.0,0.0,1.0,-102.0,50.0,1,1,0.98
264,1,158.95000000000002,69,6.9,6.0,12,3,3.665151201974256,158.95000000000002,158.95000000000002,158.95000000000002,158.95000000000002,0.0,0.0,10,10.0,1,0,0.0,0.0,0.0,0.0,0.0,1,1,0.95
11,22,16410.15,8372,12.4955223880597,10.0,100,1,12.547517251974048,745.9159090909092,727.55,1550.07,121.5,351.7244739126553,1428.57,328,30.454545454545453,8,724,2.0895522388059704,34.04761904761905,6.0,-81.25,21.428571428571427,0,0,0.01
2,4,890.22,527,2.9277777777777776,2.0,24,1,3.669336255195666,222.555,229.72,274.93,155.85,57.39226225430279,119.08,152,42.25,2,380,0.0,126.33333333333331,1.0,-14.9,20.0,0,0,0.07
99,13,6000.94,3296,8.429667519181585,4.0,64,1,9.815714227024388,461.6107692307692,449.09,787.4,124.16,199.8993422726189,663.24,226,29.615384615384617,9,521,38.107416879795394,43.0,1.0,-677.5,7.142857142857142,1,0,0.5
170,1,114.56,182,11.375,2.5,48,1,17.308475765743594,114.56,114.56,114.56,114.56,0.0,0.0,16,16.0,1,0,0.0,0.0,0.0,0.0,0.0,1,1,0.83
570,1,348.59,395,14.62962962962963,18.0,30,1,10.14945299074763,348.59,348.59,348.59,348.59,0.0,0.0,27,27.0,1,0,0.0,0.0,0.0,0.0,0.0,1,1,0.98
45,3,573.22,370,37.0,24.0,96,6,28.879058156387305,191.07333333333332,140.5,367.2,65.52,157.06989569402958,301.68,7,3.333333333333333,2,47,0.0,23.0,1.0,-20.65,25.0,0,0,0.16
612,2,304.17,129,3.071428571428572,1.0,12,1,3.704926562866926,152.085,152.085,200.24,103.93,68.1014540960764,96.31,41,21.0,2,118,0.0,118.0,0.0,0.0,0.0,1,1,1.0
53,8,724.31,601,12.26530612244898,12.0,24,3,5.310271141084675,90.53875,87.09,187.37,20.4,57.02405117579775,166.97,30,6.125,7,596,0.0,84.42857142857143,1.0,-9.2,11.11111111111111,0,0,0.15
110,9,1093.5,1879,44.73809523809524,24.0,192,2,44.88579520201839,121.5,155.34,246.54,30.0,72.31903691283506,216.54,33,4.666666666666667,7,613,38.095238095238095,76.25,3.0,-173.9,25.0,1,1,0.54
24,22,8346.66,6438,14.40268456375839,10.0,216,1,17.054483832292526,379.3936363636364,366.58,666.84,41.6,192.3729909897376,625.24,244,20.13636363636364,11,712,7.158836689038031,33.38095238095238,1.0,-70.56,4.3478260869565215,0,0,0.01
2,20,5478.12,2452,8.916363636363636,6.0,96,1,11.003827529784452,273.906,304.315,421.18,14.85,107.71413739005764,406.33,121,13.75,12,721,0.0,37.526315789473685,9.0,-33.79,31.03448275862069,0,0,0.0
560,1,217.73,33,1.5714285714285714,1.0,4,1,1.0757057484009542,217.73,217.73,217.73,217.73,0.0,0.0,21,21.0,1,0,0.0,0.0,0.0,0.0,0.0,1,1,1.0
166,20,2354.29,1014,4.970588235294118,1.5,60,1,9.74599160484116,117.7145,114.9,157.27,97.95,17.31211516007762,59.32000000000001,113,10.05,8,566,56.372549019607845,29.31578947368421,7.0,-118.75,25.925925925925924,1,1,0.68
30,21,6753.89,3925,12.076923076923077,6.0,144,1,14.43109179017341,321.61380952380955,322.78000000000003,1106.42,7.800000000000001,239.44097808178512,1098.62,238,15.238095238095235,11,700,1.8461538461538465,34.5,9.0,-115.04,30.0,0,0,0.01
331,1,250.0,2,2.0,2.0,2,2,0.0,250.0,250.0,250.0,250.0,0.0,0.0,1,1.0,1,0,0.0,0.0,0.0,0.0,0.0,1,1,0.99
71,1,743.53,604,11.84313725490196,12.0,36,2,7.403708662608512,743.53,743.53,743.53,743.53,0.0,0.0,51,51.0,1,0,0.0,0.0,0.0,0.0,0.0,0,0,0.24
357,4,589.27,307,13.347826086956522,12.0,36,2,7.493079811351841,147.3175,130.26,227.44000000000003,101.31,59.65188366682146,126.13000000000002,17,5.75,3,63,0.0,20.666666666666668,0.0,0.0,0.0,1,1,0.9
591,1,234.75000000000003,73,10.428571428571429,6.0,24,2,9.89708951926681,234.75000000000003,234.75000000000003,234.75000000000003,234.75000000000003,0.0,0.0,7,7.0,1,0,0.0,0.0,0.0,0.0,0.0,1,1,0.98
12,5,783.96,361,7.520833333333333,2.5,36,1,8.445040300304013,156.792,153.93,269.0,31.0,87.57103042673415,238.0,45,9.6,3,543,20.833333333333336,135.5,0.0,0.0,0.0,0,0,0.08
154,9,569.14,238,2.2242990654205608,1.0,16,1,2.7172003183595903,63.23777777777778,42.900000000000006,134.6,2.37,48.89761338188649,132.23,93,11.555555555555555,5,571,0.0,71.25,0.0,0.0,0.0,1,1,0.74
24,5,803.9,332,1.711340206185567,1.0,13,1,1.978950173803225,160.78000000000003,177.93,179.19,97.7,35.43253942352989,81.49,167,37.8,4,490,0.0,122.25,0.0,0.0,0.0,0,0,0.09
411,1,239.12,260,15.294117647058824,10.0,72,2,16.502896358981783,239.12,239.12,239.12,239.12,0.0,0.0,17,17.0,1,0,0.0,0.0,0.0,0.0,0.0,1,1,0.99
24,3,497.4500000000001,155,7.75,8.0,12,1,4.115119746291205,165.8166666666667,184.4,226.05,87.0,71.36337179066958,139.05,20,6.666666666666667,2,487,20.0,243.0,1.0,-34.95,25.0,0,0,0.06
549,2,1147.02,2,1.0,1.0,1,1,0.0,573.51,573.51,849.45,297.57,390.2380904012319,551.8800000000001,1,1.0,1,0,0.0,0.0,3.0,-1996.47,60.0,1,1,0.98
3,26,9669.12,6578,11.873646209386282,11.5,48,1,6.882001479690947,371.8892307692308,330.52,752.39,125.3,128.63415661240452,627.0899999999999,156,21.26923076923077,12,730,2.888086642599278,28.8,5.0,-143.9,16.129032258064516,0,0,0.0
467,2,368.35,149,2.8653846153846154,2.0,25,1,4.019700731001936,184.175,184.175,251.04,117.31,94.561389848077,133.73000000000002,45,25.0,1,11,53.84615384615385,11.0,0.0,0.0,0.0,1,1,0.93
134,14,3402.24,1919,5.467236467236467,1.0,100,1,10.787475968438482,243.0171428571429,191.405,659.3000000000001,3.95,203.77833063739297,655.35,274,24.714285714285715,8,527,25.35612535612536,40.07692307692308,4.0,-131.32999999999998,22.22222222222222,1,1,0.63
44,7,1997.75,1086,6.135593220338983,4.0,60,1,7.42414127369435,285.3928571428572,271.8,401.37,115.5,106.63497483069456,285.87,117,25.285714285714285,5,605,33.89830508474576,100.5,0.0,0.0,0.0,0,0,0.07
9,7,1342.32,704,13.803921568627452,6.0,96,1,18.106374134920703,191.76,211.8,257.4,84.24000000000001,74.09631974666488,173.15999999999997,40,7.142857142857143,4,537,3.92156862745098,89.16666666666667,2.0,-31.8,22.22222222222222,0,0,0.07
414,5,1386.12,1494,23.714285714285715,8.0,576,1,79.45041638402199,277.22400000000005,324.55,485.79,35.6,181.5008341027666,450.19,51,12.6,4,324,0.0,80.75,1.0,-236.25,16.666666666666664,1,1,0.95
20,2,636.24,465,4.744897959183674,3.0,24,1,4.5731426278473934,318.12,318.12,387.39,248.85,97.9625734655843,138.54,78,48.0,1,13,100.0,13.0,0.0,0.0,0.0,0,0,0.2
54,11,3602.18,1370,18.266666666666666,6.0,96,2,28.044045151662207,327.47090909090906,325.44,365.28,302.39,20.162996034590435,62.88999999999999,51,6.818181818181818,8,563,20.0,55.8,2.0,-38.58,15.384615384615383,0,0,0.12
372,3,3882.17,1774,11.44516129032258,12.0,48,1,8.752099514709313,1294.0566666666668,70.80000000000001,3796.37,15.0,2167.246507352898,3781.37,155,51.66666666666666,1,358,0.0,179.0,3.0,-863.31,50.0,1,1,0.77
4,20,2698.47,2749,6.770935960591133,2.0,120,1,13.004244040790375,134.9235,112.595,334.38,13.919999999999998,90.41726664834486,320.46,305,19.75,8,731,0.0,36.15,3.0,-44.0,13.043478260869565,0,0,0.03
34,2,409.1,110,2.156862745098039,1.0,10,1,1.8694656885817167,204.55,204.55,214.95,194.15,14.707821048680186,20.799999999999983,49,25.5,2,21,100.0,21.0,0.0,0.0,0.0,0,0,0.18
19,23,5554.89,2211,6.720364741641338,4.0,50,1,7.896872172604821,241.51695652173916,221.4,641.1,2.55,151.89302029074108,638.5500000000001,226,14.173913043478262,9,705,14.58966565349544,31.63636363636364,8.0,-533.86,25.806451612903224,0,0,0.01
268,1,71.4,12,12.0,12.0,12,12,0.0,71.4,71.4,71.4,71.4,0.0,0.0,1,1.0,1,0,0.0,0.0,0.0,0.0,0.0,1,1,1.0
312,2,518.42,599,14.609756097560975,4.0,50,1,18.70277793374621,259.21,259.21,298.9,219.52,56.13013629058811,79.37999999999997,35,20.5,2,321,0.0,321.0,0.0,0.0,0.0,1,1,0.96
212,7,2038.65,1260,5.361702127659575,3.0,108,1,8.724230752254618,291.2357142857143,334.54,380.62,120.83,97.27428657446649,259.79,171,33.0,4,390,0.0,64.5,0.0,0.0,0.0,1,1,0.77
95,8,1884.55,1419,12.557522123893806,10.0,48,1,8.197275301997507,235.56875,277.91,409.25,10.95,146.1884967565115,398.3,81,14.125,5,417,0.0,68.83333333333333,0.0,0.0,0.0,1,1,0.54
336,1,135.9,90,9.0,7.0,24,3,6.182412330330468,135.9,135.9,135.9,135.9,0.0,0.0,10,10.0,1,0,0.0,0.0,0.0,0.0,0.0,1,1,0.99
163,6,1894.93,1296,12.226415094339623,12.0,48,2,8.905090057423205,315.82166666666666,313.305,328.62,307.74,8.317053364423392,20.879999999999995,99,17.666666666666668,6,536,0.0,106.8,0.0,0.0,0.0,1,1,0.89
64,10,2394.36,991,2.7527777777777778,2.0,20,1,2.2223210671300606,239.436,229.63,456.29,155.51,89.5938653901904,300.78000000000003,230,35.4,7,447,18.055555555555557,49.22222222222222,2.0,-40.15,16.666666666666664,0,0,0.1
5,4,874.59,407,11.628571428571428,10.0,24,3,6.593605254494755,218.6475,115.125,554.34,90.0,224.1744566738147,464.34,33,8.75,3,38,85.71428571428571,12.0,0.0,0.0,0.0,0,0,0.15
92,11,2631.9,1369,3.555844155844156,2.0,48,1,5.032459572679087,239.2636363636364,136.6,1078.4,4.11,300.772355620417,1074.2900000000002,307,33.72727272727273,7,344,33.76623376623377,34.0,6.0,-526.82,35.294117647058826,0,0,0.31
5,6,2376.17,1582,5.629893238434164,3.0,48,1,6.800081117372566,396.02833333333336,349.17499999999995,919.8,114.24,278.104766044501,805.56,240,46.16666666666666,3,616,45.19572953736655,122.8,1.0,-6.75,14.285714285714285,0,0,0.06
232,2,336.09,187,9.35,10.0,24,2,5.450977700810823,168.04500000000002,168.04500000000002,184.64,151.45,23.46887406758152,33.190000000000026,20,10.0,2,395,0.0,395.0,0.0,0.0,0.0,1,1,0.97
227,7,2243.09,1166,6.739884393063584,4.0,36,1,6.167853079837774,320.4414285714286,299.82,507.76,158.05,131.65615524648177,349.71,149,23.714285714285715,6,510,13.872832369942197,84.5,1.0,-6.95,12.5,1,1,0.9
5,6,1669.49,532,6.909090909090909,6.0,24,1,5.021484940212874,278.24833333333333,264.93,604.1,20.4,209.2478331946753,583.7,57,12.833333333333334,5,664,0.0,132.6,1.0,-75.6,14.285714285714285,0,0,0.03
3,57,29018.06,12032,15.211125158027812,10.0,300,2,25.20166113920777,509.0887719298246,464.56,1003.61,100.8,195.2250314021358,902.81,153,13.87719298245614,12,735,10.998735777496838,12.714285714285714,38.0,-648.62,40.0,0,0,0.01
30,15,1582.0500000000002,638,4.907692307692308,1.0,288,1,25.730097645866632,105.47,43.75,578.5500000000001,6.75,147.7974031764912,571.8000000000001,119,8.266666666666667,10,707,0.0,50.142857142857146,5.0,-725.5,25.0,0,0,0.11
36,1,372.7,136,7.157894736842105,6.0,12,2,3.2190950746157228,372.7,372.7,372.7,372.7,0.0,0.0,19,19.0,1,0,0.0,0.0,1.0,-17.0,50.0,0,0,0.11
565,1,10877.18,17766,1110.375,1049.0,2972,176,805.3293218719076,10877.18,10877.18,10877.18,10877.18,0.0,0.0,16,16.0,1,0,0.0,0.0,0.0,0.0,0.0,1,1,0.9
15,2,529.58,282,3.2790697674418605,2.0,20,1,2.965095625045417,264.79,264.79,316.5,213.08,73.12898331031273,103.42,81,42.0,1,366,0.0,366.0,0.0,0.0,0.0,0,0,0.05
15,5,1374.34,718,8.864197530864198,6.0,48,1,9.619970226590818,274.86800000000005,302.34000000000003,383.55,164.7,90.74011444780088,218.85,72,16.2,4,644,11.11111111111111,160.5,1.0,-3.2,16.666666666666664,0,0,0.02
43,3,821.45,377,13.0,10.0,50,2,13.2664991614216,273.81666666666666,183.7,540.25,97.5,234.72888793954044,442.75,24,9.0,2,491,0.0,245.5,0.0,0.0,0.0,0,0,0.09
5,3,972.04,664,9.352112676056338,6.0,48,1,8.409346146740194,324.0133333333333,358.29,593.75,20.0,288.40671461207927,573.75,67,22.33333333333333,3,674,43.66197183098591,337.0,0.0,0.0,0.0,0,0,0.05
414,5,852.53,457,2.08675799086758,1.0,24,1,2.359201775843806,170.50600000000003,123.42,321.79,45.73,114.626686814197,276.06,185,42.4,2,245,0.0,61.0,1.0,-7.95,16.666666666666664,1,1,0.86
320,1,155.0,36,4.5,4.0,12,2,3.3380918415851206,155.0,155.0,155.0,155.0,0.0,0.0,8,8.0,1,0,0.0,0.0,0.0,0.0,0.0,1,1,0.98
376,1,353.51,297,12.91304347826087,7.0,48,1,16.23103940960669,353.51,353.51,353.51,353.51,0.0,0.0,23,23.0,1,0,100.0,0.0,0.0,0.0,0.0,1,1,0.92
33,4,622.57,455,12.297297297297296,12.0,36,1,8.887772076988275,155.64249999999998,149.58499999999998,210.8,112.6,40.80014082900532,98.20000000000002,30,9.25,3,446,0.0,148.33333333333334,0.0,0.0,0.0,0,0,0.06
103,4,1124.49,511,11.613636363636363,6.0,144,1,21.607724619069234,281.1225,265.70500000000004,472.53,120.55,161.2818417915255,351.98,33,11.0,3,462,70.45454545454545,153.66666666666666,1.0,-7.95,20.0,1,1,0.56
162,11,11403.41,5722,12.772321428571429,12.0,108,1,13.40946748803098,1036.6736363636364,1041.98,1477.56,740.43,231.18683108138868,737.13,354,40.72727272727273,9,538,11.607142857142858,53.4,2.0,-23.7,15.384615384615383,1,1,0.61
52,8,3243.69,2010,17.946428571428573,12.0,144,3,20.770665075305796,405.46125,340.65000000000003,889.44,33.9,246.72455089127232,855.5400000000001,103,14.0,6,390,15.178571428571429,55.42857142857143,1.0,-4.25,11.11111111111111,0,0,0.15
20,11,2429.83,1480,2.4342105263157894,2.0,25,1,2.6970508089364147,220.89363636363635,214.97,464.64,89.08,131.4859859660129,375.56,368,53.54545454545455,7,293,83.22368421052632,28.9,3.0,-119.65,21.428571428571427,0,0,0.11
243,5,527.78,170,34.0,32.0,50,16,14.832396974191326,105.556,79.2,237.6,10.08,92.21506211026482,227.52,3,1.0,5,306,0.0,75.75,0.0,0.0,0.0,1,1,0.93
247,1,454.12,296,16.444444444444443,6.0,144,1,34.437022181542154,454.12,454.12,454.12,454.12,0.0,0.0,16,16.0,1,0,0.0,0.0,0.0,0.0,0.0,1,1,0.89
414,1,205.25,91,8.272727272727273,6.0,24,3,5.8667011018273145,205.25,205.25,205.25,205.25,0.0,0.0,11,11.0,1,0,0.0,0.0,0.0,0.0,0.0,1,1,1.0
39,20,9134.48,4203,13.093457943925234,12.0,40,1,8.213022483699715,456.724,419.605,914.16,60.0,239.82865386508095,854.1600000000001,175,16.05,12,682,10.903426791277258,35.421052631578945,2.0,-138.45,9.090909090909092,0,0,0.0
107,1,335.52,142,23.666666666666668,18.0,64,2,22.57136829407262,335.52,335.52,335.52,335.52,0.0,0.0,6,6.0,1,0,0.0,0.0,0.0,0.0,0.0,1,1,0.76
37,3,1350.48,1103,4.946188340807175,4.0,80,1,7.237712252435339,450.16,549.8100000000001,633.58,167.09,248.6982547184439,466.49,196,71.66666666666667,2,345,58.29596412556054,172.5,0.0,0.0,0.0,0,0,0.23
16,8,1550.65,607,40.46666666666667,32.0,128,1,31.802665357003075,193.83125,163.2,494.35,7.95,140.39118291784362,486.4,4,1.875,2,721,20.0,102.42857142857144,1.0,-81.6,11.11111111111111,0,0,0.04
21,2,230.22,142,11.833333333333334,12.0,24,6,6.293334617359911,115.11,115.11,128.1,102.12,18.3706341752265,25.97999999999999,11,6.0,2,50,0.0,50.0,0.0,0.0,0.0,0,0,0.1
361,1,250.04,144,2.7169811320754715,1.0,25,1,3.997005410258679,250.04,250.04,250.04,250.04,0.0,0.0,53,53.0,1,0,0.0,0.0,0.0,0.0,0.0,1,1,1.0
477,1,126.05,54,6.75,6.0,12,3,2.8660575211055543,126.05,126.05,126.05,126.05,0.0,0.0,8,8.0,1,0,0.0,0.0,0.0,0.0,0.0,1,1,1.0
604,1,1954.99,689,15.659090909090908,12.0,96,2,14.572901231982764,1954.99,1954.99,1954.99,1954.99,0.0,0.0,44,44.0,1,0,0.0,0.0,0.0,0.0,0.0,1,1,0.99
297,1,122.4,48,48.0,48.0,48,48,0.0,122.4,122.4,122.4,122.4,0.0,0.0,1,1.0,1,0,0.0,0.0,1.0,-28.05,50.0,1,1,0.89
186,16,2952.06,996,7.2700729927007295,6.0,32,1,6.174548863771626,184.50375,109.125,532.46,31.8,145.81250919702788,500.66,67,8.5625,8,548,10.218978102189782,36.2,3.0,-41.65,15.789473684210526,1,1,0.75
454,1,215.22,118,7.866666666666666,6.0,30,1,7.22956891292051,215.22,215.22,215.22,215.22,0.0,0.0,15,15.0,1,0,100.0,0.0,0.0,0.0,0.0,1,1,0.98
31,9,2216.32,1238,12.505050505050503,10.0,100,1,11.650850662972752,246.2577777777778,303.6,334.5,8.25,106.4930563203275,326.25,66,11.0,6,692,9.090909090909092,86.0,1.0,-27.25,10.0,0,0,0.01
3,5,787.85,175,8.333333333333334,4.0,48,3,9.814954576223638,157.57,137.3,274.8,97.7,69.15064714086196,177.10000000000002,6,4.2,3,81,0.0,20.0,0.0,0.0,0.0,0,0,0.07
1,3,1071.73,718,1.7177033492822966,1.0,10,1,1.2239506298871805,357.24333333333334,365.8,428.45,277.48,75.84785846240703,150.96999999999997,313,135.66666666666666,2,8,28.708133971291865,3.5,0.0,0.0,0.0,0,0,0.15
51,4,559.97,264,9.10344827586207,10.0,20,3,3.848421082416295,139.9925,111.36,231.35,105.9,60.97069972535988,125.45,22,7.25,4,190,0.0,63.0,0.0,0.0,0.0,0,0,0.15
35,3,1097.98,639,4.122580645161291,2.0,48,1,6.970564720150352,365.9933333333333,482.67,606.61,8.7,315.5696047361553,597.91,144,50.0,2,8,0.0,4.0,0.0,0.0,0.0,0,0,0.06
28,5,1541.2,816,8.589473684210526,6.0,25,1,6.524087507471922,308.24,314.38,410.18,159.72,106.99358695734992,250.46,80,19.0,3,374,0.0,93.0,3.0,-48.400000000000006,37.5,0,0,0.16
20,2,746.81,522,6.868421052631579,4.0,48,1,9.123365030167552,373.405,373.405,437.67,309.14,90.884434585907,128.53000000000003,71,37.5,1,13,100.0,13.0,0.0,0.0,0.0,0,0,0.17
632,1,222.96,552,138.0,48.0,432,24,196.32625906892844,222.96,222.96,222.96,222.96,0.0,0.0,4,4.0,1,0,0.0,0.0,0.0,0.0,0.0,1,1,0.99
432,1,350.35,187,7.791666666666667,6.0,24,1,5.274872070706439,350.35,350.35,350.35,350.35,0.0,0.0,24,24.0,1,0,0.0,0.0,2.0,-13.35,66.66666666666666,1,1,0.98
530,1,259.68,112,9.333333333333334,12.0,12,3,4.007568597117966,259.68,259.68,259.68,259.68,0.0,0.0,12,12.0,1,0,0.0,0.0,0.0,0.0,0.0,1,1,1.0
11,12,3082.1,434,28.933333333333334,30.0,48,16,10.579404970214982,256.84166666666664,199.0,571.5,109.0,130.88035798415515,462.5,6,1.25,8,719,6.666666666666667,71.5,1.0,-8.5,7.6923076923076925,0,0,0.09
646,1,176.9,60,1.935483870967742,2.0,4,1,0.6290460434111185,176.9,176.9,176.9,176.9,0.0,0.0,31,31.0,1,0,0.0,0.0,0.0,0.0,0.0,1,1,0.99
22,15,10027.18,4782,50.87234042553192,24.0,256,1,55.54582222369672,668.4786666666666,612.0,1253.66,332.04,302.8913030602296,921.62,42,6.266666666666667,8,701,26.595744680851062,49.57142857142857,2.0,-200.55,11.76470588235294,0,0,0.05
99,3,808.9200000000001,405,9.0,6.0,25,1,5.660870475947542,269.64000000000004,305.28000000000003,325.44,178.20000000000002,79.82832579980617,147.23999999999998,41,15.0,3,387,0.0,193.0,0.0,0.0,0.0,1,1,0.6
22,6,1760.49,769,2.5296052631578947,2.0,72,1,4.387099883547562,293.415,309.69,352.63,222.78,52.80763647428277,129.85,235,47.833333333333336,4,626,16.447368421052634,124.8,0.0,0.0,0.0,0,0,0.08
51,6,3151.4,2065,44.891304347826086,24.0,200,3,55.20234627093695,525.2333333333333,302.40000000000003,1702.94,151.20000000000002,582.0972681147599,1551.74,43,7.666666666666667,5,625,21.73913043478261,124.6,1.0,-9.9,14.285714285714285,0,0,0.05
721,1,131.25,59,6.555555555555555,6.0,12,2,3.643868518179241,131.25,131.25,131.25,131.25,0.0,0.0,9,9.0,1,0,0.0,0.0,1.0,-14.05,50.0,1,1,0.99
5,12,14617.39,8601,16.798828125,12.0,288,2,20.710013427283613,1218.1158333333333,1180.83,2157.64,528.93,517.4042210612217,1628.71,252,42.66666666666666,7,663,20.8984375,59.81818181818182,5.0,-70.36,29.411764705882355,0,0,0.04
16,8,3901.11,2001,13.705479452054794,12.0,96,3,13.281134043924046,487.63875,446.46,902.09,124.05,285.0162066288011,778.04,83,18.25,7,566,15.068493150684931,80.42857142857143,0.0,0.0,0.0,0,0,0.02
571,1,229.75,73,5.214285714285714,5.0,12,1,3.378178194247295,229.75,229.75,229.75,229.75,0.0,0.0,14,14.0,1,0,0.0,0.0,0.0,0.0,0.0,1,1,1.0
373,1,487.75,160,5.925925925925926,4.0,18,1,4.402149177267551,487.75,487.75,487.75,487.75,0.0,0.0,27,27.0,1,0,0.0,0.0,0.0,0.0,0.0,1,1,0.99
109,7,2064.71,2510,6.536458333333333,2.0,144,1,12.59112887422097,294.9585714285714,314.41,417.81,103.72,103.40314895730069,314.09000000000003,295,54.142857142857146,5,368,0.0,61.16666666666666,0.0,0.0,0.0,1,1,0.6
107,7,1227.07,575,2.478448275862069,2.0,30,1,3.328931449386669,175.29571428571427,169.15,452.39,22.15,150.58076989411614,430.24,198,32.57142857142857,4,511,21.98275862068965,85.0,0.0,0.0,0.0,1,1,0.61
51,2,338.15000000000003,495,21.52173913043478,3.0,288,1,60.5586639437837,169.075,169.075,180.45,157.7,16.086679271993965,22.75000000000003,20,11.5,2,686,0.0,686.0,0.0,0.0,0.0,0,0,0.17
4,1,244.41,171,10.058823529411764,12.0,36,1,7.956684204454251,244.41,244.41,244.41,244.41,0.0,0.0,17,17.0,1,0,0.0,0.0,0.0,0.0,0.0,0,0,0.02
85,4,2235.92,1473,10.911111111111111,12.0,48,1,7.507674348914798,558.98,533.115,842.5,327.19,212.48461073687196,515.31,124,33.75,4,546,0.0,181.66666666666663,4.0,-63.99,50.0,0,0,0.19
380,1,152.41,58,2.230769230769231,1.0,12,1,3.0107499704584217,152.41,152.41,152.41,152.41,0.0,0.0,26,26.0,1,0,0.0,0.0,0.0,0.0,0.0,1,1,0.98
177,2,120.9,198,22.0,24.0,24,6,6.0,60.45,60.45,68.1,52.8,10.818733752154175,15.299999999999995,6,4.5,2,133,0.0,133.0,0.0,0.0,0.0,1,1,0.8
52,1,337.04,176,11.733333333333333,8.0,48,2,11.335574008193769,337.04,337.04,337.04,337.04,0.0,0.0,15,15.0,1,0,0.0,0.0,0.0,0.0,0.0,0,0,0.17
361,3,539.14,362,8.418604651162791,4.0,36,1,9.178734631484666,179.71333333333334,145.0,266.1,128.04,75.29211468230478,138.06000000000003,37,14.333333333333334,2,76,0.0,38.0,1.0,-30.24,25.0,1,1,0.85
177,1,302.46,254,25.4,12.0,120,6,33.757962023795216,302.46,302.46,302.46,302.46,0.0,0.0,10,10.0,1,0,0.0,0.0,0.0,0.0,0.0,1,1,0.78
178,6,1507.26,625,3.9556962025316458,4.0,16,1,2.790669021694961,251.21,244.155,341.99,193.17,50.12709247502791,148.82,75,25.83333333333333,6,384,0.0,76.4,0.0,0.0,0.0,1,1,0.78
642,1,635.9,168,4.666666666666667,4.0,12,1,3.71098754665501,635.9,635.9,635.9,635.9,0.0,0.0,36,36.0,1,0,100.0,0.0,0.0,0.0,0.0,1,1,0.99
32,2,714.9599999999999,1312,100.92307692307692,48.0,240,24,84.25602009991287,357.48,357.48,394.56,320.4,52.439038892794365,74.16000000000003,10,6.5,2,28,0.0,28.0,0.0,0.0,0.0,0,0,0.17
431,1,89.65,19,6.333333333333333,5.0,12,2,5.131601439446884,89.65,89.65,89.65,89.65,0.0,0.0,3,3.0,1,0,0.0,0.0,2.0,-44.7,66.66666666666666,1,1,0.99
159,1,156.91,69,5.75,5.5,12,1,4.287932326467343,156.91,156.91,156.91,156.91,0.0,0.0,12,12.0,1,0,100.0,0.0,0.0,0.0,0.0,1,1,0.88
127,14,5984.81,2695,42.109375,24.0,240,1,40.76106031126291,427.4864285714285,347.72,819.42,260.57,193.46124945350135,558.8499999999999,30,4.571428571428571,9,605,0.0,42.785714285714285,4.0,-185.8,22.22222222222222,1,1,0.58
61,8,2657.76,1000,14.285714285714286,12.0,48,2,12.57227552200644,332.22,344.29,599.3,74.1,168.47547714726912,525.1999999999999,65,8.75,6,663,0.0,94.28571428571428,2.0,-246.78,20.0,0,0,0.06
94,3,302.36,172,17.2,8.0,48,4,17.793881595150122,100.78666666666668,60.0,183.36,59.0,71.51235231296293,124.36,10,3.333333333333333,3,415,10.0,207.0,1.0,-59.0,25.0,1,0,0.4
11,1,1162.65,524,3.358974358974359,2.0,48,1,5.87718246951577,1162.65,1162.65,1162.65,1162.65,0.0,0.0,148,148.0,1,0,0.0,0.0,0.0,0.0,0.0,0,1,0.51
14,4,692.85,458,45.8,48.0,144,1,44.22869857657784,173.2125,123.6,397.35,48.3,155.44803191098947,349.05,10,2.5,4,227,0.0,75.33333333333333,1.0,-4.25,20.0,0,0,0.24
2,4,357.0,140,35.0,30.0,60,20,19.14854215512676,89.25,76.5,153.0,51.0,48.82878249557324,102.0,1,1.0,4,588,25.0,195.66666666666663,0.0,0.0,0.0,0,0,0.17
161,10,817.82,905,3.3643122676579926,1.0,48,1,6.2546392924168295,81.782,68.36,177.34,18.83,57.77256996187724,158.51,216,24.8,6,522,35.68773234200744,57.77777777777778,0.0,0.0,0.0,1,1,0.76
114,1,85.13000000000001,49,1.6896551724137931,2.0,3,1,0.603764871207686,85.13000000000001,85.13000000000001,85.13000000000001,85.13000000000001,0.0,0.0,29,29.0,1,0,0.0,0.0,0.0,0.0,0.0,1,1,0.84
411,1,519.8100000000001,303,23.307692307692307,24.0,36,3,12.552454045488576,519.8100000000001,519.8100000000001,519.8100000000001,519.8100000000001,0.0,0.0,13,13.0,1,0,100.0,0.0,0.0,0.0,0.0,1,1,0.95
139,1,361.22,256,11.636363636363637,10.0,24,2,4.520276588097285,361.22,361.22,361.22,361.22,0.0,0.0,22,22.0,1,0,100.0,0.0,0.0,0.0,0.0,1,1,0.58
173,2,662.66,194,2.2045454545454546,2.0,12,1,1.655079891179274,331.33000000000004,331.33000000000004,528.5600000000001,134.1,278.9253409068456,394.46,83,42.5,2,396,13.636363636363637,396.0,0.0,0.0,0.0,1,1,0.75
239,2,413.08,295,4.097222222222222,1.0,36,1,7.438309141162339,206.54,206.54,297.07,116.01,128.0287538016363,181.06,69,34.5,2,141,0.0,141.0,0.0,0.0,0.0,1,1,0.95
302,3,635.1500000000001,566,18.258064516129032,12.0,108,1,19.88628965214557,211.7166666666667,296.52000000000004,328.13,10.5,174.97402159558814,317.63,20,10.333333333333334,2,104,0.0,51.5,1.0,-0.42,25.0,1,1,0.91
130,4,3757.6,2288,381.3333333333333,296.0,1000,48,371.209195288407,939.4,783.0,1487.6,704.0,368.345996765722,783.5999999999999,2,1.5,2,481,0.0,160.33333333333334,0.0,0.0,0.0,1,1,0.76
61,1,202.65,61,6.777777777777778,6.0,12,2,3.865804501581067,202.65,202.65,202.65,202.65,0.0,0.0,9,9.0,1,0,0.0,0.0,0.0,0.0,0.0,0,0,0.15
26,2,548.29,339,2.4388489208633093,2.0,36,1,3.35381052568971,274.145,274.145,286.39,261.9,17.317045071258555,24.49000000000001,122,68.5,1,359,0.0,359.0,0.0,0.0,0.0,0,0,0.11
381,1,359.69,171,9.0,8.0,24,3,6.137317546507322,359.69,359.69,359.69,359.69,0.0,0.0,19,19.0,1,0,0.0,0.0,0.0,0.0,0.0,1,1,0.99
389,2,400.06,338,13.52,12.0,24,2,6.144916598294887,200.03,200.03,249.46,150.6,69.90457638810207,98.86,21,12.5,2,38,0.0,38.0,1.0,-15.76,33.33333333333333,1,1,0.87
24,3,1413.66,1014,11.266666666666667,12.0,96,1,11.819618047403935,471.22,453.98,643.96,315.72,164.79771721719936,328.24,80,30.0,3,233,0.0,116.5,2.0,-61.3,40.0,0,0,0.13
96,11,4648.59,2432,6.968481375358167,4.0,144,1,11.519181067127436,422.5990909090909,351.95,826.37,130.15,209.6330234698028,696.22,193,31.09090909090909,8,585,95.70200573065902,58.1,1.0,-300.13,8.333333333333332,1,0,0.39
47,7,7600.05,1655,66.2,60.0,120,1,29.89704556195032,1085.7214285714283,1128.6,1383.6,594.0,265.45175308195974,789.5999999999999,11,3.571428571428572,6,564,24.0,93.5,1.0,-594.0,12.5,0,0,0.2
401,3,541.95,243,10.125,6.0,24,2,7.6517261479667615,180.65,119.85,345.6,76.5,144.48592492004198,269.1,22,8.0,3,93,0.0,46.5,0.0,0.0,0.0,1,1,0.97
32,11,1545.49,741,2.273006134969325,1.0,48,1,4.140123541073003,140.4990909090909,143.74,280.76,29.7,67.44912978749917,251.06,221,29.0,8,689,0.0,68.6,0.0,0.0,0.0,0,0,0.02
136,2,472.78,326,32.6,24.0,96,6,34.15064665078345,236.39,236.39,412.08,60.7,248.46318077332907,351.38,10,5.0,2,285,0.0,285.0,0.0,0.0,0.0,1,1,0.72
117,1,411.7,224,8.96,10.0,20,1,5.488472768752099,411.7,411.7,411.7,411.7,0.0,0.0,25,25.0,1,0,0.0,0.0,0.0,0.0,0.0,1,1,0.71
91,5,1998.0,1147,13.33720930232558,12.0,36,1,9.362767897829055,399.6,340.38,632.31,314.6,132.22300650794472,317.7099999999999,65,17.2,4,592,0.0,147.5,0.0,0.0,0.0,1,0,0.43
38,3,266.89,198,14.142857142857142,6.0,100,1,26.31424633994978,88.96333333333332,69.84,153.55,43.5,57.46326681744899,110.05,13,4.666666666666667,3,583,64.28571428571429,291.0,1.0,-47.75,25.0,0,0,0.11
239,7,1024.04,549,3.8125,2.0,24,1,4.169433813082817,146.29142857142855,150.0,188.94,111.82,25.51172176900351,77.11999999999999,99,20.428571428571427,5,463,0.0,76.66666666666667,1.0,-13.5,12.5,1,1,0.89
432,4,1774.68,1772,20.6046511627907,14.0,96,2,18.487056883934287,443.67,454.775,544.01,321.12,107.73546522230578,222.89,81,21.5,4,130,0.0,43.0,1.0,-39.8,20.0,1,1,0.93
446,1,135.18,74,14.8,12.0,24,6,8.67179335547152,135.18,135.18,135.18,135.18,0.0,0.0,5,5.0,1,0,0.0,0.0,0.0,0.0,0.0,1,1,0.98
74,2,245.94,194,12.125,12.0,24,2,7.881412732922103,122.97,122.97,152.76,93.18,42.12942202309449,59.579999999999984,16,8.0,2,199,0.0,199.0,0.0,0.0,0.0,0,0,0.14
16,3,795.23,755,107.85714285714286,6.0,312,3,133.11327077772094,265.07666666666665,90.48,616.25,88.5,304.126639137931,527.75,7,2.333333333333333,1,372,57.14285714285714,185.5,2.0,-619.2,40.0,0,0,0.28
192,1,139.35,44,2.3157894736842106,3.0,3,1,0.8852263727398502,139.35,139.35,139.35,139.35,0.0,0.0,19,19.0,1,0,0.0,0.0,0.0,0.0,0.0,1,1,0.96
35,3,5001.21,3178,11.309608540925266,6.0,75,1,12.056720718714091,1667.07,1931.45,2253.22,816.54,753.9462473545444,1436.6799999999998,263,93.0,1,361,0.0,180.5,1.0,-3.25,25.0,0,0,0.12
3,13,2560.7000000000003,1401,9.936170212765957,10.0,36,1,6.726507017504325,196.9769230769231,217.33,268.84000000000003,6.8,71.58908196373423,262.04,107,10.846153846153848,7,429,0.0,35.25,5.0,-167.85000000000002,27.77777777777778,0,0,0.07
1,37,11380.1,6366,13.234927234927236,12.0,144,1,10.773467913355978,307.57027027027027,300.56,900.5000000000001,8.5,155.9468093878751,892.0000000000001,212,13.0,12,580,10.602910602910605,15.63888888888889,5.0,-256.8,11.904761904761903,0,0,0.01
65,8,902.28,457,25.38888888888889,24.0,48,1,14.677469283741098,112.785,81.9,402.48,15.0,122.0425105093654,387.48,16,2.25,5,504,0.0,71.71428571428571,0.0,0.0,0.0,0,0,0.2
433,2,313.7,130,3.095238095238096,3.0,12,1,1.871604552373331,156.85,156.85,164.0,149.7,10.111626970967638,14.300000000000011,34,20.0,2,293,100.0,293.0,0.0,0.0,0.0,1,1,0.96
51,9,3037.61,1762,13.450381679389311,12.0,60,1,11.209346196852543,337.5122222222222,211.62,1420.35,39.95,427.1852388536435,1380.4,114,14.555555555555555,7,604,0.0,75.0,3.0,-35.75,25.0,0,0,0.05
26,2,1247.61,628,8.722222222222221,8.0,24,2,4.386991725616311,623.8050000000001,623.8050000000001,736.58,511.03,159.48793449662577,225.55,57,36.0,2,101,0.0,101.0,0.0,0.0,0.0,0,0,0.06
12,14,489.54,186,1.5121951219512195,1.0,12,1,1.6564125449272602,34.96714285714286,15.38,164.75,2.75,43.56920673852321,162.0,115,8.785714285714286,5,720,8.94308943089431,55.07692307692308,1.0,-9.95,6.666666666666667,0,0,0.06
23,19,5955.21,3377,23.13013698630137,6.0,288,1,44.45009036857192,313.4321052631579,241.44,1096.65,3.0,251.9247832980433,1093.65,88,7.684210526315789,10,650,6.164383561643835,35.72222222222222,6.0,-82.9,24.0,0,0,0.02
218,8,1063.76,224,4.48,2.0,36,1,7.576117146692503,132.97,124.85,217.75,79.9,40.8149632925405,137.85,24,6.25,6,416,22.0,59.285714285714285,0.0,0.0,0.0,1,1,0.91
107,5,498.93,299,9.64516129032258,2.0,54,1,15.245870232288643,99.786,112.1,148.73,4.9,55.61318171081385,143.82999999999998,20,5.6,3,492,48.38709677419355,122.75,0.0,0.0,0.0,1,1,0.68
10,12,8939.84,3926,33.8448275862069,24.0,96,4,20.20271331250845,744.9866666666667,604.98,1568.4,39.8,522.0291626359817,1528.6,58,9.666666666666666,7,684,5.172413793103448,61.72727272727273,3.0,-80.02,20.0,0,0,0.01
4,3,633.83,363,8.44186046511628,8.0,24,1,6.400529463148957,211.27666666666664,148.25,395.64,89.94,162.3033980954599,305.7,39,14.333333333333334,3,489,0.0,244.0,0.0,0.0,0.0,0,0,0.06
420,2,540.87,323,9.787878787878787,8.0,24,1,7.696417899571754,270.435,270.435,313.47,227.4,60.860680656726174,86.07000000000002,32,16.5,2,101,0.0,101.0,3.0,-27.7,60.0,1,1,0.93
38,1,576.0,415,10.64102564102564,10.0,25,2,7.868950239247055,576.0,576.0,576.0,576.0,0.0,0.0,39,39.0,1,0,0.0,0.0,1.0,-28.3,50.0,0,0,0.12
492,1,591.87,391,10.025641025641026,12.0,36,3,6.153677460575824,591.87,591.87,591.87,591.87,0.0,0.0,39,39.0,1,0,0.0,0.0,1.0,-19.8,50.0,1,1,0.95
9,28,17654.54,23075,198.92241379310343,36.0,4800,1,559.731102379986,630.5192857142857,446.25,2843.6,36.24,660.9641618285316,2807.36,30,4.142857142857143,10,261,1.7241379310344829,9.22222222222222,8.0,-1361.44,22.22222222222222,0,0,0.19
3,2,606.91,334,9.542857142857144,8.0,48,1,8.722327189267705,303.455,303.455,547.25,59.66,344.77819543874875,487.59,35,17.5,2,56,0.0,56.0,1.0,-13.3,33.33333333333333,0,0,0.04
1,38,13304.11,7813,10.375830013280211,8.0,120,1,10.339235338037406,350.10815789473685,307.57,1256.69,14.98,227.73449518356884,1241.71,383,19.789473684210527,12,735,16.733067729083665,19.405405405405407,9.0,-154.55,19.148936170212767,0,0,0.01
192,4,751.7,372,11.272727272727272,10.0,30,6,4.60483935165446,187.925,184.35,228.8,154.2,39.37743643255616,74.60000000000002,12,8.25,4,539,0.0,179.66666666666666,1.0,-7.8,20.0,1,1,0.87
654,1,154.25,25,3.125,2.0,12,1,3.6030740843261686,154.25,154.25,154.25,154.25,0.0,0.0,8,8.0,1,0,0.0,0.0,0.0,0.0,0.0,1,1,1.0
1,12,3593.06,1969,5.154450261780105,2.0,72,1,7.589170249610442,299.4216666666667,338.95000000000005,614.05,16.66,163.42184925875583,597.39,271,31.666666666666668,6,736,19.10994764397906,60.91666666666666,0.0,0.0,0.0,0,0,0.01
288,1,389.5,141,7.05,6.0,12,1,3.5905577927611603,389.5,389.5,389.5,389.5,0.0,0.0,20,20.0,1,0,0.0,0.0,1.0,-11.9,50.0,1,1,0.92
17,14,6679.97,3469,9.636111111111113,7.0,48,1,7.859371666741335,477.1407142857143,502.13,852.8100000000001,17.700000000000003,201.11957562467796,835.11,259,25.714285714285715,10,722,0.0,55.15384615384615,3.0,-39.25,17.647058823529413,0,0,0.0
236,1,338.95,93,4.894736842105263,4.0,12,1,3.21273052509864,338.95,338.95,338.95,338.95,0.0,0.0,19,19.0,1,0,100.0,0.0,0.0,0.0,0.0,1,1,0.89
232,6,2407.98,676,9.941176470588236,6.0,100,1,15.167603292545436,401.33,402.92500000000007,795.98,42.3,242.001314872461,753.6800000000001,59,11.333333333333334,4,505,0.0,100.6,8.0,-585.95,57.14285714285714,1,1,0.76
53,1,204.24,76,10.857142857142858,12.0,12,4,3.023715784073818,204.24,204.24,204.24,204.24,0.0,0.0,7,7.0,1,0,0.0,0.0,0.0,0.0,0.0,0,0,0.14
26,1,98.42,134,14.88888888888889,12.0,48,4,12.692955176439847,98.42,98.42,98.42,98.42,0.0,0.0,9,9.0,1,0,0.0,0.0,0.0,0.0,0.0,0,0,0.06
111,7,2137.3,1265,43.62068965517241,10.0,200,2,64.52043629352943,305.3285714285715,330.0,367.15,165.0,72.04719435401849,202.15,19,4.142857142857143,7,553,13.79310344827586,91.83333333333331,0.0,0.0,0.0,1,1,0.74
22,2,490.22,326,23.285714285714285,11.0,120,6,30.15454697548453,245.11,245.11,361.0,129.22,163.893209743418,231.78,13,7.0,2,20,0.0,20.0,0.0,0.0,0.0,0,0,0.16
45,1,178.34,138,3.2093023255813957,1.0,25,1,5.654994166705272,178.34,178.34,178.34,178.34,0.0,0.0,43,43.0,1,0,0.0,0.0,0.0,0.0,0.0,0,0,0.19
312,5,501.39,260,8.96551724137931,1.0,48,1,15.91603584578569,100.278,40.8,339.29,1.9,141.09471347290088,337.39000000000004,26,5.8,2,52,0.0,12.75,3.0,-63.15,37.5,1,1,0.88
245,2,150.5,260,28.88888888888889,12.0,144,2,45.12328790226961,75.25,75.25,104.9,45.6,41.931432124362274,59.30000000000001,9,4.5,2,386,0.0,386.0,0.0,0.0,0.0,1,1,0.92
24,4,902.02,649,3.165853658536585,1.0,60,1,6.151024534304547,225.505,209.225,365.98,117.59,103.66030050120445,248.39,180,49.25,3,391,0.0,130.0,0.0,0.0,0.0,0,0,0.05
438,1,208.63,1,1.0,1.0,1,1,0.0,208.63,208.63,208.63,208.63,0.0,0.0,1,1.0,1,0,0.0,0.0,2.0,-417.26,66.66666666666666,1,1,1.0
18,20,7521.8,4215,5.115291262135922,2.0,72,1,6.711377269103155,376.09,356.785,829.13,5.95,252.20052861082385,823.18,591,40.7,7,710,16.50485436893204,36.94736842105263,2.0,-116.7,9.090909090909092,0,0,0.02
29,7,1376.43,907,3.810924369747899,1.0,36,1,6.124065965685039,196.63285714285715,155.3,416.81,96.95,115.8417933669718,319.86,199,33.142857142857146,6,707,0.0,117.5,0.0,0.0,0.0,0,0,0.01
435,1,919.7,645,13.72340425531915,12.0,48,2,8.396951122824992,919.7,919.7,919.7,919.7,0.0,0.0,47,47.0,1,0,0.0,0.0,1.0,-10.2,50.0,1,1,0.97
648,1,389.78,392,8.340425531914894,6.0,72,1,12.065539494496178,389.78,389.78,389.78,389.78,0.0,0.0,47,47.0,1,0,0.0,0.0,0.0,0.0,0.0,1,1,0.99
257,1,88.2,38,7.6,3.0,24,1,9.736529155710468,88.2,88.2,88.2,88.2,0.0,0.0,5,5.0,1,0,0.0,0.0,0.0,0.0,0.0,1,1,0.97
155,2,764.15,219,5.918918918918919,4.0,24,2,4.901124464959141,382.0750000000001,382.0750000000001,455.57,308.58000000000004,103.9376257666106,146.98999999999995,33,18.5,2,395,0.0,395.0,1.0,-52.75,33.33333333333333,1,1,0.79
68,1,1064.28,799,17.369565217391305,12.0,120,2,20.88631523872049,1064.28,1064.28,1064.28,1064.28,0.0,0.0,46,46.0,1,0,0.0,0.0,1.0,-16.85,50.0,0,0,0.2
454,2,406.02,237,3.246575342465753,2.0,12,1,2.767774988434895,203.01,203.01,233.12,172.9,42.58197036305388,60.22,66,35.5,2,82,45.20547945205479,82.0,0.0,0.0,0.0,1,1,0.94
11,29,6221.02,3184,2.2265734265734265,1.0,100,1,4.762563232576535,214.51793103448276,191.61,472.11,106.14,92.62242976496836,365.97,444,48.82758620689656,11,370,15.594405594405597,12.75,6.0,-63.15,17.142857142857142,0,0,0.08
494,3,281.26,102,2.04,2.0,6,1,1.194545426306678,93.75333333333332,101.71,126.8,52.75,37.66074924020144,74.05,44,16.666666666666668,3,241,0.0,120.5,0.0,0.0,0.0,1,1,0.98
682,1,117.72,1,1.0,1.0,1,1,0.0,117.72,117.72,117.72,117.72,0.0,0.0,1,1.0,1,0,0.0,0.0,0.0,0.0,0.0,1,1,1.0
414,4,1322.0700000000002,1379,19.7,12.0,240,2,35.1779534054655,330.51750000000004,366.1,413.67,176.20000000000002,111.84712434837115,237.47,49,17.5,4,247,0.0,81.66666666666667,0.0,0.0,0.0,1,1,0.95
375,1,1108.82,367,4.95945945945946,4.0,20,1,3.991220464933479,1108.82,1108.82,1108.82,1108.82,0.0,0.0,74,74.0,1,0,0.0,0.0,0.0,0.0,0.0,1,1,0.98
159,1,154.55,170,5.483870967741935,1.0,36,1,10.042811584219285,154.55,154.55,154.55,154.55,0.0,0.0,29,29.0,1,0,100.0,0.0,0.0,0.0,0.0,1,1,0.81
149,2,653.3000000000001,438,14.129032258064516,12.0,30,1,8.507807925601327,326.65000000000003,326.65000000000003,630.0500000000001,23.25,429.0723948239971,606.8000000000001,28,15.0,1,5,0.0,5.0,0.0,0.0,0.0,1,1,0.65
84,1,410.48,343,14.91304347826087,6.0,96,2,20.810646408811262,410.48,410.48,410.48,410.48,0.0,0.0,23,23.0,1,0,0.0,0.0,0.0,0.0,0.0,0,0,0.28
654,2,9530.08,3316,255.07692307692307,216.0,700,96,151.40368860459418,4765.04,4765.04,5520.0,4010.08,1067.6746710491918,1509.92,13,6.5,2,44,30.76923076923077,44.0,0.0,0.0,0.0,1,1,0.96
76,4,1421.34,1341,8.707792207792208,5.0,100,1,10.89157816077896,355.33500000000004,361.56,537.2,161.01999999999998,157.4046694563623,376.18000000000006,143,37.25,4,342,90.25974025974024,114.0,0.0,0.0,0.0,0,0,0.21
144,6,1603.99,1165,12.010309278350515,10.0,48,1,9.68621749076235,267.33166666666665,302.64,429.57,40.8,129.09870369863,388.77,83,16.166666666666668,5,229,0.0,45.6,5.0,-196.7,45.45454545454545,1,1,0.62
253,1,364.8,160,8.88888888888889,10.0,24,2,5.14368703751203,364.8,364.8,364.8,364.8,0.0,0.0,18,18.0,1,0,0.0,0.0,0.0,0.0,0.0,1,1,0.92
4,21,11633.7,7019,14.412731006160165,12.0,100,1,11.500764070856413,553.9857142857143,607.74,1130.95,24.9,322.66838959791875,1106.05,236,23.19047619047619,9,722,12.525667351129362,35.7,6.0,-278.18,22.22222222222222,0,0,0.0
64,2,826.74,671,26.84,24.0,72,1,17.27638079382755,413.37,413.37,549.26,277.48,192.17748099087987,271.78,25,12.5,2,221,0.0,221.0,3.0,-119.02,60.0,0,0,0.27
215,3,376.5,344,13.76,12.0,25,2,7.281712252851889,125.5,100.86,185.04,90.6,51.81771511751555,94.44,18,8.333333333333334,2,216,24.0,108.0,0.0,0.0,0.0,1,1,0.89
376,1,95.96,56,1.435897435897436,1.0,4,1,0.787897662165515,95.96,95.96,95.96,95.96,0.0,0.0,37,37.0,1,0,100.0,0.0,0.0,0.0,0.0,1,1,0.99
54,1,351.13,185,9.25,12.0,12,2,4.339233500103567,351.13,351.13,351.13,351.13,0.0,0.0,20,20.0,1,0,0.0,0.0,0.0,0.0,0.0,0,0,0.13
396,1,75.0,120,60.0,60.0,100,20,56.56854249492381,75.0,75.0,75.0,75.0,0.0,0.0,2,2.0,1,0,0.0,0.0,0.0,0.0,0.0,1,1,0.89
53,7,3577.61,1755,21.666666666666668,24.0,120,1,16.812197952677096,511.0871428571429,348.91,1643.2,122.4,508.5805155762552,1520.8,70,11.571428571428571,6,683,0.0,113.5,4.0,-411.05,36.36363636363637,0,0,0.07
85,14,9056.01,3261,10.798013245033111,6.0,100,1,11.377642996653233,646.8578571428571,622.7249999999999,1248.3,33.81999999999999,395.4117330109809,1214.48,220,21.214285714285715,9,645,16.55629139072848,49.15384615384615,0.0,0.0,0.0,0,0,0.17
19,6,1006.53,880,16.923076923076923,12.0,48,1,11.032654123717226,167.755,163.965,250.36,96.0,58.29578706904984,154.36,35,8.666666666666666,5,702,28.846153846153843,140.2,0.0,0.0,0.0,0,0,0.02
321,5,1627.62,863,2.838815789473684,1.0,90,1,8.132788620038744,325.524,219.47,659.43,158.8,202.4792213536984,500.63,262,59.4,4,352,12.828947368421051,87.75,0.0,0.0,0.0,1,1,0.86
9,2,453.4,354,10.411764705882351,10.0,12,8,0.9571943553260712,226.7,226.7,343.8,109.6,165.60440815388944,234.2,24,17.0,2,79,0.0,79.0,1.0,-1.65,33.33333333333333,0,0,0.12
63,5,1631.36,860,9.772727272727272,6.0,24,1,7.154658112472887,326.27200000000005,288.99,682.78,164.25,209.36588253581337,518.53,77,17.6,4,387,0.0,96.5,4.0,-99.65,44.44444444444444,0,0,0.12
6,2,664.11,384,2.6301369863013697,1.0,24,1,3.841719619685663,332.055,332.055,378.67,285.44,65.92356521002183,93.23000000000002,133,69.0,2,7,100.0,7.0,0.0,0.0,0.0,0,0,0.11
234,2,466.29,223,13.117647058823527,12.0,24,3,7.912666688142946,233.145,233.145,309.09000000000003,157.2,107.40244899442472,151.89000000000004,15,8.5,2,180,0.0,180.0,0.0,0.0,0.0,1,1,0.95
170,5,671.01,295,7.375,6.0,48,1,7.882754627211258,134.202,136.25,251.47,50.400000000000006,74.65218596933381,201.07,37,8.0,3,433,17.5,107.75,0.0,0.0,0.0,1,1,0.9
19,32,14115.56,8482,6.699842022116903,2.0,216,1,15.432011797472024,441.11125,395.96,1585.18,6.75,295.9741627536801,1578.43,541,39.4375,11,705,3.4755134281200637,22.258064516129032,9.0,-172.2,21.951219512195124,0,0,0.02
429,3,1194.92,1123,14.973333333333333,12.0,48,3,11.564125950931572,398.3066666666667,400.0,435.85,359.07,38.41799881999758,76.78000000000003,69,25.0,3,147,0.0,73.5,0.0,0.0,0.0,1,1,0.94
67,8,3316.24,1570,12.170542635658917,8.0,96,2,13.625644497949306,414.53,354.435,853.6800000000001,137.4,232.90238672640763,716.2800000000001,113,16.125,5,592,0.0,84.14285714285714,1.0,-27.0,11.11111111111111,0,0,0.04
96,3,901.44,558,3.032608695652174,1.0,86,1,7.471550540179695,300.48,281.01,397.15,223.28,88.55509527971839,173.86999999999998,169,60.333333333333336,3,375,66.84782608695652,187.0,0.0,0.0,0.0,1,0,0.41
57,5,1616.54,1555,13.405172413793103,12.0,96,1,13.381998582310922,323.308,322.67,429.42,167.47,97.85069887333457,261.95000000000005,107,23.2,4,330,0.0,82.0,0.0,0.0,0.0,0,0,0.23
86,7,1569.36,710,8.255813953488373,6.0,48,1,7.66072649989255,224.1942857142857,164.1,493.53,12.6,164.49093458882393,480.93,69,12.285714285714286,6,504,0.0,83.5,2.0,-38.1,22.22222222222222,0,0,0.35
233,11,3019.2200000000003,1798,11.379746835443038,11.0,48,1,10.256958237810435,274.4745454545455,248.18,629.58,25.2,197.70796075847005,604.38,131,14.363636363636363,6,503,5.69620253164557,49.9,4.0,-61.3,26.666666666666668,1,1,0.83
243,8,2744.81,1729,9.713483146067416,8.0,48,1,7.387723684970698,343.10125,335.125,701.97,97.8,180.95538072270747,604.1700000000001,139,22.25,6,363,0.0,51.42857142857143,9.0,-182.69,52.94117647058824,1,1,0.84
185,6,683.46,221,4.804347826086956,2.0,36,1,6.448495311887853,113.91,79.805,371.29,6.0,133.298478010816,365.29,37,7.666666666666667,3,70,0.0,13.8,1.0,-25.200000000000003,14.285714285714285,1,1,0.78
134,8,4610.84,3021,20.41216216216216,12.0,96,2,18.125011491079277,576.355,524.36,1251.48,215.92,322.1353622758164,1035.56,72,18.5,6,461,10.81081081081081,65.42857142857143,0.0,0.0,0.0,1,1,0.63
242,3,940.98,572,10.035087719298245,6.0,48,1,10.545758985556878,313.66,307.45,449.68,183.85,133.02375840427905,265.83000000000004,54,19.0,3,290,0.0,145.0,1.0,-17.0,25.0,1,1,0.93
10,2,300.83,102,2.914285714285714,3.0,10,1,1.8844788415372773,150.41500000000002,150.41500000000002,231.18,69.65,114.21895836506305,161.53,35,17.5,1,0,0.0,0.0,0.0,0.0,0.0,0,0,0.22
360,4,1101.97,733,10.940298507462687,12.0,36,2,7.166590409069113,275.4925,292.935,314.90000000000003,201.2,51.79712564418994,113.70000000000002,56,16.75,4,217,55.223880597014926,72.0,5.0,-40.7,55.55555555555556,1,1,0.77
64,13,5744.91,3057,10.292929292929292,10.0,48,1,7.777634938823319,441.91615384615386,363.78,993.75,17.0,313.553753885424,976.75,193,22.846153846153847,9,428,0.0,35.166666666666664,6.0,-211.6,31.57894736842105,0,0,0.15
23,5,1917.41,875,14.112903225806452,12.0,48,1,11.23388439704713,383.482,440.2000000000001,561.5,119.04,182.22734487447264,442.46,47,12.2,3,393,0.0,98.0,0.0,0.0,0.0,0,0,0.02
374,3,586.24,372,2.8181818181818183,2.0,16,1,2.920886046208252,195.41333333333333,267.7,313.49,5.05,166.44167156494592,308.44,126,42.66666666666666,2,251,0.0,125.5,0.0,0.0,0.0,1,1,0.91
9,8,1114.72,1214,24.775510204081638,24.0,120,1,21.437180810182,139.34,131.1,313.5,15.0,95.4785223417886,298.5,27,6.125,6,498,0.0,70.71428571428571,0.0,0.0,0.0,0,0,0.08
481,2,2138.91,1403,11.134920634920634,12.0,48,1,8.187163782021877,1069.455,1069.455,1858.91,280.0,1116.457967883252,1578.91,126,63.0,1,0,0.0,0.0,0.0,0.0,0.0,1,1,0.9
650,1,368.4,216,108.0,108.0,120,96,16.97056274847714,368.4,368.4,368.4,368.4,0.0,0.0,2,2.0,1,0,100.0,0.0,0.0,0.0,0.0,1,1,0.97
16,2,1015.58,660,2.986425339366516,2.0,36,1,4.527170135575413,507.79,507.79,596.36,419.22,125.25689521938509,177.14000000000004,196,103.5,1,372,0.0,372.0,0.0,0.0,0.0,0,0,0.1
4,29,23494.31,12140,16.22994652406417,12.0,160,1,18.739618248483,810.1486206896552,886.86,1485.78,19.5,414.6188522755753,1466.28,303,25.689655172413797,10,720,29.545454545454547,25.357142857142858,5.0,-119.22,14.705882352941178,0,0,0.02
10,4,4014.1,1844,30.229508196721312,18.0,144,2,38.464872911364616,1003.525,962.68,1638.34,450.4,603.7805403455794,1187.9399999999998,51,15.25,3,420,34.42622950819672,139.66666666666666,2.0,-28.450000000000003,33.33333333333333,0,0,0.12
17,20,8030.150000000001,4534,9.348453608247423,6.0,48,1,7.493262999009635,401.5075000000001,468.555,1061.3300000000002,5.9,298.0467350296629,1055.43,258,24.25,10,712,0.0,37.05263157894737,13.0,-243.49,39.39393939393939,0,0,0.02
68,13,2134.49,1267,2.24645390070922,1.0,114,1,6.099637893308701,164.19153846153844,161.95,349.49,32.8,73.77448032643738,316.69,311,43.07692307692308,5,343,37.765957446808514,28.166666666666668,0.0,0.0,0.0,0,0,0.18
146,2,166.3,66,11.0,6.0,36,2,12.6964561984831,83.15,83.15,85.6,80.7,3.464823227814082,4.899999999999992,4,3.0,2,250,33.33333333333333,250.0,0.0,0.0,0.0,1,1,0.77
170,1,330.11,197,8.954545454545455,10.0,24,3,5.009298712701567,330.11,330.11,330.11,330.11,0.0,0.0,22,22.0,1,0,0.0,0.0,0.0,0.0,0.0,1,1,0.8
18,25,5706.87,4436,14.885906040268456,12.0,216,1,16.220712618846182,228.2748,231.91,421.7,14.04,109.14037646993891,407.66,212,11.92,11,571,0.0,23.416666666666668,4.0,-331.69,13.79310344827586,0,0,0.02
2,13,2753.29,1699,6.2463235294117645,2.0,204,1,17.84046732169778,211.7915384615385,143.8,887.3999999999999,15.45,230.66967449313577,871.9499999999998,215,20.07692307692308,6,379,0.0,31.25,1.0,-4.95,7.142857142857142,0,0,0.07
391,1,157.63,141,17.625,18.5,36,2,11.287635460348383,157.63,157.63,157.63,157.63,0.0,0.0,8,8.0,1,0,100.0,0.0,0.0,0.0,0.0,1,1,0.99
612,1,33.0,12,6.0,6.0,6,6,0.0,33.0,33.0,33.0,33.0,0.0,0.0,2,2.0,1,0,0.0,0.0,0.0,0.0,0.0,1,1,0.99
8,7,3878.51,2341,22.728155339805824,16.0,100,1,23.28855402391168,554.0728571428572,412.54,972.54,358.15000000000003,244.76607960215716,614.3899999999999,72,14.714285714285714,6,588,13.592233009708735,97.66666666666669,5.0,-49.28,41.66666666666667,0,0,0.07
37,1,364.22,278,15.444444444444445,13.5,36,2,11.057189421751657,364.22,364.22,364.22,364.22,0.0,0.0,18,18.0,1,0,0.0,0.0,0.0,0.0,0.0,0,0,0.09
582,1,135.04000000000002,232,29.0,24.0,72,1,28.086600770779345,135.04000000000002,135.04000000000002,135.04000000000002,135.04000000000002,0.0,0.0,8,8.0,1,0,0.0,0.0,0.0,0.0,0.0,1,1,0.98
135,4,657.9,146,14.6,13.0,24,6,9.143303560529969,164.475,108.9,404.7,35.400000000000006,164.05444980249698,369.3,7,2.5,3,112,0.0,37.0,0.0,0.0,0.0,1,1,0.66
12,6,993.23,919,8.132743362831858,4.0,48,1,9.753666366312466,165.53833333333333,135.165,297.36,91.06,78.04352796143104,206.3,96,17.833333333333332,4,469,90.2654867256637,93.2,0.0,0.0,0.0,0,0,0.08
394,1,419.7000000000001,6,6.0,6.0,6,6,0.0,419.7000000000001,419.7000000000001,419.7000000000001,419.7000000000001,0.0,0.0,1,1.0,1,0,0.0,0.0,0.0,0.0,0.0,1,1,0.99
1,208,114966.42,70149,16.29098931723177,2.0,1200,1,37.56747669924505,552.7231730769231,349.435,4041.18,5.0,581.8947825815936,4036.18,864,20.625,12,738,3.808639108221087,3.0386473429951693,62.0,-3227.06,22.96296296296296,0,0,0.0
1,61,49638.26,23190,65.14044943820225,36.0,504,1,75.83412174744217,813.7419672131148,332.4,6260.9,40.68,1197.075353683328,6220.219999999999,44,5.819672131147541,12,737,8.707865168539326,12.101694915254235,12.0,-419.85,16.43835616438356,0,0,0.02
53,3,1825.94,1022,11.108695652173912,8.0,58,1,10.450781054715826,608.6466666666666,716.48,756.76,352.7,222.56940879944244,404.06,77,28.666666666666668,3,469,0.0,234.5,0.0,0.0,0.0,0,0,0.18
1,15,2052.7,1576,3.139442231075697,2.0,60,1,4.944853378794348,136.84666666666666,128.31,253.29,2.95,74.47715437508018,250.34,245,33.0,9,623,40.63745019920319,44.07142857142857,2.0,-21.2,11.76470588235294,0,0,0.02
8,38,25119.54,10714,11.904444444444444,8.0,192,1,14.59287246679977,661.0405263157895,369.35,3963.76,15.0,804.0391508685665,3948.76,441,23.657894736842103,11,721,19.77777777777778,19.135135135135137,10.0,-630.72,20.833333333333336,0,0,0.01
6,30,12518.65,5383,14.431635388739949,4.0,240,1,35.85812495856581,417.2883333333333,323.35,1305.6,79.6,306.78584497404177,1226.0,173,12.366666666666667,11,727,60.32171581769437,24.620689655172413,2.0,-74.35,6.25,0,0,0.03
21,2,625.9,361,9.256410256410255,10.0,25,3,5.92371659970126,312.95000000000005,312.95000000000005,396.91,228.99,118.73737069684508,167.92000000000002,39,19.5,2,513,0.0,513.0,1.0,-14.85,33.33333333333333,0,0,0.04
429,1,217.03,141,11.75,12.0,24,1,5.785954780956444,217.03,217.03,217.03,217.03,0.0,0.0,12,12.0,1,0,0.0,0.0,0.0,0.0,0.0,1,1,1.0
201,2,489.6,576,288.0,288.0,384,192,135.7645019878171,244.8,244.8,326.4,163.2,115.39982668964456,163.2,1,1.0,2,392,0.0,392.0,0.0,0.0,0.0,1,1,0.71
39,11,2958.83,1217,7.902597402597403,6.0,25,1,6.283882776746288,268.98454545454547,309.1,444.9,15.3,146.88864240394057,429.6,98,14.0,8,686,0.0,68.2,9.0,-223.65,45.0,0,0,0.03
676,1,208.0,58,3.625,4.0,10,2,1.927865832122834,208.0,208.0,208.0,208.0,0.0,0.0,16,16.0,1,0,0.0,0.0,0.0,0.0,0.0,1,1,1.0
306,4,521.89,340,8.095238095238095,6.0,48,1,9.354298669620537,130.4725,122.595,223.7,53.0,71.27275373521077,170.70000000000002,42,10.5,3,417,66.66666666666666,138.66666666666666,0.0,0.0,0.0,1,1,0.89
243,2,620.27,456,19.82608695652174,12.0,120,3,23.55004762379481,310.135,310.135,310.75,309.52000000000004,0.869741340859406,1.2299999999999611,21,11.5,2,186,0.0,186.0,3.0,-19.61,60.0,1,1,0.81
25,58,55688.5,26894,21.10989010989011,10.0,300,1,30.06908274530898,960.146551724138,792.5699999999999,3609.8,41.25,775.9713063797803,3568.55,222,21.77586206896552,12,710,0.0,11.894736842105264,29.0,-2608.48,33.33333333333333,0,0,0.04
37,15,4620.3,3134,11.074204946996469,12.0,48,1,7.849976667109259,308.02000000000004,326.87,521.4399999999999,10.2,151.2149032243279,511.24,188,18.866666666666667,7,625,4.593639575971731,44.142857142857146,8.0,-102.6,34.78260869565217,0,0,0.02
45,3,341.24,222,8.222222222222221,3.0,72,1,15.9647046597109,113.74666666666668,128.7,134.28,78.25999999999999,30.858738362631318,56.02000000000001,27,9.0,3,525,0.0,262.5,0.0,0.0,0.0,0,0,0.13
243,1,112.55,48,3.4285714285714284,1.5,12,1,3.3215910393916697,112.55,112.55,112.55,112.55,0.0,0.0,13,13.0,1,0,100.0,0.0,0.0,0.0,0.0,1,1,0.96
150,8,1979.87,1411,10.770992366412214,10.0,48,1,8.070425482536349,247.48375,185.64,610.01,112.95,172.09501851655756,497.06,111,16.375,6,540,32.82442748091603,77.0,0.0,0.0,0.0,1,1,0.8
421,2,449.25,252,2.52,2.0,12,1,2.9796616986469853,224.625,224.625,307.7,141.55,117.48579169414484,166.14999999999998,88,48.5,1,0,0.0,0.0,0.0,0.0,0.0,1,1,0.99
44,4,1265.16,712,5.5625,3.0,24,1,6.084380415405507,316.29,277.065,600.05,110.98,207.31645778053087,489.07,93,30.75,4,436,0.0,145.0,0.0,0.0,0.0,0,0,0.13
1,27,10169.33,7188,4.814467515070328,3.0,48,1,5.812162959854085,376.6418518518519,349.51,833.0600000000001,126.5,175.26249708622862,706.5600000000001,487,54.44444444444444,12,724,0.0,27.307692307692307,12.0,-196.57,30.76923076923077,0,0,0.0
80,1,507.84,114,8.142857142857142,8.0,24,1,6.431379118248072,507.84,507.84,507.84,507.84,0.0,0.0,14,14.0,1,0,0.0,0.0,0.0,0.0,0.0,0,0,0.35
201,2,506.04,175,3.6458333333333335,2.5,20,1,4.1794308038262376,253.02,253.02,270.0,236.04,24.01334628909514,33.95999999999998,42,21.0,2,322,100.0,322.0,0.0,0.0,0.0,1,1,0.84
29,3,1041.75,717,3.93956043956044,2.0,24,1,4.963031935577732,347.25,363.2,431.56,246.99,93.31303821010222,184.57,148,55.333333333333336,2,386,0.0,193.0,1.0,-32.3,25.0,0,0,0.11
128,2,145.07,40,2.0,1.5,6,1,1.521771820505364,72.535,72.535,114.77,30.300000000000004,59.72930980682767,84.47,20,10.0,2,252,0.0,252.0,0.0,0.0,0.0,1,1,0.76
681,1,138.18,117,9.0,5.0,36,1,9.643650760992957,138.18,138.18,138.18,138.18,0.0,0.0,13,13.0,1,0,0.0,0.0,0.0,0.0,0.0,1,1,1.0
610,1,373.0100000000001,204,10.736842105263158,8.0,25,2,7.694457639273422,373.0100000000001,373.0100000000001,373.0100000000001,373.0100000000001,0.0,0.0,19,19.0,1,0,0.0,0.0,0.0,0.0,0.0,1,1,0.99
218,7,1047.33,529,8.138461538461538,5.0,48,1,8.898519755900633,149.6185714285714,154.08,321.71000000000004,17.1,108.0644954689207,304.61,57,9.142857142857142,4,311,27.692307692307693,51.5,3.0,-43.6,30.0,1,1,0.86
626,1,10953.5,1,1.0,1.0,1,1,0.0,10953.5,10953.5,10953.5,10953.5,0.0,0.0,1,1.0,1,0,0.0,0.0,2.0,-21907.0,66.66666666666666,1,1,1.0
592,1,140.75,49,24.5,24.5,48,1,33.23401871576773,140.75,140.75,140.75,140.75,0.0,0.0,2,2.0,1,0,0.0,0.0,0.0,0.0,0.0,1,1,0.99
30,4,1131.75,800,4.166666666666667,2.0,48,1,6.696356228313627,282.9375,205.39,545.22,175.75,175.52037172837424,369.47,164,46.75,4,286,24.479166666666664,95.0,1.0,-1.65,20.0,0,0,0.12
92,5,571.35,327,10.548387096774194,12.0,36,2,7.437915073806725,114.27,107.64,170.4,80.8,36.275974142674656,89.60000000000001,28,6.2,5,597,16.129032258064516,148.75,1.0,-11.9,16.666666666666664,1,0,0.29
336,1,334.93,105,7.0,6.0,24,2,5.9281411203561225,334.93,334.93,334.93,334.93,0.0,0.0,15,15.0,1,0,0.0,0.0,0.0,0.0,0.0,1,1,0.98
4,47,9519.8,5278,4.581597222222222,2.0,100,1,10.15895943850797,202.5489361702128,151.89999999999998,1242.95,84.5,174.9288700938811,1158.45,538,23.638297872340427,12,441,16.75347222222222,9.065217391304348,13.0,-161.27,21.666666666666668,0,0,0.05
190,2,112.2,73,12.166666666666666,12.0,24,1,7.277820186475252,56.1,56.1,79.8,32.4,33.51686142824235,47.4,4,3.0,1,0,0.0,0.0,2.0,-97.2,50.0,1,1,0.87
17,7,687.72,695,4.237804878048781,1.0,58,1,7.023940485023629,98.24571428571429,110.49,200.34,9.9,62.52948713930702,190.44,145,23.0,4,527,0.0,87.5,2.0,-18.99,22.22222222222222,0,0,0.05
227,6,1921.76,1352,54.08,60.0,144,1,49.781120919481104,320.2933333333333,318.64,392.68,253.64,45.41759071842832,139.04000000000002,17,4.166666666666667,6,497,0.0,99.0,5.0,-150.06,45.45454545454545,1,1,0.81
68,3,1046.61,582,10.210526315789474,10.0,32,2,6.826254050421962,348.87000000000006,328.0,480.71,237.9,122.74299043122583,242.81,55,19.0,2,607,0.0,303.5,3.0,-23.5,50.0,0,0,0.05
16,10,3781.38,3518,35.18,22.0,288,1,44.30755231243531,378.138,394.19,688.0,140.14,162.192868304648,547.86,55,10.0,7,544,14.000000000000002,60.22222222222222,4.0,-426.43,28.57142857142857,0,0,0.12
240,1,623.5,366,13.071428571428571,12.0,36,2,7.707276847377184,623.5,623.5,623.5,623.5,0.0,0.0,28,28.0,1,0,0.0,0.0,1.0,-14.85,50.0,1,1,0.71
38,1,921.37,394,9.16279069767442,6.0,96,1,15.085360662320683,921.37,921.37,921.37,921.37,0.0,0.0,43,43.0,1,0,0.0,0.0,0.0,0.0,0.0,0,0,0.1
501,1,100.86,65,8.125,2.0,36,1,12.100029515902609,100.86,100.86,100.86,100.86,0.0,0.0,8,8.0,1,0,0.0,0.0,0.0,0.0,0.0,1,1,1.0
576,1,230.1,166,18.444444444444443,24.0,36,6,10.28483241369434,230.1,230.1,230.1,230.1,0.0,0.0,9,9.0,1,0,0.0,0.0,1.0,-8.7,50.0,1,1,0.99
55,3,1175.68,462,4.277777777777778,3.0,36,1,5.500778761065851,391.8933333333334,390.46,414.27,370.95,21.695539480117397,43.31999999999999,93,34.333333333333336,2,581,100.0,290.5,2.0,-3.34,40.0,0,0,0.21
5,36,18670.59,10037,10.543067226890756,10.0,72,1,9.536373128917544,518.6275,503.6950000000001,1120.11,12.6,300.59420671515664,1107.5100000000002,432,26.444444444444443,12,697,14.07563025210084,20.264705882352946,18.0,-227.72,33.33333333333333,0,0,0.04
442,1,210.5,145,5.37037037037037,4.0,18,1,4.66697190698924,210.5,210.5,210.5,210.5,0.0,0.0,27,27.0,1,0,0.0,0.0,0.0,0.0,0.0,1,1,0.99
61,1,557.62,142,17.75,8.0,48,4,17.612901115781174,557.62,557.62,557.62,557.62,0.0,0.0,8,8.0,1,0,100.0,0.0,0.0,0.0,0.0,0,0,0.34
39,7,3442.15,2262,12.852272727272728,12.0,100,1,12.74410992036469,491.7357142857143,492.28,769.24,147.95000000000002,202.54658030990825,621.29,141,25.142857142857142,7,249,0.0,41.0,1.0,-12.6,12.5,0,0,0.07
396,2,1216.66,894,11.61038961038961,12.0,24,2,6.370482597921208,608.33,608.33,834.89,381.77,320.40422469124843,453.12,77,38.5,2,12,0.0,12.0,0.0,0.0,0.0,1,1,0.93
410,1,533.78,313,8.942857142857143,6.0,30,1,7.132951114134924,533.78,533.78,533.78,533.78,0.0,0.0,35,35.0,1,0,0.0,0.0,0.0,0.0,0.0,1,1,1.0
47,16,4881.07,3419,3.325875486381323,2.0,48,1,5.988127795943193,305.066875,320.485,803.02,48.89,192.24565641278693,754.13,549,62.625,10,685,68.8715953307393,45.2,2.0,-19.35,11.11111111111111,0,0,0.02
373,2,748.46,745,21.285714285714285,12.0,72,6,14.664024462792543,374.23,374.23,398.4,350.06,34.18154180255771,48.339999999999975,27,17.5,2,62,0.0,62.0,0.0,0.0,0.0,1,1,0.91
3,11,2521.4,671,2.57088122605364,2.0,22,1,2.341875232600844,229.21818181818185,223.68,381.65,12.75,118.17105329294326,368.9,155,23.181818181818183,6,734,28.735632183908045,73.0,1.0,-11.9,8.333333333333332,0,0,0.01
158,5,784.8100000000001,821,12.073529411764708,12.0,48,1,9.1884355878115,156.96200000000002,150.24,245.76,91.41,62.73411368625527,154.35,65,13.6,5,252,0.0,63.0,1.0,-22.5,16.666666666666664,1,1,0.8
262,1,25.5,2,2.0,2.0,2,2,0.0,25.5,25.5,25.5,25.5,0.0,0.0,1,1.0,1,0,0.0,0.0,0.0,0.0,0.0,1,1,0.98
334,5,1700.52,1351,10.472868217054264,12.0,30,1,7.142607103873913,340.104,311.71,410.42,298.44,48.87980799880457,111.98000000000002,94,25.8,4,404,0.0,100.75,5.0,-170.7,50.0,1,1,0.78
60,8,2788.06,2069,5.546916890080429,3.0,72,1,6.721100811179809,348.5075,218.35,911.12,108.53,295.73497951230394,802.59,285,46.0,7,384,2.680965147453083,54.57142857142857,3.0,-464.94,27.27272727272727,0,0,0.09
14,4,575.46,310,8.857142857142858,8.0,24,1,6.03978406870963,143.865,126.55,288.36,34.0,107.58696745733968,254.36,28,8.75,4,718,0.0,239.0,0.0,0.0,0.0,0,0,0.0
128,6,4359.2,1104,22.08,8.0,72,1,23.43801203522315,726.5333333333333,594.0,1552.9,85.0,495.46982821022175,1467.9,45,8.333333333333334,5,602,0.0,120.0,2.0,-29.7,25.0,1,0,0.49
88,1,1267.32,656,8.746666666666666,8.0,24,2,5.109856224066449,1267.32,1267.32,1267.32,1267.32,0.0,0.0,75,75.0,1,0,0.0,0.0,1.0,-14.1,50.0,0,0,0.22
1,17,5171.63,1733,5.914675767918089,6.0,25,1,4.387430245395607,304.21352941176474,289.52,557.3000000000001,108.05,123.16441932134744,449.25000000000006,138,16.88235294117647,11,617,53.24232081911264,38.125,5.0,-155.88,22.727272727272727,0,0,0.03
55,4,2416.9,927,9.088235294117649,6.0,48,1,9.833367060476728,604.2249999999999,492.865,1271.57,159.6,477.2739762791737,1111.97,93,25.0,4,549,34.31372549019608,182.66666666666663,0.0,0.0,0.0,0,0,0.09
11,19,6135.04,6837,22.270358306188925,12.0,240,1,29.352075132383387,322.89684210526315,309.51,475.54,45.0,86.63165703473989,430.54,154,16.157894736842106,10,711,5.537459283387622,39.11111111111112,11.0,-169.74,36.66666666666666,0,0,0.0
266,1,234.24,216,43.2,12.0,144,6,59.0016948909097,234.24,234.24,234.24,234.24,0.0,0.0,5,5.0,1,0,0.0,0.0,0.0,0.0,0.0,1,1,0.97
30,5,1278.06,806,10.333333333333334,12.0,48,1,6.908806100304288,255.612,245.1,338.19,159.56,70.70304286238321,178.63,65,15.6,3,404,0.0,100.5,1.0,-1.25,16.666666666666664,0,0,0.07
428,4,1664.92,797,7.663461538461538,3.0,48,1,10.632073272705387,416.23,432.995,548.87,250.06,125.95323603094393,298.81,83,24.5,4,311,0.0,103.0,0.0,0.0,0.0,1,1,0.93
416,6,1099.81,680,4.07185628742515,2.0,25,1,4.449947694664105,183.30166666666665,172.14,315.67,82.7,86.45783814476665,232.97000000000003,125,27.5,5,261,72.45508982035929,51.8,0.0,0.0,0.0,1,1,0.82
1,33,9811.04,6248,15.93877551020408,12.0,240,1,18.128733365374742,297.30424242424243,272.36,1045.45,29.88,222.91632215124892,1015.57,235,11.848484848484848,10,737,0.0,24.266666666666666,19.0,-377.29,36.53846153846153,0,0,0.02
452,2,233.25,296,26.90909090909091,12.0,150,3,41.965353675274905,116.625,116.625,124.5,108.75,11.136931803688125,15.75,10,5.5,2,77,0.0,77.0,0.0,0.0,0.0,1,1,0.96
1,37,18230.07,4435,11.76392572944297,8.0,200,1,15.490387323797863,492.7045945945946,443.25,1961.05,2.55,314.8953309398978,1958.5,166,10.054054054054054,12,620,34.217506631299734,16.72222222222222,23.0,-1993.63,38.333333333333336,0,0,0.14
75,6,2596.93,1997,15.724409448818898,12.0,48,1,11.455003180390968,432.82166666666666,441.075,670.88,193.26,166.50744516887724,477.62,82,21.166666666666668,5,464,0.0,92.4,2.0,-15.9,25.0,0,0,0.28
499,2,3710.5,2,1.0,1.0,1,1,0.0,1855.25,1855.25,3610.5,100.0,2482.298355355375,3510.5,2,1.0,1,0,0.0,0.0,0.0,0.0,0.0,1,1,0.85
432,1,1037.28,523,10.673469387755102,6.0,72,2,12.606856195311014,1037.28,1037.28,1037.28,1037.28,0.0,0.0,49,49.0,1,0,0.0,0.0,0.0,0.0,0.0,1,1,0.9
290,3,423.91,229,12.72222222222222,1.5,72,1,22.94444840082892,141.3033333333333,113.44,247.68,62.79,95.54240960606622,184.89,18,6.0,1,361,0.0,180.5,0.0,0.0,0.0,1,1,0.96
448,1,980.25,688,16.0,12.0,100,3,17.953644012660313,980.25,980.25,980.25,980.25,0.0,0.0,43,43.0,1,0,0.0,0.0,0.0,0.0,0.0,1,1,0.9
71,9,1818.31,677,9.273972602739724,8.0,40,1,6.735602492998188,202.03444444444443,210.18,294.3,123.9,62.50382050545214,170.4,49,8.11111111111111,6,666,9.58904109589041,82.75,3.0,-147.0,25.0,0,0,0.04
3,3,12393.7,5110,567.7777777777778,620.0,620,150,156.66666666666669,4131.233333333334,2046.0,8345.2,2002.5,3649.466997156343,6342.700000000001,9,3.0,1,0,0.0,0.0,0.0,0.0,0.0,0,0,0.37
15,12,1551.04,1426,4.308157099697885,3.0,12,1,3.0819946196985737,129.25333333333333,138.53,211.8,4.949999999999999,48.916777068689626,206.85,168,27.33333333333333,7,683,68.27794561933534,61.72727272727273,2.0,-12.08,14.285714285714285,0,0,0.04
24,1,195.25,161,11.5,11.0,24,2,7.398024684384963,195.25,195.25,195.25,195.25,0.0,0.0,14,14.0,1,0,0.0,0.0,0.0,0.0,0.0,0,0,0.02
1,45,31466.76,17356,24.105555555555554,12.0,720,1,40.403286502358,699.2613333333334,510.7,4090.28,15.0,720.4852232337466,4075.28,422,16.0,12,737,2.638888888888889,17.238095238095237,6.0,-581.7,11.76470588235294,0,0,0.01
15,20,7434.31,4292,17.809128630705395,12.0,100,1,17.565736050264206,371.7155,424.59,722.28,13.2,226.09357304757924,709.0799999999999,114,12.05,8,604,0.0,31.526315789473685,11.0,-592.49,35.483870967741936,0,0,0.04
374,1,180.61,111,2.707317073170732,1.0,36,1,5.640230059310632,180.61,180.61,180.61,180.61,0.0,0.0,39,39.0,1,0,0.0,0.0,2.0,-24.05,66.66666666666666,1,1,1.0
41,8,3739.01,1397,9.70138888888889,8.0,24,2,5.650768697149695,467.37625,379.62,1352.96,33.0,397.5165050279584,1319.96,90,17.875,6,369,1.3888888888888888,52.285714285714285,1.0,-25.5,11.11111111111111,0,0,0.13
123,7,2715.28,2750,26.442307692307693,18.0,288,2,45.17577899953787,387.8971428571429,360.66,899.58,17.700000000000003,269.9242425641119,881.88,50,14.857142857142858,5,438,25.961538461538463,72.5,1.0,-105.0,12.5,1,1,0.55
544,1,225.4,44,3.6666666666666665,3.0,6,2,1.497472618255253,225.4,225.4,225.4,225.4,0.0,0.0,12,12.0,1,0,0.0,0.0,1.0,-19.8,50.0,1,1,1.0
24,2,148.86,210,35.0,36.0,72,6,25.29031435154573,74.42999999999999,74.42999999999999,120.66,28.2,65.37909298850819,92.46,5,3.0,2,27,0.0,27.0,0.0,0.0,0.0,0,0,0.14
338,2,401.9,354,35.4,18.0,120,4,38.73614447630131,200.95,200.95,258.90000000000003,143.0,81.95367593952088,115.90000000000003,10,5.0,2,29,0.0,29.0,0.0,0.0,0.0,1,1,0.87
696,1,36.25,15,3.0,3.0,6,1,2.1213203435596424,36.25,36.25,36.25,36.25,0.0,0.0,5,5.0,1,0,0.0,0.0,0.0,0.0,0.0,1,1,1.0
17,14,3586.99,1752,9.125,6.0,96,1,9.65287576172014,256.2135714285714,181.4,599.78,14.85,217.049325043061,584.93,150,13.714285714285714,7,368,0.0,27.923076923076923,3.0,-50.66,17.647058823529413,0,0,0.05
234,4,695.4,478,9.372549019607844,6.0,66,1,12.995323442398384,173.85,156.72500000000002,280.76,101.19,76.54065629890212,179.57,48,12.75,4,446,0.0,148.33333333333334,0.0,0.0,0.0,1,1,0.96
4,38,9795.46,3483,20.13294797687861,12.0,96,1,17.034496838415144,257.7752631578948,210.675,787.5500000000001,45.6,183.2339803216736,741.95,76,4.552631578947368,11,728,8.092485549132949,19.86111111111111,3.0,-13.53,7.317073170731707,0,0,0.0
423,1,348.16,197,9.38095238095238,3.0,32,1,11.333473388490356,348.16,348.16,348.16,348.16,0.0,0.0,19,19.0,1,0,0.0,0.0,0.0,0.0,0.0,1,1,0.99
434,2,789.6,252,6.461538461538462,6.0,16,1,4.303279984323792,394.8,394.8,557.04,232.56,229.4420083594109,324.48,39,19.5,2,163,0.0,163.0,0.0,0.0,0.0,1,1,0.99
430,11,3881.89,2403,12.515625,10.0,144,2,15.146743489964608,352.89909090909094,312.51,541.19,287.68,77.81134396147462,253.51000000000005,113,17.454545454545453,7,233,17.708333333333336,22.9,7.0,-273.03000000000003,38.88888888888889,1,1,0.82
367,3,816.9300000000001,654,12.576923076923077,12.0,48,3,10.52046773329495,272.31,276.59000000000003,452.84,87.5,182.70760164809784,365.34,46,17.333333333333332,3,221,0.0,110.5,0.0,0.0,0.0,1,1,0.95
12,6,924.14,874,6.621212121212121,2.0,50,1,12.19656459141359,154.02333333333334,170.8,250.13,40.32,73.43370633889226,209.81,120,21.5,4,725,12.12121212121212,144.4,0.0,0.0,0.0,0,0,0.01
421,1,149.3,49,4.083333333333333,1.0,24,1,6.9994588535417686,149.3,149.3,149.3,149.3,0.0,0.0,12,12.0,1,0,0.0,0.0,0.0,0.0,0.0,1,1,0.98
34,12,4541.29,2736,6.176072234762979,4.0,48,1,6.912881667875299,378.4408333333333,456.92,536.77,11.97,175.26438301545434,524.8,266,35.75,8,653,75.62076749435666,59.0,2.0,-33.7,14.285714285714285,0,0,0.01
11,2,382.14,209,13.0625,12.0,48,1,11.38108811435298,191.07,191.07,229.8,152.34,54.77249127070999,77.46000000000001,16,8.0,2,190,56.25,190.0,0.0,0.0,0.0,0,0,0.17
599,1,337.4,285,14.25,12.0,48,1,13.505846687151536,337.4,337.4,337.4,337.4,0.0,0.0,20,20.0,1,0,0.0,0.0,0.0,0.0,0.0,1,1,0.99
257,6,1453.68,782,7.24074074074074,4.0,48,1,8.181207518179754,242.28,252.45,378.57,111.0,105.2328015402042,267.57,97,17.833333333333332,6,270,37.96296296296296,53.4,0.0,0.0,0.0,1,1,0.88
379,1,209.89,78,2.5161290322580645,2.0,12,1,2.4340770700197023,209.89,209.89,209.89,209.89,0.0,0.0,31,31.0,1,0,0.0,0.0,0.0,0.0,0.0,1,1,1.0
57,3,309.85,268,9.571428571428571,1.0,144,1,29.61409645751004,103.28333333333336,84.39999999999999,155.52,69.93,45.813177507495965,85.59,28,9.333333333333334,3,538,0.0,269.0,0.0,0.0,0.0,0,0,0.19
189,6,1000.27,440,4.782608695652174,3.0,36,1,6.332935168245312,166.71166666666667,160.865,311.42,15.0,106.79488984341276,296.42,78,15.333333333333334,3,46,0.0,8.8,0.0,0.0,0.0,1,1,0.7
478,2,600.34,164,5.857142857142857,4.0,24,1,5.615549085743222,300.17,300.17,489.23,111.11,267.3712161022574,378.12,27,14.0,2,78,0.0,78.0,0.0,0.0,0.0,1,1,1.0
319,11,3550.91,4458,32.30434782608695,24.0,288,1,39.73665293904159,322.81,307.1,585.0,1.3,141.07646713750668,583.7,98,12.545454545454543,7,404,0.0,39.8,6.0,-135.25,35.294117647058826,1,1,0.78
5,17,5333.08,3569,11.936454849498327,12.0,96,1,9.590227240825564,313.7105882352941,311.76,416.46,202.95,41.97341889079746,213.51,136,17.58823529411765,10,721,6.020066889632108,44.5625,4.0,-48.900000000000006,19.047619047619047,0,0,0.01
326,1,440.0,4,4.0,4.0,4,4,0.0,440.0,440.0,440.0,440.0,0.0,0.0,1,1.0,1,0,0.0,0.0,0.0,0.0,0.0,1,1,0.97
417,2,1408.96,997,13.293333333333331,12.0,60,2,11.103655757054574,704.48,704.48,1290.81,118.15,829.1958380262168,1172.66,72,37.5,2,223,0.0,223.0,0.0,0.0,0.0,1,1,0.83
723,1,323.25,123,7.6875,7.0,12,2,3.859512058969804,323.25,323.25,323.25,323.25,0.0,0.0,16,16.0,1,0,0.0,0.0,0.0,0.0,0.0,1,1,0.99
379,2,282.79,211,11.105263157894736,8.0,25,2,8.177847698658622,141.395,141.395,171.62,111.17,42.74460492272681,60.45,16,9.5,2,88,57.89473684210527,88.0,0.0,0.0,0.0,1,1,0.97
24,15,5339.13,3237,12.794466403162057,10.0,96,1,11.875229697521917,355.942,288.8,801.1,125.49,229.77852386902603,675.61,63,16.866666666666667,7,606,45.059288537549406,42.785714285714285,0.0,0.0,0.0,0,0,0.03
1,3,563.94,116,4.461538461538462,3.5,24,2,4.562725231532307,187.98,151.95,308.69,103.3,107.33072113798546,205.39,21,8.666666666666666,3,73,0.0,36.5,2.0,-87.36,40.0,0,0,0.18
152,2,735.66,114,9.5,10.0,16,2,3.825750075000147,367.83,367.83,388.9,346.76,29.797479759201103,42.13999999999999,11,6.0,2,105,33.33333333333333,105.0,1.0,-102.0,33.33333333333333,1,1,0.7
596,1,438.65,247,10.73913043478261,8.0,24,1,7.788204316927839,438.65,438.65,438.65,438.65,0.0,0.0,23,23.0,1,0,0.0,0.0,0.0,0.0,0.0,1,1,1.0
19,3,507.55,121,6.05,4.0,36,1,8.592989798912281,169.1833333333333,171.15,227.65,108.75,59.47439224854114,118.89999999999998,15,6.666666666666667,3,447,85.0,223.5,0.0,0.0,0.0,0,0,0.1
283,1,162.3,62,6.2,6.0,12,2,4.366539438350084,162.3,162.3,162.3,162.3,0.0,0.0,10,10.0,1,0,0.0,0.0,0.0,0.0,0.0,1,1,0.97
138,2,612.6,304,12.16,12.0,40,2,9.339343303109342,306.3,306.3,414.7,197.9,153.3007501612435,216.8,24,12.5,2,263,32.0,263.0,0.0,0.0,0.0,1,1,0.8
26,11,7090.06,5229,5.116438356164384,4.0,32,1,5.129960759149887,644.5509090909092,607.13,1281.0,359.19,262.9916142942412,921.81,561,90.63636363636364,8,601,55.77299412915851,59.7,2.0,-70.95,15.384615384615383,0,0,0.12
191,4,922.35,551,2.4708520179372195,1.0,24,1,2.9861244717669675,230.5875,236.76,259.27,189.56,30.91788088361382,69.70999999999998,183,54.25,3,437,50.22421524663677,145.33333333333334,0.0,0.0,0.0,1,1,0.83
94,2,826.88,287,8.2,6.0,24,2,4.451040856460694,413.44,413.44,626.88,200.0,301.8497427529134,426.88,35,17.5,2,60,0.0,60.0,0.0,0.0,0.0,1,0,0.5
73,1,144.2,88,9.77777777777778,12.0,16,2,5.23874454850057,144.2,144.2,144.2,144.2,0.0,0.0,9,9.0,1,0,0.0,0.0,1.0,-64.0,50.0,0,0,0.21
435,4,2031.07,1167,13.569767441860463,12.0,96,1,14.614690995243691,507.7675,503.915,643.5,379.74,132.3527784307278,263.76,70,21.25,4,261,0.0,87.0,1.0,-21.9,20.0,1,1,0.93
163,3,1516.24,530,9.636363636363637,6.0,24,2,6.418617701550171,505.41333333333336,418.18,679.88,418.18,151.09256544692505,261.7,25,18.33333333333333,2,97,0.0,48.5,6.0,-257.05,66.66666666666666,1,1,0.77
206,12,4884.68,2527,9.222627737226276,6.0,48,1,7.82206415054227,407.0566666666667,391.9,1035.2,43.92,274.8761121051821,991.28,224,22.33333333333333,9,455,22.26277372262774,41.0,5.0,-178.25,29.411764705882355,1,1,0.75
32,3,509.52,336,22.4,24.0,48,12,9.890832696420023,169.84,180.48,228.0,101.04,64.1452850956327,126.96,13,5.0,3,580,0.0,289.5,0.0,0.0,0.0,0,0,0.12
402,1,81.6,96,96.0,96.0,96,96,0.0,81.6,81.6,81.6,81.6,0.0,0.0,1,1.0,1,0,0.0,0.0,0.0,0.0,0.0,1,1,1.0
379,1,451.29,154,3.6666666666666665,1.0,48,1,7.678499175847839,451.29,451.29,451.29,451.29,0.0,0.0,42,42.0,1,0,0.0,0.0,0.0,0.0,0.0,1,1,1.0
255,3,1422.83,990,9.339622641509434,6.0,220,1,21.67679768673137,474.2766666666666,394.37,681.86,346.6,181.35220823947344,335.26,91,33.666666666666664,3,173,0.0,86.0,0.0,0.0,0.0,1,1,0.85
6,3,430.15,197,7.88,8.0,12,3,3.586084215408221,143.38333333333333,111.45,217.75,100.95,64.61705141317834,116.8,19,8.333333333333334,3,38,20.0,19.0,0.0,0.0,0.0,0,0,0.13
84,2,777.53,209,4.26530612244898,2.0,32,1,6.738494856061704,388.765,388.765,466.65,310.88,110.14602330542849,155.76999999999998,49,24.5,2,55,0.0,55.0,0.0,0.0,0.0,0,0,0.34
107,8,2294.65,1959,16.60169491525424,12.0,120,1,19.0034364101156,286.83125,340.65,495.74,15.3,166.85913386853338,480.44,94,14.75,5,588,0.0,83.71428571428571,2.0,-36.150000000000006,20.0,1,1,0.63
214,2,533.3,534,13.024390243902438,10.0,24,5,6.129795285643919,266.65,266.65,372.64,160.66,149.8924954759243,211.98,40,20.5,2,53,0.0,53.0,1.0,-115.43,33.33333333333333,0,1,0.75
36,4,732.41,383,2.77536231884058,1.0,32,1,4.755355207809232,183.1025,229.82,262.87,9.9,116.69992098683414,252.97,116,31.75,3,224,0.0,74.33333333333333,1.0,-19.9,20.0,0,0,0.12
402,1,364.45,414,3.663716814159292,1.0,50,1,7.904124849303399,364.45,364.45,364.45,364.45,0.0,0.0,105,105.0,1,0,0.0,0.0,0.0,0.0,0.0,1,1,0.93
318,3,1032.95,692,14.72340425531915,12.0,48,2,13.192063041448325,344.31666666666666,311.98,418.39,302.58,64.32133420050717,115.81,41,15.666666666666666,3,197,0.0,98.0,0.0,0.0,0.0,1,1,0.92
43,1,236.09,243,7.59375,6.0,24,1,4.963475466815306,236.09,236.09,236.09,236.09,0.0,0.0,30,30.0,1,0,0.0,0.0,0.0,0.0,0.0,0,0,0.1
33,6,1370.48,741,6.616071428571429,6.0,25,1,5.696917984083545,228.41333333333333,212.6,379.7,89.25999999999999,105.16718398182329,290.44,79,18.5,6,458,5.357142857142857,91.0,0.0,0.0,0.0,0,0,0.14
484,3,449.97,171,21.375,6.0,96,2,33.81013161760836,149.98999999999998,176.51999999999998,236.55,36.9,102.43491250545392,199.65,7,2.6666666666666665,2,146,0.0,73.0,1.0,-14.95,25.0,1,1,0.96
23,4,423.8,122,15.25,11.0,36,1,14.210157332998511,105.95,74.475,264.9,9.95,112.04969879477588,254.95,7,2.0,4,624,12.5,207.66666666666663,0.0,0.0,0.0,0,0,0.07
240,4,904.18,688,19.11111111111111,12.0,120,1,25.099547836311743,226.045,194.675,404.58,110.25,127.46141023855024,294.33000000000004,32,9.0,2,370,0.0,123.33333333333331,3.0,-30.75,42.85714285714285,1,1,0.88
472,1,102.65,47,2.35,1.0,6,1,1.694418080515829,102.65,102.65,102.65,102.65,0.0,0.0,20,20.0,1,0,0.0,0.0,0.0,0.0,0.0,1,1,1.0
45,4,748.5,343,7.297872340425532,6.0,24,1,6.028608944809383,187.125,213.91000000000005,256.77,63.91,87.85191688290017,192.86,46,11.75,4,238,0.0,79.33333333333333,0.0,0.0,0.0,0,0,0.14
37,6,96.11,80,1.7777777777777777,1.0,6,1,1.475387297209677,16.018333333333334,12.61,34.92,5.1,11.793329329187186,29.82,41,7.5,5,687,0.0,137.0,0.0,0.0,0.0,0,0,0.13
9,4,689.1,376,13.428571428571429,12.0,48,2,9.7503222033317,172.275,179.3,300.5,30.0,117.27049572107498,270.5,25,7.0,1,19,0.0,6.0,0.0,0.0,0.0,0,0,0.17
417,2,202.83,121,17.285714285714285,12.0,48,1,15.085470777255464,101.415,101.415,105.0,97.83,5.069955621107537,7.169999999999988,6,3.5,2,80,0.0,80.0,0.0,0.0,0.0,1,1,0.98
303,2,631.1700000000001,301,7.921052631578948,8.0,24,1,5.231823510058256,315.58500000000004,315.58500000000004,330.79,300.38,21.50311721588291,30.410000000000025,38,19.0,2,324,0.0,324.0,0.0,0.0,0.0,1,1,0.92
149,6,1830.54,2034,15.526717557251908,4.0,216,1,35.58572061164958,305.09000000000003,231.685,584.0600000000001,156.34,169.74358403191565,427.72,79,21.666666666666668,6,443,0.0,88.0,1.0,-13.9,14.285714285714285,1,1,0.77
5,2,382.67,158,7.9,9.0,24,1,5.839069861039964,191.335,191.335,256.55,126.12,92.2279374701614,130.43,20,10.0,2,374,35.0,374.0,0.0,0.0,0.0,0,0,0.04
2,5,1217.27,602,3.01,2.0,16,1,2.699320591980777,243.454,152.18,498.04,113.73,163.35618118087848,384.31,148,38.0,3,49,39.0,12.0,0.0,0.0,0.0,0,0,0.06
187,1,110.55,35,5.0,6.0,6,3,1.2909944487358056,110.55,110.55,110.55,110.55,0.0,0.0,7,7.0,1,0,100.0,0.0,0.0,0.0,0.0,1,1,0.92
