CustomerID,StockCode,Description,SimilarityScore
18180.0,22865,HAND WARMER OWL DESIGN,18.086085847763478
18180.0,21212,PACK OF 72 RETRO SPOT CAKE CASES,17.866340611816984
18180.0,21212,PACK OF 72 RETROSPOT CAKE CASES,17.866340611816984
18180.0,85123A,WHITE HANGING HEART T-LIGHT HOLDER,17.36452667497531
18180.0,85123A,CREAM HANGING HEART T-LIGHT HOLDER,17.36452667497531
18180.0,22909,SET OF 20 VINTAGE CHRISTMAS NAPKINS,17.191797721983527
18180.0,20725,LUNCH BAG RED SPOTTY,17.072913675423308
18180.0,20725,LUNCH BAG RED RETROSPOT,17.072913675423308
18180.0,22866,HAND WARMER SCOTTY DOG DESIGN,17.00302202953573
18180.0,22867,HAND WARMER BIRD DESIGN,16.89510834611326
18180.0,22382,LUNCHBAG SPACEBOY DESIGN ,16.88149433832612
18180.0,22382,LUNCH BAG SPACEBOY DESIGN ,16.88149433832612
18180.0,22952,72 CAKE CASES VINTAGE CHRISTMAS,16.830407789373535
18180.0,22952,SET 72 CAKE CASES VINTAGE CHRISTMAS,16.830407789373535
18180.0,22952,60 CAKE CASES VINTAGE CHRISTMAS,16.830407789373535
18180.0,21080,SET/20 RED SPOTTY PAPER NAPKINS ,16.63010388568469
18180.0,21080,SET/20 RED RETROSPOT PAPER NAPKINS ,16.63010388568469
17061.0,21212,PACK OF 72 RETRO SPOT CAKE CASES,11.714397735308562
17061.0,21212,PACK OF 72 RETROSPOT CAKE CASES,11.714397735308562
17061.0,85123A,WHITE HANGING HEART T-LIGHT HOLDER,11.690001401680599
17061.0,85123A,CREAM HANGING HEART T-LIGHT HOLDER,11.690001401680599
17061.0,23298,SPOTTY BUNTING,11.541030580443794
17061.0,23298,"BUNTING , SPOTTY ",11.541030580443794
17061.0,84991,60 TEATIME FAIRY CAKE CASES,11.076679049314114
17061.0,22720,SET OF 3 CAKE TINS PANTRY DESIGN ,10.868668188289604
17061.0,23245,SET OF 3 REGENCY CAKE TINS,10.859354710987503
17061.0,21080,SET/20 RED SPOTTY PAPER NAPKINS ,10.724788511562554
17061.0,21080,SET/20 RED RETROSPOT PAPER NAPKINS ,10.724788511562554
17061.0,85099B,JUMBO BAG RED WHITE SPOTTY ,10.705676701391846
17061.0,85099B,RED RETROSPOT JUMBO BAG ,10.705676701391846
17061.0,85099B,JUMBO BAG RED RETROSPOT,10.705676701391846
17061.0,22666,RECIPE BOX PANTRY YELLOW DESIGN,10.663909251550736
17061.0,20725,LUNCH BAG RED SPOTTY,10.646966834781706
17061.0,20725,LUNCH BAG RED RETROSPOT,10.646966834781706
14892.0,85123A,WHITE HANGING HEART T-LIGHT HOLDER,2.4964167940677506
14892.0,85123A,CREAM HANGING HEART T-LIGHT HOLDER,2.4964167940677506
14892.0,21232,STRAWBERRY CERAMIC TRINKET BOX,2.4954250906184288
14892.0,21232,STRAWBERRY CERAMIC TRINKET POT,2.4954250906184288
14892.0,37446,MINI CAKE STAND WITH HANGING CAKES,2.4405457063320024
14892.0,84991,60 TEATIME FAIRY CAKE CASES,2.378379794365978
14892.0,21231,SWEETHEART CERAMIC TRINKET BOX,2.325421499133329
14892.0,21733,RED HANGING HEART T-LIGHT HOLDER,2.3212584975303074
14892.0,22423,REGENCY CAKESTAND 3 TIER,2.3092950721735854
14892.0,21212,PACK OF 72 RETRO SPOT CAKE CASES,2.290457477008489
14892.0,21212,PACK OF 72 RETROSPOT CAKE CASES,2.290457477008489
14892.0,84992,72 SWEETHEART FAIRY CAKE CASES,2.289678222992439
14892.0,21485,RED SPOT HEART HOT WATER BOTTLE,2.285402793810323
14892.0,21485,RETROSPOT HEART HOT WATER BOTTLE,2.285402793810323
17100.0,21791,VINTAGE HEADS AND TAILS CARD GAME ,14.423803453670235
17100.0,21212,PACK OF 72 RETRO SPOT CAKE CASES,13.931340343261642
17100.0,21212,PACK OF 72 RETROSPOT CAKE CASES,13.931340343261642
17100.0,22551,PLASTERS IN TIN SPACEBOY,13.653761182426846
17100.0,22086,PAPER CHAIN KIT 50'S CHRISTMAS ,13.33571712457862
17100.0,21915,RED  HARMONICA IN BOX ,13.291011502151845
17100.0,22554,PLASTERS IN TIN WOODLAND ANIMALS,13.117707262326974
17100.0,22561,WOODEN SCHOOL COLOURING SET,13.078915990857505
17100.0,20725,LUNCH BAG RED SPOTTY,12.946981108950833
17100.0,20725,LUNCH BAG RED RETROSPOT,12.946981108950833
17100.0,22382,LUNCHBAG SPACEBOY DESIGN ,12.907360310778586
17100.0,22382,LUNCH BAG SPACEBOY DESIGN ,12.907360310778586
17100.0,22910,PAPER CHAIN KIT VINTAGE CHRISTMAS,12.74410882819969
14435.0,21679,SKULLS  STICKERS,0.714047688847383
14435.0,21219,SET/4 BADGES BALLOON GIRL,0.6581173400174731
14435.0,21544,SKULLS  WATER TRANSFER TATTOOS ,0.6489680666831701
14435.0,20974,12 PENCILS SMALL TUBE SKULL,0.6247823978146788
14435.0,21222,SET/4 BADGES BEETLES,0.6178091821072061
14435.0,21830,ASSORTED CREEPY CRAWLIES,0.6149970177473032
14435.0,22332,SKULLS PARTY BAG + STICKER SET,0.5666743462932872
14435.0,21989,PACK OF 20 SKULL PAPER NAPKINS,0.5645937172812698
14435.0,21220,SET/4 BADGES DOGS,0.5545610327577036
14435.0,20727,LUNCH BAG  BLACK SKULL.,0.5514864520941613
14676.0,84991,60 TEATIME FAIRY CAKE CASES,16.72391290140276
14676.0,84992,72 SWEETHEART FAIRY CAKE CASES,16.490314367817216
14676.0,20725,LUNCH BAG RED SPOTTY,16.071616912748034
14676.0,20725,LUNCH BAG RED RETROSPOT,16.071616912748034
14676.0,22417,PACK OF 60 SPACEBOY CAKE CASES,15.948405238582287
14676.0,22382,LUNCHBAG SPACEBOY DESIGN ,15.453448771155642
14676.0,22382,LUNCH BAG SPACEBOY DESIGN ,15.453448771155642
14676.0,22086,PAPER CHAIN KIT 50'S CHRISTMAS ,15.272631289744554
14676.0,20727,LUNCH BAG  BLACK SKULL.,15.18778375481159
14676.0,22384,LUNCHBAG PINK RETROSPOT,15.025005875271901
14676.0,22384,LUNCH BAG PINK RETROSPOT,15.025005875271901
14676.0,22384,LUNCH BAG PINK POLKADOT,15.025005875271901
14676.0,22384,LUNCH BAG PINK POLKADOTS,15.025005875271901
14676.0,22147,FELTCRAFT BUTTERFLY HEARTS,14.999467642237732
14676.0,22910,PAPER CHAIN KIT VINTAGE CHRISTMAS,14.856043740017151
18011.0,22383,LUNCHBAG SUKI  DESIGN ,7.7966622092449205
18011.0,22383,LUNCH BAG SUKI  DESIGN ,7.7966622092449205
18011.0,22383,LUNCH BAG SUKI DESIGN ,7.7966622092449205
18011.0,22382,LUNCHBAG SPACEBOY DESIGN ,7.753306852712152
18011.0,22382,LUNCH BAG SPACEBOY DESIGN ,7.753306852712152
18011.0,20727,LUNCH BAG  BLACK SKULL.,7.65531701170386
18011.0,20725,LUNCH BAG RED SPOTTY,7.597338171968636
18011.0,20725,LUNCH BAG RED RETROSPOT,7.597338171968636
18011.0,22386,JUMBO BAG PINK WITH WHITE SPOTS,7.591363810048984
18011.0,22386,JUMBO BAG PINK POLKADOT,7.591363810048984
18011.0,20728,LUNCH BAG CARS BLUE,7.558906321169486
18011.0,85123A,WHITE HANGING HEART T-LIGHT HOLDER,7.3605110894911645
18011.0,85123A,CREAM HANGING HEART T-LIGHT HOLDER,7.3605110894911645
18011.0,21929,JUMBO BAG PINK VINTAGE PAISLEY,7.356355139322234
18011.0,21931,JUMBO STORAGE BAG SUKI,7.352231255412502
18011.0,21212,PACK OF 72 RETRO SPOT CAKE CASES,7.321662032439304
18011.0,21212,PACK OF 72 RETROSPOT CAKE CASES,7.321662032439304
15775.0,22469,HEART OF WICKER SMALL,1.9566204183870073
15775.0,21733,RED HANGING HEART T-LIGHT HOLDER,1.9478579224325525
15775.0,84970S,HANGING HEART ZINC T-LIGHT HOLDER,1.8895485468056492
15775.0,22470,HEART OF WICKER LARGE,1.8742394582201225
15775.0,22457,NATURAL SLATE HEART CHALKBOARD ,1.7857255500551545
15775.0,84970L,SINGLE HEART ZINC T-LIGHT HOLDER,1.7098217355620884
15775.0,82482,WOODEN PICTURE FRAME WHITE FINISH,1.646222977522069
15775.0,21755,LOVE BUILDING BLOCK WORD,1.6409094769930075
15775.0,22189,CREAM HEART CARD HOLDER,1.6357161323756966
15775.0,84879,ASSORTED COLOUR BIRD ORNAMENT,1.6117081288939776
17180.0,20725,LUNCH BAG RED SPOTTY,30.85311956997168
17180.0,20725,LUNCH BAG RED RETROSPOT,30.85311956997168
17180.0,85123A,WHITE HANGING HEART T-LIGHT HOLDER,30.098765262510245
17180.0,85123A,CREAM HANGING HEART T-LIGHT HOLDER,30.098765262510245
17180.0,21121,SET/10 RED SPOTTY PARTY CANDLES,29.63869241588953
17180.0,21121,SET/10 RED POLKADOT PARTY CANDLES,29.63869241588953
17180.0,22384,LUNCHBAG PINK RETROSPOT,29.437442643803394
17180.0,22384,LUNCH BAG PINK RETROSPOT,29.437442643803394
17180.0,22384,LUNCH BAG PINK POLKADOT,29.437442643803394
17180.0,22384,LUNCH BAG PINK POLKADOTS,29.437442643803394
17180.0,22382,LUNCHBAG SPACEBOY DESIGN ,29.211617483867368
17180.0,22382,LUNCH BAG SPACEBOY DESIGN ,29.211617483867368
17180.0,20727,LUNCH BAG  BLACK SKULL.,29.133133864238303
17180.0,21210,SET OF 72 RETRO SPOT PAPER  DOILIES,28.40154313728437
17180.0,21210,SET OF 72 RETROSPOT PAPER  DOILIES,28.40154313728437
17180.0,22383,LUNCHBAG SUKI  DESIGN ,28.348400959003715
17180.0,22383,LUNCH BAG SUKI  DESIGN ,28.348400959003715
17180.0,22383,LUNCH BAG SUKI DESIGN ,28.348400959003715
17180.0,20728,LUNCH BAG CARS BLUE,28.267826895364315
17180.0,85099B,JUMBO BAG RED WHITE SPOTTY ,28.077837656038476
17180.0,85099B,RED RETROSPOT JUMBO BAG ,28.077837656038476
17180.0,85099B,JUMBO BAG RED RETROSPOT,28.077837656038476
14475.0,82482,WOODEN PICTURE FRAME WHITE FINISH,10.070698860132854
14475.0,21733,RED HANGING HEART T-LIGHT HOLDER,9.736027158597635
14475.0,22384,LUNCHBAG PINK RETROSPOT,9.60605683495931
14475.0,22384,LUNCH BAG PINK RETROSPOT,9.60605683495931
14475.0,22384,LUNCH BAG PINK POLKADOT,9.60605683495931
14475.0,22384,LUNCH BAG PINK POLKADOTS,9.60605683495931
14475.0,20728,LUNCH BAG CARS BLUE,9.167070392734885
14475.0,21755,LOVE BUILDING BLOCK WORD,9.16225332337764
14475.0,22411,JUMBO SHOPPER VINTAGE RED PAISLEY,9.1465092083137
14475.0,22382,LUNCHBAG SPACEBOY DESIGN ,9.133528081092022
14475.0,22382,LUNCH BAG SPACEBOY DESIGN ,9.133528081092022
14475.0,21181,PLEASE ONE PERSON  METAL SIGN,9.132290486140274
14475.0,21181,PLEASE ONE PERSON METAL SIGN,9.132290486140274
14475.0,21929,JUMBO BAG PINK VINTAGE PAISLEY,8.894265058816922
14475.0,21212,PACK OF 72 RETRO SPOT CAKE CASES,8.89219426121174
14475.0,21212,PACK OF 72 RETROSPOT CAKE CASES,8.89219426121174
15595.0,21375,LARGE CAMPHOR WOOD FIELD MUSHROOM ,2.093739938971609
15595.0,22864,MUG AND COASTER SET RED CIRCLES,0.6317934000815598
15595.0,35822P,"ACRYLIC BEAD CHAIN, PINK",0.6317934000815598
15595.0,47554,S/3 COLOURS FLOCK TEA TOWELS,0.6317934000815598
15595.0,35822B,"ACRYLIC BEAD CHAIN, BLUE",0.6317934000815598
15595.0,79308B,MOSAIC CANDLE DISH BLUE PURPLE,0.6317934000815598
15595.0,17011C,ORIGAMI LAVENDER INCENSE+FLOWER,0.6317934000815598
15595.0,17011E,ORIGAMI OPIUM SCENT INCENSE+FLOWER,0.6317934000815598
15595.0,84858B,BLUE RIVIERA HANDBAG,0.5646306473452057
15595.0,72754A,FLOWER FAIRY POTPOURRI CUSHION LILY,0.5472779746087082
15767.0,21531,RETRO SPOT SUGAR JAM BOWL,2.4313353036235954
15767.0,21531,RED RETROSPOT SUGAR JAM BOWL,2.4313353036235954
15767.0,15056P,EDWARDIAN PARASOL PINK,2.331806431022765
15767.0,22423,REGENCY CAKESTAND 3 TIER,2.3164588093825698
15767.0,85014B,RED/WHITE DOTS RUFFLED UMBRELLA,2.3096963499642165
15767.0,85014B,RED RETROSPOT UMBRELLA,2.3096963499642165
15767.0,21527,RETRO SPOT TRADITIONAL TEAPOT ,2.2851222530495336
15767.0,21527,RED RETROSPOT TRADITIONAL TEAPOT ,2.2851222530495336
15767.0,21843,RETRO SPOT CAKE STAND,2.282384543156321
15767.0,21843,RED RETROSPOT CAKE STAND,2.282384543156321
15767.0,21733,RED HANGING HEART T-LIGHT HOLDER,2.231093006197923
15767.0,21539,RETRO SPOTS BUTTER DISH,2.228791751918447
15767.0,21539,RED RETROSPOT BUTTER DISH,2.228791751918447
15767.0,85014A,BLACK/BLUE DOTS RUFFLED UMBRELLA,2.2023116776798126
15767.0,85014A,BLACK/BLUE POLKADOT UMBRELLA,2.2023116776798126
15767.0,21212,PACK OF 72 RETRO SPOT CAKE CASES,2.140511772428296
15767.0,21212,PACK OF 72 RETROSPOT CAKE CASES,2.140511772428296
14118.0,84997B,RED 3 PIECE MINI DOTS CUTLERY SET,4.150703378803097
14118.0,84997B,RED 3 PIECE RETROSPOT CUTLERY SET,4.150703378803097
14118.0,84997B,CHILDRENS CUTLERY RETROSPOT RED ,4.150703378803097
14118.0,22382,LUNCHBAG SPACEBOY DESIGN ,3.9843654655607583
14118.0,22382,LUNCH BAG SPACEBOY DESIGN ,3.9843654655607583
14118.0,22551,PLASTERS IN TIN SPACEBOY,3.980615105981805
14118.0,21790,VINTAGE SNAP CARDS,3.906621299997428
14118.0,22629,SPACEBOY LUNCH BOX ,3.824991945492646
14118.0,21791,VINTAGE HEADS AND TAILS CARD GAME ,3.8139170310667057
14118.0,22556,PLASTERS IN TIN CIRCUS PARADE ,3.7785410872203204
14118.0,21212,PACK OF 72 RETRO SPOT CAKE CASES,3.7562060991330752
14118.0,21212,PACK OF 72 RETROSPOT CAKE CASES,3.7562060991330752
14118.0,20725,LUNCH BAG RED SPOTTY,3.7183282980556305
14118.0,20725,LUNCH BAG RED RETROSPOT,3.7183282980556305
14118.0,22549,PICTURE DOMINOES,3.692743058445377
13551.0,15056P,EDWARDIAN PARASOL PINK,1.83769526479149
13551.0,85014A,BLACK/BLUE DOTS RUFFLED UMBRELLA,1.401227594294532
13551.0,85014A,BLACK/BLUE POLKADOT UMBRELLA,1.401227594294532
13551.0,85014B,RED/WHITE DOTS RUFFLED UMBRELLA,1.3852829300243719
13551.0,85014B,RED RETROSPOT UMBRELLA,1.3852829300243719
13551.0,22423,REGENCY CAKESTAND 3 TIER,0.94078179731819
13551.0,85099B,JUMBO BAG RED WHITE SPOTTY ,0.8649787007297747
13551.0,85099B,RED RETROSPOT JUMBO BAG ,0.8649787007297747
13551.0,85099B,JUMBO BAG RED RETROSPOT,0.8649787007297747
13551.0,20725,LUNCH BAG RED SPOTTY,0.8593126018191738
13551.0,20725,LUNCH BAG RED RETROSPOT,0.8593126018191738
13551.0,22411,JUMBO SHOPPER VINTAGE RED PAISLEY,0.8379978991719647
13551.0,21632,VINTAGE PINK DECORATIVE PARASOL,0.8372380903155223
13551.0,21633,SUNFLOWER DECORATIVE PARASOL,0.8350870450876235
13551.0,85014D,PINK/BROWN DOTS RUFFLED UMBRELLA,0.8306825986056596
13783.0,17091B,JASMINE TEA INCENSE IN TIN,0.9114157950023614
13783.0,17090A,LAVENDER INCENSE 40 CONES IN TIN,0.5841161264993597
13783.0,84360,TABLE LAMP WHITE SHADE WOOD BASE,0.49322150500880724
13783.0,85231L,LAVENDER SCENTED SET/9 T-LIGHTS,0.4821163999173632
13783.0,71495A,CD WALL TIDY BLUE OFFICE,0.4810103499361305
13783.0,17091F,SANDALWOOD INCENSE IN TIN,0.4795470149417171
13783.0,85231G,ORANGE SCENTED SET/9 T-LIGHTS,0.4729427527890827
13783.0,85231E,STRAWBERRY SCENTED SET/9 T-LIGHTS,0.46706037335552125
13783.0,44236,PINK/PURPLE CIRCLE CURTAIN,0.4651345609843553
13783.0,17109A,FLOWER FAIRY INCENSE LILY,0.45919622415540057
14217.0,82482,WOODEN PICTURE FRAME WHITE FINISH,24.00134614376093
14217.0,21733,RED HANGING HEART T-LIGHT HOLDER,22.96474180685114
14217.0,21755,LOVE BUILDING BLOCK WORD,22.752239868198043
14217.0,84836,ZINC METAL HEART DECORATION,21.937958234842693
14217.0,21754,HOME BUILDING BLOCK WORD,21.740710510160106
14217.0,22666,RECIPE BOX PANTRY YELLOW DESIGN,21.205781884194128
14217.0,21212,PACK OF 72 RETRO SPOT CAKE CASES,21.017375256919603
14217.0,21212,PACK OF 72 RETROSPOT CAKE CASES,21.017375256919603
14217.0,21485,RED SPOT HEART HOT WATER BOTTLE,20.867616530345874
14217.0,21485,RETROSPOT HEART HOT WATER BOTTLE,20.867616530345874
14217.0,85066,CREAM SWEETHEART MINI CHEST,20.749954040914318
14217.0,23298,SPOTTY BUNTING,20.705223009438658
14217.0,23298,"BUNTING , SPOTTY ",20.705223009438658
15569.0,21212,PACK OF 72 RETRO SPOT CAKE CASES,23.04921869367074
15569.0,21212,PACK OF 72 RETROSPOT CAKE CASES,23.04921869367074
15569.0,20725,LUNCH BAG RED SPOTTY,23.043820974206447
15569.0,20725,LUNCH BAG RED RETROSPOT,23.043820974206447
15569.0,20727,LUNCH BAG  BLACK SKULL.,22.08139646534374
15569.0,22384,LUNCHBAG PINK RETROSPOT,22.062342374528587
15569.0,22384,LUNCH BAG PINK RETROSPOT,22.062342374528587
15569.0,22384,LUNCH BAG PINK POLKADOT,22.062342374528587
15569.0,22384,LUNCH BAG PINK POLKADOTS,22.062342374528587
15569.0,20728,LUNCH BAG CARS BLUE,21.9906437050976
15569.0,21080,SET/20 RED SPOTTY PAPER NAPKINS ,21.607503006112776
15569.0,21080,SET/20 RED RETROSPOT PAPER NAPKINS ,21.607503006112776
15569.0,22086,PAPER CHAIN KIT 50'S CHRISTMAS ,21.411303403466903
15569.0,85099B,JUMBO BAG RED WHITE SPOTTY ,21.335865622893284
15569.0,85099B,RED RETROSPOT JUMBO BAG ,21.335865622893284
15569.0,85099B,JUMBO BAG RED RETROSPOT,21.335865622893284
15569.0,84991,60 TEATIME FAIRY CAKE CASES,21.179939555733437
15569.0,84992,72 SWEETHEART FAIRY CAKE CASES,21.17642520284319
15267.0,22141,CHRISTMAS CRAFT TREE TOP ANGEL,1.4713251714996496
15267.0,22142,CHRISTMAS CRAFT WHITE FAIRY ,1.4588691195660275
15267.0,22139,RETRO SPOT TEA SET CERAMIC 11 PC ,1.3769880761341606
15267.0,22139,11 PC CERAMIC TEA SET POLKADOT,1.3769880761341606
15267.0,22139,RETROSPOT TEA SET CERAMIC 11 PC ,1.3769880761341606
15267.0,23264,SET OF 3 WOODEN SLEIGH DECORATIONS,1.328848172332425
15267.0,23210,WHITE ROCKING HORSE HAND PAINTED,1.3247218340530704
15267.0,22617,BAKING SET SPACEBOY DESIGN,1.321334597057849
15267.0,22086,PAPER CHAIN KIT 50'S CHRISTMAS ,1.3104779683833352
15267.0,22940,FELTCRAFT CHRISTMAS FAIRY,1.310017718999928
15267.0,21212,PACK OF 72 RETRO SPOT CAKE CASES,1.3012269601797102
15267.0,21212,PACK OF 72 RETROSPOT CAKE CASES,1.3012269601797102
15267.0,22865,HAND WARMER OWL DESIGN,1.293321416198406
14121.0,22382,LUNCHBAG SPACEBOY DESIGN ,25.736785832002628
14121.0,22382,LUNCH BAG SPACEBOY DESIGN ,25.736785832002628
14121.0,20725,LUNCH BAG RED SPOTTY,25.51607237104216
14121.0,20725,LUNCH BAG RED RETROSPOT,25.51607237104216
14121.0,21212,PACK OF 72 RETRO SPOT CAKE CASES,25.289491474801654
14121.0,21212,PACK OF 72 RETROSPOT CAKE CASES,25.289491474801654
14121.0,22551,PLASTERS IN TIN SPACEBOY,24.963027750195167
14121.0,22556,PLASTERS IN TIN CIRCUS PARADE ,24.73217424406804
14121.0,22086,PAPER CHAIN KIT 50'S CHRISTMAS ,24.718630758639414
14121.0,20726,LUNCH BAG WOODLAND,24.285480077451126
14121.0,22383,LUNCHBAG SUKI  DESIGN ,24.146624898072492
14121.0,22383,LUNCH BAG SUKI  DESIGN ,24.146624898072492
14121.0,22383,LUNCH BAG SUKI DESIGN ,24.146624898072492
14121.0,20728,LUNCH BAG CARS BLUE,24.104820827912572
14121.0,22910,PAPER CHAIN KIT VINTAGE CHRISTMAS,23.980678497291738
18283.0,22865,HAND WARMER OWL DESIGN,66.07212724483907
18283.0,22138,BAKING SET 9 PIECE RETROSPOT ,65.94340031734211
18283.0,22423,REGENCY CAKESTAND 3 TIER,65.40325868484706
18283.0,22556,PLASTERS IN TIN CIRCUS PARADE ,64.1355420753763
18283.0,20713,JUMBO BAG OWLS,64.07930456880753
18283.0,20914,SET/5 RED SPOTTY LID GLASS BOWLS,63.96195091336635
18283.0,20914,SET/5 RED RETROSPOT LID GLASS BOWLS,63.96195091336635
18283.0,22993,SET OF 4 PANTRY JELLY MOULDS,63.16184300471632
18283.0,22558,CLOTHES PEGS RETROSPOT PACK 24 ,63.136656309260324
18283.0,47566,PARTY BUNTING,62.718564573374444
18283.0,22961,JAM MAKING SET PRINTED,62.11145688667401
16983.0,21212,PACK OF 72 RETRO SPOT CAKE CASES,26.23273776046921
16983.0,21212,PACK OF 72 RETROSPOT CAKE CASES,26.23273776046921
16983.0,85123A,WHITE HANGING HEART T-LIGHT HOLDER,26.2114380857829
16983.0,85123A,CREAM HANGING HEART T-LIGHT HOLDER,26.2114380857829
16983.0,22382,LUNCHBAG SPACEBOY DESIGN ,25.87967037919635
16983.0,22382,LUNCH BAG SPACEBOY DESIGN ,25.87967037919635
16983.0,22086,PAPER CHAIN KIT 50'S CHRISTMAS ,25.748760606156257
16983.0,22147,FELTCRAFT BUTTERFLY HEARTS,25.67231825727017
16983.0,22865,HAND WARMER OWL DESIGN,25.605450101474148
16983.0,20725,LUNCH BAG RED SPOTTY,25.5352640623599
16983.0,20725,LUNCH BAG RED RETROSPOT,25.5352640623599
16983.0,20728,LUNCH BAG CARS BLUE,25.114562229072487
16983.0,22910,PAPER CHAIN KIT VINTAGE CHRISTMAS,24.74392079229921
16983.0,22149,FELTCRAFT 6 FLOWER FRIENDS,24.582517385611474
14512.0,85123A,WHITE HANGING HEART T-LIGHT HOLDER,10.67389009378055
14512.0,85123A,CREAM HANGING HEART T-LIGHT HOLDER,10.67389009378055
14512.0,22469,HEART OF WICKER SMALL,10.456990439162698
14512.0,84836,ZINC METAL HEART DECORATION,9.611170258804727
14512.0,22457,NATURAL SLATE HEART CHALKBOARD ,9.387984619599491
14512.0,21733,RED HANGING HEART T-LIGHT HOLDER,9.363628191493932
14512.0,82494L,WOODEN FRAME ANTIQUE WHITE ,9.217747881679534
14512.0,21755,LOVE BUILDING BLOCK WORD,9.071126046958518
14512.0,22423,REGENCY CAKESTAND 3 TIER,9.06122861883282
14512.0,84970S,HANGING HEART ZINC T-LIGHT HOLDER,8.967862569242277
14512.0,22189,CREAM HEART CARD HOLDER,8.897882537811398
17409.0,21212,PACK OF 72 RETRO SPOT CAKE CASES,10.673114375040694
17409.0,21212,PACK OF 72 RETROSPOT CAKE CASES,10.673114375040694
17409.0,22423,REGENCY CAKESTAND 3 TIER,10.644313439616587
17409.0,84991,60 TEATIME FAIRY CAKE CASES,10.31121187023067
17409.0,22469,HEART OF WICKER SMALL,10.093349971561802
17409.0,22111,SCOTTIE DOG HOT WATER BOTTLE,10.06888826144909
17409.0,20725,LUNCH BAG RED SPOTTY,10.024296690596966
17409.0,20725,LUNCH BAG RED RETROSPOT,10.024296690596966
17409.0,85099B,JUMBO BAG RED WHITE SPOTTY ,10.002740202726832
17409.0,85099B,RED RETROSPOT JUMBO BAG ,10.002740202726832
17409.0,85099B,JUMBO BAG RED RETROSPOT,10.002740202726832
17409.0,21080,SET/20 RED SPOTTY PAPER NAPKINS ,9.946744701766864
17409.0,21080,SET/20 RED RETROSPOT PAPER NAPKINS ,9.946744701766864
17409.0,84992,72 SWEETHEART FAIRY CAKE CASES,9.917832967890446
17409.0,22470,HEART OF WICKER LARGE,9.908808720805608
14180.0,21535,RETRO SPOT SMALL MILK JUG,21.785806895340606
14180.0,21535,RED RETROSPOT SMALL MILK JUG,21.785806895340606
14180.0,22423,REGENCY CAKESTAND 3 TIER,21.714220728390757
14180.0,85123A,WHITE HANGING HEART T-LIGHT HOLDER,21.002133116050913
14180.0,85123A,CREAM HANGING HEART T-LIGHT HOLDER,21.002133116050913
14180.0,21212,PACK OF 72 RETRO SPOT CAKE CASES,20.20671729412196
14180.0,21212,PACK OF 72 RETROSPOT CAKE CASES,20.20671729412196
14180.0,21080,SET/20 RED SPOTTY PAPER NAPKINS ,19.71526094073795
14180.0,21080,SET/20 RED RETROSPOT PAPER NAPKINS ,19.71526094073795
14180.0,20685,RED SPOTTY COIR DOORMAT,19.691162077828206
14180.0,20685,DOOR MAT RED SPOT,19.691162077828206
14180.0,20685,DOORMAT RED SPOT,19.691162077828206
14180.0,20685,DOORMAT RED RETROSPOT,19.691162077828206
14180.0,22469,HEART OF WICKER SMALL,19.15092959340127
14180.0,82482,WOODEN PICTURE FRAME WHITE FINISH,19.048580836082927
14180.0,82494L,WOODEN FRAME ANTIQUE WHITE ,18.65509836867287
14180.0,22470,HEART OF WICKER LARGE,18.649104206764143
17740.0,85040A,S/4 PINK FLOWER CANDLES IN BOWL,1.3286009012402367
17740.0,85040B,SET/4 BLUE FLOWER CANDLES IN BOWL,1.2334612470560729
17740.0,72741,GRAND CHOCOLATECANDLE,1.0841948392536778
17740.0,85041,SET/4 PINK ORCHID CANDLES IN BOWL,1.0395088072670848
17740.0,85039A,SET/4 RED MINI ROSE CANDLE IN BOWL,0.923234243190133
17740.0,22810,SET OF 6 T-LIGHTS SNOWMEN,0.8960039687191281
17740.0,22809,SET OF 6 T-LIGHTS SANTA,0.8570727519356096
17740.0,85039B,S/4 IVORY MINI ROSE CANDLE IN BOWL,0.8196214463757696
17740.0,85123A,WHITE HANGING HEART T-LIGHT HOLDER,0.8098667219392556
17740.0,85123A,CREAM HANGING HEART T-LIGHT HOLDER,0.8098667219392556
17740.0,84029E,RED WOOLLY HOTTIE WHITE HEART.,0.7932940827078787
16377.0,15034,PAPER POCKET TRAVELING FAN ,0.9490491236108256
16377.0,84692,BOX OF 24 COCKTAIL PARASOLS,0.793784854588654
16377.0,15039,SANDALWOOD FAN,0.7894475631830161
16377.0,15044D,RED PAPER PARASOL,0.7856479480244847
16377.0,15044B,BLUE PAPER PARASOL ,0.7469630027244978
16377.0,SP1002,KID'S CHALKBOARD/EASEL,0.7299513729242089
16377.0,21683,MEDIUM MEDINA STAMPED METAL BOWL ,0.7041673520783323
16377.0,21682,LARGE MEDINA STAMPED METAL BOWL ,0.6996115394781216
16377.0,35974,S/6 CHRISTMAS TREE PLACE SETTING,0.6949634406387329
16377.0,35930,PINK HEART CHRISTMAS DECORATION,0.6949634406387329
14443.0,20725,LUNCH BAG RED SPOTTY,22.886422683480667
14443.0,20725,LUNCH BAG RED RETROSPOT,22.886422683480667
14443.0,22382,LUNCHBAG SPACEBOY DESIGN ,22.0719621584537
14443.0,22382,LUNCH BAG SPACEBOY DESIGN ,22.0719621584537
14443.0,84991,60 TEATIME FAIRY CAKE CASES,22.02394476448397
14443.0,22423,REGENCY CAKESTAND 3 TIER,21.967109210210367
14443.0,85099B,JUMBO BAG RED WHITE SPOTTY ,21.846786852721152
14443.0,85099B,RED RETROSPOT JUMBO BAG ,21.846786852721152
14443.0,85099B,JUMBO BAG RED RETROSPOT,21.846786852721152
14443.0,22384,LUNCHBAG PINK RETROSPOT,21.56660164094344
14443.0,22384,LUNCH BAG PINK RETROSPOT,21.56660164094344
14443.0,22384,LUNCH BAG PINK POLKADOT,21.56660164094344
14443.0,22384,LUNCH BAG PINK POLKADOTS,21.56660164094344
14443.0,20728,LUNCH BAG CARS BLUE,21.437317125719883
14443.0,20727,LUNCH BAG  BLACK SKULL.,21.28868638700254
14443.0,84992,72 SWEETHEART FAIRY CAKE CASES,21.272516723300626
14443.0,47566,PARTY BUNTING,21.030486368535833
13027.0,22417,PACK OF 60 SPACEBOY CAKE CASES,3.497934607654164
13027.0,21976,PACK OF 60 MUSHROOM CAKE CASES,3.0759448126704227
13027.0,22951,72 CAKE CASES DOLLY GIRL DESIGN,2.774636626047641
13027.0,22951,60 CAKE CASES DOLLY GIRL DESIGN,2.774636626047641
13027.0,22952,72 CAKE CASES VINTAGE CHRISTMAS,2.7342346260141337
13027.0,22952,SET 72 CAKE CASES VINTAGE CHRISTMAS,2.7342346260141337
13027.0,22952,60 CAKE CASES VINTAGE CHRISTMAS,2.7342346260141337
13027.0,21080,SET/20 RED SPOTTY PAPER NAPKINS ,2.731328269024645
13027.0,21080,SET/20 RED RETROSPOT PAPER NAPKINS ,2.731328269024645
13027.0,21210,SET OF 72 RETRO SPOT PAPER  DOILIES,2.649721697761274
13027.0,21210,SET OF 72 RETROSPOT PAPER  DOILIES,2.649721697761274
13027.0,84378,SET OF 3 HEART COOKIE CUTTERS,2.6224246476781743
13027.0,23307,SET OF 60 PANTRY DESIGN CAKE CASES ,2.6209391647023295
13027.0,84380,SET OF 3 BUTTERFLY COOKIE CUTTERS,2.5068165678709757
13027.0,21121,SET/10 RED SPOTTY PARTY CANDLES,2.454707604752672
13027.0,21121,SET/10 RED POLKADOT PARTY CANDLES,2.454707604752672
17139.0,84991,60 TEATIME FAIRY CAKE CASES,82.87858602256573
17139.0,84992,72 SWEETHEART FAIRY CAKE CASES,80.96564037567573
17139.0,21977,PACK OF 60 PINK PAISLEY CAKE CASES,79.58506386605188
17139.0,85099F,JUMBO BAG STRAWBERRY,78.32343200812993
17139.0,23298,SPOTTY BUNTING,78.25706643461903
17139.0,23298,"BUNTING , SPOTTY ",78.25706643461903
17139.0,47566,PARTY BUNTING,77.85698954048043
17139.0,21485,RED SPOT HEART HOT WATER BOTTLE,77.00697718305511
17139.0,21485,RETROSPOT HEART HOT WATER BOTTLE,77.00697718305511
17139.0,22469,HEART OF WICKER SMALL,76.4034279379733
17139.0,22138,BAKING SET 9 PIECE RETROSPOT ,76.37266365545769
17139.0,22417,PACK OF 60 SPACEBOY CAKE CASES,75.81287082833119
12579.0,22326,"ROUND SNACK BOXES ,SET4, WOODLAND ",6.3858315632747065
12579.0,22326,ROUND SNACK BOXES SET OF4 WOODLAND ,6.3858315632747065
12579.0,20725,LUNCH BAG RED SPOTTY,6.3477065137788244
12579.0,20725,LUNCH BAG RED RETROSPOT,6.3477065137788244
12579.0,22382,LUNCHBAG SPACEBOY DESIGN ,6.336459142959055
12579.0,22382,LUNCH BAG SPACEBOY DESIGN ,6.336459142959055
12579.0,22629,SPACEBOY LUNCH BOX ,6.30538912084168
12579.0,22556,PLASTERS IN TIN CIRCUS PARADE ,6.182624434535642
12579.0,20726,LUNCH BAG WOODLAND,6.176828353082193
12579.0,20724,RED SPOTTY CHARLOTTE BAG,6.107769009885546
12579.0,20724,RED RETROSPOT CHARLOTTE BAG,6.107769009885546
12579.0,21212,PACK OF 72 RETRO SPOT CAKE CASES,6.058478422363087
12579.0,21212,PACK OF 72 RETROSPOT CAKE CASES,6.058478422363087
12579.0,22328,"ROUND SNACK BOXES ,SET 4, FRUITS ",5.990670268016375
12579.0,22328,ROUND SNACK BOXES SET OF 4 FRUITS ,5.990670268016375
12579.0,22630,DOLLY GIRL LUNCH BOX,5.9563126344402795
12503.0,22326,"ROUND SNACK BOXES ,SET4, WOODLAND ",0.4655618433135979
12503.0,22326,ROUND SNACK BOXES SET OF4 WOODLAND ,0.4655618433135979
12503.0,22551,PLASTERS IN TIN SPACEBOY,0.43183079165991944
12503.0,22556,PLASTERS IN TIN CIRCUS PARADE ,0.42978770749118056
12503.0,22554,PLASTERS IN TIN WOODLAND ANIMALS,0.4266764586957247
12503.0,22328,"ROUND SNACK BOXES ,SET 4, FRUITS ",0.4251104980502585
12503.0,22328,ROUND SNACK BOXES SET OF 4 FRUITS ,0.4251104980502585
12503.0,21212,PACK OF 72 RETRO SPOT CAKE CASES,0.4219192715059768
12503.0,21212,PACK OF 72 RETROSPOT CAKE CASES,0.4219192715059768
12503.0,21731,RED TOADSTOOL LED NIGHT LIGHT,0.41521803098266186
12503.0,22629,SPACEBOY LUNCH BOX ,0.40660112458135494
12503.0,22630,DOLLY GIRL LUNCH BOX,0.4060836051022239
12503.0,20726,LUNCH BAG WOODLAND,0.40601797982344456
12880.0,20725,LUNCH BAG RED SPOTTY,7.067549029042232
12880.0,20725,LUNCH BAG RED RETROSPOT,7.067549029042232
12880.0,20728,LUNCH BAG CARS BLUE,6.84462619517206
12880.0,85123A,WHITE HANGING HEART T-LIGHT HOLDER,6.83836966041754
12880.0,85123A,CREAM HANGING HEART T-LIGHT HOLDER,6.83836966041754
12880.0,21212,PACK OF 72 RETRO SPOT CAKE CASES,6.766392439460936
12880.0,21212,PACK OF 72 RETROSPOT CAKE CASES,6.766392439460936
12880.0,22384,LUNCHBAG PINK RETROSPOT,6.747509993616415
12880.0,22384,LUNCH BAG PINK RETROSPOT,6.747509993616415
12880.0,22384,LUNCH BAG PINK POLKADOT,6.747509993616415
12880.0,22384,LUNCH BAG PINK POLKADOTS,6.747509993616415
12880.0,21755,LOVE BUILDING BLOCK WORD,6.668638031262213
12880.0,20727,LUNCH BAG  BLACK SKULL.,6.646423039168802
12880.0,20685,RED SPOTTY COIR DOORMAT,6.523627407438692
12880.0,20685,DOOR MAT RED SPOT,6.523627407438692
12880.0,20685,DOORMAT RED SPOT,6.523627407438692
12880.0,20685,DOORMAT RED RETROSPOT,6.523627407438692
12880.0,22423,REGENCY CAKESTAND 3 TIER,6.292240069835119
12880.0,84991,60 TEATIME FAIRY CAKE CASES,6.243328808540673
13109.0,20728,LUNCH BAG CARS BLUE,13.10893266927914
13109.0,22383,LUNCHBAG SUKI  DESIGN ,12.911952696327509
13109.0,22383,LUNCH BAG SUKI  DESIGN ,12.911952696327509
13109.0,22383,LUNCH BAG SUKI DESIGN ,12.911952696327509
13109.0,20726,LUNCH BAG WOODLAND,12.729993678682181
13109.0,21212,PACK OF 72 RETRO SPOT CAKE CASES,12.596094863324595
13109.0,21212,PACK OF 72 RETROSPOT CAKE CASES,12.596094863324595
13109.0,22147,FELTCRAFT BUTTERFLY HEARTS,12.352553479391553
13109.0,22551,PLASTERS IN TIN SPACEBOY,12.039343029277747
13109.0,22138,BAKING SET 9 PIECE RETROSPOT ,12.030556090927325
13109.0,84997C,BLUE 3 PIECE MINI DOTS CUTLERY SET,11.992101206196994
13109.0,84997C,BLUE 3 PIECE POLKADOT CUTLERY SET,11.992101206196994
13109.0,84997C,CHILDRENS CUTLERY POLKADOT BLUE,11.992101206196994
13109.0,85099B,JUMBO BAG RED WHITE SPOTTY ,11.954683021220053
13109.0,85099B,RED RETROSPOT JUMBO BAG ,11.954683021220053
13109.0,85099B,JUMBO BAG RED RETROSPOT,11.954683021220053
13109.0,22271,FELTCRAFT DOLL ROSIE,11.852631356275191
15114.0,22086,PAPER CHAIN KIT 50'S CHRISTMAS ,28.273017125576484
15114.0,20725,LUNCH BAG RED SPOTTY,28.15675932623298
15114.0,20725,LUNCH BAG RED RETROSPOT,28.15675932623298
15114.0,22910,PAPER CHAIN KIT VINTAGE CHRISTMAS,27.7852208999818
15114.0,20728,LUNCH BAG CARS BLUE,27.28941129441223
15114.0,22384,LUNCHBAG PINK RETROSPOT,26.912614370534335
15114.0,22384,LUNCH BAG PINK RETROSPOT,26.912614370534335
15114.0,22384,LUNCH BAG PINK POLKADOT,26.912614370534335
15114.0,22384,LUNCH BAG PINK POLKADOTS,26.912614370534335
15114.0,22865,HAND WARMER OWL DESIGN,26.696665601876038
15114.0,20727,LUNCH BAG  BLACK SKULL.,26.568663731046396
15114.0,21080,SET/20 RED SPOTTY PAPER NAPKINS ,26.558247032766783
15114.0,21080,SET/20 RED RETROSPOT PAPER NAPKINS ,26.558247032766783
15114.0,22383,LUNCHBAG SUKI  DESIGN ,26.409038698379494
15114.0,22383,LUNCH BAG SUKI  DESIGN ,26.409038698379494
15114.0,22383,LUNCH BAG SUKI DESIGN ,26.409038698379494
15114.0,21977,PACK OF 60 PINK PAISLEY CAKE CASES,26.361346040423545
13422.0,22086,PAPER CHAIN KIT 50'S CHRISTMAS ,26.38116528306741
13422.0,21212,PACK OF 72 RETRO SPOT CAKE CASES,25.874305966097246
13422.0,21212,PACK OF 72 RETROSPOT CAKE CASES,25.874305966097246
13422.0,23209,LUNCH BAG DOILEY PATTERN ,25.173988937245923
13422.0,23209,LUNCH BAG VINTAGE DOILY ,25.173988937245923
13422.0,23209,LUNCH BAG VINTAGE DOILEY ,25.173988937245923
13422.0,22382,LUNCHBAG SPACEBOY DESIGN ,24.939865954738476
13422.0,22382,LUNCH BAG SPACEBOY DESIGN ,24.939865954738476
13422.0,22666,RECIPE BOX PANTRY YELLOW DESIGN,24.77409934885404
13422.0,22993,SET OF 4 PANTRY JELLY MOULDS,24.74755792169925
13422.0,20725,LUNCH BAG RED SPOTTY,24.425961619424623
13422.0,20725,LUNCH BAG RED RETROSPOT,24.425961619424623
13422.0,85099B,JUMBO BAG RED WHITE SPOTTY ,23.665463853096764
13422.0,85099B,RED RETROSPOT JUMBO BAG ,23.665463853096764
13422.0,85099B,JUMBO BAG RED RETROSPOT,23.665463853096764
13422.0,22384,LUNCHBAG PINK RETROSPOT,23.42538799814029
13422.0,22384,LUNCH BAG PINK RETROSPOT,23.42538799814029
13422.0,22384,LUNCH BAG PINK POLKADOT,23.42538799814029
13422.0,22384,LUNCH BAG PINK POLKADOTS,23.42538799814029
13422.0,23206,LUNCH BAG APPLE DESIGN,23.364022459169657
17113.0,21212,PACK OF 72 RETRO SPOT CAKE CASES,22.536480538145323
17113.0,21212,PACK OF 72 RETROSPOT CAKE CASES,22.536480538145323
17113.0,21080,SET/20 RED SPOTTY PAPER NAPKINS ,22.20370382275267
17113.0,21080,SET/20 RED RETROSPOT PAPER NAPKINS ,22.20370382275267
17113.0,22423,REGENCY CAKESTAND 3 TIER,21.872874827341548
17113.0,85099B,JUMBO BAG RED WHITE SPOTTY ,21.446923106791072
17113.0,85099B,RED RETROSPOT JUMBO BAG ,21.446923106791072
17113.0,85099B,JUMBO BAG RED RETROSPOT,21.446923106791072
17113.0,20725,LUNCH BAG RED SPOTTY,21.184816366283815
17113.0,20725,LUNCH BAG RED RETROSPOT,21.184816366283815
17113.0,21175,GIN + TONIC DIET METAL SIGN,21.176374208166425
17113.0,21175,GIN AND TONIC DIET METAL SIGN,21.176374208166425
17113.0,22469,HEART OF WICKER SMALL,21.06203680105744
17113.0,84992,72 SWEETHEART FAIRY CAKE CASES,20.96210742498498
17113.0,21755,LOVE BUILDING BLOCK WORD,20.875501607728747
17113.0,21181,PLEASE ONE PERSON  METAL SIGN,20.8724199207756
17113.0,21181,PLEASE ONE PERSON METAL SIGN,20.8724199207756
16923.0,85099B,JUMBO BAG RED WHITE SPOTTY ,74.61569781094083
16923.0,85099B,RED RETROSPOT JUMBO BAG ,74.61569781094083
16923.0,85099B,JUMBO BAG RED RETROSPOT,74.61569781094083
16923.0,84992,72 SWEETHEART FAIRY CAKE CASES,74.3675608905958
16923.0,22666,RECIPE BOX PANTRY YELLOW DESIGN,74.12331170870615
16923.0,22470,HEART OF WICKER LARGE,72.3896578105684
16923.0,22086,PAPER CHAIN KIT 50'S CHRISTMAS ,72.38796143438424
16923.0,21977,PACK OF 60 PINK PAISLEY CAKE CASES,71.84058661716048
16923.0,22411,JUMBO SHOPPER VINTAGE RED PAISLEY,71.4539739970756
16923.0,47566,PARTY BUNTING,70.78830106367829
16923.0,22865,HAND WARMER OWL DESIGN,70.30318584965289
16923.0,23298,SPOTTY BUNTING,70.02617360903015
16923.0,23298,"BUNTING , SPOTTY ",70.02617360903015
12585.0,21977,PACK OF 60 PINK PAISLEY CAKE CASES,15.604118797552971
12585.0,22417,PACK OF 60 SPACEBOY CAKE CASES,15.60286443094207
12585.0,84992,72 SWEETHEART FAIRY CAKE CASES,15.151201400330718
12585.0,21080,SET/20 RED SPOTTY PAPER NAPKINS ,14.850119110619243
12585.0,21080,SET/20 RED RETROSPOT PAPER NAPKINS ,14.850119110619243
12585.0,20725,LUNCH BAG RED SPOTTY,14.67506098352489
12585.0,20725,LUNCH BAG RED RETROSPOT,14.67506098352489
12585.0,22382,LUNCHBAG SPACEBOY DESIGN ,14.565940544582284
12585.0,22382,LUNCH BAG SPACEBOY DESIGN ,14.565940544582284
12585.0,22551,PLASTERS IN TIN SPACEBOY,14.46598576725295
12585.0,85123A,WHITE HANGING HEART T-LIGHT HOLDER,14.053151170497742
12585.0,85123A,CREAM HANGING HEART T-LIGHT HOLDER,14.053151170497742
12585.0,22384,LUNCHBAG PINK RETROSPOT,13.76555067875638
12585.0,22384,LUNCH BAG PINK RETROSPOT,13.76555067875638
12585.0,22384,LUNCH BAG PINK POLKADOT,13.76555067875638
12585.0,22384,LUNCH BAG PINK POLKADOTS,13.76555067875638
12585.0,21976,PACK OF 60 MUSHROOM CAKE CASES,13.639874954047682
15424.0,22271,FELTCRAFT DOLL ROSIE,4.428107125620958
15424.0,20972,PINK CREAM FELT CRAFT TRINKET BOX ,4.402990544036994
15424.0,22147,FELTCRAFT BUTTERFLY HEARTS,4.365043693958544
15424.0,22274,FELTCRAFT DOLL EMILY,4.309192479760776
15424.0,22384,LUNCHBAG PINK RETROSPOT,4.237358066534692
15424.0,22384,LUNCH BAG PINK RETROSPOT,4.237358066534692
15424.0,22384,LUNCH BAG PINK POLKADOT,4.237358066534692
15424.0,22384,LUNCH BAG PINK POLKADOTS,4.237358066534692
15424.0,22749,FELTCRAFT PRINCESS CHARLOTTE DOLL,4.2281277578076395
15424.0,20725,LUNCH BAG RED SPOTTY,4.194739239299359
15424.0,20725,LUNCH BAG RED RETROSPOT,4.194739239299359
15424.0,22382,LUNCHBAG SPACEBOY DESIGN ,4.119794703408148
15424.0,22382,LUNCH BAG SPACEBOY DESIGN ,4.119794703408148
15424.0,21212,PACK OF 72 RETRO SPOT CAKE CASES,4.09501125090565
15424.0,21212,PACK OF 72 RETROSPOT CAKE CASES,4.09501125090565
15424.0,22940,FELTCRAFT CHRISTMAS FAIRY,4.084500959853901
16162.0,21257,VICTORIAN SEWING BOX MEDIUM,0.607165360850799
16162.0,85123A,WHITE HANGING HEART T-LIGHT HOLDER,0.5644321919313474
16162.0,85123A,CREAM HANGING HEART T-LIGHT HOLDER,0.5644321919313474
16162.0,82483,WOOD 2 DRAWER CABINET WHITE FINISH,0.5441656249690897
16162.0,21755,LOVE BUILDING BLOCK WORD,0.5341726000354275
16162.0,21258,VICTORIAN SEWING BOX LARGE,0.533045668046412
16162.0,82482,WOODEN PICTURE FRAME WHITE FINISH,0.5275191340291512
16162.0,82486,WOOD S/3 CABINET ANT WHITE FINISH,0.5214345690067401
16162.0,82486,3 DRAWER ANTIQUE WHITE WOOD CABINET,0.5214345690067401
16162.0,82494L,WOODEN FRAME ANTIQUE WHITE ,0.5005909184817771
16162.0,82484,WOOD BLACK BOARD ANT WHITE FINISH,0.49623683210510594
16162.0,22470,HEART OF WICKER LARGE,0.49081401493915777
14447.0,20725,LUNCH BAG RED SPOTTY,20.59521087773489
14447.0,20725,LUNCH BAG RED RETROSPOT,20.59521087773489
14447.0,20727,LUNCH BAG  BLACK SKULL.,19.2668781249582
14447.0,21212,PACK OF 72 RETRO SPOT CAKE CASES,18.353964323168714
14447.0,21212,PACK OF 72 RETROSPOT CAKE CASES,18.353964323168714
14447.0,23207,LUNCH BAG ALPHABET DESIGN,18.286135416061455
14447.0,23206,LUNCH BAG APPLE DESIGN,17.781444104488664
14447.0,22556,PLASTERS IN TIN CIRCUS PARADE ,17.74914360273597
14447.0,22554,PLASTERS IN TIN WOODLAND ANIMALS,17.56459221642788
14447.0,22940,FELTCRAFT CHRISTMAS FAIRY,17.55847341324519
14447.0,85099B,JUMBO BAG RED WHITE SPOTTY ,17.555475911743127
14447.0,85099B,RED RETROSPOT JUMBO BAG ,17.555475911743127
14447.0,85099B,JUMBO BAG RED RETROSPOT,17.555475911743127
14447.0,22367,CHILDS APRON SPACEBOY DESIGN,17.484771249152725
14447.0,22367,CHILDRENS APRON SPACEBOY DESIGN,17.484771249152725
13634.0,21212,PACK OF 72 RETRO SPOT CAKE CASES,48.75164197191267
13634.0,21212,PACK OF 72 RETROSPOT CAKE CASES,48.75164197191267
13634.0,20725,LUNCH BAG RED SPOTTY,48.452956011246634
13634.0,20725,LUNCH BAG RED RETROSPOT,48.452956011246634
13634.0,84991,60 TEATIME FAIRY CAKE CASES,47.33525634820998
13634.0,22384,LUNCHBAG PINK RETROSPOT,47.03142512852638
13634.0,22384,LUNCH BAG PINK RETROSPOT,47.03142512852638
13634.0,22384,LUNCH BAG PINK POLKADOT,47.03142512852638
13634.0,22384,LUNCH BAG PINK POLKADOTS,47.03142512852638
13634.0,84992,72 SWEETHEART FAIRY CAKE CASES,46.878650305745644
13634.0,22382,LUNCHBAG SPACEBOY DESIGN ,46.20144207061281
13634.0,22382,LUNCH BAG SPACEBOY DESIGN ,46.20144207061281
13634.0,20728,LUNCH BAG CARS BLUE,46.03975775466342
13634.0,22111,SCOTTIE DOG HOT WATER BOTTLE,45.697268947351574
13634.0,22383,LUNCHBAG SUKI  DESIGN ,45.65386626535025
13634.0,22383,LUNCH BAG SUKI  DESIGN ,45.65386626535025
13634.0,22383,LUNCH BAG SUKI DESIGN ,45.65386626535025
13634.0,20727,LUNCH BAG  BLACK SKULL.,45.35576629393383
15731.0,21231,SWEETHEART CERAMIC TRINKET BOX,2.263924126547765
15731.0,22646,CERAMIC STRAWBERRY CAKE MONEY BANK,1.9386131778514
15731.0,22644,CERAMIC CHERRY CAKE MONEY BANK,1.8341272100845658
15731.0,85123A,WHITE HANGING HEART T-LIGHT HOLDER,1.814398014627423
15731.0,85123A,CREAM HANGING HEART T-LIGHT HOLDER,1.814398014627423
15731.0,37446,MINI CAKE STAND WITH HANGING CAKES,1.7264624882954673
15731.0,21212,PACK OF 72 RETRO SPOT CAKE CASES,1.708971090330281
15731.0,21212,PACK OF 72 RETROSPOT CAKE CASES,1.708971090330281
15731.0,84992,72 SWEETHEART FAIRY CAKE CASES,1.6999749327969937
15731.0,84987,SET OF 36 TEATIME PAPER DOILIES,1.6135700392986587
15731.0,22469,HEART OF WICKER SMALL,1.6097418146174578
15731.0,21733,RED HANGING HEART T-LIGHT HOLDER,1.6014731920763443
15867.0,21212,PACK OF 72 RETRO SPOT CAKE CASES,90.03407145851398
15867.0,21212,PACK OF 72 RETROSPOT CAKE CASES,90.03407145851398
15867.0,20725,LUNCH BAG RED SPOTTY,87.61843211346775
15867.0,20725,LUNCH BAG RED RETROSPOT,87.61843211346775
15867.0,85123A,WHITE HANGING HEART T-LIGHT HOLDER,86.63862210234367
15867.0,85123A,CREAM HANGING HEART T-LIGHT HOLDER,86.63862210234367
15867.0,22382,LUNCHBAG SPACEBOY DESIGN ,85.71615249228796
15867.0,22382,LUNCH BAG SPACEBOY DESIGN ,85.71615249228796
15867.0,84991,60 TEATIME FAIRY CAKE CASES,84.0790037864449
15867.0,22384,LUNCHBAG PINK RETROSPOT,83.4294079959966
15867.0,22384,LUNCH BAG PINK RETROSPOT,83.4294079959966
15867.0,22384,LUNCH BAG PINK POLKADOT,83.4294079959966
15867.0,22384,LUNCH BAG PINK POLKADOTS,83.4294079959966
15867.0,85099B,JUMBO BAG RED WHITE SPOTTY ,83.35665305050365
15867.0,85099B,RED RETROSPOT JUMBO BAG ,83.35665305050365
15867.0,85099B,JUMBO BAG RED RETROSPOT,83.35665305050365
15867.0,20728,LUNCH BAG CARS BLUE,82.4354356965849
15867.0,22411,JUMBO SHOPPER VINTAGE RED PAISLEY,81.95426018466831
15867.0,22111,SCOTTIE DOG HOT WATER BOTTLE,81.92785042326803
17950.0,22556,PLASTERS IN TIN CIRCUS PARADE ,21.488961959211355
17950.0,22746,POPPY'S PLAYHOUSE LIVINGROOM ,21.278161710633455
17950.0,22549,PICTURE DOMINOES,21.166412408256658
17950.0,22382,LUNCHBAG SPACEBOY DESIGN ,21.069266383877235
17950.0,22382,LUNCH BAG SPACEBOY DESIGN ,21.069266383877235
17950.0,21212,PACK OF 72 RETRO SPOT CAKE CASES,20.757444902089016
17950.0,21212,PACK OF 72 RETROSPOT CAKE CASES,20.757444902089016
17950.0,22029,SPACE BOY BIRTHDAY CARD,20.693079803170804
17950.0,22029,SPACEBOY BIRTHDAY CARD,20.693079803170804
17950.0,22561,WOODEN SCHOOL COLOURING SET,20.676913453093253
17950.0,22147,FELTCRAFT BUTTERFLY HEARTS,20.636938215973224
17950.0,22086,PAPER CHAIN KIT 50'S CHRISTMAS ,20.49427253893404
17950.0,20725,LUNCH BAG RED SPOTTY,20.360860713858663
17950.0,20725,LUNCH BAG RED RETROSPOT,20.360860713858663
14236.0,84992,72 SWEETHEART FAIRY CAKE CASES,7.941225937908278
14236.0,21080,SET/20 RED SPOTTY PAPER NAPKINS ,7.792557966189826
14236.0,21080,SET/20 RED RETROSPOT PAPER NAPKINS ,7.792557966189826
14236.0,22417,PACK OF 60 SPACEBOY CAKE CASES,7.515879088174852
14236.0,20725,LUNCH BAG RED SPOTTY,7.453623203156615
14236.0,20725,LUNCH BAG RED RETROSPOT,7.453623203156615
14236.0,22423,REGENCY CAKESTAND 3 TIER,7.344562642301578
14236.0,85123A,WHITE HANGING HEART T-LIGHT HOLDER,7.247595649482152
14236.0,85123A,CREAM HANGING HEART T-LIGHT HOLDER,7.247595649482152
14236.0,22086,PAPER CHAIN KIT 50'S CHRISTMAS ,7.077009921493012
14236.0,22384,LUNCHBAG PINK RETROSPOT,6.974845199660411
14236.0,22384,LUNCH BAG PINK RETROSPOT,6.974845199660411
14236.0,22384,LUNCH BAG PINK POLKADOT,6.974845199660411
14236.0,22384,LUNCH BAG PINK POLKADOTS,6.974845199660411
14236.0,22382,LUNCHBAG SPACEBOY DESIGN ,6.9667824031053005
14236.0,22382,LUNCH BAG SPACEBOY DESIGN ,6.9667824031053005
14236.0,47566,PARTY BUNTING,6.966620656292583
14665.0,85099B,JUMBO BAG RED WHITE SPOTTY ,19.832968067443147
14665.0,85099B,RED RETROSPOT JUMBO BAG ,19.832968067443147
14665.0,85099B,JUMBO BAG RED RETROSPOT,19.832968067443147
14665.0,21212,PACK OF 72 RETRO SPOT CAKE CASES,19.83294782572427
14665.0,21212,PACK OF 72 RETROSPOT CAKE CASES,19.83294782572427
14665.0,22382,LUNCHBAG SPACEBOY DESIGN ,19.820897340025514
14665.0,22382,LUNCH BAG SPACEBOY DESIGN ,19.820897340025514
14665.0,20728,LUNCH BAG CARS BLUE,19.531763401482255
14665.0,84991,60 TEATIME FAIRY CAKE CASES,19.064712542891478
14665.0,22423,REGENCY CAKESTAND 3 TIER,18.950416062322443
14665.0,22383,LUNCHBAG SUKI  DESIGN ,18.776409402536544
14665.0,22383,LUNCH BAG SUKI  DESIGN ,18.776409402536544
14665.0,22383,LUNCH BAG SUKI DESIGN ,18.776409402536544
14665.0,21080,SET/20 RED SPOTTY PAPER NAPKINS ,18.673315557160784
14665.0,21080,SET/20 RED RETROSPOT PAPER NAPKINS ,18.673315557160784
14665.0,21485,RED SPOT HEART HOT WATER BOTTLE,18.428178044290423
14665.0,21485,RETROSPOT HEART HOT WATER BOTTLE,18.428178044290423
14665.0,22411,JUMBO SHOPPER VINTAGE RED PAISLEY,18.37639668707303
13343.0,23199,JUMBO BAG APPLES,3.729393089889273
13343.0,23206,LUNCH BAG APPLE DESIGN,3.7093847356438365
13343.0,23203,JUMBO BAG DOILEY PATTERNS,3.6928978087252218
13343.0,23203,JUMBO BAG VINTAGE DOILEY ,3.6928978087252218
13343.0,23203,JUMBO BAG VINTAGE DOILY ,3.6928978087252218
13343.0,20725,LUNCH BAG RED SPOTTY,3.6535917182595155
13343.0,20725,LUNCH BAG RED RETROSPOT,3.6535917182595155
13343.0,22382,LUNCHBAG SPACEBOY DESIGN ,3.643491520985061
13343.0,22382,LUNCH BAG SPACEBOY DESIGN ,3.643491520985061
13343.0,22384,LUNCHBAG PINK RETROSPOT,3.6250790837672215
13343.0,22384,LUNCH BAG PINK RETROSPOT,3.6250790837672215
13343.0,22384,LUNCH BAG PINK POLKADOT,3.6250790837672215
13343.0,22384,LUNCH BAG PINK POLKADOTS,3.6250790837672215
13343.0,20728,LUNCH BAG CARS BLUE,3.6190299797853527
13343.0,85099B,JUMBO BAG RED WHITE SPOTTY ,3.615896926651446
13343.0,85099B,RED RETROSPOT JUMBO BAG ,3.615896926651446
13343.0,85099B,JUMBO BAG RED RETROSPOT,3.615896926651446
13343.0,23208,LUNCH BAG VINTAGE LEAF DESIGN,3.5972223116600968
13343.0,20726,LUNCH BAG WOODLAND,3.5499467713780484
16905.0,85123A,WHITE HANGING HEART T-LIGHT HOLDER,30.02267370172962
16905.0,85123A,CREAM HANGING HEART T-LIGHT HOLDER,30.02267370172962
16905.0,22469,HEART OF WICKER SMALL,27.666564926268837
16905.0,22470,HEART OF WICKER LARGE,26.896866564205553
16905.0,21733,RED HANGING HEART T-LIGHT HOLDER,26.37578196763369
16905.0,22910,PAPER CHAIN KIT VINTAGE CHRISTMAS,25.721430798790806
16905.0,82482,WOODEN PICTURE FRAME WHITE FINISH,25.579189871104354
16905.0,21212,PACK OF 72 RETRO SPOT CAKE CASES,25.246512726490423
16905.0,21212,PACK OF 72 RETROSPOT CAKE CASES,25.246512726490423
16905.0,84029E,RED WOOLLY HOTTIE WHITE HEART.,25.215200669381417
16905.0,21755,LOVE BUILDING BLOCK WORD,25.001183207680555
16905.0,47566,PARTY BUNTING,24.920706657599002
13801.0,22469,HEART OF WICKER SMALL,5.418727188504011
13801.0,85123A,WHITE HANGING HEART T-LIGHT HOLDER,4.9735211358324385
13801.0,85123A,CREAM HANGING HEART T-LIGHT HOLDER,4.9735211358324385
13801.0,82581,TOILET METAL SIGN,4.796889059437627
13801.0,22457,NATURAL SLATE HEART CHALKBOARD ,4.555736160625803
13801.0,82482,WOODEN PICTURE FRAME WHITE FINISH,4.381547420544472
13801.0,21733,RED HANGING HEART T-LIGHT HOLDER,4.3587309462773876
13801.0,22694,WICKER STAR ,4.342651335697353
13801.0,23321,SMALL WHITE HEART OF WICKER,4.335013321926856
13801.0,84836,ZINC METAL HEART DECORATION,4.288159515660713
13801.0,82494L,WOODEN FRAME ANTIQUE WHITE ,4.284520992940714
17573.0,22423,REGENCY CAKESTAND 3 TIER,4.329094514160781
17573.0,22699,ROSES REGENCY TEACUP AND SAUCER ,4.305845395285844
17573.0,22699,TEACUP AND SAUCER REGENCY ROSES,4.305845395285844
17573.0,85123A,WHITE HANGING HEART T-LIGHT HOLDER,4.278805290816275
17573.0,85123A,CREAM HANGING HEART T-LIGHT HOLDER,4.278805290816275
17573.0,22577,WOODEN HEART CHRISTMAS SCANDINAVIAN,4.215979039119067
17573.0,22577,WOODEN HEART CHRISTMAS SCANDISPOT,4.215979039119067
17573.0,22469,HEART OF WICKER SMALL,4.104926046681569
17573.0,23298,SPOTTY BUNTING,4.079280713525973
17573.0,23298,"BUNTING , SPOTTY ",4.079280713525973
17573.0,23245,SET OF 3 REGENCY CAKE TINS,4.000844204396583
17573.0,22672,FRENCH BATHROOM SIGN BLUE METAL,3.9694584959253714
17573.0,21212,PACK OF 72 RETRO SPOT CAKE CASES,3.964695325201574
17573.0,21212,PACK OF 72 RETROSPOT CAKE CASES,3.964695325201574
17573.0,47566,PARTY BUNTING,3.946480374992528
13883.0,85123A,WHITE HANGING HEART T-LIGHT HOLDER,36.9945777242957
13883.0,85123A,CREAM HANGING HEART T-LIGHT HOLDER,36.9945777242957
13883.0,84992,72 SWEETHEART FAIRY CAKE CASES,36.93066797930511
13883.0,22086,PAPER CHAIN KIT 50'S CHRISTMAS ,35.78797599159464
13883.0,20725,LUNCH BAG RED SPOTTY,35.044672190592145
13883.0,20725,LUNCH BAG RED RETROSPOT,35.044672190592145
13883.0,85099B,JUMBO BAG RED WHITE SPOTTY ,34.275283757025974
13883.0,85099B,RED RETROSPOT JUMBO BAG ,34.275283757025974
13883.0,85099B,JUMBO BAG RED RETROSPOT,34.275283757025974
13883.0,22469,HEART OF WICKER SMALL,33.796476775444546
13883.0,47566,PARTY BUNTING,33.760829685384074
13883.0,22558,CLOTHES PEGS RETROSPOT PACK 24 ,33.54911163810826
13883.0,22382,LUNCHBAG SPACEBOY DESIGN ,33.515056981069236
13883.0,22382,LUNCH BAG SPACEBOY DESIGN ,33.515056981069236
13883.0,22384,LUNCHBAG PINK RETROSPOT,33.40976815536423
13883.0,22384,LUNCH BAG PINK RETROSPOT,33.40976815536423
13883.0,22384,LUNCH BAG PINK POLKADOT,33.40976815536423
13883.0,22384,LUNCH BAG PINK POLKADOTS,33.40976815536423
13307.0,85123A,WHITE HANGING HEART T-LIGHT HOLDER,2.600651751865227
13307.0,85123A,CREAM HANGING HEART T-LIGHT HOLDER,2.600651751865227
13307.0,22457,NATURAL SLATE HEART CHALKBOARD ,2.2963423501892652
13307.0,47566,PARTY BUNTING,2.270273054304914
13307.0,22469,HEART OF WICKER SMALL,2.2585554858729293
13307.0,82482,WOODEN PICTURE FRAME WHITE FINISH,2.252806951458169
13307.0,22470,HEART OF WICKER LARGE,2.2360893078691495
13307.0,22178,VICTORIAN GLASS HANGING T-LIGHT,2.2088293614827648
13307.0,22086,PAPER CHAIN KIT 50'S CHRISTMAS ,2.2032786445023915
13307.0,85035C,ROSE 3 WICK MORRIS BOX CANDLE,2.187680060778627
13307.0,82494L,WOODEN FRAME ANTIQUE WHITE ,2.1863420846178796
15304.0,22698,PINK REGENCY TEACUP AND SAUCER,3.6809479227721624
15304.0,22698,TEACUP AND SAUCER REGENCY PINK,3.6809479227721624
15304.0,23173,REGENCY TEAPOT ROSES ,3.648131223561038
15304.0,23170,REGENCY TEA PLATE ROSES ,3.3502500492618017
15304.0,23171,REGENCY TEA PLATE GREEN ,3.252642300839126
15304.0,23172,REGENCY TEA PLATE PINK,3.0653822365174017
15304.0,47566,PARTY BUNTING,2.038348834865997
15304.0,22720,SET OF 3 CAKE TINS PANTRY DESIGN ,2.001173281195234
15304.0,22960,JAM MAKING SET WITH JARS,1.9209658929105242
15304.0,21535,RETRO SPOT SMALL MILK JUG,1.9147287451266157
15304.0,21535,RED RETROSPOT SMALL MILK JUG,1.9147287451266157
15304.0,84879,ASSORTED COLOUR BIRD ORNAMENT,1.8796533786396452
17798.0,20725,LUNCH BAG RED SPOTTY,9.046614614038624
17798.0,20725,LUNCH BAG RED RETROSPOT,9.046614614038624
17798.0,22382,LUNCHBAG SPACEBOY DESIGN ,9.025899478152105
17798.0,22382,LUNCH BAG SPACEBOY DESIGN ,9.025899478152105
17798.0,22554,PLASTERS IN TIN WOODLAND ANIMALS,8.918723303736309
17798.0,85099B,JUMBO BAG RED WHITE SPOTTY ,8.831831980059574
17798.0,85099B,RED RETROSPOT JUMBO BAG ,8.831831980059574
17798.0,85099B,JUMBO BAG RED RETROSPOT,8.831831980059574
17798.0,21080,SET/20 RED SPOTTY PAPER NAPKINS ,8.76166189992886
17798.0,21080,SET/20 RED RETROSPOT PAPER NAPKINS ,8.76166189992886
17798.0,20727,LUNCH BAG  BLACK SKULL.,8.751011678755615
17798.0,21121,SET/10 RED SPOTTY PARTY CANDLES,8.589505947135603
17798.0,21121,SET/10 RED POLKADOT PARTY CANDLES,8.589505947135603
17798.0,22384,LUNCHBAG PINK RETROSPOT,8.56806326644104
17798.0,22384,LUNCH BAG PINK RETROSPOT,8.56806326644104
17798.0,22384,LUNCH BAG PINK POLKADOT,8.56806326644104
17798.0,22384,LUNCH BAG PINK POLKADOTS,8.56806326644104
17798.0,20726,LUNCH BAG WOODLAND,8.528734374588852
17798.0,22328,"ROUND SNACK BOXES ,SET 4, FRUITS ",8.523121915962639
17798.0,22328,ROUND SNACK BOXES SET OF 4 FRUITS ,8.523121915962639
13133.0,85123A,WHITE HANGING HEART T-LIGHT HOLDER,3.0825454872964313
13133.0,85123A,CREAM HANGING HEART T-LIGHT HOLDER,3.0825454872964313
13133.0,22469,HEART OF WICKER SMALL,2.8951041607587515
13133.0,22470,HEART OF WICKER LARGE,2.725757308986148
13133.0,82482,WOODEN PICTURE FRAME WHITE FINISH,2.709175459117891
13133.0,21733,RED HANGING HEART T-LIGHT HOLDER,2.668680647569524
13133.0,22457,NATURAL SLATE HEART CHALKBOARD ,2.6611058048895853
13133.0,82494L,WOODEN FRAME ANTIQUE WHITE ,2.6182272512869638
13133.0,23298,SPOTTY BUNTING,2.567440559484849
13133.0,23298,"BUNTING , SPOTTY ",2.567440559484849
13133.0,21755,LOVE BUILDING BLOCK WORD,2.566916690036519
13133.0,22423,REGENCY CAKESTAND 3 TIER,2.517647009749901
16188.0,21212,PACK OF 72 RETRO SPOT CAKE CASES,15.050371769964295
16188.0,21212,PACK OF 72 RETROSPOT CAKE CASES,15.050371769964295
16188.0,22384,LUNCHBAG PINK RETROSPOT,13.583615582895572
16188.0,22384,LUNCH BAG PINK RETROSPOT,13.583615582895572
16188.0,22384,LUNCH BAG PINK POLKADOT,13.583615582895572
16188.0,22384,LUNCH BAG PINK POLKADOTS,13.583615582895572
16188.0,22551,PLASTERS IN TIN SPACEBOY,13.560715249580706
16188.0,22423,REGENCY CAKESTAND 3 TIER,13.50316693882693
16188.0,20728,LUNCH BAG CARS BLUE,13.494683779468073
16188.0,85123A,WHITE HANGING HEART T-LIGHT HOLDER,13.466533659703362
16188.0,85123A,CREAM HANGING HEART T-LIGHT HOLDER,13.466533659703362
16188.0,20727,LUNCH BAG  BLACK SKULL.,13.441440659582813
16188.0,21080,SET/20 RED SPOTTY PAPER NAPKINS ,13.397808768591633
16188.0,21080,SET/20 RED RETROSPOT PAPER NAPKINS ,13.397808768591633
16188.0,22086,PAPER CHAIN KIT 50'S CHRISTMAS ,13.263816482540564
16188.0,20726,LUNCH BAG WOODLAND,13.25389496668402
15018.0,21239,PINK  SPOTTY CUP,5.060190466034656
15018.0,21239,PINK  POLKADOT CUP,5.060190466034656
15018.0,20677,PINK SPOTTY BOWL,4.919737444622865
15018.0,20677,PINK POLKADOT BOWL,4.919737444622865
15018.0,21238,RED SPOTTY CUP,4.731806939973179
15018.0,21238,RED RETROSPOT CUP,4.731806939973179
15018.0,20676,RED SPOTTY BOWL,4.719429884977351
15018.0,20676,RED RETROSPOT BOWL,4.719429884977351
15018.0,21244,BLUE  SPOTTY PLATE ,4.6893564062541016
15018.0,21244,BLUE POLKADOT PLATE ,4.6893564062541016
15018.0,21242,RED SPOTTY PLATE ,4.540779732012245
15018.0,21242,RED RETROSPOT PLATE ,4.540779732012245
15018.0,21212,PACK OF 72 RETRO SPOT CAKE CASES,4.5068643451706505
15018.0,21212,PACK OF 72 RETROSPOT CAKE CASES,4.5068643451706505
15018.0,85123A,WHITE HANGING HEART T-LIGHT HOLDER,4.466086301760567
15018.0,85123A,CREAM HANGING HEART T-LIGHT HOLDER,4.466086301760567
15018.0,22697,GREEN REGENCY TEACUP AND SAUCER,4.452417938333761
15018.0,22697,TEACUP AND SAUCER REGENCY GREEN,4.452417938333761
15018.0,20674,GREEN SPOTTY BOWL,4.389073295182006
15018.0,20674,GREEN POLKADOT BOWL,4.389073295182006
14492.0,22469,HEART OF WICKER SMALL,13.645880217678405
14492.0,21754,HOME BUILDING BLOCK WORD,13.344326841971299
14492.0,21733,RED HANGING HEART T-LIGHT HOLDER,13.2965716063875
14492.0,22470,HEART OF WICKER LARGE,13.25263949060633
14492.0,21181,PLEASE ONE PERSON  METAL SIGN,12.66025746384442
14492.0,21181,PLEASE ONE PERSON METAL SIGN,12.66025746384442
14492.0,22423,REGENCY CAKESTAND 3 TIER,12.525338607269266
14492.0,84836,ZINC METAL HEART DECORATION,12.49343400497401
14492.0,21175,GIN + TONIC DIET METAL SIGN,12.37031459898852
14492.0,21175,GIN AND TONIC DIET METAL SIGN,12.37031459898852
14492.0,22457,NATURAL SLATE HEART CHALKBOARD ,12.369007239432921
14492.0,22686,"FRENCH BLUE METAL DOOR SIGN, No",12.294380970554535
14492.0,22686,FRENCH BLUE METAL DOOR SIGN No,12.294380970554535
14372.0,21080,SET/20 RED SPOTTY PAPER NAPKINS ,8.313447095234647
14372.0,21080,SET/20 RED RETROSPOT PAPER NAPKINS ,8.313447095234647
14372.0,84378,SET OF 3 HEART COOKIE CUTTERS,7.980264409939747
14372.0,21210,SET OF 72 RETRO SPOT PAPER  DOILIES,7.978163320747316
14372.0,21210,SET OF 72 RETROSPOT PAPER  DOILIES,7.978163320747316
14372.0,21975,PACK OF 60 DINOSAUR CAKE CASES,7.83656754277179
14372.0,22417,PACK OF 60 SPACEBOY CAKE CASES,7.815375330378101
14372.0,21535,RETRO SPOT SMALL MILK JUG,7.806036812732835
14372.0,21535,RED RETROSPOT SMALL MILK JUG,7.806036812732835
14372.0,20725,LUNCH BAG RED SPOTTY,7.794066854509969
14372.0,20725,LUNCH BAG RED RETROSPOT,7.794066854509969
14372.0,85123A,WHITE HANGING HEART T-LIGHT HOLDER,7.556457020176121
14372.0,85123A,CREAM HANGING HEART T-LIGHT HOLDER,7.556457020176121
14372.0,85099B,JUMBO BAG RED WHITE SPOTTY ,7.410028520436166
14372.0,85099B,RED RETROSPOT JUMBO BAG ,7.410028520436166
14372.0,85099B,JUMBO BAG RED RETROSPOT,7.410028520436166
14372.0,84987,SET OF 36 TEATIME PAPER DOILIES,7.3672374790268655
16594.0,21212,PACK OF 72 RETRO SPOT CAKE CASES,9.849353093168876
16594.0,21212,PACK OF 72 RETROSPOT CAKE CASES,9.849353093168876
16594.0,20725,LUNCH BAG RED SPOTTY,9.848204420397439
16594.0,20725,LUNCH BAG RED RETROSPOT,9.848204420397439
16594.0,22382,LUNCHBAG SPACEBOY DESIGN ,9.841439579181221
16594.0,22382,LUNCH BAG SPACEBOY DESIGN ,9.841439579181221
16594.0,22865,HAND WARMER OWL DESIGN,9.836029194893282
16594.0,20727,LUNCH BAG  BLACK SKULL.,9.753739937400004
16594.0,22384,LUNCHBAG PINK RETROSPOT,9.614246282244673
16594.0,22384,LUNCH BAG PINK RETROSPOT,9.614246282244673
16594.0,22384,LUNCH BAG PINK POLKADOT,9.614246282244673
16594.0,22384,LUNCH BAG PINK POLKADOTS,9.614246282244673
16594.0,22111,SCOTTIE DOG HOT WATER BOTTLE,9.594204206010682
16594.0,22383,LUNCHBAG SUKI  DESIGN ,9.591259412294976
16594.0,22383,LUNCH BAG SUKI  DESIGN ,9.591259412294976
16594.0,22383,LUNCH BAG SUKI DESIGN ,9.591259412294976
16594.0,84991,60 TEATIME FAIRY CAKE CASES,9.582585171704789
16594.0,85123A,WHITE HANGING HEART T-LIGHT HOLDER,9.541916851347796
16594.0,85123A,CREAM HANGING HEART T-LIGHT HOLDER,9.541916851347796
13129.0,22756,LARGE YELLOW BABUSHKA NOTEBOOK ,2.2752272951941572
13129.0,22754,SMALL RED BABUSHKA NOTEBOOK ,2.210752543592154
13129.0,22755,SMALL PURPLE BABUSHKA NOTEBOOK ,2.168756231194579
13129.0,22753,SMALL YELLOW BABUSHKA NOTEBOOK ,2.12024270227811
13129.0,22383,LUNCHBAG SUKI  DESIGN ,1.7760779810257166
13129.0,22383,LUNCH BAG SUKI  DESIGN ,1.7760779810257166
13129.0,22383,LUNCH BAG SUKI DESIGN ,1.7760779810257166
13129.0,21931,JUMBO STORAGE BAG SUKI,1.719411236917363
13129.0,20725,LUNCH BAG RED SPOTTY,1.7131846401804236
13129.0,20725,LUNCH BAG RED RETROSPOT,1.7131846401804236
13129.0,20728,LUNCH BAG CARS BLUE,1.695521376871403
13129.0,20727,LUNCH BAG  BLACK SKULL.,1.6919036341277265
13129.0,22834,HAND WARMER BABUSHKA DESIGN,1.6667123729200215
13129.0,22834,MINI HAND WARMER BABUSHKA DESIGN,1.6667123729200215
17621.0,22666,RECIPE BOX PANTRY YELLOW DESIGN,12.49662634669747
17621.0,85123A,WHITE HANGING HEART T-LIGHT HOLDER,12.435519927818557
17621.0,85123A,CREAM HANGING HEART T-LIGHT HOLDER,12.435519927818557
17621.0,21212,PACK OF 72 RETRO SPOT CAKE CASES,12.160471061862673
17621.0,21212,PACK OF 72 RETROSPOT CAKE CASES,12.160471061862673
17621.0,22720,SET OF 3 CAKE TINS PANTRY DESIGN ,11.851790250661718
17621.0,84991,60 TEATIME FAIRY CAKE CASES,11.702066298741387
17621.0,21977,PACK OF 60 PINK PAISLEY CAKE CASES,11.342726776611409
17621.0,22469,HEART OF WICKER SMALL,11.342006853396464
17621.0,20725,LUNCH BAG RED SPOTTY,11.281320151781133
17621.0,20725,LUNCH BAG RED RETROSPOT,11.281320151781133
17621.0,84992,72 SWEETHEART FAIRY CAKE CASES,11.252963656306957
17621.0,22149,FELTCRAFT 6 FLOWER FRIENDS,11.154557009989448
14661.0,21239,PINK  SPOTTY CUP,1.0305161139014327
14661.0,21239,PINK  POLKADOT CUP,1.0305161139014327
14661.0,21238,RED SPOTTY CUP,0.929150208360734
14661.0,21238,RED RETROSPOT CUP,0.929150208360734
14661.0,21244,BLUE  SPOTTY PLATE ,0.8886845119903182
14661.0,21244,BLUE POLKADOT PLATE ,0.8886845119903182
14661.0,20675,BLUE SPOTTY BOWL,0.845976141109553
14661.0,20675,BLUE POLKADOT BOWL,0.845976141109553
14661.0,21243,PINK  SPOTTY PLATE ,0.8183905140914183
14661.0,21243,PINK  POLKADOT PLATE ,0.8183905140914183
14661.0,21243,PINK POLKADOT PLATE ,0.8183905140914183
14661.0,20677,PINK SPOTTY BOWL,0.777639437715192
14661.0,20677,PINK POLKADOT BOWL,0.777639437715192
14661.0,21242,RED SPOTTY PLATE ,0.7751898377087841
14661.0,21242,RED RETROSPOT PLATE ,0.7751898377087841
14661.0,21241,GREEN SPOTTY CUP,0.7469481191247483
14661.0,21241,GREEN POLKADOT CUP,0.7469481191247483
14661.0,20676,RED SPOTTY BOWL,0.7418781377374986
14661.0,20676,RED RETROSPOT BOWL,0.7418781377374986
14661.0,23018,LARGE APOTHECARY MEASURING JAR ,0.7098517918413785
15176.0,21212,PACK OF 72 RETRO SPOT CAKE CASES,9.625762238885303
15176.0,21212,PACK OF 72 RETROSPOT CAKE CASES,9.625762238885303
15176.0,22384,LUNCHBAG PINK RETROSPOT,9.554978297840327
15176.0,22384,LUNCH BAG PINK RETROSPOT,9.554978297840327
15176.0,22384,LUNCH BAG PINK POLKADOT,9.554978297840327
15176.0,22384,LUNCH BAG PINK POLKADOTS,9.554978297840327
15176.0,22382,LUNCHBAG SPACEBOY DESIGN ,9.366985122612514
15176.0,22382,LUNCH BAG SPACEBOY DESIGN ,9.366985122612514
15176.0,22469,HEART OF WICKER SMALL,9.335703439248384
15176.0,21080,SET/20 RED SPOTTY PAPER NAPKINS ,9.305359685583932
15176.0,21080,SET/20 RED RETROSPOT PAPER NAPKINS ,9.305359685583932
15176.0,85099B,JUMBO BAG RED WHITE SPOTTY ,9.250648692987582
15176.0,85099B,RED RETROSPOT JUMBO BAG ,9.250648692987582
15176.0,85099B,JUMBO BAG RED RETROSPOT,9.250648692987582
15176.0,20727,LUNCH BAG  BLACK SKULL.,9.239326355658832
15176.0,20728,LUNCH BAG CARS BLUE,9.17935954542745
15176.0,84991,60 TEATIME FAIRY CAKE CASES,9.123616323799949
15176.0,22383,LUNCHBAG SUKI  DESIGN ,9.104323116412443
15176.0,22383,LUNCH BAG SUKI  DESIGN ,9.104323116412443
15176.0,22383,LUNCH BAG SUKI DESIGN ,9.104323116412443
16805.0,21212,PACK OF 72 RETRO SPOT CAKE CASES,36.41594052605852
16805.0,21212,PACK OF 72 RETROSPOT CAKE CASES,36.41594052605852
16805.0,20725,LUNCH BAG RED SPOTTY,36.05800661921369
16805.0,20725,LUNCH BAG RED RETROSPOT,36.05800661921369
16805.0,84992,72 SWEETHEART FAIRY CAKE CASES,35.4772024982997
16805.0,84991,60 TEATIME FAIRY CAKE CASES,35.32476241878774
16805.0,22382,LUNCHBAG SPACEBOY DESIGN ,34.892270034795025
16805.0,22382,LUNCH BAG SPACEBOY DESIGN ,34.892270034795025
16805.0,20727,LUNCH BAG  BLACK SKULL.,34.83380886581859
16805.0,21080,SET/20 RED SPOTTY PAPER NAPKINS ,34.81051122477772
16805.0,21080,SET/20 RED RETROSPOT PAPER NAPKINS ,34.81051122477772
16805.0,22384,LUNCHBAG PINK RETROSPOT,34.65541372947148
16805.0,22384,LUNCH BAG PINK RETROSPOT,34.65541372947148
16805.0,22384,LUNCH BAG PINK POLKADOT,34.65541372947148
16805.0,22384,LUNCH BAG PINK POLKADOTS,34.65541372947148
16805.0,85099B,JUMBO BAG RED WHITE SPOTTY ,34.51292211035793
16805.0,85099B,RED RETROSPOT JUMBO BAG ,34.51292211035793
16805.0,85099B,JUMBO BAG RED RETROSPOT,34.51292211035793
16805.0,22383,LUNCHBAG SUKI  DESIGN ,34.13355411238687
16805.0,22383,LUNCH BAG SUKI  DESIGN ,34.13355411238687
16805.0,22383,LUNCH BAG SUKI DESIGN ,34.13355411238687
12369.0,22384,LUNCHBAG PINK RETROSPOT,18.31567759544849
12369.0,22384,LUNCH BAG PINK RETROSPOT,18.31567759544849
12369.0,22384,LUNCH BAG PINK POLKADOT,18.31567759544849
12369.0,22384,LUNCH BAG PINK POLKADOTS,18.31567759544849
12369.0,22383,LUNCHBAG SUKI  DESIGN ,18.049827423746684
12369.0,22383,LUNCH BAG SUKI  DESIGN ,18.049827423746684
12369.0,22383,LUNCH BAG SUKI DESIGN ,18.049827423746684
12369.0,20727,LUNCH BAG  BLACK SKULL.,17.87980358068938
12369.0,22551,PLASTERS IN TIN SPACEBOY,17.789036884438737
12369.0,21080,SET/20 RED SPOTTY PAPER NAPKINS ,17.622580972845824
12369.0,21080,SET/20 RED RETROSPOT PAPER NAPKINS ,17.622580972845824
12369.0,22326,"ROUND SNACK BOXES ,SET4, WOODLAND ",17.573327241379793
12369.0,22326,ROUND SNACK BOXES SET OF4 WOODLAND ,17.573327241379793
12369.0,22328,"ROUND SNACK BOXES ,SET 4, FRUITS ",17.42178631563018
12369.0,22328,ROUND SNACK BOXES SET OF 4 FRUITS ,17.42178631563018
12369.0,22556,PLASTERS IN TIN CIRCUS PARADE ,17.368832633229847
12369.0,22554,PLASTERS IN TIN WOODLAND ANIMALS,17.193421310208382
12369.0,84992,72 SWEETHEART FAIRY CAKE CASES,16.874520563068177
14999.0,84970S,HANGING HEART ZINC T-LIGHT HOLDER,1.8263094326476637
14999.0,85123A,WHITE HANGING HEART T-LIGHT HOLDER,1.7025300476474747
14999.0,85123A,CREAM HANGING HEART T-LIGHT HOLDER,1.7025300476474747
14999.0,22423,REGENCY CAKESTAND 3 TIER,1.6132339253331796
14999.0,21733,RED HANGING HEART T-LIGHT HOLDER,1.5538078090806136
14999.0,84755,COLOUR GLASS T-LIGHT HOLDER HANGING,1.5533891419322468
14999.0,84992,72 SWEETHEART FAIRY CAKE CASES,1.551394226352694
14999.0,21212,PACK OF 72 RETRO SPOT CAKE CASES,1.5480867369712747
14999.0,21212,PACK OF 72 RETROSPOT CAKE CASES,1.5480867369712747
14999.0,22090,PAPER BUNTING RETRO SPOTS,1.5413195141412723
14999.0,22090,PAPER BUNTING RETROSPOT,1.5413195141412723
14999.0,47566,PARTY BUNTING,1.5344143101257912
14999.0,21080,SET/20 RED SPOTTY PAPER NAPKINS ,1.5001751355577562
14999.0,21080,SET/20 RED RETROSPOT PAPER NAPKINS ,1.5001751355577562
17243.0,21733,RED HANGING HEART T-LIGHT HOLDER,52.89153954542881
17243.0,82482,WOODEN PICTURE FRAME WHITE FINISH,51.36526898451102
17243.0,84991,60 TEATIME FAIRY CAKE CASES,51.07514708033326
17243.0,21212,PACK OF 72 RETRO SPOT CAKE CASES,50.84444410409194
17243.0,21212,PACK OF 72 RETROSPOT CAKE CASES,50.84444410409194
17243.0,21080,SET/20 RED SPOTTY PAPER NAPKINS ,50.618663316678465
17243.0,21080,SET/20 RED RETROSPOT PAPER NAPKINS ,50.618663316678465
17243.0,20725,LUNCH BAG RED SPOTTY,50.460007711406696
17243.0,20725,LUNCH BAG RED RETROSPOT,50.460007711406696
17243.0,84992,72 SWEETHEART FAIRY CAKE CASES,50.20321601747905
17243.0,22384,LUNCHBAG PINK RETROSPOT,49.452709211926866
17243.0,22384,LUNCH BAG PINK RETROSPOT,49.452709211926866
17243.0,22384,LUNCH BAG PINK POLKADOT,49.452709211926866
17243.0,22384,LUNCH BAG PINK POLKADOTS,49.452709211926866
17243.0,22666,RECIPE BOX PANTRY YELLOW DESIGN,49.442401937471665
17243.0,85099B,JUMBO BAG RED WHITE SPOTTY ,49.011333067754364
17243.0,85099B,RED RETROSPOT JUMBO BAG ,49.011333067754364
17243.0,85099B,JUMBO BAG RED RETROSPOT,49.011333067754364
15334.0,84991,60 TEATIME FAIRY CAKE CASES,16.474142281519555
15334.0,20725,LUNCH BAG RED SPOTTY,16.368229206403594
15334.0,20725,LUNCH BAG RED RETROSPOT,16.368229206403594
15334.0,22384,LUNCHBAG PINK RETROSPOT,16.1578174113589
15334.0,22384,LUNCH BAG PINK RETROSPOT,16.1578174113589
15334.0,22384,LUNCH BAG PINK POLKADOT,16.1578174113589
15334.0,22384,LUNCH BAG PINK POLKADOTS,16.1578174113589
15334.0,22382,LUNCHBAG SPACEBOY DESIGN ,15.874143962109265
15334.0,22382,LUNCH BAG SPACEBOY DESIGN ,15.874143962109265
15334.0,85099B,JUMBO BAG RED WHITE SPOTTY ,15.711806165067378
15334.0,85099B,RED RETROSPOT JUMBO BAG ,15.711806165067378
15334.0,85099B,JUMBO BAG RED RETROSPOT,15.711806165067378
15334.0,20728,LUNCH BAG CARS BLUE,15.62416288548442
15334.0,85123A,WHITE HANGING HEART T-LIGHT HOLDER,15.609580508683363
15334.0,85123A,CREAM HANGING HEART T-LIGHT HOLDER,15.609580508683363
15334.0,20727,LUNCH BAG  BLACK SKULL.,15.489571784074629
15334.0,22383,LUNCHBAG SUKI  DESIGN ,15.460746547619603
15334.0,22383,LUNCH BAG SUKI  DESIGN ,15.460746547619603
15334.0,22383,LUNCH BAG SUKI DESIGN ,15.460746547619603
15334.0,22469,HEART OF WICKER SMALL,14.938524502286405
12430.0,84378,SET OF 3 HEART COOKIE CUTTERS,2.2732278081917836
12430.0,22551,PLASTERS IN TIN SPACEBOY,2.2707556398481636
12430.0,21212,PACK OF 72 RETRO SPOT CAKE CASES,2.2684026106832973
12430.0,21212,PACK OF 72 RETROSPOT CAKE CASES,2.2684026106832973
12430.0,23084,RABBIT NIGHT LIGHT,2.205750945067072
12430.0,22966,GINGERBREAD MAN COOKIE CUTTER,2.189829553989353
12430.0,22556,PLASTERS IN TIN CIRCUS PARADE ,2.134527296680451
12430.0,22417,PACK OF 60 SPACEBOY CAKE CASES,2.1318202160302953
12430.0,22326,"ROUND SNACK BOXES ,SET4, WOODLAND ",2.0948520469890877
12430.0,22326,ROUND SNACK BOXES SET OF4 WOODLAND ,2.0948520469890877
12430.0,22629,SPACEBOY LUNCH BOX ,2.080902976641633
12430.0,22138,BAKING SET 9 PIECE RETROSPOT ,2.054120126398227
16235.0,85123A,WHITE HANGING HEART T-LIGHT HOLDER,17.01597408254426
16235.0,85123A,CREAM HANGING HEART T-LIGHT HOLDER,17.01597408254426
16235.0,82482,WOODEN PICTURE FRAME WHITE FINISH,16.018734154827214
16235.0,22470,HEART OF WICKER LARGE,15.784188059398877
16235.0,22457,NATURAL SLATE HEART CHALKBOARD ,15.192113931892372
16235.0,21754,HOME BUILDING BLOCK WORD,15.185730004554506
16235.0,22423,REGENCY CAKESTAND 3 TIER,14.804196956358519
16235.0,21733,RED HANGING HEART T-LIGHT HOLDER,14.386616698478496
16235.0,22173,METAL 4 HOOK HANGER FRENCH CHATEAU,14.325049650179388
16235.0,47566,PARTY BUNTING,13.99221714801552
16235.0,21212,PACK OF 72 RETRO SPOT CAKE CASES,13.828649913292333
16235.0,21212,PACK OF 72 RETROSPOT CAKE CASES,13.828649913292333
16687.0,21823,PAINTED METAL HEART WITH HOLLY BELL,1.901124488763293
16687.0,21818,GLITTER CHRISTMAS HEART ,1.5887676744845936
16687.0,21818,GLITTER HEART DECORATION,1.5887676744845936
16687.0,21817,GLITTER CHRISTMAS TREE,1.4947460547294424
16687.0,21016,LIGHT BIRD HOUSE TREE DECORATION,1.2608948187261384
16687.0,21809,CHRISTMAS HANGING TREE WITH BELL,1.2602533969972616
16687.0,22155,STAR DECORATION RUSTIC,1.2397006972632032
16687.0,21017,RED BIRD HOUSE TREE DECORATION,1.234318462094529
16687.0,21807,WHITE CHRISTMAS STAR DECORATION,1.225213171883597
16687.0,22154,ANGEL DECORATION 3 BUTTONS ,1.2147740658800732
16687.0,21014,SWISS CHALET TREE DECORATION ,1.2032277658271404
17841.0,21166,COOK WITH WINE METAL SIGN ,246.64541600470758
17841.0,84879,ASSORTED COLOUR BIRD ORNAMENT,242.5196962427421
17841.0,22585,PACK OF 6 BIRDY GIFT TAGS,231.79731809156743
17841.0,22082,RIBBON REEL STRIPES DESIGN ,223.7263012403645
17841.0,23344,JUMBO BAG 50'S CHRISTMAS ,221.6533366426462
17841.0,20751,FUNKY WASHING UP GLOVES ASSORTED,221.64528692893032
17841.0,21429,RED GINGHAM ROSE JEWELLERY BOX,221.4900203970305
17841.0,22625,RED KITCHEN SCALES,219.99342583582606
17841.0,22560,TRADITIONAL MODELLING CLAY,219.87259708296867
17841.0,22699,ROSES REGENCY TEACUP AND SAUCER ,217.2327338409186
17841.0,22699,TEACUP AND SAUCER REGENCY ROSES,217.2327338409186
13380.0,21231,SWEETHEART CERAMIC TRINKET BOX,1.1852538074450079
13380.0,22646,CERAMIC STRAWBERRY CAKE MONEY BANK,1.108931846057139
13380.0,22644,CERAMIC CHERRY CAKE MONEY BANK,0.9968913214301316
13380.0,22064,PINK DOUGHNUT TRINKET POT ,0.7570213925165278
13380.0,22649,STRAWBERRY FAIRY CAKE TEAPOT,0.7258420870092326
13380.0,22649,STRAWBERRY CAKE TEAPOT,0.7258420870092326
13380.0,22055,MINI CAKE STAND  HANGING STRAWBERY,0.7080538788705051
13380.0,85123A,WHITE HANGING HEART T-LIGHT HOLDER,0.701746286012353
13380.0,85123A,CREAM HANGING HEART T-LIGHT HOLDER,0.701746286012353
13380.0,22059,CERAMIC STRWBERRY DESIGN MUG,0.6902462196068195
13380.0,22059,CERAMIC STRAWBERRY DESIGN MUG,0.6902462196068195
13380.0,84991,60 TEATIME FAIRY CAKE CASES,0.6757637723038624
13380.0,22065,CHRISTMAS PUDDING TRINKET POT ,0.6542315831571709
14188.0,22382,LUNCHBAG SPACEBOY DESIGN ,9.627847829237918
14188.0,22382,LUNCH BAG SPACEBOY DESIGN ,9.627847829237918
14188.0,22384,LUNCHBAG PINK RETROSPOT,9.495381711457187
14188.0,22384,LUNCH BAG PINK RETROSPOT,9.495381711457187
14188.0,22384,LUNCH BAG PINK POLKADOT,9.495381711457187
14188.0,22384,LUNCH BAG PINK POLKADOTS,9.495381711457187
14188.0,22411,JUMBO SHOPPER VINTAGE RED PAISLEY,9.450844919169493
14188.0,20728,LUNCH BAG CARS BLUE,9.33364123136353
14188.0,22383,LUNCHBAG SUKI  DESIGN ,9.179609988292238
14188.0,22383,LUNCH BAG SUKI  DESIGN ,9.179609988292238
14188.0,22383,LUNCH BAG SUKI DESIGN ,9.179609988292238
14188.0,23201,JUMBO BAG ALPHABET,9.178041195073355
14188.0,23199,JUMBO BAG APPLES,9.15834395366038
14188.0,23206,LUNCH BAG APPLE DESIGN,9.149757211172128
14188.0,21929,JUMBO BAG PINK VINTAGE PAISLEY,9.038660104320105
14188.0,20727,LUNCH BAG  BLACK SKULL.,9.036270393568337
15536.0,22753,SMALL YELLOW BABUSHKA NOTEBOOK ,4.166184367134756
15536.0,22756,LARGE YELLOW BABUSHKA NOTEBOOK ,3.711098394257518
15536.0,22382,LUNCHBAG SPACEBOY DESIGN ,3.584057454166086
15536.0,22382,LUNCH BAG SPACEBOY DESIGN ,3.584057454166086
15536.0,22556,PLASTERS IN TIN CIRCUS PARADE ,3.5341790236861885
15536.0,22367,CHILDS APRON SPACEBOY DESIGN,3.4938253343581764
15536.0,22367,CHILDRENS APRON SPACEBOY DESIGN,3.4938253343581764
15536.0,22138,BAKING SET 9 PIECE RETROSPOT ,3.4555333221198254
15536.0,22554,PLASTERS IN TIN WOODLAND ANIMALS,3.435460638150364
15536.0,22629,SPACEBOY LUNCH BOX ,3.428035680037617
15536.0,22752,SET 7 BABUSHKA NESTING BOXES,3.3581017746458754
15536.0,20725,LUNCH BAG RED SPOTTY,3.3180278619182033
15536.0,20725,LUNCH BAG RED RETROSPOT,3.3180278619182033
16098.0,20725,LUNCH BAG RED SPOTTY,16.012500885943385
16098.0,20725,LUNCH BAG RED RETROSPOT,16.012500885943385
16098.0,21212,PACK OF 72 RETRO SPOT CAKE CASES,15.751423955480456
16098.0,21212,PACK OF 72 RETROSPOT CAKE CASES,15.751423955480456
16098.0,85099B,JUMBO BAG RED WHITE SPOTTY ,15.336508472137023
16098.0,85099B,RED RETROSPOT JUMBO BAG ,15.336508472137023
16098.0,85099B,JUMBO BAG RED RETROSPOT,15.336508472137023
16098.0,22382,LUNCHBAG SPACEBOY DESIGN ,15.237701016801793
16098.0,22382,LUNCH BAG SPACEBOY DESIGN ,15.237701016801793
16098.0,21080,SET/20 RED SPOTTY PAPER NAPKINS ,15.129117638715211
16098.0,21080,SET/20 RED RETROSPOT PAPER NAPKINS ,15.129117638715211
16098.0,20728,LUNCH BAG CARS BLUE,14.87422016823699
16098.0,22383,LUNCHBAG SUKI  DESIGN ,14.585391588090939
16098.0,22383,LUNCH BAG SUKI  DESIGN ,14.585391588090939
16098.0,22383,LUNCH BAG SUKI DESIGN ,14.585391588090939
16098.0,84992,72 SWEETHEART FAIRY CAKE CASES,14.216918275970146
16098.0,85123A,WHITE HANGING HEART T-LIGHT HOLDER,14.181553845448581
16098.0,85123A,CREAM HANGING HEART T-LIGHT HOLDER,14.181553845448581
16098.0,22423,REGENCY CAKESTAND 3 TIER,14.157551979425824
17721.0,48194,DOORMAT HEARTS,1.9567431567389801
17721.0,48194,DOOR MAT HEARTS,1.9567431567389801
17721.0,48187,DOOR MAT NEW ENGLAND,1.9434832142282223
17721.0,48187,DOORMAT NEW ENGLAND,1.9434832142282223
17721.0,48138,DOOR MAT UNION FLAG,1.914657267912034
17721.0,48138,DOORMAT UNION FLAG,1.914657267912034
17721.0,21524,SPOTTY  HOME SWEET HOME DOORMAT,1.8491428625009827
17721.0,21524,DOOR MAT SPOTTY HOME SWEET HOME,1.8491428625009827
17721.0,21524,DOORMAT SPOTTY HOME SWEET HOME,1.8491428625009827
17721.0,82581,TOILET METAL SIGN,1.7277214191217423
17721.0,82578,KITCHEN METAL SIGN,1.7258252742664755
17721.0,48173C,DOOR MAT BLACK FLOCK ,1.6742986853188953
17721.0,48173C,DOORMAT BLACK FLOCK ,1.6742986853188953
17721.0,48188,DOOR MAT WELCOME PUPPIES,1.641288617598315
17721.0,48188,DOORMAT WELCOME PUPPIES,1.641288617598315
17721.0,21523,FANCY FONT HOME SWEET HOME DOORMAT,1.6350271450006024
17721.0,21523,DOOR MAT FANCY FONT HOME SWEET HOME,1.6350271450006024
17721.0,21523,DOORMAT FANCY FONT HOME SWEET HOME,1.6350271450006024
17721.0,22690,DOORMAT HOME SWEET HOME BLUE ,1.6325651265960457
13747.0,21672,WHITE SPOT RED CERAMIC DRAWER KNOB,1.1902417103730714
13747.0,21668,RED STRIPE CERAMIC DRAWER KNOB,1.1104178453605709
13747.0,22294,HEART FILIGREE DOVE  SMALL,1.105480295029853
13747.0,21669,BLUE STRIPE CERAMIC DRAWER KNOB,1.0876153908571629
13747.0,21670,BLUE SPOT CERAMIC DRAWER KNOB,1.0755954416672726
13747.0,21673,WHITE SPOT BLUE CERAMIC DRAWER KNOB,1.0503304244779699
13747.0,22219,LOVEBIRD HANGING DECORATION WHITE ,0.9654500266554876
13747.0,85123A,WHITE HANGING HEART T-LIGHT HOLDER,0.9591149761030491
13747.0,85123A,CREAM HANGING HEART T-LIGHT HOLDER,0.9591149761030491
13747.0,22296,HEART IVORY TRELLIS LARGE,0.9239931476130607
13747.0,22297,HEART IVORY TRELLIS SMALL,0.9211825326314496
15919.0,20725,LUNCH BAG RED SPOTTY,19.44541379844842
15919.0,20725,LUNCH BAG RED RETROSPOT,19.44541379844842
15919.0,21212,PACK OF 72 RETRO SPOT CAKE CASES,19.051999558607392
15919.0,21212,PACK OF 72 RETROSPOT CAKE CASES,19.051999558607392
15919.0,22384,LUNCHBAG PINK RETROSPOT,18.947011055443554
15919.0,22384,LUNCH BAG PINK RETROSPOT,18.947011055443554
15919.0,22384,LUNCH BAG PINK POLKADOT,18.947011055443554
15919.0,22384,LUNCH BAG PINK POLKADOTS,18.947011055443554
15919.0,20727,LUNCH BAG  BLACK SKULL.,18.863763108182063
15919.0,85099B,JUMBO BAG RED WHITE SPOTTY ,18.450355661198383
15919.0,85099B,RED RETROSPOT JUMBO BAG ,18.450355661198383
15919.0,85099B,JUMBO BAG RED RETROSPOT,18.450355661198383
15919.0,22383,LUNCHBAG SUKI  DESIGN ,18.24039666832018
15919.0,22383,LUNCH BAG SUKI  DESIGN ,18.24039666832018
15919.0,22383,LUNCH BAG SUKI DESIGN ,18.24039666832018
15919.0,21080,SET/20 RED SPOTTY PAPER NAPKINS ,18.022299010924797
15919.0,21080,SET/20 RED RETROSPOT PAPER NAPKINS ,18.022299010924797
15919.0,20726,LUNCH BAG WOODLAND,17.991287201917988
15919.0,22666,RECIPE BOX PANTRY YELLOW DESIGN,17.984233498534454
15919.0,84991,60 TEATIME FAIRY CAKE CASES,17.936687364679504
13909.0,85123A,WHITE HANGING HEART T-LIGHT HOLDER,5.556601185298495
13909.0,85123A,CREAM HANGING HEART T-LIGHT HOLDER,5.556601185298495
13909.0,22086,PAPER CHAIN KIT 50'S CHRISTMAS ,5.384243134129276
13909.0,22865,HAND WARMER OWL DESIGN,5.320537550314118
13909.0,21212,PACK OF 72 RETRO SPOT CAKE CASES,5.253631108180408
13909.0,21212,PACK OF 72 RETROSPOT CAKE CASES,5.253631108180408
13909.0,22147,FELTCRAFT BUTTERFLY HEARTS,5.250768520341705
13909.0,20725,LUNCH BAG RED SPOTTY,5.249609119535104
13909.0,20725,LUNCH BAG RED RETROSPOT,5.249609119535104
13909.0,22910,PAPER CHAIN KIT VINTAGE CHRISTMAS,5.195339242979024
13909.0,22423,REGENCY CAKESTAND 3 TIER,5.189133217476579
13909.0,84991,60 TEATIME FAIRY CAKE CASES,5.183208075314333
13909.0,20728,LUNCH BAG CARS BLUE,5.163186699276348
14599.0,21212,PACK OF 72 RETRO SPOT CAKE CASES,14.964316807788133
14599.0,21212,PACK OF 72 RETROSPOT CAKE CASES,14.964316807788133
14599.0,20725,LUNCH BAG RED SPOTTY,14.165728075722955
14599.0,20725,LUNCH BAG RED RETROSPOT,14.165728075722955
14599.0,22147,FELTCRAFT BUTTERFLY HEARTS,14.153740844733152
14599.0,22382,LUNCHBAG SPACEBOY DESIGN ,13.958635224666105
14599.0,22382,LUNCH BAG SPACEBOY DESIGN ,13.958635224666105
14599.0,21080,SET/20 RED SPOTTY PAPER NAPKINS ,13.89625029437115
14599.0,21080,SET/20 RED RETROSPOT PAPER NAPKINS ,13.89625029437115
14599.0,84992,72 SWEETHEART FAIRY CAKE CASES,13.86289493542146
14599.0,22384,LUNCHBAG PINK RETROSPOT,13.744895995034348
14599.0,22384,LUNCH BAG PINK RETROSPOT,13.744895995034348
14599.0,22384,LUNCH BAG PINK POLKADOT,13.744895995034348
14599.0,22384,LUNCH BAG PINK POLKADOTS,13.744895995034348
14599.0,84991,60 TEATIME FAIRY CAKE CASES,13.742957627360598
14599.0,20727,LUNCH BAG  BLACK SKULL.,13.606024477720887
14599.0,22149,FELTCRAFT 6 FLOWER FRIENDS,13.588528157155519
15113.0,22382,LUNCHBAG SPACEBOY DESIGN ,16.7717023865837
15113.0,22382,LUNCH BAG SPACEBOY DESIGN ,16.7717023865837
15113.0,20725,LUNCH BAG RED SPOTTY,16.705196176562033
15113.0,20725,LUNCH BAG RED RETROSPOT,16.705196176562033
15113.0,20728,LUNCH BAG CARS BLUE,15.849103223700139
15113.0,22384,LUNCHBAG PINK RETROSPOT,15.73401413733246
15113.0,22384,LUNCH BAG PINK RETROSPOT,15.73401413733246
15113.0,22384,LUNCH BAG PINK POLKADOT,15.73401413733246
15113.0,22384,LUNCH BAG PINK POLKADOTS,15.73401413733246
15113.0,20727,LUNCH BAG  BLACK SKULL.,15.689640597582505
15113.0,22383,LUNCHBAG SUKI  DESIGN ,15.655492360686505
15113.0,22383,LUNCH BAG SUKI  DESIGN ,15.655492360686505
15113.0,22383,LUNCH BAG SUKI DESIGN ,15.655492360686505
15113.0,23203,JUMBO BAG DOILEY PATTERNS,15.611059033388933
15113.0,23203,JUMBO BAG VINTAGE DOILEY ,15.611059033388933
15113.0,23203,JUMBO BAG VINTAGE DOILY ,15.611059033388933
15113.0,84991,60 TEATIME FAIRY CAKE CASES,15.514726200147802
15113.0,23209,LUNCH BAG DOILEY PATTERN ,15.476354784100812
15113.0,23209,LUNCH BAG VINTAGE DOILY ,15.476354784100812
15113.0,23209,LUNCH BAG VINTAGE DOILEY ,15.476354784100812
15113.0,84992,72 SWEETHEART FAIRY CAKE CASES,15.441945095926254
14666.0,22469,HEART OF WICKER SMALL,3.244398392113464
14666.0,85123A,WHITE HANGING HEART T-LIGHT HOLDER,3.1918526524951183
14666.0,85123A,CREAM HANGING HEART T-LIGHT HOLDER,3.1918526524951183
14666.0,22470,HEART OF WICKER LARGE,3.0436407830291525
14666.0,23322,LARGE WHITE HEART OF WICKER,2.852478725207698
14666.0,84836,ZINC METAL HEART DECORATION,2.7544237752687417
14666.0,21733,RED HANGING HEART T-LIGHT HOLDER,2.754044686059981
14666.0,82482,WOODEN PICTURE FRAME WHITE FINISH,2.6967036574829777
14666.0,84970L,SINGLE HEART ZINC T-LIGHT HOLDER,2.680386236286804
14666.0,22297,HEART IVORY TRELLIS SMALL,2.6747726128326983
14666.0,22694,WICKER STAR ,2.6573490040740944
15271.0,20725,LUNCH BAG RED SPOTTY,67.26730127243304
15271.0,20725,LUNCH BAG RED RETROSPOT,67.26730127243304
15271.0,22382,LUNCHBAG SPACEBOY DESIGN ,66.07262525302359
15271.0,22382,LUNCH BAG SPACEBOY DESIGN ,66.07262525302359
15271.0,22384,LUNCHBAG PINK RETROSPOT,65.1175873018764
15271.0,22384,LUNCH BAG PINK RETROSPOT,65.1175873018764
15271.0,22384,LUNCH BAG PINK POLKADOT,65.1175873018764
15271.0,22384,LUNCH BAG PINK POLKADOTS,65.1175873018764
15271.0,22086,PAPER CHAIN KIT 50'S CHRISTMAS ,65.00175900127455
15271.0,20728,LUNCH BAG CARS BLUE,63.76535166267698
15271.0,22423,REGENCY CAKESTAND 3 TIER,63.465050892783616
15271.0,85099B,JUMBO BAG RED WHITE SPOTTY ,63.14593177332014
15271.0,85099B,RED RETROSPOT JUMBO BAG ,63.14593177332014
15271.0,85099B,JUMBO BAG RED RETROSPOT,63.14593177332014
15271.0,22910,PAPER CHAIN KIT VINTAGE CHRISTMAS,62.71414117635349
15271.0,22383,LUNCHBAG SUKI  DESIGN ,62.32943322607396
15271.0,22383,LUNCH BAG SUKI  DESIGN ,62.32943322607396
15271.0,22383,LUNCH BAG SUKI DESIGN ,62.32943322607396
15271.0,20726,LUNCH BAG WOODLAND,61.677247001265926
12665.0,82581,TOILET METAL SIGN,2.371299324433473
12665.0,84991,60 TEATIME FAIRY CAKE CASES,2.34283536793471
12665.0,21212,PACK OF 72 RETRO SPOT CAKE CASES,2.338881085438368
12665.0,21212,PACK OF 72 RETROSPOT CAKE CASES,2.338881085438368
12665.0,85123A,WHITE HANGING HEART T-LIGHT HOLDER,2.281186854535502
12665.0,85123A,CREAM HANGING HEART T-LIGHT HOLDER,2.281186854535502
12665.0,20725,LUNCH BAG RED SPOTTY,2.280660255247025
12665.0,20725,LUNCH BAG RED RETROSPOT,2.280660255247025
12665.0,22646,CERAMIC STRAWBERRY CAKE MONEY BANK,2.274324961973777
12665.0,82578,KITCHEN METAL SIGN,2.2481171015766908
12665.0,22064,PINK DOUGHNUT TRINKET POT ,2.228850588937687
12665.0,85099B,JUMBO BAG RED WHITE SPOTTY ,2.202175157299334
12665.0,85099B,RED RETROSPOT JUMBO BAG ,2.202175157299334
12665.0,85099B,JUMBO BAG RED RETROSPOT,2.202175157299334
12665.0,20685,RED SPOTTY COIR DOORMAT,2.155493397646948
12665.0,20685,DOOR MAT RED SPOT,2.155493397646948
12665.0,20685,DOORMAT RED SPOT,2.155493397646948
12665.0,20685,DOORMAT RED RETROSPOT,2.155493397646948
13341.0,21212,PACK OF 72 RETRO SPOT CAKE CASES,11.214321130005782
13341.0,21212,PACK OF 72 RETROSPOT CAKE CASES,11.214321130005782
13341.0,21080,SET/20 RED SPOTTY PAPER NAPKINS ,10.416809017546266
13341.0,21080,SET/20 RED RETROSPOT PAPER NAPKINS ,10.416809017546266
13341.0,20725,LUNCH BAG RED SPOTTY,10.051696251910098
13341.0,20725,LUNCH BAG RED RETROSPOT,10.051696251910098
13341.0,84991,60 TEATIME FAIRY CAKE CASES,10.031638343124882
13341.0,22720,SET OF 3 CAKE TINS PANTRY DESIGN ,9.578269021383598
13341.0,21977,PACK OF 60 PINK PAISLEY CAKE CASES,9.462379958331478
13341.0,22417,PACK OF 60 SPACEBOY CAKE CASES,9.353766596914573
13341.0,85099B,JUMBO BAG RED WHITE SPOTTY ,9.268361799582364
13341.0,85099B,RED RETROSPOT JUMBO BAG ,9.268361799582364
13341.0,85099B,JUMBO BAG RED RETROSPOT,9.268361799582364
13341.0,22423,REGENCY CAKESTAND 3 TIER,9.249402751727406
13341.0,84992,72 SWEETHEART FAIRY CAKE CASES,9.235510824543192
16129.0,22551,PLASTERS IN TIN SPACEBOY,17.472925003691277
16129.0,20725,LUNCH BAG RED SPOTTY,17.237997282191504
16129.0,20725,LUNCH BAG RED RETROSPOT,17.237997282191504
16129.0,22556,PLASTERS IN TIN CIRCUS PARADE ,17.210644806195578
16129.0,22382,LUNCHBAG SPACEBOY DESIGN ,17.149097662206312
16129.0,22382,LUNCH BAG SPACEBOY DESIGN ,17.149097662206312
16129.0,22086,PAPER CHAIN KIT 50'S CHRISTMAS ,17.14176874206113
16129.0,22147,FELTCRAFT BUTTERFLY HEARTS,17.131205024285954
16129.0,22139,RETRO SPOT TEA SET CERAMIC 11 PC ,16.63697055386541
16129.0,22139,11 PC CERAMIC TEA SET POLKADOT,16.63697055386541
16129.0,22139,RETROSPOT TEA SET CERAMIC 11 PC ,16.63697055386541
16129.0,22554,PLASTERS IN TIN WOODLAND ANIMALS,16.53142947520467
16129.0,20727,LUNCH BAG  BLACK SKULL.,16.525459728229166
16129.0,21080,SET/20 RED SPOTTY PAPER NAPKINS ,16.32336638286646
16129.0,21080,SET/20 RED RETROSPOT PAPER NAPKINS ,16.32336638286646
13880.0,22086,PAPER CHAIN KIT 50'S CHRISTMAS ,29.88124460685466
13880.0,22910,PAPER CHAIN KIT VINTAGE CHRISTMAS,28.472174245865855
13880.0,20725,LUNCH BAG RED SPOTTY,28.370277079419665
13880.0,20725,LUNCH BAG RED RETROSPOT,28.370277079419665
13880.0,22865,HAND WARMER OWL DESIGN,27.97249321416478
13880.0,22666,RECIPE BOX PANTRY YELLOW DESIGN,27.882848495558235
13880.0,22382,LUNCHBAG SPACEBOY DESIGN ,27.447255727173623
13880.0,22382,LUNCH BAG SPACEBOY DESIGN ,27.447255727173623
13880.0,84991,60 TEATIME FAIRY CAKE CASES,27.22124984428404
13880.0,21080,SET/20 RED SPOTTY PAPER NAPKINS ,27.13274558392572
13880.0,21080,SET/20 RED RETROSPOT PAPER NAPKINS ,27.13274558392572
13880.0,85099B,JUMBO BAG RED WHITE SPOTTY ,27.007406015523166
13880.0,85099B,RED RETROSPOT JUMBO BAG ,27.007406015523166
13880.0,85099B,JUMBO BAG RED RETROSPOT,27.007406015523166
13880.0,84992,72 SWEETHEART FAIRY CAKE CASES,26.93635437713985
14529.0,22086,PAPER CHAIN KIT 50'S CHRISTMAS ,30.843111791770983
14529.0,21212,PACK OF 72 RETRO SPOT CAKE CASES,30.767478159789423
14529.0,21212,PACK OF 72 RETROSPOT CAKE CASES,30.767478159789423
14529.0,22865,HAND WARMER OWL DESIGN,30.1732312517165
14529.0,22910,PAPER CHAIN KIT VINTAGE CHRISTMAS,29.957157710456883
14529.0,20725,LUNCH BAG RED SPOTTY,29.462887034538866
14529.0,20725,LUNCH BAG RED RETROSPOT,29.462887034538866
14529.0,22382,LUNCHBAG SPACEBOY DESIGN ,29.2419447325324
14529.0,22382,LUNCH BAG SPACEBOY DESIGN ,29.2419447325324
14529.0,22952,72 CAKE CASES VINTAGE CHRISTMAS,29.172866974689708
14529.0,22952,SET 72 CAKE CASES VINTAGE CHRISTMAS,29.172866974689708
14529.0,22952,60 CAKE CASES VINTAGE CHRISTMAS,29.172866974689708
14529.0,84991,60 TEATIME FAIRY CAKE CASES,29.08840160312052
14529.0,84992,72 SWEETHEART FAIRY CAKE CASES,28.965539400744632
14529.0,21080,SET/20 RED SPOTTY PAPER NAPKINS ,28.762278938888592
14529.0,21080,SET/20 RED RETROSPOT PAPER NAPKINS ,28.762278938888592
12968.0,21926,RED/CREAM STRIPE CUSHION COVER ,1.626173797550811
12968.0,46000M,POLYESTER FILLER PAD 45x45cm,1.0055751434112206
12968.0,85123A,WHITE HANGING HEART T-LIGHT HOLDER,0.936223538363302
12968.0,85123A,CREAM HANGING HEART T-LIGHT HOLDER,0.936223538363302
12968.0,21484,CHICK GREY HOT WATER BOTTLE,0.9184943826628416
12968.0,21485,RED SPOT HEART HOT WATER BOTTLE,0.917019191422938
12968.0,21485,RETROSPOT HEART HOT WATER BOTTLE,0.917019191422938
12968.0,22469,HEART OF WICKER SMALL,0.9159595579574262
12968.0,22111,SCOTTIE DOG HOT WATER BOTTLE,0.8987899617359345
12968.0,22499,WOODEN UNION JACK BUNTING,0.8575067757055934
12968.0,21622,VINTAGE UNION JACK CUSHION COVER,0.8497286834222979
12968.0,21754,HOME BUILDING BLOCK WORD,0.8379761728668973
13211.0,20725,LUNCH BAG RED SPOTTY,20.74422877645252
13211.0,20725,LUNCH BAG RED RETROSPOT,20.74422877645252
13211.0,22382,LUNCHBAG SPACEBOY DESIGN ,19.912685548469987
13211.0,22382,LUNCH BAG SPACEBOY DESIGN ,19.912685548469987
13211.0,20727,LUNCH BAG  BLACK SKULL.,19.59101741094742
13211.0,22384,LUNCHBAG PINK RETROSPOT,19.5433217333773
13211.0,22384,LUNCH BAG PINK RETROSPOT,19.5433217333773
13211.0,22384,LUNCH BAG PINK POLKADOT,19.5433217333773
13211.0,22384,LUNCH BAG PINK POLKADOTS,19.5433217333773
13211.0,84378,SET OF 3 HEART COOKIE CUTTERS,19.49105755008334
13211.0,20728,LUNCH BAG CARS BLUE,18.97339462432313
13211.0,22367,CHILDS APRON SPACEBOY DESIGN,18.703050241747473
13211.0,22367,CHILDRENS APRON SPACEBOY DESIGN,18.703050241747473
13211.0,23307,SET OF 60 PANTRY DESIGN CAKE CASES ,18.66085951051907
13211.0,22952,72 CAKE CASES VINTAGE CHRISTMAS,18.62910464749983
13211.0,22952,SET 72 CAKE CASES VINTAGE CHRISTMAS,18.62910464749983
13211.0,22952,60 CAKE CASES VINTAGE CHRISTMAS,18.62910464749983
13211.0,22383,LUNCHBAG SUKI  DESIGN ,18.61205379624142
13211.0,22383,LUNCH BAG SUKI  DESIGN ,18.61205379624142
13211.0,22383,LUNCH BAG SUKI DESIGN ,18.61205379624142
15634.0,22865,HAND WARMER OWL DESIGN,7.3315537303528
15634.0,22114,HOT WATER BOTTLE TEA AND SYMPATHY,7.219171159963486
15634.0,22867,HAND WARMER BIRD DESIGN,6.946875053964691
15634.0,22113,GREY HEART HOT WATER BOTTLE,6.91283515563088
15634.0,85123A,WHITE HANGING HEART T-LIGHT HOLDER,6.787387977196219
15634.0,85123A,CREAM HANGING HEART T-LIGHT HOLDER,6.787387977196219
15634.0,84029E,RED WOOLLY HOTTIE WHITE HEART.,6.735802239005778
15634.0,22469,HEART OF WICKER SMALL,6.600319407334411
15634.0,22633,HAND WARMER UNION JACK,6.561673087350256
15634.0,22470,HEART OF WICKER LARGE,6.470946660440255
15634.0,21733,RED HANGING HEART T-LIGHT HOLDER,6.188035672198661
16457.0,22469,HEART OF WICKER SMALL,2.6264331408260815
16457.0,84836,ZINC METAL HEART DECORATION,2.5720506865486192
16457.0,22470,HEART OF WICKER LARGE,2.555807865402823
16457.0,22457,NATURAL SLATE HEART CHALKBOARD ,2.4739583219665775
16457.0,21755,LOVE BUILDING BLOCK WORD,2.4345991605334376
16457.0,21733,RED HANGING HEART T-LIGHT HOLDER,2.431693432984367
16457.0,82482,WOODEN PICTURE FRAME WHITE FINISH,2.346554342226539
16457.0,22297,HEART IVORY TRELLIS SMALL,2.3392306486485186
16457.0,21754,HOME BUILDING BLOCK WORD,2.3250741621910826
16457.0,22295,HEART FILIGREE DOVE LARGE,2.2365610002989547
17296.0,84997D,PINK 3 PIECE MINI DOTS CUTLERY SET,5.550560408814488
17296.0,84997D,PINK 3 PIECE POLKADOT CUTLERY SET,5.550560408814488
17296.0,84997D,CHILDRENS CUTLERY POLKADOT PINK,5.550560408814488
17296.0,20727,LUNCH BAG  BLACK SKULL.,5.032594530604622
17296.0,20725,LUNCH BAG RED SPOTTY,4.994895519296269
17296.0,20725,LUNCH BAG RED RETROSPOT,4.994895519296269
17296.0,22382,LUNCHBAG SPACEBOY DESIGN ,4.9002586641817665
17296.0,22382,LUNCH BAG SPACEBOY DESIGN ,4.9002586641817665
17296.0,85099B,JUMBO BAG RED WHITE SPOTTY ,4.887312079350213
17296.0,85099B,RED RETROSPOT JUMBO BAG ,4.887312079350213
17296.0,85099B,JUMBO BAG RED RETROSPOT,4.887312079350213
17296.0,21212,PACK OF 72 RETRO SPOT CAKE CASES,4.877187132083836
17296.0,21212,PACK OF 72 RETROSPOT CAKE CASES,4.877187132083836
17296.0,21080,SET/20 RED SPOTTY PAPER NAPKINS ,4.855509442494577
17296.0,21080,SET/20 RED RETROSPOT PAPER NAPKINS ,4.855509442494577
17296.0,22384,LUNCHBAG PINK RETROSPOT,4.773394410434197
17296.0,22384,LUNCH BAG PINK RETROSPOT,4.773394410434197
17296.0,22384,LUNCH BAG PINK POLKADOT,4.773394410434197
17296.0,22384,LUNCH BAG PINK POLKADOTS,4.773394410434197
17296.0,22383,LUNCHBAG SUKI  DESIGN ,4.761786749970913
17296.0,22383,LUNCH BAG SUKI  DESIGN ,4.761786749970913
17296.0,22383,LUNCH BAG SUKI DESIGN ,4.761786749970913
17296.0,85123A,WHITE HANGING HEART T-LIGHT HOLDER,4.6916044949307745
17296.0,85123A,CREAM HANGING HEART T-LIGHT HOLDER,4.6916044949307745
14706.0,22469,HEART OF WICKER SMALL,5.422164714324666
14706.0,22470,HEART OF WICKER LARGE,5.211950680873552
14706.0,21390,FILIGRIS HEART WITH BUTTERFLY,5.12708594517065
14706.0,22296,HEART IVORY TRELLIS LARGE,5.073684665098897
14706.0,22219,LOVEBIRD HANGING DECORATION WHITE ,4.917473298454189
14706.0,84879,ASSORTED COLOUR BIRD ORNAMENT,4.85968027524945
14706.0,82482,WOODEN PICTURE FRAME WHITE FINISH,4.857956654990454
14706.0,22189,CREAM HEART CARD HOLDER,4.848926591684363
14706.0,21755,LOVE BUILDING BLOCK WORD,4.846047888057699
14706.0,82494L,WOODEN FRAME ANTIQUE WHITE ,4.7071639654372435
14382.0,20727,LUNCH BAG  BLACK SKULL.,43.49900536210472
14382.0,20728,LUNCH BAG CARS BLUE,42.860975876550405
14382.0,22383,LUNCHBAG SUKI  DESIGN ,42.85888605808712
14382.0,22383,LUNCH BAG SUKI  DESIGN ,42.85888605808712
14382.0,22383,LUNCH BAG SUKI DESIGN ,42.85888605808712
14382.0,21080,SET/20 RED SPOTTY PAPER NAPKINS ,42.200992260564284
14382.0,21080,SET/20 RED RETROSPOT PAPER NAPKINS ,42.200992260564284
14382.0,22411,JUMBO SHOPPER VINTAGE RED PAISLEY,41.38890378068206
14382.0,20726,LUNCH BAG WOODLAND,41.30605824700559
14382.0,22086,PAPER CHAIN KIT 50'S CHRISTMAS ,40.22118378278937
14382.0,23207,LUNCH BAG ALPHABET DESIGN,39.72771373355951
14382.0,22865,HAND WARMER OWL DESIGN,39.435652804857874
14382.0,23209,LUNCH BAG DOILEY PATTERN ,39.22225592207693
14382.0,23209,LUNCH BAG VINTAGE DOILY ,39.22225592207693
14382.0,23209,LUNCH BAG VINTAGE DOILEY ,39.22225592207693
15161.0,20727,LUNCH BAG  BLACK SKULL.,4.814947604283404
15161.0,21175,GIN + TONIC DIET METAL SIGN,4.783073423355819
15161.0,21175,GIN AND TONIC DIET METAL SIGN,4.783073423355819
15161.0,22865,HAND WARMER OWL DESIGN,4.770212346437459
15161.0,22469,HEART OF WICKER SMALL,4.7122499618171085
15161.0,85152,HAND OVER THE CHOCOLATE   SIGN ,4.6873465550121445
15161.0,21181,PLEASE ONE PERSON  METAL SIGN,4.671737506513754
15161.0,21181,PLEASE ONE PERSON METAL SIGN,4.671737506513754
15161.0,22470,HEART OF WICKER LARGE,4.650199339064589
15161.0,22834,HAND WARMER BABUSHKA DESIGN,4.639024758982386
15161.0,22834,MINI HAND WARMER BABUSHKA DESIGN,4.639024758982386
15161.0,21790,VINTAGE SNAP CARDS,4.63859962849025
15161.0,22383,LUNCHBAG SUKI  DESIGN ,4.636011779171984
15161.0,22383,LUNCH BAG SUKI  DESIGN ,4.636011779171984
15161.0,22383,LUNCH BAG SUKI DESIGN ,4.636011779171984
16261.0,21212,PACK OF 72 RETRO SPOT CAKE CASES,24.869930517354064
16261.0,21212,PACK OF 72 RETROSPOT CAKE CASES,24.869930517354064
16261.0,21080,SET/20 RED SPOTTY PAPER NAPKINS ,23.29458435235449
16261.0,21080,SET/20 RED RETROSPOT PAPER NAPKINS ,23.29458435235449
16261.0,22423,REGENCY CAKESTAND 3 TIER,23.239256952753152
16261.0,22470,HEART OF WICKER LARGE,22.923642216570112
16261.0,84992,72 SWEETHEART FAIRY CAKE CASES,22.757800753681288
16261.0,22910,PAPER CHAIN KIT VINTAGE CHRISTMAS,22.744664402963643
16261.0,22457,NATURAL SLATE HEART CHALKBOARD ,22.346127901448092
16261.0,47566,PARTY BUNTING,22.30157258535061
16261.0,20725,LUNCH BAG RED SPOTTY,22.253914720297775
16261.0,20725,LUNCH BAG RED RETROSPOT,22.253914720297775
16261.0,21733,RED HANGING HEART T-LIGHT HOLDER,22.069138509414067
15013.0,20725,LUNCH BAG RED SPOTTY,38.32608193761261
15013.0,20725,LUNCH BAG RED RETROSPOT,38.32608193761261
15013.0,22384,LUNCHBAG PINK RETROSPOT,36.80537903769257
15013.0,22384,LUNCH BAG PINK RETROSPOT,36.80537903769257
15013.0,22384,LUNCH BAG PINK POLKADOT,36.80537903769257
15013.0,22384,LUNCH BAG PINK POLKADOTS,36.80537903769257
15013.0,22383,LUNCHBAG SUKI  DESIGN ,35.23794237991271
15013.0,22383,LUNCH BAG SUKI  DESIGN ,35.23794237991271
15013.0,22383,LUNCH BAG SUKI DESIGN ,35.23794237991271
15013.0,20726,LUNCH BAG WOODLAND,35.12920595478588
15013.0,85099B,JUMBO BAG RED WHITE SPOTTY ,34.42392178554001
15013.0,85099B,RED RETROSPOT JUMBO BAG ,34.42392178554001
15013.0,85099B,JUMBO BAG RED RETROSPOT,34.42392178554001
15013.0,22551,PLASTERS IN TIN SPACEBOY,33.746656439151685
15013.0,84378,SET OF 3 HEART COOKIE CUTTERS,32.83992759603626
15013.0,22086,PAPER CHAIN KIT 50'S CHRISTMAS ,32.246760707406544
15013.0,22386,JUMBO BAG PINK WITH WHITE SPOTS,32.121532649284035
15013.0,22386,JUMBO BAG PINK POLKADOT,32.121532649284035
15013.0,22554,PLASTERS IN TIN WOODLAND ANIMALS,31.833100794296694
12852.0,21212,PACK OF 72 RETRO SPOT CAKE CASES,5.327839776623619
12852.0,21212,PACK OF 72 RETROSPOT CAKE CASES,5.327839776623619
12852.0,21977,PACK OF 60 PINK PAISLEY CAKE CASES,4.822241705082781
12852.0,84991,60 TEATIME FAIRY CAKE CASES,4.766592771076876
12852.0,22417,PACK OF 60 SPACEBOY CAKE CASES,4.723982484898879
12852.0,84992,72 SWEETHEART FAIRY CAKE CASES,4.492454798457255
12852.0,21080,SET/20 RED SPOTTY PAPER NAPKINS ,4.386552802180428
12852.0,21080,SET/20 RED RETROSPOT PAPER NAPKINS ,4.386552802180428
12852.0,20725,LUNCH BAG RED SPOTTY,4.244547481733826
12852.0,20725,LUNCH BAG RED RETROSPOT,4.244547481733826
12852.0,21213,PACK OF 72 SKULL CAKE CASES,4.161865775076938
12852.0,23245,SET OF 3 REGENCY CAKE TINS,4.150076122389026
12852.0,22382,LUNCHBAG SPACEBOY DESIGN ,4.100681581586329
12852.0,22382,LUNCH BAG SPACEBOY DESIGN ,4.100681581586329
15356.0,21212,PACK OF 72 RETRO SPOT CAKE CASES,61.93345053317498
15356.0,21212,PACK OF 72 RETROSPOT CAKE CASES,61.93345053317498
15356.0,20726,LUNCH BAG WOODLAND,60.49693640530644
15356.0,22411,JUMBO SHOPPER VINTAGE RED PAISLEY,58.75662353539738
15356.0,21080,SET/20 RED SPOTTY PAPER NAPKINS ,56.00305349825922
15356.0,21080,SET/20 RED RETROSPOT PAPER NAPKINS ,56.00305349825922
15356.0,21929,JUMBO BAG PINK VINTAGE PAISLEY,55.427020283956125
15356.0,22551,PLASTERS IN TIN SPACEBOY,55.00867593414469
15356.0,21977,PACK OF 60 PINK PAISLEY CAKE CASES,54.96719955141634
15356.0,22367,CHILDS APRON SPACEBOY DESIGN,54.08064819598461
15356.0,22367,CHILDRENS APRON SPACEBOY DESIGN,54.08064819598461
15356.0,22423,REGENCY CAKESTAND 3 TIER,53.842127623394745
15356.0,22111,SCOTTIE DOG HOT WATER BOTTLE,52.577119735282
13535.0,22121,NOEL WOODEN BLOCK LETTERS ,0.22898344455889058
13535.0,21755,LOVE BUILDING BLOCK WORD,0.21937624744349554
13535.0,22158,3 HEARTS HANGING DECORATION RUSTIC,0.21926004317430453
13535.0,85123A,WHITE HANGING HEART T-LIGHT HOLDER,0.2164207804868672
13535.0,85123A,CREAM HANGING HEART T-LIGHT HOLDER,0.2164207804868672
13535.0,22571,ROCKING HORSE RED CHRISTMAS ,0.21436538329032054
13535.0,21754,HOME BUILDING BLOCK WORD,0.21111903482227745
13535.0,22694,WICKER STAR ,0.21028122858312226
13535.0,22469,HEART OF WICKER SMALL,0.204387672718624
13535.0,22118,JOY WOODEN BLOCK LETTERS,0.19968051920963112
13535.0,22580,ADVENT CALENDAR GINGHAM SACK,0.1987180529018577
16019.0,21212,PACK OF 72 RETRO SPOT CAKE CASES,48.689935401423746
16019.0,21212,PACK OF 72 RETROSPOT CAKE CASES,48.689935401423746
16019.0,85099B,JUMBO BAG RED WHITE SPOTTY ,46.137305882753395
16019.0,85099B,RED RETROSPOT JUMBO BAG ,46.137305882753395
16019.0,85099B,JUMBO BAG RED RETROSPOT,46.137305882753395
16019.0,22469,HEART OF WICKER SMALL,45.587956768711315
16019.0,22411,JUMBO SHOPPER VINTAGE RED PAISLEY,45.28934915728644
16019.0,20728,LUNCH BAG CARS BLUE,45.082387280933276
16019.0,84992,72 SWEETHEART FAIRY CAKE CASES,44.967959320911966
16019.0,20727,LUNCH BAG  BLACK SKULL.,44.936834454515214
16019.0,22666,RECIPE BOX PANTRY YELLOW DESIGN,43.27403005803186
16019.0,20726,LUNCH BAG WOODLAND,42.85028473331855
16019.0,22866,HAND WARMER SCOTTY DOG DESIGN,42.44366896886572
13456.0,22029,SPACE BOY BIRTHDAY CARD,10.066300951692
13456.0,22029,SPACEBOY BIRTHDAY CARD,10.066300951692
13456.0,22382,LUNCHBAG SPACEBOY DESIGN ,9.865498752721084
13456.0,22382,LUNCH BAG SPACEBOY DESIGN ,9.865498752721084
13456.0,22551,PLASTERS IN TIN SPACEBOY,9.706332999460447
13456.0,22138,BAKING SET 9 PIECE RETROSPOT ,9.692438024980452
13456.0,21212,PACK OF 72 RETRO SPOT CAKE CASES,9.632634798884405
13456.0,21212,PACK OF 72 RETROSPOT CAKE CASES,9.632634798884405
13456.0,22556,PLASTERS IN TIN CIRCUS PARADE ,9.57378204280052
13456.0,22629,SPACEBOY LUNCH BOX ,9.34867303592
13456.0,20725,LUNCH BAG RED SPOTTY,9.33293392429246
13456.0,20725,LUNCH BAG RED RETROSPOT,9.33293392429246
13456.0,22630,DOLLY GIRL LUNCH BOX,9.132814207063642
13456.0,22554,PLASTERS IN TIN WOODLAND ANIMALS,9.106834812375457
16297.0,22382,LUNCHBAG SPACEBOY DESIGN ,4.5842988909664495
16297.0,22382,LUNCH BAG SPACEBOY DESIGN ,4.5842988909664495
16297.0,20725,LUNCH BAG RED SPOTTY,4.403779029692808
16297.0,20725,LUNCH BAG RED RETROSPOT,4.403779029692808
16297.0,21212,PACK OF 72 RETRO SPOT CAKE CASES,4.319205977833538
16297.0,21212,PACK OF 72 RETROSPOT CAKE CASES,4.319205977833538
16297.0,22384,LUNCHBAG PINK RETROSPOT,4.2884985555374495
16297.0,22384,LUNCH BAG PINK RETROSPOT,4.2884985555374495
16297.0,22384,LUNCH BAG PINK POLKADOT,4.2884985555374495
16297.0,22384,LUNCH BAG PINK POLKADOTS,4.2884985555374495
16297.0,20727,LUNCH BAG  BLACK SKULL.,4.259280310217536
16297.0,20728,LUNCH BAG CARS BLUE,4.2026689213905835
16297.0,85099B,JUMBO BAG RED WHITE SPOTTY ,4.166449235595433
16297.0,85099B,RED RETROSPOT JUMBO BAG ,4.166449235595433
16297.0,85099B,JUMBO BAG RED RETROSPOT,4.166449235595433
16297.0,20726,LUNCH BAG WOODLAND,4.1580909704129265
16297.0,22551,PLASTERS IN TIN SPACEBOY,4.139458568923356
16297.0,22383,LUNCHBAG SUKI  DESIGN ,4.1147243501050355
16297.0,22383,LUNCH BAG SUKI  DESIGN ,4.1147243501050355
16297.0,22383,LUNCH BAG SUKI DESIGN ,4.1147243501050355
15447.0,85123A,WHITE HANGING HEART T-LIGHT HOLDER,5.627759776731213
15447.0,85123A,CREAM HANGING HEART T-LIGHT HOLDER,5.627759776731213
15447.0,22469,HEART OF WICKER SMALL,5.093183749939062
15447.0,84970S,HANGING HEART ZINC T-LIGHT HOLDER,4.866707640798128
15447.0,22470,HEART OF WICKER LARGE,4.85705029360417
15447.0,20685,RED SPOTTY COIR DOORMAT,4.839721911234794
15447.0,20685,DOOR MAT RED SPOT,4.839721911234794
15447.0,20685,DOORMAT RED SPOT,4.839721911234794
15447.0,20685,DOORMAT RED RETROSPOT,4.839721911234794
15447.0,82482,WOODEN PICTURE FRAME WHITE FINISH,4.741991131380841
15447.0,21733,RED HANGING HEART T-LIGHT HOLDER,4.724583886436581
15447.0,84836,ZINC METAL HEART DECORATION,4.632968568292491
15447.0,21755,LOVE BUILDING BLOCK WORD,4.628288470088549
15447.0,82494L,WOODEN FRAME ANTIQUE WHITE ,4.601995751261779
12425.0,22382,LUNCHBAG SPACEBOY DESIGN ,17.93922397831561
12425.0,22382,LUNCH BAG SPACEBOY DESIGN ,17.93922397831561
12425.0,22384,LUNCHBAG PINK RETROSPOT,17.8876575900047
12425.0,22384,LUNCH BAG PINK RETROSPOT,17.8876575900047
12425.0,22384,LUNCH BAG PINK POLKADOT,17.8876575900047
12425.0,22384,LUNCH BAG PINK POLKADOTS,17.8876575900047
12425.0,85099B,JUMBO BAG RED WHITE SPOTTY ,17.754779169424342
12425.0,85099B,RED RETROSPOT JUMBO BAG ,17.754779169424342
12425.0,85099B,JUMBO BAG RED RETROSPOT,17.754779169424342
12425.0,20727,LUNCH BAG  BLACK SKULL.,17.045793581205793
12425.0,84991,60 TEATIME FAIRY CAKE CASES,16.820705714750815
12425.0,20726,LUNCH BAG WOODLAND,16.700885267117894
12425.0,84992,72 SWEETHEART FAIRY CAKE CASES,16.60519440164676
12425.0,22411,JUMBO SHOPPER VINTAGE RED PAISLEY,16.597606180575518
12425.0,22386,JUMBO BAG PINK WITH WHITE SPOTS,16.230747228795128
12425.0,22386,JUMBO BAG PINK POLKADOT,16.230747228795128
12425.0,23209,LUNCH BAG DOILEY PATTERN ,16.08735106407958
12425.0,23209,LUNCH BAG VINTAGE DOILY ,16.08735106407958
12425.0,23209,LUNCH BAG VINTAGE DOILEY ,16.08735106407958
16206.0,84991,60 TEATIME FAIRY CAKE CASES,34.21722692771725
16206.0,21080,SET/20 RED SPOTTY PAPER NAPKINS ,32.34953918577998
16206.0,21080,SET/20 RED RETROSPOT PAPER NAPKINS ,32.34953918577998
16206.0,20725,LUNCH BAG RED SPOTTY,32.321571649471174
16206.0,20725,LUNCH BAG RED RETROSPOT,32.321571649471174
16206.0,22423,REGENCY CAKESTAND 3 TIER,31.646343501339235
16206.0,22384,LUNCHBAG PINK RETROSPOT,31.020855542691184
16206.0,22384,LUNCH BAG PINK RETROSPOT,31.020855542691184
16206.0,22384,LUNCH BAG PINK POLKADOT,31.020855542691184
16206.0,22384,LUNCH BAG PINK POLKADOTS,31.020855542691184
16206.0,21977,PACK OF 60 PINK PAISLEY CAKE CASES,30.88161174309692
16206.0,22382,LUNCHBAG SPACEBOY DESIGN ,30.879828861529962
16206.0,22382,LUNCH BAG SPACEBOY DESIGN ,30.879828861529962
16206.0,20727,LUNCH BAG  BLACK SKULL.,30.802046874558787
16206.0,85099B,JUMBO BAG RED WHITE SPOTTY ,30.75716960635858
16206.0,85099B,RED RETROSPOT JUMBO BAG ,30.75716960635858
16206.0,85099B,JUMBO BAG RED RETROSPOT,30.75716960635858
16206.0,21485,RED SPOT HEART HOT WATER BOTTLE,30.173753461744788
16206.0,21485,RETROSPOT HEART HOT WATER BOTTLE,30.173753461744788
13766.0,21212,PACK OF 72 RETRO SPOT CAKE CASES,4.492760362368531
13766.0,21212,PACK OF 72 RETROSPOT CAKE CASES,4.492760362368531
13766.0,22384,LUNCHBAG PINK RETROSPOT,4.221021407797409
13766.0,22384,LUNCH BAG PINK RETROSPOT,4.221021407797409
13766.0,22384,LUNCH BAG PINK POLKADOT,4.221021407797409
13766.0,22384,LUNCH BAG PINK POLKADOTS,4.221021407797409
13766.0,22382,LUNCHBAG SPACEBOY DESIGN ,4.213082532510867
13766.0,22382,LUNCH BAG SPACEBOY DESIGN ,4.213082532510867
13766.0,21238,RED SPOTTY CUP,4.206736817075475
13766.0,21238,RED RETROSPOT CUP,4.206736817075475
13766.0,20727,LUNCH BAG  BLACK SKULL.,4.1119263525962095
13766.0,84997D,PINK 3 PIECE MINI DOTS CUTLERY SET,4.035551917077486
13766.0,84997D,PINK 3 PIECE POLKADOT CUTLERY SET,4.035551917077486
13766.0,84997D,CHILDRENS CUTLERY POLKADOT PINK,4.035551917077486
13766.0,21080,SET/20 RED SPOTTY PAPER NAPKINS ,4.00948429146735
13766.0,21080,SET/20 RED RETROSPOT PAPER NAPKINS ,4.00948429146735
13766.0,84997C,BLUE 3 PIECE MINI DOTS CUTLERY SET,4.004990149696566
13766.0,84997C,BLUE 3 PIECE POLKADOT CUTLERY SET,4.004990149696566
13766.0,84997C,CHILDRENS CUTLERY POLKADOT BLUE,4.004990149696566
13766.0,20726,LUNCH BAG WOODLAND,3.9454883287667544
13766.0,20728,LUNCH BAG CARS BLUE,3.9437971611237526
13682.0,72807C,SET/3 VANILLA SCENTED CANDLE IN BOX,0.8403090344282578
13682.0,72802A,ROSE SCENT CANDLE IN JEWELLED BOX,0.7364528277198223
13682.0,85035A,GARDENIA 3 WICK MORRIS BOXED CANDLE,0.7096404952416254
13682.0,72807B,SET/3 OCEAN SCENT CANDLE JEWEL BOX,0.6994121834573681
13682.0,72802B,OCEAN SCENT CANDLE IN JEWELLED BOX,0.6936497825363407
13682.0,85035B,CHOCOLATE 3 WICK MORRIS BOX CANDLE,0.6930171059890238
13682.0,85036C,ROSE 1 WICK MORRIS BOXED CANDLE,0.6666665390631032
13682.0,85034C,3 ROSE MORRIS BOXED CANDLES,0.6592496840233636
13682.0,72802C,VANILLA SCENT CANDLE JEWELLED BOX,0.6223523240749469
13682.0,72803A,ROSE SCENT CANDLE JEWELLED DRAWER,0.6216810248401495
14770.0,21212,PACK OF 72 RETRO SPOT CAKE CASES,28.24043383530163
14770.0,21212,PACK OF 72 RETROSPOT CAKE CASES,28.24043383530163
14770.0,21755,LOVE BUILDING BLOCK WORD,26.37020601444803
14770.0,22469,HEART OF WICKER SMALL,26.36934718716562
14770.0,21080,SET/20 RED SPOTTY PAPER NAPKINS ,26.345780332403375
14770.0,21080,SET/20 RED RETROSPOT PAPER NAPKINS ,26.345780332403375
14770.0,20725,LUNCH BAG RED SPOTTY,26.256564325072212
14770.0,20725,LUNCH BAG RED RETROSPOT,26.256564325072212
14770.0,84991,60 TEATIME FAIRY CAKE CASES,26.217526830613487
14770.0,84992,72 SWEETHEART FAIRY CAKE CASES,25.656696865165085
14770.0,22382,LUNCHBAG SPACEBOY DESIGN ,25.619746874176926
14770.0,22382,LUNCH BAG SPACEBOY DESIGN ,25.619746874176926
14770.0,22470,HEART OF WICKER LARGE,25.283959181981047
14770.0,85099B,JUMBO BAG RED WHITE SPOTTY ,25.127871545967476
14770.0,85099B,RED RETROSPOT JUMBO BAG ,25.127871545967476
14770.0,85099B,JUMBO BAG RED RETROSPOT,25.127871545967476
18225.0,84991,60 TEATIME FAIRY CAKE CASES,51.51222784577499
18225.0,22384,LUNCHBAG PINK RETROSPOT,50.39409225531033
18225.0,22384,LUNCH BAG PINK RETROSPOT,50.39409225531033
18225.0,22384,LUNCH BAG PINK POLKADOT,50.39409225531033
18225.0,22384,LUNCH BAG PINK POLKADOTS,50.39409225531033
18225.0,22423,REGENCY CAKESTAND 3 TIER,50.22429039184184
18225.0,22382,LUNCHBAG SPACEBOY DESIGN ,50.181666731529795
18225.0,22382,LUNCH BAG SPACEBOY DESIGN ,50.181666731529795
18225.0,20728,LUNCH BAG CARS BLUE,49.458422327661175
18225.0,20727,LUNCH BAG  BLACK SKULL.,49.11768794661203
18225.0,22086,PAPER CHAIN KIT 50'S CHRISTMAS ,48.16067087133012
18225.0,21485,RED SPOT HEART HOT WATER BOTTLE,47.6258068124054
18225.0,21485,RETROSPOT HEART HOT WATER BOTTLE,47.6258068124054
18225.0,22469,HEART OF WICKER SMALL,47.422817177650806
18225.0,23209,LUNCH BAG DOILEY PATTERN ,47.089691852269134
18225.0,23209,LUNCH BAG VINTAGE DOILY ,47.089691852269134
18225.0,23209,LUNCH BAG VINTAGE DOILEY ,47.089691852269134
16796.0,85123A,WHITE HANGING HEART T-LIGHT HOLDER,3.8859843427892713
16796.0,85123A,CREAM HANGING HEART T-LIGHT HOLDER,3.8859843427892713
16796.0,22469,HEART OF WICKER SMALL,3.6003498634543125
16796.0,22720,SET OF 3 CAKE TINS PANTRY DESIGN ,3.568106520353431
16796.0,21212,PACK OF 72 RETRO SPOT CAKE CASES,3.513922553730856
16796.0,21212,PACK OF 72 RETROSPOT CAKE CASES,3.513922553730856
16796.0,84991,60 TEATIME FAIRY CAKE CASES,3.4938284218149325
16796.0,22666,RECIPE BOX PANTRY YELLOW DESIGN,3.460694367094269
16796.0,21733,RED HANGING HEART T-LIGHT HOLDER,3.4491578413732755
16796.0,22423,REGENCY CAKESTAND 3 TIER,3.4308676113532295
16796.0,22952,72 CAKE CASES VINTAGE CHRISTMAS,3.4112674543364427
16796.0,22952,SET 72 CAKE CASES VINTAGE CHRISTMAS,3.4112674543364427
16796.0,22952,60 CAKE CASES VINTAGE CHRISTMAS,3.4112674543364427
16796.0,23294,SET OF 6 SNACK LOAF BAKING CASES,3.373364366156173
16566.0,85123A,WHITE HANGING HEART T-LIGHT HOLDER,3.009210337688271
16566.0,85123A,CREAM HANGING HEART T-LIGHT HOLDER,3.009210337688271
16566.0,82482,WOODEN PICTURE FRAME WHITE FINISH,2.696994893514643
16566.0,84879,ASSORTED COLOUR BIRD ORNAMENT,2.668769275827623
16566.0,22178,VICTORIAN GLASS HANGING T-LIGHT,2.6554144439474134
16566.0,22469,HEART OF WICKER SMALL,2.6032534433022314
16566.0,22457,NATURAL SLATE HEART CHALKBOARD ,2.6004567473888853
16566.0,82494L,WOODEN FRAME ANTIQUE WHITE ,2.585705631097339
16566.0,22470,HEART OF WICKER LARGE,2.544793916077061
16566.0,22423,REGENCY CAKESTAND 3 TIER,2.541243247828981
16566.0,84947,ANTIQUE SILVER TEA GLASS ENGRAVED,2.5189219377803944
14125.0,22910,PAPER CHAIN KIT VINTAGE CHRISTMAS,28.733486307457863
14125.0,21212,PACK OF 72 RETRO SPOT CAKE CASES,28.131466854990975
14125.0,21212,PACK OF 72 RETROSPOT CAKE CASES,28.131466854990975
14125.0,22382,LUNCHBAG SPACEBOY DESIGN ,27.934875628060993
14125.0,22382,LUNCH BAG SPACEBOY DESIGN ,27.934875628060993
14125.0,20725,LUNCH BAG RED SPOTTY,27.761074831907568
14125.0,20725,LUNCH BAG RED RETROSPOT,27.761074831907568
14125.0,22865,HAND WARMER OWL DESIGN,27.12785456611834
14125.0,21790,VINTAGE SNAP CARDS,26.876022539051103
14125.0,23209,LUNCH BAG DOILEY PATTERN ,26.77255448430027
14125.0,23209,LUNCH BAG VINTAGE DOILY ,26.77255448430027
14125.0,23209,LUNCH BAG VINTAGE DOILEY ,26.77255448430027
14125.0,22556,PLASTERS IN TIN CIRCUS PARADE ,26.71663143136157
14125.0,22909,SET OF 20 VINTAGE CHRISTMAS NAPKINS,26.39957900625246
14125.0,23207,LUNCH BAG ALPHABET DESIGN,26.33278759490755
13911.0,22469,HEART OF WICKER SMALL,29.028491074535953
13911.0,20725,LUNCH BAG RED SPOTTY,28.128450634427942
13911.0,20725,LUNCH BAG RED RETROSPOT,28.128450634427942
13911.0,21733,RED HANGING HEART T-LIGHT HOLDER,28.078534265739435
13911.0,21080,SET/20 RED SPOTTY PAPER NAPKINS ,27.410040798434494
13911.0,21080,SET/20 RED RETROSPOT PAPER NAPKINS ,27.410040798434494
13911.0,22382,LUNCHBAG SPACEBOY DESIGN ,27.30011304129378
13911.0,22382,LUNCH BAG SPACEBOY DESIGN ,27.30011304129378
13911.0,22470,HEART OF WICKER LARGE,27.27789011376899
13911.0,22384,LUNCHBAG PINK RETROSPOT,27.2641801461498
13911.0,22384,LUNCH BAG PINK RETROSPOT,27.2641801461498
13911.0,22384,LUNCH BAG PINK POLKADOT,27.2641801461498
13911.0,22384,LUNCH BAG PINK POLKADOTS,27.2641801461498
13911.0,84992,72 SWEETHEART FAIRY CAKE CASES,27.16523717688452
13911.0,20727,LUNCH BAG  BLACK SKULL.,27.016348731815434
13911.0,20728,LUNCH BAG CARS BLUE,26.993759651172
13279.0,22699,ROSES REGENCY TEACUP AND SAUCER ,2.3432156646107694
13279.0,22699,TEACUP AND SAUCER REGENCY ROSES,2.3432156646107694
13279.0,22423,REGENCY CAKESTAND 3 TIER,1.8920174403929022
13279.0,23171,REGENCY TEA PLATE GREEN ,1.7207705242878486
13279.0,23173,REGENCY TEAPOT ROSES ,1.6807572638454082
13279.0,23174,REGENCY SUGAR BOWL GREEN,1.6687751895214742
13279.0,23170,REGENCY TEA PLATE ROSES ,1.667551262973558
13279.0,23172,REGENCY TEA PLATE PINK,1.6486491430213586
13279.0,22071,SMALL RETRO SPOT MUG IN BOX  WHITE,1.5770048285476037
13279.0,22071,SMALL WHITE RETROSPOT MUG IN BOX ,1.5770048285476037
13279.0,23175,REGENCY MILK JUG PINK ,1.5418895711761134
13279.0,21985,PACK OF 12 HEARTS DESIGN TISSUES ,1.4934331809475891
12567.0,22411,JUMBO SHOPPER VINTAGE RED PAISLEY,64.87221267711085
12567.0,84992,72 SWEETHEART FAIRY CAKE CASES,63.634313083255144
12567.0,22086,PAPER CHAIN KIT 50'S CHRISTMAS ,63.02793902370368
12567.0,22386,JUMBO BAG PINK WITH WHITE SPOTS,62.22046599297982
12567.0,22386,JUMBO BAG PINK POLKADOT,62.22046599297982
12567.0,21481,FAWN BLUE HOT WATER BOTTLE,61.78868829521343
12567.0,21931,JUMBO STORAGE BAG SUKI,61.65285804836232
12567.0,22910,PAPER CHAIN KIT VINTAGE CHRISTMAS,60.950089272821685
12567.0,21976,PACK OF 60 MUSHROOM CAKE CASES,60.70145604548121
12567.0,22865,HAND WARMER OWL DESIGN,60.61675052327883
12567.0,23201,JUMBO BAG ALPHABET,60.37217475592783
15869.0,85123A,WHITE HANGING HEART T-LIGHT HOLDER,5.401515316597459
15869.0,85123A,CREAM HANGING HEART T-LIGHT HOLDER,5.401515316597459
15869.0,20725,LUNCH BAG RED SPOTTY,4.748268059785103
15869.0,20725,LUNCH BAG RED RETROSPOT,4.748268059785103
15869.0,21733,RED HANGING HEART T-LIGHT HOLDER,4.6640489498933855
15869.0,22469,HEART OF WICKER SMALL,4.612899358523229
15869.0,20727,LUNCH BAG  BLACK SKULL.,4.6108426787356445
15869.0,21080,SET/20 RED SPOTTY PAPER NAPKINS ,4.5902854627312255
15869.0,21080,SET/20 RED RETROSPOT PAPER NAPKINS ,4.5902854627312255
15869.0,21212,PACK OF 72 RETRO SPOT CAKE CASES,4.553450386297589
15869.0,21212,PACK OF 72 RETROSPOT CAKE CASES,4.553450386297589
15869.0,22384,LUNCHBAG PINK RETROSPOT,4.5028863683755604
15869.0,22384,LUNCH BAG PINK RETROSPOT,4.5028863683755604
15869.0,22384,LUNCH BAG PINK POLKADOT,4.5028863683755604
15869.0,22384,LUNCH BAG PINK POLKADOTS,4.5028863683755604
15869.0,22411,JUMBO SHOPPER VINTAGE RED PAISLEY,4.488155921437975
15869.0,22423,REGENCY CAKESTAND 3 TIER,4.470332804125515
16210.0,21212,PACK OF 72 RETRO SPOT CAKE CASES,25.26569250447765
16210.0,21212,PACK OF 72 RETROSPOT CAKE CASES,25.26569250447765
16210.0,85099B,JUMBO BAG RED WHITE SPOTTY ,25.238619906457338
16210.0,85099B,RED RETROSPOT JUMBO BAG ,25.238619906457338
16210.0,85099B,JUMBO BAG RED RETROSPOT,25.238619906457338
16210.0,20725,LUNCH BAG RED SPOTTY,25.218247012220598
16210.0,20725,LUNCH BAG RED RETROSPOT,25.218247012220598
16210.0,84991,60 TEATIME FAIRY CAKE CASES,24.1352535444183
16210.0,21080,SET/20 RED SPOTTY PAPER NAPKINS ,23.87374470113978
16210.0,21080,SET/20 RED RETROSPOT PAPER NAPKINS ,23.87374470113978
16210.0,22469,HEART OF WICKER SMALL,23.82872138035127
16210.0,21485,RED SPOT HEART HOT WATER BOTTLE,23.66992363588649
16210.0,21485,RETROSPOT HEART HOT WATER BOTTLE,23.66992363588649
16210.0,22382,LUNCHBAG SPACEBOY DESIGN ,23.653320098895563
16210.0,22382,LUNCH BAG SPACEBOY DESIGN ,23.653320098895563
16210.0,47566,PARTY BUNTING,23.552590268917147
16210.0,22865,HAND WARMER OWL DESIGN,23.485017141051234
12545.0,21212,PACK OF 72 RETRO SPOT CAKE CASES,8.872268870590943
12545.0,21212,PACK OF 72 RETROSPOT CAKE CASES,8.872268870590943
12545.0,84991,60 TEATIME FAIRY CAKE CASES,8.530443706824578
12545.0,84992,72 SWEETHEART FAIRY CAKE CASES,8.306532437457534
12545.0,21977,PACK OF 60 PINK PAISLEY CAKE CASES,8.191958555045595
12545.0,21210,SET OF 72 RETRO SPOT PAPER  DOILIES,8.019644098502258
12545.0,21210,SET OF 72 RETROSPOT PAPER  DOILIES,8.019644098502258
12545.0,85049B,LUSH GREENS RIBBONS,7.951573465292804
12545.0,21080,SET/20 RED SPOTTY PAPER NAPKINS ,7.925272504906771
12545.0,21080,SET/20 RED RETROSPOT PAPER NAPKINS ,7.925272504906771
12545.0,21121,SET/10 RED SPOTTY PARTY CANDLES,7.9041604342644325
12545.0,21121,SET/10 RED POLKADOT PARTY CANDLES,7.9041604342644325
12545.0,22417,PACK OF 60 SPACEBOY CAKE CASES,7.394585224594305
12545.0,85123A,WHITE HANGING HEART T-LIGHT HOLDER,7.370515669560626
12545.0,85123A,CREAM HANGING HEART T-LIGHT HOLDER,7.370515669560626
14934.0,84991,60 TEATIME FAIRY CAKE CASES,23.958468875786195
14934.0,85123A,WHITE HANGING HEART T-LIGHT HOLDER,23.913269871269094
14934.0,85123A,CREAM HANGING HEART T-LIGHT HOLDER,23.913269871269094
14934.0,21080,SET/20 RED SPOTTY PAPER NAPKINS ,23.627072938774106
14934.0,21080,SET/20 RED RETROSPOT PAPER NAPKINS ,23.627072938774106
14934.0,20728,LUNCH BAG CARS BLUE,23.510374539262607
14934.0,85099B,JUMBO BAG RED WHITE SPOTTY ,23.42953236768503
14934.0,85099B,RED RETROSPOT JUMBO BAG ,23.42953236768503
14934.0,85099B,JUMBO BAG RED RETROSPOT,23.42953236768503
14934.0,84992,72 SWEETHEART FAIRY CAKE CASES,23.28409598612888
14934.0,22383,LUNCHBAG SUKI  DESIGN ,23.144529560761125
14934.0,22383,LUNCH BAG SUKI  DESIGN ,23.144529560761125
14934.0,22383,LUNCH BAG SUKI DESIGN ,23.144529560761125
14934.0,22666,RECIPE BOX PANTRY YELLOW DESIGN,23.12128981995938
14934.0,22910,PAPER CHAIN KIT VINTAGE CHRISTMAS,22.825215783864355
14934.0,22411,JUMBO SHOPPER VINTAGE RED PAISLEY,22.532122735349468
15392.0,20725,LUNCH BAG RED SPOTTY,18.19548179941192
15392.0,20725,LUNCH BAG RED RETROSPOT,18.19548179941192
15392.0,22086,PAPER CHAIN KIT 50'S CHRISTMAS ,18.099211467929212
15392.0,22147,FELTCRAFT BUTTERFLY HEARTS,18.018880501104388
15392.0,22382,LUNCHBAG SPACEBOY DESIGN ,17.979978861848448
15392.0,22382,LUNCH BAG SPACEBOY DESIGN ,17.979978861848448
15392.0,84991,60 TEATIME FAIRY CAKE CASES,17.86312210188101
15392.0,22551,PLASTERS IN TIN SPACEBOY,17.439533263687128
15392.0,22910,PAPER CHAIN KIT VINTAGE CHRISTMAS,17.31134260260754
15392.0,22865,HAND WARMER OWL DESIGN,17.301215982047573
15392.0,84992,72 SWEETHEART FAIRY CAKE CASES,17.298881099564877
15392.0,22384,LUNCHBAG PINK RETROSPOT,17.254544185012836
15392.0,22384,LUNCH BAG PINK RETROSPOT,17.254544185012836
15392.0,22384,LUNCH BAG PINK POLKADOT,17.254544185012836
15392.0,22384,LUNCH BAG PINK POLKADOTS,17.254544185012836
12739.0,21212,PACK OF 72 RETRO SPOT CAKE CASES,15.633131643191426
12739.0,21212,PACK OF 72 RETROSPOT CAKE CASES,15.633131643191426
12739.0,21080,SET/20 RED SPOTTY PAPER NAPKINS ,14.342141440009115
12739.0,21080,SET/20 RED RETROSPOT PAPER NAPKINS ,14.342141440009115
12739.0,22382,LUNCHBAG SPACEBOY DESIGN ,14.23642884900974
12739.0,22382,LUNCH BAG SPACEBOY DESIGN ,14.23642884900974
12739.0,21977,PACK OF 60 PINK PAISLEY CAKE CASES,14.126791489223432
12739.0,20725,LUNCH BAG RED SPOTTY,14.009274704459063
12739.0,20725,LUNCH BAG RED RETROSPOT,14.009274704459063
12739.0,22556,PLASTERS IN TIN CIRCUS PARADE ,14.004027306786234
12739.0,22138,BAKING SET 9 PIECE RETROSPOT ,13.98851710117485
12739.0,22417,PACK OF 60 SPACEBOY CAKE CASES,13.62897836833028
12739.0,22961,JAM MAKING SET PRINTED,13.56038786719858
12739.0,22555,PLASTERS IN TIN STRONGMAN,13.540225329804075
12739.0,22555,PLASTERS IN TIN MR STRONG ,13.540225329804075
13523.0,22423,REGENCY CAKESTAND 3 TIER,34.8181050145356
13523.0,84991,60 TEATIME FAIRY CAKE CASES,33.63375358505532
13523.0,22720,SET OF 3 CAKE TINS PANTRY DESIGN ,33.01013276290839
13523.0,20725,LUNCH BAG RED SPOTTY,32.790739355457454
13523.0,20725,LUNCH BAG RED RETROSPOT,32.790739355457454
13523.0,22139,RETRO SPOT TEA SET CERAMIC 11 PC ,32.25272805396898
13523.0,22139,11 PC CERAMIC TEA SET POLKADOT,32.25272805396898
13523.0,22139,RETROSPOT TEA SET CERAMIC 11 PC ,32.25272805396898
13523.0,22382,LUNCHBAG SPACEBOY DESIGN ,32.185180292039895
13523.0,22382,LUNCH BAG SPACEBOY DESIGN ,32.185180292039895
13523.0,23298,SPOTTY BUNTING,32.13778575971261
13523.0,23298,"BUNTING , SPOTTY ",32.13778575971261
13523.0,84992,72 SWEETHEART FAIRY CAKE CASES,31.96458544851975
13523.0,85099B,JUMBO BAG RED WHITE SPOTTY ,31.953381663391507
13523.0,85099B,RED RETROSPOT JUMBO BAG ,31.953381663391507
13523.0,85099B,JUMBO BAG RED RETROSPOT,31.953381663391507
13523.0,22993,SET OF 4 PANTRY JELLY MOULDS,31.721637491017482
16645.0,72755C,FLOWER FAIRY OIL BURNER SET ROSE,2.197302697615422
16645.0,17109C,FLOWER FAIRY INCENSE ROSE,1.8617318813668162
16645.0,17109A,FLOWER FAIRY INCENSE LILY,1.7373139595763583
16645.0,84805B,BLUE CLIMBING HYDRANGA ART FLOWER,1.7296707719659183
16645.0,84933B,LARGE PINK PEONY FOLDING STOOL,1.6278323422408003
16645.0,72754A,FLOWER FAIRY POTPOURRI CUSHION LILY,1.6086331784166852
16645.0,72753B,S/3 FLWR FAIRY LAVENDER CANDLES,1.6014816558846483
16645.0,16202C,BEIGE PHOTO ALBUM,1.599864595208657
16645.0,84720,DOT MATRIX CANVAS ART PICTURE,1.5989645896942724
16645.0,17013C,ORIGAMI LAVENDER INCENSE IN TUBE,1.5889522086174621
17923.0,22090,PAPER BUNTING RETRO SPOTS,0.7470134112776707
17923.0,22090,PAPER BUNTING RETROSPOT,0.7470134112776707
17923.0,23298,SPOTTY BUNTING,0.6773538732051947
17923.0,23298,"BUNTING , SPOTTY ",0.6773538732051947
17923.0,47566B,TEA TIME PARTY BUNTING,0.599166786518079
17923.0,22088,PAPER BUNTING COLOURED LACE,0.5968018483993764
17923.0,22423,REGENCY CAKESTAND 3 TIER,0.5891269802424042
17923.0,21621,VINTAGE UNION JACK BUNTING,0.5610137626979137
17923.0,22083,PAPER CHAIN KIT RETRO SPOT,0.554542438535118
17923.0,22083,PAPER CHAIN KIT RETROSPOT,0.554542438535118
17923.0,85123A,WHITE HANGING HEART T-LIGHT HOLDER,0.5505545411123367
17923.0,85123A,CREAM HANGING HEART T-LIGHT HOLDER,0.5505545411123367
17923.0,21977,PACK OF 60 PINK PAISLEY CAKE CASES,0.5490660397894045
17923.0,22087,PAPER BUNTING WHITE LACE,0.5469696824710942
16100.0,85123A,WHITE HANGING HEART T-LIGHT HOLDER,7.306414613275995
16100.0,85123A,CREAM HANGING HEART T-LIGHT HOLDER,7.306414613275995
16100.0,84836,ZINC METAL HEART DECORATION,7.245611646113221
16100.0,22469,HEART OF WICKER SMALL,7.183842945901016
16100.0,22294,HEART FILIGREE DOVE  SMALL,6.890218968560699
16100.0,22577,WOODEN HEART CHRISTMAS SCANDINAVIAN,6.6864393243321265
16100.0,22577,WOODEN HEART CHRISTMAS SCANDISPOT,6.6864393243321265
16100.0,22470,HEART OF WICKER LARGE,6.662472501428498
16100.0,22297,HEART IVORY TRELLIS SMALL,6.516087484312185
16100.0,84970S,HANGING HEART ZINC T-LIGHT HOLDER,6.3320058170178255
16100.0,21733,RED HANGING HEART T-LIGHT HOLDER,6.327265336203292
16100.0,21390,FILIGRIS HEART WITH BUTTERFLY,6.325684151760452
17987.0,20727,LUNCH BAG  BLACK SKULL.,24.638603431194046
17987.0,22384,LUNCHBAG PINK RETROSPOT,24.105881618698735
17987.0,22384,LUNCH BAG PINK RETROSPOT,24.105881618698735
17987.0,22384,LUNCH BAG PINK POLKADOT,24.105881618698735
17987.0,22384,LUNCH BAG PINK POLKADOTS,24.105881618698735
17987.0,22383,LUNCHBAG SUKI  DESIGN ,23.69963178064309
17987.0,22383,LUNCH BAG SUKI  DESIGN ,23.69963178064309
17987.0,22383,LUNCH BAG SUKI DESIGN ,23.69963178064309
17987.0,21212,PACK OF 72 RETRO SPOT CAKE CASES,23.556181359150933
17987.0,21212,PACK OF 72 RETROSPOT CAKE CASES,23.556181359150933
17987.0,20728,LUNCH BAG CARS BLUE,23.41557023909443
17987.0,85099B,JUMBO BAG RED WHITE SPOTTY ,23.39516190519206
17987.0,85099B,RED RETROSPOT JUMBO BAG ,23.39516190519206
17987.0,85099B,JUMBO BAG RED RETROSPOT,23.39516190519206
17987.0,22147,FELTCRAFT BUTTERFLY HEARTS,22.983971271098262
17987.0,22086,PAPER CHAIN KIT 50'S CHRISTMAS ,22.86782658586679
17987.0,84992,72 SWEETHEART FAIRY CAKE CASES,22.512409289963333
17987.0,85123A,WHITE HANGING HEART T-LIGHT HOLDER,22.091434331655076
17987.0,85123A,CREAM HANGING HEART T-LIGHT HOLDER,22.091434331655076
17460.0,21080,SET/20 RED SPOTTY PAPER NAPKINS ,17.453567202625823
17460.0,21080,SET/20 RED RETROSPOT PAPER NAPKINS ,17.453567202625823
17460.0,85099B,JUMBO BAG RED WHITE SPOTTY ,17.33241579171618
17460.0,85099B,RED RETROSPOT JUMBO BAG ,17.33241579171618
17460.0,85099B,JUMBO BAG RED RETROSPOT,17.33241579171618
17460.0,20725,LUNCH BAG RED SPOTTY,17.312657951764272
17460.0,20725,LUNCH BAG RED RETROSPOT,17.312657951764272
17460.0,22469,HEART OF WICKER SMALL,17.29294765622633
17460.0,84992,72 SWEETHEART FAIRY CAKE CASES,16.985612689466244
17460.0,22470,HEART OF WICKER LARGE,16.759065194498934
17460.0,22384,LUNCHBAG PINK RETROSPOT,16.737431621576434
17460.0,22384,LUNCH BAG PINK RETROSPOT,16.737431621576434
17460.0,22384,LUNCH BAG PINK POLKADOT,16.737431621576434
17460.0,22384,LUNCH BAG PINK POLKADOTS,16.737431621576434
17460.0,22411,JUMBO SHOPPER VINTAGE RED PAISLEY,16.614192251442322
17460.0,22666,RECIPE BOX PANTRY YELLOW DESIGN,16.603667055083246
17460.0,21181,PLEASE ONE PERSON  METAL SIGN,16.566091400002456
17460.0,21181,PLEASE ONE PERSON METAL SIGN,16.566091400002456
14215.0,85123A,WHITE HANGING HEART T-LIGHT HOLDER,28.80704957778955
14215.0,85123A,CREAM HANGING HEART T-LIGHT HOLDER,28.80704957778955
14215.0,22384,LUNCHBAG PINK RETROSPOT,27.508998637109794
14215.0,22384,LUNCH BAG PINK RETROSPOT,27.508998637109794
14215.0,22384,LUNCH BAG PINK POLKADOT,27.508998637109794
14215.0,22384,LUNCH BAG PINK POLKADOTS,27.508998637109794
14215.0,21080,SET/20 RED SPOTTY PAPER NAPKINS ,27.40140509901343
14215.0,21080,SET/20 RED RETROSPOT PAPER NAPKINS ,27.40140509901343
14215.0,84991,60 TEATIME FAIRY CAKE CASES,27.33340363783244
14215.0,84992,72 SWEETHEART FAIRY CAKE CASES,27.16537045857593
14215.0,22469,HEART OF WICKER SMALL,27.05305595291833
14215.0,22382,LUNCHBAG SPACEBOY DESIGN ,26.994876342701208
14215.0,22382,LUNCH BAG SPACEBOY DESIGN ,26.994876342701208
14215.0,85099B,JUMBO BAG RED WHITE SPOTTY ,26.891955145375515
14215.0,85099B,RED RETROSPOT JUMBO BAG ,26.891955145375515
14215.0,85099B,JUMBO BAG RED RETROSPOT,26.891955145375515
14215.0,20727,LUNCH BAG  BLACK SKULL.,26.290209905348583
14215.0,21733,RED HANGING HEART T-LIGHT HOLDER,26.20747132544845
15265.0,21212,PACK OF 72 RETRO SPOT CAKE CASES,33.7449703838163
15265.0,21212,PACK OF 72 RETROSPOT CAKE CASES,33.7449703838163
15265.0,84991,60 TEATIME FAIRY CAKE CASES,32.36257553049414
15265.0,47566,PARTY BUNTING,32.186346468253696
15265.0,82482,WOODEN PICTURE FRAME WHITE FINISH,31.595862406541155
15265.0,20725,LUNCH BAG RED SPOTTY,31.591896302694128
15265.0,20725,LUNCH BAG RED RETROSPOT,31.591896302694128
15265.0,22470,HEART OF WICKER LARGE,31.359015802626313
15265.0,21080,SET/20 RED SPOTTY PAPER NAPKINS ,31.170923469316243
15265.0,21080,SET/20 RED RETROSPOT PAPER NAPKINS ,31.170923469316243
15265.0,85099B,JUMBO BAG RED WHITE SPOTTY ,30.976475166906553
15265.0,85099B,RED RETROSPOT JUMBO BAG ,30.976475166906553
15265.0,85099B,JUMBO BAG RED RETROSPOT,30.976475166906553
15265.0,22457,NATURAL SLATE HEART CHALKBOARD ,30.803559530184582
15265.0,21175,GIN + TONIC DIET METAL SIGN,30.73503146741184
15265.0,21175,GIN AND TONIC DIET METAL SIGN,30.73503146741184
18002.0,22147,FELTCRAFT BUTTERFLY HEARTS,8.156875754851221
18002.0,20725,LUNCH BAG RED SPOTTY,7.867077344780799
18002.0,20725,LUNCH BAG RED RETROSPOT,7.867077344780799
18002.0,21212,PACK OF 72 RETRO SPOT CAKE CASES,7.782677142306774
18002.0,21212,PACK OF 72 RETROSPOT CAKE CASES,7.782677142306774
18002.0,85049C,ROMANTIC PINKS RIBBONS ,7.732155456697291
18002.0,22382,LUNCHBAG SPACEBOY DESIGN ,7.634162902647428
18002.0,22382,LUNCH BAG SPACEBOY DESIGN ,7.634162902647428
18002.0,21080,SET/20 RED SPOTTY PAPER NAPKINS ,7.629201784401965
18002.0,21080,SET/20 RED RETROSPOT PAPER NAPKINS ,7.629201784401965
18002.0,20972,PINK CREAM FELT CRAFT TRINKET BOX ,7.481846712859596
18002.0,22384,LUNCHBAG PINK RETROSPOT,7.47342659781566
18002.0,22384,LUNCH BAG PINK RETROSPOT,7.47342659781566
18002.0,22384,LUNCH BAG PINK POLKADOT,7.47342659781566
18002.0,22384,LUNCH BAG PINK POLKADOTS,7.47342659781566
18002.0,84992,72 SWEETHEART FAIRY CAKE CASES,7.463947863816665
18002.0,85099B,JUMBO BAG RED WHITE SPOTTY ,7.449969301707379
18002.0,85099B,RED RETROSPOT JUMBO BAG ,7.449969301707379
18002.0,85099B,JUMBO BAG RED RETROSPOT,7.449969301707379
15124.0,85123A,WHITE HANGING HEART T-LIGHT HOLDER,6.210350729355748
15124.0,85123A,CREAM HANGING HEART T-LIGHT HOLDER,6.210350729355748
15124.0,21212,PACK OF 72 RETRO SPOT CAKE CASES,5.7927421215745465
15124.0,21212,PACK OF 72 RETROSPOT CAKE CASES,5.7927421215745465
15124.0,22469,HEART OF WICKER SMALL,5.760369294109801
15124.0,21754,HOME BUILDING BLOCK WORD,5.586305281774349
15124.0,22457,NATURAL SLATE HEART CHALKBOARD ,5.53886630737731
15124.0,22470,HEART OF WICKER LARGE,5.46906074731669
15124.0,21080,SET/20 RED SPOTTY PAPER NAPKINS ,5.46713617273455
15124.0,21080,SET/20 RED RETROSPOT PAPER NAPKINS ,5.46713617273455
15124.0,21733,RED HANGING HEART T-LIGHT HOLDER,5.4451472926751805
15124.0,21755,LOVE BUILDING BLOCK WORD,5.417730397926305
15124.0,22666,RECIPE BOX PANTRY YELLOW DESIGN,5.382726463765011
16605.0,15044D,RED PAPER PARASOL,0.25266349635234475
16605.0,15036,ASSORTED COLOURS SILK FAN,0.20921949797393366
16605.0,15044B,BLUE PAPER PARASOL ,0.1927009352667035
16605.0,21206,STRAWBERRY HONEYCOMB  GARLAND ,0.1835950686402135
16605.0,15044C,PURPLE PAPER PARASOL,0.1820930936000652
16605.0,21209,MULTICOLOUR HONEYCOMB FAN,0.18144756028600506
16605.0,15030,FAN BLACK FRAME ,0.18080492721836983
16605.0,15044A,PINK PAPER PARASOL ,0.1683451245853586
16605.0,21205,MULTICOLOUR 3D BALLS GARLAND,0.16830517083504262
16605.0,79321,CHILLI LIGHTS,0.1635789462299856
15372.0,84991,60 TEATIME FAIRY CAKE CASES,10.2692446322156
15372.0,20725,LUNCH BAG RED SPOTTY,10.047053032741665
15372.0,20725,LUNCH BAG RED RETROSPOT,10.047053032741665
15372.0,22382,LUNCHBAG SPACEBOY DESIGN ,9.902170101028648
15372.0,22382,LUNCH BAG SPACEBOY DESIGN ,9.902170101028648
15372.0,84992,72 SWEETHEART FAIRY CAKE CASES,9.85302956850157
15372.0,22384,LUNCHBAG PINK RETROSPOT,9.582109607965176
15372.0,22384,LUNCH BAG PINK RETROSPOT,9.582109607965176
15372.0,22384,LUNCH BAG PINK POLKADOT,9.582109607965176
15372.0,22384,LUNCH BAG PINK POLKADOTS,9.582109607965176
15372.0,20728,LUNCH BAG CARS BLUE,9.472972202176553
15372.0,85099B,JUMBO BAG RED WHITE SPOTTY ,9.396946641038568
15372.0,85099B,RED RETROSPOT JUMBO BAG ,9.396946641038568
15372.0,85099B,JUMBO BAG RED RETROSPOT,9.396946641038568
15372.0,23207,LUNCH BAG ALPHABET DESIGN,9.366407491918165
15372.0,22417,PACK OF 60 SPACEBOY CAKE CASES,9.36010550917472
15372.0,21080,SET/20 RED SPOTTY PAPER NAPKINS ,9.332736725583482
15372.0,21080,SET/20 RED RETROSPOT PAPER NAPKINS ,9.332736725583482
12513.0,20725,LUNCH BAG RED SPOTTY,10.543726690907832
12513.0,20725,LUNCH BAG RED RETROSPOT,10.543726690907832
12513.0,22382,LUNCHBAG SPACEBOY DESIGN ,10.41512122768135
12513.0,22382,LUNCH BAG SPACEBOY DESIGN ,10.41512122768135
12513.0,20728,LUNCH BAG CARS BLUE,9.938782696129522
12513.0,21212,PACK OF 72 RETRO SPOT CAKE CASES,9.844684269249472
12513.0,21212,PACK OF 72 RETROSPOT CAKE CASES,9.844684269249472
12513.0,85099B,JUMBO BAG RED WHITE SPOTTY ,9.124239622093109
12513.0,85099B,RED RETROSPOT JUMBO BAG ,9.124239622093109
12513.0,85099B,JUMBO BAG RED RETROSPOT,9.124239622093109
12513.0,20724,RED SPOTTY CHARLOTTE BAG,8.889456046234265
12513.0,20724,RED RETROSPOT CHARLOTTE BAG,8.889456046234265
12513.0,22417,PACK OF 60 SPACEBOY CAKE CASES,8.781324908580828
12513.0,23206,LUNCH BAG APPLE DESIGN,8.765844848009259
12513.0,22551,PLASTERS IN TIN SPACEBOY,8.737809721764838
12513.0,22386,JUMBO BAG PINK WITH WHITE SPOTS,8.711024358558348
12513.0,22386,JUMBO BAG PINK POLKADOT,8.711024358558348
18236.0,21212,PACK OF 72 RETRO SPOT CAKE CASES,16.839143389645606
18236.0,21212,PACK OF 72 RETROSPOT CAKE CASES,16.839143389645606
18236.0,20725,LUNCH BAG RED SPOTTY,15.832705970829885
18236.0,20725,LUNCH BAG RED RETROSPOT,15.832705970829885
18236.0,22720,SET OF 3 CAKE TINS PANTRY DESIGN ,15.804228023783168
18236.0,21485,RED SPOT HEART HOT WATER BOTTLE,15.700662507503147
18236.0,21485,RETROSPOT HEART HOT WATER BOTTLE,15.700662507503147
18236.0,85099B,JUMBO BAG RED WHITE SPOTTY ,15.655450411556778
18236.0,85099B,RED RETROSPOT JUMBO BAG ,15.655450411556778
18236.0,85099B,JUMBO BAG RED RETROSPOT,15.655450411556778
18236.0,22086,PAPER CHAIN KIT 50'S CHRISTMAS ,15.650160949358217
18236.0,47566,PARTY BUNTING,15.625644342195837
18236.0,22666,RECIPE BOX PANTRY YELLOW DESIGN,15.596719861681088
18236.0,22111,SCOTTIE DOG HOT WATER BOTTLE,15.304367827443409
18236.0,20685,RED SPOTTY COIR DOORMAT,15.29487364375028
18236.0,20685,DOOR MAT RED SPOT,15.29487364375028
18236.0,20685,DOORMAT RED SPOT,15.29487364375028
18236.0,20685,DOORMAT RED RETROSPOT,15.29487364375028
16255.0,85123A,WHITE HANGING HEART T-LIGHT HOLDER,44.25051590728451
16255.0,85123A,CREAM HANGING HEART T-LIGHT HOLDER,44.25051590728451
16255.0,20725,LUNCH BAG RED SPOTTY,43.00250143417167
16255.0,20725,LUNCH BAG RED RETROSPOT,43.00250143417167
16255.0,22423,REGENCY CAKESTAND 3 TIER,41.936446323221844
16255.0,22384,LUNCHBAG PINK RETROSPOT,41.71230255995258
16255.0,22384,LUNCH BAG PINK RETROSPOT,41.71230255995258
16255.0,22384,LUNCH BAG PINK POLKADOT,41.71230255995258
16255.0,22384,LUNCH BAG PINK POLKADOTS,41.71230255995258
16255.0,85099B,JUMBO BAG RED WHITE SPOTTY ,41.09814726698435
16255.0,85099B,RED RETROSPOT JUMBO BAG ,41.09814726698435
16255.0,85099B,JUMBO BAG RED RETROSPOT,41.09814726698435
16255.0,22382,LUNCHBAG SPACEBOY DESIGN ,40.855909301426536
16255.0,22382,LUNCH BAG SPACEBOY DESIGN ,40.855909301426536
16255.0,22469,HEART OF WICKER SMALL,40.791247454684644
16255.0,20728,LUNCH BAG CARS BLUE,40.01108194613994
16255.0,20727,LUNCH BAG  BLACK SKULL.,39.80850953549808
16255.0,21733,RED HANGING HEART T-LIGHT HOLDER,39.38326201161339
12654.0,22551,PLASTERS IN TIN SPACEBOY,7.81400372334909
12654.0,22382,LUNCHBAG SPACEBOY DESIGN ,7.55087069212494
12654.0,22382,LUNCH BAG SPACEBOY DESIGN ,7.55087069212494
12654.0,22328,"ROUND SNACK BOXES ,SET 4, FRUITS ",7.484737843896713
12654.0,22328,ROUND SNACK BOXES SET OF 4 FRUITS ,7.484737843896713
12654.0,20726,LUNCH BAG WOODLAND,7.357087847967006
12654.0,20725,LUNCH BAG RED SPOTTY,7.279318504433246
12654.0,20725,LUNCH BAG RED RETROSPOT,7.279318504433246
12654.0,22630,DOLLY GIRL LUNCH BOX,7.177128256415004
12654.0,21212,PACK OF 72 RETRO SPOT CAKE CASES,7.172540515673466
12654.0,21212,PACK OF 72 RETROSPOT CAKE CASES,7.172540515673466
12654.0,20728,LUNCH BAG CARS BLUE,6.992508475748419
12654.0,22367,CHILDS APRON SPACEBOY DESIGN,6.979637554953365
12654.0,22367,CHILDRENS APRON SPACEBOY DESIGN,6.979637554953365
12654.0,22384,LUNCHBAG PINK RETROSPOT,6.969576692214209
12654.0,22384,LUNCH BAG PINK RETROSPOT,6.969576692214209
12654.0,22384,LUNCH BAG PINK POLKADOT,6.969576692214209
12654.0,22384,LUNCH BAG PINK POLKADOTS,6.969576692214209
13567.0,20727,LUNCH BAG  BLACK SKULL.,37.602994395454765
13567.0,20726,LUNCH BAG WOODLAND,36.55017015145937
13567.0,21080,SET/20 RED SPOTTY PAPER NAPKINS ,35.21442254963678
13567.0,21080,SET/20 RED RETROSPOT PAPER NAPKINS ,35.21442254963678
13567.0,84992,72 SWEETHEART FAIRY CAKE CASES,34.81671350745286
13567.0,22551,PLASTERS IN TIN SPACEBOY,33.98648440529414
13567.0,22662,LUNCH BAG DOLLY GIRL DESIGN,33.843384907706344
13567.0,21931,JUMBO STORAGE BAG SUKI,33.55260929263467
13567.0,23209,LUNCH BAG DOILEY PATTERN ,33.24583023925842
13567.0,23209,LUNCH BAG VINTAGE DOILY ,33.24583023925842
13567.0,23209,LUNCH BAG VINTAGE DOILEY ,33.24583023925842
13567.0,23207,LUNCH BAG ALPHABET DESIGN,33.154880178464424
13567.0,85099F,JUMBO BAG STRAWBERRY,32.71775679453043
16135.0,21212,PACK OF 72 RETRO SPOT CAKE CASES,8.254705246386433
16135.0,21212,PACK OF 72 RETROSPOT CAKE CASES,8.254705246386433
16135.0,85123A,WHITE HANGING HEART T-LIGHT HOLDER,7.787254843582801
16135.0,85123A,CREAM HANGING HEART T-LIGHT HOLDER,7.787254843582801
16135.0,84992,72 SWEETHEART FAIRY CAKE CASES,7.612549141263428
16135.0,21080,SET/20 RED SPOTTY PAPER NAPKINS ,7.1716342210207715
16135.0,21080,SET/20 RED RETROSPOT PAPER NAPKINS ,7.1716342210207715
16135.0,22666,RECIPE BOX PANTRY YELLOW DESIGN,7.128535579881569
16135.0,21175,GIN + TONIC DIET METAL SIGN,7.070855601796898
16135.0,21175,GIN AND TONIC DIET METAL SIGN,7.070855601796898
16135.0,21210,SET OF 72 RETRO SPOT PAPER  DOILIES,6.90992879881686
16135.0,21210,SET OF 72 RETROSPOT PAPER  DOILIES,6.90992879881686
16135.0,47566,PARTY BUNTING,6.893542965992705
16135.0,22720,SET OF 3 CAKE TINS PANTRY DESIGN ,6.872835591500854
16135.0,21166,COOK WITH WINE METAL SIGN ,6.797172582574495
14240.0,22469,HEART OF WICKER SMALL,9.536297356375963
14240.0,22865,HAND WARMER OWL DESIGN,9.366997264652861
14240.0,22423,REGENCY CAKESTAND 3 TIER,9.35440616935704
14240.0,21212,PACK OF 72 RETRO SPOT CAKE CASES,9.309464351769442
14240.0,21212,PACK OF 72 RETROSPOT CAKE CASES,9.309464351769442
14240.0,21485,RED SPOT HEART HOT WATER BOTTLE,9.14929293472636
14240.0,21485,RETROSPOT HEART HOT WATER BOTTLE,9.14929293472636
14240.0,22086,PAPER CHAIN KIT 50'S CHRISTMAS ,9.035865383003785
14240.0,22470,HEART OF WICKER LARGE,8.941083507273275
14240.0,22457,NATURAL SLATE HEART CHALKBOARD ,8.913287777202362
14240.0,22111,SCOTTIE DOG HOT WATER BOTTLE,8.897693979347089
14240.0,84879,ASSORTED COLOUR BIRD ORNAMENT,8.806487054774134
13227.0,85099B,JUMBO BAG RED WHITE SPOTTY ,3.4720161538411887
13227.0,85099B,RED RETROSPOT JUMBO BAG ,3.4720161538411887
13227.0,85099B,JUMBO BAG RED RETROSPOT,3.4720161538411887
13227.0,22385,JUMBO BAG SPACEBOY DESIGN,3.2493777827433514
13227.0,85099F,JUMBO BAG STRAWBERRY,3.141046972648431
13227.0,21931,JUMBO STORAGE BAG SUKI,3.129094629141274
13227.0,22411,JUMBO SHOPPER VINTAGE RED PAISLEY,3.103939035725992
13227.0,23203,JUMBO BAG DOILEY PATTERNS,3.0797713264898383
13227.0,23203,JUMBO BAG VINTAGE DOILEY ,3.0797713264898383
13227.0,23203,JUMBO BAG VINTAGE DOILY ,3.0797713264898383
13227.0,21929,JUMBO BAG PINK VINTAGE PAISLEY,3.0755961481614538
13227.0,23199,JUMBO BAG APPLES,3.0748578007372753
13227.0,21930,JUMBO STORAGE BAG SKULLS,2.9150485637903607
13227.0,22384,LUNCHBAG PINK RETROSPOT,2.910849418846032
13227.0,22384,LUNCH BAG PINK RETROSPOT,2.910849418846032
13227.0,22384,LUNCH BAG PINK POLKADOT,2.910849418846032
13227.0,22384,LUNCH BAG PINK POLKADOTS,2.910849418846032
13393.0,85123A,WHITE HANGING HEART T-LIGHT HOLDER,8.278757460838108
13393.0,85123A,CREAM HANGING HEART T-LIGHT HOLDER,8.278757460838108
13393.0,20685,RED SPOTTY COIR DOORMAT,8.092196727056065
13393.0,20685,DOOR MAT RED SPOT,8.092196727056065
13393.0,20685,DOORMAT RED SPOT,8.092196727056065
13393.0,20685,DOORMAT RED RETROSPOT,8.092196727056065
13393.0,22423,REGENCY CAKESTAND 3 TIER,7.737477252357543
13393.0,21524,SPOTTY  HOME SWEET HOME DOORMAT,7.700868220142178
13393.0,21524,DOOR MAT SPOTTY HOME SWEET HOME,7.700868220142178
13393.0,21524,DOORMAT SPOTTY HOME SWEET HOME,7.700868220142178
13393.0,21485,RED SPOT HEART HOT WATER BOTTLE,7.624323834831645
13393.0,21485,RETROSPOT HEART HOT WATER BOTTLE,7.624323834831645
13393.0,21733,RED HANGING HEART T-LIGHT HOLDER,7.617933778476628
13393.0,84991,60 TEATIME FAIRY CAKE CASES,7.601328007671981
13393.0,84992,72 SWEETHEART FAIRY CAKE CASES,7.503329502976625
13393.0,21212,PACK OF 72 RETRO SPOT CAKE CASES,7.469102683756865
13393.0,21212,PACK OF 72 RETROSPOT CAKE CASES,7.469102683756865
13393.0,22666,RECIPE BOX PANTRY YELLOW DESIGN,7.43172272779038
16005.0,21212,PACK OF 72 RETRO SPOT CAKE CASES,60.12699967006735
16005.0,21212,PACK OF 72 RETROSPOT CAKE CASES,60.12699967006735
16005.0,84992,72 SWEETHEART FAIRY CAKE CASES,56.28638786834487
16005.0,22411,JUMBO SHOPPER VINTAGE RED PAISLEY,55.246224955712414
16005.0,21977,PACK OF 60 PINK PAISLEY CAKE CASES,53.48016081898128
16005.0,22423,REGENCY CAKESTAND 3 TIER,53.10444962390567
16005.0,23207,LUNCH BAG ALPHABET DESIGN,52.910637077055966
16005.0,22556,PLASTERS IN TIN CIRCUS PARADE ,52.631342062942714
16005.0,21931,JUMBO STORAGE BAG SUKI,52.47505874824566
16005.0,22386,JUMBO BAG PINK WITH WHITE SPOTS,52.44054492751126
16005.0,22386,JUMBO BAG PINK POLKADOT,52.44054492751126
16005.0,22910,PAPER CHAIN KIT VINTAGE CHRISTMAS,52.254643302480474
16703.0,90020,FILIGREE DIAMANTE CHAIN,0.3015113445777636
16703.0,90169,DAISY HAIR COMB,0.24618298195866548
16703.0,90141D,ROSE PENDANT TRIPLE SHELL NECKLACE,0.21320071635561041
16703.0,90076,MONTANA DIAMOND CLUSTER EARRINGS,0.21320071635561041
16703.0,20683,RAIN GIRL CHILDS UMBRELLA,0.21320071635561041
16703.0,20791,BLUE TILED SET OF 3 DRAWERS,0.21320071635561041
16703.0,21053,ZINC HEART HANGER WITH HOOKS,0.21320071635561041
16703.0,20678,LARGE BLACK DIAMANTE HAIRSLIDE,0.21320071635561041
16703.0,90202D,PINK ENAMEL FLOWER HAIR TIE,0.19069251784911845
16703.0,85089,CANDY SPOT BUNNY,0.16514456476895406
17547.0,22271,FELTCRAFT DOLL ROSIE,5.644595400856582
17547.0,22147,FELTCRAFT BUTTERFLY HEARTS,5.340708125908323
17547.0,22149,FELTCRAFT 6 FLOWER FRIENDS,5.172328934813145
17547.0,20971,PINK BLUE FELT CRAFT TRINKET BOX,5.105413534148391
17547.0,20972,PINK CREAM FELT CRAFT TRINKET BOX ,5.087925969158574
17547.0,22749,FELTCRAFT PRINCESS CHARLOTTE DOLL,4.955388929973324
17547.0,22750,FELTCRAFT PRINCESS LOLA DOLL,4.897002685120564
17547.0,22150, 3 STRIPEY MICE FELTCRAFT,4.878253768395273
17547.0,22150,3 STRIPEY MICE FELTCRAFT,4.878253768395273
17547.0,22940,FELTCRAFT CHRISTMAS FAIRY,4.707006507952186
17547.0,22751,FELTCRAFT PRINCESS OLIVIA DOLL,4.591599934808648
15109.0,85123A,WHITE HANGING HEART T-LIGHT HOLDER,9.693903527046288
15109.0,85123A,CREAM HANGING HEART T-LIGHT HOLDER,9.693903527046288
15109.0,21212,PACK OF 72 RETRO SPOT CAKE CASES,8.908748920616786
15109.0,21212,PACK OF 72 RETROSPOT CAKE CASES,8.908748920616786
15109.0,21175,GIN + TONIC DIET METAL SIGN,8.758433640302869
15109.0,21175,GIN AND TONIC DIET METAL SIGN,8.758433640302869
15109.0,21754,HOME BUILDING BLOCK WORD,8.637726061432957
15109.0,21181,PLEASE ONE PERSON  METAL SIGN,8.600856307679116
15109.0,21181,PLEASE ONE PERSON METAL SIGN,8.600856307679116
15109.0,20725,LUNCH BAG RED SPOTTY,8.530943352068295
15109.0,20725,LUNCH BAG RED RETROSPOT,8.530943352068295
15109.0,21755,LOVE BUILDING BLOCK WORD,8.519690236098459
15109.0,22469,HEART OF WICKER SMALL,8.507554702805692
15109.0,21080,SET/20 RED SPOTTY PAPER NAPKINS ,8.478806963772898
15109.0,21080,SET/20 RED RETROSPOT PAPER NAPKINS ,8.478806963772898
15109.0,21166,COOK WITH WINE METAL SIGN ,8.449815671303453
12609.0,21212,PACK OF 72 RETRO SPOT CAKE CASES,25.09687701014401
12609.0,21212,PACK OF 72 RETROSPOT CAKE CASES,25.09687701014401
12609.0,20725,LUNCH BAG RED SPOTTY,24.906722252372113
12609.0,20725,LUNCH BAG RED RETROSPOT,24.906722252372113
12609.0,22383,LUNCHBAG SUKI  DESIGN ,23.072253629856974
12609.0,22383,LUNCH BAG SUKI  DESIGN ,23.072253629856974
12609.0,22383,LUNCH BAG SUKI DESIGN ,23.072253629856974
12609.0,22384,LUNCHBAG PINK RETROSPOT,23.054918364159548
12609.0,22384,LUNCH BAG PINK RETROSPOT,23.054918364159548
12609.0,22384,LUNCH BAG PINK POLKADOT,23.054918364159548
12609.0,22384,LUNCH BAG PINK POLKADOTS,23.054918364159548
12609.0,85099B,JUMBO BAG RED WHITE SPOTTY ,22.82884092245234
12609.0,85099B,RED RETROSPOT JUMBO BAG ,22.82884092245234
12609.0,85099B,JUMBO BAG RED RETROSPOT,22.82884092245234
12609.0,22662,LUNCH BAG DOLLY GIRL DESIGN,22.8075359435008
12609.0,22556,PLASTERS IN TIN CIRCUS PARADE ,22.70232886595789
12609.0,20727,LUNCH BAG  BLACK SKULL.,22.48518066046972
12609.0,21080,SET/20 RED SPOTTY PAPER NAPKINS ,22.347977497512773
12609.0,21080,SET/20 RED RETROSPOT PAPER NAPKINS ,22.347977497512773
12609.0,23206,LUNCH BAG APPLE DESIGN,22.305396991038602
17434.0,85123A,WHITE HANGING HEART T-LIGHT HOLDER,19.824171053860873
17434.0,85123A,CREAM HANGING HEART T-LIGHT HOLDER,19.824171053860873
17434.0,22469,HEART OF WICKER SMALL,18.801154132454645
17434.0,21212,PACK OF 72 RETRO SPOT CAKE CASES,18.223959096766777
17434.0,21212,PACK OF 72 RETROSPOT CAKE CASES,18.223959096766777
17434.0,22470,HEART OF WICKER LARGE,17.974061165638812
17434.0,22666,RECIPE BOX PANTRY YELLOW DESIGN,17.734917786364786
17434.0,84991,60 TEATIME FAIRY CAKE CASES,17.647827890108683
17434.0,21733,RED HANGING HEART T-LIGHT HOLDER,17.56398808961469
17434.0,22457,NATURAL SLATE HEART CHALKBOARD ,17.404097563986998
17434.0,22865,HAND WARMER OWL DESIGN,17.358909971865813
17434.0,20725,LUNCH BAG RED SPOTTY,17.223924666988506
17434.0,20725,LUNCH BAG RED RETROSPOT,17.223924666988506
17803.0,85049E,SCANDINAVIAN REDS RIBBONS,6.28529572245729
17803.0,85099B,JUMBO BAG RED WHITE SPOTTY ,6.051834957879238
17803.0,85099B,RED RETROSPOT JUMBO BAG ,6.051834957879238
17803.0,85099B,JUMBO BAG RED RETROSPOT,6.051834957879238
17803.0,22865,HAND WARMER OWL DESIGN,5.984652961397098
17803.0,85123A,WHITE HANGING HEART T-LIGHT HOLDER,5.915420273198601
17803.0,85123A,CREAM HANGING HEART T-LIGHT HOLDER,5.915420273198601
17803.0,22866,HAND WARMER SCOTTY DOG DESIGN,5.842997872798873
17803.0,22113,GREY HEART HOT WATER BOTTLE,5.818228048089324
17803.0,85049G,CHOCOLATE BOX RIBBONS ,5.798896344124678
17803.0,21212,PACK OF 72 RETRO SPOT CAKE CASES,5.795096904845662
17803.0,21212,PACK OF 72 RETROSPOT CAKE CASES,5.795096904845662
17803.0,20725,LUNCH BAG RED SPOTTY,5.745486053312357
17803.0,20725,LUNCH BAG RED RETROSPOT,5.745486053312357
17803.0,22910,PAPER CHAIN KIT VINTAGE CHRISTMAS,5.712453699776673
16680.0,20728,LUNCH BAG CARS BLUE,6.082505273057908
16680.0,20726,LUNCH BAG WOODLAND,6.061877562582276
16680.0,22383,LUNCHBAG SUKI  DESIGN ,6.0168080142161635
16680.0,22383,LUNCH BAG SUKI  DESIGN ,6.0168080142161635
16680.0,22383,LUNCH BAG SUKI DESIGN ,6.0168080142161635
16680.0,20727,LUNCH BAG  BLACK SKULL.,5.997470481220483
16680.0,22662,LUNCH BAG DOLLY GIRL DESIGN,5.751011107207917
16680.0,85099B,JUMBO BAG RED WHITE SPOTTY ,5.691012269511382
16680.0,85099B,RED RETROSPOT JUMBO BAG ,5.691012269511382
16680.0,85099B,JUMBO BAG RED RETROSPOT,5.691012269511382
16680.0,23209,LUNCH BAG DOILEY PATTERN ,5.53242482508994
16680.0,23209,LUNCH BAG VINTAGE DOILY ,5.53242482508994
16680.0,23209,LUNCH BAG VINTAGE DOILEY ,5.53242482508994
16680.0,23206,LUNCH BAG APPLE DESIGN,5.407773901897745
16680.0,22385,JUMBO BAG SPACEBOY DESIGN,5.296172453236503
16680.0,22551,PLASTERS IN TIN SPACEBOY,5.293555218830258
18261.0,22149,FELTCRAFT 6 FLOWER FRIENDS,6.0701153682648155
18261.0,22750,FELTCRAFT PRINCESS LOLA DOLL,6.057079021466573
18261.0,22749,FELTCRAFT PRINCESS CHARLOTTE DOLL,6.023474294529635
18261.0,22271,FELTCRAFT DOLL ROSIE,6.018055122450203
18261.0,20972,PINK CREAM FELT CRAFT TRINKET BOX ,5.927296538715966
18261.0,22273,FELTCRAFT DOLL MOLLY,5.906650172932468
18261.0,22150, 3 STRIPEY MICE FELTCRAFT,5.896151470532441
18261.0,22150,3 STRIPEY MICE FELTCRAFT,5.896151470532441
18261.0,22141,CHRISTMAS CRAFT TREE TOP ANGEL,5.291598163575228
18261.0,20969,RED FLORAL FELTCRAFT SHOULDER BAG,5.1646599595499785
18261.0,22586,FELTCRAFT HAIRBAND PINK AND BLUE,4.9657883748317335
13666.0,21212,PACK OF 72 RETRO SPOT CAKE CASES,4.260431570017013
13666.0,21212,PACK OF 72 RETROSPOT CAKE CASES,4.260431570017013
13666.0,22746,POPPY'S PLAYHOUSE LIVINGROOM ,4.148382906497645
13666.0,22086,PAPER CHAIN KIT 50'S CHRISTMAS ,4.095956243934451
13666.0,22910,PAPER CHAIN KIT VINTAGE CHRISTMAS,4.076379382306373
13666.0,22423,REGENCY CAKESTAND 3 TIER,4.064431932746553
13666.0,21080,SET/20 RED SPOTTY PAPER NAPKINS ,3.8459149859099995
13666.0,21080,SET/20 RED RETROSPOT PAPER NAPKINS ,3.8459149859099995
13666.0,20725,LUNCH BAG RED SPOTTY,3.824642335702042
13666.0,20725,LUNCH BAG RED RETROSPOT,3.824642335702042
13666.0,22747,POPPY'S PLAYHOUSE BATHROOM,3.805308648929618
13666.0,22083,PAPER CHAIN KIT RETRO SPOT,3.7980088320008476
13666.0,22083,PAPER CHAIN KIT RETROSPOT,3.7980088320008476
13666.0,22382,LUNCHBAG SPACEBOY DESIGN ,3.7783502994628537
13666.0,22382,LUNCH BAG SPACEBOY DESIGN ,3.7783502994628537
14431.0,21212,PACK OF 72 RETRO SPOT CAKE CASES,15.818190781379629
14431.0,21212,PACK OF 72 RETROSPOT CAKE CASES,15.818190781379629
14431.0,20725,LUNCH BAG RED SPOTTY,15.236852025620399
14431.0,20725,LUNCH BAG RED RETROSPOT,15.236852025620399
14431.0,21080,SET/20 RED SPOTTY PAPER NAPKINS ,15.012068952853413
14431.0,21080,SET/20 RED RETROSPOT PAPER NAPKINS ,15.012068952853413
14431.0,84991,60 TEATIME FAIRY CAKE CASES,14.727193767803572
14431.0,85099B,JUMBO BAG RED WHITE SPOTTY ,14.599707023549762
14431.0,85099B,RED RETROSPOT JUMBO BAG ,14.599707023549762
14431.0,85099B,JUMBO BAG RED RETROSPOT,14.599707023549762
14431.0,22384,LUNCHBAG PINK RETROSPOT,14.589185533994174
14431.0,22384,LUNCH BAG PINK RETROSPOT,14.589185533994174
14431.0,22384,LUNCH BAG PINK POLKADOT,14.589185533994174
14431.0,22384,LUNCH BAG PINK POLKADOTS,14.589185533994174
14431.0,22382,LUNCHBAG SPACEBOY DESIGN ,14.549140161131803
14431.0,22382,LUNCH BAG SPACEBOY DESIGN ,14.549140161131803
14431.0,22469,HEART OF WICKER SMALL,14.288555202514834
14431.0,47566,PARTY BUNTING,14.276024862391601
14431.0,22086,PAPER CHAIN KIT 50'S CHRISTMAS ,14.254324953234875
17618.0,20725,LUNCH BAG RED SPOTTY,38.687797277059225
17618.0,20725,LUNCH BAG RED RETROSPOT,38.687797277059225
17618.0,21080,SET/20 RED SPOTTY PAPER NAPKINS ,37.90067823150268
17618.0,21080,SET/20 RED RETROSPOT PAPER NAPKINS ,37.90067823150268
17618.0,84992,72 SWEETHEART FAIRY CAKE CASES,37.82535422148955
17618.0,22384,LUNCHBAG PINK RETROSPOT,37.42007533320986
17618.0,22384,LUNCH BAG PINK RETROSPOT,37.42007533320986
17618.0,22384,LUNCH BAG PINK POLKADOT,37.42007533320986
17618.0,22384,LUNCH BAG PINK POLKADOTS,37.42007533320986
17618.0,85099B,JUMBO BAG RED WHITE SPOTTY ,36.89918296603731
17618.0,85099B,RED RETROSPOT JUMBO BAG ,36.89918296603731
17618.0,85099B,JUMBO BAG RED RETROSPOT,36.89918296603731
17618.0,20727,LUNCH BAG  BLACK SKULL.,36.70389015972527
17618.0,22382,LUNCHBAG SPACEBOY DESIGN ,36.56180092771382
17618.0,22382,LUNCH BAG SPACEBOY DESIGN ,36.56180092771382
17618.0,22469,HEART OF WICKER SMALL,36.370535149867315
17618.0,20728,LUNCH BAG CARS BLUE,36.2721053753255
17618.0,22423,REGENCY CAKESTAND 3 TIER,36.14781134420123
17600.0,22112,CHOCOLATE HOT WATER BOTTLE,2.3444623634933617
17600.0,84596G,SMALL CHOCOLATES PINK BOWL,2.3254827477789237
17600.0,22114,HOT WATER BOTTLE TEA AND SYMPATHY,2.2906816270761072
17600.0,22111,SCOTTIE DOG HOT WATER BOTTLE,2.2623835759824913
17600.0,22865,HAND WARMER OWL DESIGN,2.2399257130860475
17600.0,22384,LUNCHBAG PINK RETROSPOT,2.2299683348387833
17600.0,22384,LUNCH BAG PINK RETROSPOT,2.2299683348387833
17600.0,22384,LUNCH BAG PINK POLKADOT,2.2299683348387833
17600.0,22384,LUNCH BAG PINK POLKADOTS,2.2299683348387833
17600.0,85099B,JUMBO BAG RED WHITE SPOTTY ,2.224959020507396
17600.0,85099B,RED RETROSPOT JUMBO BAG ,2.224959020507396
17600.0,85099B,JUMBO BAG RED RETROSPOT,2.224959020507396
17600.0,21485,RED SPOT HEART HOT WATER BOTTLE,2.1981289413024703
17600.0,21485,RETROSPOT HEART HOT WATER BOTTLE,2.1981289413024703
17600.0,21212,PACK OF 72 RETRO SPOT CAKE CASES,2.1893470094118443
17600.0,21212,PACK OF 72 RETROSPOT CAKE CASES,2.1893470094118443
17600.0,84991,60 TEATIME FAIRY CAKE CASES,2.1720793238124014
16055.0,85123A,WHITE HANGING HEART T-LIGHT HOLDER,2.008877697464898
16055.0,85123A,CREAM HANGING HEART T-LIGHT HOLDER,2.008877697464898
16055.0,22469,HEART OF WICKER SMALL,1.873920395003811
16055.0,22470,HEART OF WICKER LARGE,1.834439510164652
16055.0,48138,DOOR MAT UNION FLAG,1.8277819240505704
16055.0,48138,DOORMAT UNION FLAG,1.8277819240505704
16055.0,22423,REGENCY CAKESTAND 3 TIER,1.8256452722316214
16055.0,21755,LOVE BUILDING BLOCK WORD,1.7739840242300597
16055.0,21621,VINTAGE UNION JACK BUNTING,1.7345211681328234
16055.0,21733,RED HANGING HEART T-LIGHT HOLDER,1.7304596823352976
16055.0,21754,HOME BUILDING BLOCK WORD,1.702384655643942
16055.0,23298,SPOTTY BUNTING,1.6923756489914688
16055.0,23298,"BUNTING , SPOTTY ",1.6923756489914688
13029.0,22382,LUNCHBAG SPACEBOY DESIGN ,4.850464000435222
13029.0,22382,LUNCH BAG SPACEBOY DESIGN ,4.850464000435222
13029.0,22383,LUNCHBAG SUKI  DESIGN ,4.617700284210095
13029.0,22383,LUNCH BAG SUKI  DESIGN ,4.617700284210095
13029.0,22383,LUNCH BAG SUKI DESIGN ,4.617700284210095
13029.0,20726,LUNCH BAG WOODLAND,4.544060829125641
13029.0,23206,LUNCH BAG APPLE DESIGN,4.151779220708244
13029.0,85099B,JUMBO BAG RED WHITE SPOTTY ,4.111559231175633
13029.0,85099B,RED RETROSPOT JUMBO BAG ,4.111559231175633
13029.0,85099B,JUMBO BAG RED RETROSPOT,4.111559231175633
13029.0,23209,LUNCH BAG DOILEY PATTERN ,3.9874806987908267
13029.0,23209,LUNCH BAG VINTAGE DOILY ,3.9874806987908267
13029.0,23209,LUNCH BAG VINTAGE DOILEY ,3.9874806987908267
13029.0,22662,LUNCH BAG DOLLY GIRL DESIGN,3.963239758892885
13029.0,23207,LUNCH BAG ALPHABET DESIGN,3.949835461700963
13029.0,22386,JUMBO BAG PINK WITH WHITE SPOTS,3.8919442662393715
13029.0,22386,JUMBO BAG PINK POLKADOT,3.8919442662393715
13029.0,22385,JUMBO BAG SPACEBOY DESIGN,3.8478005557625687
18000.0,20961,STRAWBERRY BATH SPONGE ,1.092292664004834
18000.0,21985,PACK OF 12 HEARTS DESIGN TISSUES ,1.0045636595988128
18000.0,21980,PACK OF 12 RED SPOTTY TISSUES ,0.8908842661495386
18000.0,21980,PACK OF 12 RED RETROSPOT TISSUES ,0.8908842661495386
18000.0,21982,PACK OF 12 SUKI TISSUES ,0.8702171725266871
18000.0,84992,72 SWEETHEART FAIRY CAKE CASES,0.8328768694302827
18000.0,21212,PACK OF 72 RETRO SPOT CAKE CASES,0.8280919850260863
18000.0,21212,PACK OF 72 RETROSPOT CAKE CASES,0.8280919850260863
18000.0,21080,SET/20 RED SPOTTY PAPER NAPKINS ,0.8212716692770184
18000.0,21080,SET/20 RED RETROSPOT PAPER NAPKINS ,0.8212716692770184
18000.0,20966,SANDWICH BATH SPONGE,0.8189588536262452
18000.0,84991,60 TEATIME FAIRY CAKE CASES,0.8175093249000884
18000.0,17165D,ASS COL LARGE SAND FROG P'WEIGHT,0.8125842994196425
12600.0,20725,LUNCH BAG RED SPOTTY,10.204438517806715
12600.0,20725,LUNCH BAG RED RETROSPOT,10.204438517806715
12600.0,22382,LUNCHBAG SPACEBOY DESIGN ,9.818448236807505
12600.0,22382,LUNCH BAG SPACEBOY DESIGN ,9.818448236807505
12600.0,22384,LUNCHBAG PINK RETROSPOT,9.69356917153931
12600.0,22384,LUNCH BAG PINK RETROSPOT,9.69356917153931
12600.0,22384,LUNCH BAG PINK POLKADOT,9.69356917153931
12600.0,22384,LUNCH BAG PINK POLKADOTS,9.69356917153931
12600.0,20727,LUNCH BAG  BLACK SKULL.,9.554260705265508
12600.0,20728,LUNCH BAG CARS BLUE,9.45722844900076
12600.0,22383,LUNCHBAG SUKI  DESIGN ,9.420743280479993
12600.0,22383,LUNCH BAG SUKI  DESIGN ,9.420743280479993
12600.0,22383,LUNCH BAG SUKI DESIGN ,9.420743280479993
12600.0,21929,JUMBO BAG PINK VINTAGE PAISLEY,9.304679369904033
12600.0,85123A,WHITE HANGING HEART T-LIGHT HOLDER,9.300972020426252
12600.0,85123A,CREAM HANGING HEART T-LIGHT HOLDER,9.300972020426252
12600.0,22386,JUMBO BAG PINK WITH WHITE SPOTS,9.276054691707534
12600.0,22386,JUMBO BAG PINK POLKADOT,9.276054691707534
12600.0,85099F,JUMBO BAG STRAWBERRY,9.150266581686976
16266.0,22469,HEART OF WICKER SMALL,14.997662481499145
16266.0,22470,HEART OF WICKER LARGE,14.767687767161922
16266.0,21754,HOME BUILDING BLOCK WORD,14.140006011160537
16266.0,82482,WOODEN PICTURE FRAME WHITE FINISH,14.004039887388984
16266.0,22457,NATURAL SLATE HEART CHALKBOARD ,13.862905705207606
16266.0,21733,RED HANGING HEART T-LIGHT HOLDER,13.798533193875057
16266.0,82494L,WOODEN FRAME ANTIQUE WHITE ,13.601997235131517
16266.0,84836,ZINC METAL HEART DECORATION,13.445539883619432
16266.0,20685,RED SPOTTY COIR DOORMAT,13.426507303429462
16266.0,20685,DOOR MAT RED SPOT,13.426507303429462
16266.0,20685,DOORMAT RED SPOT,13.426507303429462
16266.0,20685,DOORMAT RED RETROSPOT,13.426507303429462
16266.0,22423,REGENCY CAKESTAND 3 TIER,13.223861100692886
18101.0,22469,HEART OF WICKER SMALL,11.894556383512741
18101.0,21733,RED HANGING HEART T-LIGHT HOLDER,11.77180491820181
18101.0,22470,HEART OF WICKER LARGE,11.586826891532338
18101.0,22865,HAND WARMER OWL DESIGN,11.532974896188648
18101.0,22866,HAND WARMER SCOTTY DOG DESIGN,11.39480524630626
18101.0,21485,RED SPOT HEART HOT WATER BOTTLE,11.134048472817106
18101.0,21485,RETROSPOT HEART HOT WATER BOTTLE,11.134048472817106
18101.0,22113,GREY HEART HOT WATER BOTTLE,11.101168107407178
18101.0,21080,SET/20 RED SPOTTY PAPER NAPKINS ,11.07719189218202
18101.0,21080,SET/20 RED RETROSPOT PAPER NAPKINS ,11.07719189218202
18101.0,84029E,RED WOOLLY HOTTIE WHITE HEART.,10.892067122023859
18101.0,84992,72 SWEETHEART FAIRY CAKE CASES,10.821643577097834
13097.0,21212,PACK OF 72 RETRO SPOT CAKE CASES,61.719952130896495
13097.0,21212,PACK OF 72 RETROSPOT CAKE CASES,61.719952130896495
13097.0,85123A,WHITE HANGING HEART T-LIGHT HOLDER,58.037193475745276
13097.0,85123A,CREAM HANGING HEART T-LIGHT HOLDER,58.037193475745276
13097.0,84991,60 TEATIME FAIRY CAKE CASES,57.57472243231772
13097.0,22086,PAPER CHAIN KIT 50'S CHRISTMAS ,57.23766866527128
13097.0,20725,LUNCH BAG RED SPOTTY,57.17934922683793
13097.0,20725,LUNCH BAG RED RETROSPOT,57.17934922683793
13097.0,84992,72 SWEETHEART FAIRY CAKE CASES,56.65040531745047
13097.0,22382,LUNCHBAG SPACEBOY DESIGN ,56.20498475115308
13097.0,22382,LUNCH BAG SPACEBOY DESIGN ,56.20498475115308
13097.0,21977,PACK OF 60 PINK PAISLEY CAKE CASES,55.34166114952804
13097.0,85099B,JUMBO BAG RED WHITE SPOTTY ,54.95192898130995
13097.0,85099B,RED RETROSPOT JUMBO BAG ,54.95192898130995
13097.0,85099B,JUMBO BAG RED RETROSPOT,54.95192898130995
13097.0,22411,JUMBO SHOPPER VINTAGE RED PAISLEY,54.476102080396544
14085.0,21080,SET/20 RED SPOTTY PAPER NAPKINS ,73.72518037095233
14085.0,21080,SET/20 RED RETROSPOT PAPER NAPKINS ,73.72518037095233
14085.0,84991,60 TEATIME FAIRY CAKE CASES,72.72782765381896
14085.0,21733,RED HANGING HEART T-LIGHT HOLDER,71.70523285232288
14085.0,20725,LUNCH BAG RED SPOTTY,70.10170205377104
14085.0,20725,LUNCH BAG RED RETROSPOT,70.10170205377104
14085.0,22470,HEART OF WICKER LARGE,69.3378845601729
14085.0,47566,PARTY BUNTING,69.2341072335975
14085.0,22086,PAPER CHAIN KIT 50'S CHRISTMAS ,69.13675445301342
14085.0,22865,HAND WARMER OWL DESIGN,68.69569559517542
14085.0,22382,LUNCHBAG SPACEBOY DESIGN ,67.90670937657235
14085.0,22382,LUNCH BAG SPACEBOY DESIGN ,67.90670937657235
14085.0,85099B,JUMBO BAG RED WHITE SPOTTY ,66.93563689216514
14085.0,85099B,RED RETROSPOT JUMBO BAG ,66.93563689216514
14085.0,85099B,JUMBO BAG RED RETROSPOT,66.93563689216514
18102.0,22423,REGENCY CAKESTAND 3 TIER,58.33564593924804
18102.0,22411,JUMBO SHOPPER VINTAGE RED PAISLEY,56.83237679417417
18102.0,21212,PACK OF 72 RETRO SPOT CAKE CASES,56.75853178891768
18102.0,21212,PACK OF 72 RETROSPOT CAKE CASES,56.75853178891768
18102.0,21733,RED HANGING HEART T-LIGHT HOLDER,56.28828130861421
18102.0,22383,LUNCHBAG SUKI  DESIGN ,56.13115272928751
18102.0,22383,LUNCH BAG SUKI  DESIGN ,56.13115272928751
18102.0,22383,LUNCH BAG SUKI DESIGN ,56.13115272928751
18102.0,84991,60 TEATIME FAIRY CAKE CASES,55.87874964181743
18102.0,21080,SET/20 RED SPOTTY PAPER NAPKINS ,55.08878866851155
18102.0,21080,SET/20 RED RETROSPOT PAPER NAPKINS ,55.08878866851155
18102.0,21485,RED SPOT HEART HOT WATER BOTTLE,54.71559433733492
18102.0,21485,RETROSPOT HEART HOT WATER BOTTLE,54.71559433733492
18102.0,22111,SCOTTIE DOG HOT WATER BOTTLE,54.09996817613222
18102.0,84992,72 SWEETHEART FAIRY CAKE CASES,54.0668216687431
17261.0,21212,PACK OF 72 RETRO SPOT CAKE CASES,9.824756194885326
17261.0,21212,PACK OF 72 RETROSPOT CAKE CASES,9.824756194885326
17261.0,20725,LUNCH BAG RED SPOTTY,9.719416442845434
17261.0,20725,LUNCH BAG RED RETROSPOT,9.719416442845434
17261.0,20727,LUNCH BAG  BLACK SKULL.,9.506635650683025
17261.0,22384,LUNCHBAG PINK RETROSPOT,9.434156515421403
17261.0,22384,LUNCH BAG PINK RETROSPOT,9.434156515421403
17261.0,22384,LUNCH BAG PINK POLKADOT,9.434156515421403
17261.0,22384,LUNCH BAG PINK POLKADOTS,9.434156515421403
17261.0,84991,60 TEATIME FAIRY CAKE CASES,9.411350594549582
17261.0,22383,LUNCHBAG SUKI  DESIGN ,9.333900505466644
17261.0,22383,LUNCH BAG SUKI  DESIGN ,9.333900505466644
17261.0,22383,LUNCH BAG SUKI DESIGN ,9.333900505466644
17261.0,20728,LUNCH BAG CARS BLUE,9.321609065902813
17261.0,22147,FELTCRAFT BUTTERFLY HEARTS,9.16454230880637
17261.0,22417,PACK OF 60 SPACEBOY CAKE CASES,8.99871977669741
17261.0,21975,PACK OF 60 DINOSAUR CAKE CASES,8.946851673222769
17828.0,84991,60 TEATIME FAIRY CAKE CASES,8.130796232046379
17828.0,82482,WOODEN PICTURE FRAME WHITE FINISH,7.989368081344345
17828.0,22423,REGENCY CAKESTAND 3 TIER,7.844208263915793
17828.0,22469,HEART OF WICKER SMALL,7.839868885864204
17828.0,82494L,WOODEN FRAME ANTIQUE WHITE ,7.794331192816405
17828.0,47559B,TEA TIME OVEN GLOVE,7.719688197264508
17828.0,21212,PACK OF 72 RETRO SPOT CAKE CASES,7.692872231850068
17828.0,21212,PACK OF 72 RETROSPOT CAKE CASES,7.692872231850068
17828.0,21080,SET/20 RED SPOTTY PAPER NAPKINS ,7.6757681117081535
17828.0,21080,SET/20 RED RETROSPOT PAPER NAPKINS ,7.6757681117081535
17828.0,84992,72 SWEETHEART FAIRY CAKE CASES,7.610118491496732
17828.0,82483,WOOD 2 DRAWER CABINET WHITE FINISH,7.609282858872617
12847.0,20727,LUNCH BAG  BLACK SKULL.,16.09199685007881
12847.0,21212,PACK OF 72 RETRO SPOT CAKE CASES,15.919297022641231
12847.0,21212,PACK OF 72 RETROSPOT CAKE CASES,15.919297022641231
12847.0,84991,60 TEATIME FAIRY CAKE CASES,15.870129111014098
12847.0,85123A,WHITE HANGING HEART T-LIGHT HOLDER,15.856353059165166
12847.0,85123A,CREAM HANGING HEART T-LIGHT HOLDER,15.856353059165166
12847.0,20725,LUNCH BAG RED SPOTTY,15.650302758855883
12847.0,20725,LUNCH BAG RED RETROSPOT,15.650302758855883
12847.0,22865,HAND WARMER OWL DESIGN,15.650165700262374
12847.0,22383,LUNCHBAG SUKI  DESIGN ,15.647064357436436
12847.0,22383,LUNCH BAG SUKI  DESIGN ,15.647064357436436
12847.0,22383,LUNCH BAG SUKI DESIGN ,15.647064357436436
12847.0,22384,LUNCHBAG PINK RETROSPOT,15.635984044779462
12847.0,22384,LUNCH BAG PINK RETROSPOT,15.635984044779462
12847.0,22384,LUNCH BAG PINK POLKADOT,15.635984044779462
12847.0,22384,LUNCH BAG PINK POLKADOTS,15.635984044779462
12847.0,22382,LUNCHBAG SPACEBOY DESIGN ,15.587787712074874
12847.0,22382,LUNCH BAG SPACEBOY DESIGN ,15.587787712074874
12847.0,84992,72 SWEETHEART FAIRY CAKE CASES,15.504375357430703
15462.0,20725,LUNCH BAG RED SPOTTY,6.654843036454025
15462.0,20725,LUNCH BAG RED RETROSPOT,6.654843036454025
15462.0,84991,60 TEATIME FAIRY CAKE CASES,6.645138609342407
15462.0,22417,PACK OF 60 SPACEBOY CAKE CASES,6.364741815898956
15462.0,22382,LUNCHBAG SPACEBOY DESIGN ,6.355608319171569
15462.0,22382,LUNCH BAG SPACEBOY DESIGN ,6.355608319171569
15462.0,22384,LUNCHBAG PINK RETROSPOT,6.333795381789208
15462.0,22384,LUNCH BAG PINK RETROSPOT,6.333795381789208
15462.0,22384,LUNCH BAG PINK POLKADOT,6.333795381789208
15462.0,22384,LUNCH BAG PINK POLKADOTS,6.333795381789208
15462.0,84992,72 SWEETHEART FAIRY CAKE CASES,6.300687335488948
15462.0,21080,SET/20 RED SPOTTY PAPER NAPKINS ,6.299629706901219
15462.0,21080,SET/20 RED RETROSPOT PAPER NAPKINS ,6.299629706901219
15462.0,21156,RED SPOTTY CHILDS APRON,6.1622284720820835
15462.0,21156,RETROSPOT CHILDRENS APRON,6.1622284720820835
15462.0,20727,LUNCH BAG  BLACK SKULL.,6.120022310248593
15462.0,21977,PACK OF 60 PINK PAISLEY CAKE CASES,6.119353018883207
12523.0,85123A,WHITE HANGING HEART T-LIGHT HOLDER,33.814728053030066
12523.0,85123A,CREAM HANGING HEART T-LIGHT HOLDER,33.814728053030066
12523.0,21212,PACK OF 72 RETRO SPOT CAKE CASES,32.13271578933755
12523.0,21212,PACK OF 72 RETROSPOT CAKE CASES,32.13271578933755
12523.0,84991,60 TEATIME FAIRY CAKE CASES,29.98563538029045
12523.0,47566,PARTY BUNTING,29.639712344469057
12523.0,21733,RED HANGING HEART T-LIGHT HOLDER,29.302424973636676
12523.0,20725,LUNCH BAG RED SPOTTY,29.259572971692
12523.0,20725,LUNCH BAG RED RETROSPOT,29.259572971692
12523.0,22666,RECIPE BOX PANTRY YELLOW DESIGN,29.12298517547816
12523.0,84992,72 SWEETHEART FAIRY CAKE CASES,29.022496464216154
12523.0,22457,NATURAL SLATE HEART CHALKBOARD ,28.631892720549377
12523.0,85099B,JUMBO BAG RED WHITE SPOTTY ,28.535874061047007
12523.0,85099B,RED RETROSPOT JUMBO BAG ,28.535874061047007
12523.0,85099B,JUMBO BAG RED RETROSPOT,28.535874061047007
17959.0,20829,GLITTER HANGING BUTTERFLY STRING,0.4302239403679814
17959.0,17013C,ORIGAMI LAVENDER INCENSE IN TUBE,0.30638167667268595
17959.0,84819,DANISH ROSE ROUND SEWING BOX,0.2802571342583128
17959.0,84821,DANISH ROSE DELUXE COASTER,0.28012039010074147
17959.0,84820,DANISH ROSE TRINKET TRAYS,0.27379283909669677
17959.0,84817,DANISH ROSE DECORATIVE PLATE,0.27373633633139305
17959.0,21846,PINK DIAMANTE PEN IN GIFT BOX,0.2686929998710442
17959.0,22423,REGENCY CAKESTAND 3 TIER,0.2661806002284014
17959.0,84818,DANISH ROSE PHOTO FRAME,0.26338903366280897
17959.0,84683,CLASSICAL ROSE CANDLESTAND,0.26261286571944514
16609.0,22411,JUMBO SHOPPER VINTAGE RED PAISLEY,32.38883642204099
16609.0,21212,PACK OF 72 RETRO SPOT CAKE CASES,32.109258196310364
16609.0,21212,PACK OF 72 RETROSPOT CAKE CASES,32.109258196310364
16609.0,23207,LUNCH BAG ALPHABET DESIGN,31.902322310094586
16609.0,22386,JUMBO BAG PINK WITH WHITE SPOTS,31.89247966038785
16609.0,22386,JUMBO BAG PINK POLKADOT,31.89247966038785
16609.0,22662,LUNCH BAG DOLLY GIRL DESIGN,30.920637619265456
16609.0,21929,JUMBO BAG PINK VINTAGE PAISLEY,30.766117857930247
16609.0,85099F,JUMBO BAG STRAWBERRY,30.543069127956034
16609.0,23201,JUMBO BAG ALPHABET,30.058424124235955
16609.0,21080,SET/20 RED SPOTTY PAPER NAPKINS ,29.729458239976566
16609.0,21080,SET/20 RED RETROSPOT PAPER NAPKINS ,29.729458239976566
16609.0,84991,60 TEATIME FAIRY CAKE CASES,29.623960050751666
16331.0,84997D,PINK 3 PIECE MINI DOTS CUTLERY SET,6.284048835029492
16331.0,84997D,PINK 3 PIECE POLKADOT CUTLERY SET,6.284048835029492
16331.0,84997D,CHILDRENS CUTLERY POLKADOT PINK,6.284048835029492
16331.0,21212,PACK OF 72 RETRO SPOT CAKE CASES,6.057421847065719
16331.0,21212,PACK OF 72 RETROSPOT CAKE CASES,6.057421847065719
16331.0,21080,SET/20 RED SPOTTY PAPER NAPKINS ,5.800984271537665
16331.0,21080,SET/20 RED RETROSPOT PAPER NAPKINS ,5.800984271537665
16331.0,21121,SET/10 RED SPOTTY PARTY CANDLES,5.664908248509779
16331.0,21121,SET/10 RED POLKADOT PARTY CANDLES,5.664908248509779
16331.0,85123A,WHITE HANGING HEART T-LIGHT HOLDER,5.628177526672443
16331.0,85123A,CREAM HANGING HEART T-LIGHT HOLDER,5.628177526672443
16331.0,20725,LUNCH BAG RED SPOTTY,5.532478994106118
16331.0,20725,LUNCH BAG RED RETROSPOT,5.532478994106118
16331.0,84991,60 TEATIME FAIRY CAKE CASES,5.4925117855518355
16331.0,22384,LUNCHBAG PINK RETROSPOT,5.43186311665011
16331.0,22384,LUNCH BAG PINK RETROSPOT,5.43186311665011
16331.0,22384,LUNCH BAG PINK POLKADOT,5.43186311665011
16331.0,22384,LUNCH BAG PINK POLKADOTS,5.43186311665011
16331.0,22423,REGENCY CAKESTAND 3 TIER,5.384795881856201
16331.0,85099B,JUMBO BAG RED WHITE SPOTTY ,5.383413110742469
16331.0,85099B,RED RETROSPOT JUMBO BAG ,5.383413110742469
16331.0,85099B,JUMBO BAG RED RETROSPOT,5.383413110742469
13448.0,21212,PACK OF 72 RETRO SPOT CAKE CASES,56.66335011634151
13448.0,21212,PACK OF 72 RETROSPOT CAKE CASES,56.66335011634151
13448.0,85123A,WHITE HANGING HEART T-LIGHT HOLDER,55.69552670156246
13448.0,85123A,CREAM HANGING HEART T-LIGHT HOLDER,55.69552670156246
13448.0,84992,72 SWEETHEART FAIRY CAKE CASES,53.3300077918648
13448.0,85099B,JUMBO BAG RED WHITE SPOTTY ,53.25048036782487
13448.0,85099B,RED RETROSPOT JUMBO BAG ,53.25048036782487
13448.0,85099B,JUMBO BAG RED RETROSPOT,53.25048036782487
13448.0,20727,LUNCH BAG  BLACK SKULL.,53.07959843654738
13448.0,22382,LUNCHBAG SPACEBOY DESIGN ,52.812638961512555
13448.0,22382,LUNCH BAG SPACEBOY DESIGN ,52.812638961512555
13448.0,22384,LUNCHBAG PINK RETROSPOT,52.287969157689695
13448.0,22384,LUNCH BAG PINK RETROSPOT,52.287969157689695
13448.0,22384,LUNCH BAG PINK POLKADOT,52.287969157689695
13448.0,22384,LUNCH BAG PINK POLKADOTS,52.287969157689695
13448.0,20728,LUNCH BAG CARS BLUE,52.052114678203665
13448.0,22383,LUNCHBAG SUKI  DESIGN ,51.70340697306297
13448.0,22383,LUNCH BAG SUKI  DESIGN ,51.70340697306297
13448.0,22383,LUNCH BAG SUKI DESIGN ,51.70340697306297
13448.0,21165,BEWARE OF THE CAT METAL SIGN ,51.54651133014615
14750.0,22384,LUNCHBAG PINK RETROSPOT,5.965805725510822
14750.0,22384,LUNCH BAG PINK RETROSPOT,5.965805725510822
14750.0,22384,LUNCH BAG PINK POLKADOT,5.965805725510822
14750.0,22384,LUNCH BAG PINK POLKADOTS,5.965805725510822
14750.0,22382,LUNCHBAG SPACEBOY DESIGN ,5.720655729328232
14750.0,22382,LUNCH BAG SPACEBOY DESIGN ,5.720655729328232
14750.0,20727,LUNCH BAG  BLACK SKULL.,5.666989452145383
14750.0,85099B,JUMBO BAG RED WHITE SPOTTY ,5.604115109399763
14750.0,85099B,RED RETROSPOT JUMBO BAG ,5.604115109399763
14750.0,85099B,JUMBO BAG RED RETROSPOT,5.604115109399763
14750.0,22383,LUNCHBAG SUKI  DESIGN ,5.588243184521586
14750.0,22383,LUNCH BAG SUKI  DESIGN ,5.588243184521586
14750.0,22383,LUNCH BAG SUKI DESIGN ,5.588243184521586
14750.0,22386,JUMBO BAG PINK WITH WHITE SPOTS,5.414386862197594
14750.0,22386,JUMBO BAG PINK POLKADOT,5.414386862197594
14750.0,21212,PACK OF 72 RETRO SPOT CAKE CASES,5.389757050053568
14750.0,21212,PACK OF 72 RETROSPOT CAKE CASES,5.389757050053568
14750.0,22411,JUMBO SHOPPER VINTAGE RED PAISLEY,5.304685728709222
14750.0,20726,LUNCH BAG WOODLAND,5.243881077861748
14750.0,85123A,WHITE HANGING HEART T-LIGHT HOLDER,5.12236760134614
14750.0,85123A,CREAM HANGING HEART T-LIGHT HOLDER,5.12236760134614
13394.0,85123A,WHITE HANGING HEART T-LIGHT HOLDER,45.0962875413428
13394.0,85123A,CREAM HANGING HEART T-LIGHT HOLDER,45.0962875413428
13394.0,20725,LUNCH BAG RED SPOTTY,44.59297225175528
13394.0,20725,LUNCH BAG RED RETROSPOT,44.59297225175528
13394.0,22384,LUNCHBAG PINK RETROSPOT,42.51217728327336
13394.0,22384,LUNCH BAG PINK RETROSPOT,42.51217728327336
13394.0,22384,LUNCH BAG PINK POLKADOT,42.51217728327336
13394.0,22384,LUNCH BAG PINK POLKADOTS,42.51217728327336
13394.0,22382,LUNCHBAG SPACEBOY DESIGN ,41.61537418976228
13394.0,22382,LUNCH BAG SPACEBOY DESIGN ,41.61537418976228
13394.0,20727,LUNCH BAG  BLACK SKULL.,41.4438905601782
13394.0,20728,LUNCH BAG CARS BLUE,41.34297539412285
13394.0,21977,PACK OF 60 PINK PAISLEY CAKE CASES,41.319876169197734
13394.0,22423,REGENCY CAKESTAND 3 TIER,41.016700000822
13394.0,22383,LUNCHBAG SUKI  DESIGN ,40.95639049094331
13394.0,22383,LUNCH BAG SUKI  DESIGN ,40.95639049094331
13394.0,22383,LUNCH BAG SUKI DESIGN ,40.95639049094331
13394.0,21733,RED HANGING HEART T-LIGHT HOLDER,40.26158970068439
14747.0,22423,REGENCY CAKESTAND 3 TIER,4.0369899162872915
14747.0,22469,HEART OF WICKER SMALL,4.022901941525465
14747.0,20685,RED SPOTTY COIR DOORMAT,3.9803903024686993
14747.0,20685,DOOR MAT RED SPOT,3.9803903024686993
14747.0,20685,DOORMAT RED SPOT,3.9803903024686993
14747.0,20685,DOORMAT RED RETROSPOT,3.9803903024686993
14747.0,21524,SPOTTY  HOME SWEET HOME DOORMAT,3.978543288545281
14747.0,21524,DOOR MAT SPOTTY HOME SWEET HOME,3.978543288545281
14747.0,21524,DOORMAT SPOTTY HOME SWEET HOME,3.978543288545281
14747.0,47566,PARTY BUNTING,3.929291155444273
14747.0,22470,HEART OF WICKER LARGE,3.829354629368088
14747.0,21212,PACK OF 72 RETRO SPOT CAKE CASES,3.791000596642461
14747.0,21212,PACK OF 72 RETROSPOT CAKE CASES,3.791000596642461
14747.0,21754,HOME BUILDING BLOCK WORD,3.758765784962768
14747.0,21755,LOVE BUILDING BLOCK WORD,3.7481671255959403
14747.0,22804,CANDLEHOLDER PINK HANGING HEART,3.7279143267860624
14747.0,22804,PINK HANGING HEART T-LIGHT HOLDER,3.7279143267860624
17596.0,21212,PACK OF 72 RETRO SPOT CAKE CASES,48.06928829699127
17596.0,21212,PACK OF 72 RETROSPOT CAKE CASES,48.06928829699127
17596.0,20725,LUNCH BAG RED SPOTTY,46.30407888217063
17596.0,20725,LUNCH BAG RED RETROSPOT,46.30407888217063
17596.0,22382,LUNCHBAG SPACEBOY DESIGN ,45.99139118306588
17596.0,22382,LUNCH BAG SPACEBOY DESIGN ,45.99139118306588
17596.0,22384,LUNCHBAG PINK RETROSPOT,44.61078447687803
17596.0,22384,LUNCH BAG PINK RETROSPOT,44.61078447687803
17596.0,22384,LUNCH BAG PINK POLKADOT,44.61078447687803
17596.0,22384,LUNCH BAG PINK POLKADOTS,44.61078447687803
17596.0,20727,LUNCH BAG  BLACK SKULL.,44.2102280959482
17596.0,85099B,JUMBO BAG RED WHITE SPOTTY ,44.12918051616303
17596.0,85099B,RED RETROSPOT JUMBO BAG ,44.12918051616303
17596.0,85099B,JUMBO BAG RED RETROSPOT,44.12918051616303
17596.0,20728,LUNCH BAG CARS BLUE,43.70410140025474
17596.0,22383,LUNCHBAG SUKI  DESIGN ,43.16030498986866
17596.0,22383,LUNCH BAG SUKI  DESIGN ,43.16030498986866
17596.0,22383,LUNCH BAG SUKI DESIGN ,43.16030498986866
17596.0,20726,LUNCH BAG WOODLAND,43.08493531830206
17596.0,22865,HAND WARMER OWL DESIGN,42.47841658066912
13386.0,21670,BLUE SPOT CERAMIC DRAWER KNOB,5.950998087151317
13386.0,85123A,WHITE HANGING HEART T-LIGHT HOLDER,4.977159834210115
13386.0,85123A,CREAM HANGING HEART T-LIGHT HOLDER,4.977159834210115
13386.0,21212,PACK OF 72 RETRO SPOT CAKE CASES,4.77018280339211
13386.0,21212,PACK OF 72 RETROSPOT CAKE CASES,4.77018280339211
13386.0,22469,HEART OF WICKER SMALL,4.736740213428635
13386.0,22423,REGENCY CAKESTAND 3 TIER,4.629656166692327
13386.0,85099B,JUMBO BAG RED WHITE SPOTTY ,4.41940730187404
13386.0,85099B,RED RETROSPOT JUMBO BAG ,4.41940730187404
13386.0,85099B,JUMBO BAG RED RETROSPOT,4.41940730187404
13386.0,47566,PARTY BUNTING,4.386329491236195
13386.0,22457,NATURAL SLATE HEART CHALKBOARD ,4.374743348940406
13386.0,21733,RED HANGING HEART T-LIGHT HOLDER,4.3621036934658814
13386.0,21080,SET/20 RED SPOTTY PAPER NAPKINS ,4.337608943242527
13386.0,21080,SET/20 RED RETROSPOT PAPER NAPKINS ,4.337608943242527
14639.0,85123A,WHITE HANGING HEART T-LIGHT HOLDER,39.40974949455845
14639.0,85123A,CREAM HANGING HEART T-LIGHT HOLDER,39.40974949455845
14639.0,21212,PACK OF 72 RETRO SPOT CAKE CASES,35.128022129204254
14639.0,21212,PACK OF 72 RETROSPOT CAKE CASES,35.128022129204254
14639.0,21733,RED HANGING HEART T-LIGHT HOLDER,34.832165115544804
14639.0,82482,WOODEN PICTURE FRAME WHITE FINISH,33.71123449170629
14639.0,21485,RED SPOT HEART HOT WATER BOTTLE,33.486898100217076
14639.0,21485,RETROSPOT HEART HOT WATER BOTTLE,33.486898100217076
14639.0,84991,60 TEATIME FAIRY CAKE CASES,33.145866910062196
14639.0,21080,SET/20 RED SPOTTY PAPER NAPKINS ,33.072987429403604
14639.0,21080,SET/20 RED RETROSPOT PAPER NAPKINS ,33.072987429403604
14639.0,82494L,WOODEN FRAME ANTIQUE WHITE ,33.066097198300135
14639.0,47566,PARTY BUNTING,33.051949738825094
14639.0,22086,PAPER CHAIN KIT 50'S CHRISTMAS ,32.92570493500441
12944.0,22086,PAPER CHAIN KIT 50'S CHRISTMAS ,6.1624366373213535
12944.0,22910,PAPER CHAIN KIT VINTAGE CHRISTMAS,6.138134709348159
12944.0,22728,ALARM CLOCK BAKELIKE PINK,5.94802515814
12944.0,21791,VINTAGE HEADS AND TAILS CARD GAME ,5.8669602576738855
12944.0,21212,PACK OF 72 RETRO SPOT CAKE CASES,5.861629159064712
12944.0,21212,PACK OF 72 RETROSPOT CAKE CASES,5.861629159064712
12944.0,22423,REGENCY CAKESTAND 3 TIER,5.801613004899528
12944.0,22382,LUNCHBAG SPACEBOY DESIGN ,5.685396810728954
12944.0,22382,LUNCH BAG SPACEBOY DESIGN ,5.685396810728954
12944.0,20725,LUNCH BAG RED SPOTTY,5.680521669977764
12944.0,20725,LUNCH BAG RED RETROSPOT,5.680521669977764
12944.0,85123A,WHITE HANGING HEART T-LIGHT HOLDER,5.6399906240313245
12944.0,85123A,CREAM HANGING HEART T-LIGHT HOLDER,5.6399906240313245
12944.0,22865,HAND WARMER OWL DESIGN,5.610611990742433
17668.0,21212,PACK OF 72 RETRO SPOT CAKE CASES,3.604535064240883
17668.0,21212,PACK OF 72 RETROSPOT CAKE CASES,3.604535064240883
17668.0,22666,RECIPE BOX PANTRY YELLOW DESIGN,3.5808887396552933
17668.0,84991,60 TEATIME FAIRY CAKE CASES,3.3580702100354984
17668.0,22699,ROSES REGENCY TEACUP AND SAUCER ,3.355326000162925
17668.0,22699,TEACUP AND SAUCER REGENCY ROSES,3.355326000162925
17668.0,22960,JAM MAKING SET WITH JARS,3.286792843180261
17668.0,22961,JAM MAKING SET PRINTED,3.2415752024755826
17668.0,22697,GREEN REGENCY TEACUP AND SAUCER,3.2271355362096745
17668.0,22697,TEACUP AND SAUCER REGENCY GREEN,3.2271355362096745
17668.0,21080,SET/20 RED SPOTTY PAPER NAPKINS ,3.2099739747199605
17668.0,21080,SET/20 RED RETROSPOT PAPER NAPKINS ,3.2099739747199605
17668.0,21977,PACK OF 60 PINK PAISLEY CAKE CASES,3.2089246545041448
17668.0,23243,SET OF TEA COFFEE SUGAR TINS PANTRY,3.2066478809636134
14067.0,85099B,JUMBO BAG RED WHITE SPOTTY ,10.182408921589943
14067.0,85099B,RED RETROSPOT JUMBO BAG ,10.182408921589943
14067.0,85099B,JUMBO BAG RED RETROSPOT,10.182408921589943
14067.0,20725,LUNCH BAG RED SPOTTY,10.076179023774403
14067.0,20725,LUNCH BAG RED RETROSPOT,10.076179023774403
14067.0,22423,REGENCY CAKESTAND 3 TIER,10.044720461177123
14067.0,84991,60 TEATIME FAIRY CAKE CASES,10.04376072426448
14067.0,21977,PACK OF 60 PINK PAISLEY CAKE CASES,9.934716844647394
14067.0,84992,72 SWEETHEART FAIRY CAKE CASES,9.81695909509882
14067.0,22382,LUNCHBAG SPACEBOY DESIGN ,9.784321813614643
14067.0,22382,LUNCH BAG SPACEBOY DESIGN ,9.784321813614643
14067.0,22086,PAPER CHAIN KIT 50'S CHRISTMAS ,9.662663190162972
14067.0,22384,LUNCHBAG PINK RETROSPOT,9.527190075387637
14067.0,22384,LUNCH BAG PINK RETROSPOT,9.527190075387637
14067.0,22384,LUNCH BAG PINK POLKADOT,9.527190075387637
14067.0,22384,LUNCH BAG PINK POLKADOTS,9.527190075387637
14067.0,20728,LUNCH BAG CARS BLUE,9.464548149614044
17162.0,85123A,WHITE HANGING HEART T-LIGHT HOLDER,17.66793406404859
17162.0,85123A,CREAM HANGING HEART T-LIGHT HOLDER,17.66793406404859
17162.0,21166,COOK WITH WINE METAL SIGN ,16.397567933710214
17162.0,22469,HEART OF WICKER SMALL,16.06877626013427
17162.0,21907,I'M ON HOLIDAY METAL SIGN,15.787074241853231
17162.0,22423,REGENCY CAKESTAND 3 TIER,15.691550298540017
17162.0,22470,HEART OF WICKER LARGE,15.652571557915985
17162.0,22666,RECIPE BOX PANTRY YELLOW DESIGN,15.592115258397115
17162.0,21174,POTTERING IN THE SHED METAL SIGN,15.576606786894008
17162.0,21908,CHOCOLATE THIS WAY METAL SIGN,15.449090529437237
17162.0,21165,BEWARE OF THE CAT METAL SIGN ,15.316975191047256
13420.0,22423,REGENCY CAKESTAND 3 TIER,1.8745214445952518
13420.0,21212,PACK OF 72 RETRO SPOT CAKE CASES,1.825710141195174
13420.0,21212,PACK OF 72 RETROSPOT CAKE CASES,1.825710141195174
13420.0,21977,PACK OF 60 PINK PAISLEY CAKE CASES,1.8134510476389356
13420.0,21210,SET OF 72 RETRO SPOT PAPER  DOILIES,1.7968034386213554
13420.0,21210,SET OF 72 RETROSPOT PAPER  DOILIES,1.7968034386213554
13420.0,85123A,WHITE HANGING HEART T-LIGHT HOLDER,1.7209310577395922
13420.0,85123A,CREAM HANGING HEART T-LIGHT HOLDER,1.7209310577395922
13420.0,84991,60 TEATIME FAIRY CAKE CASES,1.7133270543835741
13420.0,84992,72 SWEETHEART FAIRY CAKE CASES,1.6690725309342875
13420.0,84987,SET OF 36 TEATIME PAPER DOILIES,1.6452140442028536
13420.0,21755,LOVE BUILDING BLOCK WORD,1.607636722474563
13420.0,22469,HEART OF WICKER SMALL,1.6068869018737195
17848.0,82482,WOODEN PICTURE FRAME WHITE FINISH,16.225571508551585
17848.0,47566,PARTY BUNTING,16.221885114245914
17848.0,21212,PACK OF 72 RETRO SPOT CAKE CASES,16.107694504603426
17848.0,21212,PACK OF 72 RETROSPOT CAKE CASES,16.107694504603426
17848.0,22469,HEART OF WICKER SMALL,16.072170070297037
17848.0,84991,60 TEATIME FAIRY CAKE CASES,15.620901992016249
17848.0,21977,PACK OF 60 PINK PAISLEY CAKE CASES,15.573462516812823
17848.0,21733,RED HANGING HEART T-LIGHT HOLDER,15.568399549335972
17848.0,21080,SET/20 RED SPOTTY PAPER NAPKINS ,15.363491913536384
17848.0,21080,SET/20 RED RETROSPOT PAPER NAPKINS ,15.363491913536384
17848.0,23173,REGENCY TEAPOT ROSES ,15.193449731071226
17848.0,22720,SET OF 3 CAKE TINS PANTRY DESIGN ,15.1870223994948
12692.0,21175,GIN + TONIC DIET METAL SIGN,2.9086529036489766
12692.0,21175,GIN AND TONIC DIET METAL SIGN,2.9086529036489766
12692.0,21166,COOK WITH WINE METAL SIGN ,2.894130804597554
12692.0,82600,NO SINGING METAL SIGN,2.8761899808947238
12692.0,82600,N0 SINGING METAL SIGN,2.8761899808947238
12692.0,21181,PLEASE ONE PERSON  METAL SIGN,2.8731841886590863
12692.0,21181,PLEASE ONE PERSON METAL SIGN,2.8731841886590863
12692.0,22413,METAL SIGN TAKE IT OR LEAVE IT ,2.8406846843327638
12692.0,21165,BEWARE OF THE CAT METAL SIGN ,2.7523085656739754
12692.0,85150,LADIES & GENTLEMEN METAL SIGN,2.6771423676553368
12692.0,21907,I'M ON HOLIDAY METAL SIGN,2.6633470253438407
12692.0,21174,POTTERING IN THE SHED METAL SIGN,2.6605842723479944
12692.0,82583,HOT BATHS METAL SIGN,2.6604337794812563
13697.0,22578,WOODEN STAR CHRISTMAS SCANDINAVIAN,3.0062193365476846
13697.0,22578,WOODEN STAR CHRISTMAS SCANDISPOT,3.0062193365476846
13697.0,22579,WOODEN TREE CHRISTMAS SCANDINAVIAN,2.8076779933931233
13697.0,22579,WOODEN TREE CHRISTMAS SCANDISPOT,2.8076779933931233
13697.0,85123A,WHITE HANGING HEART T-LIGHT HOLDER,2.7949273400236256
13697.0,85123A,CREAM HANGING HEART T-LIGHT HOLDER,2.7949273400236256
13697.0,22594,CHRISTMAS GINGHAM TREE,2.761787609882209
13697.0,22573,STAR WOODEN CHRISTMAS DECORATION,2.7426500686142465
13697.0,22470,HEART OF WICKER LARGE,2.6873845224480775
13697.0,22571,ROCKING HORSE RED CHRISTMAS ,2.5416640992963897
13697.0,22694,WICKER STAR ,2.505848853579883
13697.0,22457,NATURAL SLATE HEART CHALKBOARD ,2.4900021604682605
13697.0,22581,WOOD STOCKING CHRISTMAS SCANDISPOT,2.446243050926429
16182.0,22385,JUMBO BAG SPACEBOY DESIGN,6.512328050700871
16182.0,85099F,JUMBO BAG STRAWBERRY,6.4639392908112825
16182.0,23201,JUMBO BAG ALPHABET,6.371442888161624
16182.0,20713,JUMBO BAG OWLS,6.1077631682782085
16182.0,85099C,JUMBO  BAG BAROQUE BLACK WHITE,6.075662325282563
16182.0,21930,JUMBO STORAGE BAG SKULLS,5.928744597585592
16182.0,20725,LUNCH BAG RED SPOTTY,5.9092696436494725
16182.0,20725,LUNCH BAG RED RETROSPOT,5.9092696436494725
16182.0,22384,LUNCHBAG PINK RETROSPOT,5.772025329018024
16182.0,22384,LUNCH BAG PINK RETROSPOT,5.772025329018024
16182.0,22384,LUNCH BAG PINK POLKADOT,5.772025329018024
16182.0,22384,LUNCH BAG PINK POLKADOTS,5.772025329018024
16182.0,20728,LUNCH BAG CARS BLUE,5.725390494558572
16182.0,22383,LUNCHBAG SUKI  DESIGN ,5.689825600985046
16182.0,22383,LUNCH BAG SUKI  DESIGN ,5.689825600985046
16182.0,22383,LUNCH BAG SUKI DESIGN ,5.689825600985046
17554.0,22728,ALARM CLOCK BAKELIKE PINK,10.750025627327929
17554.0,21212,PACK OF 72 RETRO SPOT CAKE CASES,9.990806286997806
17554.0,21212,PACK OF 72 RETROSPOT CAKE CASES,9.990806286997806
17554.0,22086,PAPER CHAIN KIT 50'S CHRISTMAS ,9.87164087374809
17554.0,22423,REGENCY CAKESTAND 3 TIER,9.86553539554721
17554.0,22865,HAND WARMER OWL DESIGN,9.746572469757853
17554.0,22666,RECIPE BOX PANTRY YELLOW DESIGN,9.714794650364444
17554.0,22382,LUNCHBAG SPACEBOY DESIGN ,9.64790587837588
17554.0,22382,LUNCH BAG SPACEBOY DESIGN ,9.64790587837588
17554.0,20725,LUNCH BAG RED SPOTTY,9.644077471225327
17554.0,20725,LUNCH BAG RED RETROSPOT,9.644077471225327
17554.0,21790,VINTAGE SNAP CARDS,9.628242828930105
17554.0,21791,VINTAGE HEADS AND TAILS CARD GAME ,9.627710321229344
15254.0,21212,PACK OF 72 RETRO SPOT CAKE CASES,13.121526824987534
15254.0,21212,PACK OF 72 RETROSPOT CAKE CASES,13.121526824987534
15254.0,20725,LUNCH BAG RED SPOTTY,12.873532278530304
15254.0,20725,LUNCH BAG RED RETROSPOT,12.873532278530304
15254.0,22382,LUNCHBAG SPACEBOY DESIGN ,12.128445517231603
15254.0,22382,LUNCH BAG SPACEBOY DESIGN ,12.128445517231603
15254.0,22423,REGENCY CAKESTAND 3 TIER,12.02858383922744
15254.0,22411,JUMBO SHOPPER VINTAGE RED PAISLEY,11.99333082839038
15254.0,22384,LUNCHBAG PINK RETROSPOT,11.865203679280375
15254.0,22384,LUNCH BAG PINK RETROSPOT,11.865203679280375
15254.0,22384,LUNCH BAG PINK POLKADOT,11.865203679280375
15254.0,22384,LUNCH BAG PINK POLKADOTS,11.865203679280375
15254.0,85123A,WHITE HANGING HEART T-LIGHT HOLDER,11.721411440603266
15254.0,85123A,CREAM HANGING HEART T-LIGHT HOLDER,11.721411440603266
15254.0,20728,LUNCH BAG CARS BLUE,11.669244181064748
15254.0,22086,PAPER CHAIN KIT 50'S CHRISTMAS ,11.570103691221487
15254.0,20727,LUNCH BAG  BLACK SKULL.,11.484990495368248
14266.0,85107,CUT GLASS T-LIGHT HOLDER OCTAGON,0.27467513278676786
14266.0,72805,VANILLA CANDLE IN EMBOSSED ZINC POT,0.1825741858350554
14266.0,90146,FINE SILVER NECKLACE W PASTEL FLOWE,0.1825741858350554
14266.0,71434B,"BLACK RND BULLET""KEEP CLEAN"" BIN",0.15811388300841897
14266.0,62097A,PINK STRIPES SHOULDER BAG,0.15811388300841897
14266.0,35930,PINK HEART CHRISTMAS DECORATION,0.15811388300841897
14266.0,84205C,HAPPY BIRTHDAY GINGER CAT CARD,0.15811388300841897
14266.0,35974,S/6 CHRISTMAS TREE PLACE SETTING,0.15811388300841897
14266.0,35950,FOLKART HEART CHRISTMAS DECORATIONS,0.15811388300841897
14266.0,21689,SILVER VANILLA  FLOWER CANDLE POT,0.15811388300841894
16883.0,21212,PACK OF 72 RETRO SPOT CAKE CASES,31.128979891099483
16883.0,21212,PACK OF 72 RETROSPOT CAKE CASES,31.128979891099483
16883.0,22384,LUNCHBAG PINK RETROSPOT,30.8641186166748
16883.0,22384,LUNCH BAG PINK RETROSPOT,30.8641186166748
16883.0,22384,LUNCH BAG PINK POLKADOT,30.8641186166748
16883.0,22384,LUNCH BAG PINK POLKADOTS,30.8641186166748
16883.0,22382,LUNCHBAG SPACEBOY DESIGN ,30.214873631036703
16883.0,22382,LUNCH BAG SPACEBOY DESIGN ,30.214873631036703
16883.0,84991,60 TEATIME FAIRY CAKE CASES,29.95532316084795
16883.0,21733,RED HANGING HEART T-LIGHT HOLDER,29.825223058575478
16883.0,20728,LUNCH BAG CARS BLUE,29.67497903805106
16883.0,21080,SET/20 RED SPOTTY PAPER NAPKINS ,29.503184348620184
16883.0,21080,SET/20 RED RETROSPOT PAPER NAPKINS ,29.503184348620184
16883.0,84992,72 SWEETHEART FAIRY CAKE CASES,29.1845752966164
16883.0,22147,FELTCRAFT BUTTERFLY HEARTS,28.599903882967748
16883.0,82482,WOODEN PICTURE FRAME WHITE FINISH,27.99564557121258
15877.0,21212,PACK OF 72 RETRO SPOT CAKE CASES,24.101373918546262
15877.0,21212,PACK OF 72 RETROSPOT CAKE CASES,24.101373918546262
15877.0,22910,PAPER CHAIN KIT VINTAGE CHRISTMAS,22.82799359184993
15877.0,21080,SET/20 RED SPOTTY PAPER NAPKINS ,21.95803861861643
15877.0,21080,SET/20 RED RETROSPOT PAPER NAPKINS ,21.95803861861643
15877.0,22382,LUNCHBAG SPACEBOY DESIGN ,21.919067050114325
15877.0,22382,LUNCH BAG SPACEBOY DESIGN ,21.919067050114325
15877.0,20725,LUNCH BAG RED SPOTTY,21.84015806221429
15877.0,20725,LUNCH BAG RED RETROSPOT,21.84015806221429
15877.0,84991,60 TEATIME FAIRY CAKE CASES,21.757909587649642
15877.0,84992,72 SWEETHEART FAIRY CAKE CASES,21.755235481920995
15877.0,22952,72 CAKE CASES VINTAGE CHRISTMAS,21.73675565009835
15877.0,22952,SET 72 CAKE CASES VINTAGE CHRISTMAS,21.73675565009835
15877.0,22952,60 CAKE CASES VINTAGE CHRISTMAS,21.73675565009835
15877.0,84378,SET OF 3 HEART COOKIE CUTTERS,21.37197660724858
15877.0,22551,PLASTERS IN TIN SPACEBOY,21.193512699053713
14779.0,85123A,WHITE HANGING HEART T-LIGHT HOLDER,5.3058336028327595
14779.0,85123A,CREAM HANGING HEART T-LIGHT HOLDER,5.3058336028327595
14779.0,82482,WOODEN PICTURE FRAME WHITE FINISH,5.263695913075314
14779.0,22423,REGENCY CAKESTAND 3 TIER,5.177299705771415
14779.0,82494L,WOODEN FRAME ANTIQUE WHITE ,5.049446271132994
14779.0,22469,HEART OF WICKER SMALL,5.006197573071696
14779.0,21755,LOVE BUILDING BLOCK WORD,4.940462979483109
14779.0,82486,WOOD S/3 CABINET ANT WHITE FINISH,4.896156398065694
14779.0,82486,3 DRAWER ANTIQUE WHITE WOOD CABINET,4.896156398065694
14779.0,22457,NATURAL SLATE HEART CHALKBOARD ,4.878843032101769
14779.0,22470,HEART OF WICKER LARGE,4.845859996046072
14779.0,22624,IVORY KITCHEN SCALES,4.841397165558161
16689.0,85123A,WHITE HANGING HEART T-LIGHT HOLDER,2.0398218563181967
16689.0,85123A,CREAM HANGING HEART T-LIGHT HOLDER,2.0398218563181967
16689.0,22423,REGENCY CAKESTAND 3 TIER,1.9488853007622136
16689.0,21889,WOODEN BOX OF DOMINOES,1.945289644151894
16689.0,22086,PAPER CHAIN KIT 50'S CHRISTMAS ,1.9295333427991799
16689.0,22865,HAND WARMER OWL DESIGN,1.9249521571762949
16689.0,22470,HEART OF WICKER LARGE,1.9245253374345848
16689.0,22469,HEART OF WICKER SMALL,1.909510961023532
16689.0,21034,REX CASH+CARRY JUMBO SHOPPER,1.907723306181145
16689.0,22139,RETRO SPOT TEA SET CERAMIC 11 PC ,1.8813255390327068
16689.0,22139,11 PC CERAMIC TEA SET POLKADOT,1.8813255390327068
16689.0,22139,RETROSPOT TEA SET CERAMIC 11 PC ,1.8813255390327068
16689.0,21080,SET/20 RED SPOTTY PAPER NAPKINS ,1.8458735173555552
16689.0,21080,SET/20 RED RETROSPOT PAPER NAPKINS ,1.8458735173555552
16420.0,22736,"RIBBON REEL, MAKING SNOWMEN ",0.7914834933171516
16420.0,22736,RIBBON REEL MAKING SNOWMEN ,0.7914834933171516
16420.0,22910,PAPER CHAIN KIT VINTAGE CHRISTMAS,0.6743830072232633
16420.0,22739,"RIBBON REEL, XMAS SOCK/BAUBLE",0.6513196576218295
16420.0,22739,RIBBON REEL CHRISTMAS SOCK BAUBLE,0.6513196576218295
16420.0,22909,SET OF 20 VINTAGE CHRISTMAS NAPKINS,0.6482418719711014
16420.0,22734,SET OF 6 RIBBONS VINTAGE CHRISTMAS,0.6284899366035381
16420.0,22737,RIBBON REEL CHRISTMAS PRESENT ,0.6226234086312145
16420.0,22818,CARD CHRISTMAS VILLAGE,0.589313731929639
16420.0,22952,72 CAKE CASES VINTAGE CHRISTMAS,0.5821867156262683
16420.0,22952,SET 72 CAKE CASES VINTAGE CHRISTMAS,0.5821867156262683
16420.0,22952,60 CAKE CASES VINTAGE CHRISTMAS,0.5821867156262683
16420.0,22086,PAPER CHAIN KIT 50'S CHRISTMAS ,0.54393718448179
16420.0,22733,3D STICKERS TRADITIONAL CHRISTMAS ,0.5275053991410087
16420.0,22733,3D TRADITIONAL CHRISTMAS STICKERS,0.5275053991410087
14752.0,21791,VINTAGE HEADS AND TAILS CARD GAME ,1.6819083761862008
14752.0,21889,WOODEN BOX OF DOMINOES,1.5880833875180302
14752.0,21912,VINTAGE SNAKES & LADDERS,1.4657338078099729
14752.0,22548,HEADS AND TAILS SPORTING FUN,1.3451614300341215
14752.0,22560,TRADITIONAL MODELLING CLAY,1.3413547264365824
14752.0,22549,PICTURE DOMINOES,1.331485979579865
14752.0,22489,PACK OF 12 TRADITIONAL CRAYONS,1.2983605338192967
14752.0,22550,HOLIDAY FUN LUDO,1.2850229062684877
14752.0,22623,BOX OF VINTAGE JIGSAW BLOCKS ,1.252829775131185
14752.0,21915,RED  HARMONICA IN BOX ,1.2398302711584974
14046.0,17013C,ORIGAMI LAVENDER INCENSE IN TUBE,2.2422770947937933
14046.0,85230A,OPIUM SCENTED VOTIVE CANDLE,2.113646309769224
14046.0,21167,WHITE SAGE INCENSE,2.0464911133222086
14046.0,84720,DOT MATRIX CANVAS ART PICTURE,1.994874995990577
14046.0,17084R,ASSORTED INCENSE PACK,1.9337041176855465
14046.0,35160,BUDDHA INCENSE HOLDER ASSORTED,1.889504943535976
14046.0,85230F,JASMINE VOTIVE CANDLE,1.7475596939339768
14046.0,84402B,PURPLE DRESS JEWELLERY STAND,1.7473583221508917
14046.0,84387A,BIRD ON BRANCH CANVAS SCREEN,1.708555726888369
14046.0,16168S,FUNKY MONKEY GIFT BAG SMALL,1.706344611384053
15715.0,21843,RETRO SPOT CAKE STAND,7.640259773825535
15715.0,21843,RED RETROSPOT CAKE STAND,7.640259773825535
15715.0,22469,HEART OF WICKER SMALL,7.048684065152163
15715.0,21733,RED HANGING HEART T-LIGHT HOLDER,6.951379118220696
15715.0,21212,PACK OF 72 RETRO SPOT CAKE CASES,6.886122911661354
15715.0,21212,PACK OF 72 RETROSPOT CAKE CASES,6.886122911661354
15715.0,22423,REGENCY CAKESTAND 3 TIER,6.719724355056547
15715.0,84991,60 TEATIME FAIRY CAKE CASES,6.645124137829329
15715.0,21755,LOVE BUILDING BLOCK WORD,6.605598320173062
15715.0,21217,RED SPOTTY ROUND CAKE TINS,6.502234390802228
15715.0,21217,RED RETROSPOT ROUND CAKE TINS,6.502234390802228
15715.0,48187,DOOR MAT NEW ENGLAND,6.38729873563901
15715.0,48187,DOORMAT NEW ENGLAND,6.38729873563901
15715.0,21754,HOME BUILDING BLOCK WORD,6.378464071450399
12447.0,21240,BLUE  SPOTTY CUP,7.134177986493357
12447.0,21240,BLUE POLKADOT CUP,7.134177986493357
12447.0,20675,BLUE SPOTTY BOWL,7.121632326459129
12447.0,20675,BLUE POLKADOT BOWL,7.121632326459129
12447.0,21212,PACK OF 72 RETRO SPOT CAKE CASES,7.092969242486823
12447.0,21212,PACK OF 72 RETROSPOT CAKE CASES,7.092969242486823
12447.0,20677,PINK SPOTTY BOWL,7.04137150120746
12447.0,20677,PINK POLKADOT BOWL,7.04137150120746
12447.0,21239,PINK  SPOTTY CUP,6.9498183746747
12447.0,21239,PINK  POLKADOT CUP,6.9498183746747
12447.0,20725,LUNCH BAG RED SPOTTY,6.943705270324447
12447.0,20725,LUNCH BAG RED RETROSPOT,6.943705270324447
12447.0,22629,SPACEBOY LUNCH BOX ,6.850156660490232
12447.0,21243,PINK  SPOTTY PLATE ,6.705724827772865
12447.0,21243,PINK  POLKADOT PLATE ,6.705724827772865
12447.0,21243,PINK POLKADOT PLATE ,6.705724827772865
12447.0,20726,LUNCH BAG WOODLAND,6.647007470421891
12447.0,84997B,RED 3 PIECE MINI DOTS CUTLERY SET,6.645629298417204
12447.0,84997B,RED 3 PIECE RETROSPOT CUTLERY SET,6.645629298417204
12447.0,84997B,CHILDRENS CUTLERY RETROSPOT RED ,6.645629298417204
12890.0,21212,PACK OF 72 RETRO SPOT CAKE CASES,24.88289803652833
12890.0,21212,PACK OF 72 RETROSPOT CAKE CASES,24.88289803652833
12890.0,20725,LUNCH BAG RED SPOTTY,22.966877727726946
12890.0,20725,LUNCH BAG RED RETROSPOT,22.966877727726946
12890.0,22910,PAPER CHAIN KIT VINTAGE CHRISTMAS,22.56945379039778
12890.0,84992,72 SWEETHEART FAIRY CAKE CASES,22.444251295710565
12890.0,22382,LUNCHBAG SPACEBOY DESIGN ,22.406322158047637
12890.0,22382,LUNCH BAG SPACEBOY DESIGN ,22.406322158047637
12890.0,22551,PLASTERS IN TIN SPACEBOY,22.178920948623343
12890.0,22865,HAND WARMER OWL DESIGN,21.82373768689253
12890.0,22384,LUNCHBAG PINK RETROSPOT,21.797688020616253
12890.0,22384,LUNCH BAG PINK RETROSPOT,21.797688020616253
12890.0,22384,LUNCH BAG PINK POLKADOT,21.797688020616253
12890.0,22384,LUNCH BAG PINK POLKADOTS,21.797688020616253
12890.0,21977,PACK OF 60 PINK PAISLEY CAKE CASES,21.72478187898778
12890.0,20728,LUNCH BAG CARS BLUE,21.47640011737393
17532.0,22030,SWALLOWS GREETING CARD,0.7563426613705023
17532.0,22107,PIZZA PLATE IN BOX,0.7451732490223603
17532.0,21497,FANCY FONTS BIRTHDAY WRAP,0.7142436802667234
17532.0,22983,"CARD, BILLBOARD FONT",0.7022277008958244
17532.0,22983,CARD BILLBOARD FONT,0.7022277008958244
17532.0,22029,SPACE BOY BIRTHDAY CARD,0.6582906583420444
17532.0,22029,SPACEBOY BIRTHDAY CARD,0.6582906583420444
17532.0,22111,SCOTTIE DOG HOT WATER BOTTLE,0.6447167886229461
17532.0,85014B,RED/WHITE DOTS RUFFLED UMBRELLA,0.6393684432694651
17532.0,85014B,RED RETROSPOT UMBRELLA,0.6393684432694651
17532.0,22026,BANQUET BIRTHDAY  CARD  ,0.6367908604238477
17532.0,84991,60 TEATIME FAIRY CAKE CASES,0.6348115875888389
17532.0,22023,EMPIRE BIRTHDAY CARD,0.6280584524105876
15942.0,21790,VINTAGE SNAP CARDS,3.488647664235662
15942.0,21791,VINTAGE HEADS AND TAILS CARD GAME ,3.3153571541081504
15942.0,22139,RETRO SPOT TEA SET CERAMIC 11 PC ,3.0867618686322493
15942.0,22139,11 PC CERAMIC TEA SET POLKADOT,3.0867618686322493
15942.0,22139,RETROSPOT TEA SET CERAMIC 11 PC ,3.0867618686322493
15942.0,21915,RED  HARMONICA IN BOX ,3.057413970057757
15942.0,22561,WOODEN SCHOOL COLOURING SET,3.0531769264157758
15942.0,22549,PICTURE DOMINOES,3.0361367111774262
15942.0,22138,BAKING SET 9 PIECE RETROSPOT ,3.019951035994998
15942.0,21914,BLUE HARMONICA IN BOX ,2.9715064924269434
15942.0,22619,SET OF 6 SOLDIER SKITTLES,2.934017801507627
15942.0,22619, SET Of 6 SOLDIER SKITTLES,2.934017801507627
15942.0,22560,TRADITIONAL MODELLING CLAY,2.927247479095515
14441.0,22469,HEART OF WICKER SMALL,19.666845461612336
14441.0,21733,RED HANGING HEART T-LIGHT HOLDER,19.517113613991672
14441.0,22470,HEART OF WICKER LARGE,19.50293176252218
14441.0,21755,LOVE BUILDING BLOCK WORD,19.04256843605063
14441.0,82494L,WOODEN FRAME ANTIQUE WHITE ,18.48670874709949
14441.0,21166,COOK WITH WINE METAL SIGN ,18.462268296063428
14441.0,82482,WOODEN PICTURE FRAME WHITE FINISH,18.30281422343492
14441.0,22114,HOT WATER BOTTLE TEA AND SYMPATHY,18.136108977649076
14441.0,21080,SET/20 RED SPOTTY PAPER NAPKINS ,17.98323420275238
14441.0,21080,SET/20 RED RETROSPOT PAPER NAPKINS ,17.98323420275238
14441.0,82600,NO SINGING METAL SIGN,17.974683782789626
14441.0,82600,N0 SINGING METAL SIGN,17.974683782789626
16195.0,21790,VINTAGE SNAP CARDS,4.202383823502501
16195.0,21791,VINTAGE HEADS AND TAILS CARD GAME ,3.955635795762046
16195.0,21212,PACK OF 72 RETRO SPOT CAKE CASES,3.8816517726087065
16195.0,21212,PACK OF 72 RETROSPOT CAKE CASES,3.8816517726087065
16195.0,22910,PAPER CHAIN KIT VINTAGE CHRISTMAS,3.793994800193117
16195.0,22147,FELTCRAFT BUTTERFLY HEARTS,3.7822592873961502
16195.0,22149,FELTCRAFT 6 FLOWER FRIENDS,3.741125611366053
16195.0,22423,REGENCY CAKESTAND 3 TIER,3.683532527299053
16195.0,85123A,WHITE HANGING HEART T-LIGHT HOLDER,3.638905721250477
16195.0,85123A,CREAM HANGING HEART T-LIGHT HOLDER,3.638905721250477
16195.0,84991,60 TEATIME FAIRY CAKE CASES,3.570222564638905
16195.0,22561,WOODEN SCHOOL COLOURING SET,3.5442525521967316
14868.0,22086,PAPER CHAIN KIT 50'S CHRISTMAS ,29.536244204455304
14868.0,21212,PACK OF 72 RETRO SPOT CAKE CASES,28.932545548048903
14868.0,21212,PACK OF 72 RETROSPOT CAKE CASES,28.932545548048903
14868.0,22910,PAPER CHAIN KIT VINTAGE CHRISTMAS,28.854375726272554
14868.0,22551,PLASTERS IN TIN SPACEBOY,28.19891089835507
14868.0,20726,LUNCH BAG WOODLAND,27.78662182285037
14868.0,23207,LUNCH BAG ALPHABET DESIGN,27.421973762948667
14868.0,85099B,JUMBO BAG RED WHITE SPOTTY ,27.075865923638368
14868.0,85099B,RED RETROSPOT JUMBO BAG ,27.075865923638368
14868.0,85099B,JUMBO BAG RED RETROSPOT,27.075865923638368
14868.0,84991,60 TEATIME FAIRY CAKE CASES,26.34679905807433
14868.0,22662,LUNCH BAG DOLLY GIRL DESIGN,26.272475335578964
14868.0,22750,FELTCRAFT PRINCESS LOLA DOLL,26.21981558451349
17792.0,22470,HEART OF WICKER LARGE,10.742454071665122
17792.0,21733,RED HANGING HEART T-LIGHT HOLDER,9.889262575311792
17792.0,21181,PLEASE ONE PERSON  METAL SIGN,9.562277698190695
17792.0,21181,PLEASE ONE PERSON METAL SIGN,9.562277698190695
17792.0,21175,GIN + TONIC DIET METAL SIGN,9.54974692971775
17792.0,21175,GIN AND TONIC DIET METAL SIGN,9.54974692971775
17792.0,20725,LUNCH BAG RED SPOTTY,9.385560596732404
17792.0,20725,LUNCH BAG RED RETROSPOT,9.385560596732404
17792.0,84836,ZINC METAL HEART DECORATION,9.26024185398285
17792.0,22297,HEART IVORY TRELLIS SMALL,9.182820344991795
17792.0,22189,CREAM HEART CARD HOLDER,9.1170586206625
17792.0,22382,LUNCHBAG SPACEBOY DESIGN ,9.002814324292498
17792.0,22382,LUNCH BAG SPACEBOY DESIGN ,9.002814324292498
17792.0,85099B,JUMBO BAG RED WHITE SPOTTY ,8.980759869406455
17792.0,85099B,RED RETROSPOT JUMBO BAG ,8.980759869406455
17792.0,85099B,JUMBO BAG RED RETROSPOT,8.980759869406455
15848.0,20725,LUNCH BAG RED SPOTTY,6.512491239052362
15848.0,20725,LUNCH BAG RED RETROSPOT,6.512491239052362
15848.0,22382,LUNCHBAG SPACEBOY DESIGN ,6.475079249801717
15848.0,22382,LUNCH BAG SPACEBOY DESIGN ,6.475079249801717
15848.0,21212,PACK OF 72 RETRO SPOT CAKE CASES,6.358368194152763
15848.0,21212,PACK OF 72 RETROSPOT CAKE CASES,6.358368194152763
15848.0,22384,LUNCHBAG PINK RETROSPOT,6.2699451916266105
15848.0,22384,LUNCH BAG PINK RETROSPOT,6.2699451916266105
15848.0,22384,LUNCH BAG PINK POLKADOT,6.2699451916266105
15848.0,22384,LUNCH BAG PINK POLKADOTS,6.2699451916266105
15848.0,20728,LUNCH BAG CARS BLUE,6.226560813360141
15848.0,20727,LUNCH BAG  BLACK SKULL.,6.135677027870325
15848.0,22383,LUNCHBAG SUKI  DESIGN ,6.038807765963451
15848.0,22383,LUNCH BAG SUKI  DESIGN ,6.038807765963451
15848.0,22383,LUNCH BAG SUKI DESIGN ,6.038807765963451
15848.0,21080,SET/20 RED SPOTTY PAPER NAPKINS ,5.996171795098151
15848.0,21080,SET/20 RED RETROSPOT PAPER NAPKINS ,5.996171795098151
15848.0,85099B,JUMBO BAG RED WHITE SPOTTY ,5.97532958279721
15848.0,85099B,RED RETROSPOT JUMBO BAG ,5.97532958279721
15848.0,85099B,JUMBO BAG RED RETROSPOT,5.97532958279721
15848.0,22554,PLASTERS IN TIN WOODLAND ANIMALS,5.950724509586765
17530.0,20725,LUNCH BAG RED SPOTTY,63.71919778416504
17530.0,20725,LUNCH BAG RED RETROSPOT,63.71919778416504
17530.0,22382,LUNCHBAG SPACEBOY DESIGN ,63.54833770265764
17530.0,22382,LUNCH BAG SPACEBOY DESIGN ,63.54833770265764
17530.0,21080,SET/20 RED SPOTTY PAPER NAPKINS ,61.390415671282256
17530.0,21080,SET/20 RED RETROSPOT PAPER NAPKINS ,61.390415671282256
17530.0,22384,LUNCHBAG PINK RETROSPOT,61.15400540216058
17530.0,22384,LUNCH BAG PINK RETROSPOT,61.15400540216058
17530.0,22384,LUNCH BAG PINK POLKADOT,61.15400540216058
17530.0,22384,LUNCH BAG PINK POLKADOTS,61.15400540216058
17530.0,20728,LUNCH BAG CARS BLUE,60.901545086587376
17530.0,20727,LUNCH BAG  BLACK SKULL.,60.501248604454624
17530.0,22865,HAND WARMER OWL DESIGN,60.09513000133012
17530.0,85099B,JUMBO BAG RED WHITE SPOTTY ,60.09150918892577
17530.0,85099B,RED RETROSPOT JUMBO BAG ,60.09150918892577
17530.0,85099B,JUMBO BAG RED RETROSPOT,60.09150918892577
17530.0,20726,LUNCH BAG WOODLAND,58.28861117293238
17530.0,23209,LUNCH BAG DOILEY PATTERN ,58.12119281287739
17530.0,23209,LUNCH BAG VINTAGE DOILY ,58.12119281287739
17530.0,23209,LUNCH BAG VINTAGE DOILEY ,58.12119281287739
16639.0,21212,PACK OF 72 RETRO SPOT CAKE CASES,17.202075059172888
16639.0,21212,PACK OF 72 RETROSPOT CAKE CASES,17.202075059172888
16639.0,20725,LUNCH BAG RED SPOTTY,17.02399965664593
16639.0,20725,LUNCH BAG RED RETROSPOT,17.02399965664593
16639.0,85099B,JUMBO BAG RED WHITE SPOTTY ,16.167139602832147
16639.0,85099B,RED RETROSPOT JUMBO BAG ,16.167139602832147
16639.0,85099B,JUMBO BAG RED RETROSPOT,16.167139602832147
16639.0,20727,LUNCH BAG  BLACK SKULL.,15.946224163476954
16639.0,22383,LUNCHBAG SUKI  DESIGN ,15.917567230870699
16639.0,22383,LUNCH BAG SUKI  DESIGN ,15.917567230870699
16639.0,22383,LUNCH BAG SUKI DESIGN ,15.917567230870699
16639.0,84992,72 SWEETHEART FAIRY CAKE CASES,15.7134697114356
16639.0,22423,REGENCY CAKESTAND 3 TIER,15.51434887123012
16639.0,22086,PAPER CHAIN KIT 50'S CHRISTMAS ,15.488281592983661
16639.0,21733,RED HANGING HEART T-LIGHT HOLDER,15.277122391406634
16639.0,22865,HAND WARMER OWL DESIGN,15.140147692232599
15817.0,85123A,WHITE HANGING HEART T-LIGHT HOLDER,24.134283372349
15817.0,85123A,CREAM HANGING HEART T-LIGHT HOLDER,24.134283372349
15817.0,22469,HEART OF WICKER SMALL,22.06552298995791
15817.0,21733,RED HANGING HEART T-LIGHT HOLDER,21.14067096832154
15817.0,22470,HEART OF WICKER LARGE,20.70770449474086
15817.0,21212,PACK OF 72 RETRO SPOT CAKE CASES,20.509270720727628
15817.0,21212,PACK OF 72 RETROSPOT CAKE CASES,20.509270720727628
15817.0,22423,REGENCY CAKESTAND 3 TIER,20.425384048472363
15817.0,22457,NATURAL SLATE HEART CHALKBOARD ,19.85032550250719
15817.0,84992,72 SWEETHEART FAIRY CAKE CASES,19.78988456482037
15817.0,22147,FELTCRAFT BUTTERFLY HEARTS,19.696230259936026
15817.0,84836,ZINC METAL HEART DECORATION,19.672824210963693
17748.0,21232,STRAWBERRY CERAMIC TRINKET BOX,4.67687636960511
17748.0,21232,STRAWBERRY CERAMIC TRINKET POT,4.67687636960511
17748.0,84991,60 TEATIME FAIRY CAKE CASES,4.51314873563091
17748.0,21212,PACK OF 72 RETRO SPOT CAKE CASES,4.030112772121832
17748.0,21212,PACK OF 72 RETROSPOT CAKE CASES,4.030112772121832
17748.0,22138,BAKING SET 9 PIECE RETROSPOT ,4.024076544330394
17748.0,20725,LUNCH BAG RED SPOTTY,4.002346042848957
17748.0,20725,LUNCH BAG RED RETROSPOT,4.002346042848957
17748.0,22384,LUNCHBAG PINK RETROSPOT,3.9761313006974808
17748.0,22384,LUNCH BAG PINK RETROSPOT,3.9761313006974808
17748.0,22384,LUNCH BAG PINK POLKADOT,3.9761313006974808
17748.0,22384,LUNCH BAG PINK POLKADOTS,3.9761313006974808
17748.0,21156,RED SPOTTY CHILDS APRON,3.97154502887541
17748.0,21156,RETROSPOT CHILDRENS APRON,3.97154502887541
17748.0,22646,CERAMIC STRAWBERRY CAKE MONEY BANK,3.9096230588511967
17748.0,85123A,WHITE HANGING HEART T-LIGHT HOLDER,3.809943713391016
17748.0,85123A,CREAM HANGING HEART T-LIGHT HOLDER,3.809943713391016
17748.0,22382,LUNCHBAG SPACEBOY DESIGN ,3.8056670055582753
17748.0,22382,LUNCH BAG SPACEBOY DESIGN ,3.8056670055582753
16955.0,20676,RED SPOTTY BOWL,7.356010543966175
16955.0,20676,RED RETROSPOT BOWL,7.356010543966175
16955.0,21240,BLUE  SPOTTY CUP,7.164025424312032
16955.0,21240,BLUE POLKADOT CUP,7.164025424312032
16955.0,21239,PINK  SPOTTY CUP,7.139752279174896
16955.0,21239,PINK  POLKADOT CUP,7.139752279174896
16955.0,21238,RED SPOTTY CUP,7.1017736976654975
16955.0,21238,RED RETROSPOT CUP,7.1017736976654975
16955.0,21242,RED SPOTTY PLATE ,6.952507430275093
16955.0,21242,RED RETROSPOT PLATE ,6.952507430275093
16955.0,21212,PACK OF 72 RETRO SPOT CAKE CASES,6.861985050458813
16955.0,21212,PACK OF 72 RETROSPOT CAKE CASES,6.861985050458813
16955.0,21080,SET/20 RED SPOTTY PAPER NAPKINS ,6.74424349783534
16955.0,21080,SET/20 RED RETROSPOT PAPER NAPKINS ,6.74424349783534
16955.0,20725,LUNCH BAG RED SPOTTY,6.375402606749185
16955.0,20725,LUNCH BAG RED RETROSPOT,6.375402606749185
16955.0,84997D,PINK 3 PIECE MINI DOTS CUTLERY SET,6.258476447655652
16955.0,84997D,PINK 3 PIECE POLKADOT CUTLERY SET,6.258476447655652
16955.0,84997D,CHILDRENS CUTLERY POLKADOT PINK,6.258476447655652
16955.0,84997B,RED 3 PIECE MINI DOTS CUTLERY SET,6.201721890843643
16955.0,84997B,RED 3 PIECE RETROSPOT CUTLERY SET,6.201721890843643
16955.0,84997B,CHILDRENS CUTLERY RETROSPOT RED ,6.201721890843643
17123.0,21733,RED HANGING HEART T-LIGHT HOLDER,8.372369264737973
17123.0,21181,PLEASE ONE PERSON  METAL SIGN,8.359985794128708
17123.0,21181,PLEASE ONE PERSON METAL SIGN,8.359985794128708
17123.0,21175,GIN + TONIC DIET METAL SIGN,8.23639932248616
17123.0,21175,GIN AND TONIC DIET METAL SIGN,8.23639932248616
17123.0,21166,COOK WITH WINE METAL SIGN ,8.028843361947407
17123.0,82482,WOODEN PICTURE FRAME WHITE FINISH,7.972232173359867
17123.0,84991,60 TEATIME FAIRY CAKE CASES,7.968428328793007
17123.0,22457,NATURAL SLATE HEART CHALKBOARD ,7.924050253405128
17123.0,84836,ZINC METAL HEART DECORATION,7.848694299762933
17123.0,84992,72 SWEETHEART FAIRY CAKE CASES,7.8273398056357655
17123.0,21755,LOVE BUILDING BLOCK WORD,7.808998534787368
16881.0,15044B,BLUE PAPER PARASOL ,0.3307809602216861
16881.0,15044D,RED PAPER PARASOL,0.31805381467677796
16881.0,15044A,PINK PAPER PARASOL ,0.2974224740400237
16881.0,15044C,PURPLE PAPER PARASOL,0.2814976449144988
16881.0,15034,PAPER POCKET TRAVELING FAN ,0.24863792194265996
16881.0,84692,BOX OF 24 COCKTAIL PARASOLS,0.23096720941848414
16881.0,15039,SANDALWOOD FAN,0.22939784779608938
16881.0,85060,WOOD FAN WITH FLOWER DESIGN,0.22884358824792198
16881.0,17003,BROCADE RING PURSE ,0.21940548617823719
16881.0,40016,CHINESE DRAGON PAPER LANTERNS,0.20921949797393366
15019.0,21212,PACK OF 72 RETRO SPOT CAKE CASES,13.602183530226267
15019.0,21212,PACK OF 72 RETROSPOT CAKE CASES,13.602183530226267
15019.0,85099B,JUMBO BAG RED WHITE SPOTTY ,13.018385921754868
15019.0,85099B,RED RETROSPOT JUMBO BAG ,13.018385921754868
15019.0,85099B,JUMBO BAG RED RETROSPOT,13.018385921754868
15019.0,22382,LUNCHBAG SPACEBOY DESIGN ,12.907099295903949
15019.0,22382,LUNCH BAG SPACEBOY DESIGN ,12.907099295903949
15019.0,22384,LUNCHBAG PINK RETROSPOT,12.798076041131221
15019.0,22384,LUNCH BAG PINK RETROSPOT,12.798076041131221
15019.0,22384,LUNCH BAG PINK POLKADOT,12.798076041131221
15019.0,22384,LUNCH BAG PINK POLKADOTS,12.798076041131221
15019.0,20728,LUNCH BAG CARS BLUE,12.524790738921908
15019.0,22383,LUNCHBAG SUKI  DESIGN ,12.50527880783272
15019.0,22383,LUNCH BAG SUKI  DESIGN ,12.50527880783272
15019.0,22383,LUNCH BAG SUKI DESIGN ,12.50527880783272
15019.0,20727,LUNCH BAG  BLACK SKULL.,12.43573433289164
15019.0,21080,SET/20 RED SPOTTY PAPER NAPKINS ,12.40250558922806
15019.0,21080,SET/20 RED RETROSPOT PAPER NAPKINS ,12.40250558922806
15019.0,84991,60 TEATIME FAIRY CAKE CASES,12.284209565875592
15019.0,84992,72 SWEETHEART FAIRY CAKE CASES,12.283002962650071
16767.0,22383,LUNCHBAG SUKI  DESIGN ,41.73000912712843
16767.0,22383,LUNCH BAG SUKI  DESIGN ,41.73000912712843
16767.0,22383,LUNCH BAG SUKI DESIGN ,41.73000912712843
16767.0,22551,PLASTERS IN TIN SPACEBOY,41.19749577071049
16767.0,85099B,JUMBO BAG RED WHITE SPOTTY ,40.86462871771223
16767.0,85099B,RED RETROSPOT JUMBO BAG ,40.86462871771223
16767.0,85099B,JUMBO BAG RED RETROSPOT,40.86462871771223
16767.0,84991,60 TEATIME FAIRY CAKE CASES,39.50506081295147
16767.0,22662,LUNCH BAG DOLLY GIRL DESIGN,39.39672335589773
16767.0,21080,SET/20 RED SPOTTY PAPER NAPKINS ,39.34060185219846
16767.0,21080,SET/20 RED RETROSPOT PAPER NAPKINS ,39.34060185219846
16767.0,22367,CHILDS APRON SPACEBOY DESIGN,38.33642918076909
16767.0,22367,CHILDRENS APRON SPACEBOY DESIGN,38.33642918076909
16767.0,22385,JUMBO BAG SPACEBOY DESIGN,37.94798577487513
16767.0,22910,PAPER CHAIN KIT VINTAGE CHRISTMAS,37.68363075431432
16767.0,22629,SPACEBOY LUNCH BOX ,37.29383156139312
16007.0,20725,LUNCH BAG RED SPOTTY,63.220177117164894
16007.0,20725,LUNCH BAG RED RETROSPOT,63.220177117164894
16007.0,22382,LUNCHBAG SPACEBOY DESIGN ,61.97351096493457
16007.0,22382,LUNCH BAG SPACEBOY DESIGN ,61.97351096493457
16007.0,22384,LUNCHBAG PINK RETROSPOT,61.33051403062505
16007.0,22384,LUNCH BAG PINK RETROSPOT,61.33051403062505
16007.0,22384,LUNCH BAG PINK POLKADOT,61.33051403062505
16007.0,22384,LUNCH BAG PINK POLKADOTS,61.33051403062505
16007.0,20728,LUNCH BAG CARS BLUE,60.15363986463922
16007.0,20727,LUNCH BAG  BLACK SKULL.,60.1051402764054
16007.0,22383,LUNCHBAG SUKI  DESIGN ,59.567090860383495
16007.0,22383,LUNCH BAG SUKI  DESIGN ,59.567090860383495
16007.0,22383,LUNCH BAG SUKI DESIGN ,59.567090860383495
16007.0,20726,LUNCH BAG WOODLAND,57.717243611109666
16007.0,23209,LUNCH BAG DOILEY PATTERN ,57.29225804334414
16007.0,23209,LUNCH BAG VINTAGE DOILY ,57.29225804334414
16007.0,23209,LUNCH BAG VINTAGE DOILEY ,57.29225804334414
16007.0,22865,HAND WARMER OWL DESIGN,56.85754503169383
16007.0,22662,LUNCH BAG DOLLY GIRL DESIGN,55.853254741173686
15367.0,20727,LUNCH BAG  BLACK SKULL.,44.276217214604685
15367.0,21080,SET/20 RED SPOTTY PAPER NAPKINS ,42.95258661228316
15367.0,21080,SET/20 RED RETROSPOT PAPER NAPKINS ,42.95258661228316
15367.0,20726,LUNCH BAG WOODLAND,42.33308710322681
15367.0,23209,LUNCH BAG DOILEY PATTERN ,40.08817829491267
15367.0,23209,LUNCH BAG VINTAGE DOILY ,40.08817829491267
15367.0,23209,LUNCH BAG VINTAGE DOILEY ,40.08817829491267
15367.0,84378,SET OF 3 HEART COOKIE CUTTERS,39.82262104609811
15367.0,22662,LUNCH BAG DOLLY GIRL DESIGN,39.38199896923406
15367.0,20914,SET/5 RED SPOTTY LID GLASS BOWLS,39.168371861874675
15367.0,20914,SET/5 RED RETROSPOT LID GLASS BOWLS,39.168371861874675
15367.0,22086,PAPER CHAIN KIT 50'S CHRISTMAS ,39.05243572599873
15367.0,23207,LUNCH BAG ALPHABET DESIGN,39.00406378144423
15367.0,22558,CLOTHES PEGS RETROSPOT PACK 24 ,38.45344687365885
16176.0,22470,HEART OF WICKER LARGE,11.900002102840762
16176.0,21755,LOVE BUILDING BLOCK WORD,11.043599063568278
16176.0,22423,REGENCY CAKESTAND 3 TIER,11.030861213489398
16176.0,82482,WOODEN PICTURE FRAME WHITE FINISH,11.018760638261691
16176.0,21485,RED SPOT HEART HOT WATER BOTTLE,10.906299034302862
16176.0,21485,RETROSPOT HEART HOT WATER BOTTLE,10.906299034302862
16176.0,82494L,WOODEN FRAME ANTIQUE WHITE ,10.879534070794255
16176.0,84836,ZINC METAL HEART DECORATION,10.671760632273614
16176.0,21754,HOME BUILDING BLOCK WORD,10.58676890402339
16176.0,20725,LUNCH BAG RED SPOTTY,10.551557600010142
16176.0,20725,LUNCH BAG RED RETROSPOT,10.551557600010142
16176.0,21175,GIN + TONIC DIET METAL SIGN,10.537948026930795
16176.0,21175,GIN AND TONIC DIET METAL SIGN,10.537948026930795
18232.0,85123A,WHITE HANGING HEART T-LIGHT HOLDER,6.633490993618972
18232.0,85123A,CREAM HANGING HEART T-LIGHT HOLDER,6.633490993618972
18232.0,22423,REGENCY CAKESTAND 3 TIER,6.275515018925256
18232.0,21212,PACK OF 72 RETRO SPOT CAKE CASES,6.011979952771217
18232.0,21212,PACK OF 72 RETROSPOT CAKE CASES,6.011979952771217
18232.0,22720,SET OF 3 CAKE TINS PANTRY DESIGN ,5.999885854302879
18232.0,47566,PARTY BUNTING,5.897964306022848
18232.0,22666,RECIPE BOX PANTRY YELLOW DESIGN,5.888610910040496
18232.0,21733,RED HANGING HEART T-LIGHT HOLDER,5.664170593107758
18232.0,84879,ASSORTED COLOUR BIRD ORNAMENT,5.555506706579068
18232.0,84991,60 TEATIME FAIRY CAKE CASES,5.533866594550613
18232.0,20725,LUNCH BAG RED SPOTTY,5.528348861217139
18232.0,20725,LUNCH BAG RED RETROSPOT,5.528348861217139
15950.0,21212,PACK OF 72 RETRO SPOT CAKE CASES,49.06389559385289
15950.0,21212,PACK OF 72 RETROSPOT CAKE CASES,49.06389559385289
15950.0,20726,LUNCH BAG WOODLAND,47.730412468678175
15950.0,21080,SET/20 RED SPOTTY PAPER NAPKINS ,45.65551093080864
15950.0,21080,SET/20 RED RETROSPOT PAPER NAPKINS ,45.65551093080864
15950.0,23209,LUNCH BAG DOILEY PATTERN ,44.98241325505051
15950.0,23209,LUNCH BAG VINTAGE DOILY ,44.98241325505051
15950.0,23209,LUNCH BAG VINTAGE DOILEY ,44.98241325505051
15950.0,84991,60 TEATIME FAIRY CAKE CASES,44.89829197524281
15950.0,84992,72 SWEETHEART FAIRY CAKE CASES,44.55984127882298
15950.0,22551,PLASTERS IN TIN SPACEBOY,43.739138704575026
15950.0,23206,LUNCH BAG APPLE DESIGN,43.59364240876901
15950.0,22328,"ROUND SNACK BOXES ,SET 4, FRUITS ",43.15788094898782
15950.0,22328,ROUND SNACK BOXES SET OF 4 FRUITS ,43.15788094898782
15950.0,22367,CHILDS APRON SPACEBOY DESIGN,42.622461413144954
15950.0,22367,CHILDRENS APRON SPACEBOY DESIGN,42.622461413144954
12426.0,21212,PACK OF 72 RETRO SPOT CAKE CASES,12.341687898753895
12426.0,21212,PACK OF 72 RETROSPOT CAKE CASES,12.341687898753895
12426.0,22556,PLASTERS IN TIN CIRCUS PARADE ,11.910335135075572
12426.0,20725,LUNCH BAG RED SPOTTY,11.858508974598712
12426.0,20725,LUNCH BAG RED RETROSPOT,11.858508974598712
12426.0,22382,LUNCHBAG SPACEBOY DESIGN ,11.718154779655569
12426.0,22382,LUNCH BAG SPACEBOY DESIGN ,11.718154779655569
12426.0,22630,DOLLY GIRL LUNCH BOX,11.655438690851753
12426.0,21080,SET/20 RED SPOTTY PAPER NAPKINS ,11.621881937997141
12426.0,21080,SET/20 RED RETROSPOT PAPER NAPKINS ,11.621881937997141
12426.0,20726,LUNCH BAG WOODLAND,11.570109351264252
12426.0,22423,REGENCY CAKESTAND 3 TIER,11.386657308261166
12426.0,85099B,JUMBO BAG RED WHITE SPOTTY ,11.372194563177592
12426.0,85099B,RED RETROSPOT JUMBO BAG ,11.372194563177592
12426.0,85099B,JUMBO BAG RED RETROSPOT,11.372194563177592
12426.0,20676,RED SPOTTY BOWL,11.352268092932562
12426.0,20676,RED RETROSPOT BOWL,11.352268092932562
14576.0,21112,"SWISS ROLL TOWEL, PINK  SPOTS",0.5823200864931418
14576.0,21112,SWISS ROLL TOWEL PINK  SPOTS,0.5823200864931418
14576.0,21109,"LARGE CAKE TOWEL, CHOCOLATE SPOTS",0.4435340568163751
14576.0,21109,LARGE CAKE TOWEL CHOCOLATE SPOTS,0.4435340568163751
14576.0,21110,LARGE CAKE TOWEL PINK SPOTS,0.4296508854086645
14576.0,21106,CREAM SLICE FLANNEL CHOCOLATE SPOT ,0.40637127688715785
14576.0,21107,CREAM SLICE FLANNEL PINK SPOT ,0.34835846915091784
14576.0,21108,FAIRY CAKE FLANNEL ASSORTED COLOUR,0.3182945491968159
14576.0,22055,MINI CAKE STAND  HANGING STRAWBERY,0.1682782256332602
14576.0,22057,CERAMIC PLATE STRAWBERRY DESIGN,0.1621884914628978
14576.0,37447,CERAMIC CAKE DESIGN SPOTTED PLATE,0.16019491559819207
14576.0,35924,HANGING FAIRY CAKE DECORATION,0.15444484779096493
13299.0,21212,PACK OF 72 RETRO SPOT CAKE CASES,11.244185566565198
13299.0,21212,PACK OF 72 RETROSPOT CAKE CASES,11.244185566565198
13299.0,85123A,WHITE HANGING HEART T-LIGHT HOLDER,11.117393194579646
13299.0,85123A,CREAM HANGING HEART T-LIGHT HOLDER,11.117393194579646
13299.0,20725,LUNCH BAG RED SPOTTY,10.610037290124534
13299.0,20725,LUNCH BAG RED RETROSPOT,10.610037290124534
13299.0,22111,SCOTTIE DOG HOT WATER BOTTLE,10.605440007321366
13299.0,21080,SET/20 RED SPOTTY PAPER NAPKINS ,10.574061800717837
13299.0,21080,SET/20 RED RETROSPOT PAPER NAPKINS ,10.574061800717837
13299.0,22382,LUNCHBAG SPACEBOY DESIGN ,10.349742769636187
13299.0,22382,LUNCH BAG SPACEBOY DESIGN ,10.349742769636187
13299.0,84991,60 TEATIME FAIRY CAKE CASES,10.33207987478692
13299.0,47566,PARTY BUNTING,10.294426349965498
13299.0,85099B,JUMBO BAG RED WHITE SPOTTY ,10.288014846918083
13299.0,85099B,RED RETROSPOT JUMBO BAG ,10.288014846918083
13299.0,85099B,JUMBO BAG RED RETROSPOT,10.288014846918083
13299.0,22666,RECIPE BOX PANTRY YELLOW DESIGN,10.114433757582706
17729.0,84991,60 TEATIME FAIRY CAKE CASES,5.351478088112275
17729.0,20725,LUNCH BAG RED SPOTTY,5.3306445459074965
17729.0,20725,LUNCH BAG RED RETROSPOT,5.3306445459074965
17729.0,21733,RED HANGING HEART T-LIGHT HOLDER,5.178870797733435
17729.0,22411,JUMBO SHOPPER VINTAGE RED PAISLEY,5.124757744943119
17729.0,22384,LUNCHBAG PINK RETROSPOT,5.121481971028592
17729.0,22384,LUNCH BAG PINK RETROSPOT,5.121481971028592
17729.0,22384,LUNCH BAG PINK POLKADOT,5.121481971028592
17729.0,22384,LUNCH BAG PINK POLKADOTS,5.121481971028592
17729.0,22469,HEART OF WICKER SMALL,5.106217110719183
17729.0,22470,HEART OF WICKER LARGE,5.00545214833228
17729.0,22423,REGENCY CAKESTAND 3 TIER,4.964683405556342
17729.0,84992,72 SWEETHEART FAIRY CAKE CASES,4.943605144569793
17729.0,21929,JUMBO BAG PINK VINTAGE PAISLEY,4.876109956327481
15012.0,21212,PACK OF 72 RETRO SPOT CAKE CASES,31.768900969254027
15012.0,21212,PACK OF 72 RETROSPOT CAKE CASES,31.768900969254027
15012.0,20725,LUNCH BAG RED SPOTTY,30.312513478375074
15012.0,20725,LUNCH BAG RED RETROSPOT,30.312513478375074
15012.0,22382,LUNCHBAG SPACEBOY DESIGN ,29.831173023324975
15012.0,22382,LUNCH BAG SPACEBOY DESIGN ,29.831173023324975
15012.0,22384,LUNCHBAG PINK RETROSPOT,29.408495182759328
15012.0,22384,LUNCH BAG PINK RETROSPOT,29.408495182759328
15012.0,22384,LUNCH BAG PINK POLKADOT,29.408495182759328
15012.0,22384,LUNCH BAG PINK POLKADOTS,29.408495182759328
15012.0,84991,60 TEATIME FAIRY CAKE CASES,29.077742227896778
15012.0,22383,LUNCHBAG SUKI  DESIGN ,28.654394498778533
15012.0,22383,LUNCH BAG SUKI  DESIGN ,28.654394498778533
15012.0,22383,LUNCH BAG SUKI DESIGN ,28.654394498778533
15012.0,20728,LUNCH BAG CARS BLUE,28.386020549953585
15012.0,20726,LUNCH BAG WOODLAND,27.898646857887005
15012.0,22411,JUMBO SHOPPER VINTAGE RED PAISLEY,27.845274469922185
15012.0,22417,PACK OF 60 SPACEBOY CAKE CASES,27.736546072494807
12642.0,21212,PACK OF 72 RETRO SPOT CAKE CASES,10.260530407817232
12642.0,21212,PACK OF 72 RETROSPOT CAKE CASES,10.260530407817232
12642.0,21080,SET/20 RED SPOTTY PAPER NAPKINS ,9.765878740665935
12642.0,21080,SET/20 RED RETROSPOT PAPER NAPKINS ,9.765878740665935
12642.0,22417,PACK OF 60 SPACEBOY CAKE CASES,8.556875585597355
12642.0,84991,60 TEATIME FAIRY CAKE CASES,8.480245268284294
12642.0,21977,PACK OF 60 PINK PAISLEY CAKE CASES,8.424031281459964
12642.0,21213,PACK OF 72 SKULL CAKE CASES,8.221564403352234
12642.0,84992,72 SWEETHEART FAIRY CAKE CASES,8.202728731299043
12642.0,20725,LUNCH BAG RED SPOTTY,8.017820601858624
12642.0,20725,LUNCH BAG RED RETROSPOT,8.017820601858624
12642.0,21975,PACK OF 60 DINOSAUR CAKE CASES,8.00582606963529
12642.0,23307,SET OF 60 PANTRY DESIGN CAKE CASES ,7.930612952509696
18256.0,22150, 3 STRIPEY MICE FELTCRAFT,2.270293875493252
18256.0,22150,3 STRIPEY MICE FELTCRAFT,2.270293875493252
18256.0,22601,CHRISTMAS RETROSPOT ANGEL WOOD,2.249397077907591
18256.0,22602,CHRISTMAS RETROSPOT HEART WOOD,2.201755499239326
18256.0,22602,RETROSPOT WOODEN HEART DECORATION,2.201755499239326
18256.0,22577,WOODEN HEART CHRISTMAS SCANDINAVIAN,2.0842402537939897
18256.0,22577,WOODEN HEART CHRISTMAS SCANDISPOT,2.0842402537939897
18256.0,20972,PINK CREAM FELT CRAFT TRINKET BOX ,2.079229565437348
18256.0,22086,PAPER CHAIN KIT 50'S CHRISTMAS ,2.0397910591350503
18256.0,20971,PINK BLUE FELT CRAFT TRINKET BOX,2.0270293194728706
18256.0,22338,STAR DECORATION PAINTED ZINC ,1.9541747113681525
18256.0,22578,WOODEN STAR CHRISTMAS SCANDINAVIAN,1.8989234911523458
18256.0,22578,WOODEN STAR CHRISTMAS SCANDISPOT,1.8989234911523458
18256.0,22144,CHRISTMAS CRAFT LITTLE FRIENDS,1.8884417298950944
14726.0,85123A,WHITE HANGING HEART T-LIGHT HOLDER,2.560842237876239
14726.0,85123A,CREAM HANGING HEART T-LIGHT HOLDER,2.560842237876239
14726.0,22469,HEART OF WICKER SMALL,2.5207160041705645
14726.0,84836,ZINC METAL HEART DECORATION,2.4019162658970643
14726.0,22470,HEART OF WICKER LARGE,2.380256220614007
14726.0,84970S,HANGING HEART ZINC T-LIGHT HOLDER,2.378058549040638
14726.0,20727,LUNCH BAG  BLACK SKULL.,2.311139382899829
14726.0,85099B,JUMBO BAG RED WHITE SPOTTY ,2.2825048939742105
14726.0,85099B,RED RETROSPOT JUMBO BAG ,2.2825048939742105
14726.0,85099B,JUMBO BAG RED RETROSPOT,2.2825048939742105
14726.0,22457,NATURAL SLATE HEART CHALKBOARD ,2.2676518642166754
14726.0,22411,JUMBO SHOPPER VINTAGE RED PAISLEY,2.265004362799924
14726.0,22384,LUNCHBAG PINK RETROSPOT,2.2548881762839805
14726.0,22384,LUNCH BAG PINK RETROSPOT,2.2548881762839805
14726.0,22384,LUNCH BAG PINK POLKADOT,2.2548881762839805
14726.0,22384,LUNCH BAG PINK POLKADOTS,2.2548881762839805
15711.0,21755,LOVE BUILDING BLOCK WORD,5.572850621782109
15711.0,21733,RED HANGING HEART T-LIGHT HOLDER,5.46341169917127
15711.0,22457,NATURAL SLATE HEART CHALKBOARD ,5.0540113893440175
15711.0,22297,HEART IVORY TRELLIS SMALL,5.052382209854397
15711.0,84879,ASSORTED COLOUR BIRD ORNAMENT,5.041262667185857
15711.0,22423,REGENCY CAKESTAND 3 TIER,4.891174904553718
15711.0,22189,CREAM HEART CARD HOLDER,4.850005531283513
15711.0,82482,WOODEN PICTURE FRAME WHITE FINISH,4.826812301105592
15711.0,21212,PACK OF 72 RETRO SPOT CAKE CASES,4.777097768033204
15711.0,21212,PACK OF 72 RETROSPOT CAKE CASES,4.777097768033204
15711.0,82494L,WOODEN FRAME ANTIQUE WHITE ,4.762548986711617
18092.0,22111,SCOTTIE DOG HOT WATER BOTTLE,9.165089746894527
18092.0,85123A,WHITE HANGING HEART T-LIGHT HOLDER,8.291354281074138
18092.0,85123A,CREAM HANGING HEART T-LIGHT HOLDER,8.291354281074138
18092.0,21535,RETRO SPOT SMALL MILK JUG,8.214885977140428
18092.0,21535,RED RETROSPOT SMALL MILK JUG,8.214885977140428
18092.0,23355,HOT WATER BOTTLE KEEP CALM,7.992552019715681
18092.0,22865,HAND WARMER OWL DESIGN,7.987677035053842
18092.0,21212,PACK OF 72 RETRO SPOT CAKE CASES,7.955408882490035
18092.0,21212,PACK OF 72 RETROSPOT CAKE CASES,7.955408882490035
18092.0,47566,PARTY BUNTING,7.943616855135752
18092.0,21843,RETRO SPOT CAKE STAND,7.854430995831901
18092.0,21843,RED RETROSPOT CAKE STAND,7.854430995831901
18092.0,22867,HAND WARMER BIRD DESIGN,7.845247407677573
18092.0,22666,RECIPE BOX PANTRY YELLOW DESIGN,7.801599268628592
15543.0,21212,PACK OF 72 RETRO SPOT CAKE CASES,10.388596888276698
15543.0,21212,PACK OF 72 RETROSPOT CAKE CASES,10.388596888276698
15543.0,21080,SET/20 RED SPOTTY PAPER NAPKINS ,10.198547338863051
15543.0,21080,SET/20 RED RETROSPOT PAPER NAPKINS ,10.198547338863051
15543.0,84992,72 SWEETHEART FAIRY CAKE CASES,10.117860537769761
15543.0,84991,60 TEATIME FAIRY CAKE CASES,9.93806736610764
15543.0,21977,PACK OF 60 PINK PAISLEY CAKE CASES,9.686279884759962
15543.0,84378,SET OF 3 HEART COOKIE CUTTERS,9.43670946349047
15543.0,20725,LUNCH BAG RED SPOTTY,9.25147884902303
15543.0,20725,LUNCH BAG RED RETROSPOT,9.25147884902303
15543.0,85123A,WHITE HANGING HEART T-LIGHT HOLDER,9.184920760661893
15543.0,85123A,CREAM HANGING HEART T-LIGHT HOLDER,9.184920760661893
15543.0,22384,LUNCHBAG PINK RETROSPOT,8.885551824519313
15543.0,22384,LUNCH BAG PINK RETROSPOT,8.885551824519313
15543.0,22384,LUNCH BAG PINK POLKADOT,8.885551824519313
15543.0,22384,LUNCH BAG PINK POLKADOTS,8.885551824519313
15543.0,21210,SET OF 72 RETRO SPOT PAPER  DOILIES,8.836924902208246
15543.0,21210,SET OF 72 RETROSPOT PAPER  DOILIES,8.836924902208246
16064.0,22469,HEART OF WICKER SMALL,3.2047837727251958
16064.0,22470,HEART OF WICKER LARGE,3.1922789711134207
16064.0,21755,LOVE BUILDING BLOCK WORD,3.129119465199587
16064.0,22804,CANDLEHOLDER PINK HANGING HEART,2.977059882381594
16064.0,22804,PINK HANGING HEART T-LIGHT HOLDER,2.977059882381594
16064.0,21754,HOME BUILDING BLOCK WORD,2.9096241170707553
16064.0,82482,WOODEN PICTURE FRAME WHITE FINISH,2.89772355741285
16064.0,84836,ZINC METAL HEART DECORATION,2.882647008233606
16064.0,82494L,WOODEN FRAME ANTIQUE WHITE ,2.871396853373721
16064.0,22457,NATURAL SLATE HEART CHALKBOARD ,2.8513579809732366
16064.0,84970S,HANGING HEART ZINC T-LIGHT HOLDER,2.839252501709352
14758.0,82482,WOODEN PICTURE FRAME WHITE FINISH,16.275505754430963
14758.0,22469,HEART OF WICKER SMALL,16.077687440968262
14758.0,82494L,WOODEN FRAME ANTIQUE WHITE ,15.84164553572393
14758.0,22470,HEART OF WICKER LARGE,15.498057830980473
14758.0,21733,RED HANGING HEART T-LIGHT HOLDER,15.265640753445698
14758.0,21755,LOVE BUILDING BLOCK WORD,15.202236189754336
14758.0,21212,PACK OF 72 RETRO SPOT CAKE CASES,15.009092279200656
14758.0,21212,PACK OF 72 RETROSPOT CAKE CASES,15.009092279200656
14758.0,21754,HOME BUILDING BLOCK WORD,14.706610399484621
14758.0,84879,ASSORTED COLOUR BIRD ORNAMENT,14.661840607120421
14758.0,21080,SET/20 RED SPOTTY PAPER NAPKINS ,14.53288918235237
14758.0,21080,SET/20 RED RETROSPOT PAPER NAPKINS ,14.53288918235237
12876.0,20725,LUNCH BAG RED SPOTTY,27.107766983349787
12876.0,20725,LUNCH BAG RED RETROSPOT,27.107766983349787
12876.0,22382,LUNCHBAG SPACEBOY DESIGN ,26.604810516783186
12876.0,22382,LUNCH BAG SPACEBOY DESIGN ,26.604810516783186
12876.0,20726,LUNCH BAG WOODLAND,26.07109993537744
12876.0,22384,LUNCHBAG PINK RETROSPOT,25.55379262453284
12876.0,22384,LUNCH BAG PINK RETROSPOT,25.55379262453284
12876.0,22384,LUNCH BAG PINK POLKADOT,25.55379262453284
12876.0,22384,LUNCH BAG PINK POLKADOTS,25.55379262453284
12876.0,20728,LUNCH BAG CARS BLUE,25.21030421663841
12876.0,22383,LUNCHBAG SUKI  DESIGN ,24.710040496398964
12876.0,22383,LUNCH BAG SUKI  DESIGN ,24.710040496398964
12876.0,22383,LUNCH BAG SUKI DESIGN ,24.710040496398964
12876.0,23206,LUNCH BAG APPLE DESIGN,24.686355846779406
12876.0,23209,LUNCH BAG DOILEY PATTERN ,24.595442063227157
12876.0,23209,LUNCH BAG VINTAGE DOILY ,24.595442063227157
12876.0,23209,LUNCH BAG VINTAGE DOILEY ,24.595442063227157
12876.0,22385,JUMBO BAG SPACEBOY DESIGN,24.452661530860368
12876.0,20727,LUNCH BAG  BLACK SKULL.,24.344006954230284
12502.0,85123A,WHITE HANGING HEART T-LIGHT HOLDER,17.262378927076313
12502.0,85123A,CREAM HANGING HEART T-LIGHT HOLDER,17.262378927076313
12502.0,21212,PACK OF 72 RETRO SPOT CAKE CASES,16.88821062809774
12502.0,21212,PACK OF 72 RETROSPOT CAKE CASES,16.88821062809774
12502.0,20725,LUNCH BAG RED SPOTTY,16.648607911705675
12502.0,20725,LUNCH BAG RED RETROSPOT,16.648607911705675
12502.0,22720,SET OF 3 CAKE TINS PANTRY DESIGN ,16.20465629169529
12502.0,22666,RECIPE BOX PANTRY YELLOW DESIGN,16.15825533168141
12502.0,47566,PARTY BUNTING,16.084373544802794
12502.0,21080,SET/20 RED SPOTTY PAPER NAPKINS ,16.009294123748376
12502.0,21080,SET/20 RED RETROSPOT PAPER NAPKINS ,16.009294123748376
12502.0,21485,RED SPOT HEART HOT WATER BOTTLE,15.883128761999124
12502.0,21485,RETROSPOT HEART HOT WATER BOTTLE,15.883128761999124
12502.0,22382,LUNCHBAG SPACEBOY DESIGN ,15.879359746601025
12502.0,22382,LUNCH BAG SPACEBOY DESIGN ,15.879359746601025
12502.0,22624,IVORY KITCHEN SCALES,15.796130162497848
14350.0,22147,FELTCRAFT BUTTERFLY HEARTS,10.11957164658938
14350.0,22469,HEART OF WICKER SMALL,9.840469990922387
14350.0,22149,FELTCRAFT 6 FLOWER FRIENDS,9.767150963034691
14350.0,21212,PACK OF 72 RETRO SPOT CAKE CASES,9.764961096901859
14350.0,21212,PACK OF 72 RETROSPOT CAKE CASES,9.764961096901859
14350.0,22470,HEART OF WICKER LARGE,9.741383096224721
14350.0,84992,72 SWEETHEART FAIRY CAKE CASES,9.642069688418784
14350.0,84991,60 TEATIME FAIRY CAKE CASES,9.630994837219271
14350.0,20725,LUNCH BAG RED SPOTTY,9.576888477259459
14350.0,20725,LUNCH BAG RED RETROSPOT,9.576888477259459
14350.0,22384,LUNCHBAG PINK RETROSPOT,9.514691378323894
14350.0,22384,LUNCH BAG PINK RETROSPOT,9.514691378323894
14350.0,22384,LUNCH BAG PINK POLKADOT,9.514691378323894
14350.0,22384,LUNCH BAG PINK POLKADOTS,9.514691378323894
14350.0,20971,PINK BLUE FELT CRAFT TRINKET BOX,9.495696009012248
15686.0,85038,6 CHOCOLATE LOVE HEART T-LIGHTS,0.2915678407668242
15686.0,85123A,WHITE HANGING HEART T-LIGHT HOLDER,0.2692200964359088
15686.0,85123A,CREAM HANGING HEART T-LIGHT HOLDER,0.2692200964359088
15686.0,22969,HOMEMADE JAM SCENTED CANDLES,0.2506969348448007
15686.0,72756,FAIRY CAKE CANDLES,0.2488363008967198
15686.0,72756, FAIRY CAKE CANDLES,0.2488363008967198
15686.0,21232,STRAWBERRY CERAMIC TRINKET BOX,0.24558461166830475
15686.0,21232,STRAWBERRY CERAMIC TRINKET POT,0.24558461166830475
15686.0,22111,SCOTTIE DOG HOT WATER BOTTLE,0.24110339321311292
15686.0,85152,HAND OVER THE CHOCOLATE   SIGN ,0.24103384202072917
15686.0,21166,COOK WITH WINE METAL SIGN ,0.23949334118352297
15686.0,22423,REGENCY CAKESTAND 3 TIER,0.23802445458354937
15686.0,22112,CHOCOLATE HOT WATER BOTTLE,0.2379764604935632
12884.0,23203,JUMBO BAG DOILEY PATTERNS,2.0119155866432568
12884.0,23203,JUMBO BAG VINTAGE DOILEY ,2.0119155866432568
12884.0,23203,JUMBO BAG VINTAGE DOILY ,2.0119155866432568
12884.0,22386,JUMBO BAG PINK WITH WHITE SPOTS,1.9340650492621827
12884.0,22386,JUMBO BAG PINK POLKADOT,1.9340650492621827
12884.0,85099F,JUMBO BAG STRAWBERRY,1.8938770833681278
12884.0,23202,JUMBO BAG VINTAGE LEAF,1.883808436940568
12884.0,22385,JUMBO BAG SPACEBOY DESIGN,1.8706177702383866
12884.0,22411,JUMBO SHOPPER VINTAGE RED PAISLEY,1.8440535354991574
12884.0,23201,JUMBO BAG ALPHABET,1.8286616635610422
12884.0,21931,JUMBO STORAGE BAG SUKI,1.8162828714342938
12884.0,21929,JUMBO BAG PINK VINTAGE PAISLEY,1.8039456374026424
12884.0,85099C,JUMBO  BAG BAROQUE BLACK WHITE,1.7716812658103538
18079.0,22417,PACK OF 60 SPACEBOY CAKE CASES,19.51280168265592
18079.0,22382,LUNCHBAG SPACEBOY DESIGN ,19.484212740401198
18079.0,22382,LUNCH BAG SPACEBOY DESIGN ,19.484212740401198
18079.0,20725,LUNCH BAG RED SPOTTY,19.293057639836753
18079.0,20725,LUNCH BAG RED RETROSPOT,19.293057639836753
18079.0,84992,72 SWEETHEART FAIRY CAKE CASES,18.684874382844036
18079.0,21080,SET/20 RED SPOTTY PAPER NAPKINS ,18.668935871660867
18079.0,21080,SET/20 RED RETROSPOT PAPER NAPKINS ,18.668935871660867
18079.0,22551,PLASTERS IN TIN SPACEBOY,18.539187039071578
18079.0,20726,LUNCH BAG WOODLAND,18.511805749307815
18079.0,22383,LUNCHBAG SUKI  DESIGN ,18.482527428644335
18079.0,22383,LUNCH BAG SUKI  DESIGN ,18.482527428644335
18079.0,22383,LUNCH BAG SUKI DESIGN ,18.482527428644335
18079.0,23207,LUNCH BAG ALPHABET DESIGN,18.388138863809388
18079.0,20727,LUNCH BAG  BLACK SKULL.,18.31744675121967
18128.0,21181,PLEASE ONE PERSON  METAL SIGN,9.21697749402058
18128.0,21181,PLEASE ONE PERSON METAL SIGN,9.21697749402058
18128.0,21165,BEWARE OF THE CAT METAL SIGN ,8.632609132902264
18128.0,82600,NO SINGING METAL SIGN,8.628746603193365
18128.0,82600,N0 SINGING METAL SIGN,8.628746603193365
18128.0,21907,I'M ON HOLIDAY METAL SIGN,8.476091706569147
18128.0,21174,POTTERING IN THE SHED METAL SIGN,8.09890377226772
18128.0,82583,HOT BATHS METAL SIGN,7.795146223443086
18128.0,22469,HEART OF WICKER SMALL,7.685806512456206
18128.0,21733,RED HANGING HEART T-LIGHT HOLDER,7.66454341494721
18128.0,21158,MOODY GIRL DOOR HANGER ,7.603919825557604
18128.0,22470,HEART OF WICKER LARGE,7.5649015581272145
15819.0,21212,PACK OF 72 RETRO SPOT CAKE CASES,34.542847292138084
15819.0,21212,PACK OF 72 RETROSPOT CAKE CASES,34.542847292138084
15819.0,20725,LUNCH BAG RED SPOTTY,33.51897589067458
15819.0,20725,LUNCH BAG RED RETROSPOT,33.51897589067458
15819.0,22551,PLASTERS IN TIN SPACEBOY,33.311654248182954
15819.0,22556,PLASTERS IN TIN CIRCUS PARADE ,33.22275903850997
15819.0,85099B,JUMBO BAG RED WHITE SPOTTY ,32.0285869109024
15819.0,85099B,RED RETROSPOT JUMBO BAG ,32.0285869109024
15819.0,85099B,JUMBO BAG RED RETROSPOT,32.0285869109024
15819.0,20728,LUNCH BAG CARS BLUE,32.017587615143825
15819.0,22384,LUNCHBAG PINK RETROSPOT,31.924140859416976
15819.0,22384,LUNCH BAG PINK RETROSPOT,31.924140859416976
15819.0,22384,LUNCH BAG PINK POLKADOT,31.924140859416976
15819.0,22384,LUNCH BAG PINK POLKADOTS,31.924140859416976
15819.0,22383,LUNCHBAG SUKI  DESIGN ,31.77593629831033
15819.0,22383,LUNCH BAG SUKI  DESIGN ,31.77593629831033
15819.0,22383,LUNCH BAG SUKI DESIGN ,31.77593629831033
15819.0,20727,LUNCH BAG  BLACK SKULL.,31.552673425200464
15819.0,22629,SPACEBOY LUNCH BOX ,31.214665121465803
17326.0,85099B,JUMBO BAG RED WHITE SPOTTY ,15.271547690956165
17326.0,85099B,RED RETROSPOT JUMBO BAG ,15.271547690956165
17326.0,85099B,JUMBO BAG RED RETROSPOT,15.271547690956165
17326.0,85123A,WHITE HANGING HEART T-LIGHT HOLDER,15.034621434385947
17326.0,85123A,CREAM HANGING HEART T-LIGHT HOLDER,15.034621434385947
17326.0,20725,LUNCH BAG RED SPOTTY,14.674388382356595
17326.0,20725,LUNCH BAG RED RETROSPOT,14.674388382356595
17326.0,22382,LUNCHBAG SPACEBOY DESIGN ,14.468505869982291
17326.0,22382,LUNCH BAG SPACEBOY DESIGN ,14.468505869982291
17326.0,22384,LUNCHBAG PINK RETROSPOT,14.355491653381492
17326.0,22384,LUNCH BAG PINK RETROSPOT,14.355491653381492
17326.0,22384,LUNCH BAG PINK POLKADOT,14.355491653381492
17326.0,22384,LUNCH BAG PINK POLKADOTS,14.355491653381492
17326.0,20728,LUNCH BAG CARS BLUE,14.249551021633245
17326.0,22383,LUNCHBAG SUKI  DESIGN ,14.171070853234383
17326.0,22383,LUNCH BAG SUKI  DESIGN ,14.171070853234383
17326.0,22383,LUNCH BAG SUKI DESIGN ,14.171070853234383
17326.0,20727,LUNCH BAG  BLACK SKULL.,14.134414244600576
17326.0,21212,PACK OF 72 RETRO SPOT CAKE CASES,14.105156405628708
17326.0,21212,PACK OF 72 RETROSPOT CAKE CASES,14.105156405628708
17326.0,22386,JUMBO BAG PINK WITH WHITE SPOTS,13.99396729931435
17326.0,22386,JUMBO BAG PINK POLKADOT,13.99396729931435
16486.0,20685,RED SPOTTY COIR DOORMAT,2.495389220300507
16486.0,20685,DOOR MAT RED SPOT,2.495389220300507
16486.0,20685,DOORMAT RED SPOT,2.495389220300507
16486.0,20685,DOORMAT RED RETROSPOT,2.495389220300507
16486.0,48138,DOOR MAT UNION FLAG,2.4891387741782474
16486.0,48138,DOORMAT UNION FLAG,2.4891387741782474
16486.0,48194,DOORMAT HEARTS,2.476622934894549
16486.0,48194,DOOR MAT HEARTS,2.476622934894549
16486.0,21523,FANCY FONT HOME SWEET HOME DOORMAT,2.2958187763501745
16486.0,21523,DOOR MAT FANCY FONT HOME SWEET HOME,2.2958187763501745
16486.0,21523,DOORMAT FANCY FONT HOME SWEET HOME,2.2958187763501745
16486.0,48188,DOOR MAT WELCOME PUPPIES,2.2129666607857486
16486.0,48188,DOORMAT WELCOME PUPPIES,2.2129666607857486
16486.0,22690,DOORMAT HOME SWEET HOME BLUE ,2.146546112093623
16486.0,22692,DOORMAT WELCOME TO OUR HOME,2.087444372946253
16486.0,48129,DOOR MAT TOPIARY,2.054414274307014
16486.0,48129,DOORMAT TOPIARY,2.054414274307014
16486.0,22366,DOORMAT AIRMAIL ,2.0054790787430363
16486.0,22366,DOOR MAT AIRMAIL ,2.0054790787430363
16486.0,48111,DOOR MAT 3 SMILEY CATS,1.9997314396317514
16486.0,48111,DOORMAT 3 SMILEY CATS,1.9997314396317514
18094.0,85123A,WHITE HANGING HEART T-LIGHT HOLDER,13.671882061629642
18094.0,85123A,CREAM HANGING HEART T-LIGHT HOLDER,13.671882061629642
18094.0,82600,NO SINGING METAL SIGN,13.568691247896892
18094.0,82600,N0 SINGING METAL SIGN,13.568691247896892
18094.0,22413,METAL SIGN TAKE IT OR LEAVE IT ,13.52124690764363
18094.0,21907,I'M ON HOLIDAY METAL SIGN,12.896580549675232
18094.0,85150,LADIES & GENTLEMEN METAL SIGN,12.743837584826998
18094.0,21174,POTTERING IN THE SHED METAL SIGN,12.673299415658423
18094.0,22423,REGENCY CAKESTAND 3 TIER,12.16851681318256
18094.0,21733,RED HANGING HEART T-LIGHT HOLDER,12.152072803460857
18094.0,84991,60 TEATIME FAIRY CAKE CASES,11.940031080721337
18094.0,22111,SCOTTIE DOG HOT WATER BOTTLE,11.850034103834354
15419.0,20725,LUNCH BAG RED SPOTTY,1.817098995212375
15419.0,20725,LUNCH BAG RED RETROSPOT,1.817098995212375
15419.0,21212,PACK OF 72 RETRO SPOT CAKE CASES,1.7968898713223025
15419.0,21212,PACK OF 72 RETROSPOT CAKE CASES,1.7968898713223025
15419.0,20727,LUNCH BAG  BLACK SKULL.,1.7870518703460603
15419.0,85123A,WHITE HANGING HEART T-LIGHT HOLDER,1.7519152478528384
15419.0,85123A,CREAM HANGING HEART T-LIGHT HOLDER,1.7519152478528384
15419.0,22384,LUNCHBAG PINK RETROSPOT,1.7508892346376437
15419.0,22384,LUNCH BAG PINK RETROSPOT,1.7508892346376437
15419.0,22384,LUNCH BAG PINK POLKADOT,1.7508892346376437
15419.0,22384,LUNCH BAG PINK POLKADOTS,1.7508892346376437
15419.0,21080,SET/20 RED SPOTTY PAPER NAPKINS ,1.7303938842629403
15419.0,21080,SET/20 RED RETROSPOT PAPER NAPKINS ,1.7303938842629403
15419.0,20974,12 PENCILS SMALL TUBE SKULL,1.7279293997941885
15419.0,85099B,JUMBO BAG RED WHITE SPOTTY ,1.716958661158363
15419.0,85099B,RED RETROSPOT JUMBO BAG ,1.716958661158363
15419.0,85099B,JUMBO BAG RED RETROSPOT,1.716958661158363
15419.0,20728,LUNCH BAG CARS BLUE,1.7122848085277977
15419.0,84991,60 TEATIME FAIRY CAKE CASES,1.709595990406215
13649.0,85123A,WHITE HANGING HEART T-LIGHT HOLDER,18.022344777199194
13649.0,85123A,CREAM HANGING HEART T-LIGHT HOLDER,18.022344777199194
13649.0,21212,PACK OF 72 RETRO SPOT CAKE CASES,15.910555019774682
13649.0,21212,PACK OF 72 RETROSPOT CAKE CASES,15.910555019774682
13649.0,21733,RED HANGING HEART T-LIGHT HOLDER,15.684936853148576
13649.0,20725,LUNCH BAG RED SPOTTY,15.452111981676222
13649.0,20725,LUNCH BAG RED RETROSPOT,15.452111981676222
13649.0,21755,LOVE BUILDING BLOCK WORD,15.413225190015336
13649.0,21080,SET/20 RED SPOTTY PAPER NAPKINS ,15.290527793135851
13649.0,21080,SET/20 RED RETROSPOT PAPER NAPKINS ,15.290527793135851
13649.0,21754,HOME BUILDING BLOCK WORD,15.162063610175158
13649.0,47566,PARTY BUNTING,15.135776330754405
13649.0,85099B,JUMBO BAG RED WHITE SPOTTY ,14.953288342082509
13649.0,85099B,RED RETROSPOT JUMBO BAG ,14.953288342082509
13649.0,85099B,JUMBO BAG RED RETROSPOT,14.953288342082509
13649.0,21485,RED SPOT HEART HOT WATER BOTTLE,14.866289922117952
13649.0,21485,RETROSPOT HEART HOT WATER BOTTLE,14.866289922117952
13324.0,21212,PACK OF 72 RETRO SPOT CAKE CASES,9.122521495553599
13324.0,21212,PACK OF 72 RETROSPOT CAKE CASES,9.122521495553599
13324.0,84992,72 SWEETHEART FAIRY CAKE CASES,8.301392058695473
13324.0,23245,SET OF 3 REGENCY CAKE TINS,8.298102750697081
13324.0,22417,PACK OF 60 SPACEBOY CAKE CASES,8.121397245069742
13324.0,23307,SET OF 60 PANTRY DESIGN CAKE CASES ,7.854149714784535
13324.0,22720,SET OF 3 CAKE TINS PANTRY DESIGN ,7.677060895399404
13324.0,22952,72 CAKE CASES VINTAGE CHRISTMAS,7.526460937607794
13324.0,22952,SET 72 CAKE CASES VINTAGE CHRISTMAS,7.526460937607794
13324.0,22952,60 CAKE CASES VINTAGE CHRISTMAS,7.526460937607794
13324.0,21080,SET/20 RED SPOTTY PAPER NAPKINS ,7.440609459553232
13324.0,21080,SET/20 RED RETROSPOT PAPER NAPKINS ,7.440609459553232
13324.0,84380,SET OF 3 BUTTERFLY COOKIE CUTTERS,7.436176567984778
13324.0,22960,JAM MAKING SET WITH JARS,7.432984433855642
17110.0,22519,CHILDS GARDEN BRUSH PINK,7.814655627908561
17110.0,84991,60 TEATIME FAIRY CAKE CASES,6.682588045112244
17110.0,21212,PACK OF 72 RETRO SPOT CAKE CASES,6.507826887443923
17110.0,21212,PACK OF 72 RETROSPOT CAKE CASES,6.507826887443923
17110.0,20725,LUNCH BAG RED SPOTTY,6.439787916333239
17110.0,20725,LUNCH BAG RED RETROSPOT,6.439787916333239
17110.0,85123A,WHITE HANGING HEART T-LIGHT HOLDER,6.339124035059051
17110.0,85123A,CREAM HANGING HEART T-LIGHT HOLDER,6.339124035059051
17110.0,22384,LUNCHBAG PINK RETROSPOT,6.247455847911914
17110.0,22384,LUNCH BAG PINK RETROSPOT,6.247455847911914
17110.0,22384,LUNCH BAG PINK POLKADOT,6.247455847911914
17110.0,22384,LUNCH BAG PINK POLKADOTS,6.247455847911914
17110.0,84992,72 SWEETHEART FAIRY CAKE CASES,6.215978662895351
17110.0,22645,CERAMIC HEART FAIRY CAKE MONEY BANK,6.206764060905316
17110.0,22645,CERAMIC HEART CAKE MONEY BANK,6.206764060905316
17110.0,21080,SET/20 RED SPOTTY PAPER NAPKINS ,6.152253210119957
17110.0,21080,SET/20 RED RETROSPOT PAPER NAPKINS ,6.152253210119957
17110.0,20727,LUNCH BAG  BLACK SKULL.,6.122526227178939
16919.0,85123A,WHITE HANGING HEART T-LIGHT HOLDER,42.00920150868648
16919.0,85123A,CREAM HANGING HEART T-LIGHT HOLDER,42.00920150868648
16919.0,22382,LUNCHBAG SPACEBOY DESIGN ,41.0053668753746
16919.0,22382,LUNCH BAG SPACEBOY DESIGN ,41.0053668753746
16919.0,20727,LUNCH BAG  BLACK SKULL.,40.94417783824276
16919.0,20728,LUNCH BAG CARS BLUE,40.56354048269202
16919.0,22411,JUMBO SHOPPER VINTAGE RED PAISLEY,39.1406935377391
16919.0,21733,RED HANGING HEART T-LIGHT HOLDER,39.03489332590864
16919.0,21929,JUMBO BAG PINK VINTAGE PAISLEY,38.26709954356035
16919.0,20726,LUNCH BAG WOODLAND,38.17539844189775
16919.0,85099F,JUMBO BAG STRAWBERRY,37.936408392208804
16919.0,22662,LUNCH BAG DOLLY GIRL DESIGN,37.858292624446435
15662.0,21754,HOME BUILDING BLOCK WORD,2.6864299148598425
15662.0,85123A,WHITE HANGING HEART T-LIGHT HOLDER,2.5588225629097803
15662.0,85123A,CREAM HANGING HEART T-LIGHT HOLDER,2.5588225629097803
15662.0,84836,ZINC METAL HEART DECORATION,2.4254695960827646
15662.0,22469,HEART OF WICKER SMALL,2.3414573266623404
15662.0,22470,HEART OF WICKER LARGE,2.2936972671765665
15662.0,21756,BATH BUILDING BLOCK WORD,2.2707649032859547
15662.0,22423,REGENCY CAKESTAND 3 TIER,2.223508789566472
15662.0,22457,NATURAL SLATE HEART CHALKBOARD ,2.211385873454378
15662.0,21733,RED HANGING HEART T-LIGHT HOLDER,2.1799441195767004
15662.0,47566,PARTY BUNTING,2.1694418980546497
13058.0,47566,PARTY BUNTING,1.55919856972286
13058.0,47566B,TEA TIME PARTY BUNTING,1.3156809582693438
13058.0,21212,PACK OF 72 RETRO SPOT CAKE CASES,1.2827146657340047
13058.0,21212,PACK OF 72 RETROSPOT CAKE CASES,1.2827146657340047
13058.0,22910,PAPER CHAIN KIT VINTAGE CHRISTMAS,1.2585318814843856
13058.0,22086,PAPER CHAIN KIT 50'S CHRISTMAS ,1.2371201553652786
13058.0,85123A,WHITE HANGING HEART T-LIGHT HOLDER,1.2202656283741713
13058.0,85123A,CREAM HANGING HEART T-LIGHT HOLDER,1.2202656283741713
13058.0,22668,PINK BABY BUNTING,1.2010251446202795
13058.0,22090,PAPER BUNTING RETRO SPOTS,1.194083186129455
13058.0,22090,PAPER BUNTING RETROSPOT,1.194083186129455
13058.0,21080,SET/20 RED SPOTTY PAPER NAPKINS ,1.189013171436257
13058.0,21080,SET/20 RED RETROSPOT PAPER NAPKINS ,1.189013171436257
13058.0,84991,60 TEATIME FAIRY CAKE CASES,1.1856534200830537
13391.0,22152,PLACE SETTING WHITE STAR,0.15289415743128765
13391.0,22574,HEART WOODEN CHRISTMAS DECORATION,0.15242153139344597
13391.0,21009,ETCHED GLASS STAR TREE DECORATION,0.14907119849998599
13391.0,90182C,BLACK 3 BEAD DROP EARRINGS,0.14907119849998596
13391.0,82011E,"BATHROOM SCALES, FAG BREAK",0.14907119849998596
13391.0,22573,STAR WOODEN CHRISTMAS DECORATION,0.14439897447623104
13391.0,22580,ADVENT CALENDAR GINGHAM SACK,0.1398411797560202
13391.0,35832,WOOLLY HAT SOCK GLOVE ADVENT STRING,0.13658959117703828
13391.0,22465,HANGING METAL STAR LANTERN,0.1347150628109127
13391.0,22469,HEART OF WICKER SMALL,0.13456914124258945
12478.0,20726,LUNCH BAG WOODLAND,9.704473922188804
12478.0,22384,LUNCHBAG PINK RETROSPOT,9.432161509294842
12478.0,22384,LUNCH BAG PINK RETROSPOT,9.432161509294842
12478.0,22384,LUNCH BAG PINK POLKADOT,9.432161509294842
12478.0,22384,LUNCH BAG PINK POLKADOTS,9.432161509294842
12478.0,22383,LUNCHBAG SUKI  DESIGN ,9.400882040022044
12478.0,22383,LUNCH BAG SUKI  DESIGN ,9.400882040022044
12478.0,22383,LUNCH BAG SUKI DESIGN ,9.400882040022044
12478.0,22551,PLASTERS IN TIN SPACEBOY,9.190945259627558
12478.0,22662,LUNCH BAG DOLLY GIRL DESIGN,9.174326830846717
12478.0,22629,SPACEBOY LUNCH BOX ,9.162208679583367
12478.0,22367,CHILDS APRON SPACEBOY DESIGN,9.070983285982448
12478.0,22367,CHILDRENS APRON SPACEBOY DESIGN,9.070983285982448
12478.0,21212,PACK OF 72 RETRO SPOT CAKE CASES,9.041927345705515
12478.0,21212,PACK OF 72 RETROSPOT CAKE CASES,9.041927345705515
12478.0,22554,PLASTERS IN TIN WOODLAND ANIMALS,8.810898456453996
12478.0,22630,DOLLY GIRL LUNCH BOX,8.774817592603847
15178.0,85099B,JUMBO BAG RED WHITE SPOTTY ,1.2835249851187216
15178.0,85099B,RED RETROSPOT JUMBO BAG ,1.2835249851187216
15178.0,85099B,JUMBO BAG RED RETROSPOT,1.2835249851187216
15178.0,20724,RED SPOTTY CHARLOTTE BAG,1.2375519396772627
15178.0,20724,RED RETROSPOT CHARLOTTE BAG,1.2375519396772627
15178.0,20718,RED SPOTTY SHOPPER BAG,1.2153496283198044
15178.0,20718,RED RETROSPOT SHOPPER BAG,1.2153496283198044
15178.0,22386,JUMBO BAG PINK WITH WHITE SPOTS,1.1967187643760067
15178.0,22386,JUMBO BAG PINK POLKADOT,1.1967187643760067
15178.0,22411,JUMBO SHOPPER VINTAGE RED PAISLEY,1.1636922822732783
15178.0,22356,"CHARLOTTE BAG , PINK/WHITE SPOTS",1.1411213064164152
15178.0,22356,CHARLOTTE BAG PINK WITH WHITE SPOTS,1.1411213064164152
15178.0,22356,CHARLOTTE BAG PINK POLKADOT,1.1411213064164152
15178.0,21929,JUMBO BAG PINK VINTAGE PAISLEY,1.1211427568746697
15178.0,20725,LUNCH BAG RED SPOTTY,1.1054124307502453
15178.0,20725,LUNCH BAG RED RETROSPOT,1.1054124307502453
15178.0,21931,JUMBO STORAGE BAG SUKI,1.1037424792052541
15178.0,85099C,JUMBO  BAG BAROQUE BLACK WHITE,1.1011315520760294
13042.0,85123A,WHITE HANGING HEART T-LIGHT HOLDER,27.995182562769575
13042.0,85123A,CREAM HANGING HEART T-LIGHT HOLDER,27.995182562769575
13042.0,20725,LUNCH BAG RED SPOTTY,27.634439743697744
13042.0,20725,LUNCH BAG RED RETROSPOT,27.634439743697744
13042.0,21212,PACK OF 72 RETRO SPOT CAKE CASES,26.65823486310815
13042.0,21212,PACK OF 72 RETROSPOT CAKE CASES,26.65823486310815
13042.0,21080,SET/20 RED SPOTTY PAPER NAPKINS ,25.968432289637693
13042.0,21080,SET/20 RED RETROSPOT PAPER NAPKINS ,25.968432289637693
13042.0,85099B,JUMBO BAG RED WHITE SPOTTY ,25.791395309733204
13042.0,85099B,RED RETROSPOT JUMBO BAG ,25.791395309733204
13042.0,85099B,JUMBO BAG RED RETROSPOT,25.791395309733204
13042.0,84991,60 TEATIME FAIRY CAKE CASES,25.762552505462583
13042.0,84992,72 SWEETHEART FAIRY CAKE CASES,25.555717334377256
13042.0,22411,JUMBO SHOPPER VINTAGE RED PAISLEY,25.280548517848317
13042.0,22865,HAND WARMER OWL DESIGN,25.08301342517617
13042.0,21733,RED HANGING HEART T-LIGHT HOLDER,24.777900451845383
17063.0,20728,LUNCH BAG CARS BLUE,36.39010711796495
17063.0,21212,PACK OF 72 RETRO SPOT CAKE CASES,33.692013643951924
17063.0,21212,PACK OF 72 RETROSPOT CAKE CASES,33.692013643951924
17063.0,23209,LUNCH BAG DOILEY PATTERN ,33.49251503445189
17063.0,23209,LUNCH BAG VINTAGE DOILY ,33.49251503445189
17063.0,23209,LUNCH BAG VINTAGE DOILEY ,33.49251503445189
17063.0,23206,LUNCH BAG APPLE DESIGN,32.11050269878901
17063.0,22551,PLASTERS IN TIN SPACEBOY,31.08166431753361
17063.0,84991,60 TEATIME FAIRY CAKE CASES,30.830469310139833
17063.0,23201,JUMBO BAG ALPHABET,30.821113798159487
17063.0,21080,SET/20 RED SPOTTY PAPER NAPKINS ,30.788337853273884
17063.0,21080,SET/20 RED RETROSPOT PAPER NAPKINS ,30.788337853273884
17063.0,20713,JUMBO BAG OWLS,30.779457446925804
17063.0,84992,72 SWEETHEART FAIRY CAKE CASES,30.66124774927513
14592.0,21212,PACK OF 72 RETRO SPOT CAKE CASES,24.875940389485866
14592.0,21212,PACK OF 72 RETROSPOT CAKE CASES,24.875940389485866
14592.0,84991,60 TEATIME FAIRY CAKE CASES,23.141647976135165
14592.0,22423,REGENCY CAKESTAND 3 TIER,22.69688029549867
14592.0,22865,HAND WARMER OWL DESIGN,22.50953453307273
14592.0,22952,72 CAKE CASES VINTAGE CHRISTMAS,22.080196929671303
14592.0,22952,SET 72 CAKE CASES VINTAGE CHRISTMAS,22.080196929671303
14592.0,22952,60 CAKE CASES VINTAGE CHRISTMAS,22.080196929671303
14592.0,22666,RECIPE BOX PANTRY YELLOW DESIGN,22.07686686511505
14592.0,22909,SET OF 20 VINTAGE CHRISTMAS NAPKINS,21.972256702479246
14592.0,20725,LUNCH BAG RED SPOTTY,21.949946113414278
14592.0,20725,LUNCH BAG RED RETROSPOT,21.949946113414278
14592.0,22382,LUNCHBAG SPACEBOY DESIGN ,21.874917699767934
14592.0,22382,LUNCH BAG SPACEBOY DESIGN ,21.874917699767934
14592.0,22417,PACK OF 60 SPACEBOY CAKE CASES,21.83794323388097
13022.0,21016,LIGHT BIRD HOUSE TREE DECORATION,0.7017891981050486
13022.0,21014,SWISS CHALET TREE DECORATION ,0.67529404298696
13022.0,22571,ROCKING HORSE RED CHRISTMAS ,0.607346202901112
13022.0,21801,CHRISTMAS TREE DECORATION WITH BELL,0.5873537373584132
13022.0,21351,CINAMMON & ORANGE WREATH,0.5850216379535653
13022.0,22572,ROCKING HORSE GREEN CHRISTMAS ,0.5775742802127912
13022.0,90154,LAZER CUT NECKLACE W PASTEL BEADS,0.5177984120435705
13022.0,22328,"ROUND SNACK BOXES ,SET 4, FRUITS ",0.5039984978640274
13022.0,22328,ROUND SNACK BOXES SET OF 4 FRUITS ,0.5039984978640274
13022.0,22158,3 HEARTS HANGING DECORATION RUSTIC,0.5029382247377924
13022.0,21017,RED BIRD HOUSE TREE DECORATION,0.5002564831436556
13718.0,22772,PINK DRAWER KNOB ACRYLIC EDWARDIAN,1.7440375142902556
13718.0,22772,DRAWER KNOB ACRYLIC EDWARDIAN PINK,1.7440375142902556
13718.0,22775,PURPLE DRAWERKNOB ACRYLIC EDWARDIAN,1.7249568301074525
13718.0,22775,DRAWERKNOB ACRYLIC EDWARDIAN PURPLE,1.7249568301074525
13718.0,22805,BLUE DRAWER KNOB ACRYLIC EDWARDIAN,1.6410760561557423
13718.0,22773,GREEN DRAWER KNOB ACRYLIC EDWARDIAN,1.527650808005978
13718.0,22773,DRAWER KNOB ACRYLIC EDWARDIAN GREEN,1.527650808005978
13718.0,22041,"RECORD FRAME 7"" SINGLE SIZE ",1.49102602490589
13718.0,21669,BLUE STRIPE CERAMIC DRAWER KNOB,1.4820002337945943
13718.0,21671,RED SPOT CERAMIC DRAWER KNOB,1.4812723239563783
13718.0,85123A,WHITE HANGING HEART T-LIGHT HOLDER,1.461737407920999
13718.0,85123A,CREAM HANGING HEART T-LIGHT HOLDER,1.461737407920999
13718.0,20685,RED SPOTTY COIR DOORMAT,1.4438305943586869
13718.0,20685,DOOR MAT RED SPOT,1.4438305943586869
13718.0,20685,DOORMAT RED SPOT,1.4438305943586869
13718.0,20685,DOORMAT RED RETROSPOT,1.4438305943586869
13718.0,21673,WHITE SPOT BLUE CERAMIC DRAWER KNOB,1.4230239840599421
14053.0,21431,GREEN GINGHAM FLOWER JEWELLERY BOX,0.7012271419020139
14053.0,10133,COLOURING PENCILS BROWN TUBE,0.5796384242701714
14053.0,21889,WOODEN BOX OF DOMINOES,0.4786524883384403
14053.0,20725,LUNCH BAG RED SPOTTY,0.472192193709188
14053.0,20725,LUNCH BAG RED RETROSPOT,0.472192193709188
14053.0,21430,SET/3 RED GINGHAM ROSE STORAGE BOX,0.4692577886176903
14053.0,21328,BALLOONS  WRITING SET ,0.4620658549138834
14053.0,22561,WOODEN SCHOOL COLOURING SET,0.46055371089472497
14053.0,22382,LUNCHBAG SPACEBOY DESIGN ,0.453422532534371
14053.0,22382,LUNCH BAG SPACEBOY DESIGN ,0.453422532534371
14053.0,21212,PACK OF 72 RETRO SPOT CAKE CASES,0.45232766780876993
14053.0,21212,PACK OF 72 RETROSPOT CAKE CASES,0.45232766780876993
14053.0,20728,LUNCH BAG CARS BLUE,0.4519692289171076
12756.0,21785,RAIN PONCHO ,0.7999347173672416
12756.0,22748,POPPY'S PLAYHOUSE KITCHEN,0.7373335747345862
12756.0,20914,SET/5 RED SPOTTY LID GLASS BOWLS,0.7363011894161875
12756.0,20914,SET/5 RED RETROSPOT LID GLASS BOWLS,0.7363011894161875
12756.0,22328,"ROUND SNACK BOXES ,SET 4, FRUITS ",0.734516062658125
12756.0,22328,ROUND SNACK BOXES SET OF 4 FRUITS ,0.734516062658125
12756.0,20754,RETRO RED SPOTTY WASHING UP GLOVES,0.7295579258764879
12756.0,20754,RETROSPOT RED WASHING UP GLOVES,0.7295579258764879
12756.0,21918,SET 12 KIDS COLOUR  CHALK STICKS,0.7224591341765918
12756.0,22745,POPPY'S PLAYHOUSE BEDROOM ,0.7176773528946054
12756.0,22652,TRAVEL SEWING KIT,0.7167854790703707
12756.0,84692,BOX OF 24 COCKTAIL PARASOLS,0.7150241930670571
12756.0,21212,PACK OF 72 RETRO SPOT CAKE CASES,0.7079386551078697
12756.0,21212,PACK OF 72 RETROSPOT CAKE CASES,0.7079386551078697
16512.0,10002,INFLATABLE POLITICAL GLOBE ,0.0
16512.0,10080,GROOVY CACTUS INFLATABLE,0.0
16512.0,10109,BENDY COLOUR PENCILS,0.0
16512.0,10120,DOGGY RUBBER,0.0
16512.0,10123C,HEARTS WRAPPING TAPE ,0.0
16512.0,10123G,ARMY CAMO WRAPPING TAPE,0.0
16512.0,10124A,SPOTS ON RED BOOKCOVER TAPE,0.0
16512.0,10124G,ARMY CAMO BOOKCOVER TAPE,0.0
16512.0,10125,MINI FUNKY DESIGN TAPES,0.0
16512.0,10133,COLOURING PENCILS BROWN TUBE,0.0
13657.0,22749,FELTCRAFT PRINCESS CHARLOTTE DOLL,3.9045510743664043
13657.0,22147,FELTCRAFT BUTTERFLY HEARTS,3.8464226271874256
13657.0,22750,FELTCRAFT PRINCESS LOLA DOLL,3.829608512436167
13657.0,22150, 3 STRIPEY MICE FELTCRAFT,3.7760664231237735
13657.0,22150,3 STRIPEY MICE FELTCRAFT,3.7760664231237735
13657.0,22549,PICTURE DOMINOES,3.7676418144632366
13657.0,22086,PAPER CHAIN KIT 50'S CHRISTMAS ,3.6584698472723023
13657.0,22142,CHRISTMAS CRAFT WHITE FAIRY ,3.600662667543442
13657.0,22271,FELTCRAFT DOLL ROSIE,3.5816802328319555
13657.0,22273,FELTCRAFT DOLL MOLLY,3.535130165009378
13657.0,22382,LUNCHBAG SPACEBOY DESIGN ,3.5176248926482607
13657.0,22382,LUNCH BAG SPACEBOY DESIGN ,3.5176248926482607
15099.0,21175,GIN + TONIC DIET METAL SIGN,5.926157852850908
15099.0,21175,GIN AND TONIC DIET METAL SIGN,5.926157852850908
15099.0,22469,HEART OF WICKER SMALL,5.847352180152668
15099.0,22413,METAL SIGN TAKE IT OR LEAVE IT ,5.4336775808307
15099.0,82600,NO SINGING METAL SIGN,5.236137143172639
15099.0,82600,N0 SINGING METAL SIGN,5.236137143172639
15099.0,82482,WOODEN PICTURE FRAME WHITE FINISH,5.214433476850614
15099.0,85150,LADIES & GENTLEMEN METAL SIGN,5.087297014684449
15099.0,21908,CHOCOLATE THIS WAY METAL SIGN,5.011028170656402
15099.0,21165,BEWARE OF THE CAT METAL SIGN ,4.958238927832247
15099.0,21755,LOVE BUILDING BLOCK WORD,4.716717145172842
15099.0,22189,CREAM HEART CARD HOLDER,4.7104483324733
14486.0,21929,JUMBO BAG PINK VINTAGE PAISLEY,2.2230965210392966
14486.0,85099F,JUMBO BAG STRAWBERRY,2.0935647139212508
14486.0,22386,JUMBO BAG PINK WITH WHITE SPOTS,2.0928648343921537
14486.0,22386,JUMBO BAG PINK POLKADOT,2.0928648343921537
14486.0,21931,JUMBO STORAGE BAG SUKI,1.9553382882516916
14486.0,23203,JUMBO BAG DOILEY PATTERNS,1.835643895348397
14486.0,23203,JUMBO BAG VINTAGE DOILEY ,1.835643895348397
14486.0,23203,JUMBO BAG VINTAGE DOILY ,1.835643895348397
14486.0,22385,JUMBO BAG SPACEBOY DESIGN,1.8169374047232991
14486.0,21930,JUMBO STORAGE BAG SKULLS,1.7427758334880892
14486.0,20713,JUMBO BAG OWLS,1.7386827987770292
14486.0,23199,JUMBO BAG APPLES,1.6854288153918233
14486.0,23202,JUMBO BAG VINTAGE LEAF,1.662173507930785
15826.0,85123A,WHITE HANGING HEART T-LIGHT HOLDER,21.41975609259637
15826.0,85123A,CREAM HANGING HEART T-LIGHT HOLDER,21.41975609259637
15826.0,22469,HEART OF WICKER SMALL,19.980512848481776
15826.0,84992,72 SWEETHEART FAIRY CAKE CASES,19.741364837787053
15826.0,20725,LUNCH BAG RED SPOTTY,19.677697503124083
15826.0,20725,LUNCH BAG RED RETROSPOT,19.677697503124083
15826.0,22470,HEART OF WICKER LARGE,19.022255478299215
15826.0,47566,PARTY BUNTING,18.9762821969586
15826.0,85099B,JUMBO BAG RED WHITE SPOTTY ,18.963713443173354
15826.0,85099B,RED RETROSPOT JUMBO BAG ,18.963713443173354
15826.0,85099B,JUMBO BAG RED RETROSPOT,18.963713443173354
15826.0,22086,PAPER CHAIN KIT 50'S CHRISTMAS ,18.811546699839898
15826.0,21733,RED HANGING HEART T-LIGHT HOLDER,18.692725859845314
15826.0,22666,RECIPE BOX PANTRY YELLOW DESIGN,18.66744275843834
12670.0,21212,PACK OF 72 RETRO SPOT CAKE CASES,16.349768486256863
12670.0,21212,PACK OF 72 RETROSPOT CAKE CASES,16.349768486256863
12670.0,22630,DOLLY GIRL LUNCH BOX,16.076267195491297
12670.0,22367,CHILDS APRON SPACEBOY DESIGN,15.156018099262978
12670.0,22367,CHILDRENS APRON SPACEBOY DESIGN,15.156018099262978
12670.0,20728,LUNCH BAG CARS BLUE,15.103794553266106
12670.0,22384,LUNCHBAG PINK RETROSPOT,15.100958069602237
12670.0,22384,LUNCH BAG PINK RETROSPOT,15.100958069602237
12670.0,22384,LUNCH BAG PINK POLKADOT,15.100958069602237
12670.0,22384,LUNCH BAG PINK POLKADOTS,15.100958069602237
12670.0,22417,PACK OF 60 SPACEBOY CAKE CASES,15.009647893380105
12670.0,22383,LUNCHBAG SUKI  DESIGN ,14.881777591486072
12670.0,22383,LUNCH BAG SUKI  DESIGN ,14.881777591486072
12670.0,22383,LUNCH BAG SUKI DESIGN ,14.881777591486072
12670.0,22029,SPACE BOY BIRTHDAY CARD,14.632943048957305
12670.0,22029,SPACEBOY BIRTHDAY CARD,14.632943048957305
12670.0,22662,LUNCH BAG DOLLY GIRL DESIGN,14.57652197282092
12670.0,23209,LUNCH BAG DOILEY PATTERN ,14.572634504576595
12670.0,23209,LUNCH BAG VINTAGE DOILY ,14.572634504576595
12670.0,23209,LUNCH BAG VINTAGE DOILEY ,14.572634504576595
12514.0,20727,LUNCH BAG  BLACK SKULL.,15.07300788402409
12514.0,21212,PACK OF 72 RETRO SPOT CAKE CASES,14.199536489462787
12514.0,21212,PACK OF 72 RETROSPOT CAKE CASES,14.199536489462787
12514.0,85099B,JUMBO BAG RED WHITE SPOTTY ,14.11898306855551
12514.0,85099B,RED RETROSPOT JUMBO BAG ,14.11898306855551
12514.0,85099B,JUMBO BAG RED RETROSPOT,14.11898306855551
12514.0,23209,LUNCH BAG DOILEY PATTERN ,13.838458026742783
12514.0,23209,LUNCH BAG VINTAGE DOILY ,13.838458026742783
12514.0,23209,LUNCH BAG VINTAGE DOILEY ,13.838458026742783
12514.0,23207,LUNCH BAG ALPHABET DESIGN,13.724731493994808
12514.0,23206,LUNCH BAG APPLE DESIGN,13.661874009659163
12514.0,22385,JUMBO BAG SPACEBOY DESIGN,13.394191291921466
12514.0,22411,JUMBO SHOPPER VINTAGE RED PAISLEY,13.276553008626578
12514.0,22367,CHILDS APRON SPACEBOY DESIGN,13.108507967314573
12514.0,22367,CHILDRENS APRON SPACEBOY DESIGN,13.108507967314573
12514.0,21931,JUMBO STORAGE BAG SUKI,13.07638128990538
14253.0,15056BL,EDWARDIAN PARASOL BLACK,2.6473656602933398
14253.0,85014B,RED/WHITE DOTS RUFFLED UMBRELLA,2.5855505680912985
14253.0,85014B,RED RETROSPOT UMBRELLA,2.5855505680912985
14253.0,15056P,EDWARDIAN PARASOL PINK,2.2889878280191764
14253.0,21212,PACK OF 72 RETRO SPOT CAKE CASES,2.0199435766251383
14253.0,21212,PACK OF 72 RETROSPOT CAKE CASES,2.0199435766251383
14253.0,21080,SET/20 RED SPOTTY PAPER NAPKINS ,2.0054991198778294
14253.0,21080,SET/20 RED RETROSPOT PAPER NAPKINS ,2.0054991198778294
14253.0,22423,REGENCY CAKESTAND 3 TIER,1.9872433175061286
14253.0,20725,LUNCH BAG RED SPOTTY,1.9402455016003546
14253.0,20725,LUNCH BAG RED RETROSPOT,1.9402455016003546
14253.0,85099B,JUMBO BAG RED WHITE SPOTTY ,1.9297852937082645
14253.0,85099B,RED RETROSPOT JUMBO BAG ,1.9297852937082645
14253.0,85099B,JUMBO BAG RED RETROSPOT,1.9297852937082645
14253.0,22411,JUMBO SHOPPER VINTAGE RED PAISLEY,1.8716227343673433
14253.0,20685,RED SPOTTY COIR DOORMAT,1.8427829857943854
14253.0,20685,DOOR MAT RED SPOT,1.8427829857943854
14253.0,20685,DOORMAT RED SPOT,1.8427829857943854
14253.0,20685,DOORMAT RED RETROSPOT,1.8427829857943854
17762.0,20725,LUNCH BAG RED SPOTTY,4.46450395843309
17762.0,20725,LUNCH BAG RED RETROSPOT,4.46450395843309
17762.0,22383,LUNCHBAG SUKI  DESIGN ,4.306731321362066
17762.0,22383,LUNCH BAG SUKI  DESIGN ,4.306731321362066
17762.0,22383,LUNCH BAG SUKI DESIGN ,4.306731321362066
17762.0,20728,LUNCH BAG CARS BLUE,4.139618162190058
17762.0,20726,LUNCH BAG WOODLAND,4.04360399030459
17762.0,22662,LUNCH BAG DOLLY GIRL DESIGN,3.7143670519853047
17762.0,85099B,JUMBO BAG RED WHITE SPOTTY ,3.640727197706495
17762.0,85099B,RED RETROSPOT JUMBO BAG ,3.640727197706495
17762.0,85099B,JUMBO BAG RED RETROSPOT,3.640727197706495
17762.0,21212,PACK OF 72 RETRO SPOT CAKE CASES,3.5968862141023505
17762.0,21212,PACK OF 72 RETROSPOT CAKE CASES,3.5968862141023505
17762.0,23207,LUNCH BAG ALPHABET DESIGN,3.5643984255884438
17762.0,22386,JUMBO BAG PINK WITH WHITE SPOTS,3.50036549723804
17762.0,22386,JUMBO BAG PINK POLKADOT,3.50036549723804
17762.0,84992,72 SWEETHEART FAIRY CAKE CASES,3.4682361915334394
14923.0,21212,PACK OF 72 RETRO SPOT CAKE CASES,8.358300907086743
14923.0,21212,PACK OF 72 RETROSPOT CAKE CASES,8.358300907086743
14923.0,22910,PAPER CHAIN KIT VINTAGE CHRISTMAS,8.321905687420035
14923.0,22423,REGENCY CAKESTAND 3 TIER,8.05729919248481
14923.0,84991,60 TEATIME FAIRY CAKE CASES,7.958421277946996
14923.0,22086,PAPER CHAIN KIT 50'S CHRISTMAS ,7.9461879083775875
14923.0,22666,RECIPE BOX PANTRY YELLOW DESIGN,7.798672060805398
14923.0,85123A,WHITE HANGING HEART T-LIGHT HOLDER,7.757092606657348
14923.0,85123A,CREAM HANGING HEART T-LIGHT HOLDER,7.757092606657348
14923.0,84992,72 SWEETHEART FAIRY CAKE CASES,7.700956603015358
14923.0,22720,SET OF 3 CAKE TINS PANTRY DESIGN ,7.6676672631692435
14923.0,21977,PACK OF 60 PINK PAISLEY CAKE CASES,7.659574121419106
14607.0,22384,LUNCHBAG PINK RETROSPOT,24.613520548806328
14607.0,22384,LUNCH BAG PINK RETROSPOT,24.613520548806328
14607.0,22384,LUNCH BAG PINK POLKADOT,24.613520548806328
14607.0,22384,LUNCH BAG PINK POLKADOTS,24.613520548806328
14607.0,85123A,WHITE HANGING HEART T-LIGHT HOLDER,22.665598125534352
14607.0,85123A,CREAM HANGING HEART T-LIGHT HOLDER,22.665598125534352
14607.0,21929,JUMBO BAG PINK VINTAGE PAISLEY,22.27853975554596
14607.0,21212,PACK OF 72 RETRO SPOT CAKE CASES,22.146340245549766
14607.0,21212,PACK OF 72 RETROSPOT CAKE CASES,22.146340245549766
14607.0,22385,JUMBO BAG SPACEBOY DESIGN,21.31388072355138
14607.0,21080,SET/20 RED SPOTTY PAPER NAPKINS ,21.267644529084702
14607.0,21080,SET/20 RED RETROSPOT PAPER NAPKINS ,21.267644529084702
14607.0,23203,JUMBO BAG DOILEY PATTERNS,21.24285216355406
14607.0,23203,JUMBO BAG VINTAGE DOILEY ,21.24285216355406
14607.0,23203,JUMBO BAG VINTAGE DOILY ,21.24285216355406
14607.0,23206,LUNCH BAG APPLE DESIGN,21.137369644803456
14607.0,20713,JUMBO BAG OWLS,21.01941825189194
14607.0,21928,JUMBO BAG SCANDINAVIAN PAISLEY,20.97731949383136
14607.0,21928,JUMBO BAG SCANDINAVIAN BLUE PAISLEY,20.97731949383136
15107.0,22423,REGENCY CAKESTAND 3 TIER,6.682539208047481
15107.0,21212,PACK OF 72 RETRO SPOT CAKE CASES,6.48189413287851
15107.0,21212,PACK OF 72 RETROSPOT CAKE CASES,6.48189413287851
15107.0,21080,SET/20 RED SPOTTY PAPER NAPKINS ,6.337338277360234
15107.0,21080,SET/20 RED RETROSPOT PAPER NAPKINS ,6.337338277360234
15107.0,82482,WOODEN PICTURE FRAME WHITE FINISH,6.229437426040533
15107.0,21535,RETRO SPOT SMALL MILK JUG,6.195318250800892
15107.0,21535,RED RETROSPOT SMALL MILK JUG,6.195318250800892
15107.0,22469,HEART OF WICKER SMALL,5.917062097429406
15107.0,84991,60 TEATIME FAIRY CAKE CASES,5.877212271200614
15107.0,22470,HEART OF WICKER LARGE,5.844520663884786
15107.0,21733,RED HANGING HEART T-LIGHT HOLDER,5.83376769595198
15107.0,21755,LOVE BUILDING BLOCK WORD,5.831259587051069
15235.0,84992,72 SWEETHEART FAIRY CAKE CASES,26.62861308739803
15235.0,22384,LUNCHBAG PINK RETROSPOT,26.541600112594633
15235.0,22384,LUNCH BAG PINK RETROSPOT,26.541600112594633
15235.0,22384,LUNCH BAG PINK POLKADOT,26.541600112594633
15235.0,22384,LUNCH BAG PINK POLKADOTS,26.541600112594633
15235.0,85099B,JUMBO BAG RED WHITE SPOTTY ,26.466872512245857
15235.0,85099B,RED RETROSPOT JUMBO BAG ,26.466872512245857
15235.0,85099B,JUMBO BAG RED RETROSPOT,26.466872512245857
15235.0,22382,LUNCHBAG SPACEBOY DESIGN ,26.273920825248528
15235.0,22382,LUNCH BAG SPACEBOY DESIGN ,26.273920825248528
15235.0,22423,REGENCY CAKESTAND 3 TIER,26.26974542205267
15235.0,22111,SCOTTIE DOG HOT WATER BOTTLE,26.0357565171324
15235.0,20727,LUNCH BAG  BLACK SKULL.,25.95835497888745
15235.0,20728,LUNCH BAG CARS BLUE,25.758885903057415
15235.0,22469,HEART OF WICKER SMALL,25.7067596788764
15235.0,22865,HAND WARMER OWL DESIGN,25.607368390686506
14695.0,85123A,WHITE HANGING HEART T-LIGHT HOLDER,14.384211737549796
14695.0,85123A,CREAM HANGING HEART T-LIGHT HOLDER,14.384211737549796
14695.0,21733,RED HANGING HEART T-LIGHT HOLDER,12.804949241461504
14695.0,21755,LOVE BUILDING BLOCK WORD,12.57492149108198
14695.0,84991,60 TEATIME FAIRY CAKE CASES,12.443535491484797
14695.0,22469,HEART OF WICKER SMALL,12.410062997762818
14695.0,22470,HEART OF WICKER LARGE,12.368910805709552
14695.0,21080,SET/20 RED SPOTTY PAPER NAPKINS ,12.284834695888666
14695.0,21080,SET/20 RED RETROSPOT PAPER NAPKINS ,12.284834695888666
14695.0,84992,72 SWEETHEART FAIRY CAKE CASES,12.276427214917396
14695.0,82482,WOODEN PICTURE FRAME WHITE FINISH,12.229221828856742
14695.0,20725,LUNCH BAG RED SPOTTY,12.22007897087725
14695.0,20725,LUNCH BAG RED RETROSPOT,12.22007897087725
13146.0,15044B,BLUE PAPER PARASOL ,2.112646158787382
13146.0,15044A,PINK PAPER PARASOL ,2.064127783947497
13146.0,22909,SET OF 20 VINTAGE CHRISTMAS NAPKINS,1.9884800783368672
13146.0,85123A,WHITE HANGING HEART T-LIGHT HOLDER,1.9210891769326948
13146.0,85123A,CREAM HANGING HEART T-LIGHT HOLDER,1.9210891769326948
13146.0,22866,HAND WARMER SCOTTY DOG DESIGN,1.9007063136547244
13146.0,21620,S/4 ROSE    BOTANICAL  CANDLE,1.8439714140764716
13146.0,21620,SET OF 4 ROSE BOTANICAL CANDLES,1.8439714140764716
13146.0,22086,PAPER CHAIN KIT 50'S CHRISTMAS ,1.819585009351251
13146.0,21619,4 VANILLA BOTANICAL CANDLES,1.8059748849310095
13146.0,21615,4 LAVENDER BOTANICAL DINNER CANDLES,1.796007932979917
13146.0,22111,SCOTTIE DOG HOT WATER BOTTLE,1.7821897341711863
15710.0,84991,60 TEATIME FAIRY CAKE CASES,22.256925098743274
15710.0,21080,SET/20 RED SPOTTY PAPER NAPKINS ,22.047173232763974
15710.0,21080,SET/20 RED RETROSPOT PAPER NAPKINS ,22.047173232763974
15710.0,84992,72 SWEETHEART FAIRY CAKE CASES,21.536365980691716
15710.0,20725,LUNCH BAG RED SPOTTY,21.019803091961755
15710.0,20725,LUNCH BAG RED RETROSPOT,21.019803091961755
15710.0,85099B,JUMBO BAG RED WHITE SPOTTY ,20.777944044682478
15710.0,85099B,RED RETROSPOT JUMBO BAG ,20.777944044682478
15710.0,85099B,JUMBO BAG RED RETROSPOT,20.777944044682478
15710.0,21175,GIN + TONIC DIET METAL SIGN,20.499355215560364
15710.0,21175,GIN AND TONIC DIET METAL SIGN,20.499355215560364
15710.0,22666,RECIPE BOX PANTRY YELLOW DESIGN,20.323151721518734
15710.0,22384,LUNCHBAG PINK RETROSPOT,20.32038368535243
15710.0,22384,LUNCH BAG PINK RETROSPOT,20.32038368535243
15710.0,22384,LUNCH BAG PINK POLKADOT,20.32038368535243
15710.0,22384,LUNCH BAG PINK POLKADOTS,20.32038368535243
15710.0,22423,REGENCY CAKESTAND 3 TIER,20.27665020622428
15710.0,22382,LUNCHBAG SPACEBOY DESIGN ,20.006398087471563
15710.0,22382,LUNCH BAG SPACEBOY DESIGN ,20.006398087471563
17388.0,85123A,WHITE HANGING HEART T-LIGHT HOLDER,6.77673787175927
17388.0,85123A,CREAM HANGING HEART T-LIGHT HOLDER,6.77673787175927
17388.0,21212,PACK OF 72 RETRO SPOT CAKE CASES,6.0703646222560215
17388.0,21212,PACK OF 72 RETROSPOT CAKE CASES,6.0703646222560215
17388.0,22423,REGENCY CAKESTAND 3 TIER,6.035511979746452
17388.0,82482,WOODEN PICTURE FRAME WHITE FINISH,5.971187460148672
17388.0,22469,HEART OF WICKER SMALL,5.853922216173958
17388.0,21733,RED HANGING HEART T-LIGHT HOLDER,5.810211647622173
17388.0,82494L,WOODEN FRAME ANTIQUE WHITE ,5.753634610972169
17388.0,47566,PARTY BUNTING,5.726640288386298
17388.0,22457,NATURAL SLATE HEART CHALKBOARD ,5.657644992218568
17388.0,84991,60 TEATIME FAIRY CAKE CASES,5.616529311594181
18187.0,20725,LUNCH BAG RED SPOTTY,10.967625857698852
18187.0,20725,LUNCH BAG RED RETROSPOT,10.967625857698852
18187.0,22384,LUNCHBAG PINK RETROSPOT,10.623338919961812
18187.0,22384,LUNCH BAG PINK RETROSPOT,10.623338919961812
18187.0,22384,LUNCH BAG PINK POLKADOT,10.623338919961812
18187.0,22384,LUNCH BAG PINK POLKADOTS,10.623338919961812
18187.0,20728,LUNCH BAG CARS BLUE,10.498132677615311
18187.0,20727,LUNCH BAG  BLACK SKULL.,10.365995103646927
18187.0,22383,LUNCHBAG SUKI  DESIGN ,10.36006375907362
18187.0,22383,LUNCH BAG SUKI  DESIGN ,10.36006375907362
18187.0,22383,LUNCH BAG SUKI DESIGN ,10.36006375907362
18187.0,22386,JUMBO BAG PINK WITH WHITE SPOTS,10.22402827785315
18187.0,22386,JUMBO BAG PINK POLKADOT,10.22402827785315
18187.0,21931,JUMBO STORAGE BAG SUKI,10.005107811907129
18187.0,85099F,JUMBO BAG STRAWBERRY,9.898915958230624
18187.0,20685,RED SPOTTY COIR DOORMAT,9.44371045707379
18187.0,20685,DOOR MAT RED SPOT,9.44371045707379
18187.0,20685,DOORMAT RED SPOT,9.44371045707379
18187.0,20685,DOORMAT RED RETROSPOT,9.44371045707379
18187.0,21928,JUMBO BAG SCANDINAVIAN PAISLEY,9.375590972308448
18187.0,21928,JUMBO BAG SCANDINAVIAN BLUE PAISLEY,9.375590972308448
17980.0,22423,REGENCY CAKESTAND 3 TIER,9.021074327780836
17980.0,85123A,WHITE HANGING HEART T-LIGHT HOLDER,8.849865155060929
17980.0,85123A,CREAM HANGING HEART T-LIGHT HOLDER,8.849865155060929
17980.0,22469,HEART OF WICKER SMALL,8.336724729128177
17980.0,22865,HAND WARMER OWL DESIGN,7.863228635943508
17980.0,22457,NATURAL SLATE HEART CHALKBOARD ,7.731509398134178
17980.0,21485,RED SPOT HEART HOT WATER BOTTLE,7.686923763507438
17980.0,21485,RETROSPOT HEART HOT WATER BOTTLE,7.686923763507438
17980.0,22111,SCOTTIE DOG HOT WATER BOTTLE,7.653699085124973
17980.0,82482,WOODEN PICTURE FRAME WHITE FINISH,7.624039754250753
17980.0,21080,SET/20 RED SPOTTY PAPER NAPKINS ,7.592442398687673
17980.0,21080,SET/20 RED RETROSPOT PAPER NAPKINS ,7.592442398687673
17980.0,22867,HAND WARMER BIRD DESIGN,7.573392987904024
15975.0,21212,PACK OF 72 RETRO SPOT CAKE CASES,6.135864796064463
15975.0,21212,PACK OF 72 RETROSPOT CAKE CASES,6.135864796064463
15975.0,23307,SET OF 60 PANTRY DESIGN CAKE CASES ,6.035564955131166
15975.0,22952,72 CAKE CASES VINTAGE CHRISTMAS,6.020173584956812
15975.0,22952,SET 72 CAKE CASES VINTAGE CHRISTMAS,6.020173584956812
15975.0,22952,60 CAKE CASES VINTAGE CHRISTMAS,6.020173584956812
15975.0,22909,SET OF 20 VINTAGE CHRISTMAS NAPKINS,5.8405502799634705
15975.0,22720,SET OF 3 CAKE TINS PANTRY DESIGN ,5.787987199688921
15975.0,22666,RECIPE BOX PANTRY YELLOW DESIGN,5.779112746853173
15975.0,22960,JAM MAKING SET WITH JARS,5.708477946787605
15975.0,21977,PACK OF 60 PINK PAISLEY CAKE CASES,5.588499554063131
15975.0,23293,SET OF 12 FAIRY CAKE BAKING CASES,5.5339985022358595
15975.0,22423,REGENCY CAKESTAND 3 TIER,5.4311361112833545
14493.0,20725,LUNCH BAG RED SPOTTY,45.83632852203513
14493.0,20725,LUNCH BAG RED RETROSPOT,45.83632852203513
14493.0,21080,SET/20 RED SPOTTY PAPER NAPKINS ,45.42364185155578
14493.0,21080,SET/20 RED RETROSPOT PAPER NAPKINS ,45.42364185155578
14493.0,22382,LUNCHBAG SPACEBOY DESIGN ,45.28504635825382
14493.0,22382,LUNCH BAG SPACEBOY DESIGN ,45.28504635825382
14493.0,85123A,WHITE HANGING HEART T-LIGHT HOLDER,45.0733525001817
14493.0,85123A,CREAM HANGING HEART T-LIGHT HOLDER,45.0733525001817
14493.0,84992,72 SWEETHEART FAIRY CAKE CASES,44.60791535631944
14493.0,22384,LUNCHBAG PINK RETROSPOT,43.569074947464934
14493.0,22384,LUNCH BAG PINK RETROSPOT,43.569074947464934
14493.0,22384,LUNCH BAG PINK POLKADOT,43.569074947464934
14493.0,22384,LUNCH BAG PINK POLKADOTS,43.569074947464934
14493.0,22551,PLASTERS IN TIN SPACEBOY,43.18535838743442
14493.0,20727,LUNCH BAG  BLACK SKULL.,43.176406794182576
14493.0,20728,LUNCH BAG CARS BLUE,43.09347807716182
14493.0,22383,LUNCHBAG SUKI  DESIGN ,43.06212292808801
14493.0,22383,LUNCH BAG SUKI  DESIGN ,43.06212292808801
14493.0,22383,LUNCH BAG SUKI DESIGN ,43.06212292808801
13546.0,84992,72 SWEETHEART FAIRY CAKE CASES,19.41543128671982
13546.0,21977,PACK OF 60 PINK PAISLEY CAKE CASES,18.850941988747067
13546.0,20725,LUNCH BAG RED SPOTTY,17.85025449106489
13546.0,20725,LUNCH BAG RED RETROSPOT,17.85025449106489
13546.0,21975,PACK OF 60 DINOSAUR CAKE CASES,17.726787964604952
13546.0,85123A,WHITE HANGING HEART T-LIGHT HOLDER,17.629520998079773
13546.0,85123A,CREAM HANGING HEART T-LIGHT HOLDER,17.629520998079773
13546.0,22993,SET OF 4 PANTRY JELLY MOULDS,17.544942619782766
13546.0,22417,PACK OF 60 SPACEBOY CAKE CASES,17.49345550114234
13546.0,22423,REGENCY CAKESTAND 3 TIER,17.343772114625022
13546.0,22384,LUNCHBAG PINK RETROSPOT,17.048099966436606
13546.0,22384,LUNCH BAG PINK RETROSPOT,17.048099966436606
13546.0,22384,LUNCH BAG PINK POLKADOT,17.048099966436606
13546.0,22384,LUNCH BAG PINK POLKADOTS,17.048099966436606
13546.0,85099B,JUMBO BAG RED WHITE SPOTTY ,17.046719616825417
13546.0,85099B,RED RETROSPOT JUMBO BAG ,17.046719616825417
13546.0,85099B,JUMBO BAG RED RETROSPOT,17.046719616825417
13879.0,21212,PACK OF 72 RETRO SPOT CAKE CASES,3.8904564808597306
13879.0,21212,PACK OF 72 RETROSPOT CAKE CASES,3.8904564808597306
13879.0,84991,60 TEATIME FAIRY CAKE CASES,3.7182706170829003
13879.0,22423,REGENCY CAKESTAND 3 TIER,3.648430531763169
13879.0,85123A,WHITE HANGING HEART T-LIGHT HOLDER,3.6346336952580747
13879.0,85123A,CREAM HANGING HEART T-LIGHT HOLDER,3.6346336952580747
13879.0,84992,72 SWEETHEART FAIRY CAKE CASES,3.6332907249057897
13879.0,21977,PACK OF 60 PINK PAISLEY CAKE CASES,3.615741729395707
13879.0,21080,SET/20 RED SPOTTY PAPER NAPKINS ,3.480353249976433
13879.0,21080,SET/20 RED RETROSPOT PAPER NAPKINS ,3.480353249976433
13879.0,22139,RETRO SPOT TEA SET CERAMIC 11 PC ,3.42989269515203
13879.0,22139,11 PC CERAMIC TEA SET POLKADOT,3.42989269515203
13879.0,22139,RETROSPOT TEA SET CERAMIC 11 PC ,3.42989269515203
13879.0,22469,HEART OF WICKER SMALL,3.3599164321030845
13879.0,84378,SET OF 3 HEART COOKIE CUTTERS,3.3091685819834695
12363.0,22417,PACK OF 60 SPACEBOY CAKE CASES,6.826874685719553
12363.0,21975,PACK OF 60 DINOSAUR CAKE CASES,6.801953915599787
12363.0,21080,SET/20 RED SPOTTY PAPER NAPKINS ,6.086944290332683
12363.0,21080,SET/20 RED RETROSPOT PAPER NAPKINS ,6.086944290332683
12363.0,23307,SET OF 60 PANTRY DESIGN CAKE CASES ,5.893418425455474
12363.0,22951,72 CAKE CASES DOLLY GIRL DESIGN,5.8035576240139894
12363.0,22951,60 CAKE CASES DOLLY GIRL DESIGN,5.8035576240139894
12363.0,84987,SET OF 36 TEATIME PAPER DOILIES,5.697710151867409
12363.0,84378,SET OF 3 HEART COOKIE CUTTERS,5.563272835091836
12363.0,22910,PAPER CHAIN KIT VINTAGE CHRISTMAS,5.550172671166724
12363.0,22909,SET OF 20 VINTAGE CHRISTMAS NAPKINS,5.493479569367567
12363.0,84380,SET OF 3 BUTTERFLY COOKIE CUTTERS,5.492052703118524
12785.0,22382,LUNCHBAG SPACEBOY DESIGN ,9.661103777075425
12785.0,22382,LUNCH BAG SPACEBOY DESIGN ,9.661103777075425
12785.0,20727,LUNCH BAG  BLACK SKULL.,9.36314656413887
12785.0,22386,JUMBO BAG PINK WITH WHITE SPOTS,9.349598961667024
12785.0,22386,JUMBO BAG PINK POLKADOT,9.349598961667024
12785.0,20726,LUNCH BAG WOODLAND,8.964130006881234
12785.0,85099F,JUMBO BAG STRAWBERRY,8.709776230256084
12785.0,22385,JUMBO BAG SPACEBOY DESIGN,8.5309973949191
12785.0,21212,PACK OF 72 RETRO SPOT CAKE CASES,8.513349945173776
12785.0,21212,PACK OF 72 RETROSPOT CAKE CASES,8.513349945173776
12785.0,23203,JUMBO BAG DOILEY PATTERNS,8.304674962343768
12785.0,23203,JUMBO BAG VINTAGE DOILEY ,8.304674962343768
12785.0,23203,JUMBO BAG VINTAGE DOILY ,8.304674962343768
12785.0,23209,LUNCH BAG DOILEY PATTERN ,8.285987110019736
12785.0,23209,LUNCH BAG VINTAGE DOILY ,8.285987110019736
12785.0,23209,LUNCH BAG VINTAGE DOILEY ,8.285987110019736
12785.0,22662,LUNCH BAG DOLLY GIRL DESIGN,8.182776365549818
17469.0,22382,LUNCHBAG SPACEBOY DESIGN ,37.57381822982864
17469.0,22382,LUNCH BAG SPACEBOY DESIGN ,37.57381822982864
17469.0,84991,60 TEATIME FAIRY CAKE CASES,34.38376004008133
17469.0,84992,72 SWEETHEART FAIRY CAKE CASES,32.58707058222541
17469.0,21977,PACK OF 60 PINK PAISLEY CAKE CASES,31.5052422618242
17469.0,22666,RECIPE BOX PANTRY YELLOW DESIGN,31.473437204880238
17469.0,22086,PAPER CHAIN KIT 50'S CHRISTMAS ,31.42377241906519
17469.0,21485,RED SPOT HEART HOT WATER BOTTLE,31.01432459724426
17469.0,21485,RETROSPOT HEART HOT WATER BOTTLE,31.01432459724426
17469.0,22469,HEART OF WICKER SMALL,30.7369617113488
17469.0,20724,RED SPOTTY CHARLOTTE BAG,30.643499036090958
17469.0,20724,RED RETROSPOT CHARLOTTE BAG,30.643499036090958
17469.0,20711,JUMBO BAG TOYS ,30.550667884165986
16231.0,20725,LUNCH BAG RED SPOTTY,16.741873682405256
16231.0,20725,LUNCH BAG RED RETROSPOT,16.741873682405256
16231.0,20727,LUNCH BAG  BLACK SKULL.,16.456634276545394
16231.0,22384,LUNCHBAG PINK RETROSPOT,16.254375971338412
16231.0,22384,LUNCH BAG PINK RETROSPOT,16.254375971338412
16231.0,22384,LUNCH BAG PINK POLKADOT,16.254375971338412
16231.0,22384,LUNCH BAG PINK POLKADOTS,16.254375971338412
16231.0,20728,LUNCH BAG CARS BLUE,16.11804233763272
16231.0,22383,LUNCHBAG SUKI  DESIGN ,16.015495255850247
16231.0,22383,LUNCH BAG SUKI  DESIGN ,16.015495255850247
16231.0,22383,LUNCH BAG SUKI DESIGN ,16.015495255850247
16231.0,84991,60 TEATIME FAIRY CAKE CASES,15.513547891208253
16231.0,85099B,JUMBO BAG RED WHITE SPOTTY ,15.512421533417903
16231.0,85099B,RED RETROSPOT JUMBO BAG ,15.512421533417903
16231.0,85099B,JUMBO BAG RED RETROSPOT,15.512421533417903
16231.0,84992,72 SWEETHEART FAIRY CAKE CASES,15.160541986492355
16231.0,22551,PLASTERS IN TIN SPACEBOY,15.151833709066505
16231.0,21975,PACK OF 60 DINOSAUR CAKE CASES,14.934484108352033
15463.0,85123A,WHITE HANGING HEART T-LIGHT HOLDER,1.5715031102910897
15463.0,85123A,CREAM HANGING HEART T-LIGHT HOLDER,1.5715031102910897
15463.0,21181,PLEASE ONE PERSON  METAL SIGN,1.4611409439060807
15463.0,21181,PLEASE ONE PERSON METAL SIGN,1.4611409439060807
15463.0,21166,COOK WITH WINE METAL SIGN ,1.4586001501749015
15463.0,22469,HEART OF WICKER SMALL,1.4541272485677854
15463.0,84879,ASSORTED COLOUR BIRD ORNAMENT,1.4054598861536491
15463.0,85152,HAND OVER THE CHOCOLATE   SIGN ,1.4051753660304651
15463.0,82482,WOODEN PICTURE FRAME WHITE FINISH,1.3988385433121422
15463.0,22423,REGENCY CAKESTAND 3 TIER,1.3778848775078572
15463.0,22470,HEART OF WICKER LARGE,1.3742942902396955
15463.0,84946,ANTIQUE SILVER TEA GLASS ETCHED,1.3708756959282538
15463.0,84946,ANTIQUE SILVER T-LIGHT GLASS,1.3708756959282538
17227.0,84992,72 SWEETHEART FAIRY CAKE CASES,12.30204731464357
17227.0,22417,PACK OF 60 SPACEBOY CAKE CASES,11.65137084004134
17227.0,21975,PACK OF 60 DINOSAUR CAKE CASES,11.555756688218056
17227.0,21213,PACK OF 72 SKULL CAKE CASES,11.054235915365037
17227.0,20725,LUNCH BAG RED SPOTTY,11.006078805127506
17227.0,20725,LUNCH BAG RED RETROSPOT,11.006078805127506
17227.0,21121,SET/10 RED SPOTTY PARTY CANDLES,10.98846760518586
17227.0,21121,SET/10 RED POLKADOT PARTY CANDLES,10.98846760518586
17227.0,21976,PACK OF 60 MUSHROOM CAKE CASES,10.881672943804023
17227.0,22086,PAPER CHAIN KIT 50'S CHRISTMAS ,10.731000961827803
17227.0,22382,LUNCHBAG SPACEBOY DESIGN ,10.565542398142782
17227.0,22382,LUNCH BAG SPACEBOY DESIGN ,10.565542398142782
17227.0,22384,LUNCHBAG PINK RETROSPOT,10.449937614737811
17227.0,22384,LUNCH BAG PINK RETROSPOT,10.449937614737811
17227.0,22384,LUNCH BAG PINK POLKADOT,10.449937614737811
17227.0,22384,LUNCH BAG PINK POLKADOTS,10.449937614737811
15214.0,22086,PAPER CHAIN KIT 50'S CHRISTMAS ,17.76357222574649
15214.0,22910,PAPER CHAIN KIT VINTAGE CHRISTMAS,17.446288973725842
15214.0,21212,PACK OF 72 RETRO SPOT CAKE CASES,17.09061569625058
15214.0,21212,PACK OF 72 RETROSPOT CAKE CASES,17.09061569625058
15214.0,22952,72 CAKE CASES VINTAGE CHRISTMAS,16.69681036463296
15214.0,22952,SET 72 CAKE CASES VINTAGE CHRISTMAS,16.69681036463296
15214.0,22952,60 CAKE CASES VINTAGE CHRISTMAS,16.69681036463296
15214.0,22666,RECIPE BOX PANTRY YELLOW DESIGN,16.60820001940792
15214.0,22720,SET OF 3 CAKE TINS PANTRY DESIGN ,16.433116429243924
15214.0,84991,60 TEATIME FAIRY CAKE CASES,16.128121867181097
15214.0,21080,SET/20 RED SPOTTY PAPER NAPKINS ,16.083068670419784
15214.0,21080,SET/20 RED RETROSPOT PAPER NAPKINS ,16.083068670419784
15214.0,22865,HAND WARMER OWL DESIGN,15.979191345681908
15214.0,21485,RED SPOT HEART HOT WATER BOTTLE,15.93086187714279
15214.0,21485,RETROSPOT HEART HOT WATER BOTTLE,15.93086187714279
15141.0,21791,VINTAGE HEADS AND TAILS CARD GAME ,9.313513003840592
15141.0,21918,SET 12 KIDS COLOUR  CHALK STICKS,8.457000913328574
15141.0,22139,RETRO SPOT TEA SET CERAMIC 11 PC ,8.430031261953118
15141.0,22139,11 PC CERAMIC TEA SET POLKADOT,8.430031261953118
15141.0,22139,RETROSPOT TEA SET CERAMIC 11 PC ,8.430031261953118
15141.0,22549,PICTURE DOMINOES,8.42518793900742
15141.0,22491,PACK OF 12 COLOURED PENCILS,8.402196685773097
15141.0,22556,PLASTERS IN TIN CIRCUS PARADE ,8.376090272298423
15141.0,22551,PLASTERS IN TIN SPACEBOY,8.35750010705726
15141.0,22138,BAKING SET 9 PIECE RETROSPOT ,8.01339285583455
15141.0,21888,BINGO SET,8.002963071072683
15141.0,22382,LUNCHBAG SPACEBOY DESIGN ,7.929572102221526
15141.0,22382,LUNCH BAG SPACEBOY DESIGN ,7.929572102221526
15824.0,85123A,WHITE HANGING HEART T-LIGHT HOLDER,5.531005860551733
15824.0,85123A,CREAM HANGING HEART T-LIGHT HOLDER,5.531005860551733
15824.0,22469,HEART OF WICKER SMALL,5.027913515003439
15824.0,21212,PACK OF 72 RETRO SPOT CAKE CASES,4.986142604258865
15824.0,21212,PACK OF 72 RETROSPOT CAKE CASES,4.986142604258865
15824.0,22423,REGENCY CAKESTAND 3 TIER,4.975734095922488
15824.0,22086,PAPER CHAIN KIT 50'S CHRISTMAS ,4.872063634105214
15824.0,47566,PARTY BUNTING,4.868924949120374
15824.0,22470,HEART OF WICKER LARGE,4.819128688203136
15824.0,21733,RED HANGING HEART T-LIGHT HOLDER,4.6649476846751945
15824.0,22910,PAPER CHAIN KIT VINTAGE CHRISTMAS,4.655441091737075
15824.0,22577,WOODEN HEART CHRISTMAS SCANDINAVIAN,4.652793801481672
15824.0,22577,WOODEN HEART CHRISTMAS SCANDISPOT,4.652793801481672
