StockCode,Description,PopularityScore,PopularityRank,TotalQuantity,TotalRevenue,PurchaseCount
85123A,WHITE HANGING HEART T-LIGHT HOLDER,0.9346,1,88183,237833.96,5156
85099B,JUMBO BAG RED WHITE SPOTTY ,0.7787,2,92223,165751.82,3380
84879,ASSORTED COLOUR BIRD ORNAMENT,0.6585,3,77755,123631.87,2709
22423,REGENCY CAKESTAND 3 TIER,0.651,4,22674,261110.95,3676
21212,PACK OF 72 RETRO SPOT CAKE CASES,0.6248,5,88836,42893.17,2582
22197,"POPCORN HOLDER , SMALL ",0.5509,6,76140,57651.16,1884
84077,WORLD WAR 2 GLIDERS ASSTD DESIGNS,0.5497,7,103505,23743.31,931
20725,LUNCH BAG RED SPOTTY,0.4799,8,36842,58029.3,2686
84991,60 TEATIME FAIRY CAKE CASES,0.4492,9,52502,25611.17,1826
21977,PACK OF 60 PINK PAISLEY CAKE CASES,0.4418,10,54373,26290.05,1614
47566,PARTY BUNTING,0.4333,11,23184,102089.38,2120
22386,JUMBO BAG PINK WITH WHITE SPOTS,0.43,12,36857,66904.73,1811
21232,STRAWBERRY CERAMIC TRINKET BOX,0.4215,13,34131,40044.62,2122
85099F,JUMBO BAG STRAWBERRY,0.4066,14,35559,63615.53,1551
22086,PAPER CHAIN KIT 50'S CHRISTMAS ,0.4044,15,27910,75388.48,1752
17003,BROCADE RING PURSE ,0.4012,16,69343,14425.6,398
22178,VICTORIAN GLASS HANGING T-LIGHT,0.3919,17,36278,44498.56,1509
20727,LUNCH BAG  BLACK SKULL.,0.3868,18,24191,38141.55,2089
22383,LUNCHBAG SUKI  DESIGN ,0.3837,19,23693,37738.25,2070
22469,HEART OF WICKER SMALL,0.3796,20,25912,42891.89,1840
21931,JUMBO STORAGE BAG SUKI,0.3766,21,25580,47050.36,1762
POST,POSTAGE,0.3736,22,4981,110338.51,1983
85099C,JUMBO  BAG BAROQUE BLACK WHITE,0.3719,23,28586,51617.3,1490
22411,JUMBO SHOPPER VINTAGE RED PAISLEY,0.366,24,23866,44291.01,1712
21080,SET/20 RED SPOTTY PAPER NAPKINS ,0.3647,25,28841,22105.81,1707
20728,LUNCH BAG CARS BLUE,0.3634,26,22165,34967.93,1862
20914,SET/5 RED SPOTTY LID GLASS BOWLS,0.3632,27,17835,49126.53,1905
84946,ANTIQUE SILVER TEA GLASS ETCHED,0.3613,28,31103,36213.83,1382
21181,PLEASE ONE PERSON  METAL SIGN,0.3606,29,24052,47609.4,1582
84755,COLOUR GLASS T-LIGHT HOLDER HANGING,0.3592,30,38537,23187.71,1140
21213,PACK OF 72 SKULL CAKE CASES,0.3579,31,38441,18270.23,1181
22384,LUNCHBAG PINK RETROSPOT,0.3572,32,19963,31860.75,1909
22382,LUNCHBAG SPACEBOY DESIGN ,0.3571,33,19225,30767.05,1955
22470,HEART OF WICKER LARGE,0.353,34,16708,48830.8,1805
21733,RED HANGING HEART T-LIGHT HOLDER,0.3453,35,16811,47766.05,1694
84992,72 SWEETHEART FAIRY CAKE CASES,0.3435,36,33526,16003.14,1222
21915,RED  HARMONICA IN BOX ,0.3426,37,34349,38884.65,904
20724,RED SPOTTY CHARLOTTE BAG,0.3422,38,25495,20250.37,1543
22492,MINI PAINT SET VINTAGE ,0.342,39,42414,26432.14,649
20726,LUNCH BAG WOODLAND,0.3397,40,19901,31506.81,1645
21790,VINTAGE SNAP CARDS,0.3384,41,24917,19794.67,1517
82494L,WOODEN FRAME ANTIQUE WHITE ,0.338,42,13905,38705.72,1827
15036,ASSORTED COLOURS SILK FAN,0.3359,43,40077,28131.29,648
21929,JUMBO BAG PINK VINTAGE PAISLEY,0.3354,44,23836,42829.93,1257
22139,RETRO SPOT TEA SET CERAMIC 11 PC ,0.3342,45,9593,45521.9,1898
82482,WOODEN PICTURE FRAME WHITE FINISH,0.3319,46,15183,35942.95,1702
21975,PACK OF 60 DINOSAUR CAKE CASES,0.3301,47,30786,14768.75,1163
22457,NATURAL SLATE HEART CHALKBOARD ,0.33,48,14078,39960.22,1680
21731,RED TOADSTOOL LED NIGHT LIGHT,0.3295,49,26124,40386.16,1083
22138,BAKING SET 9 PIECE RETROSPOT ,0.329,50,8178,39027.86,1961
21928,JUMBO BAG SCANDINAVIAN PAISLEY,0.3273,51,22817,40937.25,1204
21175,GIN + TONIC DIET METAL SIGN,0.3265,52,18194,38273.66,1446
48138,DOOR MAT UNION FLAG,0.3247,53,9828,63910.54,1528
23084,RABBIT NIGHT LIGHT,0.3245,54,27045,51042.84,838
71459,HANGING JAM JAR T-LIGHT HOLDER,0.3234,55,31341,24416.04,921
21754,HOME BUILDING BLOCK WORD,0.3225,56,7201,42275.01,1871
20685,RED SPOTTY COIR DOORMAT,0.3176,57,9273,59914.11,1491
84970S,HANGING HEART ZINC T-LIGHT HOLDER,0.3166,58,25264,19716.76,1164
21166,COOK WITH WINE METAL SIGN ,0.3151,59,19094,36062.11,1252
22616,PACK OF 12 LONDON TISSUES ,0.3134,60,37012,10497.28,651
22910,PAPER CHAIN KIT VINTAGE CHRISTMAS,0.3121,61,16021,43812.67,1264
22952,72 CAKE CASES VINTAGE CHRISTMAS,0.3116,62,29592,14756.16,934
22629,SPACEBOY LUNCH BOX ,0.3109,63,20200,36025.14,1133
22077,6 RIBBONS RUSTIC CHARM,0.3082,64,15909,26837.99,1405
84836,ZINC METAL HEART DECORATION,0.3076,65,19226,23203.93,1278
22090,PAPER BUNTING RETRO SPOTS,0.3071,66,14730,40366.34,1290
22112,CHOCOLATE HOT WATER BOTTLE,0.3071,66,9796,45117.86,1474
22189,CREAM HEART CARD HOLDER,0.3068,67,15903,47245.47,1148
85152,HAND OVER THE CHOCOLATE   SIGN ,0.3058,68,16045,30424.42,1320
23203,JUMBO BAG DOILEY PATTERNS,0.3056,69,18908,36570.54,1108
79321,CHILLI LIGHTS,0.3056,69,14699,68453.5,944
20972,PINK CREAM FELT CRAFT TRINKET BOX ,0.3029,70,18567,22259.13,1248
21231,SWEETHEART CERAMIC TRINKET BOX,0.3025,71,18165,21404.32,1271
22111,SCOTTIE DOG HOT WATER BOTTLE,0.3025,71,8875,41526.55,1488
22326,"ROUND SNACK BOXES ,SET4, WOODLAND ",0.2999,72,14639,40246.37,1184
22355,"CHARLOTTE BAG , SUKI DESIGN",0.2989,73,19298,15359.66,1229
84978,HANGING HEART JAR T-LIGHT HOLDER,0.2965,74,18651,21662.02,1152
21843,RETRO SPOT CAKE STAND,0.2956,75,5143,52686.89,1434
20713,JUMBO BAG OWLS,0.2944,76,19211,34713.44,941
21498,RED SPOTS  WRAP ,0.2906,77,26572,10787.24,802
22630,DOLLY GIRL LUNCH BOX,0.2902,78,17047,30408.19,1031
21034,REX CASH+CARRY JUMBO SHOPPER,0.2889,79,3856,3663.2,1959
20719,WOODLAND CHARLOTTE BAG,0.2881,80,18892,14923.82,1087
21980,PACK OF 12 RED SPOTTY TISSUES ,0.2879,81,30910,8411.04,577
21982,PACK OF 12 SUKI TISSUES ,0.2876,82,31303,9763.45,537
21137,BLACK RECORD COVER FRAME,0.2875,83,18394,63009.83,548
82484,WOOD BLACK BOARD ANT WHITE FINISH,0.2874,84,9629,54200.36,1072
22551,PLASTERS IN TIN SPACEBOY,0.2862,85,14336,22759.8,1188
20971,PINK BLUE FELT CRAFT TRINKET BOX,0.2858,86,17929,20814.98,1030
21755,LOVE BUILDING BLOCK WORD,0.2858,86,5319,31304.81,1520
22114,HOT WATER BOTTLE TEA AND SYMPATHY,0.2853,87,8676,33864.42,1321
84347,ROTATING SILVER ANGELS T-LIGHT HLDR,0.285,88,19236,55577.77,554
22666,RECIPE BOX PANTRY YELLOW DESIGN,0.2842,89,9363,26566.97,1354
22385,JUMBO BAG SPACEBOY DESIGN,0.2834,90,15957,29084.71,994
22865,HAND WARMER OWL DESIGN,0.2823,91,13549,27250.28,1115
22083,PAPER CHAIN KIT RETRO SPOT,0.2821,92,12346,33845.36,1094
21621,VINTAGE UNION JACK BUNTING,0.2819,93,6433,53888.62,1145
22699,ROSES REGENCY TEACUP AND SAUCER ,0.2816,94,11660,31748.0,1144
72741,GRAND CHOCOLATECANDLE,0.2814,95,19222,25806.1,842
22356,"CHARLOTTE BAG , PINK/WHITE SPOTS",0.2813,96,16041,12892.55,1144
22151,PLACE SETTING WHITE HEART,0.2808,97,26170,10577.85,672
22417,PACK OF 60 SPACEBOY CAKE CASES,0.2808,97,20753,10402.79,937
22149,FELTCRAFT 6 FLOWER FRIENDS,0.2805,98,11510,23003.89,1235
21985,PACK OF 12 HEARTS DESIGN TISSUES ,0.2796,99,24706,8424.24,749
22379,RECYCLING BAG RETROSPOT ,0.2792,100,14192,27764.83,1030
15056N,EDWARDIAN PARASOL NATURAL,0.2786,101,10805,53563.46,886
20712,JUMBO BAG WOODLAND ANIMALS,0.2782,102,15458,28657.89,943
22585,PACK OF 6 BIRDY GIFT TAGS,0.2782,102,16390,19507.94,1002
48194,DOORMAT HEARTS,0.2782,102,7417,44612.29,1148
21791,VINTAGE HEADS AND TAILS CARD GAME ,0.2779,103,15122,17991.4,1077
22556,PLASTERS IN TIN CIRCUS PARADE ,0.2774,104,13005,20773.61,1139
48187,DOOR MAT NEW ENGLAND,0.2774,104,7089,43905.83,1159
21485,RED SPOT HEART HOT WATER BOTTLE,0.2765,105,7221,33938.43,1254
22554,PLASTERS IN TIN WOODLAND ANIMALS,0.2747,106,12665,20228.53,1120
22328,"ROUND SNACK BOXES ,SET 4, FRUITS ",0.2742,107,11743,32111.49,1021
22727,ALARM CLOCK BAKELIKE RED ,0.2737,108,8428,30388.09,1193
84997D,PINK 3 PIECE MINI DOTS CUTLERY SET,0.2735,109,10229,37876.57,1017
22720,SET OF 3 CAKE TINS PANTRY DESIGN ,0.2724,110,6857,32573.15,1224
22961,JAM MAKING SET PRINTED,0.2719,111,15523,21884.35,920
82600,NO SINGING METAL SIGN,0.2703,112,12348,24537.02,1018
22558,CLOTHES PEGS RETROSPOT PACK 24 ,0.2702,113,13331,18298.91,1041
23209,LUNCH BAG DOILEY PATTERN ,0.2701,114,12945,20720.41,1031
21210,SET OF 72 RETRO SPOT PAPER  DOILIES,0.2695,115,14596,20402.77,944
21930,JUMBO STORAGE BAG SKULLS,0.2688,116,12299,22783.79,1017
82486,WOOD S/3 CABINET ANT WHITE FINISH,0.2687,117,4515,35632.73,1245
20723,STRAWBERRY CHARLOTTE BAG,0.2669,118,14355,11497.02,1019
22467,GUMBALL COAT RACK,0.2664,119,11167,25486.13,1004
84945,MULTI COLOUR SILVER T-LIGHT HOLDER,0.2659,120,20970,16702.38,623
22147,FELTCRAFT BUTTERFLY HEARTS,0.2658,121,11701,16095.25,1078
22659,LUNCHBOX I LOVE LONDON,0.2655,122,14820,26023.72,807
22866,HAND WARMER SCOTTY DOG DESIGN,0.265,123,11544,23202.36,990
23298,SPOTTY BUNTING,0.2649,124,7669,35661.44,1033
84970L,SINGLE HEART ZINC T-LIGHT HOLDER,0.264,125,16409,15207.31,831
84029E,RED WOOLLY HOTTIE WHITE HEART.,0.2631,126,9221,31728.77,976
22909,SET OF 20 VINTAGE CHRISTMAS NAPKINS,0.2628,127,14906,11789.9,926
71477,COLOUR GLASS. STAR T-LIGHT HOLDER,0.2626,128,12296,36133.1,768
15056BL,EDWARDIAN PARASOL BLACK,0.262,129,9138,44813.72,811
22960,JAM MAKING SET WITH JARS,0.2617,130,8208,32829.22,990
22029,SPACE BOY BIRTHDAY CARD,0.2616,131,16943,6748.64,866
22294,HEART FILIGREE DOVE  SMALL,0.2609,132,16177,19582.85,745
84997B,RED 3 PIECE MINI DOTS CUTLERY SET,0.2607,133,8796,32405.3,951
21121,SET/10 RED SPOTTY PARTY CANDLES,0.2595,134,14890,17882.9,805
21981,PACK OF 12 WOODLAND TISSUES ,0.2593,135,25828,6845.5,399
22867,HAND WARMER BIRD DESIGN,0.2592,136,10918,21996.13,945
84568,GIRLS ALPHABET IRON ON PATCHES ,0.2584,137,32352,6217.92,76
22697,GREEN REGENCY TEACUP AND SAUCER,0.2573,138,8490,23472.94,1016
20975,12 PENCILS SMALL TUBE RED SPOTTY,0.2571,139,16007,10251.35,802
21523,FANCY FONT HOME SWEET HOME DOORMAT,0.2565,140,6558,40882.3,897
22726,ALARM CLOCK BAKELIKE GREEN,0.2563,141,6657,24688.96,1076
47591D,PINK FAIRY CAKE CHILD'S APRON,0.2563,141,9152,16713.12,1047
82583,HOT BATHS METAL SIGN,0.2562,142,11690,22806.03,852
22557,PLASTERS IN TIN VINTAGE PAISLEY ,0.2561,143,9759,15502.39,1028
23199,JUMBO BAG APPLES,0.2556,144,13152,25117.05,745
84997C,BLUE 3 PIECE MINI DOTS CUTLERY SET,0.2556,144,8439,31202.29,903
21094,SET/6 RED SPOTTY PAPER PLATES,0.2554,145,16990,12573.32,701
82483,WOOD 2 DRAWER CABINET WHITE FINISH,0.2553,146,4491,26268.37,1147
23206,LUNCH BAG APPLE DESIGN,0.2545,147,11472,18125.0,890
21984,PACK OF 12 PINK PAISLEY TISSUES ,0.2544,148,25042,6849.16,361
84378,SET OF 3 HEART COOKIE CUTTERS,0.2544,148,10914,13746.78,966
84692,BOX OF 24 COCKTAIL PARASOLS,0.2544,148,17117,6887.95,745
22555,PLASTERS IN TIN STRONGMAN,0.2535,149,11236,17955.44,888
20718,RED SPOTTY SHOPPER BAG,0.2532,150,12208,14301.27,879
21524,SPOTTY  HOME SWEET HOME DOORMAT,0.253,151,5047,33066.3,1006
21889,WOODEN BOX OF DOMINOES,0.2528,152,11648,14236.91,901
16014,SMALL CHINESE STYLE SCISSOR,0.2525,153,29354,9512.68,92
22993,SET OF 4 PANTRY JELLY MOULDS,0.2522,154,11701,14066.42,890
82580,BATHROOM METAL SIGN,0.2522,154,12300,6554.92,948
23201,JUMBO BAG ALPHABET,0.2519,155,11939,23084.42,771
22561,WOODEN SCHOOL COLOURING SET,0.2501,156,10748,17249.52,867
84212,"ASSORTED FLOWER COLOUR ""LEIS""",0.2501,156,24593,11712.97,260
21559,STRAWBERRY LUNCHBOX WITH CUTLERY,0.2493,157,7798,18413.39,985
21914,BLUE HARMONICA IN BOX ,0.2488,158,11710,14517.47,833
22367,CHILDS APRON SPACEBOY DESIGN,0.248,159,7651,14195.19,1021
22560,TRADITIONAL MODELLING CLAY,0.2478,160,14218,16660.44,671
22662,LUNCH BAG DOLLY GIRL DESIGN,0.2467,161,9648,15194.64,892
23202,JUMBO BAG VINTAGE LEAF,0.2462,162,10453,20479.09,785
21174,POTTERING IN THE SHED METAL SIGN,0.2459,163,9243,17806.71,869
21535,RETRO SPOT SMALL MILK JUG,0.2458,164,6492,15654.15,1026
22489,PACK OF 12 TRADITIONAL CRAYONS,0.2455,165,16742,6760.89,627
84947,ANTIQUE SILVER TEA GLASS ENGRAVED,0.2453,166,14991,17118.39,589
85150,LADIES & GENTLEMEN METAL SIGN,0.2453,166,8052,18783.03,906
21122,SET/10 PINK SPOTTY PARTY CANDLES,0.2448,167,12027,14524.24,755
22624,IVORY KITCHEN SCALES,0.2443,168,2890,23923.28,1081
21326,AGED GLASS SILVER T-LIGHT HOLDER,0.2439,169,16902,10272.3,554
21976,PACK OF 60 MUSHROOM CAKE CASES,0.2438,170,13998,7043.38,730
22969,HOMEMADE JAM SCENTED CANDLES,0.2437,171,13872,20019.0,585
22632,HAND WARMER RED POLKA DOT,0.2431,172,10148,20104.52,755
21908,CHOCOLATE THIS WAY METAL SIGN,0.2428,173,9364,17974.04,813
21086,SET/6 RED SPOTTY PAPER CUPS,0.2424,174,15042,9090.66,635
20711,JUMBO BAG TOYS ,0.2423,175,11288,20213.47,686
22297,HEART IVORY TRELLIS SMALL,0.2421,176,12664,15492.84,672
22113,GREY HEART HOT WATER BOTTLE,0.2418,177,5591,20855.98,948
21877,HOME SWEET HOME MUG,0.2417,178,12770,14222.74,675
22577,WOODEN HEART CHRISTMAS SCANDINAVIAN,0.2414,179,12904,6072.4,757
84270,ASSTD DESIGN BUBBLE GUM RING,0.2408,180,20670,4328.7,392
21314,SMALL GLASS HEART TRINKET POT,0.2407,181,9219,18291.46,785
22633,HAND WARMER UNION JACK,0.2404,182,8325,16775.46,840
85014B,RED/WHITE DOTS RUFFLED UMBRELLA,0.2401,183,6000,29130.17,806
21891,TRADITIONAL WOODEN SKIPPING ROPE,0.2399,184,11631,14488.81,699
21156,RED SPOTTY CHILDS APRON,0.2397,185,8800,15906.52,816
48185,DOOR MAT FAIRY CAKE,0.2397,185,5708,34786.0,748
84949,SILVER HANGING T-LIGHT HOLDER,0.2396,186,11123,17207.55,688
22381,TOY TIDY PINK RETROSPOT  ,0.2395,187,8627,16917.83,811
47590B,PINK HAPPY BIRTHDAY BUNTING,0.2394,188,5595,28288.35,825
22553,PLASTERS IN TIN SKULLS,0.2391,189,7268,11757.0,930
84380,SET OF 3 BUTTERFLY COOKIE CUTTERS,0.239,190,9385,11582.26,828
21497,FANCY FONTS BIRTHDAY WRAP,0.2386,191,17450,6957.0,483
21481,FAWN BLUE HOT WATER BOTTLE,0.2385,192,6724,19713.6,855
85066,CREAM SWEETHEART MINI CHEST,0.2383,193,2842,34029.33,874
21136,PAINTED METAL PEARS ASSORTED,0.2382,194,10030,16578.14,726
21165,BEWARE OF THE CAT METAL SIGN ,0.2381,195,9029,13987.49,803
21704,BAG 250g SWIRLY MARBLES,0.2379,196,16122,12238.47,477
21936,RED/WHITE SPOT PICNIC BAG,0.2377,197,7240,20045.66,813
22698,PINK REGENCY TEACUP AND SAUCER,0.2377,197,7355,20166.89,807
22296,HEART IVORY TRELLIS LARGE,0.2376,198,9408,15204.88,763
20974,12 PENCILS SMALL TUBE SKULL,0.2375,199,12087,7651.35,718
22348,TEA BAG PLATE RED SPOTTY ,0.2372,200,11799,9582.21,706
22084,PAPER CHAIN KIT EMPIRE,0.2369,201,8326,22750.5,717
22352,LUNCHBOX WITH CUTLERY RETROSPOT ,0.2355,202,6625,15718.09,859
22652,TRAVEL SEWING KIT,0.2355,202,9297,14767.41,740
22617,BAKING SET SPACEBOY DESIGN,0.2354,203,3922,18571.66,956
22502,PICNIC BASKET WICKER SMALL,0.2351,204,2961,54137.15,588
20750, RED/WHITE DOT MINI CASES,0.2349,205,3588,25791.88,881
21918,SET 12 KIDS COLOUR  CHALK STICKS,0.2347,206,14083,5663.14,601
22578,WOODEN STAR CHRISTMAS SCANDINAVIAN,0.2347,206,12119,5281.99,701
22595,CHRISTMAS GINGHAM HEART,0.2342,207,11932,9713.98,651
20668,DISCO BALL CHRISTMAS DECORATION,0.234,208,20547,2291.68,316
23245,SET OF 3 REGENCY CAKE TINS,0.234,208,5754,26144.78,758
22150, 3 STRIPEY MICE FELTCRAFT,0.2337,209,6869,12491.95,857
22693,GROW A FLYTRAP OR SUNFLOWER IN TIN,0.2336,210,17170,18708.98,284
21500,PINK SPOTS  WRAP ,0.2335,211,15850,6401.0,489
22728,ALARM CLOCK BAKELIKE PINK,0.233,212,5780,21171.23,799
48184,DOOR MAT ENGLISH ROSE ,0.233,212,4592,29556.16,760
21623,VINTAGE UNION JACK MEMOBOARD,0.2326,213,6069,44286.63,512
22413,METAL SIGN TAKE IT OR LEAVE IT ,0.2326,213,6685,18522.47,779
22158,3 HEARTS HANGING DECORATION RUSTIC,0.2322,214,7900,22231.96,671
20676,RED SPOTTY BOWL,0.2321,215,9266,10816.25,736
21172,PARTY METAL SIGN ,0.2317,216,7367,10281.87,827
22188,BLACK HEART CARD HOLDER,0.2317,216,10250,27304.7,491
23284,DOORMAT KEEP CALM AND COME IN,0.2317,216,5113,34279.6,659
22082,RIBBON REEL STRIPES DESIGN ,0.2316,217,6847,11115.63,842
22087,PAPER BUNTING WHITE LACE,0.2314,218,7593,20870.95,689
37410,BLACK AND WHITE PAISLEY FLOWER MUG,0.2314,218,25679,3012.07,19
84029G,KNITTED UNION FLAG HOT WATER BOTTLE,0.2313,219,5664,20619.2,784
22734,SET OF 6 RIBBONS VINTAGE CHRISTMAS,0.2311,220,8819,21403.47,620
16156S,WRAP PINK FAIRY CAKES ,0.231,221,16440,6465.8,420
22621,TRADITIONAL KNITTING NANCY,0.2309,222,8280,12666.52,743
84406B,CREAM CUPID HEARTS COAT HANGER,0.2309,222,6464,20592.9,740
21868,POTTING SHED TEA MUG,0.2306,223,8563,10103.47,754
23301,GARDENERS KNEELING PAD KEEP CALM ,0.2304,224,7608,12294.88,773
21672,WHITE SPOT RED CERAMIC DRAWER KNOB,0.2302,225,10228,12272.92,643
21669,BLUE STRIPE CERAMIC DRAWER KNOB,0.2301,226,9791,11967.89,665
22646,CERAMIC STRAWBERRY CAKE MONEY BANK,0.2299,227,8405,11032.26,741
23355,HOT WATER BOTTLE KEEP CALM,0.2296,228,5265,24084.15,738
22507,MEMO BOARD RETROSPOT  DESIGN,0.2295,229,5184,22965.34,752
21871,SAVE THE PLANET MUG,0.2292,230,10305,11643.05,631
22835,HOT WATER BOTTLE I AM SO POORLY,0.2292,230,4278,19857.48,828
22030,SWALLOWS GREETING CARD,0.229,231,12220,4897.65,612
20679,EDWARDIAN PARASOL RED,0.2284,232,6011,28450.82,632
21527,RETRO SPOT TRADITIONAL TEAPOT ,0.2282,233,3056,21725.24,850
21499,BLUE SPOTS  WRAP,0.228,234,14800,5966.0,460
22667,RECIPE BOX RETRO SPOT DESIGN,0.2279,235,4655,12982.65,868
22759,SET OF 3 NOTEBOOKS IN PARCEL,0.2279,235,8834,14095.5,653
22568,FELTCRAFT CUSHION OWL,0.2278,236,5100,18402.97,783
22045,SPACE BOY GIFT WRAP,0.2274,237,14337,5895.54,473
22219,LOVEBIRD HANGING DECORATION WHITE ,0.2272,238,8252,6915.66,753
21124,SET/10 BLUE SPOTTY PARTY CANDLES,0.2271,239,9914,11991.22,613
82582,AREA PATROLLED METAL SIGN,0.2267,240,7217,14321.72,710
21238,RED SPOTTY CUP,0.2265,241,8499,6877.83,731
21703,BAG 125g SWIRLY MARBLES,0.2263,242,14119,5344.69,474
23344,JUMBO BAG 50'S CHRISTMAS ,0.2262,243,8671,17149.08,599
21217,RED SPOTTY ROUND CAKE TINS,0.226,244,2633,24957.35,799
21668,RED STRIPE CERAMIC DRAWER KNOB,0.226,244,9304,11340.33,633
21169,YOU'RE CONFUSING ME METAL SIGN ,0.2259,245,8609,13384.01,642
21533,RETRO SPOT LARGE MILK JUG,0.2255,246,3115,14779.45,885
22027,TEA PARTY BIRTHDAY CARD,0.2255,246,10580,4308.53,644
85175,CACTI T-LIGHT CANDLES,0.2252,247,14673,5879.3,423
21429,RED GINGHAM ROSE JEWELLERY BOX,0.2248,248,5860,9787.2,800
84050,PINK HEART SHAPE EGG FRYING PAN,0.2243,249,9481,13209.33,577
22295,HEART FILIGREE DOVE LARGE,0.2241,250,8111,13104.87,641
22333,RETRO SPORT PARTY BAG + STICKER SET,0.2241,250,8486,13089.98,623
82581,TOILET METAL SIGN,0.2241,250,8054,4299.31,745
22273,FELTCRAFT DOLL MOLLY,0.2238,251,5739,15770.13,720
21787,RAIN PONCHO WITH RED SPOTS,0.2234,252,14190,10965.18,360
21967,PACK OF 12 SKULL TISSUES,0.2233,253,15449,4246.29,376
22722,SET OF 6 SPICE TINS PANTRY DESIGN,0.2231,254,5330,20364.6,677
22418,10 COLOUR SPACEBOY PEN,0.2228,255,11715,9727.65,486
21390,FILIGRIS HEART WITH BUTTERFLY,0.2226,256,10571,12785.39,502
22907,PACK OF 20 NAPKINS PANTRY DESIGN,0.2225,257,7909,6340.99,704
21155,RED SPOTTY PEG BAG,0.2224,258,5542,11677.98,755
21479,WHITE SKULL HOT WATER BOTTLE ,0.2224,258,4342,16240.14,762
22464,HANGING METAL HEART LANTERN,0.2222,259,7144,11161.56,681
84987,SET OF 36 TEATIME PAPER DOILIES,0.2221,260,7762,10915.18,652
84375,SET OF 20 KIDS COOKIE CUTTERS,0.222,261,7214,14438.07,637
22620,4 TRADITIONAL SPINNING TOPS,0.2218,262,7551,9753.28,672
23307,SET OF 60 PANTRY DESIGN CAKE CASES ,0.2218,262,11573,5925.99,521
23207,LUNCH BAG ALPHABET DESIGN,0.2216,263,7085,11334.81,673
48188,DOOR MAT WELCOME PUPPIES,0.2214,264,4748,26928.42,603
16161P,WRAP ENGLISH ROSE ,0.2213,265,13173,5424.9,441
21673,WHITE SPOT BLUE CERAMIC DRAWER KNOB,0.2212,266,9068,10878.48,575
22569,FELTCRAFT CUSHION BUTTERFLY,0.2212,266,5012,17694.58,693
21671,RED SPOT CERAMIC DRAWER KNOB,0.221,267,8761,10525.16,591
22534,MAGIC DRAWING SLATE SPACEBOY ,0.2207,268,12130,4895.88,488
22570,FELTCRAFT CUSHION RABBIT,0.2207,268,4989,17818.22,686
22625,RED KITCHEN SCALES,0.2207,268,2323,18850.43,802
20749,ASSORTED COLOUR MINI CASES,0.2202,269,2959,21067.89,739
47590A,BLUE HAPPY BIRTHDAY BUNTING,0.22,270,4493,22643.67,643
22966,GINGERBREAD MAN COOKIE CUTTER,0.2198,271,7941,9491.66,625
21900,"KEY FOB , SHED",0.2197,272,8028,5091.04,670
21385,IVORY HANGING DECORATION  HEART,0.2194,273,10140,8319.48,525
84988,SET OF 72 PINK HEART PAPER DOILIES,0.2194,273,7531,10638.13,625
85014A,BLACK/BLUE DOTS RUFFLED UMBRELLA,0.2191,274,4558,21127.09,644
21164,HOME SWEET HOME METAL SIGN ,0.2187,275,5817,15823.59,637
22488,NATURAL SLATE RECTANGLE CHALKBOARD,0.2187,275,6404,10204.76,673
21506,"FANCY FONT BIRTHDAY CARD, ",0.2186,276,10370,4161.72,550
22951,72 CAKE CASES DOLLY GIRL DESIGN,0.2185,277,10410,5339.06,532
21916,SET 12 RETRO WHITE CHALK STICKS,0.2183,278,10192,4117.48,554
82552,WASHROOM METAL SIGN,0.2182,279,6739,9071.26,663
21670,BLUE SPOT CERAMIC DRAWER KNOB,0.2181,280,7989,9794.93,593
47566B,TEA TIME PARTY BUNTING,0.2181,280,3977,19764.8,672
35970,ZINC FOLKART SLEIGH BELLS,0.2178,281,7777,12683.41,565
22173,METAL 4 HOOK HANGER FRENCH CHATEAU,0.2177,282,4392,12446.42,730
21892,TRADITIONAL WOODEN CATCH CUP GAME ,0.2175,283,7219,8746.92,633
22487,WHITE WOOD GARDEN PLANT LADDER,0.2169,284,1449,13621.36,847
85049E,SCANDINAVIAN REDS RIBBONS,0.2169,284,5905,7392.48,703
22427,ENAMEL FLOWER JUG CREAM,0.2165,285,2990,17185.68,725
21986,PACK OF 12 PINK SPOT TISSUES ,0.2164,286,13079,4462.19,381
21035,SET/2 RED SPOTTY TEA TOWELS ,0.2163,287,5327,15325.21,630
21907,I'M ON HOLIDAY METAL SIGN,0.2162,288,4969,10262.05,704
22271,FELTCRAFT DOLL ROSIE,0.2162,288,4440,12405.26,705
21108,FAIRY CAKE FLANNEL ASSORTED COLOUR,0.2161,289,9373,16708.25,414
22998,TRAVEL CARD WALLET KEEP CALM,0.216,290,11468,4566.98,451
23300,GARDENERS KNEELING PAD CUP OF TEA ,0.2159,291,6133,9702.09,649
20973,12 PENCIL SMALL TUBE WOODLAND,0.2151,292,9084,5772.0,539
21484,CHICK GREY HOT WATER BOTTLE,0.215,293,4034,13913.32,689
22694,WICKER STAR ,0.215,293,4248,8767.8,738
48111,DOOR MAT 3 SMILEY CATS,0.2148,294,4047,23312.07,576
75049L,LARGE CIRCULAR MIRROR MOBILE,0.2146,295,12663,11364.75,293
22505,MEMO BOARD COTTAGE DESIGN,0.2145,296,3588,16515.74,673
21495,SKULLS WRAP,0.2144,297,12390,5087.8,376
22456,NATURAL SLATE CHALKBOARD LARGE ,0.2144,297,3915,17150.51,647
22752,SET 7 BABUSHKA NESTING BOXES,0.2142,298,3050,23868.29,609
21218,RED SPOTTY BISCUIT TIN,0.2141,299,4636,16154.2,619
20754,RETRO RED SPOTTY WASHING UP GLOVES,0.214,300,4782,9262.92,690
21154,RED SPOTTY OVEN GLOVE ,0.2139,301,6677,7938.57,613
23208,LUNCH BAG VINTAGE LEAF DESIGN,0.2133,302,6118,9840.5,608
35961,FOLKART ZINC HEART CHRISTMAS DEC,0.2133,302,10650,8228.82,407
71053,WHITE METAL LANTERN,0.2131,303,4285,15260.29,631
84997A,GREEN 3 PIECE MINI DOTS CUTLERY SET,0.2131,303,5067,18735.95,554
21829,DINOSAUR KEYRINGS ASSORTED,0.213,304,13903,2879.34,307
22661,CHARLOTTE BAG DOLLY GIRL DESIGN,0.2128,305,8018,6352.5,549
22607,WOODEN ROUNDERS GARDEN SET ,0.2127,306,2391,20853.42,653
20979,36 PENCILS TUBE RED SPOTTY,0.2125,307,7367,8889.55,546
21955,UNION JACK GUNS & ROSES  DOORMAT,0.2124,308,3689,20894.95,585
22499,WOODEN UNION JACK BUNTING,0.2123,309,3158,18209.63,639
40016,CHINESE DRAGON PAPER LANTERNS,0.2118,310,15301,4961.12,197
21974,SET OF 36 PAISLEY FLOWER DOILIES,0.2115,311,6512,9173.51,569
20677,PINK SPOTTY BOWL,0.2108,312,6874,8012.92,554
79000,MOROCCAN TEA GLASS,0.2107,313,11071,8235.71,347
22198,"POPCORN HOLDER , LARGE",0.2105,314,6440,10183.4,545
21430,SET/3 RED GINGHAM ROSE STORAGE BOX,0.2101,315,4107,14496.57,603
21240,BLUE  SPOTTY CUP,0.21,316,6733,5402.99,578
22900, SET 2 TEA TOWELS I LOVE LONDON ,0.2098,317,5242,15014.0,537
22622,BOX OF VINTAGE ALPHABET BLOCKS,0.2097,318,2772,26691.91,520
21242,RED SPOTTY PLATE ,0.2093,319,6433,10255.45,526
22549,PICTURE DOMINOES,0.2091,320,6221,8812.29,551
22804,CANDLEHOLDER PINK HANGING HEART,0.2091,320,4388,11582.08,607
21622,VINTAGE UNION JACK CUSHION COVER,0.209,321,3474,18282.62,573
21509,COWBOYS AND INDIANS BIRTHDAY CARD ,0.2088,322,8431,3385.99,501
22171,3 HOOK PHOTO SHELF ANTIQUE WHITE,0.2087,323,2845,20246.32,576
22766,PHOTO FRAME CORNICE,0.2086,324,4195,12129.73,603
23200,JUMBO BAG PEARS,0.2086,324,6595,12791.29,479
22730,ALARM CLOCK BAKELIKE IVORY,0.2085,325,3402,12767.75,632
23293,SET OF 12 FAIRY CAKE BAKING CASES,0.2085,325,8196,6430.44,472
22749,FELTCRAFT PRINCESS CHARLOTTE DOLL,0.2083,326,3406,12404.08,633
85049A,TRADITIONAL CHRISTMAS RIBBONS,0.2083,326,5751,7108.08,581
84598,BOYS ALPHABET IRON ON PATCHES,0.2081,327,17665,3421.65,43
21239,PINK  SPOTTY CUP,0.208,328,6428,5190.15,565
22740,POLKA DOT PEN,0.2079,329,12599,10378.43,205
21531,RETRO SPOT SUGAR JAM BOWL,0.2077,330,3842,9121.2,640
22619,SET OF 6 SOLDIER SKITTLES,0.2077,330,3768,13973.35,588
47559B,TEA TIME OVEN GLOVE,0.2077,330,4916,5910.37,625
22064,PINK DOUGHNUT TRINKET POT ,0.2076,331,6077,9080.85,531
22196,SMALL HEART MEASURING SPOONS,0.2076,331,5740,4824.66,597
21901,"KEY FOB , BACK DOOR ",0.2073,332,5861,3733.97,599
21870,I CAN ONLY PLEASE ONE PERSON MUG,0.2072,333,5828,7003.42,561
21078,SET/20 STRAWBERRY PAPER NAPKINS ,0.2071,334,6539,5097.77,546
22834,HAND WARMER BABUSHKA DESIGN,0.2071,334,6271,9631.38,508
21888,BINGO SET,0.207,335,3130,11543.7,636
48173C,DOOR MAT BLACK FLOCK ,0.2069,336,4027,22493.28,464
21912,VINTAGE SNAKES & LADDERS,0.2068,337,3311,11872.97,620
84520B,PACK 20 ENGLISH ROSE PAPER NAPKINS,0.2067,338,6586,5086.54,539
20983,12 PENCILS TALL TUBE RED SPOTTY,0.2066,339,6015,5081.55,564
22988,SOLDIERS EGG CUP ,0.2065,340,8921,10282.44,362
23077,DOUGHNUT LIP GLOSS ,0.2062,341,9582,11540.7,311
22663,JUMBO BAG DOLLY GIRL DESIGN,0.206,342,5333,10140.48,530
20675,BLUE SPOTTY BOWL,0.2059,343,5776,6797.32,546
21989,PACK OF 20 SKULL PAPER NAPKINS,0.2059,343,7449,5563.65,478
82551,LAUNDRY 15C METAL SIGN,0.2058,344,5344,7393.89,558
21380,WOODEN HAPPY BIRTHDAY GARLAND,0.2056,345,4295,12168.45,551
21539,RETRO SPOTS BUTTER DISH,0.2056,345,2505,11756.74,642
21216,"SET 3 RED SPOT TIN TEA,COFFEE,SUGAR",0.2055,346,3464,15870.02,546
21899,"KEY FOB , GARAGE DESIGN",0.2054,347,6448,4047.38,537
22212,FOUR HOOK  WHITE LOVEBIRDS,0.2054,347,3670,7330.41,633
21507,"ELEPHANT, BIRTHDAY CARD, ",0.2053,348,7946,3222.72,473
22303,COFFEE MUG APPLES DESIGN,0.2053,348,5171,11843.5,508
22584,PACK OF 6 PANNETONE GIFT BOXES,0.2052,349,4822,11813.54,523
23240,SET OF 4 KNICK KNACK TINS DOILEY ,0.2052,349,4044,16188.2,511
22530,MAGIC DRAWING SLATE DOLLY GIRL ,0.2051,350,9582,3842.28,383
22444,GROW YOUR OWN PLANT IN A CAN ,0.205,351,8847,10835.31,337
22631,CIRCUS PARADE LUNCHBOX ,0.205,351,5836,10723.58,483
23243,SET OF TEA COFFEE SUGAR TINS PANTRY,0.2049,352,4543,21573.43,420
22169,FAMILY ALBUM WHITE PICTURE FRAME,0.2047,353,2003,15951.04,604
22380,TOY TIDY SPACEBOY  ,0.2047,353,4609,8949.5,559
22605,WOODEN CROQUET GARDEN SET,0.2045,354,1697,20656.26,561
23321,SMALL WHITE HEART OF WICKER,0.2045,354,4223,6733.75,600
21770,OPEN CLOSED METAL SIGN,0.2044,355,2848,13714.41,585
22274,FELTCRAFT DOLL EMILY,0.2044,355,3601,10028.21,591
22748,POPPY'S PLAYHOUSE KITCHEN,0.2044,355,3485,7164.71,629
22750,FELTCRAFT PRINCESS LOLA DOLL,0.2043,356,3029,11057.01,605
22940,FELTCRAFT CHRISTMAS FAIRY,0.2041,357,3252,13362.68,565
22776,SWEETHEART CAKESTAND 3 TIER,0.2038,358,1426,13479.65,647
22645,CERAMIC HEART FAIRY CAKE MONEY BANK,0.2037,359,4596,6275.34,575
22791,T-LIGHT GLASS FLUTED ANTIQUE,0.2037,359,8508,9776.63,345
22610,PENS ASSORTED FUNNY FACE,0.2036,360,12134,4734.38,225
22079,RIBBON REEL HEARTS DESIGN ,0.2035,361,4675,7569.99,553
21844,RETRO SPOT MUG,0.2031,362,5135,14152.65,449
22131,FOOD CONTAINER SET 3 LOVE HEART ,0.203,363,4949,8817.07,518
37503,TEA TIME CAKE STAND IN GIFT BOX,0.203,363,2333,23269.35,477
22144,CHRISTMAS CRAFT LITTLE FRIENDS,0.2029,364,4242,8692.0,551
48129,DOOR MAT TOPIARY,0.2029,364,3045,18593.61,495
22563,HAPPY STENCIL CRAFT,0.2028,365,5854,6752.65,494
16161U,"WRAP,SUKI AND FRIENDS",0.2023,366,9926,4042.92,320
21874,GIN AND TONIC MUG,0.2023,366,6093,7473.3,467
22637,PIGGY BANK RETROSPOT ,0.2023,366,4209,10205.12,527
82578,KITCHEN METAL SIGN,0.2023,366,5378,2872.2,554
23310,BUBBLEGUM RING ASSORTED,0.2022,367,11891,4894.83,214
22191,EAU DE NIL DINER WALL CLOCK,0.2021,368,1583,13060.25,617
22195,HEART MEASURING SPOONS LARGE,0.202,369,4584,7467.72,536
22301,COFFEE MUG CAT + BIRD DESIGN,0.2019,370,4657,10639.29,494
22508,DOORSTOP RETROSPOT HEART,0.2017,371,2669,10186.0,592
16237,SLEEPING CAT ERASERS,0.2016,372,9639,1940.19,348
20828,GLITTER BUTTERFLY CLIPS,0.2016,372,4190,9874.5,521
22579,WOODEN TREE CHRISTMAS SCANDINAVIAN,0.2016,372,6566,3161.14,482
20717,STRAWBERRY SHOPPER BAG,0.2015,373,5222,6231.28,511
21592,RETRO SPOT  CIGAR BOX MATCHES ,0.2015,373,5837,6503.71,478
21558,SKULL LUNCHBOX WITH CUTLERY ,0.2014,374,3771,9003.15,547
22037,ROBOT BIRTHDAY CARD,0.2014,374,6739,2800.96,476
22243,"HOOK, 5 HANGER ,MAGIC TOADSTOOL RED",0.2014,374,7466,11334.9,342
22041,"RECORD FRAME 7"" SINGLE SIZE ",0.2012,375,6803,14984.82,328
23204,CHARLOTTE BAG APPLES DESIGN,0.2012,375,6853,5493.81,435
72351B,SET/6 PINK  BUTTERFLY T-LIGHTS,0.2012,375,5554,10558.04,440
22193,RED DINER WALL CLOCK,0.2011,376,1796,14666.49,573
22501,PICNIC BASKET WICKER LARGE,0.2009,377,1924,17635.8,530
21114,LAVENDER SCENTED FABRIC HEART,0.2007,378,5531,6845.43,476
22065,CHRISTMAS PUDDING TRINKET POT ,0.2006,379,8212,5399.22,362
21098,CHRISTMAS TOILET ROLL,0.2005,380,6212,7287.9,435
22424,ENAMEL BREAD BIN CREAM,0.2005,380,1253,15051.2,586
84596B,SMALL DOLLY MIX DESIGN ORANGE BOWL,0.2005,380,5436,3257.87,519
21937,STRAWBERRY   PICNIC BAG,0.2004,381,3743,10403.85,517
21259,VICTORIAN SEWING BOX SMALL ,0.2002,382,2148,12278.11,570
21519,GIN & TONIC DIET GREETING CARD ,0.1999,383,6981,2853.54,440
84832,ZINC WILLIE WINKIE  CANDLE STICK,0.1999,383,6154,5117.02,454
85048,15CM CHRISTMAS GLASS BALL 20 LIGHTS,0.1999,383,2432,17923.4,487
21917,SET 12 KIDS  WHITE CHALK STICKS,0.1998,384,7871,3217.56,391
22055,MINI CAKE STAND  HANGING STRAWBERY,0.1998,384,4440,6648.28,518
22536,MAGIC DRAWING SLATE PURDEY,0.1998,384,8906,3494.52,337
22088,PAPER BUNTING COLOURED LACE,0.1997,385,3963,10888.85,490
22170,PICTURE FRAME WOOD TRIPLE PORTRAIT,0.1996,386,2219,14076.75,537
22745,POPPY'S PLAYHOUSE BEDROOM ,0.1995,387,3317,6792.85,566
22950,36 DOILIES VINTAGE CHRISTMAS,0.1995,387,7602,10413.3,316
47556B,TEA TIME TEA TOWELS ,0.1995,387,4985,12960.75,414
22771,CLEAR DRAWER KNOB ACRYLIC EDWARDIAN,0.1994,388,6541,7909.61,395
22741,FUNKY DIVA PEN,0.1989,389,10246,8628.76,199
37370,RETRO COFFEE MUGS ASSORTED,0.1987,390,6901,7840.08,367
22061,LARGE CAKE STAND  HANGING STRAWBERY,0.1986,391,1972,16294.5,508
22528,GARDENERS KNEELING PAD,0.1984,392,5318,6273.58,458
37449,CERAMIC CAKE STAND + HANGING CAKES,0.1984,392,2022,17970.43,482
20969,RED FLORAL FELTCRAFT SHOULDER BAG,0.1983,393,2945,10663.5,521
21935,SUKI  SHOULDER BAG,0.1981,394,4890,7701.92,457
22627,MINT KITCHEN SCALES,0.1981,394,1460,12094.28,573
22959,WRAP CHRISTMAS VILLAGE,0.1981,394,9338,3813.96,287
22335,HEART DECORATION PAINTED ZINC ,0.1979,395,7539,4602.15,361
22491,PACK OF 12 COLOURED PENCILS,0.1979,395,7142,5697.08,368
22567,20 DOLLY PEGS RETROSPOT,0.1977,396,5346,6519.8,443
22596,CHRISTMAS STAR WISH LIST CHALKBOARD,0.1977,396,6051,5819.8,417
22729,ALARM CLOCK BAKELIKE ORANGE,0.1976,397,2762,10169.55,525
16033,MINI HIGHLIGHTER PENS,0.1975,398,14521,1472.52,53
22156,HEART DECORATION WITH PEARLS ,0.1975,398,5500,4633.01,454
22644,CERAMIC CHERRY CAKE MONEY BANK,0.1973,399,4476,5761.98,488
22602,CHRISTMAS RETROSPOT HEART WOOD,0.1972,400,6015,4892.79,421
22941,CHRISTMAS LIGHTS 10 REINDEER,0.1972,400,2413,18980.6,433
20982,12 PENCILS TALL TUBE SKULLS,0.1971,401,4584,3885.48,501
48116,DOOR MAT MULTICOLOUR STRIPE,0.1969,402,3307,18787.76,387
22130,PARTY CONE CHRISTMAS DECORATION ,0.1968,403,6719,5572.44,373
21988,PACK OF 6 SKULL PAPER PLATES,0.1967,404,7073,5175.41,359
21933,PINK VINTAGE PAISLEY PICNIC BAG,0.1964,405,3771,8006.31,482
23173,REGENCY TEAPOT ROSES ,0.1964,405,2610,22597.12,370
37448,CERAMIC CAKE DESIGN SPOTTED MUG,0.1964,405,4328,6210.16,475
22634,CHILDS BREAKFAST SET SPACEBOY ,0.1963,406,1534,14125.05,518
23322,LARGE WHITE HEART OF WICKER,0.1963,406,2829,7967.65,527
21508,VINTAGE KID DOLLY CARD ,0.1962,407,6460,2606.53,410
21932,SCANDINAVIAN PAISLEY PICNIC BAG,0.1962,407,3483,7202.46,502
21135,VICTORIAN  METAL POSTCARD SPRING,0.1961,408,5449,7979.05,396
22704,WRAP RED APPLES ,0.1961,408,8600,3532.0,295
22429,ENAMEL MEASURING JUG CREAM,0.196,409,2109,8697.29,549
22531,MAGIC DRAWING SLATE CIRCUS PARADE  ,0.196,409,7696,3134.4,341
22544,MINI JIGSAW SPACEBOY,0.1958,410,9118,3575.18,264
21746,SMALL RED SPOT  WINDMILL,0.1957,411,5604,6663.28,397
22851,SET 20 NAPKINS FAIRY CAKES DESIGN ,0.1957,411,4914,3865.56,464
22329,ROUND CONTAINER SET OF 5 RETROSPOT,0.1956,412,4762,7420.3,428
22435,SET OF 9 HEART SHAPED BALLOONS,0.1956,412,4577,5628.29,458
22983,"CARD, BILLBOARD FONT",0.1956,412,6255,2569.59,412
85232B,SET/3 RUSSIAN DOLL STACKING TINS,0.1956,412,2611,12447.05,474
21085,SET/6 WOODLAND PAPER CUPS,0.1955,413,13712,1843.12,58
21243,PINK  SPOTTY PLATE ,0.1955,413,5171,8197.55,398
21875,KINGS CHOICE MUG,0.1955,413,6610,7368.64,338
21876,POTTERING MUG,0.1955,413,5218,6110.07,420
23076,ICE CREAM SUNDAE LIP GLOSS,0.1954,414,7868,9603.16,250
20682,RED SPOTTY CHILDS UMBRELLA,0.1953,415,2835,8955.91,500
22623,BOX OF VINTAGE JIGSAW BLOCKS ,0.1952,416,2116,10774.37,511
21833,CAMOUFLAGE LED TORCH,0.195,417,5741,9499.81,348
21260,FIRST AID TIN,0.1949,418,3309,10478.35,452
22908,PACK OF 20 NAPKINS RED APPLES,0.1949,418,5423,4240.49,422
22437,SET OF 9 BLACK SKULL BALLOONS,0.1948,419,6316,5184.0,367
22665,RECIPE BOX BLUE SKETCHBOOK DESIGN,0.1947,420,2490,7042.86,529
23343,JUMBO BAG VINTAGE CHRISTMAS ,0.1947,420,4634,9236.42,400
47599A,PINK PARTY BAGS,0.1947,420,5718,10594.12,332
23170,REGENCY TEA PLATE ROSES ,0.1946,421,5845,9124.69,340
62018,SOMBRERO ,0.1946,421,9548,12413.8,123
10002,INFLATABLE POLITICAL GLOBE ,0.1945,422,7256,5754.72,309
22431,WATERING CAN BLUE ELEPHANT,0.1945,422,3161,5969.65,506
20970,PINK FLORAL FELTCRAFT SHOULDER BAG,0.1944,423,2400,8785.52,509
22300,COFFEE MUG DOG + BALL DESIGN,0.1943,424,3860,8860.74,435
20992,JAZZ HEARTS PURSE NOTEBOOK,0.1942,425,6030,3069.62,395
22192,BLUE DINER WALL CLOCK,0.1941,426,1342,11106.33,528
22366,DOORMAT AIRMAIL ,0.1941,426,2341,14725.09,438
23309,SET OF 60 I LOVE LONDON CAKE CASES ,0.1941,426,7606,3662.5,311
23356,LOVE HOT WATER BOTTLE,0.1941,426,2316,12901.2,461
21091,SET/6 WOODLAND PAPER PLATES,0.1939,427,13668,1817.16,35
22712,CARD DOLLY GIRL ,0.1939,427,6972,2762.19,349
22847,"BREAD BIN, DINER STYLE, IVORY",0.1939,427,1046,16238.94,480
21902,"KEY FOB , FRONT  DOOR ",0.1937,428,5169,3208.19,427
23295,SET OF 12 MINI LOAF BAKING CASES,0.1935,429,5944,4659.84,370
22302,COFFEE MUG PEARS  DESIGN,0.1934,430,4771,9949.06,364
85049G,CHOCOLATE BOX RIBBONS ,0.1934,430,3716,4514.25,478
22142,CHRISTMAS CRAFT WHITE FAIRY ,0.1933,431,4072,5715.84,446
22440,BALLOON WATER BOMB PACK OF 35,0.1932,432,8252,3206.04,270
22635,CHILDS BREAKFAST SET DOLLY GIRL ,0.1931,433,1475,13684.45,477
22945,CHRISTMAS METAL TAGS ASSORTED ,0.1931,433,7177,5880.73,290
21544,SKULLS  WATER TRANSFER TATTOOS ,0.193,434,5746,4596.1,373
21756,BATH BUILDING BLOCK WORD,0.193,434,1537,9129.08,525
22059,CERAMIC STRWBERRY DESIGN MUG,0.193,434,4738,6097.78,405
22636,CHILDS BREAKFAST SET CIRCUS PARADE,0.1929,435,1520,12340.68,487
22690,DOORMAT HOME SWEET HOME BLUE ,0.1929,435,2487,15281.27,406
72760B,VINTAGE CREAM 3 BASKET CAKE STAND,0.1929,435,1612,15002.26,451
21745,GAOLERS KEYS DECORATIVE GARDEN ,0.1927,436,2651,8909.29,469
22327,ROUND SNACK BOXES SET OF 4 SKULLS,0.1926,437,2610,7387.9,487
22227,"DECORATION, HANGING HEART+MIRROR ",0.1925,438,5182,3358.1,407
22654,DELUXE SEWING KIT ,0.1925,438,1993,11304.87,469
22080,RIBBON REEL SPOTS DESIGN ,0.1924,439,3704,6013.6,446
21987,PACK OF 6 SKULL PAPER CUPS,0.1923,440,6019,3710.75,359
22692,DOORMAT WELCOME TO OUR HOME,0.1923,440,1792,12438.76,463
22837,HOT WATER BOTTLE BABUSHKA ,0.1923,440,3192,14267.6,375
84971S,SMALL HEART FLOWERS HOOK ,0.1923,440,6204,5051.56,334
22465,HANGING METAL STAR LANTERN,0.1922,441,4186,6449.08,415
22571,ROCKING HORSE RED CHRISTMAS ,0.1922,441,5184,4256.64,392
23232,WRAP VINTAGE PETALS  DESIGN,0.1922,441,8475,3415.5,242
20829,GLITTER HANGING BUTTERFLY STRING,0.1921,442,3606,7548.43,428
21411,GINGHAM HEART  DOORSTOP RED,0.1921,442,1935,7112.39,515
21890,S/6 WOODEN SKITTLES IN COTTON BAG,0.1921,442,3288,9322.86,423
22028,PENNY FARTHING BIRTHDAY CARD,0.1921,442,6059,2464.21,368
20981,12 PENCILS TALL TUBE WOODLAND,0.192,443,4388,3654.92,434
21099,SET/6 STRAWBERRY PAPER CUPS,0.1919,444,13164,1428.6,33
22047,EMPIRE GIFT WRAP,0.1919,444,7975,3251.5,263
21244,BLUE  SPOTTY PLATE ,0.1918,445,4644,7376.04,375
22649,STRAWBERRY FAIRY CAKE TEAPOT,0.1918,445,2149,10314.15,462
22089,PAPER BUNTING VINTAGE PAISLEY,0.1917,446,3135,8668.25,432
85061W,WHITE JEWELLED HEART DECORATION,0.1917,446,5833,4693.27,348
21381,MINI WOODEN HAPPY BIRTHDAY GARLAND,0.1915,447,4290,6896.1,393
21340,CLASSIC METAL BIRDCAGE PLANT HOLDER,0.1912,448,1644,17269.61,397
22371,AIRLINE BAG VINTAGE TOKYO 78,0.1909,449,1505,6889.73,519
22739,"RIBBON REEL, XMAS SOCK/BAUBLE",0.1909,449,3514,5834.34,434
22432,WATERING CAN PINK BUNNY,0.1908,450,3370,6169.4,436
22141,CHRISTMAS CRAFT TREE TOP ANGEL,0.1906,451,3052,6232.48,447
22812,PACK 3 BOXES CHRISTMAS PANNETONE,0.1906,451,4278,8070.62,367
22078,RIBBON REEL LACE DESIGN ,0.1905,452,3763,7659.8,395
22466,FAIRY TALE COTTAGE NIGHTLIGHT,0.1905,452,5084,9041.7,315
21561,DINOSAUR LUNCHBOX WITH CUTLERY,0.1904,453,2861,6814.08,447
23171,REGENCY TEA PLATE GREEN ,0.1904,453,5869,9038.65,276
84536A,ENGLISH ROSE NOTEBOOK A7 SIZE,0.1904,453,4440,1865.62,427
22109,FULL ENGLISH BREAKFAST PLATE,0.1903,454,2796,10058.16,411
21700,BIG DOUGHNUT FRIDGE MAGNETS,0.1901,455,5606,4683.98,334
21092,SET/6 STRAWBERRY PAPER PLATES,0.1899,456,12782,1484.54,20
23263,SET OF 3 WOODEN HEART DECORATIONS,0.1898,457,3670,4732.83,423
79323W, WHITE CHERRY LIGHTS,0.1898,457,1865,10997.45,438
84078A,SET/4 WHITE RETRO STORAGE CUBES ,0.1898,457,860,31072.0,254
22746,POPPY'S PLAYHOUSE LIVINGROOM ,0.1897,458,2577,5266.82,468
23439,HAND WARMER RED LOVE HEART,0.1897,458,3721,7574.1,386
84792,ENCHANTED BIRD COATHANGER 5 HOOK,0.1897,458,2133,9060.53,446
85049C,ROMANTIC PINKS RIBBONS ,0.1897,458,2902,3599.07,471
22493,PAINT YOUR OWN CANVAS SET,0.1896,459,4231,6709.23,370
23230,WRAP ALPHABET DESIGN,0.1896,459,7875,3175.5,234
84596F,SMALL MARSHMALLOWS PINK BOWL,0.1896,459,4158,2616.74,420
23313,VINTAGE CHRISTMAS BUNTING,0.1894,460,2735,12895.77,368
22668,PINK BABY BUNTING,0.1893,461,3223,9059.21,387
22398,MAGNETS PACK OF 4 SWALLOWS,0.1891,462,4096,3461.45,405
20978,36 PENCILS TUBE SKULLS,0.189,463,3771,4631.67,406
23205,CHARLOTTE BAG VINTAGE ALPHABET ,0.1889,464,4959,3964.77,355
23231,WRAP DOILEY DESIGN,0.1889,464,7225,2986.5,257
22725,ALARM CLOCK BAKELIKE CHOCOLATE,0.1888,465,2209,8154.09,439
22904,CALENDAR PAPER CUT DESIGN,0.1888,465,2873,8224.39,405
22855,FINE WICKER HEART ,0.1887,466,4600,5526.56,351
23308,SET OF 60 VINTAGE LEAF CAKE CASES ,0.1886,467,5955,3091.61,312
23319,BOX OF 6 MINI 50'S CRACKERS,0.1885,468,3404,7924.51,379
20751,FUNKY WASHING UP GLOVES ASSORTED,0.1882,469,2733,5645.82,432
22179,SET 10 LIGHTS NIGHT OWL,0.1882,469,1753,11283.29,415
22185,SLATE TILE NATURAL HANGING,0.1882,469,3734,5717.0,383
22072,TEA CUP AND SAUCER RETRO SPOT,0.1881,470,2126,7330.8,441
23296,SET OF 6 TEA TIME BAKING CASES,0.1881,470,4850,5650.9,329
21428,SET3 BOOK BOX GREEN GINGHAM FLOWER ,0.1879,471,2707,10501.05,373
23078,ICE CREAM PEN LIP GLOSS ,0.1879,471,6559,8017.31,215
22236,CAKE STAND 3 TIER MAGIC GARDEN,0.1877,472,979,11830.65,438
22242,"HOOK, 5 HANGER , MAGIC TOADSTOOL",0.1877,472,4602,7173.3,317
22601,CHRISTMAS RETROSPOT ANGEL WOOD,0.1877,472,4919,4012.67,338
23108,SET OF 10 LED DOLLY LIGHTS,0.1875,473,2128,12655.13,370
21584,RETRO SPOT SMALL TUBE MATCHES,0.1874,474,3735,6013.95,367
22600,CHRISTMAS RETROSPOT STAR WOOD,0.1874,474,4566,3769.56,353
22751,FELTCRAFT PRINCESS OLIVIA DOLL,0.1874,474,2189,7942.79,420
22365,DOORMAT RESPECTABLE HOUSE,0.1873,475,2218,13739.9,350
22816,CARD MOTORBIKE SANTA,0.1873,475,5900,2418.24,303
72351A,SET/6 TURQUOISE BUTTERFLY T-LIGHTS,0.1873,475,3612,6968.56,361
22738,RIBBON REEL SNOWY VILLAGE,0.1872,476,3872,6224.68,356
21186,WHITE DOVE HONEYCOMB PAPER GARLAND,0.1871,477,5007,7714.55,281
23581,JUMBO BAG PAISLEY PARK,0.1871,477,4236,8273.28,313
84032B,CHARLIE + LOLA RED HOT WATER BOTTLE,0.187,478,2710,5572.7,416
21811,CHRISTMAS HANGING HEART WITH BELL,0.1868,479,5711,3919.25,287
22562,MONSTERS STENCIL CRAFT,0.1868,479,3938,4600.54,365
22716,CARD CIRCUS PARADE,0.1868,479,5008,2061.39,342
23493,VINTAGE DOILY TRAVEL SEWING KIT,0.1868,479,3510,6724.8,361
22244,"HOOK, 3 HANGER ,MAGIC GARDEN",0.1867,480,4482,8088.3,297
84030E,ENGLISH ROSE HOT WATER BOTTLE,0.1867,480,2005,8136.66,416
22755,SMALL PURPLE BABUSHKA NOTEBOOK ,0.1866,481,3531,2614.4,404
17084R,ASSORTED INCENSE PACK,0.1865,482,10625,1968.45,66
22154,ANGEL DECORATION 3 BUTTONS ,0.1865,482,6604,2730.48,253
21810,CHRISTMAS HANGING STAR WITH BELL,0.1864,483,6222,3624.9,259
23318,BOX OF 6 MINI VINTAGE CRACKERS,0.1864,483,3477,7976.72,342
22588,CARDHOLDER GINGHAM HEART,0.1863,484,2448,6344.3,409
22593,CHRISTMAS GINGHAM STAR,0.1863,484,4923,4142.43,314
21179,NO JUNK MAIL METAL SIGN,0.1862,485,4027,3035.39,369
22419,LIPSTICK PEN RED,0.1862,485,5631,2346.72,299
21313,GLASS HEART T-LIGHT HOLDER ,0.1861,486,5665,4228.6,275
85042,ANTIQUE LILY FAIRY LIGHTS,0.1861,486,2500,11323.6,346
15034,PAPER POCKET TRAVELING FAN ,0.186,487,8370,1040.06,179
22537,MAGIC DRAWING SLATE DINOSAUR,0.186,487,5659,2284.62,295
22580,ADVENT CALENDAR GINGHAM SACK,0.1859,488,1722,10012.38,395
22970,LONDON BUS COFFEE MUG,0.1859,488,4197,9548.55,281
46000S,POLYESTER FILLER PAD 40x40cm,0.1859,488,3381,4902.45,374
22353,LUNCHBOX WITH CUTLERY FAIRY CAKES ,0.1858,489,2780,6662.4,381
22992,REVOLVER WOODEN RULER ,0.1858,489,4204,7762.74,300
23103,BELL HEART DECORATION,0.1858,489,3903,6396.75,330
21258,VICTORIAN SEWING BOX LARGE,0.1857,490,1108,13046.48,387
21872,GLAMOROUS  MUG,0.1857,490,4997,4951.53,292
22207,FRYING PAN UNION FLAG,0.1857,490,2773,10959.11,330
22548,HEADS AND TAILS SPORTING FUN,0.1857,490,3315,3873.1,386
22754,SMALL RED BABUSHKA NOTEBOOK ,0.1856,491,3659,2625.61,383
22795,SWEETHEART RECIPE BOOK STAND,0.1856,491,1442,9346.6,412
23198,PANTRY MAGNETIC  SHOPPING LIST,0.1856,491,2999,4248.39,396
21830,ASSORTED CREEPY CRAWLIES,0.1855,492,6715,2812.27,231
21786,RAIN HAT WITH RED SPOTS,0.1854,493,6796,2522.89,228
21903,MAN FLU METAL SIGN,0.1854,493,3326,6541.28,350
22737,RIBBON REEL CHRISTMAS PRESENT ,0.1854,493,2958,4859.54,388
85199S,SMALL HANGING IVORY/RED WOOD BIRD,0.1854,493,5312,2212.91,304
20996,JAZZ HEARTS ADDRESS BOOK,0.1853,494,6109,1562.58,272
22331,WOODLAND PARTY BAG + STICKER SET,0.1853,494,3432,5410.16,356
22895,SET OF 2 TEA TOWELS APPLE AND PEARS,0.1853,494,2746,8074.04,359
21878,PACK OF 6 SANDCASTLE FLAGS ASSORTED,0.1852,495,4962,3968.36,298
22332,SKULLS PARTY BAG + STICKER SET,0.1852,495,3621,5617.85,343
22614,PACK OF 12 SPACEBOY TISSUES,0.1852,495,5294,1631.38,309
20977,36 PENCILS TUBE WOODLAND,0.1851,496,3432,4262.64,366
22358,KINGS CHOICE TEA CADDY ,0.1851,496,2225,6298.23,402
22818,CARD CHRISTMAS VILLAGE,0.1851,496,5430,2259.0,293
15044A,PINK PAPER PARASOL ,0.185,497,4891,12795.73,196
21658,GLASS  BEURRE DISH,0.185,497,1918,7247.3,404
22441,GROW YOUR OWN BASIL IN ENAMEL MUG,0.185,497,2505,5194.5,399
22898,CHILDRENS APRON APPLE DESIGN,0.185,497,2915,5453.45,377
22241,"GARLAND , WOODEN  "" HAPPY EASTER""",0.1849,498,3800,4475.75,343
21591,COSY HOUR CIGAR BOX MATCHES ,0.1847,499,3271,4056.83,371
21983,PACK OF 12 BLUE PAISLEY TISSUES ,0.1847,499,5952,1762.92,267
51014A,"FEATHER PEN,HOT PINK",0.1847,499,5853,3622.01,251
21088,SET/6 FRUIT SALAD PAPER CUPS,0.1846,500,9363,1150.81,107
22574,HEART WOODEN CHRISTMAS DECORATION,0.1845,501,4396,3760.78,316
22073,RETRO SPOT STORAGE JAR,0.1844,502,1885,6841.23,401
85178,VICTORIAN SEWING KIT,0.1844,502,4993,5439.69,266
20993,JAZZ HEARTS MEMO PAD,0.1843,503,10945,1305.49,24
22023,EMPIRE BIRTHDAY CARD,0.1842,504,4800,1934.43,313
22174,PHOTO CUBE,0.1842,504,3880,5932.04,312
22840,ROUND CAKE TIN VINTAGE RED,0.1842,504,1263,9403.13,398
22024,RAINY LADIES BIRTHDAY CARD,0.1841,505,5119,2054.41,295
21071,VINTAGE BILLBOARD DRINK ME MUG,0.184,506,3969,4286.03,323
21715,GIRLS VINTAGE TIN SEASIDE BUCKET,0.1839,507,3196,7497.12,323
22460,EMBOSSED GLASS TEALIGHT HOLDER,0.1839,507,4233,5130.22,299
47567B,TEA TIME KITCHEN APRON,0.1839,507,2115,11245.27,332
22979,PANTRY WASHING UP BRUSH,0.1838,508,3822,5668.16,311
21716,BOYS VINTAGE TIN SEASIDE BUCKET,0.1837,509,3326,7719.08,311
21934,SKULL SHOULDER BAG,0.1837,509,3197,5055.05,348
22813,PACK 3 BOXES BIRD PANNETONE ,0.1837,509,3789,7074.33,296
22906,12 MESSAGE CARDS WITH ENVELOPES,0.1837,509,2900,4629.0,366
15056P,EDWARDIAN PARASOL PINK,0.1836,510,2123,10781.76,331
20674,GREEN SPOTTY BOWL,0.1836,510,3081,3729.53,366
22121,NOEL WOODEN BLOCK LETTERS ,0.1836,510,1403,8295.59,395
37446,MINI CAKE STAND WITH HANGING CAKES,0.1836,510,3402,4555.7,342
22152,PLACE SETTING WHITE STAR,0.1834,511,6118,2488.49,231
22573,STAR WOODEN CHRISTMAS DECORATION,0.1834,511,4502,3739.34,294
22606,WOODEN SKITTLES GARDEN SET,0.1834,511,990,13323.94,355
21749,LARGE RED SPOT WINDMILL,0.1833,512,4722,8974.7,222
22564,ALPHABET STENCIL CRAFT,0.1833,512,3852,4422.19,317
22899,CHILDRENS APRON DOLLY GIRL ,0.1832,513,2662,5352.63,362
23174,REGENCY SUGAR BOWL GREEN,0.1832,513,2866,11222.04,285
23503,PLAYING CARDS KEEP CALM & CARRY ON,0.1831,514,3430,4240.46,336
21624,VINTAGE UNION JACK DOORSTOP,0.183,515,1685,9859.23,355
35400,WOODEN BOX ADVENT CALENDAR ,0.183,515,1148,9930.65,380
22349,"DOG BOWL , CHASING BALL DESIGN",0.1829,516,2347,8920.63,331
21096,SET/6 FRUIT SALAD  PAPER PLATES,0.1828,517,8768,1661.3,102
22046,TEA PARTY  WRAPPING PAPER ,0.1827,518,6316,2588.72,209
22594,CHRISTMAS GINGHAM TREE,0.1827,518,4353,3660.27,292
22989,SET 2 PANTRY DESIGN TEA TOWELS,0.1827,518,2669,8232.17,321
23582,VINTAGE DOILY JUMBO BAG RED ,0.1827,518,4313,8285.54,240
35004C,SET OF 3 COLOURED  FLYING DUCKS,0.1827,518,2763,13150.35,260
21257,VICTORIAN SEWING BOX MEDIUM,0.1826,519,1240,9345.19,376
22433,WATERING CAN GREEN DINOSAUR,0.1826,519,2661,4804.67,359
22710,WRAP I LOVE LONDON ,0.1826,519,7004,2745.68,172
23294,SET OF 6 SNACK LOAF BAKING CASES,0.1826,519,4251,3326.15,299
84950,ASSORTED COLOUR T-LIGHT HOLDER,0.1826,519,5552,3632.64,232
21504,SKULLS GREETING CARD,0.1825,520,4826,1937.64,286
21588,RETRO SPOT GIANT  TUBE MATCHES,0.1825,520,3326,7684.8,292
21718,RED METAL BEACH SPADE ,0.1825,520,3639,4347.57,316
22996,TRAVEL CARD WALLET VINTAGE TICKET,0.1825,520,4514,1864.2,302
22713,CARD I LOVE LONDON ,0.1824,521,5605,2205.88,243
22115,METAL SIGN EMPIRE TEA,0.1823,522,2708,4636.58,354
22603,CHRISTMAS RETROSPOT TREE WOOD,0.1823,522,3936,3228.6,311
23192,BUNDLE OF 3 ALPHABET EXERCISE BOOKS,0.1823,522,3266,5192.22,320
21714,CITRONELLA CANDLE GARDEN POT,0.1821,523,3287,3637.27,335
22245,"HOOK, 1 HANGER ,MAGIC GARDEN",0.1821,523,4340,3537.2,285
22485,SET OF 2 WOODEN MARKET CRATES,0.1821,523,982,11980.5,350
21033,JUMBO BAG CHARLIE AND LOLA TOYS,0.182,524,3400,6432.38,295
22468,BABUSHKA LIGHTS STRING OF 10,0.1818,525,1572,9877.34,341
22809,SET OF 6 T-LIGHTS SANTA,0.1818,525,2410,6939.46,334
22943,CHRISTMAS LIGHTS 10 VINTAGE BAUBLES,0.1817,526,2225,10271.53,303
85062,PEARL CRYSTAL PUMPKIN T-LIGHT HLDR,0.1817,526,3639,5777.8,287
16045,POPART WOODEN PENCILS ASST,0.1816,527,9300,428.0,73
22155,STAR DECORATION RUSTIC,0.1816,527,5434,2282.28,239
23175,REGENCY MILK JUG PINK ,0.1816,527,2982,8769.5,283
37450,CERAMIC CAKE BOWL + HANGING CAKES,0.1816,527,2265,6205.35,347
82599,FANNY'S REST STOPMETAL SIGN,0.1816,527,2308,4688.54,362
20984,12 PENCILS TALL TUBE POSY,0.1815,528,5605,1842.53,234
22180,RETRO SPOT LAMP,0.1815,528,865,8384.9,388
23583,LUNCH BAG PAISLEY PARK  ,0.1815,528,3295,5234.75,306
84839,SWEETHEART KEY CABINET,0.1815,528,1466,8123.1,362
21906,PHARMACIE FIRST AID TIN,0.1814,529,1603,10830.65,322
23320,GIANT 50'S CHRISTMAS CRACKER,0.1813,530,2615,6869.95,317
22439,6 ROCKET BALLOONS ,0.1812,531,3629,2386.45,318
22670,FRENCH WC SIGN BLUE METAL,0.1812,531,3123,3795.8,327
22714,CARD BIRTHDAY COWBOY,0.1812,531,4989,1975.89,257
85049D,BRIGHT BLUES RIBBONS ,0.1812,531,2283,2826.39,379
21041,RED SPOTTY OVEN GLOVE DOUBLE,0.1811,532,2215,6260.25,341
22844,VINTAGE CREAM DOG FOOD CONTAINER,0.1811,532,1007,8279.69,376
23144,ZINC T-LIGHT HOLDER STARS SMALL,0.1811,532,4850,3843.46,241
84880,WHITE WIRE EGG HOLDER,0.1811,532,1655,9148.9,334
22550,HOLIDAY FUN LUDO,0.181,533,1833,6539.0,355
22964,3 PIECE SPACEBOY COOKIE CUTTER SET,0.181,533,2621,5259.34,331
23256,CHILDRENS CUTLERY SPACEBOY ,0.181,533,1928,7777.48,336
21563,RED HEART SHAPE LOVE BUCKET ,0.1809,534,2682,6356.82,314
21713,CITRONELLA CANDLE FLOWERPOT,0.1809,534,2437,4239.25,350
37340,MULTICOLOUR SPRING FLOWER MUG,0.1808,535,8087,2038.09,100
84032A,CHARLIE+LOLA PINK HOT WATER BOTTLE,0.1808,535,2243,4636.11,354
85220,SMALL FAIRY CAKE FRIDGE MAGNETS,0.1808,535,9723,3229.35,7
22161,HEART DECORATION RUSTIC HANGING ,0.1807,536,5300,1562.1,240
22768,FAMILY PHOTO FRAME CORNICE,0.1807,536,1076,9934.99,348
20961,STRAWBERRY BATH SPONGE ,0.1806,537,3088,3788.16,319
21818,GLITTER CHRISTMAS HEART ,0.1806,537,4104,2457.12,286
22357,KINGS CHOICE BISCUIT TIN,0.1806,537,1825,7846.09,334
22669,RED BABY BUNTING ,0.1806,537,2110,6124.5,339
22962,JAM JAR WITH PINK LID,0.1806,537,4056,3221.53,279
22360,"GLASS JAR, ENGLISH CONFECTIONERY",0.1805,538,2099,5730.25,344
22377,BOTTLE BAG RETROSPOT ,0.1805,538,3152,5624.49,294
22986,GINGHAM ROSE WRAP,0.1805,538,5766,2377.72,204
22575,METAL MERRY CHRISTMAS WREATH,0.1804,539,2713,5161.35,318
46000M,POLYESTER FILLER PAD 45x45cm,0.1803,540,2464,3819.2,345
21042,RED SPOTTY APRON ,0.1802,541,1383,7742.65,350
22938,CUPCAKE LACE PAPER SET 6,0.1802,541,3571,6605.63,257
79029,GLASS HONEYPOT WASP CATCHER,0.1802,541,2822,5023.8,311
21922,UNION STRIPE WITH FRINGE  HAMMOCK,0.1801,542,1253,9433.39,336
22399,MAGNETS PACK OF 4 CHILDHOOD MEMORY,0.1801,542,3978,4637.34,258
22892,SALT AND PEPPER SHAKERS TOADSTOOLS,0.1801,542,3361,4096.87,295
21590,KINGS CHOICE CIGAR BOX MATCHES ,0.18,543,3412,4096.28,291
22784,LANTERN CREAM GAZEBO ,0.18,543,1422,6683.82,357
21488,RED WHITE SCARF  HOT WATER BOTTLE,0.1799,544,2157,7914.15,306
22609,PENS ASSORTED SPACEBALL,0.1799,544,6614,2122.46,157
23275,SET OF 3 HANGING OWLS OLLIE BEAK,0.1799,544,3536,4195.76,282
18007,ESSENTIAL BALM 3.5g TIN IN ENVELOPE,0.1796,545,8935,897.18,54
21452,TOADSTOOL MONEY BOX,0.1796,545,1720,4959.2,357
21577,SAVE THE PLANET COTTON TOTE BAG,0.1796,545,2194,4612.5,337
22378,WALL TIDY RETROSPOT ,0.1796,545,3031,4819.16,295
22846,BREAD BIN DINER STYLE RED ,0.1796,545,747,11496.26,329
23188,VINTAGE  2 METER FOLDING RULER,0.1796,545,3082,5077.06,289
23236,DOILEY STORAGE TIN,0.1796,545,2410,6686.7,304
47599B,BLUE PARTY BAGS ,0.1796,545,3235,6132.58,269
79323P,PINK CHERRY LIGHTS,0.1796,545,1541,9176.75,316
21068,VINTAGE BILLBOARD LOVE/HATE MUG,0.1795,546,3812,3718.9,268
21679,SKULLS  STICKERS,0.1794,547,3791,3103.79,274
21115,ROSE CARAVAN DOORSTOP,0.1793,548,1160,6747.16,359
22436,12 COLOURED PARTY BALLOONS,0.1793,548,4131,2620.95,262
21328,BALLOONS  WRITING SET ,0.1791,549,1632,2691.4,380
21355,TOAST ITS - I LOVE YOU ,0.1791,549,3303,3937.15,284
21832,CHOCOLATE CALCULATOR,0.1791,549,2979,4806.83,289
22672,FRENCH BATHROOM SIGN BLUE METAL,0.1791,549,2706,4354.62,308
10135,COLOURING PENCILS BROWN TUBE,0.179,550,3876,4034.39,254
20963,APPLE BATH SPONGE,0.179,550,3028,3716.79,299
23167,SMALL CERAMIC TOP STORAGE JAR ,0.1789,551,5141,3818.99,193
47568,ENGLISH ROSE DESIGN PEG BAG,0.1789,551,2240,4433.81,327
21329,DINOSAURS  WRITING SET ,0.1788,552,1595,2602.99,377
22153,ANGEL DECORATION STARS ON DRESS,0.1788,552,5223,2173.5,206
22224,WHITE LOVEBIRD LANTERN,0.1787,553,2083,5952.05,313
22535,MAGIC DRAWING SLATE BUNNIES ,0.1787,553,4163,1659.18,263
22215,CAKE STAND WHITE TWO TIER LACE,0.1786,554,967,7497.3,349
85227,SET/6 3D KIT CARDS FOR KIDS,0.1786,554,3090,2559.48,302
22412,METAL SIGN NEIGHBOURHOOD WITCH ,0.1783,555,2284,4656.9,313
22110,BIRD HOUSE HOT WATER BOTTLE,0.1782,556,1862,4222.91,336
23082,SET 6 PAPER TABLE LANTERN HEARTS ,0.1782,556,2232,8007.52,275
23328,SET 6 SCHOOL MILK BOTTLES IN CRATE,0.1782,556,2055,7465.65,290
22120,WELCOME  WOODEN BLOCK LETTERS,0.1781,557,948,9101.6,323
22540,MINI JIGSAW CIRCUS PARADE ,0.1781,557,6060,2335.8,153
23353,6 GIFT TAGS VINTAGE CHRISTMAS ,0.1781,557,3714,3058.86,258
22338,STAR DECORATION PAINTED ZINC ,0.178,558,5414,1702.88,190
23172,REGENCY TEA PLATE PINK,0.178,558,3586,5638.98,233
85038,6 CHOCOLATE LOVE HEART T-LIGHTS,0.178,558,2502,4935.76,294
85040A,S/4 PINK FLOWER CANDLES IN BOWL,0.1779,559,1862,3060.14,345
22026,BANQUET BIRTHDAY  CARD  ,0.1777,560,3868,1587.84,262
22187,GREEN CHRISTMAS TREE CARD HOLDER,0.1775,561,1933,5646.57,306
22732,3D VINTAGE CHRISTMAS STICKERS ,0.1775,561,3467,4263.59,247
22747,POPPY'S PLAYHOUSE BATHROOM,0.1775,561,1870,3789.0,331
37447,CERAMIC CAKE DESIGN SPOTTED PLATE,0.1775,561,2617,3767.81,295
21777,RECIPE BOX WITH METAL HEART,0.1774,562,1044,7942.8,321
22494,EMERGENCY FIRST AID TIN ,0.1774,562,2451,3035.65,310
22520,CHILDS GARDEN TROWEL BLUE ,0.1774,562,2183,1838.39,336
22539,MINI JIGSAW DOLLY GIRL,0.1774,562,5511,2150.15,172
22733,3D STICKERS TRADITIONAL CHRISTMAS ,0.1774,562,3256,4055.04,259
23351,ROLL WRAP 50'S CHRISTMAS,0.1774,562,2970,3604.14,277
22753,SMALL YELLOW BABUSHKA NOTEBOOK ,0.1773,563,2164,1651.89,337
23354,6 GIFT TAGS 50'S CHRISTMAS ,0.1773,563,3295,2711.09,271
22711,WRAP CIRCUS PARADE,0.1772,564,5277,2168.34,179
22066,LOVE HEART TRINKET POT,0.1771,565,3395,2643.99,264
22148,EASTER CRAFT 4 CHICKS ,0.1771,565,2954,5352.3,254
22521,CHILDS GARDEN TROWEL PINK,0.1771,565,2194,1844.62,331
22736,"RIBBON REEL, MAKING SNOWMEN ",0.1771,565,2311,3796.31,303
23182,TOILET SIGN OCCUPIED OR VACANT,0.1771,565,3364,2796.07,264
22350,CAT BOWL ,0.177,566,2590,6593.46,256
22572,ROCKING HORSE GREEN CHRISTMAS ,0.177,566,3112,2557.84,276
23311,VINTAGE CHRISTMAS STOCKING ,0.177,566,2190,5541.3,287
21781,MA CAMPAGNE CUTLERY BOX,0.1769,567,551,8008.65,337
21992,VINTAGE PAISLEY STATIONERY SET,0.1768,568,2058,3418.34,315
22991,GIRAFFE WOODEN RULER,0.1768,568,3000,5642.64,244
23286,BLUE VINTAGE SPOT BEAKER,0.1768,568,4852,4486.64,167
22035,VINTAGE CARAVAN GREETING CARD ,0.1767,569,3881,1587.64,246
22483,RED GINGHAM TEDDY BEAR ,0.1767,569,1795,5030.53,307
22772,PINK DRAWER KNOB ACRYLIC EDWARDIAN,0.1767,569,3785,4478.16,218
22798,ANTIQUE GLASS DRESSING TABLE POT,0.1767,569,2120,6074.96,280
22810,SET OF 6 T-LIGHTS SNOWMEN,0.1767,569,2015,5918.53,287
82001S,VINYL RECORD FRAME SILVER,0.1767,569,2811,9746.53,203
22208,WOOD STAMP SET THANK YOU,0.1766,570,2057,2494.46,322
85049B,LUSH GREENS RIBBONS,0.1766,570,2092,2585.36,319
21819,GLITTER CHRISTMAS STAR ,0.1764,571,3780,2173.76,240
22421,LIPSTICK PEN FUSCHIA,0.1764,571,3680,1507.88,252
84510A,SET OF 4 ENGLISH ROSE COASTERS,0.1764,571,2145,2644.29,313
22119, PEACE WOODEN BLOCK LETTERS,0.1763,572,876,5367.76,341
22063,CERAMIC BOWL WITH STRAWBERRY DESIGN,0.1762,573,2145,5485.75,277
22276,WASH BAG VINTAGE ROSE PAISLEY,0.1762,573,1765,4334.7,309
22434,BALLOON PUMP WITH 10 BALLOONS,0.1762,573,2503,4619.03,270
22523,CHILDS GARDEN FORK PINK,0.1762,573,2107,1770.67,322
22581,WOOD STOCKING CHRISTMAS SCANDISPOT,0.1762,573,2996,2280.58,273
22582,PACK OF 6 SWEETIE GIFT BOXES,0.1762,573,2383,5846.86,262
22767,TRIPLE PHOTO FRAME CORNICE ,0.1762,573,937,8637.63,300
23215,JINGLE BELL HEART ANTIQUE SILVER,0.1762,573,3424,6741.0,201
21463,MIRRORED DISCO BALL ,0.1761,574,1247,6653.8,306
22075,6 RIBBONS ELEGANT CHRISTMAS ,0.1761,574,2789,4011.47,262
22402,MAGNETS PACK OF 4 VINTAGE COLLAGE,0.1761,574,3390,2952.81,245
22896,PEG BAG APPLE DESIGN,0.1761,574,1952,4634.47,295
37495,FAIRY CAKE BIRTHDAY CANDLE SET,0.1761,574,1358,4843.8,322
21067,VINTAGE RED TEATIME MUG,0.176,575,4481,3262.96,186
22175,PINK OWL SOFT TOY,0.176,575,1742,4843.88,301
23254,CHILDRENS CUTLERY DOLLY GIRL ,0.176,575,1637,6591.95,286
84670,JAPANESE CROCHETED ANIMAL,0.176,575,4978,1997.16,177
21363,HOME SMALL WOOD LETTERS,0.1759,576,892,4416.8,346
21407,BROWN CHECK CAT DOORSTOP ,0.1759,576,1126,4597.75,333
22430,ENAMEL WATERING CAN CREAM,0.1759,576,1251,5744.49,313
22522,CHILDS GARDEN FORK BLUE ,0.1759,576,2170,1802.38,314
22597,CHRISTMAS MUSICAL ZINC HEART ,0.1759,576,4147,2242.33,213
21327,SKULLS WRITING SET ,0.1758,577,1512,2492.4,337
22374,AIRLINE BAG VINTAGE JET SET RED,0.1758,577,889,4249.99,347
22708,WRAP DOLLY GIRL,0.1758,577,5275,2119.5,159
23247,BISCUIT TIN 50'S CHRISTMAS,0.1758,577,2002,5641.98,276
21586,KINGS CHOICE GIANT TUBE MATCHES,0.1757,578,2530,5883.6,246
72232,FENG SHUI PILLAR CANDLE,0.1757,578,6268,1190.92,119
21069,VINTAGE BILLBOARD TEA MUG,0.1756,579,4175,4138.51,185
22186,RED STAR CARD HOLDER,0.1756,579,1834,4658.54,293
22533,MAGIC DRAWING SLATE BAKE A CAKE ,0.1756,579,4375,1689.18,204
23241,TREASURE TIN GYMKHANA DESIGN,0.1756,579,1998,4045.44,292
22796,PHOTO FRAME 3 CLASSIC HANGING,0.1755,580,712,6920.55,320
23233,WRAP POPPIES  DESIGN,0.1755,580,5150,2095.0,160
85206A,CREAM FELT EASTER EGG BASKET,0.1755,580,2138,3419.7,291
22583,PACK OF 6 HANDBAG GIFT BOXES,0.1753,581,1670,4226.1,301
23349,ROLL WRAP VINTAGE CHRISTMAS,0.1753,581,2835,3435.39,253
85049F,BABY BOOM RIBBONS ,0.1753,581,2049,2533.89,302
22576,SWALLOW WOODEN CHRISTMAS DECORATION,0.1752,582,2899,2451.67,261
22963,JAM JAR WITH BLUE LID,0.1752,582,3361,2661.72,235
23165,LARGE CERAMIC TOP STORAGE JAR,0.1752,582,2848,4463.4,240
47504K,ENGLISH ROSE GARDEN SECATEURS,0.1752,582,2558,2740.66,273
85053,FRENCH ENAMEL CANDLEHOLDER,0.1752,582,1804,3582.83,300
21494,ROTATING LEAVES T-LIGHT HOLDER,0.1751,583,2809,3650.28,249
22094,RED POLKA DOT TISSUE BOX,0.1751,583,3304,2181.47,243
22128,PARTY CONES CANDY ASSORTED,0.1751,583,3811,4518.65,191
22354,RETRO SPOT PADDED SEAT CUSHION,0.1751,583,2077,7454.53,241
23297,SET 40 HEART SHAPE PETIT FOUR CASES,0.1751,583,4234,6634.1,146
11001,ASSTD DESIGN RACING CAR PEN,0.175,584,3462,5515.42,194
22283,6 EGG HOUSE PAINTED WOOD,0.175,584,905,6738.59,304
22626,BLACK KITCHEN SCALES,0.175,584,789,6508.93,312
23169,CLASSIC GLASS SWEET JAR,0.175,584,1358,5450.5,297
21578,WOODLAND DESIGN  COTTON TOTE BAG,0.1749,585,1898,4252.5,283
21587,COSY HOUR GIANT TUBE MATCHES,0.1749,585,2047,5111.85,267
21642,ASSORTED TUTTI FRUTTI PEN,0.1749,585,3951,2098.51,209
22978,PANTRY ROLLING PIN,0.1749,585,2331,8907.92,209
21245,GREEN  SPOTTY PLATE ,0.1747,586,2430,3923.98,259
21491,SET OF THREE VINTAGE GIFT WRAPS,0.1747,586,2776,5067.6,229
21993,FLORAL FOLK STATIONERY SET,0.1747,586,2039,3156.4,286
70006,LOVE HEART POCKET WARMER,0.1747,586,4182,3493.06,178
16235,RECYCLED PENCIL WITH RABBIT ERASER,0.1746,587,4955,1003.65,168
22168,"ORGANISER WOOD, ANTIQUE WHITE ",0.1746,587,601,4976.15,334
22315,200 RED + WHITE BENDY STRAWS,0.1746,587,1925,2319.61,300
22592,CARDHOLDER HOLLY WREATH METAL,0.1746,587,1812,6723.1,255
23166,MEDIUM CERAMIC TOP STORAGE JAR,0.1746,587,3422,3937.09,208
15039,SANDALWOOD FAN,0.1745,588,4119,2825.95,186
22971,QUEENS GUARD COFFEE MUG,0.1745,588,2349,5565.92,240
22275,WEEKEND BAG VINTAGE ROSE PAISLEY,0.1744,589,897,7273.45,289
22628,PICNIC BOXES SET OF 3 RETROSPOT ,0.1744,589,1488,6917.6,265
23266,SET OF 3 WOODEN STOCKING DECORATION,0.1744,589,1952,2514.64,293
72807C,SET/3 VANILLA SCENTED CANDLE IN BOX,0.1744,589,1689,6798.53,257
84884A,ANT WHITE WIRE HEART SPIRAL,0.1744,589,1653,5813.71,270
21207,SKULL AND CROSSBONES  GARLAND ,0.1743,590,2991,4627.95,217
22091,EMPIRE TISSUE BOX,0.1743,590,2984,2084.06,246
22132,RED LOVE HEART SHAPE CUP,0.1743,590,3032,2511.68,240
22318,FIVE HEART HANGING DECORATION,0.1743,590,1441,4222.15,297
21911,GARDEN METAL SIGN ,0.1742,591,2362,3590.1,258
22070,SMALL RETRO SPOT MUG IN BOX  RED,0.1742,591,1404,4792.47,291
22566,"FELTCRAFT HAIRBAND S/2, PINK/PURPLE",0.1742,591,2750,2251.7,255
23350,ROLL WRAP VINTAGE SPOT ,0.1742,591,2572,3139.4,253
79067,CORONA MEXICAN TRAY,0.1742,591,1436,5081.0,285
22968,ROSE COTTAGE KEEPSAKE BOX ,0.1741,592,1010,9160.65,257
23109,LED TEA LIGHTS,0.1741,592,2214,6245.86,233
23168,CLASSIC SUGAR DISPENSER,0.1741,592,2795,3218.81,240
23238,SET OF 4 KNICK KNACK TINS LONDON ,0.1741,592,1759,7051.05,245
22222,CAKE PLATE LOVEBIRD WHITE,0.174,593,1214,4487.7,300
22291,"SPRING DEC , HANGING CHICK CREAM",0.174,593,3042,4115.7,216
22361,GLASS JAR DAISY FRESH COTTON WOOL,0.174,593,1454,4009.8,294
22498,WOODEN REGATTA BUNTING,0.174,593,991,5704.45,296
23005,TRAVEL CARD WALLET I LOVE LONDON,0.174,593,4345,1767.3,179
23285,PINK VINTAGE SPOT BEAKER,0.174,593,4677,4383.13,133
23332,IVORY WICKER HEART LARGE,0.174,593,1977,3252.45,277
21158,MOODY GIRL DOOR HANGER ,0.1739,594,2412,1576.14,274
22025,RING OF ROSES BIRTHDAY CARD,0.1738,595,3805,1518.18,205
22199,FRYING PAN RED POLKADOT ,0.1738,595,1379,5219.21,280
22845,VINTAGE CREAM CAT FOOD CONTAINER,0.1738,595,861,5169.68,306
85184C,S/4 VALENTINE DECOUPAGE HEART BOX,0.1738,595,2098,4117.08,258
C2,CARRIAGE,0.1738,595,243,12271.0,254
23288,GREEN VINTAGE SPOT BEAKER,0.1737,596,4487,4246.72,139
21534,DAIRY MAID LARGE MILK JUG,0.1736,597,822,3928.2,319
21866,UNION JACK FLAG LUGGAGE TAG,0.1736,597,1635,2038.4,302
22946,WOODEN ADVENT CALENDAR CREAM,0.1736,597,843,12198.15,223
21107,CREAM SLICE FLANNEL PINK SPOT ,0.1735,598,2157,5873.55,230
22613,PACK OF 20 SPACEBOY NAPKINS,0.1735,598,2952,2293.98,233
21564,PINK  HEART SHAPE LOVE BUCKET ,0.1734,599,1888,4211.72,261
22364,GLASS JAR DIGESTIVE BISCUITS,0.1734,599,1783,5249.65,255
22838,3 TIER CAKE TIN RED AND CREAM,0.1734,599,735,10049.03,249
20681,PINK SPOTTY CHILDS UMBRELLA,0.1733,600,1272,4036.0,291
21215, IVORY PAPER CUP CAKE CASES ,0.1733,600,3943,1981.45,186
22841,ROUND CAKE TIN VINTAGE GREEN,0.1733,600,732,5540.68,300
85040B,SET/4 BLUE FLOWER CANDLES IN BOWL,0.1733,600,2350,3606.3,245
85231B,CINAMMON SET OF 9 T-LIGHTS,0.1733,600,1857,1572.21,292
20966,SANDWICH BATH SPONGE,0.1732,601,2575,3180.75,237
21896,POTTING SHED TWINE,0.1732,601,2283,4589.43,234
22334,DINOSAUR PARTY BAG + STICKER SET,0.1732,601,2177,3428.89,253
22956,36 FOIL HEART CAKE CASES,0.1732,601,2286,4416.17,236
22980,PANTRY SCRUBBING BRUSH,0.1732,601,2205,3532.89,250
23191,BUNDLE OF 3 RETRO NOTE BOOKS,0.1732,601,2156,3487.4,253
84580,MOUSE TOY WITH PINK T-SHIRT,0.1732,601,856,3213.8,320
22098,BOUDOIR SQUARE TISSUE BOX,0.1731,602,2683,1667.72,247
22284,HEN HOUSE DECORATION,0.1731,602,2315,3622.35,242
22336,DOVE DECORATION PAINTED ZINC ,0.1731,602,4419,1999.81,159
23177,TREASURE ISLAND BOOK BOX,0.1731,602,2408,4984.8,222
72008,FROSTED BOX 9 WHITE T-LIGHT CANDLES,0.173,603,3698,1470.0,199
85064,CREAM SWEETHEART LETTER RACK,0.173,603,1534,6877.42,242
22285,"DECORATION HEN ON NEST, HANGING",0.1729,604,2619,4008.75,221
84535B,FAIRY CAKES NOTEBOOK A6 SIZE,0.1729,604,2471,1509.22,256
84990,60 GOLD AND SILVER FAIRY CAKE CASES,0.1729,604,4177,1993.03,168
23154,SET OF 4 JAM JAR MAGNETS,0.1728,605,2380,4795.13,222
22203,MILK PAN RED RETROSPOT,0.1727,606,1213,4334.14,281
22480,RED TEA TOWEL CLASSIC DESIGN,0.1727,606,2272,2730.56,249
23126,DOLLCRAFT GIRL AMELIE KIT,0.1727,606,1068,5193.08,279
16169E,WRAP 50'S  CHRISTMAS,0.1726,607,4438,1839.96,152
22272,FELTCRAFT DOLL MARIA,0.1726,607,1342,3681.96,281
22653,BUTTON BOX ,0.1726,607,2154,4072.56,238
22674,FRENCH TOILET SIGN BLUE METAL,0.1726,607,2253,2723.98,249
23367,SET 12 COLOUR PENCILS SPACEBOY ,0.1726,607,2762,1792.9,235
21730,GLASS STAR FROSTED T-LIGHT HOLDER,0.1725,608,1012,4779.54,283
23306,SET OF 36 DOILIES PANTRY DESIGN,0.1725,608,2685,3809.79,213
10133,COLOURING PENCILS BROWN TUBE,0.1724,609,3287,1898.09,205
21201,TROPICAL  HONEYCOMB PAPER GARLAND ,0.1724,609,2616,5947.2,191
23229,VINTAGE DONKEY TAIL GAME ,0.1723,610,1793,6295.54,224
23323,WHITE WICKER STAR ,0.1723,610,1419,2948.4,281
47580,TEA TIME DES TEA COSY,0.1723,610,1512,3598.36,270
72756,FAIRY CAKE CANDLES,0.1723,610,3969,5395.41,129
84508A,CAMOFLAGE DESIGN TEDDY,0.1723,610,3795,8051.85,108
15060B,FAIRY CAKE DESIGN UMBRELLA,0.1722,611,1128,4104.42,280
21447,12 IVORY ROSE PEG PLACE SETTINGS,0.1722,611,2376,2881.08,234
22985,"WRAP, BILLBOARD FONTS DESIGN",0.1722,611,4690,1881.8,133
51014C,"FEATHER PEN,COAL BLACK",0.1722,611,3613,2176.57,182
17091J,VANILLA INCENSE IN TIN,0.1721,612,3931,2122.19,166
22426,ENAMEL WASH BOWL CREAM,0.1721,612,1146,3951.1,280
22757,LARGE RED BABUSHKA NOTEBOOK ,0.1721,612,2531,2702.48,227
23264,SET OF 3 WOODEN SLEIGH DECORATIONS,0.1721,612,1841,2395.45,265
22076,6 RIBBONS EMPIRE  ,0.172,613,2100,3030.42,243
22478,BIRDHOUSE GARDEN MARKER ,0.172,613,2535,3334.35,218
22942,CHRISTMAS LIGHTS 10 SANTAS ,0.172,613,1104,8300.1,230
23147,SINGLE ANTIQUE ROSE HOOK IVORY,0.172,613,1828,2648.2,260
72802C,VANILLA SCENT CANDLE JEWELLED BOX,0.172,613,1634,5141.28,241
84536B,FAIRY CAKES NOTEBOOK A7 SIZE,0.172,613,2809,1127.84,231
84509A,ENGLISH ROSE PLACEMATS,0.1719,614,1166,4176.14,274
84828,JUNGLE POPSICLES ICE LOLLY HOLDERS,0.1719,614,2262,2781.81,237
85199L,LARGE HANGING IVORY & RED WOOD BIRD,0.1719,614,3276,2074.68,195
21272,SALLE DE BAIN HOOK,0.1718,615,2166,2686.86,240
22093,MOTORING TISSUE BOX,0.1718,615,2267,1300.05,252
23083,SET 6 PAPER TABLE LANTERN STARS ,0.1718,615,1796,6521.71,215
72349B,SET/6 PURPLE BUTTERFLY T-LIGHTS,0.1718,615,1902,3708.84,242
22608,PENS ASSORTED FUNKY JEWELED ,0.1717,616,5358,1374.36,100
22639,SET OF 4 NAPKIN CHARMS HEARTS,0.1717,616,1592,3760.92,255
22731,3D CHRISTMAS STAMPS STICKERS ,0.1717,616,2662,3287.18,208
22775,PURPLE DRAWERKNOB ACRYLIC EDWARDIAN,0.1717,616,2903,3532.56,193
22897,OVEN MITT APPLE DESIGN,0.1716,617,1844,2622.36,254
21163,DO NOT TOUCH MY STUFF DOOR HANGER ,0.1715,618,2649,1531.33,226
22604,SET OF 4 NAPKIN CHARMS CUTLERY,0.1715,618,1900,4451.41,228
22743,MAKE YOUR OWN FLOWERPOWER CARD KIT,0.1715,618,1303,3316.81,271
20967,GREY FLORAL FELTCRAFT SHOULDER BAG,0.1714,619,1003,3696.09,279
21864,UNION JACK FLAG PASSPORT COVER ,0.1714,619,1463,2905.02,266
23000,TRAVEL CARD WALLET TRANSPORT,0.1714,619,3003,1258.38,210
23080,RED METAL BOX TOP SECRET,0.1714,619,987,7830.03,232
23148,MINIATURE ANTIQUE ROSE HOOK IVORY,0.1714,619,2100,1741.56,248
21162,TOXIC AREA  DOOR HANGER ,0.1713,620,2241,1431.19,243
22220,CAKE STAND LOVEBIRD 2 TIER WHITE,0.1713,620,660,5744.35,271
22400,MAGNETS PACK OF 4 HOME SWEET HOME,0.1713,620,2415,1994.42,229
22587,"FELTCRAFT HAIRBAND, S/2, RED/BLUE",0.1713,620,1995,1658.31,253
22890,NOVELTY BISCUITS CAKE STAND 3 TIER,0.1713,620,716,6683.12,257
23234,BISCUIT TIN VINTAGE CHRISTMAS,0.1713,620,1616,4521.14,238
20886,BOX OF 9 PEBBLE CANDLES,0.1712,621,1680,3149.7,250
20991,JAZZ HEARTS MAGNETIC MEMO PAD,0.1712,621,7058,850.9,16
21788,KIDS RAIN MAC BLUE,0.1712,621,3140,2497.18,187
23158,SET OF 5 LUCKY CAT MAGNETS ,0.1712,621,2476,4992.52,190
22546,MINI JIGSAW FIDO,0.1711,622,4308,1707.01,137
22675,FRENCH KITCHEN SIGN BLUE METAL,0.1711,622,2118,2564.91,233
22744,MAKE YOUR OWN MONSOON CARD KIT,0.1711,622,1329,3325.79,263
47503E,ASS FLORAL PRINT SCISSORS,0.1711,622,6828,1169.4,22
21470,FLOWER VINE RAFFIA FOOD COVER,0.171,623,1002,3653.43,273
22095,LADS ONLY TISSUE BOX,0.171,623,2713,2621.28,203
22758,LARGE PURPLE BABUSHKA NOTEBOOK  ,0.171,623,2274,2277.14,227
23265,SET OF 3 WOODEN TREE DECORATIONS,0.171,623,1650,2134.96,260
20752,RETRO BLUE SPOTTY WASHING UP GLOVES,0.1709,624,1314,2309.4,273
22127,PARTY CONES CARNIVAL ASSORTED,0.1709,624,3347,3876.14,155
21361,LOVE LARGE WOOD LETTERS ,0.1708,625,503,6220.65,265
22299,PIG KEYRING WITH LIGHT & SOUND ,0.1708,625,3738,4076.44,133
20985,HEART CALCULATOR,0.1707,626,2087,2477.1,230
22057,CERAMIC PLATE STRAWBERRY DESIGN,0.1707,626,2821,3362.17,184
22965,3 TRADITIONAl BISCUIT CUTTERS  SET,0.1707,626,1751,3563.72,233
23159,SET OF 5 PANCAKE DAY MAGNETS,0.1707,626,2230,4510.73,199
85172,HYACINTH BULB T-LIGHT CANDLES,0.1707,626,4026,1624.68,145
85174,S/4 CACTI CANDLES,0.1707,626,1142,5004.12,246
21110,LARGE CAKE TOWEL PINK SPOTS,0.1706,627,1245,5387.55,236
22779,WOODEN OWLS LIGHT GARLAND ,0.1706,627,1704,6499.6,201
22231,JIGSAW TREE WITH BIRDHOUSE,0.1705,628,1844,2194.78,241
23570,TRADITIONAL PICK UP STICKS GAME ,0.1705,628,1836,2295.0,241
23571,TRADITIONAL NAUGHTS & CROSSES,0.1705,628,2018,3300.9,221
85047,WHITE BEADED GARLAND STRING 20LIGHT,0.1705,628,920,5592.4,248
21990,MODERN FLORAL STATIONERY SET,0.1704,629,1774,2803.3,237
22292,"SPRING DEC , HANGING CHICK  YELLOW",0.1704,629,2638,3529.9,186
22618,COOKING SET RETROSPOT,0.1704,629,565,5383.77,265
22801,ANTIQUE GLASS PEDESTAL BOWL,0.1704,629,1107,4037.46,254
22984,"CARD, GINGHAM ROSE ",0.1704,629,3206,1295.5,184
23196,RETRO LEAVES MAGNETIC NOTEPAD,0.1704,629,1743,2460.15,242
82567,"AIRLINE LOUNGE,METAL SIGN",0.1704,629,891,1838.81,291
21123,SET/10 IVORY SPOTTY PARTY CANDLES,0.1703,630,2524,3142.94,195
22071,SMALL RETRO SPOT MUG IN BOX  WHITE,0.1703,630,1195,3971.95,250
22311,OFFICE MUG WARMER BLACK+SILVER ,0.1703,630,1927,5543.45,196
22586,FELTCRAFT HAIRBAND PINK AND BLUE,0.1703,630,1927,1619.23,242
21625,VINTAGE UNION JACK APRON,0.1702,631,838,5630.64,247
22525,CHILDRENS GARDEN GLOVES PINK,0.1702,631,1727,2128.35,243
23333,IVORY WICKER HEART MEDIUM,0.1702,631,1997,2483.65,227
84279P, CHERRY BLOSSOM  DECORATIVE FLASK,0.1702,631,1013,3667.71,261
23100,SILVER BELLS TABLE DECORATION,0.1701,632,2089,2560.85,220
47503A,ASS FLORAL PRINT MULTI SCREWDRIVER,0.1701,632,2810,1371.53,198
84849B,FAIRY SOAP SOAP HOLDER,0.1701,632,1806,2911.02,229
20758,ABSTRACT CIRCLES POCKET BOOK,0.17,633,5377,920.05,77
22085,PAPER CHAIN KIT SKULLS ,0.17,633,1897,5150.15,197
22425,ENAMEL COLLANDER CREAM,0.17,633,782,3766.71,267
21116,OWL DOORSTOP,0.1699,634,953,4564.59,248
21394,RED SPOTTY BEAKER ,0.1699,634,3939,1786.69,136
22696,WICKER WREATH LARGE,0.1699,634,1360,2577.26,252
23329,DECORATIVE WICKER HEART LARGE,0.1699,634,1698,2789.7,233
48189,DOOR MAT FRIENDSHIP ,0.1699,634,1216,6966.24,208
17096,ASSORTED LAQUERED INCENSE HOLDERS,0.1698,635,6157,1081.65,35
21126,SET OF 6 GIRLS CELEBRATION CANDLES,0.1698,635,2183,2130.43,215
22200,FRYING PAN PINK POLKADOT ,0.1698,635,1144,4558.54,237
22706,WRAP COWBOYS  ,0.1698,635,4165,1669.3,125
23176,ABC TREASURE BOOK BOX ,0.1698,635,2043,4272.01,197
85132C,CHARLIE AND LOLA FIGURES TINS,0.1698,635,1907,4764.13,198
20755,BLUE PAISLEY POCKET BOOK,0.1697,636,5084,1031.0,86
22482,BLUE TEA TOWEL CLASSIC DESIGN,0.1697,636,2233,2627.09,205
22524,CHILDRENS GARDEN GLOVES BLUE,0.1697,636,1721,2125.41,236
22705,WRAP GREEN PEARS ,0.1697,636,3675,1543.5,148
23032,DRAWER KNOB CRACKLE GLAZE IVORY,0.1697,636,2204,3531.0,197
21171,BATHROOM METAL SIGN ,0.1696,637,1810,2461.3,227
22792,FLUTED ANTIQUE CANDLE HOLDER,0.1696,637,2939,2411.05,172
85065,CREAM SWEETHEART TRAYS,0.1696,637,546,6356.7,242
85110,BLACK SILVER FLOWER T-LIGHT HOLDER,0.1696,637,6472,737.32,21
20760,GARDEN PATH POCKET BOOK,0.1695,638,5484,1270.2,60
21241,GREEN SPOTTY CUP,0.1695,638,2139,1755.75,217
21432,SET OF 3 CASES WOODLAND DESIGN,0.1695,638,904,5169.3,238
21471,STRAWBERRY RAFFIA FOOD COVER,0.1695,638,1221,4309.95,232
21735,TWO DOOR CURIO CABINET,0.1695,638,541,6424.5,240
22449,SILK PURSE RUSSIAN DOLL PINK,0.1695,638,1164,3846.33,240
22957,SET 3 PAPER VINTAGE CHICK PAPER EGG,0.1695,638,1720,4800.4,202
21058,PARTY INVITES WOODLAND,0.1694,639,2204,1814.12,212
21705,BAG 500g SWIRLY MARBLES,0.1694,639,2375,2841.71,191
21789,KIDS RAIN MAC PINK,0.1694,639,2662,2167.48,185
22117,METAL SIGN HER DINNER IS SERVED ,0.1694,639,1723,5048.65,197
22689,DOORMAT MERRY CHRISTMAS RED ,0.1694,639,952,6817.64,214
22999,TRAVEL CARD WALLET RETRO PETALS,0.1694,639,2806,1177.08,190
23497,CLASSIC CHROME BICYCLE BELL ,0.1694,639,2499,3491.35,178
22099,CARAVAN SQUARE TISSUE BOX,0.1693,640,1995,1299.17,226
22650,CERAMIC PIRATE CHEST MONEY BANK,0.1693,640,1652,2349.8,230
23118,PARISIENNE JEWELLERY DRAWER ,0.1693,640,741,5219.02,242
51014L,"FEATHER PEN,LIGHT PINK",0.1693,640,3034,1846.68,169
22278,OVERNIGHT BAG VINTAGE ROSE PAISLEY,0.1692,641,780,3805.7,254
22721,SET OF 3 CAKE TINS SKETCHBOOK,0.1692,641,908,3942.82,247
22781,GUMBALL MAGAZINE RACK,0.1692,641,717,5266.79,241
22854,CREAM SWEETHEART EGG HOLDER,0.1692,641,1087,5148.25,224
47570B,TEA TIME TABLE CLOTH,0.1692,641,926,8831.58,190
21211,SET OF 72 SKULL PAPER  DOILIES,0.1691,642,2309,3175.25,186
21224,SET/4 SKULL BADGES,0.1691,642,1940,2417.4,213
22565,FELTCRAFT HAIRBANDS PINK + WHITE ,0.1691,642,1896,1610.04,225
84596G,SMALL CHOCOLATES PINK BOWL,0.1691,642,1967,1157.93,226
21537,RETRO SPOTS PUDDING BOWL,0.169,643,903,3777.75,246
22723,SET OF 6 HERB TINS SKETCHBOOK,0.169,643,1052,3678.24,240
22780,LIGHT GARLAND BUTTERFILES PINK,0.169,643,1592,6035.84,187
23283,DOORMAT VINTAGE LEAVES DESIGN ,0.169,643,960,6542.82,211
37500,TEA TIME TEAPOT IN GIFT BOX,0.169,643,812,6026.7,224
20759,CHRYSANTHEMUM POCKET BOOK ,0.1689,644,5734,863.5,44
21125,SET 6 FOOTBALL CELEBRATION CANDLES,0.1689,644,2030,2069.02,210
21528,DAIRY MAID TRADITIONAL TEAPOT ,0.1689,644,799,4724.25,238
22053,EMPIRE DESIGN ROSETTE,0.1689,644,4517,3947.67,67
22097,SWALLOW SQUARE TISSUE BOX,0.1689,644,2002,1165.64,222
23378,PACK OF 12 50'S CHRISTMAS TISSUES,0.1689,644,3413,1270.59,151
84849D,HOT BATHS SOAP HOLDER,0.1689,644,1494,2444.22,231
21389,IVORY HANGING DECORATION  BIRD,0.1688,645,2123,1801.43,207
22443,GROW YOUR OWN HERBS SET OF 3,0.1688,645,643,4905.69,243
22842,BISCUIT TIN VINTAGE RED,0.1688,645,778,4933.9,235
23480,MINI LIGHTS WOODLAND MUSHROOMS,0.1688,645,1697,6050.49,178
79323LP,LIGHT PINK CHERRY LIGHTS,0.1688,645,962,5608.2,219
20756,GREEN FERN POCKET BOOK,0.1687,646,5679,816.75,44
21082,SET/20 FRUIT SALAD PAPER NAPKINS ,0.1687,646,3988,1240.36,121
21159,MOODY BOY  DOOR HANGER ,0.1687,646,1983,1271.83,218
22319,HAIRCLIPS FORTIES FABRIC ASSORTED,0.1687,646,2880,1584.96,171
22406,MONEY BOX KINGS CHOICE DESIGN,0.1687,646,2366,2932.12,180
22676,"FRENCH BLUE METAL DOOR SIGN, 1",0.1687,646,1668,2088.64,224
84691,PACK 20 DOLLY PEGS,0.1687,646,2534,1980.3,183
16259,PIECE OF CAMO STATIONERY SET,0.1686,647,5339,751.99,59
21206,STRAWBERRY HONEYCOMB  GARLAND ,0.1686,647,2047,2801.55,196
21472,LADYBIRD + BEE RAFFIA FOOD COVER,0.1686,647,999,3669.45,237
21609,SET 12 LAVENDER  BOTANICAL T-LIGHTS,0.1686,647,1487,4127.45,208
22118,JOY WOODEN BLOCK LETTERS,0.1686,647,763,3456.13,250
22210,WOOD STAMP SET BEST WISHES,0.1686,647,1446,1682.81,237
22477,WATERING CAN GARDEN MARKER,0.1686,647,2242,2966.2,184
22615,PACK OF 12 CIRCUS PARADE TISSUES ,0.1686,647,3631,1079.41,138
22944,CHRISTMAS METAL POSTCARD WITH BELLS,0.1686,647,3884,2501.82,110
23210,WHITE ROCKING HORSE HAND PAINTED,0.1686,647,2550,3091.74,168
23312,VINTAGE CHRISTMAS GIFT SACK,0.1686,647,1363,5518.85,198
23534,STOP FOR TEA WALL ART,0.1686,647,1199,6279.23,197
21077,SET/20 WOODLAND PAPER NAPKINS ,0.1685,648,2745,1990.53,170
22136,LOVE HEART SOCK HANGER,0.1684,649,1879,2985.55,199
20757,RED DAISY POCKET BOOK ,0.1683,650,5301,856.23,56
21431,GREEN GINGHAM FLOWER JEWELLERY BOX,0.1683,650,1410,2278.5,228
23290,SPACEBOY CHILDRENS BOWL,0.1683,650,2357,2744.65,176
20665,RED SPOTTY PURSE ,0.1682,651,1133,3325.55,227
22651,GENTLEMAN SHIRT REPAIR KIT ,0.1682,651,2923,2356.63,152
35471D,SET OF 3 BIRD LIGHT PINK FEATHER ,0.1682,651,1948,1057.5,215
72800E,4 IVORY DINNER CANDLES SILVER FLOCK,0.1682,651,1256,2190.72,235
21354,TOAST ITS - BEST MUM,0.1681,652,2401,2797.25,170
23382,BOX OF 6 CHRISTMAS CAKE DECORATIONS,0.1681,652,1695,6091.29,167
15044D,RED PAPER PARASOL,0.168,653,1535,4226.69,194
20702,PINK PADDED MOBILE,0.168,653,747,3131.25,246
21809,CHRISTMAS HANGING TREE WITH BELL,0.168,653,2868,2202.69,153
22445,PENCIL CASE LIFE IS BEAUTIFUL,0.168,653,1174,3417.5,222
22972,CHILDREN'S SPACEBOY MUG,0.168,653,1760,2864.96,200
22997,TRAVEL CARD WALLET UNION JACK,0.168,653,2399,1006.14,190
21466,RED FLOWER CROCHET FOOD COVER,0.1679,654,823,3057.89,241
23110,PARISIENNE KEY CABINET ,0.1679,654,611,3380.45,248
23157,SET OF 6 NATIVITY MAGNETS ,0.1679,654,2290,4587.55,152
16046,TEATIME PEN CASE & PENS,0.1678,655,5317,654.49,50
21249,WOODLAND  HEIGHT CHART STICKERS ,0.1678,655,1543,4186.65,192
21823,PAINTED METAL HEART WITH HOLLY BELL,0.1678,655,2244,2189.44,180
85176,SEWING SUSAN 21 NEEDLE SET,0.1678,655,2392,1862.32,178
21677,HEARTS  STICKERS,0.1677,656,1937,1647.23,200
22081,RIBBON REEL FLORA + FAUNA ,0.1677,656,1414,2344.22,217
22176,BLUE OWL SOFT TOY,0.1677,656,1114,3186.3,223
23330,DECORATIVE WICKER HEART MEDIUM,0.1677,656,1745,2173.69,203
20658,RED SPOTTY LUGGAGE TAG,0.1676,657,1309,1631.69,230
22451,SILK PURSE RUSSIAN DOLL RED,0.1676,657,1235,4022.05,205
22532,MAGIC DRAWING SLATE LEAP FROG ,0.1676,657,2836,1081.68,161
85049H,URBAN BLACK RIBBONS ,0.1676,657,1627,1653.3,214
22067,CHOC TRUFFLE GOLD TRINKET POT ,0.1675,658,1745,2684.93,194
22304,COFFEE MUG BLUE PAISLEY DESIGN,0.1675,658,2312,4410.56,147
22472,TV DINNER TRAY DOLLY GIRL,0.1675,658,1044,4619.52,206
22545,MINI JIGSAW BUNNIES,0.1675,658,3305,1318.95,135
22715,CARD WEDDING DAY,0.1674,659,2646,1081.08,168
22773,GREEN DRAWER KNOB ACRYLIC EDWARDIAN,0.1674,659,2118,2576.46,176
16044,POP-ART FLUORESCENT PENS,0.1673,660,6192,388.8,2
22052,VINTAGE CARAVAN GIFT WRAP,0.1673,660,3421,1416.82,125
23389,SPACEBOY MINI BACKPACK,0.1673,660,1041,4180.15,208
85216,ASSORTED CAKES FRIDGE MAGNETS,0.1673,660,2741,1712.53,154
16011, ANIMAL STICKERS,0.1672,661,3788,794.28,113
20729,RED SPOTTY CANDY BAG,0.1672,661,4604,1127.4,70
21826,EIGHT PIECE DINOSAUR SET,0.1672,661,1638,2006.46,203
22217,T-LIGHT HOLDER HANGING LACE,0.1672,661,2120,2266.02,177
22817,CARD SUKI BIRTHDAY,0.1672,661,2578,1056.84,169
22917,HERB MARKER ROSEMARY,0.1672,661,1890,1216.5,200
22947,WOODEN ADVENT CALENDAR RED,0.1672,661,759,8271.85,173
23194,GYMKHANNA TREASURE BOOK BOX,0.1672,661,1713,3596.42,181
35832,WOOLLY HAT SOCK GLOVE ADVENT STRING,0.1672,661,1684,4982.3,167
21100,CHARLIE AND LOLA CHARLOTTE BAG,0.1671,662,2218,2859.1,163
21845,DAIRY MAID STRIPE MUG,0.1671,662,2355,3065.01,155
22819,"BIRTHDAY CARD, RETRO SPOT",0.1671,662,2568,1052.64,168
22915,ASSORTED BOTTLE TOP  MAGNETS ,0.1671,662,3000,1134.6,145
22995,TRAVEL CARD WALLET SUKI,0.1671,662,2179,912.3,188
23052,RECYCLED ACAPULCO MAT TURQUOISE,0.1671,662,570,4686.5,222
23101,SILVER STARS TABLE DECORATION,0.1671,662,1942,1569.62,191
23156,SET OF 5 MINI GROCERY MAGNETS,0.1671,662,1607,3247.3,188
23368,SET 12 COLOUR PENCILS DOLLY GIRL ,0.1671,662,2146,1392.5,184
23504,PLAYING CARDS JUBILEE UNION JACK,0.1671,662,1661,2073.73,199
21039,RED SPOTTY SHOPPING BAG,0.167,663,1267,3212.31,204
21143,ANTIQUE GLASS HEART DECORATION ,0.167,663,1984,3782.4,162
21614,SET OF 12 ROSE BOTANICAL T-LIGHTS,0.167,663,1476,4116.6,184
21680,WOODLAND  STICKERS,0.167,663,2622,2153.82,151
22671,FRENCH LAUNDRY SIGN BLUE METAL,0.167,663,1614,2593.06,194
22718,CARD CAT AND TREE ,0.167,663,2424,1005.12,173
22815,CARD PSYCHEDELIC APPLES,0.167,663,2566,1060.44,165
22916,HERB MARKER THYME,0.167,663,1849,1189.85,199
22920,HERB MARKER BASIL,0.167,663,1843,1185.95,199
23035,DRAWER KNOB CERAMIC IVORY,0.167,663,2062,2902.54,169
21287,SCENTED VELVET LOUNGE CANDLE ,0.1669,664,4077,1799.82,83
21383,PACK OF 12 STICKY BUNNIES,0.1669,664,1828,1176.2,199
21824,PAINTED METAL STAR WITH HOLLY BELLS,0.1669,664,2280,1883.36,169
22021,BLUE FELT EASTER EGG BASKET,0.1669,664,1305,2106.45,213
22262,FELT EGG COSY CHICKEN,0.1669,664,1717,1462.57,201
22519,CHILDS GARDEN BRUSH PINK,0.1669,664,1306,2525.58,208
84975,HEART SHAPED MIRROR,0.1669,664,1914,3025.86,173
85015,SET OF 12  VINTAGE POSTCARD SET,0.1669,664,2709,2250.87,144
21807,WHITE CHRISTMAS STAR DECORATION,0.1668,665,2998,1250.52,140
22133,PINK LOVE HEART SHAPE CUP,0.1668,665,2186,1809.74,173
22918,HERB MARKER PARSLEY,0.1668,665,1804,1140.6,198
23146,TRIPLE HOOK ANTIQUE IVORY ROSE,0.1668,665,728,2361.92,236
23292,SPACE BOY CHILDRENS CUP,0.1668,665,2060,2460.12,171
23346,SPACEBOY BEAKER,0.1668,665,2561,2963.25,141
21467,CHERRY CROCHET FOOD COVER,0.1667,666,946,2886.52,219
22839,"CAKE TIN, 3 TIER MINT/IVORY",0.1667,666,474,6513.26,200
85184D,S/4 BLUE ROUND DECOUPAGE BOXES,0.1667,666,4354,2780.22,54
21913,VINTAGE SEASIDE JIGSAW PUZZLES,0.1666,667,985,3578.77,207
22343,PARTY PIZZA DISH RED WHITE SPOT ,0.1666,667,2940,1749.84,134
22405,MONEY BOX POCKET MONEY DESIGN,0.1666,667,1584,1867.99,198
22476,EMPIRE UNION JACK TV DINNER TRAY,0.1666,667,1211,4029.97,191
22919,HERB MARKER MINT,0.1666,667,1697,1091.05,201
23012,GLASS APOTHECARY BOTTLE PERFUME,0.1666,667,1006,3732.04,205
21706,"FOLDING UMBRELLA , RED/WHITE SPOT",0.1665,668,1180,4186.03,189
22518,CHILDS GARDEN BRUSH BLUE,0.1665,668,1304,2515.38,202
22589,CARDHOLDER GINGHAM STAR,0.1665,668,1207,3151.49,200
23190,BUNDLE OF 3 SCHOOL EXERCISE BOOKS  ,0.1665,668,1676,2687.84,182
85231G,ORANGE SCENTED SET/9 T-LIGHTS,0.1665,668,1382,1151.3,214
16047,POP ART PEN CASE & PENS,0.1664,669,5403,600.87,24
16218,CARTOON  PENCIL SHARPENERS,0.1664,669,4525,375.6,70
21161,KEEP OUT BOYS DOOR HANGER ,0.1664,669,2200,1564.96,168
21905,MORE BUTTER METAL SIGN ,0.1664,669,1518,1973.65,197
22218,CAKE STAND LACE WHITE,0.1664,669,1048,4156.0,195
22341,LOVE GARLAND PAINTED ZINC ,0.1664,669,2136,3394.4,150
23242,TREASURE TIN BUFFALO BILL ,0.1664,669,1403,2829.92,193
23546,WRAP PAISLEY PARK ,0.1664,669,3250,1365.0,120
85068,CREAM SWEETHEART SHELF + HOOKS,0.1664,669,918,6067.76,179
22049,WRAP CHRISTMAS SCREEN PRINT,0.1663,670,3425,984.25,114
22305,COFFEE MUG PINK PAISLEY DESIGN,0.1663,670,2219,4531.75,131
22774,RED DRAWER KNOB ACRYLIC EDWARDIAN,0.1663,670,2455,2883.9,140
23399,HOME SWEET HOME HANGING HEART,0.1663,670,1815,1539.63,185
85217,ASSORTED ICE CREAM FRIDGE MAGNETS,0.1663,670,2715,1689.51,141
21059,PARTY INVITES DINOSAURS,0.1662,671,1526,1273.7,201
22050,PINK PAISLEY ROSE GIFT WRAP,0.1662,671,3250,1333.0,117
22251,BIRDHOUSE DECORATION MAGIC GARDEN,0.1662,671,1586,1882.94,191
22268,EASTER DECORATION SITTING BUNNY,0.1662,671,2292,1056.24,167
22414,DOORMAT NEIGHBOURHOOD WITCH ,0.1662,671,1120,6259.0,164
22526,WHEELBARROW FOR CHILDREN ,0.1662,671,506,5980.62,196
22211,WOOD STAMP SET FLOWERS,0.1661,672,1232,1554.03,210
22497,SET OF 2 TINS VINTAGE BATHROOM ,0.1661,672,833,3490.25,208
72802B,OCEAN SCENT CANDLE IN JEWELLED BOX,0.1661,672,1074,3389.38,198
21333,CLASSIC WHITE FRAME,0.166,673,995,2911.25,205
21422,PORCELAIN ROSE SMALL,0.166,673,3052,2444.96,110
22321,BIRD DECORATION RED SPOT,0.166,673,2223,1869.27,158
22800,ANTIQUE TALL SWIRLGLASS TRINKET POT,0.166,673,991,3664.63,197
23089,GLASS BON BON JAR,0.166,673,2120,3469.62,144
23302,KNEELING MAT HOUSEWORK  DESIGN,0.166,673,1437,1926.47,195
23340,VINTAGE CHRISTMAS CAKE FRILL,0.166,673,2453,3879.45,123
23535,BICYCLE SAFTEY WALL ART,0.166,673,1122,5892.66,164
35953,FOLKART STAR CHRISTMAS DECORATIONS,0.166,673,3276,1606.16,110
22051,BLUE SCANDINAVIAN PAISLEY WRAP,0.1659,674,3175,1317.5,116
22277,COSMETIC BAG VINTAGE ROSE PAISLEY,0.1659,674,1301,2629.22,192
22372,AIRLINE BAG VINTAGE WORLD CHAMPION ,0.1659,674,519,2520.13,231
22807,SET OF 6 T-LIGHTS TOADSTOOLS,0.1659,674,1173,3205.79,191
21090,SET/6 COLLAGE PAPER PLATES,0.1658,675,2249,1027.99,163
21556,CERAMIC STRAWBERRY MONEY BOX,0.1658,675,1367,3273.45,180
22591,CARDHOLDER GINGHAM CHRISTMAS TREE,0.1658,675,1202,3259.44,188
22611,VINTAGE UNION JACK SHOPPING BAG,0.1658,675,892,4207.8,192
23212,HEART WREATH DECORATION WITH BELL,0.1658,675,2115,2502.63,153
23345, DOLLY GIRL BEAKER,0.1658,675,2387,2745.75,137
23184,BULL DOG BOTTLE OPENER,0.1657,676,765,3685.15,203
84754,S/15 SILVER GLASS BAUBLES IN BAG,0.1657,676,1812,2182.92,169
16216,LETTER SHAPE PENCIL SHARPENER,0.1656,677,4025,340.58,82
21949,SET OF 6 STRAWBERRY CHOPSTICKS,0.1656,677,2337,2675.29,136
22293,"SPRING DEC , HANGING CHICK  GREEN",0.1656,677,1881,2547.45,160
22339,CHRISTMAS TREE PAINTED ZINC ,0.1656,677,3178,1154.26,114
22416,36 DOILIES SPACEBOY DESIGN ,0.1656,677,1937,2693.45,155
22677,"FRENCH BLUE METAL DOOR SIGN, 2",0.1656,677,1424,1780.01,191
22926,IVORY GIANT GARDEN THERMOMETER,0.1656,677,634,3664.3,208
20777,CHRYSANTHEMUM NOTEBOOK,0.1655,678,3522,1011.3,97
20956,PORCELAIN T-LIGHT HOLDERS ASSORTED,0.1655,678,2090,2500.93,149
21070,VINTAGE BILLBOARD MUG ,0.1655,678,1878,1802.84,168
15044B,BLUE PAPER PARASOL ,0.1654,679,1623,4373.45,149
21063,PARTY INVITES JAZZ HEARTS,0.1654,679,1359,1133.31,199
21648,ASSORTED TUTTI FRUTTI SMALL PURSE,0.1654,679,2356,2867.48,130
22474,SPACEBOY TV DINNER TRAY,0.1654,679,862,3792.14,192
22994,TRAVEL CARD WALLET RETROSPOT,0.1654,679,2074,869.64,167
23197,SKETCHBOOK MAGNETIC SHOPPING LIST,0.1654,679,1329,1914.49,191
23393,HOME SWEET HOME CUSHION COVER ,0.1654,679,742,2782.5,209
79164,BLACK WINE GLASS,0.1654,679,3600,2537.16,74
21883,STARS GIFT TAPE ,0.1653,680,2037,1015.17,166
22312,OFFICE MUG WARMER POLKADOT,0.1653,680,992,3175.94,191
22695,WICKER WREATH SMALL,0.1653,680,1378,1822.02,189
22717,CARD DOG AND BALL ,0.1653,680,2310,944.28,153
23237,SET OF 4 KNICK KNACK TINS LEAVES ,0.1653,680,1026,4138.7,179
23506,MINI PLAYING CARDS SPACEBOY ,0.1653,680,2694,1106.28,132
23569,TRADTIONAL ALPHABET STAMP SET,0.1653,680,924,4487.4,179
85114B,IVORY ENCHANTED FOREST PLACEMAT,0.1653,680,1751,2753.15,159
21112,"SWISS ROLL TOWEL, PINK  SPOTS",0.1652,681,1879,4465.33,132
21439,BASKET OF TOADSTOOLS,0.1652,681,1715,2143.75,166
21464,DISCO BALL ROTATOR BATTERY OPERATED,0.1652,681,513,2176.25,224
22209,WOOD STAMP SET HAPPY BIRTHDAY,0.1652,681,1235,1488.46,198
22314,OFFICE MUG WARMER CHOC+BLUE,0.1652,681,1016,3299.74,187
22454,MEASURING TAPE RUSSIAN DOLL RED,0.1652,681,1348,3727.0,166
23145,ZINC T-LIGHT HOLDER STAR LARGE,0.1652,681,2043,1908.89,153
23193,BUFFALO BILL TREASURE BOOK BOX,0.1652,681,1827,3705.57,143
37351,ORANGE FLOWER MUG ,0.1652,681,5395,571.71,7
17021,NAMASTE SWAGAT INCENSE,0.1651,682,3636,959.04,85
21867,PINK UNION JACK  LUGGAGE TAG,0.1651,682,972,1214.21,212
22599,CHRISTMAS MUSICAL ZINC STAR,0.1651,682,2538,1354.34,134
22974,CHILDRENS DOLLY GIRL MUG,0.1651,682,1530,2469.54,171
22442,GROW YOUR OWN FLOWERS SET OF 3,0.165,683,840,4511.76,178
22475,SKULL DESIGN TV DINNER TRAY,0.165,683,684,3023.2,204
22479,DAISY GARDEN MARKER,0.165,683,1832,2453.7,155
22664,TOY TIDY DOLLY GIRL DESIGN,0.165,683,1292,2449.18,181
22949,36 DOILIES DOLLY GIRL,0.165,683,1953,2716.65,146
84558A,3D DOG PICTURE PLAYING CARDS,0.165,683,1182,3371.7,175
85067,CREAM SWEETHEART WALL CABINET,0.165,683,461,7214.81,166
16236,KITTY PENCIL ERASERS,0.1649,684,2397,497.77,148
18098C,PORCELAIN BUTTERFLY OIL BURNER,0.1649,684,1099,2762.05,185
20773,BLUE PAISLEY NOTEBOOK,0.1649,684,3302,888.3,99
21626,VINTAGE UNION JACK PENNANT,0.1649,684,1355,2642.25,173
22789,T-LIGHT HOLDER SWEETHEART HANGING,0.1649,684,1200,2290.14,185
23426,METAL SIGN DROP YOUR PANTS,0.1649,684,1224,3169.44,174
21084,SET/6 COLLAGE PAPER CUPS,0.1648,685,2462,645.84,141
21873,IF YOU CAN'T STAND THE HEAT MUG,0.1648,685,1852,2091.68,154
22129,PARTY CONES CANDY TREE DECORATION,0.1648,685,2788,2216.54,108
22359,GLASS JAR KINGS CHOICE,0.1648,685,1188,3640.72,169
22921,HERB MARKER CHIVES ,0.1648,685,1676,1077.4,175
51008,AFGHAN SLIPPER SOCK PAIR,0.1648,685,2218,7197.1,77
20778,GARDEN PATH NOTEBOOK ,0.1647,686,3592,886.8,83
21737,SET 3 WICKER LOG BASKETS,0.1647,686,397,7320.15,163
21973,SET OF 36 MUSHROOM PAPER DOILIES,0.1647,686,1601,2235.05,163
22107,PIZZA PLATE IN BOX,0.1647,686,747,2630.34,200
22228,BUNNY WOODEN PAINTED WITH BIRD ,0.1647,686,1454,1109.86,184
22422,TOOTHPASTE TUBE PEN,0.1647,686,2056,1072.5,155
22514,CHILDS GARDEN SPADE BLUE,0.1647,686,1020,1974.48,195
72807B,SET/3 OCEAN SCENT CANDLE JEWEL BOX,0.1647,686,937,3808.01,177
85035C,ROSE 3 WICK MORRIS BOX CANDLE,0.1647,686,1299,2458.07,175
85071B,RED CHARLIE+LOLA PERSONAL DOORSIGN,0.1647,686,2289,1220.67,142
85183B,CHARLIE & LOLA WASTEPAPER BIN FLORA,0.1647,686,1661,2452.25,158
21291,SMALL SPOTTY CHOCOLATE GIFT BAG ,0.1646,687,2292,1938.12,131
21469,POLKA DOT RAFFIA FOOD COVER,0.1646,687,1041,3080.66,179
21865,PINK UNION JACK  PASSPORT COVER ,0.1646,687,759,1588.98,210
22145,CHRISTMAS CRAFT HEART STOCKING ,0.1646,687,1254,2553.4,175
22266,EASTER DECORATION HANGING BUNNY,0.1646,687,2469,953.75,134
22396,MAGNETS PACK OF 4 RETRO PHOTO,0.1646,687,1824,1335.44,161
22458,CAST IRON HOOK GARDEN FORK,0.1646,687,1487,3599.61,151
22529,MAGIC DRAWING SLATE GO TO THE FAIR ,0.1646,687,2391,956.7,139
22805,BLUE DRAWER KNOB ACRYLIC EDWARDIAN,0.1646,687,1835,2250.43,150
23374,RED SPOT PAPER GIFT BAG,0.1646,687,2428,1930.96,125
84012,MAGIC SHEEP WOOL GROWING FROM PAPER,0.1646,687,1661,2414.75,157
84279B,CHERRY BLOSSOM DECORATIVE FLASK,0.1646,687,760,2756.4,197
22261,FELT EGG COSY WHITE RABBIT ,0.1645,688,1749,1409.17,162
23162,REGENCY TEA STRAINER,0.1645,688,1362,4789.24,142
23494,VINTAGE DOILY DELUXE SEWING KIT ,0.1645,688,657,3808.15,188
21446,12 RED ROSE PEG PLACE SETTINGS,0.1644,689,1154,1433.38,190
22309,TEA COSY RED  STRIPE,0.1644,689,1182,2784.63,172
22955,36 FOIL STAR CAKE CASES ,0.1644,689,1404,2740.04,163
23013,GLASS APOTHECARY BOTTLE TONIC,0.1644,689,859,3187.39,184
23091,ZINC HERB GARDEN CONTAINER,0.1644,689,552,3375.75,197
23352,ROLL WRAP 50'S RED CHRISTMAS ,0.1644,689,1593,1961.01,163
72802A,ROSE SCENT CANDLE IN JEWELLED BOX,0.1644,689,871,3572.19,179
84818,DANISH ROSE PHOTO FRAME,0.1644,689,1584,1990.56,162
85206B,PINK FELT EASTER EGG BASKET,0.1644,689,1472,2300.0,165
20716,PARTY FOOD SHOPPER BAG,0.1643,690,1381,1692.05,174
21395,BLUE SPOTTY BEAKER ,0.1643,690,2912,1316.64,104
21640,ASSORTED TUTTI FRUTTI  FOB NOTEBOOK,0.1643,690,2002,1689.22,144
21947,SET OF 6 HEART CHOPSTICKS,0.1643,690,1371,1708.17,174
22074,6 RIBBONS SHIMMERING PINKS ,0.1643,690,1729,1687.79,157
22221,CAKE STAND LOVEBIRD 2 TIER PINK,0.1643,690,873,6229.55,147
22495,SET OF 2 ROUND TINS CAMEMBERT ,0.1643,690,873,2304.63,192
23112,PARISIENNE CURIO CABINET,0.1643,690,438,3197.45,202
23127,DOLLCRAFT GIRL NICOLE,0.1643,690,700,3442.04,187
23163,REGENCY SUGAR TONGS,0.1643,690,1659,3835.3,136
84937,KASHMIR FOLKART TUMBLERS,0.1643,690,2468,4790.02,85
21109,"LARGE CAKE TOWEL, CHOCOLATE SPOTS",0.1642,691,1052,3582.6,167
22096,PINK PAISLEY SQUARE TISSUE BOX ,0.1642,691,1628,868.94,170
22691,DOORMAT WELCOME SUNRISE,0.1642,691,575,3936.91,185
23507,MINI PLAYING CARDS BUFFALO BILL ,0.1642,691,2839,1128.18,109
47504E,ENGLISH ROSE SCISSORS,0.1642,691,4372,871.4,37
22862,LOVE HEART NAPKIN BOX ,0.1641,692,704,2976.0,189
22894,TABLECLOTH RED APPLES DESIGN ,0.1641,692,539,4844.95,176
23129,HEART SHAPED HOLLY WREATH,0.1641,692,941,3929.03,166
20731,POSY CANDY BAG,0.164,693,4045,1120.7,47
21620,S/4 ROSE    BOTANICAL  CANDLE,0.164,693,993,1928.25,185
21650,ASSORTED TUTTI FRUTTI BRACELET,0.164,693,2763,819.83,113
21880,RED AND WHITE SPOT TAPE,0.164,693,1958,993.94,149
22543,MINI JIGSAW BAKE A CAKE ,0.164,693,3198,1242.25,87
22902,TOTE BAG I LOVE LONDON,0.164,693,1586,3041.14,144
23130,MISTLETOE HEART WREATH GREEN,0.164,693,909,3711.07,169
23376,PACK OF 12 VINTAGE CHRISTMAS TISSUE,0.164,693,2606,986.1,118
21356,TOAST ITS - FAIRY FLOWER,0.1639,694,1147,1409.7,183
21541,DINOSAURS WATER TRANSFER TATTOOS ,0.1639,694,1778,1466.5,151
21927,BLUE/CREAM STRIPE CUSHION COVER ,0.1639,694,1130,1397.3,184
22286,"DECORATION , WOBBLY RABBIT , METAL ",0.1639,694,1819,1937.07,144
22306,SILVER MUG BONE CHINA TREE OF LIFE,0.1639,694,1561,2128.47,154
22678,"FRENCH BLUE METAL DOOR SIGN, 3",0.1639,694,1274,1594.93,174
23211,RED ROCKING HORSE HAND PAINTED,0.1639,694,2182,2601.5,119
35004B,SET OF 3 BLACK FLYING DUCKS,0.1639,694,1135,4573.15,146
85014D,PINK/BROWN DOTS RUFFLED UMBRELLA,0.1639,694,1912,6607.6,86
85034C,3 ROSE MORRIS BOXED CANDLES,0.1639,694,1214,2137.98,171
85132A,CHARLIE + LOLA BISCUITS TINS,0.1639,694,1178,3862.9,152
18097C,WHITE TALL PORCELAIN T-LIGHT HOLDER,0.1638,695,1242,2721.9,162
20774,GREEN FERN NOTEBOOK,0.1638,695,3418,839.7,78
20960,WATERMELON BATH SPONGE,0.1638,695,1739,2169.95,144
21675,BUTTERFLIES STICKERS,0.1638,695,1559,1326.71,162
22410,MONEY BOX HOUSEKEEPING DESIGN,0.1638,695,1316,1567.73,171
22420,LIPSTICK PEN BABY PINK,0.1638,695,1817,758.45,156
22948,METAL DECORATION NAUGHTY CHILDREN ,0.1638,695,1965,1719.21,137
23002,TRAVEL CARD WALLET SKULLS,0.1638,695,1924,806.64,150
21717,EASTER TIN BUCKET,0.1637,696,1404,3353.4,144
22048,BIRTHDAY BANQUET GIFT WRAP,0.1637,696,2790,1155.8,103
22202,MILK PAN PINK RETROSPOT,0.1637,696,915,3272.85,169
22403,MAGNETS PACK OF 4 VINTAGE LABELS ,0.1637,696,1595,1033.33,162
22459,CAST IRON HOOK GARDEN TROWEL,0.1637,696,1336,3164.96,150
23366,SET 12 COLOURING PENCILS DOILY,0.1637,696,1919,1208.95,144
16238,PARTY TIME PENCIL ERASERS,0.1636,697,2232,469.42,136
21056,DOCTOR'S BAG SOFT TOY,0.1636,697,443,3987.73,183
21214,SET OF 72 IVORY PAPER DOILIES,0.1636,697,1883,2576.75,128
21357,TOAST ITS - DINOSAUR,0.1636,697,1262,1570.42,170
21542,WOODLAND WATER TRANSFER TATTOOS ,0.1636,697,1720,1419.6,150
22060,LARGE CAKE STAND HANGING HEARTS,0.1636,697,688,5098.52,158
22735,RIBBON REEL SOCKS AND MITTENS,0.1636,697,1318,2146.38,161
23132,SMALL IVORY HEART WALL ORGANISER,0.1636,697,1004,4966.08,144
23280,FOLDING BUTTERFLY MIRROR HOT PINK ,0.1636,697,1992,1544.42,135
23287,RED VINTAGE SPOT BEAKER,0.1636,697,1723,1402.15,150
79066K,RETRO MOD TRAY,0.1636,697,1260,1020.66,177
82597,BOMBS AWAY METAL SIGN,0.1636,697,1150,2326.85,167
22167,"WALL MIRROR , DIAMANTE OVAL SHAPE",0.1635,698,501,3582.15,183
22415,WHITE TISSUE REAM,0.1635,698,317,2520.15,204
22660,DOORMAT I LOVE LONDON,0.1635,698,825,5088.97,149
22814,CARD PARTY GAMES ,0.1635,698,2126,858.36,135
23090,VINTAGE GLASS T-LIGHT HOLDER,0.1635,698,2120,1715.32,126
23397,FOOT STOOL HOME SWEET HOME ,0.1635,698,428,4010.2,181
23445,ICE CREAM BUBBLES,0.1635,698,2627,2114.41,96
85160A,WHITE BIRD GARDEN DESIGN MUG,0.1635,698,4480,761.6,23
17109B,FLOWER FAIRY INCENSE LAVENDER,0.1634,699,4541,892.91,16
21747,SMALL SKULL WINDMILL,0.1634,699,1857,2152.05,132
21806,WHITE CHRISTMAS HEART DECORATION,0.1634,699,2590,1079.16,108
22122,SET OF 2 FANCY FONT TEA TOWELS,0.1634,699,1053,3042.35,161
23007, SPACEBOY BABY GIFT SET,0.1634,699,443,6946.85,145
23508,MINI PLAYING CARDS DOLLY GIRL ,0.1634,699,2470,1012.2,115
85232D,SET/3 DECOUPAGE STACKING TINS,0.1634,699,620,2934.6,182
22375,AIRLINE BAG VINTAGE JET SET BROWN,0.1633,700,469,2160.65,197
22509,SEWING BOX RETROSPOT DESIGN ,0.1633,700,353,4352.35,178
22673,FRENCH GARDEN SIGN BLUE METAL,0.1633,700,1171,1459.33,172
22778,GLASS CLOCHE SMALL,0.1633,700,823,3020.69,170
22843,BISCUIT TIN VINTAGE GREEN,0.1633,700,558,3491.28,178
84929,ASSTD FRUIT+FLOWERS FRIDGE MAGNETS,0.1633,700,2909,905.03,93
21204,DAISIES  HONEYCOMB GARLAND ,0.1632,701,1429,2266.65,148
22040,BOTANICAL ROSE GIFT WRAP,0.1632,701,2815,1144.3,94
22068, BLACK PIRATE TREASURE CHEST,0.1632,701,923,1305.33,184
22320,BIRDS MOBILE VINTAGE DESIGN,0.1632,701,555,3253.61,179
22680,"FRENCH BLUE METAL DOOR SIGN, 5",0.1632,701,1210,1513.72,167
23291,DOLLY GIRL CHILDRENS CUP,0.1632,701,1538,1867.64,148
23395,BELLE JARDINIERE CUSHION COVER,0.1632,701,676,2529.48,181
16008,SMALL FOLDING SCISSOR(POINTED EDGE),0.1631,702,3141,422.96,85
21448,12 DAISY PEGS IN WOOD BOX,0.1631,702,895,1476.75,182
21742,LARGE ROUND WICKER PLATTER ,0.1631,702,429,2552.55,191
21743,STAR PORTABLE TABLE LIGHT ,0.1631,702,1170,3259.5,147
22265,EASTER DECORATION NATURAL CHICK,0.1631,702,1781,1129.65,143
22450,SILK PURSE RUSSIAN DOLL BLUE,0.1631,702,791,2623.45,174
22452,MEASURING TAPE RUSSIAN DOLL PINK,0.1631,702,888,2521.4,170
22849,"BREAD BIN, DINER STYLE, MINT",0.1631,702,366,5621.46,160
23050,RECYCLED ACAPULCO MAT GREEN,0.1631,702,458,3755.3,177
23289,DOLLY GIRL CHILDRENS BOWL,0.1631,702,1541,1839.85,146
23326,HANGING MINI COLOURED BOTTLES,0.1631,702,3369,1999.59,55
23404,HOME SWEET HOME BLACKBOARD,0.1631,702,940,3965.03,150
84519A,TOMATO CHARLIE+LOLA COASTER SET,0.1631,702,1139,2488.89,158
85198,ASSORTED FARMYARD ANIMALS IN BUCKET,0.1631,702,3824,1421.24,40
85212,MINI PAINTED GARDEN DECORATION ,0.1631,702,2766,990.62,96
16048,TEATIME ROUND PENCIL SHARPENER ,0.163,703,3413,498.66,70
21012,ANTIQUE ALL GLASS CANDLESTICK,0.163,703,1465,2132.58,145
21486,PINK HEART DOTS HOT WATER BOTTLE,0.163,703,840,2463.12,171
21619,4 VANILLA BOTANICAL CANDLES,0.163,703,1052,1832.5,169
22269,EGG CUP NATURAL CHICKEN,0.163,703,1375,1163.39,161
22362,GLASS JAR PEACOCK BATH SALTS,0.163,703,609,1749.43,190
22376,AIRLINE BAG VINTAGE JET SET WHITE,0.163,703,449,2148.09,194
22515,CHILDS GARDEN SPADE PINK,0.163,703,986,1900.08,171
22756,LARGE YELLOW BABUSHKA NOTEBOOK ,0.163,703,1115,1216.21,173
23239,SET OF 4 KNICK KNACK TINS POPPIES,0.163,703,784,3026.6,167
23434,3 RAFFIA RIBBONS 50'S CHRISTMAS ,0.163,703,1772,1616.6,136
84006,MAGIC TREE -PAPER FLOWERS,0.163,703,1650,1402.5,144
84763,ZINC FINISH 15CM PLANTER POTS,0.163,703,1467,1778.27,149
10125,MINI FUNKY DESIGN TAPES,0.1629,704,1970,1562.7,126
16016,LARGE CHINESE STYLE SCISSOR,0.1629,704,2307,1864.75,105
21192,WHITE BELL HONEYCOMB PAPER ,0.1629,704,1797,2772.65,120
21392,RED SPOTTY PUDDING BOWL,0.1629,704,3876,919.77,40
21616,4 PEAR BOTANICAL DINNER CANDLES,0.1629,704,1081,2241.25,160
35924,HANGING FAIRY CAKE DECORATION,0.1629,704,1798,3206.72,115
37352,BIRD IN TREE MUG ,0.1629,704,4643,504.55,8
47505,MINATURE COLOURED GARDENING SET,0.1629,704,698,3249.6,167
72818,CHRISTMAS DECOUPAGE CANDLE,0.1629,704,2305,1180.39,113
21294,ETCHED GLASS COASTER,0.1628,705,2130,1465.38,118
21948,SET OF 6 CAKE CHOPSTICKS,0.1628,705,1990,2298.31,115
22347,PIZZA SLICE DISH,0.1628,705,2641,2936.45,76
22481,BLACK TEA TOWEL CLASSIC DESIGN,0.1628,705,1110,1130.24,171
22794,SWEETHEART WIRE MAGAZINE RACK,0.1628,705,357,2811.75,187
23014,GLASS APOTHECARY BOTTLE ELIXIR,0.1628,705,789,2916.23,165
35971,ROSE FOLKART HEART DECORATIONS,0.1628,705,1819,1612.2,131
84989A,75 GREEN FAIRY CAKE CASES,0.1628,705,2062,1025.03,126
17033,"BROCADE PURSE,SMALL ARCH BUTTON",0.1627,706,3243,857.11,69
21066,VINTAGE RED MUG,0.1627,706,2246,1414.96,111
22742,MAKE YOUR OWN PLAYTIME CARD KIT,0.1627,706,958,2221.54,164
22863,SOAP DISH BROCANTE,0.1627,706,1057,2964.55,151
23119,PACK OF 6 LARGE FRUIT STRAWS ,0.1627,706,2119,1253.39,118
23155,KNICKERBOCKERGLORY MAGNET ASSORTED ,0.1627,706,1925,1539.67,125
23255,CHILDRENS CUTLERY CIRCUS PARADE,0.1627,706,953,3815.09,146
84969,ASSORTED COLOUR SET 6 TEASPOONS,0.1627,706,640,2734.24,173
85063,CREAM SWEETHEART MAGAZINE RACK,0.1627,706,210,3411.5,187
85183A,CHARLIE & LOLA WASTEPAPER BIN BLUE,0.1627,706,1488,2176.0,138
15044C,PURPLE PAPER PARASOL,0.1626,707,857,2414.55,165
21803,CHRISTMAS TREE STAR DECORATION,0.1626,707,2489,1045.38,102
21925,UNION STRIPE CUSHION COVER ,0.1626,707,1160,1427.2,161
22409,MONEY BOX BISCUITS DESIGN,0.1626,707,1624,2155.4,130
22822,CREAM WALL PLANTER HEART SHAPED,0.1626,707,560,3157.51,171
23543,KEEP CALM WALL ART ,0.1626,707,1227,6869.47,96
16162L,THE KING GIFT BAG,0.1625,708,4339,366.59,18
20775,DAISY NOTEBOOK ,0.1625,708,3509,749.85,54
21397,BLUE  SPOTTY EGG CUP ,0.1625,708,2000,1620.54,117
22134,LADLE LOVE HEART RED ,0.1625,708,1969,777.18,128
22496,SET OF 2 ROUND TINS DUTCH CHEESE,0.1625,708,692,1772.84,178
22500,SET OF 2 TINS JARDIN DE PROVENCE,0.1625,708,549,2364.05,179
23049,RECYCLED ACAPULCO MAT RED,0.1625,708,432,3548.0,171
23552,BICYCLE PUNCTURE REPAIR KIT ,0.1625,708,1730,3336.72,110
85054,FRENCH ENAMEL POT W LID,0.1625,708,835,2063.71,168
22473,TV DINNER TRAY VINTAGE PAISLEY,0.1624,709,732,2580.44,166
23133,LARGE IVORY HEART WALL ORGANISER,0.1624,709,758,5134.66,135
23437, 50'S CHRISTMAS GIFT BAG LARGE,0.1624,709,1907,2299.75,112
23541,WALL ART CLASSIC PUDDINGS ,0.1624,709,827,6138.19,121
85221,ASSORTED COLOUR SILK COIN PURSE,0.1624,709,3420,1511.67,48
16012,FOOD/DRINK SPUNGE STICKERS,0.1623,710,2877,602.97,83
21398,RED  SPOTTY COFFEE  MUG,0.1623,710,2231,2024.55,98
21802,CHRISTMAS TREE HEART DECORATION,0.1623,710,2387,1002.54,102
22125,UNION JACK HOT WATER BOTTLE ,0.1623,710,545,3199.75,166
22679,"FRENCH BLUE METAL DOOR SIGN, 4",0.1623,710,1144,1431.82,157
22925,BLUE GIANT GARDEN THERMOMETER,0.1623,710,457,2696.17,177
23029,DRAWER KNOB CRACKLE GLAZE GREEN,0.1623,710,1256,2034.0,146
71038,WHITE HANGING BEADS CANDLE HOLDER,0.1623,710,704,3718.4,153
79191C,RETRO PLASTIC ELEPHANT TRAY,0.1623,710,1277,958.73,157
22165,"DIAMANTE HEART SHAPED WALL MIRROR, ",0.1622,711,774,4931.16,134
22282,12 EGG HOUSE PAINTED WOOD,0.1622,711,473,5151.17,145
22891,TEA FOR ONE POLKADOT,0.1622,711,513,2209.01,178
23031,DRAWER KNOB CRACKLE GLAZE PINK,0.1622,711,1208,1954.8,147
35957,SMALLFOLKART BAUBLE CHRISTMAS DEC,0.1622,711,3213,786.42,64
47593B,SCOTTIES DESIGN BABY BIB,0.1622,711,1831,886.39,129
84459B,YELLOW METAL CHICKEN HEART ,0.1622,711,1317,1867.29,142
21055,TOOL BOX SOFT TOY ,0.1621,712,309,2826.99,179
22559,SEASIDE FRISBEE ,0.1621,712,1406,1696.36,139
22967,SET 3 SONG BIRD PAPER EGGS ASSORTED,0.1621,712,1137,3159.75,135
23371,SET 36 COLOUR PENCILS SPACEBOY ,0.1621,712,1498,1775.22,134
48197,DOOR MAT BIRD ON THE WIRE,0.1621,712,785,4437.95,137
16219,HOUSE SHAPE PENCIL SHARPENER,0.162,713,3158,368.13,67
17091A,LAVENDER INCENSE IN TIN,0.162,713,2073,1255.65,110
21794,CLASSIC FRENCH STYLE BASKET NATURAL,0.162,713,664,3147.52,157
21894,POTTING SHED SEED ENVELOPES,0.162,713,1144,1400.13,153
23396,BUTTERFLY CUSHION COVER,0.162,713,605,2263.23,170
72807A,SET/3 ROSE CANDLE IN JEWELLED BOX,0.162,713,798,3248.06,149
21358,TOAST ITS - HAPPY BIRTHDAY,0.1619,714,1025,1274.05,159
21399,BLUE  SPOTTY  COFFEE MUG,0.1619,714,2228,1387.65,100
21667,GLASS CAKE COVER AND PLATE,0.1619,714,304,4878.8,153
21707,"FOLDING UMBRELLA , BLACK/BLUE  SPOT",0.1619,714,952,3933.62,132
22249,DECORATION WHITE CHICK MAGIC GARDEN,0.1619,714,1287,1077.31,148
22709,WRAP WEDDING DAY,0.1619,714,2750,1079.0,77
22975,SPACEBOY CHILDRENS EGG CUP,0.1619,714,1155,1452.22,150
23213,STAR WREATH DECORATION WITH BELL,0.1619,714,1582,1906.94,125
72586,"S/6 HALLOWEEN GHOST T LIGHTS, 5CM H",0.1619,714,2160,907.2,109
20703,BLUE PADDED SOFT MOBILE,0.1618,715,430,1815.0,180
21351,CINAMMON & ORANGE WREATH,0.1618,715,961,2926.75,142
22939,APRON APPLE DELIGHT,0.1618,715,657,3153.03,154
23121,PACK OF 6 COCKTAIL PARASOL STRAWS,0.1618,715,2460,958.32,92
23510,MINI PLAYING CARDS GYMKHANA,0.1618,715,2297,901.74,100
23681,LUNCH BAG RED VINTAGE DOILY,0.1618,715,1547,2432.55,119
84944,SET OF 6 KASHMIR FOLKART BAUBLES,0.1618,715,833,2313.05,155
85017B,ENVELOPE 50 BLOSSOM IMAGES,0.1618,715,1847,1070.79,120
21330,WOODLAND ANIMAL  WRITING SET ,0.1617,716,1348,2118.2,130
21465,PINK FLOWER CROCHET FOOD COVER,0.1617,716,693,2448.86,158
22848,BREAD BIN DINER STYLE PINK,0.1617,716,345,5259.2,143
23006,TRAVEL CARD WALLET FLOWER MEADOW,0.1617,716,1615,676.86,135
23334,IVORY WICKER HEART SMALL,0.1617,716,2154,1345.5,101
84559A,3D SHEET OF DOG STICKERS,0.1617,716,1161,987.63,152
85071A,BLUE CHARLIE+LOLA PERSONAL DOORSIGN,0.1617,716,1687,888.01,128
21111,"SWISS ROLL TOWEL, CHOCOLATE  SPOTS",0.1616,717,1201,2472.65,132
21817,GLITTER CHRISTMAS TREE,0.1616,717,1671,1058.79,126
22438,BALLOON ART MAKE YOUR OWN FLOWERS,0.1616,717,1323,1636.65,136
22905,CALENDAR IN SEASON DESIGN,0.1616,717,935,2541.64,144
22930,BAKING MOULD HEART MILK CHOCOLATE,0.1616,717,944,2311.52,147
23004,TRAVEL CARD WALLET PANTRY,0.1616,717,1669,702.62,130
23122,PARTY CHARMS 50 PIECES,0.1616,717,2088,1550.16,99
84559B,3D SHEET OF CAT STICKERS,0.1616,717,1136,965.6,153
84581,DOG TOY WITH PINK CROCHET SKIRT,0.1616,717,441,1650.19,179
85036A,GARDENIA 1 WICK MORRIS BOXED CANDLE,0.1616,717,603,2287.67,163
20776,ABSTRACT CIRCLES NOTEBOOK,0.1615,718,3187,698.55,54
21054,NURSE'S BAG SOFT TOY,0.1615,718,348,3094.6,165
21403,BLUE EGG  SPOON,0.1615,718,2151,440.58,108
21744,SNOWFLAKE PORTABLE TABLE LIGHT ,0.1615,718,702,2116.34,159
22342,HOME GARLAND PAINTED ZINC ,0.1615,718,1538,1932.9,121
22428,ENAMEL FIRE BUCKET CREAM,0.1615,718,407,2813.63,165
22859,EASTER TIN BUNNY BOUQUET,0.1615,718,1156,1842.6,140
23008,DOLLY GIRL BABY GIFT SET,0.1615,718,412,6415.4,124
23365,SET 12 COLOUR PENCILS LOVE LONDON,0.1615,718,1529,991.45,131
23390,DOLLY GIRL MINI BACKPACK,0.1615,718,720,2868.0,150
37502,TEA TIME MUG IN GIFT BOX,0.1615,718,805,2297.95,151
79320, FLAMINGO LIGHTS,0.1615,718,846,3863.6,132
17039,INLAID WOOD INCENSE HOLDER,0.1614,719,3641,813.09,30
21292,SMALL STRIPES CHOCOLATE GIFT BAG ,0.1614,719,2421,1393.53,83
21384,IVORY HANGING DECORATION  BUTTERFLY,0.1614,719,1733,1466.81,115
21391,FRENCH EMROIDR LAVENDER SCENT HEART,0.1614,719,1289,1527.0,136
21615,4 LAVENDER BOTANICAL DINNER CANDLES,0.1614,719,1116,2154.5,137
21828,EIGHT PIECE SNAKE  SET,0.1614,719,1060,1283.96,149
22162,HEART GARLAND RUSTIC PADDED,0.1614,719,913,2635.75,141
23545,WRAP RED DOILEY,0.1614,719,2475,1023.5,84
47591C,BLUE FAIRY CAKE CHILD'S APRON,0.1614,719,995,1800.45,146
85035A,GARDENIA 3 WICK MORRIS BOXED CANDLE,0.1614,719,579,1978.23,165
85177,BASKET OF FLOWERS SEWING KIT,0.1614,719,1764,1441.26,113
20686,DOLLY MIXTURE CHILDREN'S UMBRELLA,0.1613,720,553,1792.63,167
20846,ZINC HEART LATTICE T-LIGHT HOLDER,0.1613,720,1321,1627.97,131
22937,BAKING MOULD CHOCOLATE CUPCAKES,0.1613,720,926,2386.94,141
23489,"GARLAND, VINTAGE BELLS",0.1613,720,876,2512.44,143
72799E,IVORY PILLAR CANDLE SILVER FLOCK,0.1613,720,1126,2225.14,134
84519B,CARROT CHARLIE+LOLA COASTER SET,0.1613,720,796,1525.84,158
85226A,WHITE/BLUE PULL BACK RACING CAR,0.1613,720,1613,824.75,127
22310,KNITTED MUG COSY IVORY COLOUR ,0.1612,721,1476,2278.04,115
22325,MOBILE VINTAGE HEARTS ,0.1612,721,391,1899.75,172
22547,MINI JIGSAW DINOSAUR ,0.1612,721,1862,751.59,113
22973,CHILDRENS CIRCUS PARADE MUG,0.1612,721,1266,2046.98,127
22982,PANTRY PASTRY BRUSH,0.1612,721,1020,1277.05,148
23102,SILVER HEARTS TABLE DECORATION,0.1612,721,1231,995.33,141
23189,SET OF 12 FORK CANDLES,0.1612,721,1214,3316.46,115
23436,GIFT BAG LARGE VINTAGE CHRISTMAS,0.1612,721,1914,2232.9,94
85230F,JASMINE VOTIVE CANDLE,0.1612,721,2944,725.12,61
22687,DOORMAT CHRISTMAS VILLAGE,0.1611,722,837,4966.93,113
22763,KEY CABINET MA CAMPAGNE,0.1611,722,638,5019.94,123
22911,PAPER CHAIN KIT LONDON,0.1611,722,807,2263.49,146
23299,FOOD COVER WITH BEADS SET 2 ,0.1611,722,972,3526.42,124
85194L,HANGING SPRING FLOWER EGG LARGE,0.1611,722,1680,1371.84,114
20684,STRAWBERRY DREAM CHILDS UMBRELLA,0.161,723,548,1744.5,163
21011,GLITTER SNOW PEAR TREE DECORATION,0.161,723,1771,1245.43,110
22157,ANGEL DECORATION WITH LACE PADDED,0.161,723,1575,1338.75,118
22172,METAL SHELF WITH RAIL ,0.161,723,335,2805.0,161
22682,"FRENCH BLUE METAL DOOR SIGN, 7",0.161,723,1085,1356.86,141
23380,PACK OF 12 VINTAGE DOILY TISSUES,0.161,723,2123,797.73,98
23388,WOODLAND MINI BACKPACK,0.161,723,789,3154.35,135
23438, RED SPOT GIFT BAG LARGE,0.161,723,1782,2143.5,98
79160,HEART SHAPE WIRELESS DOORBELL,0.161,723,792,1486.08,154
21462,"NURSERY A,B,C PAINTED LETTERS",0.1609,724,391,2189.65,163
21683,MEDIUM MEDINA STAMPED METAL BOWL ,0.1609,724,909,2604.75,134
21768,WALL MOUNTED VINTAGE ORGANISER,0.1609,724,446,5327.04,125
22642,SET OF 4 NAPKIN CHARMS STARS   ,0.1609,724,959,2230.7,135
22922,FRIDGE MAGNETS US DINER ASSORTED,0.1609,724,1806,1470.6,103
23342,MINT DINER WALL CLOCK,0.1609,724,364,3043.0,156
37501,TEA TIME TEA SET IN GIFT BOX,0.1609,724,421,2901.95,154
21445,12 PINK ROSE PEG PLACE SETTINGS,0.1608,725,1446,1718.58,117
22230,JIGSAW TREE WITH WATERING CAN,0.1608,725,1321,692.84,134
22461,SAVOY ART DECO CLOCK,0.1608,725,333,2601.35,160
22914,BLUE COAT RACK PARIS FASHION,0.1608,725,524,2404.44,154
23531,WALL ART BIG LOVE ,0.1608,725,960,5319.36,98
85111,SILVER GLITTER FLOWER VOTIVE HOLDER,0.1608,725,2728,838.16,65
21246,RED SPOTTY BIG BOWL,0.1607,726,614,3005.7,141
21617,4 LILY  BOTANICAL DINNER CANDLES,0.1607,726,778,1970.0,145
21820,GLITTER HEART GARLAND WITH BELLS ,0.1607,726,710,2612.21,141
22190,LOCAL CAFE MUG,0.1607,726,1163,1933.83,126
22337,ANGEL DECORATION PAINTED ZINC ,0.1607,726,2165,1292.05,85
22681,"FRENCH BLUE METAL DOOR SIGN, 6",0.1607,726,1060,1327.01,138
22683,"FRENCH BLUE METAL DOOR SIGN, 8",0.1607,726,1033,1293.07,140
22893,MINI CAKE STAND T-LIGHT HOLDER,0.1607,726,1985,810.66,99
23251,VINTAGE RED ENAMEL TRIM MUG ,0.1607,726,1587,1882.95,107
84509F,NEW ENGLAND PLACEMATS,0.1607,726,2776,2418.0,43
20767,BLUE PAISLEY JOURNAL ,0.1606,727,743,1528.67,150
21203,BUTTERFLIES  HONEYCOMB GARLAND,0.1606,727,1396,2169.0,111
37424,WHITE WITH BLACK CATS MUG,0.1606,727,3041,700.85,48
40001, WHITE BAMBOO RIBS LAMPSHADE,0.1606,727,2107,1530.76,84
47480,HANGING PHOTO CLIP ROPE LADDER,0.1606,727,1541,2416.93,101
47503K,ASSORTED FLORAL SECATEURS,0.1606,727,3138,1289.0,37
20692,FLORAL ELEPHANT SOFT TOY,0.1605,728,877,3425.75,120
21014,SWISS CHALET TREE DECORATION ,0.1605,728,1661,736.94,113
21191,LARGE WHITE HONEYCOMB PAPER BELL  ,0.1605,728,1210,2323.7,116
21364,PEACE SMALL WOOD LETTERS,0.1605,728,437,3018.15,146
21421,PORCELAIN ROSE LARGE ,0.1605,728,1761,2053.05,92
22043,CHRISTMAS CARD SCREEN PRINT ,0.1605,728,2100,578.04,94
23152,IVORY SWEETHEART WIRE LETTER RACK ,0.1605,728,534,1972.26,153
21061,PARTY INVITES FOOTBALL,0.1604,729,1291,909.07,127
21324,HANGING MEDINA LANTERN SMALL,0.1604,729,884,2270.6,131
21682,LARGE MEDINA STAMPED METAL BOWL ,0.1604,729,544,2647.41,143
21926,RED/CREAM STRIPE CUSHION COVER ,0.1604,729,966,1192.3,139
21972,SET OF 36 DINOSAUR PAPER DOILIES,0.1604,729,998,1447.1,135
22990,COTTON APRON PANTRY DESIGN,0.1604,729,476,2116.84,153
23028,DRAWER KNOB CRACKLE GLAZE BLUE,0.1604,729,1234,1978.74,118
23221,REINDEER HEART DECORATION SILVER,0.1604,729,1403,1193.45,118
85041,SET/4 PINK ORCHID CANDLES IN BOWL,0.1604,729,1804,2374.68,85
21413,PERIWINKLE T-LIGHT HOLDER,0.1603,730,3134,1062.1,34
21611,SET OF 12 LILY BOTANICAL T-LIGHTS,0.1603,730,729,2092.95,139
23092,LARGE ANTIQUE WHITE PHOTO FRAME,0.1603,730,497,3490.51,134
23187,FRENCH STYLE STORAGE JAR BONBONS,0.1603,730,2301,678.57,79
84596L,BISCUITS SMALL BOWL LIGHT BLUE,0.1603,730,1262,720.94,130
84993A,75 GREEN PETIT FOUR CASES,0.1603,730,1343,564.06,127
85032A,ROMANTIC IMAGES GIFT WRAP SET,0.1603,730,1383,1200.55,118
20986,BLUE CALCULATOR RULER,0.1602,731,994,1173.76,135
21530,DAIRY MAID CERAMIC TOASTRACK,0.1602,731,852,1097.88,143
21581,SKULLS  DESIGN  COTTON TOTE BAG,0.1602,731,1007,1439.15,131
21805,WHITE CHRISTMAS TREE DECORATION ,0.1602,731,2124,874.8,84
21991,BOHEMIAN COLLAGE STATIONERY SET,0.1602,731,862,1318.98,140
22194,BLACK DINER WALL CLOCK,0.1602,731,347,2867.05,147
22254,FELT TOADSTOOL LARGE,0.1602,731,1222,1491.02,121
22700,BLACK AND WHITE DOG BOWL,0.1602,731,1355,3082.97,96
22702,BLACK AND WHITE CAT BOWL,0.1602,731,1571,3093.85,85
23501,KEY RING BASEBALL BOOT UNION JACK,0.1602,731,1770,2103.3,87
72817,SET/2 CHRISTMAS DECOUPAGE CANDLES,0.1602,731,1213,1163.09,125
84031A,CHARLIE+LOLA RED HOT WATER BOTTLE ,0.1602,731,689,2151.77,139
85114C,RED ENCHANTED FOREST PLACEMAT,0.1602,731,961,1549.65,132
21187,WHITE BELL HONEYCOMB PAPER GARLAND ,0.1601,732,1251,1946.55,112
22267,EASTER DECORATION EGG BUNNY ,0.1601,732,1454,1251.68,110
22270,HAPPY EASTER HANGING DECORATION,0.1601,732,605,2217.63,141
22707,WRAP MONSTER FUN ,0.1601,732,2150,903.0,81
23131,MISTLETOE HEART WREATH CREAM,0.1601,732,887,3607.73,111
23270,SET OF 2 CERAMIC PAINTED HEARTS ,0.1601,732,1151,1604.15,122
16225,RATTLE SNAKE EGGS,0.16,733,1420,1078.64,113
20764,ABSTRACT CIRCLES SKETCHBOOK ,0.16,733,593,1706.88,146
20832,RED FLOCK LOVE HEART PHOTO FRAME,0.16,733,1568,987.3,107
21248,DOOR HANGER  MUM + DADS ROOM,0.16,733,932,1159.64,135
21288,STRIPEY CHOCOLATE NESTING BOXES,0.16,733,826,1972.7,132
21651,HANGING GLASS ETCHED TEALIGHT,0.16,733,1301,2060.25,108
22036,DINOSAUR BIRTHDAY CARD,0.16,733,1553,641.46,112
22181,SNOWSTORM PHOTO FRAME FRIDGE MAGNET,0.16,733,1443,1176.63,110
22279,POCKET BAG BLUE PAISLEY RED SPOT,0.16,733,1036,1590.61,126
22686,"FRENCH BLUE METAL DOOR SIGN, No",0.16,733,1222,1450.95,118
22852,ENAMEL DOG BOWL CREAM,0.16,733,523,2191.65,144
22927,GREEN GIANT GARDEN THERMOMETER,0.16,733,414,2391.3,147
23093,SMALL PARISIENNE HEART PHOTO FRAME ,0.16,733,912,2115.2,125
23370,SET 36 COLOUR PENCILS DOILEY,0.16,733,1353,1642.61,109
85160B,BLACK BIRD GARDEN DESIGN MUG,0.16,733,3168,543.46,35
85185B,PINK HORSE SOCK PUPPET,0.16,733,545,1576.55,150
21408,SPOTTY PINK DUCK DOORSTOP,0.1599,734,575,1996.09,142
21576,LETS GO SHOPPING COTTON TOTE BAG,0.1599,734,592,1313.42,148
21638,ASSORTED TUTTI FRUTTI NOTEBOOK,0.1599,734,974,2045.4,122
22685,"FRENCH BLUE METAL DOOR SIGN, 0",0.1599,734,1017,1270.65,129
22719,"GUMBALL COATHOOK., BLACK & WHITE ",0.1599,734,1187,1340.11,120
23068,ALUMINIUM STAMPED HEART,0.1599,734,801,1927.25,132
84509B,FAIRY CAKE PLACEMATS,0.1599,734,555,1994.85,142
85034B,3 WHITE CHOC MORRIS BOXED CANDLES,0.1599,734,1105,2232.73,113
85059,FRENCH ENAMEL WATER BASIN,0.1599,734,526,1625.31,148
85078,SCANDINAVIAN 3 HEARTS NAPKIN RING,0.1599,734,2043,569.55,87
21060,PARTY INVITES BALLOON GIRL,0.1598,735,1208,864.2,123
21482,MUSHROOM BLUE HOT WATER BOTTLE,0.1598,735,659,1872.05,138
21653,GLASS ETCHED T-LIGHT HOLDER LARGE,0.1598,735,1196,2382.6,106
21726,MULTI HEARTS  STICKERS,0.1598,735,1036,867.6,131
21785,RAIN PONCHO ,0.1598,735,1972,1465.2,79
22146,EASTER CRAFT IVY WREATH WITH CHICK,0.1598,735,1303,2276.85,102
22363,GLASS JAR MARMALADE ,0.1598,735,583,1633.89,144
22513,DOORSTOP FOOTBALL DESIGN,0.1598,735,556,1675.96,144
22612,TEA COSY VINTAGE UNION JACK,0.1598,735,984,3870.93,99
23111,PARISIENNE SEWING BOX,0.1598,735,272,3181.6,141
23498,CLASSIC BICYCLE CLIPS ,0.1598,735,1587,2200.15,89
85204,HANGING WOOD AND FELT FLOWER,0.1598,735,2149,364.5,82
21349,IVY HEART WREATH,0.1597,736,484,3139.0,130
21613,S/12 VANILLA  BOTANICAL T-LIGHTS,0.1597,736,620,1802.6,138
21812,GARLAND WITH HEARTS AND BELLS,0.1597,736,571,2784.45,129
22033,BOTANICAL ROSE GREETING CARD,0.1597,736,1552,644.64,107
22233,JIGSAW RABBIT AND BIRDHOUSE,0.1597,736,819,976.11,139
23360,SET 8 CANDLES VINTAGE DOILEY,0.1597,736,1146,2148.3,109
84341B,SMALL PINK MAGIC CHRISTMAS TREE,0.1597,736,1690,825.03,98
85039B,S/4 IVORY MINI ROSE CANDLE IN BOWL,0.1597,736,1243,1468.63,113
85194S,HANGING SPRING FLOWER EGG SMALL,0.1597,736,1651,765.41,100
85230E,STRAWBRY SCENTED VOTIVE CANDLE,0.1597,736,2421,621.45,65
17084N,FAIRY DREAMS INCENSE ,0.1596,737,2391,485.86,67
20772,GARDEN PATH JOURNAL,0.1596,737,775,1401.31,134
21643,ASSORTED TUTTI FRUTTI MIRROR,0.1596,737,1306,1609.7,106
22264,FELT FARM ANIMAL WHITE BUNNY ,0.1596,737,1803,865.71,90
22797,CHEST OF DRAWERS GINGHAM HEART ,0.1596,737,197,3299.49,140
22858,EASTER TIN KEEPSAKE,0.1596,737,1076,1710.6,116
22976,CIRCUS PARADE CHILDRENS EGG CUP ,0.1596,737,1070,1342.34,121
23227,FILIGREE HEART BUTTERFLY WHITE ,0.1596,737,1586,1939.56,89
35095B,RED VICTORIAN FABRIC OVAL BOX,0.1596,737,1824,659.87,92
79030G,"TUMBLER, NEW ENGLAND",0.1596,737,1692,1158.84,93
21153,RED SPOTTY TABLECLOTH ,0.1595,738,368,3811.2,125
21382,SET/4 SPRING FLOWER DECORATION,0.1595,738,1124,1417.2,116
21557,SET OF 6 FUNKY BEAKERS,0.1595,738,608,1755.44,136
21644,ASSORTED TUTTI FRUTTI HEART BOX,0.1595,738,978,1222.5,125
21741,COSY SLIPPER SHOES LARGE GREEN,0.1595,738,617,1801.35,135
21792,CLASSIC FRENCH STYLE BASKET GREEN ,0.1595,738,473,2337.15,137
23500,KEY RING BASEBALL BOOT ASSORTED ,0.1595,738,1580,1928.8,88
21064,BOOM BOX SPEAKER BOYS,0.1594,739,712,3567.1,109
21402,RED  EGG  SPOON,0.1594,739,1588,280.56,104
21684,SMALL MEDINA STAMPED METAL BOWL ,0.1594,739,1643,1246.96,91
21774,DECORATIVE CATS BATHROOM BOTTLE,0.1594,739,1260,1157.76,110
22044,CHRISTMAS CARD STACK OF PRESENTS,0.1594,739,1896,531.36,87
22516,CHILDS GARDEN RAKE BLUE,0.1594,739,783,1484.28,129
23526,DOG LICENCE WALL ART,0.1594,739,866,4251.62,94
84327A,PINK JUMPER LARRY THE LAMB,0.1594,739,945,1781.96,118
85034A,3 GARDENIA MORRIS BOXED CANDLES,0.1594,739,808,2107.36,122
16049,TEATIME GEL PENS ASST,0.1593,740,3144,542.88,25
21284,RETRO SPOT CANDLE  SMALL,0.1593,740,1433,1396.81,98
21393,BLUE  SPOTTY PUDDING BOWL,0.1593,740,2737,808.35,41
21773,DECORATIVE ROSE BATHROOM BOTTLE,0.1593,740,1239,1087.71,110
21869,POTTING SHED COFFEE MUG,0.1593,740,1228,1409.6,108
22042,CHRISTMAS CARD SINGING ANGEL,0.1593,740,1601,567.54,99
22092,BLUE PAISLEY TISSUE BOX,0.1593,740,903,548.05,133
22260,FELT EGG COSY BLUE RABBIT ,0.1593,740,1171,959.47,115
22655,VINTAGE RED KITCHEN CABINET,0.1593,740,63,10229.5,62
23051,RECYCLED ACAPULCO MAT BLUE,0.1593,740,333,2724.85,135
23096,PETIT TRAY CHIC,0.1593,740,993,1606.73,117
23372,SET 36 COLOUR PENCILS DOLLY GIRL,0.1593,740,1278,1500.22,104
23551,PACK OF 12 PAISLEY PARK TISSUES ,0.1593,740,1614,629.46,97
37423,WHITE WITH BLACK CATS PLATE,0.1593,740,3139,421.03,26
84509G,FAIRY CAKE PLACEMATS ,0.1593,740,761,1836.75,125
21724,PANDA AND BUNNIES STICKER SHEET,0.1592,741,914,776.9,128
22307,GOLD MUG BONE CHINA TREE OF LIFE,0.1592,741,1112,1590.61,109
22598,CHRISTMAS MUSICAL ZINC TREE,0.1592,741,1556,876.62,96
22831,WHITE BROCANTE SOAP DISH,0.1592,741,751,2157.85,120
23252,VINTAGE RED ENAMEL TRIM JUG ,0.1592,741,553,2029.59,132
47591B,SCOTTIES DES CHILD'S APRON,0.1592,741,659,1036.95,138
84459A,PINK METAL CHICKEN HEART ,0.1592,741,1030,1439.66,115
84968A,S/16 VINTAGE ROSE CUTLERY,0.1592,741,317,3912.15,121
20770,ABSTRACT CIRCLE JOURNAL ,0.1591,742,892,1811.1,116
21062,PARTY INVITES SPACEMAN,0.1591,742,1009,833.53,121
21348,PINK SPOTS CHOCOLATE NESTING BOXES ,0.1591,742,785,1836.95,121
21593,SWALLOW CIGAR BOX MATCHES ,0.1591,742,1366,1598.06,96
21645,ASSORTED TUTTI FRUTTI ROUND BOX,0.1591,742,909,1499.85,119
22232,3 PIECE JIGSAW TOADSTOOLS,0.1591,742,945,1075.81,122
22688,DOORMAT PEACE ON EARTH BLUE,0.1591,742,856,4621.36,85
22853,ENAMEL CAT BOWL CREAM,0.1591,742,594,1903.5,129
23081,GREEN METAL BOX ARMY SUPPLIES,0.1591,742,447,3556.89,118
90167,BEADED LOVE HEART JEWELLERY SET,0.1591,742,1798,1450.3,77
21688,SILVER PLATE CANDLE BOWL SMALL,0.159,743,844,2489.8,109
21801,CHRISTMAS TREE DECORATION WITH BELL,0.159,743,1824,766.08,82
21827,EIGHT PIECE CREEPY CRAWLIE SET,0.159,743,797,991.69,129
22223,CAKE PLATE LOVEBIRD PINK,0.159,743,558,2055.3,128
22517,CHILDS GARDEN RAKE PINK,0.159,743,772,1458.18,125
22977,DOLLY GIRL CHILDRENS EGG CUP,0.159,743,952,1191.21,118
23135,SMALL ZINC HEART WALL ORGANISER,0.159,743,1538,5378.8,42
23274,STAR T-LIGHT HOLDER WILLIE WINKIE,0.159,743,1136,1865.16,102
23314,VINTAGE CHRISTMAS TABLECLOTH,0.159,743,386,4576.02,107
23348,CHILDRENS TOY COOKING UTENSIL SET,0.159,743,653,1315.9,132
23373,VINTAGE CHRISTMAS PAPER GIFT BAG,0.159,743,1563,1241.66,88
84596E,SMALL LICORICE DES PINK BOWL,0.159,743,848,810.2,128
84837,WHITE SWEETHEARTS CABINET 4 DRAWERS,0.159,743,239,2915.25,134
20669,RED HEART LUGGAGE TAG,0.1589,744,627,781.47,138
21106,CREAM SLICE FLANNEL CHOCOLATE SPOT ,0.1589,744,698,1982.3,121
21468,BUTTERFLY CROCHET FOOD COVER,0.1589,744,617,2129.17,123
21784,SHOE SHINE BOX ,0.1589,744,224,2205.6,140
22684,"FRENCH BLUE METAL DOOR SIGN, 9",0.1589,744,918,1146.9,119
22821,GIFT BAG PSYCHEDELIC APPLES,0.1589,744,1284,834.96,105
23186,FRENCH STYLE STORAGE JAR CAFE ,0.1589,744,1970,810.22,73
35160,BUDDHA INCENSE HOLDER ASSORTED,0.1589,744,2176,1587.24,53
17109C,FLOWER FAIRY INCENSE ROSE,0.1588,745,3123,659.54,16
21897,POTTING SHED CANDLE CITRONELLA,0.1588,745,852,2573.52,104
21904,HOUSE WRECKING METAL SIGN ,0.1588,745,638,972.3,133
22250,DECORATION  BUTTERFLY  MAGIC GARDEN,0.1588,745,1014,832.78,116
22252,BIRDCAGE DECORATION MAGIC GARDEN,0.1588,745,937,1151.81,117
23053,RECYCLED ACAPULCO MAT PINK,0.1588,745,317,2581.65,130
23128,FELTCRAFT BOY JEAN-PAUL KIT,0.1588,745,424,2050.48,131
35809A,ENAMEL PINK TEA CONTAINER,0.1588,745,1037,1297.81,111
35810A,ENAMEL PINK COFFEE CONTAINER,0.1588,745,1116,1280.26,106
40018F,CHERRY DESIGN PAPERLANTERNS,0.1588,745,1052,1977.04,101
82613D,METAL SIGN CUPCAKE SINGLE HOOK,0.1588,745,832,741.2,127
84507B,STRIPES DESIGN MONKEY DOLL,0.1588,745,1312,1611.8,94
85203,HANGING WOOD AND FELT BUTTERFLY ,0.1588,745,1089,454.5,118
20733,GOLD MINI TAPE MEASURE ,0.1587,746,1246,907.7,103
22116,METAL SIGN HIS DINNER IS SERVED,0.1587,746,717,896.79,129
22471,TV DINNER TRAY AIR HOSTESS ,0.1587,746,550,2005.48,124
23244,ROUND STORAGE TIN VINTAGE LEAF,0.1587,746,916,1675.96,110
23530,WALL ART ONLY ONE PERSON ,0.1587,746,1037,4241.25,74
35001W,HAND OPEN SHAPE DECO.WHITE,0.1587,746,729,2087.43,115
85036C,ROSE 1 WICK MORRIS BOXED CANDLE,0.1587,746,669,1343.43,126
85132B,CHARLIE AND LOLA TABLE TINS,0.1587,746,891,2553.45,101
85230B,CINNAMON SCENTED VOTIVE CANDLE,0.1587,746,2095,553.79,66
21647,ASSORTED TUTTI FRUTTI LARGE PURSE,0.1586,747,784,1646.4,116
21725,SWEETIES  STICKERS,0.1586,747,1045,888.25,111
22163,HEART STRING MEMO HOLDER HANGING,0.1586,747,882,1390.14,114
22340,NOEL GARLAND PAINTED ZINC ,0.1586,747,1332,1008.36,97
22760,"TRAY, BREAKFAST IN BED",0.1586,747,327,3915.45,112
85118,HEART T-LIGHT HOLDER,0.1586,747,1820,973.48,73
85232A,SET/3 POLKA DOT STACKING TINS,0.1586,747,323,1565.25,138
20748,KENSINGTON COFFEE SET,0.1585,748,359,3371.25,114
21280,VINTAGE KITCHEN PRINT VEGETABLES,0.1585,748,2068,1402.2,54
21589,SWALLOW GIANT TUBE MATCHES,0.1585,748,1103,2542.65,88
22229,BUNNY WOODEN PAINTED WITH FLOWER ,0.1585,748,820,610.52,124
22316,200 BENDY SKULL STRAWS,0.1585,748,1223,1369.15,96
22931,BAKING MOULD HEART WHITE CHOCOLATE,0.1585,748,792,1873.51,111
23268,SET OF 2 CERAMIC CHRISTMAS REINDEER,0.1585,748,1422,1962.78,79
23271,CHRISTMAS TABLE CANDLE SILVER SPIKE,0.1585,748,1619,1314.33,77
23505,PLAYING CARDS I LOVE LONDON ,0.1585,748,1058,1238.5,106
70007,HI TEC ALPINE HAND WARMER,0.1585,748,1077,1095.09,106
79190B,RETRO PLASTIC POLKA TRAY,0.1585,748,1373,516.66,98
21540,DAIRY MAID CERAMIC BUTTER DISH,0.1584,749,1278,2114.0,83
21821,GLITTER STAR GARLAND WITH BELLS ,0.1584,749,638,2360.1,111
22288,"DECORATION , HANGING METAL RABBIT",0.1584,749,1265,1416.25,92
22313,OFFICE MUG WARMER PINK,0.1584,749,700,2252.14,110
23331,DECORATIVE WICKER HEART SMALL,0.1584,749,1492,932.28,86
35954,SMALL FOLKART STAR CHRISTMAS DEC,0.1584,749,1975,621.81,67
84352,SILVER CHRISTMAS TREE BAUBLE STAND ,0.1584,749,191,3113.45,124
84510B,SET OF 4 FAIRY CAKES COASTERS ,0.1584,749,1092,1283.3,102
16169M,WRAP DAISY CARPET ,0.1583,750,2060,640.95,60
21015,DARK BIRD HOUSE TREE DECORATION,0.1583,750,1427,510.23,93
21188,3D HEARTS  HONEYCOMB PAPER GARLAND,0.1583,750,821,2373.95,100
21765,HANGING METAL BIRD BATH,0.1583,750,329,2547.15,123
22246,"GARLAND, MAGIC GARDEN 1.8M",0.1583,750,868,1662.48,107
22448,PIN CUSHION RUSSIAN DOLL RED,0.1583,750,727,2289.31,106
23120,PACK OF 6 SMALL FRUIT STRAWS,0.1583,750,1545,614.34,86
23161,REGENCY CAKE FORK,0.1583,750,1596,1881.6,69
84676,BATH DUCK WATERING CAN,0.1583,750,783,1883.97,108
84912A,PINK ROSE WASHBAG,0.1583,750,891,2291.25,98
85035B,CHOCOLATE 3 WICK MORRIS BOX CANDLE,0.1583,750,916,2242.12,98
85173,SET/6 FROG PRINCE T-LIGHT CANDLES,0.1583,750,949,1550.52,104
16169K,WRAP FOLK ART,0.1582,751,2050,648.25,59
17164B,ASS COL SMALL SAND GECKO P'WEIGHT,0.1582,751,1582,632.4,82
20768,GREEN FERN JOURNAL ,0.1582,751,702,1357.81,117
21209,MULTICOLOUR HONEYCOMB FAN,0.1582,751,1317,978.49,91
21532,DAIRY MAID SUGAR JAM BOWL,0.1582,751,1356,1324.8,86
21693,SMALL HAMMERED SILVER CANDLEPOT ,0.1582,751,810,2387.1,99
21841,BABY MOUSE RED GINGHAM DRESS,0.1582,751,424,1772.5,126
21879,HEARTS GIFT TAPE,0.1582,751,1366,522.38,94
21910,WAY OUT METAL SIGN ,0.1582,751,1034,1331.7,101
22135,LADLE LOVE HEART PINK,0.1582,751,1153,469.02,105
22287,"DECORATION , WOBBLY CHICKEN, METAL ",0.1582,751,1272,1312.98,90
22453,MEASURING TAPE RUSSIAN DOLL BLUE,0.1582,751,680,1931.6,111
22923,FRIDGE MAGNETS LES ENFANTS ASSORTED,0.1582,751,1315,1070.95,90
23217,LAUREL HEART ANTIQUE SILVER,0.1582,751,1290,1567.0,86
23281,FOLDING BUTTERFLY MIRROR RED  ,0.1582,751,1270,976.22,94
23485,BOTANICAL GARDENS WALL CLOCK ,0.1582,751,241,5311.6,93
35095A,BLUE VICTORIAN FABRIC OVAL BOX,0.1582,751,1665,605.57,78
84840,SWEETHEART CARRY-ALL BASKET,0.1582,751,260,2169.2,128
85197,SET OF 12 MINI BUNNIES IN A BUCKET,0.1582,751,1667,955.26,75
20766,GARDEN PATH SKETCHBOOK,0.1581,752,471,1330.98,126
22034,ROBIN CHRISTMAS CARD,0.1581,752,1509,625.14,85
22247,BUNNY DECORATION MAGIC GARDEN,0.1581,752,970,791.32,108
23267,SET OF 4 SANTA PLACE SETTINGS,0.1581,752,1110,1367.34,95
23273,HEART T-LIGHT HOLDER WILLIE WINKIE,0.1581,752,924,1527.24,102
23375,50'S CHRISTMAS PAPER GIFT BAG,0.1581,752,1316,1059.12,89
23403,LETTER HOLDER HOME SWEET HOME,0.1581,752,592,1969.06,114
47504H,ENGLISH ROSE SPIRIT LEVEL ,0.1581,752,985,935.83,106
84968C,S/16 VINTAGE PISTACHIO CUTLERY,0.1581,752,350,4203.3,99
85071C,"CHARLIE+LOLA""EXTREMELY BUSY"" SIGN",0.1581,752,1197,669.82,99
85214,TUB 24 PINK FLOWER PEGS,0.1581,752,419,691.35,137
21199,PINK  HEART CONFETTI IN TUBE,0.158,753,1122,1251.3,95
21205,MULTICOLOUR 3D BALLS GARLAND,0.158,753,575,1401.45,119
21401,BLUE PUDDING SPOON,0.158,753,1388,291.06,92
21666, RIDGED GLASS T-LIGHT HOLDER,0.158,753,1675,1009.55,71
23134,LARGE ZINC HEART WALL ORGANISER,0.158,753,1064,6414.48,37
23461,SWEETHEART BIRD HOUSE,0.158,753,825,2891.95,90
84356,POMPOM CURTAIN,0.158,753,654,3113.3,96
16169N,WRAP BLUE RUSSIAN FOLKART,0.1579,754,2025,626.25,56
21279,VINTAGE KITCHEN PRINT FRUITS,0.1579,754,1832,918.0,62
21437,24 HANGING EASTER EGGS FLORAL TUB,0.1579,754,649,2203.35,105
21804,WHITE CHRISTMAS GARLAND STARS TREES,0.1579,754,541,2017.95,112
22504,CABIN BAG VINTAGE RETROSPOT,0.1579,754,258,5664.7,83
23407,SET OF 2 TRAYS HOME SWEET HOME,0.1579,754,242,2367.02,122
23499,SET 12 VINTAGE DOILY CHALK ,0.1579,754,1244,522.48,96
23550,WRAP ALPHABET POSTER  ,0.1579,754,1850,761.0,63
23553,LANDMARK FRAME CAMDEN TOWN ,0.1579,754,557,6244.85,62
85060,WOOD FAN WITH FLOWER DESIGN,0.1579,754,1353,1590.93,78
85114A,BLACK ENCHANTED FOREST PLACEMAT,0.1579,754,1179,1813.35,83
85231L,LAVENDER SCENTED SET/9 T-LIGHTS,0.1579,754,1018,810.7,103
15058A,BLUE WHITE SPOTS GARDEN PARASOL,0.1578,755,402,2378.3,113
21503,TOYBOX  WRAP ,0.1578,755,1800,740.0,65
21529,RETRO SPOT CERAMIC TOASTRACK,0.1578,755,454,1521.3,120
21676,FLOWERS  STICKERS,0.1578,755,1102,787.36,98
21944,KITTENS DESIGN FLANNEL,0.1578,755,1538,811.1,76
47502,POLKADOT CUTLERY 24 PCS IN TRAY,0.1578,755,581,5931.95,64
79163,BLACK CHAMPAGNE GLASS,0.1578,755,1801,1097.01,60
84985A,SET OF 72 GREEN PAPER DOILIES,0.1578,755,573,830.85,122
85032B,BLOSSOM IMAGES GIFT WRAP SET,0.1578,755,929,846.0,106
85131A,BEADED PEARL HEART WHITE ON STICK,0.1578,755,1361,1047.91,82
20657,TROPICAL LUGGAGE TAG,0.1577,756,1692,534.14,71
20871,OPULENT VELVET SET/3 CANDLES,0.1577,756,1200,1709.1,80
20931,BLUE POT PLANT CANDLE ,0.1577,756,585,1692.45,111
21219,SET/4 BADGES BALLOON GIRL,0.1577,756,838,1050.44,105
21692,SILVER LATTICE VANILLA CANDLE POT,0.1577,756,489,1815.03,114
21822,GLITTER CHRISTMAS TREE WITH BELLS,0.1577,756,859,1086.51,104
21945,STRAWBERRIES  DESIGN FLANNEL ,0.1577,756,1518,859.64,75
23228,FILIGREE HEART BIRD WHITE ,0.1577,756,1253,1576.54,80
23235,STORAGE TIN VINTAGE LEAF,0.1577,756,712,1855.2,103
23250,VINTAGE RED TRIM ENAMEL BOWL ,0.1577,756,982,1216.79,97
84247G,"DECOUPAGE,GREETING CARD,",0.1577,756,1332,554.4,87
85016,SET OF 6 VINTAGE NOTELETS KIT,0.1577,756,1443,1439.55,72
85200,BUNNY EGG BOX,0.1577,756,1007,1253.95,95
85224,ASSORTED COLOUR SILK GLASSES CASE,0.1577,756,1987,1051.14,50
20652,BLUE SPOTTY LUGGAGE TAG ,0.1576,757,1215,692.01,90
20738,GREEN MINI TAPE MEASURE ,0.1576,757,1585,1270.55,65
21200,MULTICOLOUR HONEYCOMB PAPER GARLAND,0.1576,757,1259,1683.75,77
21278,VINTAGE KITCHEN PRINT PUDDINGS,0.1576,757,1487,1031.85,73
21579,LOLITA  DESIGN  COTTON TOTE BAG,0.1576,757,942,1301.9,97
22344,PARTY PIZZA DISH PINK+WHITE SPOT ,0.1576,757,1344,626.04,84
22924,FRIDGE MAGNETS LA VIE EN ROSE,0.1576,757,1217,1003.25,86
23394,POSTE FRANCE CUSHION COVER,0.1576,757,392,1470.0,121
37342,SPOTTY COFFEE CUP & SAUCER,0.1576,757,1415,1202.81,75
84031B,CHARLIE LOLA BLUE HOT WATER BOTTLE ,0.1576,757,518,1655.84,113
85039A,SET/4 RED MINI ROSE CANDLE IN BOWL,0.1576,757,1115,1092.05,91
85169A,IVORY LOVE BIRD CANDLE,0.1576,757,913,999.07,101
17038,PORCELAIN BUDAH INCENSE HOLDER,0.1575,758,2524,225.4,30
20765,CHRYSANTHEMUM SKETCHBOOK ,0.1575,758,400,1086.04,123
21696,SMALL SILVER TRELLIS CANDLEPOT,0.1575,758,704,2076.8,98
21846,PINK DIAMANTE PEN IN GIFT BOX,0.1575,758,917,1791.57,91
21898,POTTING SHED ROSE CANDLE,0.1575,758,760,2349.88,92
21924,BLUE/CREAM STRIPE FRINGE HAMMOCK,0.1575,758,294,2228.3,116
22322,BIRD DECORATION GREEN  SPOT,0.1575,758,1045,888.25,95
23010,CIRCUS PARADE BABY GIFT SET,0.1575,758,282,4393.9,91
47421,ASSORTED COLOUR LIZARD SUCTION HOOK,0.1575,758,1437,561.78,79
84819,DANISH ROSE ROUND SEWING BOX,0.1575,758,903,1342.79,96
21157,RED SPOTTY WASHBAG,0.1574,759,600,1255.08,111
21167,WHITE SAGE INCENSE,0.1574,759,2008,414.18,51
21198,WHITE HEART CONFETTI IN TUBE,0.1574,759,1115,1239.75,86
21281,VINTAGE KITCHEN PRINT SEAFOOD,0.1574,759,2108,1168.2,38
21612,SET 12 WILDFLOWER BOTANICAL T-LIGHT,0.1574,759,670,1894.9,99
21655,HANGING RIDGE GLASS T-LIGHT HOLDER,0.1574,759,1174,1822.78,76
21923,RED/CREAM STRIPE FRINGE HAMMOCK,0.1574,759,323,2467.85,110
22345,PARTY PIZZA DISH BLUE+WHITE SPOT ,0.1574,759,1281,583.11,85
23369,SET 36 COLOUR PENCILS LOVE LONDON,0.1574,759,901,1053.29,98
72484,ROSES IN WHITE HEART CANDLE ,0.1574,759,1805,958.21,56
84789,ENCHANTED BIRD PLANT CAGE,0.1574,759,424,1434.0,117
84912B,GREEN ROSE WASHBAG,0.1574,759,870,2212.5,86
DOT,DOTCOM POSTAGE,0.1574,759,16,11906.36,16
20671,BLUE TEATIME PRINT BOWL ,0.1573,760,731,900.07,106
20761,BLUE PAISLEY SKETCHBOOK,0.1573,760,409,1192.37,118
21474,SWEETHEART CREAM STEEL FOLDIN BENCH,0.1573,760,196,3910.2,97
22177,5 HOOK BLACKBOARD ORGANISER ,0.1573,760,275,2352.64,112
23431,NATURAL HANGING QUILTED HEARTS ,0.1573,760,1411,1099.85,72
23433,HANGING QUILTED PATCHWORK APPLES,0.1573,760,1168,964.16,85
72598,SET/12 TAPER CANDLES,0.1573,760,1020,796.44,93
85032D,YULETIDE IMAGES GIFT WRAP SET,0.1573,760,996,1055.26,92
85186A,EASTER BUNNY GARLAND OF FLOWERS,0.1573,760,1290,541.8,83
90057,DIAMANTE RING ASSORTED IN BOX.,0.1573,760,1800,2660.88,34
20771,CHRYSANTHEMUM  JOURNAL,0.1572,761,545,1036.66,113
20990,SPRING FLOWER CHOPSTICKS SET/5,0.1572,761,856,1579.2,91
21618,4 WILDFLOWER BOTANICAL CANDLES,0.1572,761,594,1519.0,105
21636,MADRAS NOTEBOOK MEDIUM,0.1572,761,991,903.45,92
21721,CANDY SHOP  STICKER SHEET,0.1572,761,1003,849.43,92
22255,FELT TOADSTOOL  SMALL,0.1572,761,953,810.05,95
22933,BAKING MOULD EASTER EGG MILK CHOC,0.1572,761,720,1934.4,94
23427,STOOL HOME SWEET HOME ,0.1572,761,225,2613.0,109
23483,HANGING  BUTTERFLY T-LIGHT HOLDER,0.1572,761,1300,1515.38,70
35923,CANDY HEART HANGING DECORATION,0.1572,761,1449,862.57,70
79323GR,GREEN CHERRY LIGHTS,0.1572,761,330,1931.7,113
84534B,FAIRY CAKE NOTEBOOK A5 SIZE,0.1572,761,693,589.05,110
85230A,OPIUM SCENTED VOTIVE CANDLE,0.1572,761,1992,497.04,48
16015,MEDIUM CHINESE STYLE SCISSOR,0.1571,762,1572,711.38,65
22913,RED COAT RACK PARIS FASHION,0.1571,762,421,1894.59,107
23214,JINGLE BELL HEART ANTIQUE GOLD,0.1571,762,772,1624.83,93
47585A,PINK FAIRY CAKE CUSHION COVER,0.1571,762,900,1755.0,85
72799F,IVORY PILLAR CANDLE GOLD FLOCK,0.1571,762,1065,1846.95,76
84569D,PACK 6 HEART/ICE-CREAM PATCHES,0.1571,762,798,999.92,99
85032C,CURIOUS IMAGES GIFT WRAP SET,0.1571,762,781,764.3,102
85196,EASTER BUNNIES ON A STICK,0.1571,762,1536,783.96,66
20734,SILVER MINI TAPE MEASURE ,0.157,763,1378,1079.0,69
21352,EUCALYPTUS & PINECONE  WREATH,0.157,763,731,2158.45,87
21386,IVORY HANGING DECORATION  EGG,0.157,763,1097,596.69,87
21710,FOLDING UMBRELLA  PINK/WHITE  SPOT,0.157,763,687,2029.26,91
22062,CERAMIC BOWL WITH LOVE HEART DESIGN,0.157,763,704,1040.56,101
22762,CUPBOARD 3 DRAWER MA CAMPAGNE,0.157,763,159,2286.85,114
23054,RECYCLED ACAPULCO MAT LAVENDER,0.157,763,265,2181.45,110
23061,VINTAGE EMBOSSED HEART,0.157,763,943,1173.71,89
23079,TOADSTOOL BEDSIDE LIGHT ,0.157,763,234,2073.3,112
23160,REGENCY TEA SPOON,0.157,763,1386,1644.3,62
23282,FOLDING BUTTERFLY MIRROR IVORY ,0.157,763,753,612.72,104
72816,SET/3 CHRISTMAS DECOUPAGE CANDLES,0.157,763,1178,1263.32,76
84795C,OCEAN STRIPE HAMMOCK ,0.157,763,293,2245.35,107
85107,CUT GLASS T-LIGHT HOLDER OCTAGON,0.157,763,1169,2118.21,66
21634,ASSORTED MINI MADRAS NOTEBOOK,0.1569,764,1597,1273.85,54
21702,SET 5 MINI GATEAUX  FRIDGE MAGNETS,0.1569,764,2636,918.68,8
21720,CAKE SHOP  STICKER SHEET,0.1569,764,1011,844.79,88
21769,VINTAGE POST OFFICE CABINET,0.1569,764,119,7635.07,52
22201,FRYING PAN BLUE POLKADOT ,0.1569,764,409,1573.25,108
23424,GINGHAM RECIPE BOOK BOX,0.1569,764,408,1962.0,104
23547,WRAP FLOWER SHOP  ,0.1569,764,1575,661.5,62
72803A,ROSE SCENT CANDLE JEWELLED DRAWER,0.1569,764,711,1481.19,95
85186C,BUNNY EGG GARLAND,0.1569,764,1159,486.78,84
20762,GREEN FERN SKETCHBOOK ,0.1568,765,412,1156.71,112
21251,DINOSAUR HEIGHT CHART STICKER SET,0.1568,765,546,1453.5,102
21360,JOY LARGE WOOD LETTERS,0.1568,765,431,2611.45,93
21547,CERAMIC BIRDHOUSE CRESTED TIT SMALL,0.1568,765,682,1656.55,93
21808,"CHRISTMAS GARLAND STARS,TREES",0.1568,765,755,1853.75,86
22281,EASTER TREE YELLOW BIRDS,0.1568,765,407,2097.05,101
22953,BIRTHDAY PARTY CORDON BARRIER TAPE,0.1568,765,713,867.52,100
23226,FILIGREE HEART DAISY WHITE,0.1568,765,1151,1418.59,73
23359,SET OF 12 T-LIGHTS VINTAGE DOILEY,0.1568,765,976,1834.8,76
23377,PACK OF 12 DOLLY GIRL TISSUES,0.1568,765,1192,464.88,82
23400,SHELF WITH 4 HOOKS HOME SWEET HOME,0.1568,765,446,2234.86,97
23490,T-LIGHT HOLDER HANGING LOVE BIRD,0.1568,765,530,1954.38,96
35598D,PINK/WHITE CHRISTMAS TREE 60CM,0.1568,765,1641,1098.47,53
47503F,ASS FLORAL PRINT TORCH,0.1568,765,2566,728.3,12
21051,RIBBONS PURSE ,0.1567,766,657,1295.63,97
21318,GLASS CHALICE BLUE SMALL ,0.1567,766,904,740.24,90
22820,GIFT BAG BIRTHDAY,0.1567,766,1170,760.68,78
23225,CHERUB HEART DECORATION SILVER ,0.1567,766,1224,1029.84,72
23381,PACK OF 12 VINTAGE LEAF TISSUES ,0.1567,766,1474,544.62,65
23432,PRETTY HANGING QUILTED HEARTS,0.1567,766,1272,1045.2,70
84817,DANISH ROSE DECORATIVE PLATE,0.1567,766,1008,832.8,85
21007,ETCHED GLASS DROPLET DECORATION,0.1566,767,1905,851.23,39
21708,FOLDING UMBRELLA  CREAM/MULTI  SPOT,0.1566,767,546,2049.1,92
21719,LOVELY BONBON STICKER SHEET,0.1566,767,824,698.84,94
21723,ALPHABET HEARTS STICKER SHEET,0.1566,767,807,685.95,94
21732,RED HANGING METAL STAR TLIGHT HLDR,0.1566,767,920,3188.64,60
21813,GARLAND WITH STARS AND BELLS,0.1566,767,463,2241.45,93
22393,PAPERWEIGHT VINTAGE COLLAGE,0.1566,767,748,1178.23,92
22811,SET OF 6 T-LIGHTS CACTI ,0.1566,767,890,2307.98,71
23034,DRAWER KNOB CERAMIC BLACK,0.1566,767,929,1306.25,81
23048,SET OF 10 LANTERNS FAIRY LIGHT STAR,0.1566,767,528,2115.34,92
23065,LARGE DECO JEWELLERY STAND,0.1566,767,255,3090.3,93
23406,HOME SWEET HOME KEY HOLDER,0.1566,767,431,2129.79,96
23536,VILLAGE SHOW WALL ART,0.1566,767,609,3250.23,75
84826,ASSTD DESIGN 3D PAPER STICKERS,0.1566,767,1611,764.53,54
85231E,STRAWBERRY SCENTED SET/9 T-LIGHTS,0.1566,767,803,651.35,95
21009,ETCHED GLASS STAR TREE DECORATION,0.1565,768,870,1087.5,85
21709,FOLDING UMBRELLA  CHOC/WHITE  SPOT,0.1565,768,640,2597.41,79
21738,COSY SLIPPER SHOES SMALL  RED ,0.1565,768,381,1104.75,109
21795,SET OF 3 BLUE STRIPE BASKET,0.1565,768,435,3620.22,77
22783,SET 3 WICKER OVAL BASKETS W LIDS,0.1565,768,481,6277.17,44
22829,BROCANTE SHELF WITH HOOKS,0.1565,768,214,2068.4,106
35015,JACOBS LADDER SMALL,0.1565,768,2064,123.84,38
72800B,S/4 PURPLE DINNER CANDLE BLK FLOCK,0.1565,768,958,1150.18,81
84247L,FAWN AND MUSHROOM GREETING CARD,0.1565,768,1076,451.92,83
84821,DANISH ROSE DELUXE COASTER,0.1565,768,1294,712.3,69
85202,HANGING WOOD AND FELT HEART,0.1565,768,721,301.38,101
16169P,WRAP GREEN RUSSIAN FOLKART ,0.1564,769,1725,523.25,49
17165D,ASS COL LARGE SAND FROG P'WEIGHT,0.1564,769,710,676.02,96
20707,CRAZY DAISY HEART DECORATION,0.1564,769,1272,905.37,67
20866,BLUE ROSE FABRIC MIRROR,0.1564,769,843,845.09,88
22204,MILK PAN BLUE RETROSPOT,0.1564,769,399,1386.91,103
22248,DECORATION  PINK CHICK MAGIC GARDEN,0.1564,769,752,630.88,94
22256,FELT FARM ANIMAL CHICKEN,0.1564,769,834,1010.58,87
22258,FELT FARM ANIMAL RABBIT,0.1564,769,1058,932.02,76
22308,TEA COSY BLUE STRIPE,0.1564,769,489,1207.09,100
22777,GLASS CLOCHE LARGE,0.1564,769,416,3291.2,81
22782,SET 3 WICKER STORAGE BASKETS ,0.1564,769,254,3712.3,84
23085,ANTIQUE SILVER BAUBLE LAMP  ,0.1564,769,356,3308.95,83
23164,REGENCY CAKE SLICE,0.1564,769,563,2574.26,81
23341,PINK DINER WALL CLOCK,0.1564,769,281,2317.1,98
37327,ASSTD MULTICOLOUR CIRCLES MUG,0.1564,769,1531,758.03,56
75131,METAL TUBE CHIME ON BAMBOO,0.1564,769,1210,1526.26,62
85025C,PINK HEART SHAPE PHOTO FRAME,0.1564,769,640,1025.8,95
21043,APRON MODERN VINTAGE COTTON,0.1563,770,598,1502.1,90
21289,LARGE STRIPES CHOCOLATE GIFT BAG,0.1563,770,1235,1290.15,62
21656,RIDGED GLASS POSY VASE ,0.1563,770,819,1129.95,84
21942,SKULLS DESIGN FLANNEL,0.1563,770,1298,670.8,66
22538,MINI JIGSAW GO TO THE FAIR,0.1563,770,1409,580.74,62
20747,PICCADILLY TEA SET,0.1562,771,305,4157.15,73
21208,PASTEL COLOUR HONEYCOMB FAN,0.1562,771,939,692.25,82
21652,GLASS ETCHED T-LIGHT HOLDER MEDIUM,0.1562,771,846,1584.9,76
22788,BROCANTE COAT RACK,0.1562,771,452,3543.2,73
23542,70'S ALPHABET WALL ART,0.1562,771,478,3393.98,73
37343,SPOTS DESIGN MUG W PINK INSIDE,0.1562,771,962,1392.3,73
77101A,UNION FLAG WINDSOCK,0.1562,771,1052,1180.48,70
85071D,CHARLIE+LOLA MY ROOM DOOR SIGN,0.1562,771,838,482.34,89
85109,PINK BOUDOIR T-LIGHT HOLDER,0.1562,771,2331,331.11,19
16168M,FUNKY MONKEY GIFT BAG MEDIUM,0.1561,772,1578,425.16,53
20802,SMALL GLASS SUNDAE DISH CLEAR,0.1561,772,855,1116.27,79
21190,PINK HEARTS PAPER GARLAND,0.1561,772,679,1076.75,89
21285,RETRO SPOT CANDLE  MEDIUM,0.1561,772,926,1166.42,76
21884,CAKES AND BOWS GIFT  TAPE,0.1561,772,1232,457.36,68
22058,CERAMIC LOVE HEARTS DESIGN MUG,0.1561,772,495,737.55,102
22100,SKULLS SQUARE TISSUE BOX,0.1561,772,943,574.17,82
22317,FIVE CATS HANGING DECORATION,0.1561,772,450,1324.02,97
22857,ASSORTED EASTER GIFT TAGS,0.1561,772,1226,1004.66,62
23138,SINGLE WIRE HOOK IVORY HEART,0.1561,772,858,1184.5,78
35958,FOLKART ZINC STAR CHRISTMAS DEC,0.1561,772,1100,935.0,70
84968B,S/16 VINTAGE IVORY CUTLERY,0.1561,772,279,3458.25,81
85188A,GREEN METAL SWINGING BUNNY,0.1561,772,877,742.33,83
15058B,PINK WHITE SPOTS GARDEN PARASOL,0.156,773,292,1851.8,96
16156N,"WRAP, FRIENDSHIP ON GREEN",0.156,773,1450,609.0,55
21441,BLUE BIRDHOUSE DECORATION,0.156,773,855,540.21,84
21739,COSY SLIPPER SHOES SMALL GREEN,0.156,773,363,1061.64,102
22031,BOTANICAL LAVENDER BIRTHDAY CARD,0.156,773,951,404.13,81
22069, BROWN  PIRATE TREASURE CHEST ,0.156,773,639,917.73,91
22123,PING MICROWAVE APRON,0.156,773,533,1091.15,94
22511,DOORSTOP RUSSIAN DOLL RETROSPOT,0.156,773,387,976.85,102
22785,CUSHION COVER PINK UNION FLAG,0.156,773,359,1751.29,95
23220,REINDEER HEART DECORATION GOLD,0.156,773,929,774.43,78
23316,RED REFECTORY CLOCK ,0.156,773,234,2202.3,96
82613B,"METAL SIGN,CUPCAKE SINGLE HOOK",0.156,773,617,555.45,96
16258A,SWIRLY CIRCULAR RUBBERS IN BAG,0.1559,774,1025,346.77,77
21286,RETRO SPOT CANDLE  LARGE,0.1559,774,950,1377.22,68
21538,DAIRY MAID  PUDDING BOWL,0.1559,774,1294,1852.5,46
21610,SET 12 PEAR BOTANICAL T-LIGHTS,0.1559,774,529,1493.35,88
21641,ASSORTED TUTTI FRUTTI KEYRING BALL,0.1559,774,1541,741.13,48
22253,6 CROCHET STRAWBERRIES,0.1559,774,937,1096.39,72
22280,POCKET BAG PINK PAISELY BROWN SPOT,0.1559,774,579,943.03,91
22647,CERAMIC LOVE HEART MONEY BANK,0.1559,774,1018,831.7,72
22656,VINTAGE BLUE KITCHEN CABINET,0.1559,774,32,6921.5,49
22799,SWEETHEART WIRE FRUIT BOWL,0.1559,774,240,1844.6,97
22912,YELLOW COAT RACK PARIS FASHION,0.1559,774,290,1321.74,101
23327,HANGING CLEAR MINI BOTTLE,0.1559,774,1702,1007.3,37
23357,HOT WATER BOTTLE SEX BOMB,0.1559,774,432,1832.0,89
23502,PLAYING CARDS VINTAGE DOILEY ,0.1559,774,690,838.98,88
23556,LANDMARK FRAME COVENT GARDEN ,0.1559,774,434,4899.55,53
85222,ASSORTED COLOUR SILK COSMETIC PURSE,0.1559,774,1392,1532.65,45
85230G,ORANGE VOTIVE CANDLE,0.1559,774,1632,411.84,47
20653,CHERRY BLOSSOM LUGGAGE TAG,0.1558,775,1927,428.89,31
20730,STRAWBERRY CANDY BAG,0.1558,775,1648,510.5,43
21442,GREEN BIRDHOUSE DECORATION,0.1558,775,883,561.67,80
21473,SWEETHEART CREAM STEEL TABLE RECT,0.1558,775,145,2892.75,89
21548,CERAMIC BIRDHOUSE FINCH BLUE ROOF,0.1558,775,626,1491.35,82
21793,CLASSIC FRENCH STYLE BASKET BROWN,0.1558,775,344,1564.44,94
22701,PINK DOG BOWL,0.1558,775,536,911.78,92
23486,ANTIQUE HEART SHELF UNIT,0.1558,775,254,3679.5,74
23554,LANDMARK FRAME OXFORD STREET,0.1558,775,419,4730.65,54
72122,COFFEE SCENT PILLAR CANDLE,0.1558,775,531,504.45,97
72225C,LAVENDER SCENT CAKE CANDLE,0.1558,775,1829,440.17,36
82607A,GLASS BONBON JAR PARFUME AUX FLEURE,0.1558,775,550,662.23,95
84674,FLYING PIG WATERING CAN,0.1558,775,437,1073.15,96
85124C,GREEN JUICY FRUIT PHOTO FRAME,0.1558,775,391,964.65,99
20867,PINK ROSE FABRIC MIRROR,0.1557,776,844,791.72,77
21881,CUTE CATS TAPE,0.1557,776,1183,450.75,65
22390,PAPERWEIGHT CHILDHOOD MEMORIES,0.1557,776,795,1378.22,73
22860,EASTER TIN CHICKS PINK DAISY,0.1557,776,565,932.25,90
85006,SET 4 NURSERY DES ROUND BOXES,0.1557,776,1567,716.05,44
85129D,BEADED CRYSTAL HEART PINK SMALL,0.1557,776,654,849.1,86
85130D,BEADED CRYSTAL HEART PINK LARGE,0.1557,776,734,824.28,83
20801,LARGE PINK GLASS SUNDAE DISH,0.1556,777,870,821.86,75
20941,FROG CANDLE,0.1556,777,881,678.27,75
21410,COUNTRY COTTAGE  DOORSTOP GREEN,0.1556,777,258,1032.5,102
21654,RIDGED GLASS FINGER BOWL,0.1556,777,1129,696.21,63
23269,SET OF 2 CERAMIC CHRISTMAS TREES,0.1556,777,748,1065.4,77
35241,ENAMEL BLUE RIM BISCUIT BIN,0.1556,777,259,1221.85,100
21454,PAINTED PINK RABBIT ,0.1555,778,619,526.15,88
21518,BANK ACCOUNT  GREETING  CARD ,0.1555,778,1016,416.64,70
21637,ASSORTED SANSKRIT MINI NOTEBOOK,0.1555,778,1256,1515.28,46
21687,SILVER PLATE CANDLE BOWL LARGE,0.1555,778,445,1615.83,84
22928,YELLOW GIANT GARDEN THERMOMETER,0.1555,778,253,1547.47,95
23075,DOUBLE CERAMIC PARLOUR HOOK,0.1555,778,431,1769.45,83
23249,VINTAGE RED ENAMEL TRIM PLATE,0.1555,778,735,1186.99,75
23511,EMBROIDERED RIBBON REEL EMILY ,0.1555,778,519,1036.02,87
23555,LANDMARK FRAME NOTTING HILL ,0.1555,778,419,4730.65,49
35648,VINTAGE BEAD PINK PURSE ,0.1555,778,842,916.26,73
72801G,S/4 BURGUNDY WINE DINNER CANDLES,0.1555,778,1306,756.02,53
79302M,"ART LIGHTS,FUNK MONKEY",0.1555,778,588,1577.0,78
85036B,CHOCOLATE 1 WICK MORRIS BOX CANDLE,0.1555,778,582,1472.56,80
85159B,"WHITE TEA,COFFEE,SUGAR JARS",0.1555,778,599,1143.21,82
85189,HANGING BUTTERFLY  EGG,0.1555,778,1105,898.69,61
21262,WHITE GOOSE FEATHER CHRISTMAS TREE ,0.1554,779,447,1346.65,86
21424,WOODLAND STORAGE BOX LARGE ,0.1554,779,724,1587.64,70
21657,MILK BOTTLE WITH GLASS STOPPER ,0.1554,779,221,1499.95,95
21695,SMALL SILVER FLOWER CANDLE POT,0.1554,779,571,1674.85,76
22216,T-LIGHT HOLDER WHITE LACE,0.1554,779,1066,773.02,63
22346,PARTY PIZZA DISH GREEN+WHITE SPOT ,0.1554,779,1129,509.71,62
23347,I LOVE LONDON BEAKER,0.1554,779,793,957.25,74
40003,WHITE BAMBOO RIBS LAMPSHADE,0.1554,779,1111,1178.15,55
47422,ASSORTED MONKEY SUCTION CUP HOOK,0.1554,779,1027,395.34,69
82615,PINK MARSHMALLOW SCARF KNITTING KIT,0.1554,779,563,1515.25,78
84968D,S/16 VINTAGE RED CUTLERY,0.1554,779,340,3970.62,60
85116,BLACK CANDELABRA T-LIGHT HOLDER,0.1554,779,1143,1076.66,55
16053,POPART COL BALLPOINT PEN ASST,0.1553,780,2298,122.58,9
20803,SMALL PINK GLASS SUNDAE DISH,0.1553,780,1017,642.45,64
21274,EMBOSSED HEART 3 DRAWER SHELF,0.1553,780,158,2000.1,91
21882,SKULLS TAPE,0.1553,780,921,398.73,72
22032,BOTANICAL LILY GREETING CARD,0.1553,780,903,378.42,74
22103,MIRROR MOSAIC T-LIGHT HOLDER ROUND,0.1553,780,1115,1165.23,54
22323,PINK POLKADOT KIDS BAG,0.1553,780,558,1360.5,78
22932,BAKING MOULD TOFFEE CUP CHOCOLATE,0.1553,780,752,1688.1,66
23123,COCKTAIL SWORDS 50 PIECES,0.1553,780,893,700.27,70
23338,EGG FRYING PAN RED ,0.1553,780,399,807.84,92
35649,VINTAGE BEAD COSMETIC BAG ,0.1553,780,1776,1195.82,22
84795B,SUNSET CHECK HAMMOCK,0.1553,780,283,2135.85,83
85045,GREEN CHRISTMAS TREE STRING 20LIGHT,0.1553,780,445,2048.05,76
85187,S/12 MINI RABBIT EASTER,0.1553,780,451,724.95,91
21076,SET/20 COLLAGE PAPER NAPKIN ,0.1552,781,758,583.82,76
21440,12 MINI TOADSTOOL PEGS,0.1552,781,463,578.75,90
21825,PAINTED METAL TREE WITH HOLLY BELLS,0.1552,781,719,1023.35,73
23392,SPACEBOY ROCKET LOLLY MAKERS,0.1552,781,563,1115.36,80
23549,WRAP BIRD GARDEN ,0.1552,781,1300,546.0,51
23558,LANDMARK FRAME LONDON BRIDGE ,0.1552,781,410,4604.2,47
51020B,STRIPY DESIGN SHOWER CAP,0.1552,781,1082,487.54,62
84813,SET OF 4 DIAMOND NAPKIN RINGS,0.1552,781,378,2718.52,70
84968E,S/16 VINTAGE BLACK CUTLERY,0.1552,781,311,3631.86,63
85093,CANDY SPOT EGG WARMER HARE,0.1552,781,1041,688.99,61
85130A,BEADED PEARL HEART WHITE LARGE,0.1552,781,656,1080.0,76
85213,MINI  ZINC GARDEN DECORATIONS ,0.1552,781,1269,668.73,50
20622,VIPPASSPORT COVER ,0.1551,782,523,914.18,82
21010,ETCHED GLASS BIRD TREE DECORATION,0.1551,782,794,992.5,69
21222,SET/4 BADGES BEETLES,0.1551,782,530,672.18,85
21426,WOODLAND STORAGE BOX SMALL,0.1551,782,858,1177.2,63
23401,RUSTIC MIRROR WITH LACE HEART,0.1551,782,440,2136.76,73
23452,HEART MINI PORTRAIT FRAME,0.1551,782,509,988.95,82
37413,ICON MUG REVOLUTIONARY,0.1551,782,701,283.71,81
47310M,"SMALL POP BOX,FUNKY MONKEY",0.1551,782,573,673.33,82
51020A,SUMMER FUN DESIGN SHOWER CAP,0.1551,782,1300,461.48,50
72128,COLUMBIAN CANDLE ROUND,0.1551,782,686,397.46,81
72800D,S/4 BLUE DINNER CANDLE SILVER FLOCK,0.1551,782,617,951.75,77
79341,WILLOW BRANCH LIGHTS.,0.1551,782,255,1601.65,88
85226C,BLUE PULL BACK RACING CAR,0.1551,782,952,461.2,67
21016,LIGHT BIRD HOUSE TREE DECORATION,0.155,783,800,537.24,71
21396,RED SPOTTY EGG CUP ,0.155,783,904,1075.28,60
21520,BOOZE & WOMEN GREETING CARD ,0.155,783,888,367.2,69
21545,CERAMIC BIRDHOUSE BUTTERFLY SMALL,0.155,783,676,1521.15,67
21580,RABBIT  DESIGN  COTTON TOTE BAG,0.155,783,355,780.75,90
21814,HEART T-LIGHT HOLDER ,0.155,783,639,924.15,75
22389,PAPERWEIGHT SAVE THE PLANET,0.155,783,524,950.16,81
22827,GIANT SEVENTEEN DRAWER SIDEBOARD,0.155,783,42,6570.0,39
47594B,SCOTTIES DESIGN WASHBAG,0.155,783,290,565.5,96
84843,WHITE SOAP RACK WITH 2 BOTTLES,0.155,783,245,1364.15,89
85098B,BLUE FLYING SINGING CANARY,0.155,783,279,1018.25,91
85170A,SET/6 IVORY BIRD T-LIGHT CANDLES,0.155,783,767,1326.8,65
85170D,SET/6 PINK BIRD T-LIGHT CANDLES,0.155,783,567,759.99,81
15058C,ICE CREAM DESIGN GARDEN PARASOL,0.1549,784,409,1939.55,73
16169C,WRAP BLUE REINDEER,0.1549,784,1350,567.0,43
21220,SET/4 BADGES DOGS,0.1549,784,516,658.31,83
21311,SET/4 BIRD MIRROR MAGNETS ,0.1549,784,655,468.28,78
21400,RED PUDDING SPOON,0.1549,784,1015,184.5,64
22290,STANDING METAL RABBIT WITH EGG,0.1549,784,656,1166.1,70
22408,MONEY BOX CONFECTIONERY DESIGN,0.1549,784,589,701.94,79
22446,PIN CUSHION RUSSIAN DOLL PINK,0.1549,784,327,989.09,88
22934,BAKING MOULD EASTER EGG WHITE CHOC,0.1549,784,557,1518.35,70
23412,HEART MIRROR ANTIQUE WHITE,0.1549,784,349,2254.14,73
23559,WOODLAND BUNNIES LOLLY MAKERS,0.1549,784,563,1129.28,75
72800F,4 IVORY DINNER CANDLES GOLD FLOCK,0.1549,784,816,1029.72,64
85008,SET OF 3 CONEY ISLAND OVAL BOXES,0.1549,784,257,951.9,92
85106,CUT GLASS HEXAGON T-LIGHT HOLDER,0.1549,784,1022,1849.0,45
20856,DENIM PATCH PURSE PINK BUTTERFLY,0.1548,785,321,529.65,92
21323,HANGING MEDINA LANTERN LARGE,0.1548,785,701,2188.5,55
21775,DECORATIVE FLORE BATHROOM BOTTLE,0.1548,785,507,593.91,82
21796,SET OF 3 RED STRIPE BASKETS,0.1548,785,323,2769.44,66
21895,POTTING SHED SOW 'N' GROW SET,0.1548,785,525,1523.25,71
22826,LOVE SEAT ANTIQUE WHITE METAL,0.1548,785,54,5692.5,45
23379,PACK OF 12 RED APPLE TISSUES,0.1548,785,1175,428.01,51
82616C,MIDNIGHT GLAMOUR SCARF KNITTING KIT,0.1548,785,536,787.47,79
20878,SET/9 CHRISTMAS T-LIGHTS SCENTED ,0.1547,786,689,833.89,69
21681,GIANT MEDINA STAMPED METAL BOWL ,0.1547,786,225,2134.35,77
22184,CAKE STAND VICTORIAN FILIGREE LARGE,0.1547,786,250,1474.4,83
23066,SMALL DECO JEWELLERY STAND,0.1547,786,244,1955.4,77
23222,CHRISTMAS TREE HANGING GOLD,0.1547,786,764,680.68,67
23223,CHRISTMAS TREE HANGING SILVER ,0.1547,786,745,670.11,68
23358,HOT STUFF HOT WATER BOTTLE,0.1547,786,525,1678.65,68
35001G,HAND OPEN SHAPE GOLD,0.1547,786,589,1694.13,64
35951,FOLKART BAUBLE CHRISTMAS DECORATION,0.1547,786,1339,671.51,40
35964,FOLKART CLIP ON STARS,0.1547,786,1005,487.53,58
82616B,FRAPPUCINO SCARF KNITTING KIT,0.1547,786,524,783.68,78
20655,QUEEN OF SKIES LUGGAGE TAG,0.1546,787,264,321.02,94
21283,NATURAL BARK CANDLE SMALL,0.1546,787,479,1457.75,70
21427,SKULLS STORAGE BOX SMALL,0.1546,787,425,660.9,82
21662,VINTAGE GLASS COFFEE CADDY,0.1546,787,234,1356.3,83
22324,BLUE POLKADOT KIDS BAG,0.1546,787,535,1299.21,69
22832,SWEETHEART WIRE WALL TIDY,0.1546,787,170,1800.3,82
23491,VINTAGE JINGLE BELLS HEART,0.1546,787,225,1856.25,78
23509,MINI PLAYING CARDS FUN FAIR ,0.1546,787,1040,433.2,55
37461,FUNKY MONKEY MUG,0.1546,787,709,696.65,68
79190A,RETRO PLASTIC 70'S TRAY,0.1546,787,678,284.76,75
82613A,"METAL SIGN,CUPCAKE SINGLE HOOK",0.1546,787,446,557.5,83
84467,ENGLISH ROSE DESIGN QUILTED THROW,0.1546,787,304,4311.2,46
84625A,PINK NEW BAROQUECANDLESTICK CANDLE,0.1546,787,734,833.9,66
85018D,YULETIDE IMAGES S/6 PAPER BOXES,0.1546,787,741,863.25,65
85124B,BLUE JUICY FRUIT PHOTO FRAME,0.1546,787,325,812.55,85
85130B,BEADED CRYSTAL HEART GREEN LARGE,0.1546,787,875,805.05,59
85180A,RED HEARTS LIGHT CHAIN ,0.1546,787,538,1307.78,70
17165B,ASS COL LARGE SAND GECKO P'WEIGHT,0.1545,788,805,746.43,62
20659,ECONOMY LUGGAGE TAG,0.1545,788,287,380.81,91
20735,BLACK MINI TAPE MEASURE ,0.1545,788,824,588.0,63
20854,BLUE PATCH PURSE PINK HEART,0.1545,788,348,556.4,86
21414,SCALLOP SHELL SOAP DISH,0.1545,788,1613,777.3,22
23009,I LOVE LONDON BABY GIFT SET,0.1545,788,209,3262.55,61
23020,GLASS  SONGBIRD STORAGE JAR,0.1545,788,170,2018.35,78
23086,ZINC  STAR T-LIGHT HOLDER ,0.1545,788,1175,1347.79,37
23335,EGG FRYING PAN IVORY ,0.1545,788,346,697.6,84
72800C,S/4 PINK DINNER CANDLE SILVER FLOCK,0.1545,788,646,854.38,68
72819,CUPID DESIGN SCENTED CANDLES,0.1545,788,660,1015.1,66
84218,BOX/12 CHICK & EGG IN BASKET,0.1545,788,253,477.75,92
85055,FRENCH ENAMEL UTENSIL HOLDER,0.1545,788,316,1130.6,80
17107D,"FLOWER FAIRY,5 SUMMER B'DRAW LINERS",0.1544,789,306,780.3,84
20615,BLUE SPOTTY PASSPORT COVER,0.1544,789,458,585.04,79
21146,ANTIQUE GLASS RIDGED HANGING BALL,0.1544,789,773,1449.75,53
21562,HAWAIIAN GRASS SKIRT ,0.1544,789,664,926.71,64
21661,VINTAGE GLASS TEA CADDY,0.1544,789,213,1243.85,83
23315,IVORY REFECTORY CLOCK,0.1544,789,190,1796.9,77
23470,CARD HOLDER LOVE BIRD LARGE ,0.1544,789,208,1252.7,83
35965,FOLKART HEART NAPKIN RINGS,0.1544,789,351,694.41,83
84596J,MIXED NUTS LIGHT GREEN BOWL,0.1544,789,670,456.53,69
84678,CLASSICAL ROSE SMALL VASE,0.1544,789,531,966.65,70
17109D,FLOWER FAIRY INCENSE BOUQUET,0.1543,790,1252,583.18,38
20617,FIRST CLASS PASSPORT COVER ,0.1543,790,452,863.88,74
20654,FIRST CLASS LUGGAGE TAG ,0.1543,790,339,414.63,85
21202,DOLLY HONEYCOMB GARLAND,0.1543,790,763,901.35,59
21815, STAR  T-LIGHT HOLDER ,0.1543,790,611,883.55,66
22038,BOTANICAL LAVENDER GIFT WRAP ,0.1543,790,1150,481.0,45
22510,DOORSTOP RUSSIAN DOLL GINGHAM,0.1543,790,308,766.36,82
22643,SET OF 4 NAPKIN CHARMS LEAVES   ,0.1543,790,405,882.99,76
84466,TOP SECRET PEN SET,0.1543,790,813,839.85,57
84625C,BLUE NEW BAROQUE CANDLESTICK CANDLE,0.1543,790,673,767.35,65
84926E,FLOWERS TILE COASTER,0.1543,790,1077,461.63,48
85017A,ENVELOPE 50 ROMANTIC IMAGES,0.1543,790,924,599.64,54
85025B,EAU DE NILE HEART SHAPE PHOTO FRAME,0.1543,790,521,830.85,71
85218,S/5 MINI ICE CREAM FRIDGE MAGNETS,0.1543,790,1989,620.85,3
21359,RELAX LARGE WOOD LETTERS,0.1542,791,198,1874.1,73
21690,SILVER  CANDLEPOT JARDIN ,0.1542,791,248,929.2,81
21694,SMALL REGAL  SILVER CANDLEPOT ,0.1542,791,540,1516.2,61
22541,MINI JIGSAW LEAP FROG,0.1542,791,1192,471.56,41
22981,PANTRY APPLE CORER,0.1542,791,429,593.25,77
23088,ZINC HEART FLOWER T-LIGHT HOLDER,0.1542,791,760,947.18,57
23094,LE GRAND TRAY CHIC SET,0.1542,791,145,1812.5,76
23391, I LOVE LONDON MINI BACKPACK,0.1542,791,360,1454.0,70
79072,TEATIME CAKE TIN WITH HANDLE,0.1542,791,215,2019.25,71
79190D,RETRO PLASTIC DAISY TRAY,0.1542,791,570,239.4,74
82605,OLD DOC.RUSSEL METAL SIGN,0.1542,791,218,457.8,88
84673B,BLUE FLY SWAT,0.1542,791,419,298.81,81
84847,FLORAL BATHROOM SET,0.1542,791,1199,674.73,38
84993B,75 BLACK PETIT FOUR CASES,0.1542,791,521,218.82,77
85162C,WHITE RETRODISC LAMPSHADE,0.1542,791,898,1775.1,41
17012C,ORIGAMI LAVENDER INCENSE/CANDL SET ,0.1541,792,777,747.25,56
20840,FRENCH FLORAL CUSHION COVER ,0.1541,792,594,804.98,64
21476,STEEL SWEETHEART ROUND TABLE CREAM,0.1541,792,125,1834.1,76
21836,GINGHAM OVEN GLOVE RED HEART ,0.1541,792,221,828.75,82
21839,MUMMY MOUSE RED GINGHAM RIBBON,0.1541,792,196,1047.2,82
22935,BAKING MOULD ROSE MILK CHOCOLATE,0.1541,792,601,1766.25,53
23033,DRAWER KNOB CERAMIC RED,0.1541,792,679,943.75,59
23224,CHERUB HEART DECORATION GOLD,0.1541,792,705,608.83,61
35962,12 ASS ZINC CHRISTMAS DECORATIONS,0.1541,792,519,1089.9,65
44234,ASSORTED CIRCULAR MOBILE,0.1541,792,1154,221.46,45
47594A,CAROUSEL DESIGN WASHBAG,0.1541,792,257,501.15,85
48195,DOOR MAT GREEN PAISLEY ,0.1541,792,249,1382.11,75
82613C,"METAL SIGN,CUPCAKE SINGLE HOOK",0.1541,792,504,430.8,73
20893,HANGING BAUBLE T-LIGHT HOLDER SMALL,0.154,793,427,975.9,70
20950,SET/6  ANGEL T-LIGHTS WHITE/GOLD,0.154,793,652,282.97,66
22102,MIRROR MOSAIC T-LIGHT HOLDER ,0.154,793,1017,742.05,43
22786,PILLOWCUSHION COVER PINK UNION JACK,0.154,793,214,1207.34,77
23067,HANGING ENGRAVED METAL HEART,0.154,793,274,1137.1,75
23087,ZINC  HEART T-LIGHT HOLDER,0.154,793,815,978.43,50
23153,ZINC SWEETHEART WIRE LETTER RACK,0.154,793,244,908.63,79
23513,EMBROIDERED RIBBON REEL SUSIE ,0.154,793,550,1060.48,63
35004G,SET OF 3 GOLD FLYING DUCKS,0.154,793,339,1255.62,70
35598B,BLACK CHRISTMAS TREE 60CM,0.154,793,919,792.85,48
35967,FOLK ART METAL STAR T-LIGHT HOLDER,0.154,793,785,309.7,60
47570,ENGLISH ROSE TABLE CLOTH,0.154,793,207,2096.55,67
72131,COLUMBIAN CANDLE RECTANGLE,0.154,793,730,657.18,58
85014C,BLUE/BROWN DOTS RUFFLED UMBRELLA,0.154,793,347,1591.85,66
85084,HOLLY TOP CHRISTMAS STOCKING,0.154,793,605,554.57,65
85130C,BEADED CRYSTAL HEART BLUE  LARGE,0.154,793,650,707.86,62
85167B,BLACK GRAND BAROQUE PHOTO FRAME,0.154,793,684,1358.4,53
21040,MODERN VINTAGE COTTON SHOPPING BAG,0.1539,794,855,1011.45,47
21458,2 PICTURE BOOK EGGS EASTER BUNNY,0.1539,794,718,732.5,57
22101,MIRROR MOSAIC VOTIVE HOLDER,0.1539,794,763,886.26,52
22182,CAKE STAND VICTORIAN FILIGREE SMALL,0.1539,794,355,1209.25,68
23515,EMBROIDERED RIBBON REEL DAISY ,0.1539,794,558,1075.38,60
23548,WRAP MAGIC FOREST ,0.1539,794,1075,451.5,43
23691,KEEP CALM BIRTHDAY WRAP,0.1539,794,1175,481.5,38
37482P,CUBIC MUG PINK POLKA DOT,0.1539,794,636,621.72,62
84791,GINGHAM HEART DECORATION,0.1539,794,290,845.9,76
84849A,HELLO SAILOR BLUE SOAP HOLDER,0.1539,794,407,661.91,72
84989B,75 BLACK FAIRY CAKE CASES,0.1539,794,985,479.35,46
85144,JARDIN ETCHED GLASS BUTTER DISH,0.1539,794,285,1032.35,74
21065,BOOM BOX SPEAKER GIRLS,0.1538,795,510,975.9,62
21317,GLASS SPHERE CANDLE STAND MEDIUM,0.1538,795,326,1165.4,69
22104,MIRROR MOSAIC CANDLE PLATE,0.1538,795,1026,694.26,41
22183,CAKE STAND VICTORIAN FILIGREE MED,0.1538,795,273,1381.85,69
23181,BULL DOG BOTTLE TOP WALL CLOCK,0.1538,795,181,1451.25,73
23398,HANGING HEART BONHEUR,0.1538,795,586,494.98,64
23418,LAVENDER TOILETTE BOTTLE,0.1538,795,533,1066.88,60
23444,Next Day Carriage,0.1538,795,78,1185.0,80
37444A,YELLOW BREAKFAST CUP AND SAUCER,0.1538,795,1375,260.17,28
84016,FLAG OF ST GEORGE CAR FLAG,0.1538,795,924,367.08,49
84249D,FAIRY CAKE GREETINGS CARD,0.1538,795,785,325.38,57
84520D,PACK OF 20 FAIRY CAKE PAPER NAPKINS,0.1538,795,607,495.79,63
84659A,WHITE TRAVEL ALARM CLOCK,0.1538,795,308,758.01,75
84673A,PINK FLY SWAT,0.1538,795,456,273.36,73
84795D,SEASIDE STRIPE HAMMOCK,0.1538,795,178,1380.1,74
85124A,PINK JUICY FRUIT PHOTO FRAME,0.1538,795,331,823.35,73
85136C,RED SHARK HELICOPTER,0.1538,795,111,882.45,82
85141,JARDIN ETCHED GLASS FRUITBOWL,0.1538,795,169,1205.35,76
21189,WHITE HONEYCOMB PAPER GARLAND ,0.1537,796,543,866.75,61
21195,PINK  HONEYCOMB PAPER BALL ,0.1537,796,622,1018.68,55
21307,SET/4 BUTTERFLY MIRROR MAGNETS,0.1537,796,725,570.2,55
21425,SKULLS STORAGE BOX LARGE,0.1537,796,419,836.69,66
21455,PAINTED YELLOW WOODEN DAISY,0.1537,796,485,412.25,69
21456,2 PICTURE BOOK EGGS EASTER CHICKS,0.1537,796,717,731.25,53
21837,CROSS STITCH ALPHABET CUSHION COVER,0.1537,796,214,1273.3,71
35968,FOLK ART METAL HEART T-LIGHT HOLDER,0.1537,796,676,254.54,61
79051A,SMOKEY GREY COLOUR D.O.F. GLASS,0.1537,796,891,331.83,50
79323B,BLACK CHERRY LIGHTS,0.1537,796,-9,-81.75,98
84660C,PINK STITCHED WALL CLOCK,0.1537,796,689,778.07,55
84750B,BLACK SMALL GLASS CAKE STAND,0.1537,796,559,948.45,59
10120,DOGGY RUBBER,0.1536,797,618,129.78,63
16161M,WRAP  PINK FLOCK,0.1536,797,1025,428.5,40
17129F,DEEP BLUE GLASS GEMS IN BAG,0.1536,797,938,624.8,43
20704,MR ROBOT SOFT TOY,0.1536,797,341,1173.15,65
21194,PINK  HONEYCOMB PAPER FAN,0.1536,797,491,492.14,65
21691,SILVER VANILLA FLOWER CANDLE POT,0.1536,797,240,898.56,73
22289,"DECORATION , HANGING METAL CHICKEN",0.1536,797,723,738.75,51
22703,PINK CAT BOWL,0.1536,797,310,547.92,74
22765,NEWSPAPER STAND,0.1536,797,299,3195.35,43
23253,16 PIECE CUTLERY SET PANTRY DESIGN,0.1536,797,212,3050.2,49
23317,BLUE REFECTORY CLOCK ,0.1536,797,161,1547.95,70
23469,CARD HOLDER LOVE BIRD SMALL,0.1536,797,316,1239.16,65
23514,EMBROIDERED RIBBON REEL SALLY ,0.1536,797,452,896.66,63
23566,EGG CUP MILKMAID HEIDI,0.1536,797,780,914.52,47
35981C,WHITE SNOW SCANDINAVIAN STOCKING ,0.1536,797,563,266.14,65
37479B,CUBIC MUG FLOCK BLUE ON BROWN,0.1536,797,1240,1011.48,24
84469,ROSE DES PADDED FLOOR CUSHION,0.1536,797,653,2090.68,39
84569A,PACK 3 IRON ON DOG PATCHES,0.1536,797,449,562.46,67
84578,ELEPHANT TOY WITH BLUE T-SHIRT,0.1536,797,160,595.68,80
84660A,WHITE STITCHED WALL CLOCK,0.1536,797,849,809.86,44
84968F,S/16 VINTAGE SKY BLUE CUTLERY,0.1536,797,155,1933.05,65
84986B,SET OF 36 SILVER PAPER DOILIES,0.1536,797,415,601.75,68
85017C,ENVELOPE 50 CURIOUS IMAGES,0.1536,797,643,469.15,59
16054,POPART RECT PENCIL SHARPENER ASST,0.1535,798,1097,143.94,38
20857,BLUE ROSE PATCH PURSE PINK BUTTERFL,0.1535,798,232,382.8,78
20976,12 PENCILS SMALL TUBE POSY,0.1535,798,518,336.7,64
21306,SET/4 DAISY MIRROR MAGNETS,0.1535,798,650,295.58,59
21373,MIRRORED WALL ART SNOWFLAKES,0.1535,798,617,519.15,58
21478,SILVER SKULL HOT WATER BOTTLE ,0.1535,798,179,662.61,77
23419,HOME SWEET HOME BOTTLE ,0.1535,798,436,892.96,62
71101E,STANDING FAIRY POLE SUPPORT ,0.1535,798,774,623.58,49
84051,ASS COLOUR GLOWING TIARAS,0.1535,798,697,542.05,53
84247E,PACK/12 XMAS FUN CARD,0.1535,798,208,613.6,76
84748,FOLK FELT HANGING MULTICOL GARLAND,0.1535,798,980,1231.8,32
85129A,"WHITE PEARL BEADED HEART, SMALL",0.1535,798,416,520.0,68
20619,TROPICAL PASSPORT COVER ,0.1534,799,373,566.33,68
20714,POSY SHOPPER BAG,0.1534,799,1513,586.25,12
21145,ANTIQUE GLASS PLACE SETTING,0.1534,799,826,977.78,41
22512,DOORSTOP RACING CAR DESIGN,0.1534,799,375,888.23,63
22640,SET OF 4 NAPKIN CHARMS 3 KEYS ,0.1534,799,298,629.82,70
22808,SET OF 6 T-LIGHTS EASTER CHICKS,0.1534,799,376,1045.8,62
23026,DRAWER KNOB VINTAGE GLASS STAR,0.1534,799,489,987.85,57
23525,BUFFALO BILL WALL ART ,0.1534,799,561,1755.39,45
47469,ASSORTED SHAPES PHOTO CLIP SILVER ,0.1534,799,1094,512.38,33
47589,CONGRATULATIONS BUNTING,0.1534,799,137,746.65,77
72130,COLUMBIAN CANDLE ROUND,0.1534,799,741,291.57,52
84199,GLOW IN DARK DOLPHINS,0.1534,799,499,102.27,66
84507C,BLUE CIRCLES DESIGN MONKEY DOLL,0.1534,799,415,573.75,66
84815,SET OF 3 DANISH ROSE PLANTERS,0.1534,799,906,1022.5,36
85135B,BLUE DRAGONFLY HELICOPTER,0.1534,799,96,763.2,79
85188B,PINK METAL SWINGING BUNNY,0.1534,799,669,568.65,53
17164D,ASS COL SMALL SAND FROG P'WEIGHT,0.1533,800,1144,444.48,30
20769,DAISY JOURNAL ,0.1533,800,403,708.47,62
20839,FRENCH PAISLEY CUSHION COVER ,0.1533,800,507,574.09,60
21160,KEEP OUT GIRLS DOOR HANGER ,0.1533,800,689,454.97,52
21282,NATURAL BARK CANDLE LARGE,0.1533,800,325,1318.25,60
21365,MIRRORED WALL ART STARS,0.1533,800,444,561.6,62
21374,MIRRORED WALL ART SKULLS,0.1533,800,454,700.0,61
21550,CERAMIC BIRDHOUSE CRESTED TIT LARGE,0.1533,800,284,1431.8,60
21849,SILVER DIAMANTE PEN IN GIFT BOX,0.1533,800,364,900.34,62
22407,MONEY BOX FIRST ADE DESIGN,0.1533,800,391,457.92,66
23524,HORSE & PONY WALL ART,0.1533,800,459,1419.48,52
23557,LANDMARK FRAME BAKER STREET ,0.1533,800,347,3867.85,29
79030D,"TUMBLER, BAROQUE",0.1533,800,880,538.5,42
79323G,GOLD  CHERRY LIGHTS,0.1533,800,126,786.3,75
10134,COLOURING PENCILS BROWN TUBE,0.1532,801,602,689.8,51
20868,SILVER FABRIC MIRROR,0.1532,801,789,437.66,46
21221,SET/4 BADGES CUTE CREATURES,0.1532,801,454,578.39,61
21378,SMALL TALL CAMPHOR WOOD TOADSTOOL,0.1532,801,522,601.5,57
22770,MIRROR CORNICE,0.1532,801,93,1372.75,69
47574A,ENGLISH ROSE SCENTED HANGING FLOWER,0.1532,801,438,440.5,62
84510F,SET OF 4 NEW ENGLAND COASTERS ,0.1532,801,1090,412.5,32
84569B,PACK 3 FIRE ENGINE/CAR PATCHES,0.1532,801,406,507.5,64
84625D,WHITE NEWBAROQUE CANDLESTICK CANDLE,0.1532,801,608,676.4,51
84660B,BLACK STITCHED WALL CLOCK,0.1532,801,727,804.65,44
85215,ASSORTED CHEESE FRIDGE MAGNETS,0.1532,801,755,484.99,47
16156L,"WRAP, CAROUSEL",0.1531,802,950,399.0,36
17001,HEAVENS SCENT FRAGRANCE OILS ASSTD,0.1531,802,1205,297.61,25
20618,QUEEN OF THE SKIES PASSPORT COVER ,0.1531,802,193,400.38,74
21000,ROSE DU SUD COSMETICS BAG,0.1531,802,616,1493.0,40
21130,COLOURFUL STANDING GNOME,0.1531,802,705,1112.25,40
21247,SET OF RED SALAD SERVERS ,0.1531,802,400,596.0,61
21417,COCKLE SHELL DISH,0.1531,802,399,650.38,60
21457,2 PICTURE BOOK EGGS EASTER DUCKS,0.1531,802,663,663.75,48
21477,STRING OF 20 ROSE LIGHTS,0.1531,802,239,2705.25,45
21549,CERAMIC BIRDHOUSE RED ROOF SMALL,0.1531,802,532,1202.2,48
21689,SILVER VANILLA  FLOWER CANDLE POT,0.1531,802,337,1226.31,57
21711,FOLDING UMBRELLA  WHITE/RED  SPOT,0.1531,802,359,1411.45,54
22214,CANDLE PLATE LACE WHITE,0.1531,802,462,1069.3,52
22903,CALENDAR FAMILY FAVORITES,0.1531,802,384,1044.88,56
23107,WHITE WIRE PLANT POT HOLDER,0.1531,802,340,919.8,61
35646,VINTAGE BEAD PINK EVENING BAG,0.1531,802,533,753.88,53
37441,ASSORTED WHITE EMBOSSED CHINA MUGS,0.1531,802,673,1305.3,40
75013B,"STRING OF 8 BUTTERFLIES,PINK",0.1531,802,359,568.35,63
84596K,JELLY BABIES YELLOW SMALL BOWL,0.1531,802,357,418.89,65
84854,GIRLY PINK TOOL SET,0.1531,802,279,1297.75,59
16169F,WRAP BLIZZARD,0.153,803,975,409.5,34
20798,CLEAR MILKSHAKE GLASS,0.153,803,369,729.45,59
20932,PINK POT PLANT CANDLE,0.153,803,288,876.3,62
21665,TRIANGULAR RIDGED GLASS POSY HOLDER,0.153,803,766,475.1,43
22143,CHRISTMAS CRAFT HEART DECORATIONS,0.153,803,408,808.8,56
23073,GEORGIAN TRINKET BOX,0.153,803,140,1669.0,60
35637A,IVORY STRING CURTAIN WITH POLE ,0.153,803,540,1245.0,46
72728,ROSE SCENT CANDLES IN GLASS,0.153,803,614,498.5,51
72801C,S/4 ROSE PINK DINNER CANDLES,0.153,803,681,479.01,48
72815,3 WICK CHRISTMAS BRIAR CANDLE ,0.153,803,252,945.0,63
79323S, SILVER CHERRY LIGHTS,0.153,803,166,963.2,67
84750A,PINK SMALL GLASS CAKE STAND,0.153,803,407,738.75,57
84827,ASS DES PHONE SPONGE CRAFT STICKER,0.153,803,1025,488.49,30
90058B,CRYSTAL STUD EARRINGS ASSORTED COL ,0.153,803,1045,495.02,29
17012B,ORIGAMI JASMINE INCENSE/CANDLE SET,0.1529,804,617,590.85,48
21255,"FRENCH BOTTLE , LAVENDER",0.1529,804,409,655.65,57
21264,WHITE GOOSE FEATHER TREE 60CM ,0.1529,804,344,766.8,59
22263,FELT EGG COSY LADYBIRD ,0.1529,804,673,452.0,46
22638,SET OF 4 NAPKIN CHARMS CROWNS ,0.1529,804,356,637.57,60
23414,ZINC BOX SIGN HOME,0.1529,804,135,1308.21,63
23435,3 RAFFIA RIBBONS VINTAGE CHRISTMAS,0.1529,804,676,606.28,44
47587A,PINK FAIRY CAKE COASTER,0.1529,804,1476,185.64,10
72127,COLUMBIAN CANDLE ROUND ,0.1529,804,357,428.39,62
84562A,PINK/WHITE RIBBED MELAMINE JUG,0.1529,804,142,1065.3,65
85159A,"BLACK TEA,COFFEE,SUGAR JARS",0.1529,804,413,709.75,56
85208,SET/12 FUNKY FELT FLOWER PEG IN BAG,0.1529,804,353,701.94,59
ADJUST,Adjustment by john on 26/01/2010 16,0.1529,804,3,2038.12,61
20894,HANGING BAUBLE T-LIGHT HOLDER LARGE,0.1528,805,221,633.55,64
21173,LOO ROLL  METAL SIGN ,0.1528,805,309,507.45,62
21250,SET OF SKULL WALL STICKERS,0.1528,805,394,950.5,53
21275,ZINC TOP  2 DOOR WOODEN SHELF ,0.1528,805,231,1339.45,56
21379, CAMPHOR WOOD PORTOBELLO MUSHROOM,0.1528,805,541,455.27,52
21627,ELEPHANT CARNIVAL POUFFE,0.1528,805,124,1759.2,56
21659,GLASS CAKE STAND,0.1528,805,106,1531.9,60
21728,METAL MEDINA LANTERN ,0.1528,805,292,2645.1,38
22769,CHALKBOARD KITCHEN ORGANISER,0.1528,805,147,2798.65,43
23178,JAM CLOCK MAGNET,0.1528,805,304,824.02,58
23405,HOME SWEET HOME 2 DRAWER CABINET,0.1528,805,234,1123.1,59
23408,PHOTO FRAME LINEN AND LACE SMALL,0.1528,805,296,615.68,62
23512,EMBROIDERED RIBBON REEL ROSIE,0.1528,805,484,921.46,49
23529,DOLLY GIRL WALL ART,0.1528,805,629,1952.31,30
37492B,BLUE YELLOW FLOWER PIGGY BANK,0.1528,805,470,889.5,49
79191B,RETRO PLASTIC POLKA TRAY,0.1528,805,419,324.47,58
79337,BLUE FLOCK GLASS CANDLEHOLDER,0.1528,805,1185,489.67,20
84313C,ORANGE TV TRAY TABLE ,0.1528,805,497,1061.15,47
84685,BEACH HUT KEY CABINET,0.1528,805,356,777.5,57
84795A,PASTEL STRIPE HAMMOCK ,0.1528,805,194,1458.3,57
84976,RECTANGULAR SHAPED MIRROR,0.1528,805,638,645.84,44
85103, SILVER T-LIGHT SETTING,0.1528,805,202,1263.5,59
85135C,RED DRAGONFLY HELICOPTER,0.1528,805,101,802.95,68
85162B,BLACK RETRODISC LAMPSHADE,0.1528,805,977,1905.15,13
16161G,WRAP BAD HAIR DAY,0.1527,806,975,97.5,33
20933,YELLOW POT PLANT CANDLE,0.1527,806,493,1245.15,43
21026,SPACE OWL,0.1527,806,396,493.62,56
22856,ASSORTED EASTER DECORATIONS  BELLS,0.1527,806,851,954.31,29
23003,TRAVEL CARD WALLET VINTAGE ROSE ,0.1527,806,541,225.78,53
23402,HOME SWEEET HOME 3 PEG HANGER ,0.1527,806,280,1027.92,55
23473,WOODLAND SMALL RED FELT HEART,0.1527,806,665,530.83,43
23527,ANIMALS AND NATURE WALL ART,0.1527,806,408,1368.72,45
23695,DOILY THANK YOU CARD,0.1527,806,703,286.62,44
47021G,SET/6 BEAD COASTERS GAUZE BAG GOLD,0.1527,806,631,371.65,46
71279,PINK GLASS CANDLEHOLDER,0.1527,806,239,695.45,61
84510C,SET OF 4 POLKADOTS COASTERS,0.1527,806,224,278.62,67
84687,BEACH HUT SHELF W 3 DRAWERS,0.1527,806,285,923.75,57
84688,BEACH HUT DESIGN BLACKBOARD,0.1527,806,335,869.95,55
85019A,ROMANTIC IMAGES NOTEBOOK SET,0.1527,806,615,846.75,42
85019B,BLOSSOM  IMAGES NOTEBOOK SET,0.1527,806,680,910.0,37
85104,SILVER GLASS T-LIGHT SET,0.1527,806,319,865.33,56
85136A,YELLOW SHARK HELICOPTER,0.1527,806,88,699.6,69
20780,BLACK EAR MUFF HEADPHONES,0.1526,807,173,852.11,62
20936,FORKED CACTUS CANDLE,0.1526,807,300,678.58,58
21276,TWO EMBOSSED HEART MINI DRAWERS,0.1526,807,660,1468.0,31
21316,SMALL CHUNKY GLASS ROMAN  BOWL,0.1526,807,668,1005.24,35
21319,GLASS CHALICE GREEN  SMALL ,0.1526,807,435,583.31,52
21419,CONCH SHELL,0.1526,807,1252,535.8,13
21490,SET OF THREE 50'S GIFT WRAPS ,0.1526,807,570,993.0,41
21536,DAIRY MAID  SMALL  MILK JUG,0.1526,807,208,436.8,64
22054,MINI CAKE STAND HANGING HEARTS,0.1526,807,307,496.95,59
22166,"WALL MIRROR , RECT DIAMANTE, PINK/",0.1526,807,295,1559.01,47
37482B,CUBIC MUG BLUE POLKA DOT,0.1526,807,1249,1093.95,7
47503J,SET/3 FLORAL GARDEN TOOLS IN BAG,0.1526,807,261,1842.95,45
84535A,ENGLISH ROSE NOTEBOOK A6 SIZE,0.1526,807,575,300.15,49
84926D,LA PALMIERA TILE COASTER,0.1526,807,762,337.89,39
84971L,LARGE HEART FLOWERS HOOK   ,0.1526,807,543,649.11,46
17013D,ORIGAMI ROSE INCENSE IN TUBE,0.1525,808,1047,513.89,22
20763,DAISY SKETCHBOOK ,0.1525,808,241,591.86,60
20831,GOLD PHOTO FRAME,0.1525,808,388,582.24,53
21415,CLAM SHELL SMALL ,0.1525,808,320,613.69,56
21664,RIDGED GLASS STORAGE JAR CREAM LID,0.1525,808,220,799.08,58
21842,PINK HEART CANDY BUTTON CALCULATOR,0.1525,808,541,1257.15,38
23219,LAUREL STAR ANTIQUE SILVER ,0.1525,808,404,504.6,52
23336,EGG FRYING PAN PINK ,0.1525,808,199,415.97,64
23564,EGG CUP MILKMAID INGRID,0.1525,808,587,703.51,42
35471A,SET OF 3 BIRD L.BLUE FEATHER,0.1525,808,335,317.95,58
47563A,RETRO LONGBOARD IRONING BOARD COVER,0.1525,808,220,342.5,63
84508B,STRIPES DESIGN TEDDY,0.1525,808,153,390.15,66
84658,WHITE STITCHED CUSHION COVER,0.1525,808,198,1060.78,57
84800L,LARGE WHITE/PINK ROSE ART FLOWER,0.1525,808,623,923.87,38
84856L,LARGE TAHITI BEACH BAG,0.1525,808,211,1177.45,55
17012D,ORIGAMI ROSE INCENSE/CANDLE SET ,0.1524,809,426,426.7,51
17012F,ORIGAMI SANDLEWOOD INCENSE/CAND SET,0.1524,809,493,451.45,47
20989,URBAN CHIC CHOPSTICKS SET/5,0.1524,809,397,744.15,48
20998,ROSE DU SUD OVEN GLOVE,0.1524,809,217,637.35,58
21555,CERAMIC STRAWBERRY TRINKET TRAY,0.1524,809,315,781.65,52
22137,BATHROOM SET LOVE HEART DESIGN,0.1524,809,580,1399.0,33
22824,3 TIER SWEETHEART GARDEN SHELF,0.1524,809,60,2118.0,49
23183,MOTHER'S KITCHEN SPOON REST ,0.1524,809,171,664.46,61
23517,EMBROIDERED RIBBON REEL REBECCA ,0.1524,809,312,860.88,51
23598,PAPER BUNTING VINTAGE PARTY,0.1524,809,420,1175.0,42
35647,VINTAGE BEAD PINK SHADE ,0.1524,809,525,652.5,44
35972,DAISY FOLKART HEART DECORATION,0.1524,809,389,486.25,52
47518F,ICON PLACEMAT POP ART ELVIS,0.1524,809,900,144.3,31
72023F,RED ORGANIC CANDLE IN GLASS,0.1524,809,613,627.05,40
72801D,S/4 SKY BLUE DINNER CANDLES,0.1524,809,520,366.56,47
84926A,WAKE UP COCKEREL TILE COASTER,0.1524,809,651,265.59,42
85170C,SET/6 EAU DE NIL BIRD T-LIGHTS,0.1524,809,427,613.73,49
21678,PAISLEY PATTERN  STICKERS,0.1523,810,515,358.79,46
22039,BOTANICAL LILY GIFT WRAP,0.1523,810,825,342.5,31
22806,SET OF 6 T-LIGHTS WEDDING CAKE ,0.1523,810,358,915.7,47
23046,PAPER LANTERN 9 POINT DELUXE STAR,0.1523,810,347,2091.55,34
23056,FLOWERS CHANDELIER T-LIGHT HOLDER,0.1523,810,383,1026.59,44
23057,GEMSTONE CHANDELIER T-LIGHT HOLDER,0.1523,810,337,1105.99,46
23099,FRENCH CARRIAGE LANTERN,0.1523,810,124,805.7,59
35920,FOUR RABBIT EASTER DECORATIONS,0.1523,810,1065,275.25,20
46000R,POLYESTER FILLER PAD 45x30cm,0.1523,810,239,346.55,59
71270,PHOTO CLIP LINE,0.1523,810,320,401.21,55
72750B,"F.FAIRY S/3 CANDLE/GLASS,LAVENDER",0.1523,810,477,998.15,41
84665,SQUARE CHERRY BLOSSOM CABINET,0.1523,810,200,1210.0,52
84820,DANISH ROSE TRINKET TRAYS,0.1523,810,311,792.45,51
84925F,PSYCHEDELIC WALL THERMOMETER,0.1523,810,711,857.93,31
85094,CANDY SPOT EGG WARMER RABBIT,0.1523,810,608,210.18,43
85211,S/4 GROOVY CAT MAGNETS,0.1523,810,274,371.44,57
90200D,PINK SWEETHEART BRACELET,0.1523,810,196,821.0,56
10123C,HEARTS WRAPPING TAPE ,0.1522,811,478,214.22,48
17012A,ORIGAMI VANILLA INCENSE/CANDLE SET ,0.1522,811,644,586.6,35
20661,BLUE SPOTTY PURSE ,0.1522,811,433,451.87,47
20705,MRS ROBOT SOFT TOY,0.1522,811,268,970.6,50
21269,ANTIQUE CREAM CUTLERY SHELF ,0.1522,811,106,901.0,58
21332,MOROCCAN BEATEN METAL MIRROR,0.1522,811,241,1333.15,47
21336,GOLD WASHBAG,0.1522,811,923,286.37,26
21698,MOCK LOBSTER FRIDGE MAGNET,0.1522,811,450,268.34,48
21750, LARGE SKULL WINDMILL,0.1522,811,291,599.1,52
21851,LILAC DIAMANTE PEN IN GIFT BOX,0.1522,811,383,736.67,46
22641,SET OF 4 NAPKIN CHARMS INSTRUMENT,0.1522,811,267,606.77,53
22764,"RUSTIC WOODEN CABINET, GLASS DOORS",0.1522,811,177,3268.77,27
23216,LAUREL HEART ANTIQUE GOLD,0.1522,811,518,613.51,41
35811A,ENAMEL PINK SUGAR CONTAINER,0.1522,811,389,577.38,48
44230,SQUARE MIRROR CURTAIN,0.1522,811,197,1356.27,48
62096A,PINK/YELLOW FLOWERS HANDBAG,0.1522,811,337,439.45,52
72780,BLACK SILOUETTE CANDLE PLATE,0.1522,811,501,407.13,44
72800A,S/4 BLACK DINNER CANDLE SILVER FLOC,0.1522,811,661,676.71,34
72814,SET/3 CHRISTMAS BRIAR CANDLES,0.1522,811,257,925.35,51
84569C,PACK 4 FLOWER/BUTTERFLY PATCHES,0.1522,811,338,422.5,52
84856S,SMALL TAHITI BEACH BAG,0.1522,811,456,1798.68,30
84927F,PSYCHEDELIC TILE HOOK,0.1522,811,318,223.2,55
84951A,S/4 PISTACHIO LOVEBIRD COASTERS,0.1522,811,437,469.76,47
84974,S/2 ZINC HEART DESIGN PLANTERS,0.1522,811,88,869.6,59
85086A,CANDY SPOT HEART DECORATION,0.1522,811,396,336.6,50
90200E,GREEN SWEETHEART BRACELET,0.1522,811,154,642.5,58
16043,POP ART PUSH DOWN RUBBER ,0.1521,812,1158,111.36,14
20934,SET/3 POT PLANT CANDLES,0.1521,812,147,769.65,56
23041,PAPER LANTERN 9 POINT SNOW STAR,0.1521,812,236,979.4,49
23058,CHRISTMAS HANGING SNOWFLAKE,0.1521,812,486,421.02,44
23106,ZINC HEARTS PLANT POT HOLDER,0.1521,812,271,734.59,51
23337,EGG FRYING PAN MINT ,0.1521,812,169,351.52,60
23423,PANTRY 3 HOOK ROLLING PIN HANGER,0.1521,812,197,738.75,54
23462,ROCOCO WALL MIRROR WHITE,0.1521,812,59,1132.05,56
23528,SPACEBOY WALL ART,0.1521,812,462,1381.38,34
35810B,ENAMEL BLUE RIM COFFEE CONTAINER,0.1521,812,294,435.24,52
40018E,TEA TIME PAPER LANTERNS,0.1521,812,334,630.5,48
78124,MAGAZINE RACK GEBRA ASSORTED ,0.1521,812,718,942.5,26
79071B,ENGLISH ROSE METAL WASTE BIN,0.1521,812,136,401.2,60
84509C,DOTTY PLACEMATS ,0.1521,812,202,699.9,54
84664,CHERRY BLOSSOM BATHROOM CABINET,0.1521,812,187,925.65,52
84859A,SILVER DISCO HANDBAG,0.1521,812,284,560.76,52
84909A,PINK PAISLEY QUILT ,0.1521,812,208,2784.8,29
84910A,PINK PAISLEY CUSHION COVER ,0.1521,812,399,980.85,41
85129C,BEADED CRYSTAL HEART BLUE SMALL,0.1521,812,370,463.85,49
10123G,ARMY CAMO WRAPPING TAPE,0.152,813,1142,90.94,14
16168S,FUNKY MONKEY GIFT BAG SMALL,0.152,813,1274,121.86,7
17084P,DRAGONS BLOOD INCENSE,0.152,813,874,173.54,26
17136A,BLUE STONES ON WIRE FOR CANDLE,0.152,813,743,61.78,34
20850,ZINC HEART LATTICE PLANTER BOWL,0.152,813,820,713.8,23
20943,SET/6 GINGERBREAD STAR T-LIGHTS,0.152,813,331,413.75,49
21017,RED BIRD HOUSE TREE DECORATION,0.152,813,548,358.28,39
21144,PINK POODLE HANGING DECORATION ,0.152,813,493,216.23,44
21147,JINGLE BELLS TREE DECORATION,0.152,813,329,554.94,48
21377,SMALL CAMPHOR WOOD FIELD  MUSHROOM,0.152,813,420,475.56,44
22391,PAPERWEIGHT HOME SWEET HOME,0.152,813,305,545.31,50
22394,PAPERWEIGHT KINGS CHOICE ,0.152,813,331,484.05,48
23025,DRAWER KNOB VINTAGE GLASS BALL,0.152,813,311,657.13,47
23411, TRELLIS COAT RACK,0.152,813,216,1011.6,48
23453,OVAL  MINI PORTRAIT FRAME,0.152,813,315,611.85,48
23518,EMBROIDERED RIBBON REEL RACHEL ,0.152,813,351,937.59,42
35653,VINTAGE BEAD NOTEBOOK,0.152,813,183,539.85,56
35991,SET/6 BLACK SNOWFLAKE T-LIGHTS ,0.152,813,387,201.91,49
84033,FLAG OF ST GEORGE ,0.152,813,371,612.15,46
84842,HELLO SAILOR BATHROOM SET,0.152,813,775,437.45,27
84931B,BLUE SCOTTIE DOG W FLOWER PATTERN,0.152,813,216,545.4,53
85125,SMALL ROUND CUT GLASS CANDLESTICK,0.152,813,263,1203.15,44
20830,SILVER PHOTO FRAME,0.1519,814,287,482.7,50
21133,PAINTED BIRD ASSORTED CHRISTMAS,0.1519,814,409,691.21,41
21253,SET OF PICTURE FRAME  STICKERS,0.1519,814,225,598.59,51
21320,GLASS CHALICE GREEN  LARGE ,0.1519,814,336,674.16,45
21631,HIPPY CHIC DECORATIVE PARASOL,0.1519,814,206,1412.1,42
21635,MADRAS NOTEBOOK LARGE ,0.1519,814,383,791.25,41
21816,CHRISTMAS TREE T-LIGHT HOLDER,0.1519,814,405,587.25,42
23113,PANTRY CHOPPING BOARD,0.1519,814,192,892.8,49
23339,EGG FRYING PAN BLUE ,0.1519,814,150,312.0,58
23523,TREASURE AHOY WALL ART,0.1519,814,351,1128.93,39
37444B,BLUE BREAKFAST CUP AND SAUCER ,0.1519,814,1012,210.52,18
46000P,POLYESTER FILLER PAD 65CMx65CM,0.1519,814,209,888.25,49
47578A,ENGLISH ROSE SMALL SCENTED FLOWER,0.1519,814,280,238.0,53
72799C,PINK PILLAR CANDLE SILVER FLOCK,0.1519,814,452,670.28,39
16254,TRANSPARENT ACRYLIC TAPE DISPENSER,0.1518,815,912,258.36,20
21134,VICTORIAN METAL POSTCARD CHRISTMAS,0.1518,815,351,579.15,44
22164,STRING OF STARS CARD HOLDER,0.1518,815,302,809.3,43
22503,CABIN BAG VINTAGE PAISLEY,0.1518,815,90,2050.1,39
22802,FAUX FUR CHOCOLATE THROW,0.1518,815,86,1454.7,46
23516,EMBROIDERED RIBBON REEL SOPHIE  ,0.1518,815,291,1025.01,42
44235,ASS COL CIRCLE MOBILE ,0.1518,815,816,303.84,24
46000U,POLYESTER FILLER PAD 30CMx30CM,0.1518,815,251,313.75,51
72529W,WHITE ADVENT CANDLE,0.1518,815,369,704.02,41
82616A,BUBBLE GUM SCARF KNITTING KIT,0.1518,815,306,576.3,46
84637,KITCHEN FLOWER POTS WALL PLAQUE,0.1518,815,487,867.25,33
84920,PINK FLOWER FABRIC PONY,0.1518,815,145,537.35,54
85169D,PINK LOVE BIRD CANDLE,0.1518,815,374,413.98,45
16258B,DAISY ERASERS IN BAG,0.1517,816,1014,219.34,14
20819,SILVER TEDDY BEAR,0.1517,816,208,543.71,50
21027,NINJA RABBIT PINK,0.1517,816,276,339.3,48
21223,SET/4 BADGES WOODLAND ANIMAL,0.1517,816,482,564.5,36
21263,GREEN GOOSE FEATHER TREE 60CM,0.1517,816,284,577.8,46
21438,TUB 24 HANGING EASTER EGGS SPOTTY,0.1517,816,356,1162.2,35
21630,FLOOR CUSHION ELEPHANT CARNIVAL,0.1517,816,100,873.0,51
22108,PING! MICROWAVE PLATE,0.1517,816,193,522.89,50
22830,UTILTY CABINET WITH HOOKS,0.1517,816,178,3623.2,16
23040,PAPER LANTERN 9 POINT SNOW STAR ,0.1517,816,246,1318.5,38
23104,IVORY PANTRY HANGING LAMP ,0.1517,816,116,1355.5,44
23324,RUSTIC STRAWBERRY JAMPOT LARGE ,0.1517,816,346,702.89,41
23415,HOME SWEET HOME HOOK,0.1517,816,321,397.35,46
23454,SET OF 3 MINI HANGING PORTRAITS,0.1517,816,159,650.25,50
35599D,PINK AND WHITE CHRISTMAS TREE 120CM,0.1517,816,316,848.88,40
35969,FOLKART CROWN TABLE DECORATIONS,0.1517,816,450,376.74,40
37475,SET/4 COLOURFUL MIXING BOWLS,0.1517,816,94,891.5,51
84396,6 HOOK JEWELLERY STAND BLACK DRESS,0.1517,816,516,1071.6,28
84422,PINK/BLUE DISC/MIRROR STRING,0.1517,816,700,354.74,27
84584,PINK GINGHAM CAT WITH SCARF,0.1517,816,207,527.85,50
84663A,GRASS HOPPER WOODEN WALL CLOCK ,0.1517,816,339,574.73,43
84761,IVORY HANGING BIRD PLANTER ,0.1517,816,237,593.55,47
84799,SPRIG LAVENDER ARTIFICIAL FLOWER,0.1517,816,607,479.87,31
84901,BLACK FACE LAMB WITH PANTS,0.1517,816,98,365.34,56
85088,CANDY SPOT HAND BAG,0.1517,816,269,555.37,47
85096,HILDA CANDY SPOT RABBIT,0.1517,816,141,528.75,52
85119,WATERING CAN SINGLE HOOK PISTACHIO,0.1517,816,396,537.08,41
85162A,SILVER RETRODISC LAMPSHADE,0.1517,816,601,1181.44,23
18094C,WHITE/BLUE RECT CERAMIC OIL BURNER,0.1516,817,331,375.35,44
20782,CAMOUFLAGE EAR MUFF HEADPHONES,0.1516,817,94,517.82,53
21261,GREEN GOOSE FEATHER CHRISTMAS TREE ,0.1516,817,245,834.75,43
21628,TRIANGULAR POUFFE VINTAGE ,0.1516,817,102,1434.7,43
21629,SQUARE FLOOR CUSHION VINTAGE PINK ,0.1516,817,100,785.0,50
21850,BLUE  DIAMANTE PEN IN GIFT BOX,0.1516,817,285,522.75,44
22106,MIRROR MOSAIC HURRICANE LAMP ,0.1516,817,306,1015.1,38
22447,PIN CUSHION RUSSIAN DOLL BLUE,0.1516,817,175,558.95,49
23064,CINDERELLA CHANDELIER ,0.1516,817,149,2103.55,32
23179,CLOCK MAGNET MUM'S KITCHEN,0.1516,817,304,837.88,40
23451,SQUARE MINI PORTRAIT FRAME,0.1516,817,268,519.0,45
23482,PEARLISED IVORY HEART LARGE ,0.1516,817,415,651.15,36
23568,EGG CUP HENRIETTA HEN CREAM ,0.1516,817,579,663.27,29
37464,ROBOT MUG IN DISPLAY BOX,0.1516,817,275,330.07,47
47504G,ENGLISH ROSE TAPE MEASURE,0.1516,817,255,314.19,48
72801E,S/4 FESTIVE GREEN DINNER CANDLES,0.1516,817,768,402.24,23
84773,RED ROSE AND LACE C/COVER,0.1516,817,185,545.75,49
84797A,PINK HAWAIIAN PICNIC HAMPER FOR 4,0.1516,817,349,1883.55,25
85031A,ROMANTIC IMAGES SCRAP BOOK SET,0.1516,817,386,634.2,38
85039C,S/4 BLACK MINI ROSE CANDLE IN BOWL,0.1516,817,411,264.67,41
85113,POLKA DOT PISTACHIO PAIL,0.1516,817,279,566.22,44
85135A,YELLOW DRAGONFLY HELICOPTER,0.1516,817,72,572.4,54
85166B,BLACK METAL BAROQUE PHOTO FRAME,0.1516,817,501,798.75,31
90062,CARNIVAL BRACELET,0.1516,817,108,1366.75,43
16052,TEATIME PUSH DOWN RUBBER,0.1515,818,786,239.27,22
20699,MOUSEY LONG LEGS SOFT TOY,0.1515,818,208,519.6,46
20838,FRENCH LATTICE CUSHION COVER ,0.1515,818,379,377.09,40
20863,BLUE PATCH PENCIL CASE PINK HEART,0.1515,818,283,561.09,43
21127,COLOURFUL FISHING GNOME,0.1515,818,283,832.65,39
21268,VINTAGE BLUE TINSEL REEL,0.1515,818,383,209.58,41
21293,MIRRORED DOVE WALL DECORATION,0.1515,818,254,535.43,44
21350,GINGHAM HEART WREATH,0.1515,818,222,638.9,44
21371,MIRRORED WALL ART POPPIES,0.1515,818,368,389.4,41
21412,VINTAGE GOLD TINSEL REEL,0.1515,818,224,107.52,51
21740,COSY SLIPPER SHOES LARGE RED,0.1515,818,164,483.8,49
21943,CAKES AND RABBITS DESIGN FLANNEL ,0.1515,818,387,304.83,41
22056,CERAMIC PLATE LOVE HEART DESIGN,0.1515,818,595,618.35,26
22259,FELT FARM ANIMAL HEN,0.1515,818,475,354.71,36
22833,HALL CABINET WITH 3 DRAWERS,0.1515,818,118,4013.59,11
23460,SWEETHEART WALL TIDY ,0.1515,818,103,957.33,47
47471,RAINBOW PEGS PHOTO CLIP STRING,0.1515,818,381,226.23,41
84405A,S/3 PINK COL METAL BASKET W HANDLE,0.1515,818,121,887.55,46
84682,CLASSICAL ROSE DISH,0.1515,818,277,511.15,43
84686,BEACH HUT MIRROR,0.1515,818,324,611.14,40
84796B,BLUE SAVANNAH PICNIC HAMPER FOR 2,0.1515,818,230,1645.3,32
84951B,S/4 BLACK LOVEBIRD COASTERS,0.1515,818,366,400.04,41
85169B,BLACK LOVE BIRD CANDLE,0.1515,818,280,290.24,46
85169C,EAU DE NIL LOVE BIRD CANDLE,0.1515,818,397,429.97,38
85179B,WHITE BITTY LIGHT CHAIN ,0.1515,818,240,1000.08,39
20898,VINTAGE NOTEBOOK TRAVELOGUE,0.1514,819,301,602.35,40
20935,ROUND CACTUS CANDLE,0.1514,819,287,517.85,41
21038,SET/4 MODERN VINTAGE COTTON NAPKINS,0.1514,819,154,313.9,50
21416,CLAM SHELL LARGE,0.1514,819,746,572.7,18
21946,PARTY TIME DESIGN FLANNEL,0.1514,819,579,307.81,30
22823,CHEST NATURAL WOOD 20 DRAWERS,0.1514,819,32,3655.0,18
23055,IVORY CHANDELIER T-LIGHT HOLDER,0.1514,819,224,692.0,42
23325,RUSTIC STRAWBERRY JAMPOT SMALL,0.1514,819,426,671.7,33
23409,PHOTO FRAME LINEN AND LACE LARGE,0.1514,819,201,745.47,43
35651,VINTAGE BEAD PINK SCARF ,0.1514,819,325,592.95,39
37444C,PINK BREAKFAST CUP AND SAUCER ,0.1514,819,828,241.64,18
47503H,ASS FLORAL PRINT SPIRIT LEVEL ,0.1514,819,146,189.58,52
62096B,PURPLE/TURQ FLOWERS HANDBAG,0.1514,819,209,278.75,47
84683,CLASSICAL ROSE CANDLESTAND,0.1514,819,508,447.8,31
84741C,CITRUS GARLAND FELT FLOWERS ,0.1514,819,180,351.0,48
84875D,BLUE SQUARE COMPACT MIRROR,0.1514,819,371,483.75,37
85028S,FRENCH CHATEAU SMALL FRUITBOWL,0.1514,819,391,591.75,35
85117,NIGHTINGALE COATHOOK WHITE,0.1514,819,317,493.45,40
85164B,BLACK BAROQUE CUCKOO CLOCK,0.1514,819,112,1122.0,42
85205B,PINK FELT EASTER RABBIT GARLAND,0.1514,819,215,548.25,44
90200B,BLACK SWEETHEART BRACELET,0.1514,819,137,582.25,47
17091B,JASMINE TEA INCENSE IN TIN,0.1513,820,264,286.8,44
20849,ZINC HEART LATTICE DOUBLE PLANTER,0.1513,820,670,566.1,20
20897,VINTAGE NOTEBOOK PARIS DAYS,0.1513,820,286,578.5,39
21004,ROSE DU SUD CHILDS APRON,0.1513,820,105,446.25,49
21480,PINK STRIPE HOT WATER BOTTLE,0.1513,820,239,661.85,40
23413,VINTAGE COFFEE GRINDER BOX,0.1513,820,144,693.6,44
23487,SWEET HEART CAKE CARRIER,0.1513,820,69,664.45,48
23539,WALL ART LOVES' SECRET ,0.1513,820,237,1129.71,35
35599B,BLACK CHRISTMAS TREE 120CM,0.1513,820,249,828.57,38
35915B,BLUE KNITTED HEN ,0.1513,820,434,606.66,32
37379B,BLUE CHERRY BLOSSOM CUP & SAUCER,0.1513,820,1122,181.5,3
72038P,PRICE'S CANDLE PEACH,0.1513,820,1000,106.0,10
72132,COLUMBIAN CUBE CANDLE,0.1513,820,548,460.2,27
72225D,VANILLA SCENT CAKE CANDLE ,0.1513,820,960,218.88,10
79336,LIGHT PINK FLOCK GLASS CANDLEHOLDER,0.1513,820,832,342.83,16
84620,BLUE GINGHAM ROSE CUSHION COVER,0.1513,820,111,660.45,46
84675,FROG KING WATERING CAN,0.1513,820,179,444.05,46
84689,S/2 BEACH HUT TREASURE CHESTS,0.1513,820,288,622.1,38
84708B,PINK JEWELLED PHOTO FRAME ,0.1513,820,126,618.1,46
84846A,SCENTED CANDLE IN DIGITALIS TIN,0.1513,820,232,487.2,42
84859C,PINK DISCO HANDBAG,0.1513,820,302,542.64,38
85020,ROUND PINK HEART MIRROR,0.1513,820,224,470.4,44
85131D,BEADED CRYSTAL HEART PINK\ON STICK,0.1513,820,503,289.69,32
20855,PINK PATCH PURSE BLUE HEART,0.1512,821,141,232.65,48
21197,MULTICOLOUR  CONFETTI IN TUBE,0.1512,821,391,566.91,33
21459,YELLOW EASTER EGG HUNT START POST,0.1512,821,232,430.8,42
21649,ASSORTED TUTTI FRUTTI PHOTO FRAME,0.1512,821,409,1108.95,25
21686,MEDINA STAMPED METAL STOOL,0.1512,821,54,2047.3,31
21722,SWEET PUDDING STICKER SHEET,0.1512,821,279,237.15,42
21758,VINTAGE SHELLS PRINT,0.1512,821,101,647.45,45
22861,EASTER TIN CHICKS IN GARDEN,0.1512,821,292,481.8,38
23060,HEART BEADED TRELLIS DECORATION,0.1512,821,244,507.52,41
23114,VINTAGE LEAF CHOPPING BOARD  ,0.1512,821,141,669.15,43
23272,TREE T-LIGHT HOLDER WILLIE WINKIE,0.1512,821,352,522.74,35
23538,WALL ART VINTAGE HEART,0.1512,821,326,1273.92,27
35911A,MULTICOLOUR RABBIT EGG WARMER,0.1512,821,260,309.65,42
37330,SPOTS MUG,0.1512,821,492,849.54,25
47579,TEA TIME BREAKFAST BASKET,0.1512,821,169,354.9,45
72267,PREMIUM CHURCH CANDLE,0.1512,821,247,479.34,41
72799A,BLACK PILLAR CANDLE SILVER FLOCK,0.1512,821,612,877.8,18
81952V,ROUND PURPLE CLOCK W/SUCKER,0.1512,821,451,138.25,35
84313B,BLUE TV TRAY TABLE ,0.1512,821,158,513.74,45
84597C,RETRO PINK BALL ASHTRAY ,0.1512,821,348,415.8,37
84715,SET OF 6 ICE CREAM SKITTLES,0.1512,821,232,684.4,39
84797B,BLUE SAVANNAH PICNIC HAMPER FOR 4,0.1512,821,308,1620.6,25
84806B,WHITE CANDYSTUFT ARTIFICIAL FLOWER,0.1512,821,433,543.37,30
84875B,GREEN SQUARE COMPACT MIRROR,0.1512,821,367,476.25,35
84898F,YELLOW FLOWERS FELT HANDBAG KIT,0.1512,821,154,323.4,47
84931A,PINK SCOTTIE DOG W FLOWER PATTERN,0.1512,821,146,369.6,47
85185D,FROG SOCK PUPPET,0.1512,821,168,483.6,45
20616,CHERRY BLOSSOM PASSPORT COVER,0.1511,822,188,236.18,44
20869,GOLD FABRIC MIRROR,0.1511,822,459,225.49,32
21129,SILVER FISHING GNOME ,0.1511,822,102,688.45,44
21277,FRENCH STYLE EMBOSSED HEART CABINET,0.1511,822,41,881.0,44
21367,MIRRORED WALL ART GENTS,0.1511,822,196,202.86,45
23142,IVORY WIRE KITCHEN ORGANISER,0.1511,822,114,1118.1,38
23218,LAUREL STAR ANTIQUE GOLD,0.1511,822,372,465.81,33
23562,SET OF 6 RIBBONS PERFECTLY PRETTY  ,0.1511,822,243,678.27,37
35096A,BLUE VICTORIAN FABRIC HEART BOX,0.1511,822,710,228.39,19
72487,ROSES WHITE ROUND CANDLE,0.1511,822,826,351.62,13
72789,BASKET/8 SCENTED LOVE TOKEN CANDLES,0.1511,822,111,416.25,46
84457,SET/3 RABBITS FLOWER SKIPPPING ROPE,0.1511,822,252,214.2,41
84638,SMALL KITCHEN FLOWER POTS PLAQUE,0.1511,822,356,714.2,31
84924A,WAKE UP COCKEREL CALENDAR SIGN ,0.1511,822,117,449.88,46
85023B,EAU DE NILE JEWELLED PHOTOFRAME,0.1511,822,218,523.5,40
85027L,FRENCH CHATEAU LARGE PLATTER ,0.1511,822,156,472.2,43
85180B,PINK HEARTS LIGHT CHAIN ,0.1511,822,279,726.63,34
90200A,PURPLE SWEETHEART BRACELET,0.1511,822,114,484.5,45
21028,NINJA RABBIT BLACK,0.151,823,237,297.64,40
21376,LARGE  TALL CAMPHOR WOOD TOADSTOOL ,0.151,823,171,717.15,38
22105,MIRROR MOSAIC GOBLET CANDLE HOLDER,0.151,823,372,705.0,29
22790,"MIRROR, ARCHED GEORGIAN",0.151,823,200,3884.0,1
22803,IVORY EMBROIDERED QUILT ,0.151,823,51,1915.65,30
23124,18PC WOODEN CUTLERY SET DISPOSABLE,0.151,823,503,595.15,24
23136,IVORY WIRE SWEETHEART LETTER TRAY,0.151,823,127,467.05,44
23479,WIRE EGG BASKET ,0.151,823,109,819.65,40
23565,EGG CUP MILKMAID HELGA ,0.151,823,343,428.75,33
35607A,PINK FLUFFY CHRISTMAS DECORATION,0.151,823,545,103.55,28
46118,FUNKY MONKEY CUSHION COVER,0.151,823,324,275.4,36
47593A,CAROUSEL DESIGN BABY BIB,0.151,823,190,210.62,44
79144B,PAINTED LIGHTBULB STAR+ MOON,0.151,823,259,105.18,41
84029C,BROWN FURRY HOT WATER BOTTLE,0.151,823,191,665.05,38
84360,TABLE LAMP WHITE SHADE WOOD BASE,0.151,823,173,891.55,36
84600,NEW BAROQUE JEWELLERY BOX ,0.151,823,91,694.45,42
84666,SQUARE CHERRY BLOSSOM CABINET,0.151,823,226,892.7,33
84684,BEACH HUT PHOTO FRAME,0.151,823,522,532.1,23
84709B,PINK OVAL JEWELLED MIRROR,0.151,823,110,623.3,43
84926F,PSYCHEDELIC TILE COASTER,0.151,823,441,223.54,31
84932C,SMALL ORIENTAL BLUE FOLDING STOOL,0.151,823,281,606.9,35
84972L,GIANT PINK HEART MEMO HOLDER,0.151,823,112,442.4,44
84977,WIRE FLOWER T-LIGHT HOLDER,0.151,823,220,275.0,41
85033S,SET/6 SILVER REINDEER T-LIGHTS,0.151,823,241,251.55,41
85121C,RETRO LAUNDRY TUB PISTACHIO,0.151,823,83,705.5,43
90200C,BLUE SWEETHEART BRACELET,0.151,823,129,548.25,43
16202B,PASTEL BLUE PHOTO ALBUM ,0.1509,824,562,324.73,22
16212,FUNKY GIRLZ ASST MAGNETIC MEMO PAD,0.1509,824,357,232.05,34
20800,LARGE GLASS SUNDAE DISH CLEAR,0.1509,824,996,258.2,2
20913,SET/5 BLUE SPOTTY LID GLASS BOWLS,0.1509,824,295,787.05,30
21030,SPACE CADET RED,0.1509,824,219,272.37,40
21256,"FRENCH BOTTLE, BRASSERIE DES ARTIST",0.1509,824,282,446.1,35
21633,SUNFLOWER DECORATIVE PARASOL,0.1509,824,125,1012.95,36
23115,RED APPLES CHOPPING BOARD   ,0.1509,824,144,684.0,38
23425,STORAGE TIN HOME SWEET HOME,0.1509,824,230,418.0,38
23660,HENRIETTA HEN MUG ,0.1509,824,277,457.05,35
35819B,"ACRYLIC HANGING JEWEL,BLUE",0.1509,824,381,182.19,32
35833P,4 PINK FLOCK CHRISTMAS BALLS,0.1509,824,161,241.75,43
40046A,RED DAISY PAPER LAMPSHADE,0.1509,824,321,387.57,34
46126A,ELVIS WALLHANGING / CURTAIN,0.1509,824,297,371.25,34
47367B,PAIR PADDED HANGERS PINK CHECK,0.1509,824,150,524.1,40
47481,50CM METAL STRING WITH  7 CLIPS,0.1509,824,316,244.12,35
47562,ENGLISH ROSE IRONING BOARD COVER,0.1509,824,100,375.8,44
47597,NEW ENGLAND TEATOWELS,0.1509,824,124,316.2,43
84192,ASSORTED COLOUR METAL CAT ,0.1509,824,226,271.1,39
84927D,LA PALMIERA TILE HOOK,0.1509,824,514,153.75,27
84934,ASSTD DESIGN POP ART SLIM PEN,0.1509,824,683,580.55,13
84948,SILVER HANGING T-LIGHT HOLDER DOME,0.1509,824,264,435.6,36
85024C,PINK SMALL JEWELLED PHOTOFRAME,0.1509,824,98,161.7,46
85031B,BLOSSOM IMAGES SCRAP BOOK SET,0.1509,824,408,598.8,26
85126,LARGE ROUND CUTGLASS CANDLESTICK,0.1509,824,138,893.1,37
85127,SMALL SQUARE CUT GLASS CANDLESTICK,0.1509,824,133,658.35,39
85163A,WHITE BAROQUE WALL CLOCK ,0.1509,824,79,772.65,41
90214A,"LETTER ""A"" BLING KEY RING",0.1509,824,121,128.21,46
17109A,FLOWER FAIRY INCENSE LILY,0.1508,825,709,333.61,13
20689,RETRO SISTERS EXPRESSO CUPS,0.1508,825,388,412.6,28
20753,RETRO PINK SPOT WASHING UP GLOVES,0.1508,825,185,386.9,39
20781,GOLD EAR MUFF HEADPHONES,0.1508,825,71,340.23,44
20783,HEART EAR MUFF HEADPHONES,0.1508,825,126,637.14,38
20862,PINK PATCH PENCIL CASE BLUE HEART,0.1508,825,315,650.43,29
20980,36 PENCILS TUBE POSY,0.1508,825,162,202.5,41
21018,BIRD BOX CHRISTMAS TREE DECORATION,0.1508,825,207,175.95,39
21089,SET/6 GREEN SPRING PAPER CUPS,0.1508,825,316,100.98,36
21131,GOLD STANDING GNOME,0.1508,825,253,910.25,29
21185, HOME SWEET HOME  BLACKBOARD,0.1508,825,113,696.91,39
21265,PINK GOOSE FEATHER TREE 60CM,0.1508,825,295,615.25,31
21552,CERAMIC BIRDHOUSE BLACK ROSE  LARGE,0.1508,825,159,787.8,35
21779,MA CAMPAGNE MINI WOODEN CHEST,0.1508,825,291,1062.75,25
22124,SET OF 2 TEA TOWELS PING MICROWAVE,0.1508,825,179,422.97,39
22936,BAKING MOULD ROSE WHITE CHOCOLATE,0.1508,825,186,568.88,36
23022,SMALL BONNE JAM JAR  T-LIGHT HOLDER,0.1508,825,386,733.28,25
23074,EMBOSSED HEART TRINKET BOX,0.1508,825,215,431.54,36
23150,IVORY SWEETHEART SOAP DISH,0.1508,825,138,343.62,41
23455,SMALL PARLOUR PICTURE FRAME,0.1508,825,206,566.54,35
23456,MEDIUM PARLOUR PICTURE FRAME ,0.1508,825,156,625.8,37
23533,WALL ART GARDEN HAVEN ,0.1508,825,210,936.34,31
84251G,"GREETING CARD, OVERCROWDED POOL.",0.1508,825,360,68.4,34
84592,CROCHET ROSE PURSE WITH SUEDE BACK,0.1508,825,163,480.85,38
84595E,LARGE TORTILLA DESIGN RED BOWL,0.1508,825,350,653.1,27
84707A,SILVER JEWELLED MIRROR TRINKET TRAY,0.1508,825,91,689.49,40
84924D,LA PALMIERA METAL SIGN CALENDAR,0.1508,825,760,246.0,12
85170B,SET/6 BLACK BIRD T-LIGHT CANDLES,0.1508,825,229,295.98,37
90147,CHUNKY SILVER NECKLACE PASTEL FLOWE,0.1508,825,69,686.55,41
90214K,"LETTER ""K"" BLING KEY RING",0.1508,825,108,111.0,46
20851,ZINC HEART LATTICE TRAY OVAL ,0.1507,826,332,405.8,29
21025,SPACE FROG,0.1507,826,221,278.5,36
21368,MIRRORED WALL ART LADIES,0.1507,826,193,171.75,39
22825,DECORATIVE PLANT POT WITH FRIEZE,0.1507,826,90,705.9,37
22954,HEN PARTY CORDON BARRIER TAPE,0.1507,826,199,248.75,38
23140,TRIPLE WIRE HOOK IVORY HEART,0.1507,826,148,608.74,36
23697,A PRETTY THANK YOU CARD,0.1507,826,438,179.64,27
37492D,PURPLE GREEN FLOWER PIGGY BANK,0.1507,826,351,651.15,25
37508,NEW ENGLAND CERAMIC CAKE SERVER,0.1507,826,87,221.85,44
47592A,CAROUSEL DES CHILD'S OVERALL,0.1507,826,194,407.4,36
72755C,FLOWER FAIRY OIL BURNER SET ROSE,0.1507,826,577,736.25,14
82011C,BATHROOM SCALES FOOTPRINTS IN SAND,0.1507,826,95,324.25,42
84086C,PINK/PURPLE RETRO RADIO,0.1507,826,190,560.5,34
84531A,PINK KNITTED EGG COSY,0.1507,826,181,151.71,40
84858C,PINK RIVIERA HANDBAG,0.1507,826,344,575.7,27
84876D,BLUE HEART COMPACT MIRROR,0.1507,826,310,500.0,30
85019C,CURIOUS  IMAGES NOTEBOOK SET,0.1507,826,385,553.25,25
85031C,CURIOUS IMAGES SCRAP BOOK SET,0.1507,826,343,543.45,28
85097B,BLUE ROCKING SINGING CANARY,0.1507,826,89,340.15,42
16051,TEATIME PENCIL W STAMP ASST,0.1506,827,938,82.2,3
17129D,CLEAR COLOUR GLASS GEMS IN BAG,0.1506,827,518,344.54,19
17181,CIRCLE OF FRIENDS CANDLE HOLDER,0.1506,827,294,341.7,30
20662,FIRST CLASS HOLIDAY PURSE ,0.1506,827,397,343.27,26
20666,ECONOMY HOLIDAY PURSE,0.1506,827,471,272.65,23
20794,BLUE  TILE HOOK,0.1506,827,172,435.0,35
20889,JARDIN DE FEMME SCENTED CANDLE,0.1506,827,656,392.0,12
21299,EDWARDIAN TOILET ROLL UNIT ,0.1506,827,157,804.95,32
21312,LARGE CHUNKY GLASS ROMAN BOWL,0.1506,827,280,1072.4,23
21418,STARFISH SOAP DISH,0.1506,827,158,367.7,37
21752,GLASS CAKE STAND MIRRORED BASE,0.1506,827,61,867.95,36
21761,WOOD AND GLASS MEDICINE CABINET,0.1506,827,64,1784.8,25
23117,POPPY FIELDS CHOPPING BOARD,0.1506,827,84,415.8,40
23139,SINGLE WIRE HOOK PINK HEART,0.1506,827,394,484.98,24
23185,FRENCH STYLE STORAGE JAR JAM,0.1506,827,316,114.56,32
23521,CAT AND BIRD WALL ART,0.1506,827,388,648.62,22
23597,PAPER BUNTING PAISLEY PARK,0.1506,827,240,644.0,29
35818P,"ACRYLIC JEWEL ICICLE, PINK",0.1506,827,549,208.62,20
35915C,PEACH KNITTED HEN ,0.1506,827,388,530.76,23
37474,SET/4 2 TONE EGG SHAPE MIXING BOWLS,0.1506,827,58,559.58,40
47420,ASSORTED COLOUR SUCTION CUP HOOK,0.1506,827,354,67.26,30
84007,MAGIC GARDEN MOUNT FUJI,0.1506,827,152,387.6,37
84531B,BLUE KNITTED EGG COSY,0.1506,827,187,155.61,38
84823,DANISH ROSE FOLDING CHAIR,0.1506,827,119,1170.05,30
84876B,GREEN HEART COMPACT MIRROR,0.1506,827,327,423.75,28
84952C,MIRROR LOVE BIRD T-LIGHT HOLDER,0.1506,827,343,601.65,25
85129B,BEADED CRYSTAL HEART GREEN SMALL,0.1506,827,210,258.08,36
85163B,BLACK BAROQUE WALL CLOCK ,0.1506,827,67,626.85,38
90209C,PINK ENAMEL+GLASS HAIR COMB,0.1506,827,324,596.4,26
16256B,FLOWER PENCIL/RUBBER+5 MINI PENCILS,0.1505,828,493,207.06,21
21117,BLOND DOLL DOORSTOP,0.1505,828,328,502.08,26
21632,VINTAGE PINK DECORATIVE PARASOL,0.1505,828,101,759.75,33
22395,PAPERWEIGHT VINTAGE PAISLEY,0.1505,828,214,313.86,33
23027,DRAWER KNOB VINTAGE GLASS HEXAGON,0.1505,828,287,596.96,27
23070,EDWARDIAN HEART PHOTO FRAME,0.1505,828,147,610.05,33
23180,MUM'S KITCHEN CLOCK,0.1505,828,103,466.95,37
35980C,REDWHITE STRIPE SCANDINAVIAN HEART ,0.1505,828,331,125.78,29
72755D,FLOWER FAIRY OIL BURNER SET SUMMER,0.1505,828,533,693.25,13
72803B,OCEAN SCENT CANDLE JEWELLED DRAWER,0.1505,828,86,365.5,38
82011B,BATHROOM SCALES RUBBER DUCKS,0.1505,828,84,287.8,39
84231,EASTER BUNNY WITH BASKET ON BACK,0.1505,828,204,132.6,35
84247N,PACK/12 BLUE FOLKART CARDS,0.1505,828,63,185.85,42
84251F,"GREETING CARD, RITA",0.1505,828,312,59.28,31
84766,SILVER ROCOCO CANDLE STICK,0.1505,828,184,594.8,31
84916,HAND TOWEL PALE BLUE W FLOWERS,0.1505,828,230,514.5,30
85090,CANDY SPOT APRON,0.1505,828,74,344.1,39
85112,S/3 TEAR DROP CUT GLASS DECORATION,0.1505,828,429,320.25,23
85136B,BLUE SHARK HELICOPTER,0.1505,828,48,381.6,40
16161E,WRAP BOUDOIR ,0.1504,829,750,75.0,9
20663,QUEEN OF THE SKIES HOLIDAY PURSE ,0.1504,829,534,183.34,17
20696,FLORAL SOFT CAR TOY,0.1504,829,123,461.25,34
20864,DENIM PATCH PENCIL CASE BUTTERFLY,0.1504,829,246,481.23,28
21372,MIRRORED WALL ART TABLE LAMP,0.1504,829,141,193.23,37
22257,FELT FARM ANIMAL SHEEP,0.1504,829,310,228.14,28
22761,CHEST 7 DRAWER MA CAMPAGNE,0.1504,829,43,1039.85,32
23422,PANTRY HOOK BALLOON WHISK ,0.1504,829,196,407.68,31
23474,WOODLAND SMALL BLUE FELT HEART,0.1504,829,297,246.51,28
23522,DOG AND BALL WALL ART,0.1504,829,341,652.17,21
23532,WALL ART WORK REST AND PLAY  ,0.1504,829,205,853.47,26
35240,ENAMEL BLUE RIM OVAL TRAY SET/2,0.1504,829,48,407.52,38
37333,"RETRO ""TEA FOR ONE"" ",0.1504,829,120,545.4,34
37422,WHITE WITH BLACK CATS BOWL,0.1504,829,344,141.68,27
46775D,SUNSET COLOUR CHUNKY KNITTED THROW,0.1504,829,51,864.45,33
72753B,S/3 FLWR FAIRY LAVENDER CANDLES,0.1504,829,444,949.95,13
72811,SMALL ZINC/GLASS CANDLEHOLDER,0.1504,829,441,328.77,20
84563B,BLUE & WHITE BREAKFAST TRAY,0.1504,829,96,370.2,37
84609,TALL ROCOCO CANDLE HOLDER,0.1504,829,127,1034.5,28
84619,BLUE GINGHAM ROSE QUILT ,0.1504,829,69,1444.15,26
84631,FRUIT TREE AND BIRDS WALL PLAQUE,0.1504,829,250,691.5,26
84712B,PINK JEWELLED PHOTO FRAME,0.1504,829,67,529.47,36
84782A,PINK 3 TIER GLASS PLATE STAND,0.1504,829,113,763.95,32
84865,NEW BAROQUE BLACK PHOTO ALBUM,0.1504,829,64,449.65,37
84907,PINK/YELLOW PATCH CUSHION COVER,0.1504,829,359,774.15,19
85028L,FRENCH CHATEAU LARGE FRUIT BOWL ,0.1504,829,243,575.85,27
85030,FRENCH CHATEAU OVAL PLATTER,0.1504,829,184,460.8,32
90082D,DIAMANTE BOW BROOCH BLACK COLOUR,0.1504,829,81,514.35,36
20621,ECONOMY PASSPORT COVER ,0.1503,830,199,417.9,29
20670,VIP HOLIDAY PURSE,0.1503,830,352,210.08,25
20865,PATCHWORK PENCIL CASE BUTTERFLY ,0.1503,830,165,340.02,32
21032,SPACE CADET WHITE,0.1503,830,164,206.73,33
21388,IVORY HANGING DECORATION  CHICKEN,0.1503,830,287,243.95,27
23072,MARIE ANTOINETTE TRINKET BOX SILVER,0.1503,830,254,715.0,24
23458,DOLLY CABINET 3 DRAWERS ,0.1503,830,46,687.7,34
23481,PEARLISED IVORY HEART SMALL ,0.1503,830,217,266.21,30
23520,EMBROIDERED RIBBON REEL RUBY ,0.1503,830,165,585.63,30
35912B,WHITE/PINK CHICK DECORATION,0.1503,830,283,326.39,26
62094B,TURQ ICE CREAM BUM BAG ,0.1503,830,251,405.05,27
72750A,"F.FAIRY S/3 CANDLE/GLASS,LILY/VALLY",0.1503,830,381,762.95,17
84472,PINK AND LILAC QUILTED THROW ,0.1503,830,31,1358.5,27
84508C,BLUE CIRCLES DESIGN TEDDY,0.1503,830,95,242.25,37
84804B,BLUE DELPHINIUM ARTIFICIAL FLOWER,0.1503,830,354,499.02,21
84927E,FLOWERS TILE HOOK,0.1503,830,295,183.78,27
84932A,SMALL GREEN PEONY FOLDING STOOL,0.1503,830,262,602.6,24
85044,RED REINDEER STRING OF 20 LIGHTS,0.1503,830,126,582.4,31
85131C,BEADED CRYSTAL HEART BLUE ON STICK,0.1503,830,308,207.34,27
85145,JARDIN ETCHED GLASS LARGE BELL JAR,0.1503,830,88,770.8,31
90161C,ANT COPPER LIME BOUDICCA BRACELET,0.1503,830,99,490.05,34
10080,GROOVY CACTUS INFLATABLE,0.1502,831,303,124.61,27
15059A,ENGLISH ROSE EDWARDIAN PARASOL,0.1502,831,505,1515.0,1
17084J,LOVE POTION MASALA INCENSE,0.1502,831,454,95.34,19
17108D,FLOWER FAIRY SUMMER BOUQUET SACHET,0.1502,831,355,149.1,23
21095,SET/6 POSIES PAPER PLATES,0.1502,831,242,205.7,28
21303,FILIGREE WALL MIRROR  ANTIQUE WHITE,0.1502,831,81,772.35,30
21444,BLUE CHALET BIRDFEEDER,0.1502,831,272,760.0,21
23071,MARIE ANTOIENETT TRINKET BOX GOLD,0.1502,831,237,746.1,22
23475,WOODLAND SMALL PINK FELT HEART,0.1502,831,280,232.4,26
23576,SNACK TRAY RED VINTAGE DOILY,0.1502,831,185,346.35,30
23694,PAISLEY PARK CARD,0.1502,831,348,141.84,24
37492C,GREEN BLUE FLOWER PIGGY BANK,0.1502,831,240,468.0,25
37494A,FAIRY CAKE CERAMIC BUTTER DISH,0.1502,831,187,508.45,28
47591A,CAROUSEL DES CHILD'S APRON,0.1502,831,91,150.15,37
71406C,BLACK ORANGE SQUEEZER,0.1502,831,206,86.52,31
75149N,STRING CRYSTALS NATURAL,0.1502,831,272,340.0,25
79328,BLUE FLOCK GLASS CANDLEHOLDER,0.1502,831,582,233.86,12
84461,12 PINK HEN+CHICKS IN BASKET,0.1502,831,79,201.45,36
84497,BUTTONS AND STRIPES NOTEBOOK ,0.1502,831,90,337.5,34
84563A,PINK & WHITE BREAKFAST TRAY,0.1502,831,92,394.4,33
84616,SILVER ROCCOCO CHANDELIER,0.1502,831,65,1177.95,25
84796A,PINK HAWAIIAN PICNIC HAMPER FOR 2,0.1502,831,150,856.5,25
84800M,MEDIUM WHITE/PINK ROSE ART FLOWER,0.1502,831,246,350.46,27
84800S,SMALL WHITE/PINK ROSE ART FLOWER,0.1502,831,386,289.54,20
84869,CANDY BUTTON PHOTO ALBUM,0.1502,831,295,631.25,21
84913A,SOFT PINK ROSE TOWEL ,0.1502,831,110,511.5,32
84952B,BLACK LOVE BIRD T-LIGHT HOLDER,0.1502,831,308,474.11,22
85131B,BEADED CRYSTAL HEART GREEN ON STICK,0.1502,831,330,210.18,24
90058A,CRYSTAL STUD EARRINGS CLEAR DISPLAY,0.1502,831,540,205.2,14
90160C,TURQ+RED BOUDICCA LARGE BRACELET,0.1502,831,81,562.95,32
90214C,"LETTER ""C"" BLING KEY RING",0.1502,831,108,110.04,36
90214S,"LETTER ""S"" BLING KEY RING",0.1502,831,105,107.25,36
BANK CHARGES, Bank Charges,0.1502,831,25,330.0,37
16202A,PASTEL PINK PHOTO ALBUM ,0.1501,832,336,168.65,22
17084A,TRANQUILITY MASALA INCENSE,0.1501,832,442,92.82,18
20804,GLASS CHICKEN BUTTER DISH,0.1501,832,235,368.55,25
21344,MOROCCAN BEATEN METAL DISH,0.1501,832,159,670.05,26
21366,MIRRORED WALL ART PHOTO FRAMES,0.1501,832,153,602.25,27
21443,OLIVE CHALET BIRDFEEDER,0.1501,832,245,658.75,21
21847,GREEN  DIAMANTE PEN IN GIFT BOX,0.1501,832,252,448.2,23
22486,PLASMATRONIC LAMP,0.1501,832,71,520.39,32
23023,RIDGED BONNE JAM JAR T-LIGHT HOLDER,0.1501,832,258,408.14,24
23069,EDWARDIAN PHOTO FRAME,0.1501,832,87,543.75,31
23125,6PC WOOD PLATE SET DISPOSABLE,0.1501,832,405,443.25,16
23472, NINE DRAWER OFFICE TIDY,0.1501,832,54,777.9,30
23544,WALL ART MID CENTURY MODERN ,0.1501,832,163,1007.53,21
23661,MILK MAIDS MUG ,0.1501,832,184,303.6,28
35914,PINK CHICK EGG WARMER + EGG CUP,0.1501,832,175,246.25,30
47504F,ENGLISH ROSE TORCH,0.1501,832,526,193.1,13
47586A,PINK FAIRY CAKE CUSHION COVER,0.1501,832,199,262.65,28
75178,ASSTD COL BUTTERFLY/CRYSTAL W/CHIME,0.1501,832,475,235.19,16
82587,TEXRIO TOMATOES CANDLE+CUP,0.1501,832,106,127.94,34
84228,HEN HOUSE W CHICK STANDING,0.1501,832,321,128.82,24
84661B,BLACK SQUARE TABLE CLOCK,0.1501,832,207,374.29,26
84744,S/6 SEW ON CROCHET FLOWERS,0.1501,832,147,183.75,31
84913B,MINT GREEN ROSE TOWEL,0.1501,832,103,478.95,31
85146,JARDIN ETCHED GLASS SMALL BELL JAR,0.1501,832,115,564.25,29
90198B,VINTAGE ROSE BEAD BRACELET BLACK,0.1501,832,85,361.25,32
15030,FAN BLACK FRAME ,0.15,833,254,73.66,27
20785,FUSCHIA RETRO BAR STOOL,0.15,833,43,1617.85,18
20892,SET/3 TALL GLASS CANDLE HOLDER PINK,0.15,833,65,493.55,30
21001,ROSE DU SUD WASHBAG ,0.15,833,67,398.65,31
21331,MOROCCAN BEATEN METAL DISH LARGE,0.15,833,101,755.49,26
21663,VINTAGE GLASS SUGAR CADDY,0.15,833,62,362.9,32
21757,LIGHTHOUSE PRINTED METAL SIGN,0.15,833,69,341.55,32
22828,REGENCY MIRROR WITH SHUTTERS,0.15,833,15,2275.0,12
23019,SMALL APOTHECARY MEASURING JAR ,0.15,833,81,629.05,28
23420,PANTRY HOOK TEA STRAINER ,0.15,833,159,330.72,28
23457,LARGE PARLOUR PICTURE FRAME,0.15,833,104,498.6,29
23484,HEART TRELLISTRIPLE T-LIGHT HOLDER,0.15,833,174,483.66,26
35271S,GOLD PRINT PAPER BAG,0.15,833,414,84.18,18
35609A,PINK FEATHER CHRISTMAS DECORATION,0.15,833,427,82.19,18
35933,PINK STOCKING CHRISTMAS DECORATION,0.15,833,312,118.56,23
37467,PIG MUG IN TWO COLOUR DESIGNS,0.15,833,212,131.44,28
37471,MULTICOLOUR DOTS PLATE,0.15,833,700,82.0,5
47503G,ASS FLORAL PRINT TAPE MEASURE,0.15,833,235,289.19,25
51012C,"FEATHER DUSTER, COAL BLACK",0.15,833,167,208.75,29
72140E,BEST DAD CANDLE LETTERS,0.15,833,215,152.51,28
72801F,S/4 FESTIVE RED DINNER CANDLES,0.15,833,234,292.5,25
79338,DARK PINK FLOCK GLASS CANDLEHOLDER,0.15,833,547,231.99,10
79342B,BROWN FLOWER LIGHTS,0.15,833,94,592.9,28
84802B,PURPLE ANEMONE ARTIFICIAL FLOWER,0.15,833,405,379.65,16
84919,L BLUE C/COVER W PINK/YELLOW FLOWER,0.15,833,94,725.3,26
84984B,RED PEONY DES C/COVER ,0.15,833,320,532.0,17
85121B,RETRO LAUNDRY TUB PINK,0.15,833,49,416.5,33
90175A,WHITE GLASS CHUNKY CHARM BRACELET,0.15,833,61,539.5,30
90199C,5 STRAND GLASS NECKLACE CRYSTAL,0.15,833,93,547.55,29
90214E,"LETTER ""E"" BLING KEY RING",0.15,833,89,87.25,34
20825,GOLD WINE GLASS,0.1499,834,354,1206.54,7
20910,VINTAGE PHOTO ALBUM PARIS DAYS,0.1499,834,80,488.8,28
21128,GOLD FISHING GNOME,0.1499,834,96,464.71,28
21375,LARGE CAMPHOR WOOD FIELD MUSHROOM ,0.1499,834,93,368.25,29
21493, VINTAGE DESIGN GIFT TAGS,0.1499,834,247,209.95,23
22869,"NUMBER TILE COTTAGE GARDEN, 1",0.1499,834,132,257.4,28
23039,T-LIGHT HOLDER SILVER HEART HANDLE,0.1499,834,186,359.1,24
23042,PAPER LANTERN 7 POINT SNOW STAR,0.1499,834,89,591.85,26
23519,EMBROIDERED RIBBON REEL CLAIRE,0.1499,834,219,755.01,19
35833G,4 GOLD FLOCK CHRISTMAS BALLS,0.1499,834,126,198.0,29
35921,EASTER BUNNY HANGING GARLAND,0.1499,834,153,191.25,28
71403,"PINK/WHITE ""KEEP CLEAN"" BULLET BIN",0.1499,834,125,368.75,28
72134,COLUMBIAN  CUBE CANDLE ,0.1499,834,320,109.16,21
79191D,RETRO PLASTIC DAISY TRAY,0.1499,834,93,79.05,32
79192A,RETRO PLASTIC 70'S TRAY,0.1499,834,98,122.5,31
84358,FLOOR LAMP SHADE WOOD BASE,0.1499,834,113,909.63,22
84452,METAL RABBIT LADDER EASTER ,0.1499,834,160,136.0,29
84559D,3D SHEET OF SEA WORLD STICKERS,0.1499,834,145,123.25,29
84661A,WHITE SQUARE TABLE CLOCK,0.1499,834,203,228.54,25
84760L,LARGE HANGING GLASS+ZINC LANTERN,0.1499,834,560,896.0,1
84760S,SMALL HANGING GLASS+ZINC LANTERN,0.1499,834,197,285.65,25
84806A,PINK CANDYSTUFT ARTIFICIAL FLOWER,0.1499,834,319,261.91,20
84902,PINK KNITTED COW STUFFED TOY,0.1499,834,58,215.34,33
84925D,LA PALMIERA WALL THERMOMETER,0.1499,834,80,584.45,27
84927A,WAKE UP COCKEREL TILE HOOK,0.1499,834,143,113.82,29
85092,CANDY SPOT TEA COSY,0.1499,834,350,504.7,15
90214L,"LETTER ""L"" BLING KEY RING",0.1499,834,106,97.94,31
17011F,ORIGAMI SANDLEWOOD INCENSE+FLOWER,0.1498,835,380,315.15,15
17090A,LAVENDER INCENSE 40 CONES IN TIN,0.1498,835,173,182.65,26
20694,FLORAL PINK MONSTER,0.1498,835,108,393.48,27
20836,FRENCH PAISLEY CUSHION COVER,0.1498,835,200,204.64,24
20997,ROSE DU SUD CUSHION COVER ,0.1498,835,81,400.95,28
21002,ROSE DU SUD DRAWSTRING BAG,0.1498,835,110,467.5,26
21132,SILVER STANDING GNOME   ,0.1498,835,72,300.0,29
21228,"POCKET MIRROR ""GLAMOROUS""",0.1498,835,95,118.75,30
21270,ANTIQUE CREAM CUTLERY CUPBOARD,0.1498,835,39,497.25,28
21551,CERAMIC BIRDHOUSE BUTTERFLY LARGE,0.1498,835,165,772.95,19
21553,CERAMIC BIRDHOUSE FINCH BLUE  LARGE,0.1498,835,74,387.65,28
21554,CERAMIC BIRDHOUSE RED ROOF LARGE,0.1498,835,160,712.0,21
21736,GOLD SCROLL GLASS T-LIGHT HOLDER,0.1498,835,175,341.85,24
23021,GLASS BONNE JAM JAR,0.1498,835,117,475.95,25
23421,PANTRY HOOK SPATULA,0.1498,835,152,316.16,26
23428,IVORY RETRO KITCHEN WALL CLOCK,0.1498,835,68,543.2,27
23471,SIX DRAWER OFFICE TIDY,0.1498,835,64,596.0,26
23492,VINTAGE JINGLE BELLS WREATH,0.1498,835,74,610.5,26
23495,SET OF 3 PANTRY WOODEN SPOONS,0.1498,835,192,240.0,24
35096B,RED VICTORIAN FABRIC HEART BOX,0.1498,835,288,102.63,21
46115B,GREEN POP ART MAO CUSHION COVER ,0.1498,835,286,54.34,22
47343A,FUSCHIA FLOWER PURSE WITH BEADS,0.1498,835,200,206.26,24
62095B,TURQOISE ICE CREAM SUNHAT,0.1498,835,289,304.09,19
72772,SET/4 SCENTED CANDLES IN RAMEKINS,0.1498,835,454,592.5,8
79403,FROSTED WHITE BASE ,0.1498,835,183,155.55,25
81950B,FLOWER BLUE CLOCK W/SUCKER,0.1498,835,195,100.79,25
84482,BUTTONS DESIGN JEWELLERY BOX,0.1498,835,61,228.75,31
84499,BLACK FLOWER CANDLE PLATE,0.1498,835,294,219.66,20
84526,GIANT BLACK SUNGLASSES,0.1498,835,84,163.8,31
84657,GREEN ROSE CUSHION COVER,0.1498,835,245,496.25,19
84725,FREESTYLE CANVAS ART PICTURE,0.1498,835,133,212.25,28
84809A,WHITE CHRYSANTHEMUMS ART FLOWER,0.1498,835,259,439.14,18
84816,DANISH ROSE BEDSIDE CABINET,0.1498,835,23,878.85,25
84932D,SMALL ORIENTAL RED FOLDING STOOL,0.1498,835,237,540.75,19
85179A,GREEN BITTY LIGHT CHAIN,0.1498,835,136,267.36,27
90087,CRYSTAL SEA HORSE PHONE CHARM,0.1498,835,226,149.26,23
90090,PINK CRYSTAL HEART PHONE CHARM,0.1498,835,221,187.85,23
90209B,GREEN ENAMEL+GLASS HAIR COMB,0.1498,835,248,453.6,19
90214J,"LETTER ""J"" BLING KEY RING",0.1498,835,75,82.23,31
16239,BALLERINA HEART DECORATION.,0.1497,836,338,468.4,13
17090D,VANILLA INCENSE 40 CONES IN TIN,0.1497,836,88,105.2,30
20688,BEAUTY SPEED EXPRESSO CUPS,0.1497,836,462,306.9,9
20695,FLORAL BLUE MONSTER,0.1497,836,78,315.0,28
20736,PINK MINI TAPE MEASURE ,0.1497,836,286,230.1,18
20823,GOLD WINE GOBLET,0.1497,836,244,494.6,18
20826,SILVER APERITIF GLASS,0.1497,836,355,290.72,14
20888,SET 3 JARDIN DE FEMME SCENT CANDLES,0.1497,836,359,499.81,11
20906,VINTAGE NOTEBOOK BEAUTY GIRL,0.1497,836,77,227.15,29
21335,LIBRARY LAMP,0.1497,836,32,669.4,26
21420,OYSTER TRINKET BOX,0.1497,836,114,295.62,26
22929,SCHOOL DESK AND CHAIR ,0.1497,836,20,1264.75,19
23044,PAPER LANTERN 9 POINT HOLLY STAR S,0.1497,836,100,415.0,25
23575,SNACK TRAY PAISLEY PARK,0.1497,836,164,305.4,24
23579,SNACK TRAY I LOVE LONDON,0.1497,836,149,276.15,24
72133,COLUMBIAN CANDLE RECTANGLE,0.1497,836,99,102.87,29
84251B,"GREETING CARD, STICKY GORDON",0.1497,836,219,41.61,23
84429A,MEDIUM PINK BUDDHA HEAD ,0.1497,836,92,271.4,27
84493,BLUE/PINK NEST STRIPE BOX,0.1497,836,575,65.76,6
84824,DANISH ROSE UMBRELLA STAND,0.1497,836,32,497.6,28
84874B,BLUE TRAVEL FIRST AID KIT,0.1497,836,78,128.7,29
84908A,PINK 5 PATCH FLOWER CUSHION COVER ,0.1497,836,386,762.7,8
84922,PINK BUTTERFLY WASHBAG,0.1497,836,335,748.75,10
84924F,PSYCHEDELIC METAL SIGN CALENDAR,0.1497,836,493,139.15,9
84984A,GREEN PEONY DES C/COVER,0.1497,836,263,440.95,17
85024B,EAU DE NILE JEWELLED PHOTOFRAME,0.1497,836,218,330.9,21
85091,CANDY SPOT BREAD BASKETS,0.1497,836,320,417.65,15
85142,JARDIN ETCHED GLASS GINGER JAR,0.1497,836,49,389.55,28
90161B,ANT COPPER TURQ BOUDICCA BRACELET,0.1497,836,87,430.65,26
90184B,AMETHYST CHUNKY BEAD BRACELET W STR,0.1497,836,43,384.85,28
90195A,PURPLE GEMSTONE BRACELET,0.1497,836,46,363.7,28
17178,FLAT PALM T-LIGHT HOLDER,0.1496,837,133,156.65,25
20700,GREEN CAT FLORAL CUSHION COVER ,0.1496,837,286,412.5,14
20793,BLUE TILED TRAY,0.1496,837,268,369.0,16
21031,SPACE CADET BLACK,0.1496,837,126,154.91,25
21087,SET/6 POSIES PAPER CUPS,0.1496,837,220,123.22,21
21322,GLASS SPHERE CANDLE STAND LARGE ,0.1496,837,299,562.45,13
21729,SMALL MARAKESH METAL  LANTERN ,0.1496,837,114,354.5,24
21760,FRENCH STYLE WALL DRESSER,0.1496,837,13,1490.0,15
21763,VINTAGE WOODEN BAR STOOL,0.1496,837,40,1076.05,19
21780,MA CAMPAGNE 4 DRAWER WALL SHELF,0.1496,837,125,835.55,17
22882,NUMBER TILE VINTAGE FONT 3,0.1496,837,98,141.3,27
23017,APOTHECARY MEASURING JAR,0.1496,837,63,738.9,22
23045,PAPER LANTERN 5 POINT STAR MOON 30,0.1496,837,96,398.4,24
23047,PAPER LANTERN 5 POINT SEQUIN STAR,0.1496,837,58,333.5,26
23560,SET OF 6 RIBBONS COUNTRY STYLE,0.1496,837,163,447.07,20
35004S,SET OF 3 SILVER FLYING DUCKS,0.1496,837,126,331.88,23
35817P,"ACRYLIC JEWEL SNOWFLAKE,PINK",0.1496,837,418,206.58,10
35824B,"HANGING FLOWERS+MIRROR,BLUE",0.1496,837,527,200.26,5
35966,FOLKART CHRISTMAS TREE T-LIGHT HOLD,0.1496,837,244,92.72,20
37476,CONDIMENT TRAY 4 BOWLS AND 4 SPOONS,0.1496,837,44,420.28,27
46776A,WOVEN BUBBLE GUM CUSHION COVER,0.1496,837,190,363.3,20
46776B,WOVEN BERRIES CUSHION COVER ,0.1496,837,194,383.1,20
47574B,ENGLISH ROSE SCENTED HANGING HEART,0.1496,837,49,208.25,28
47581B,FAIRY CAKE WICKER PICNIC BASKET ,0.1496,837,32,408.0,27
71028B,SILVER BLUE EGG T-LIGHT HOLDER,0.1496,837,483,189.89,8
72753A,S/3 FLWR FAIRY LILLY CANDLES,0.1496,837,312,666.9,11
77081,FLOWER WINDMILL,0.1496,837,218,254.26,19
82607E,GLASS BONBON JAR. D'AMANDES,0.1496,837,100,125.0,27
84219,BOX/12 MOTHER & CHICK IN BASKET/BOW,0.1496,837,96,220.8,26
84249A,"GREETING CARD,SQUARE, DOUGHNUTS",0.1496,837,238,101.6,20
84402D,PINK DRESS JEWELLERY STAND ,0.1496,837,371,346.85,11
84615,PINK ROUND BUTTERFLY MIRROR ,0.1496,837,197,426.15,19
84671B,CROCHET BEAR WITH BLUE STRIPES,0.1496,837,98,249.9,25
84762A,WHITE PICNIC BARBECUE BUCKET,0.1496,837,43,380.45,27
84801A,PINK HYDRANGEA ART FLOWER,0.1496,837,272,427.44,15
84802A,WHITE ANEMONE ARTIFICIAL FLOWER,0.1496,837,171,288.99,21
84859B,BLUE DISCO HANDBAG,0.1496,837,279,417.43,15
90184C,BLACK CHUNKY BEAD BRACELET W STRAP,0.1496,837,48,429.6,26
90198A,VINTAGE ROSE BEAD BRACELET RASPBERR,0.1496,837,74,314.5,26
90203,SILVER CHARM NECKLACE 70CM,0.1496,837,59,442.5,25
90214M,"LETTER ""M"" BLING KEY RING",0.1496,837,79,87.23,29
17014D,ORIGAMI ROSE INCENSE CONES,0.1495,838,476,194.28,6
20660,VIP LUGGAGE TAG ,0.1495,838,71,88.75,27
20701,PINK CAT FLORAL CUSHION COVER ,0.1495,838,282,397.5,13
21338,MARAKESH LANTERN SMALL ,0.1495,838,196,848.35,12
23037,CANDLE HOLDER SILVER MADELINE,0.1495,838,193,315.29,18
23567,EGG CUP HENRIETTA HEN PINK,0.1495,838,186,232.5,20
35607B,BLACK FEATHER CHRISTMAS DECORATION,0.1495,838,310,58.9,16
47013A,WINE BOTTLE DRESSING LT.BLUE,0.1495,838,141,39.87,25
72750C,"F.FAIRY S/3 CANDLE/GLASS, ROSE",0.1495,838,232,476.4,15
79144C,PAINTED LIGHTBULB RAINBOW DESIGN,0.1495,838,171,68.22,23
82585,SWEET VALENCIA CANDLE+CUP,0.1495,838,119,139.63,24
84522,PINK PARTY SUNGLASSES,0.1495,838,178,298.5,20
84597B,RETRO BROWN BALL ASHTRAY ,0.1495,838,192,230.4,20
84762B,PINK PICNIC BARBECUE BUCKET,0.1495,838,82,574.3,21
84804A,CREAM DELPHINIUM ARTIFICIAL FLOWER,0.1495,838,215,387.53,17
84882,GREEN WIRE STANDING CANDLE HOLDER,0.1495,838,55,206.25,27
84905,PINK BUTTERFLY C/COVER ,0.1495,838,151,392.25,20
84908B,BLUE 5 PATCH FLOWER CUSHION COVER,0.1495,838,385,755.75,5
84915,HAND TOWEL PINK FLOWER AND DAISY,0.1495,838,208,335.5,18
84917,WHITE HAND TOWEL WITH BUTTERFLY,0.1495,838,183,477.85,17
85007,SET OF 3 VINTAGE TEA TIME BOXES,0.1495,838,136,362.4,21
85033G,SET/6 GOLD REINDEER T-LIGHT CANDLES,0.1495,838,198,223.6,20
85087,CANDY SPOT CUSHION COVER,0.1495,838,111,319.21,23
85185C,COW  SOCK PUPPET,0.1495,838,54,159.3,27
90082B,DIAMANTE BOW BROOCH RED COLOUR,0.1495,838,57,361.95,24
90085,CRYSTAL STILETTO PHONE CHARM,0.1495,838,207,175.95,19
90161D,ANT COPPER PINK BOUDICCA BRACELET,0.1495,838,74,363.85,24
16020C,CLEAR STATIONERY BOX SET ,0.1494,839,82,69.7,25
16244B,MAXWELL 2 TONE BLUE 60 PAGE PHOTO A,0.1494,839,309,612.85,8
20845,ZINC HEART LATTICE 2 WALL PLANTER,0.1494,839,73,463.55,21
22877,"NUMBER TILE COTTAGE GARDEN, 9",0.1494,839,116,226.2,22
23024,LARGE BONNE JAM JAR  T-LIGHT HOLDER,0.1494,839,252,657.08,11
23417,BATHROOM HOOK,0.1494,839,140,137.76,22
23476,WOODLAND LARGE RED FELT HEART,0.1494,839,198,247.5,18
23537,I LOVE LONDON WALL ART,0.1494,839,98,446.7,21
35818B,"ACRYLIC JEWEL ICICLE, BLUE",0.1494,839,403,168.38,8
35838B,S/6 SILVER ORNAMENETAL CANDLE,0.1494,839,97,82.45,24
35922,EASTER BUNNY WREATH,0.1494,839,72,342.4,22
37479P,CUBIC MUG FLOCK PINK ON BROWN,0.1494,839,125,70.35,23
45008C,DECORATIVE NET CANOPY CREAM,0.1494,839,68,541.6,20
46776F,WOVEN ROSE GARDEN CUSHION COVER ,0.1494,839,172,363.0,17
47013C,WINE BOTTLE DRESSING DARK BLUE,0.1494,839,126,31.61,24
47598,NEW ENGLAND EGG WARMER,0.1494,839,120,66.0,23
62086A,PINK RETRO BIG FLOWER BAG,0.1494,839,110,214.5,22
72606A,BROWN ANTIQUE CUBE CANDLE,0.1494,839,226,94.92,18
72739B,WHITE CHOCOLATE SCENT CANDLE,0.1494,839,351,244.35,10
79030A,"TUMBLER, ENGLISH ROSE",0.1494,839,151,249.15,20
84247K,"FOLK ART GREETING CARD,pack/12",0.1494,839,59,174.05,25
84595B,LARGE TRIFLE DESIGN L BLUE BOWL,0.1494,839,229,405.15,15
84706D,CHERRY BLOSSOM TABLE CLOCK ,0.1494,839,215,475.25,15
84770,ROUND GEORGIAN SILVER MIRROR,0.1494,839,89,283.55,23
84782C,GREEN 3 TIER GLASS PLATE STAND,0.1494,839,68,459.8,22
84798B,PURPLE FOXGLOVE ARTIIFCIAL FLOWER,0.1494,839,322,482.7,9
84801B,WHITE HYDRANGEA ART FLOWER,0.1494,839,202,319.8,16
84805B,BLUE CLIMBING HYDRANGA ART FLOWER,0.1494,839,339,547.65,8
84858B,BLUE RIVIERA HANDBAG,0.1494,839,326,431.0,9
84877B,GREEN ROUND COMPACT MIRROR,0.1494,839,225,293.75,16
84932B,SMALL PINK PEONY FOLDING STOOL,0.1494,839,189,401.3,17
85026B,EAU DE NILE JEWELLED T-LIGHT HOLDER,0.1494,839,151,128.35,21
90002D,FLOWER BURST SILVER RING CRYSTAL,0.1494,839,89,308.75,22
90086,CRYSTAL FROG PHONE CHARM,0.1494,839,189,138.33,19
90093,CLEAR CRYSTAL STAR PHONE CHARM,0.1494,839,173,127.49,20
90120D,WHITE MURANO TWIST BRACELET,0.1494,839,102,418.25,20
90160B,RED BOUDICCA LARGE BRACELET,0.1494,839,60,412.55,23
90160D,PINK BOUDICCA LARGE BRACELET,0.1494,839,68,472.6,22
20672,PINK TEATIME PRINT BOWL,0.1493,840,116,145.0,22
20818,GOLD TEDDY BEAR,0.1493,840,79,211.25,22
20837,FRENCH FLORAL CUSHION COVER ,0.1493,840,165,188.07,18
20903,VINTAGE KEEPSAKE BOX TRAVELOGUE,0.1493,840,102,330.9,20
21196,ROUND WHITE CONFETTI IN TUBE,0.1493,840,158,260.7,18
21226,POCKET MIRROR WOODLAND,0.1493,840,122,152.5,21
21252,SET OF MEADOW  FLOWER STICKERS,0.1493,840,161,375.65,16
21298,EDWARDIAN 2 DRAWER WALL CABINET ,0.1493,840,46,656.1,19
21460,GREEN EASTER EGG HUNT START POST,0.1493,840,88,171.6,22
21543,BUTTERFLY WATER TRANSFER TATTOOS ,0.1493,840,267,186.95,13
21639,ASSORTED TUTTI FRUTTI KEYRING,0.1493,840,241,204.85,15
21697,SET 5 MINI DOUGHNUT FRIDGE MAGNET ,0.1493,840,372,295.08,7
22870,"NUMBER TILE COTTAGE GARDEN, 2",0.1493,840,125,243.75,20
23016,GLASS TWIST BON BON JAR,0.1493,840,66,492.9,20
23018,LARGE APOTHECARY MEASURING JAR ,0.1493,840,50,587.2,20
23043,PAPER LANTERN 9 POINT HOLLY STAR 40,0.1493,840,75,468.75,19
23466,TUSCAN VILLA DOVECOTE,0.1493,840,48,390.0,22
23580,SNACK TRAY HAPPY FOREST  ,0.1493,840,110,214.5,21
35004P,SET OF 3 PINK FLYING DUCKS,0.1493,840,84,354.6,21
35594,WOODEN CHRISTMAS TREE 3 HANGING,0.1493,840,114,47.88,22
35645,VINTAGE BEAD PINK JEWEL BOX,0.1493,840,51,216.75,24
35838A,S/6 MULTICOLOUR ORNAMENETAL CANDLE,0.1493,840,171,176.75,18
35979,SIX STRING SCANDINAVIAN HEART DECS,0.1493,840,71,209.45,22
72739C,DARK CHOCOLATE SCENTCANDLE,0.1493,840,266,188.5,13
72799B,PURPLE PILLAR CANDLE BLACK FLOCK,0.1493,840,313,413.35,9
81952B,ROUND BLUE CLOCK W/SUCKER,0.1493,840,248,74.6,16
84247C,PACK/12 BLUE REINDEER CARD,0.1493,840,72,212.4,22
84388,WISE MAN STAR SHAPE EGG PAN,0.1493,840,68,85.74,25
84576,BLUE CAT BISCUIT BARREL PINK HEART,0.1493,840,84,264.0,21
84625B,BLCK NEW BAROQUE CANDLESTICK CANDLE,0.1493,840,168,268.8,18
84707B,PINK JEWELLED MIRROR TRINKET TRAY,0.1493,840,43,317.86,23
84762C,GREEN PICNIC BARBECUE BUCKET,0.1493,840,78,531.3,18
84857C,PINK MONTE CARLO HANDBAG,0.1493,840,192,400.6,15
84870B,BLUE GEISHA GIRL ,0.1493,840,54,202.5,23
84881,BLUE WIRE SPIRAL CANDLE HOLDER,0.1493,840,49,311.15,23
84899F,YELLOW PURPLE DAISY FELT PURSE KIT,0.1493,840,86,107.5,23
84918,CREAM C/COVER W YELLOW/GREEN FLOWER,0.1493,840,111,411.45,18
85080,PADDED RED HEART DECORATION,0.1493,840,113,55.76,22
85161,ACRYLIC GEOMETRIC LAMP,0.1493,840,25,459.75,22
85168B,BLACK BAROQUE CARRIAGE CLOCK,0.1493,840,37,348.67,23
85205A,IVORY FELT EASTER RABBIT GARLAND,0.1493,840,66,168.3,23
90081A,LILY BROOCH AMETHYST COLOUR,0.1493,840,48,237.6,23
90098,NECKLACE+BRACELET PINK BUTTERFLY,0.1493,840,53,135.15,24
90120B,BLUE MURANO TWIST BRACELET,0.1493,840,77,325.5,21
90145,SILVER HOOP EARRINGS WITH FLOWER,0.1493,840,50,297.5,23
90185C,BLACK DIAMANTE EXPANDABLE RING,0.1493,840,22,93.5,26
90201A,PURPLE ENAMEL FLOWER RING,0.1493,840,87,256.65,21
90201B,BLACK ENAMEL FLOWER RING,0.1493,840,94,277.3,21
16207B,PINK HEART RED HANDBAG,0.1492,841,211,315.96,13
17012E,ORIGAMI OPIUM INCENSE/CANDLE SET ,0.1492,841,240,236.4,12
20795,LARGE BLUE PROVENCAL CERAMIC BALL,0.1492,841,109,214.14,20
20847,ZINC HEART LATTICE CHARGER LARGE,0.1492,841,71,266.25,20
21304,ARCHED GREY MIRROR,0.1492,841,84,540.6,16
21461,BLUE EASTER EGG HUNT START POST,0.1492,841,72,140.4,22
21893,POTTING SHED SEED TIN,0.1492,841,164,523.0,13
23036,T-LIGHT HOLDER SILVER PETIT FOUR ,0.1492,841,182,227.5,15
23137,ZINC WIRE SWEETHEART LETTER TRAY,0.1492,841,80,253.24,20
23149,ANTIQUE IVORY WIRE BOWL SMALL,0.1492,841,86,214.14,21
23459,DOLLY CABINET 2 DRAWERS ,0.1492,841,30,375.0,21
23478,WOODLAND LARGE PINK FELT HEART,0.1492,841,278,307.18,10
23496,PANTRY KITCHEN THERMOMETER ,0.1492,841,88,110.0,22
23540,WALL ART THE MAGIC FOREST ,0.1492,841,146,890.54,10
23561,SET OF 6 RIBBONS PARTY,0.1492,841,167,458.63,13
35603C,SET/16 WHITE SHINY & MATT BAUBLES,0.1492,841,80,47.04,23
35809B,ENAMEL BLUE RIM TEA CONTAINER,0.1492,841,81,162.48,22
35913B,WHITE/PINK CHICK EASTER DECORATION,0.1492,841,97,82.45,21
35937,CERISE+GOLD CHRISTMAS STOCKING DEC,0.1492,841,188,71.44,17
37345,ASSTD HEARTS DESIGN MUGS,0.1492,841,318,536.1,6
71495B,CD WALL TIDY RED FLOWERS,0.1492,841,288,106.56,12
71510,SQUARE METAL CANDLEHOLDER BASE,0.1492,841,177,112.05,17
72051S,BAG OF SILVER STONES,0.1492,841,141,59.22,20
79406,FROSTED WHITE BASE ,0.1492,841,245,53.9,15
82011A,"BATHROOM SCALES, TROPICAL BEACH",0.1492,841,34,127.5,24
82095,HEART BUTTONS JEWELLERY BOX,0.1492,841,39,298.35,22
82607C,GLASS BONBON JAR. SUPERFINES,0.1492,841,90,112.5,21
84532B,FAIRY CAKES RECTANGLUAR BOXES,0.1492,841,38,226.1,23
84680,CLASSICAL ROSE URN,0.1492,841,92,356.4,18
84809B,PINK CHRYSANTHEMUMS ART FLOWER,0.1492,841,296,351.6,8
84830,LARGE ENGLISH ARBORETUM,0.1492,841,110,1144.3,8
84925A,WAKE UP COCKEREL WALL THERMOMETER,0.1492,841,177,328.95,15
84926C,FAIRY CAKES TILE COASTER,0.1492,841,119,148.75,20
84984C,ORIENTAL BLUE C/COVER ,0.1492,841,227,341.55,12
84985B,SET OF 72 BLACK PAPER DOILIES ,0.1492,841,122,176.9,19
85081,PADDED HOLLY CHRISTMAS DECORATION ,0.1492,841,100,44.49,21
85195,HANGING HEART BASKET,0.1492,841,144,263.04,17
90014A,SILVER/MOP ORBIT NECKLACE,0.1492,841,36,302.2,22
90030B,RED KUKUI COCONUT SEED NECKLACE,0.1492,841,122,191.3,19
90120A,PINK MURANO TWIST BRACELET,0.1492,841,68,289.0,21
90143,SILVER BRACELET W PASTEL FLOWER,0.1492,841,47,347.5,20
90195B,BLACK GEMSTONE BRACELET,0.1492,841,41,360.95,21
90201C,RED ENAMEL FLOWER RING,0.1492,841,83,244.85,20
90214G,"LETTER ""G"" BLING KEY RING",0.1492,841,62,53.5,23
20940,SET/6 GARDEN GNOME T-LIGHT CANDLES,0.1491,842,77,206.35,20
20952,PORCELAIN CHERUB BELL SMALL,0.1491,842,61,15.66,22
21369,MIRRORED WALL ART SPLODGES,0.1491,842,128,195.0,17
21582,KINGS CHOICE SMALL TUBE MATCHES,0.1491,842,117,193.05,17
22872,"NUMBER TILE COTTAGE GARDEN, 4",0.1491,842,115,224.25,18
22873,"NUMBER TILE COTTAGE GARDEN, 5",0.1491,842,107,208.65,18
22874,"NUMBER TILE COTTAGE GARDEN, 6",0.1491,842,114,222.3,18
22875,"NUMBER TILE COTTAGE GARDEN, 7",0.1491,842,110,214.5,18
23416,CHAMBRE HOOK,0.1491,842,123,155.07,18
23429,RED RETRO KITCHEN WALL CLOCK,0.1491,842,44,358.6,20
37506,NEW ENGLAND MILK JUG W GIFT BOX,0.1491,842,28,166.6,22
46776C,WOVEN FROST CUSHION COVER,0.1491,842,102,238.5,18
75011,BLUE DAISY MOBILE,0.1491,842,181,172.51,15
79026B,"S/4 ICON COASTER,ELVIS LIVES",0.1491,842,51,43.11,22
79063C,"RETRO PILL BOX KEY CHAIN,THE KING",0.1491,842,235,43.65,14
79532,MOSAIC GLASS BALL CANDLEHOLDER,0.1491,842,96,120.0,19
82553,POP'S GREASY SPOON METAL SIGN,0.1491,842,86,141.9,20
84288B,SET/2 BLUE  NOODLE BASKETS,0.1491,842,55,107.25,22
84306,S/3 PINK SQUARE PLANTERS ROSES,0.1491,842,35,383.25,19
84437A,S/6 PINK EASTER DECS IN BOX,0.1491,842,105,89.25,19
84458,S/3 RABBIT FLOWER/EGG/CARROT ROPE,0.1491,842,123,104.55,19
84527,FLAMES SUNGLASSES PINK LENSES,0.1491,842,71,131.25,20
84533B,FAIRY CAKES ROUND NESTING BOXES,0.1491,842,52,293.8,19
84627,CANDY STRIPE ROSE C/COVER ,0.1491,842,42,249.9,21
84751B,BLACK MEDIUM GLASS CAKE STAND,0.1491,842,35,107.57,22
84870C,GREEN GEISHA GIRL ,0.1491,842,54,202.5,21
84906,PINK B'FLY C/COVER W BOBBLES,0.1491,842,57,275.15,19
84967B,BLUE KASHMIRI OCCASIONAL TABLE,0.1491,842,20,1029.55,12
84984D,ORIENTAL RED C/COVER ,0.1491,842,152,328.0,15
85089,CANDY SPOT BUNNY,0.1491,842,87,249.45,19
85147,JARDIN ETCHED GLASS CANDLEHLDR LONG,0.1491,842,59,292.05,20
90032,IVORY SHELL HEART NECKLACE,0.1491,842,45,253.17,21
90082A,DIAMANTE BOW BROOCH GREEN COLOUR,0.1491,842,42,266.7,20
90114,SUMMER DAISIES BAG CHARM,0.1491,842,84,214.2,19
90160A,PURPLE BOUDICCA LARGE BRACELET,0.1491,842,37,257.15,21
90192,JADE DROP EARRINGS W FILIGREE,0.1491,842,56,277.2,20
90214H,"LETTER ""H"" BLING KEY RING",0.1491,842,50,50.02,23
16161C,WRAP SPEED DEMONS ,0.149,843,450,45.0,2
16207A,PINK STRAWBERRY HANDBAG ,0.149,843,55,162.25,19
20799,PINK MILKSHAKE GLASS,0.149,843,165,211.3,14
20814,SILVER FINCH DECORATION,0.149,843,174,190.14,14
21759,METAL WALL SHELF UNIT WITH HOOKS,0.149,843,27,968.08,11
22878,"NUMBER TILE COTTAGE GARDEN, No",0.149,843,97,203.7,17
22884,NUMBER TILE VINTAGE FONT 5,0.149,843,86,117.9,19
22885,NUMBER TILE VINTAGE FONT 6 ,0.149,843,92,129.6,18
22987,"WRAP , SUMMER ROSE DESIGN",0.149,843,250,105.0,10
23116,VEGETABLE GARDEN CHOPPING BOARD,0.149,843,70,317.7,17
23141,TRIPLE WIRE HOOK PINK HEART,0.149,843,68,215.0,18
23410,CURIO CABINET LINEN AND LACE ,0.149,843,35,281.95,19
35600D,PINK AND WHITE CHRISTMAS TREE 180CM,0.149,843,140,476.0,12
35610B,BLACK CHRISTMAS FLOCK DROPLET ,0.149,843,179,144.07,14
35637C,PINK STRING CURTAIN WITH POLE,0.149,843,97,273.35,16
35931,PINK STAR CHRISTMAS DECORATION,0.149,843,156,78.12,15
37489A,YELLOW/PINK FLOWER DESIGN BIG MUG,0.149,843,43,33.93,22
37489D,PINK/GREEN FLOWER DESIGN BIG MUG,0.149,843,46,28.86,21
46138B,BLUE CHENILLE SHAGGY CUSHION COVER ,0.149,843,46,63.3,21
72140F,HAPPY ANNIVERSARY CANDLE LETTERS,0.149,843,175,69.18,15
78033,FLAG OF ST GEORGE CHAIR,0.149,843,70,334.9,16
79534,MULTICOLOUR GLASS PLATE,0.149,843,116,63.8,18
82081,PINK HEARTS PHOTO ALBUM,0.149,843,159,336.25,12
84081,WHITE CERAMIC PARTY SET (5PCS),0.149,843,93,333.33,16
84803A,PINK ALLIUM  ARTIFICIAL FLOWER,0.149,843,106,179.14,17
85167A,WHITE GRAND BAROQUE PHOTO FRAME,0.149,843,147,298.5,13
90010B,BLACK/WHITE GLASS/SILVER BRACELET,0.149,843,44,393.8,18
90094,NECKLACE+BRACELET SET FRUIT SALAD ,0.149,843,34,86.7,21
90129B,TURQUOISE GLASS TASSLE BAG CHARM ,0.149,843,65,191.75,18
90162B,ANT SILVER LIME GREEN BOUDICCA RING,0.149,843,53,156.35,20
90180A,BLACK+WHITE NECKLACE W TASSEL,0.149,843,35,306.25,19
90209A,PURPLE ENAMEL+GLASS HAIR COMB,0.149,843,164,306.6,12
90210B,CLEAR ACRYLIC FACETED BANGLE,0.149,843,95,211.25,17
10138,ASSORTED COLOUR JUMBO PEN,0.1489,844,53,21.84,20
16169D,WRAP WINTER FOREST,0.1489,844,250,105.0,9
16206B,RED PURSE WITH PINK HEART,0.1489,844,96,116.4,16
17014A,ORIGAMI VANILLA INCENSE CONES,0.1489,844,247,111.81,9
18096C,WHITE ROUND PORCELAIN TLIGHT HOLDER,0.1489,844,94,210.9,15
20697,LITTLE GREEN MONSTER SOFT TOY,0.1489,844,38,91.5,19
20698,LITTLE PINK MONSTER SOFT TOY,0.1489,844,43,104.25,19
20902,VINTAGE KEEPSAKE BOX PARIS DAYS,0.1489,844,69,313.35,15
21300,ANTIQUE EDWARDIAN DRESSER,0.1489,844,42,609.9,13
21321,GLASS CHALICE BLUE  LARGE ,0.1489,844,93,211.05,16
21734,SMALL MARAKESH LANTERN ON STICK,0.1489,844,49,183.75,18
22330,72 ROUND PINK DOILIES,0.1489,844,103,149.35,16
22864,MUG AND COASTER SET RED CIRCLES,0.1489,844,378,158.76,2
22868,"NUMBER TILE COTTAGE GARDEN, 0 ",0.1489,844,111,216.45,14
23015,CORDIAL GLASS JUG,0.1489,844,29,239.25,19
23151,ZINC SWEETHEART SOAP DISH,0.1489,844,59,104.41,19
23430,BLUE RETRO KITCHEN WALL CLOCK,0.1489,844,35,285.25,17
35816P,"ACRYLIC JEWEL ANGEL,PINK",0.1489,844,292,124.88,7
37483,ENGLISH ROSE MUG IN GIFT BOX,0.1489,844,142,230.34,13
47348A,FUSCHIA VOILE POINTY SHOE DEC,0.1489,844,103,62.01,16
72781,BLACK SILOUETTE CANDLE PLATE ,0.1489,844,114,214.8,15
72812,LARGE ZINC/GLASS CANDLEHOLDER,0.1489,844,78,175.98,16
79315W,FLYING SAUCER TABLE LIGHT IN WHITE,0.1489,844,191,563.45,7
82076,BEECH WOOD PHOTO FRAME ,0.1489,844,271,338.75,6
84465,15 PINK FLUFFY CHICKS IN BOX,0.1489,844,29,85.55,20
84601A,NEW BAROQUE IVORY CUSHION COVER ,0.1489,844,104,420.2,13
84706F,RED PEONY TABLE CLOCK,0.1489,844,32,190.4,18
84745B,BLUE HANGING GINGHAM EASTER HEN,0.1489,844,83,34.86,18
84767,ZINC POLICE BOX LANTERN,0.1489,844,193,783.7,4
84798A,PINK FOXGLOVE ARTIIFCIAL FLOWER,0.1489,844,174,378.9,10
84877D,BLUE ROUND COMPACT MIRROR,0.1489,844,101,173.75,15
85190,PINK FLOWER HANGING HEART ,0.1489,844,127,107.95,15
90010E,AMBER GLASS/SILVER BRACELET,0.1489,844,28,244.15,19
90119,METALIC LEAVES BAG CHARMS,0.1489,844,67,166.17,18
90120C,GREEN MURANO TWIST BRACELET,0.1489,844,61,259.25,17
90123A,PINK HEART OF GLASS BRACELET,0.1489,844,35,208.25,18
90148,LONG SILVER NECKLACE PASTEL FLOWER,0.1489,844,24,306.0,17
90175C,BLUE GLASS CHUNKY CHARM BRACELET,0.1489,844,34,304.3,17
90185D,CRYSTAL DIAMANTE EXPANDABLE RING,0.1489,844,45,191.25,18
90201D,GREEN ENAMEL FLOWER RING,0.1489,844,83,244.85,16
90214D,"LETTER ""D"" BLING KEY RING",0.1489,844,65,58.21,19
90214N,"LETTER ""N"" BLING KEY RING",0.1489,844,49,48.77,19
90214P,"LETTER ""P"" BLING KEY RING",0.1489,844,52,41.0,19
90214R,"LETTER ""R"" BLING KEY RING",0.1489,844,52,52.52,19
10124A,SPOTS ON RED BOOKCOVER TAPE,0.1488,845,58,24.36,18
16119,FUNKY GIRL ADDRESS BOOK,0.1488,845,271,128.21,7
20784,RED RETRO BAR STOOL,0.1488,845,25,930.75,9
20786,BLACK RETRO BAR STOOL,0.1488,845,20,751.0,11
20901,VINTAGE KEEPSAKE BOX PINK FLOWER,0.1488,845,31,196.85,17
20987,GEISHA GIRL CHOPSTICKS SET/5,0.1488,845,117,228.15,12
21193,WHITE HONEYCOMB PAPER FAN ,0.1488,845,84,158.36,15
21339,MARAKESH LANTERN LARGE,0.1488,845,30,544.5,13
21341,KASBAH LANTERN WITH GLASS ,0.1488,845,56,250.8,15
21370,MIRRORED WALL ART FOXY,0.1488,845,48,175.35,16
22876,"NUMBER TILE COTTAGE GARDEN, 8",0.1488,845,108,210.6,13
22881,"NUMBER TILE VINTAGE FONT, 2",0.1488,845,89,123.75,15
22889,"NUMBER TILE VINTAGE FONT, No ",0.1488,845,154,181.68,12
35824C,"HANGING FLOWERS+MIRROR,CLEAR",0.1488,845,235,117.05,8
35824P,"HANGING FLOWERS+MIRROR,PINK",0.1488,845,324,136.44,3
37485,ENGLISH ROSE TEA SET IN GIFT BOX,0.1488,845,49,207.69,16
44089C,LILAC GAUZE BUTTERFLY LAMPSHADE,0.1488,845,68,28.56,18
47347B,BLUE FLOWER T-LIGHT HOLDER,0.1488,845,236,169.72,7
47592B,SCOTTIES DESIGN CHILD'S OVERALL,0.1488,845,47,98.7,18
71215,METAL BASE FOR CANDLES,0.1488,845,177,68.1,12
71495A,CD WALL TIDY BLUE OFFICE,0.1488,845,212,77.52,10
71496A,A4 WALL TIDY BLUE OFFICE,0.1488,845,228,124.44,8
72024U,LILAC VOTIVE CANDLE,0.1488,845,218,45.78,10
72129,COLUMBIAN CANDLE ROUND ,0.1488,845,73,47.45,17
72753D,S/3 FLWR FAIRY SUMMER CANDLES,0.1488,845,128,268.8,11
72754A,FLOWER FAIRY POTPOURRI CUSHION LILY,0.1488,845,292,201.24,5
79161A,ST GEORGE SET OF 10 PARTY LIGHTS,0.1488,845,51,150.45,16
84226,HEN HOUSE W FAMILY IN BARN & NEST,0.1488,845,75,56.61,17
84251C,"GREETING CARD, TWO SISTERS.",0.1488,845,132,25.08,14
84455,SET OF 3 RABBIT CARROTS EASTER,0.1488,845,78,66.3,16
84509E,CAROUSEL PLACEMATS ,0.1488,845,133,187.31,12
84632,DECORATIVE HANGING SHELVING UNIT,0.1488,845,13,739.35,11
84726,LILLIES CANVAS PICTURE,0.1488,845,233,394.85,5
84745A,PINK HANGING GINGHAM EASTER HEN,0.1488,845,72,30.24,17
84807,RED POPPY ARTIFICIAL FLOWER,0.1488,845,233,215.93,7
84952A,CLEAR LOVE BIRD T-LIGHT HOLDER,0.1488,845,84,249.11,14
84965B,BLUE KASHMIRI COFFEE TABLE ,0.1488,845,27,1359.95,4
85185F,LION SOCK PUPPET,0.1488,845,35,103.25,18
90016B,GOLD/M.O.P PENDANT ORBIT NECKLACE,0.1488,845,22,187.0,17
90018A,SILVER M.O.P ORBIT DROP EARRINGS,0.1488,845,32,136.0,17
90019A,SILVER M.O.P ORBIT BRACELET,0.1488,845,32,158.4,17
90040B,MURANO STYLE GLASS BRACELET BLACK,0.1488,845,46,161.0,17
90112,PINK DOLLY HAIR CLIPS,0.1488,845,70,73.5,16
90124A,PINK MURANO TWIST NECKLACE,0.1488,845,26,258.7,16
90125A,PINK BERTIE GLASS BEAD BAG CHARM,0.1488,845,128,133.8,13
90129C,GREEN GLASS TASSLE BAG CHARM,0.1488,845,50,147.5,17
90157,RIVIERA NECKLACE,0.1488,845,44,217.8,16
90185B,AMETHYST DIAMANTE EXPANDABLE RING,0.1488,845,25,106.25,18
90210D,PURPLE ACRYLIC FACETED BANGLE,0.1488,845,131,204.65,12
16202E,BLACK PHOTO ALBUM ,0.1487,846,80,145.05,14
16256C,HEARTS PENCIL/RUBBER+5 MINI PENCILS,0.1487,846,155,65.1,11
17011A,ORIGAMI VANILLA INCENSE+FLOWER ,0.1487,846,254,150.0,6
17011C,ORIGAMI LAVENDER INCENSE+FLOWER,0.1487,846,334,217.1,1
20664,TROPICAL HOLIDAY PURSE ,0.1487,846,31,91.45,16
20796,SMALL BLUE PROVENCAL CERAMIC BALL,0.1487,846,88,145.2,13
20827,GOLD APERITIF GLASS,0.1487,846,173,209.36,8
20861,GOLD COSMETIC BAG PINK STAR,0.1487,846,45,94.5,16
21674,RIDGED GLASS PENDANT LAMPSHADE,0.1487,846,43,680.85,9
21764,VINTAGE WOODEN PLATE RACK,0.1487,846,16,619.2,12
22871,"NUMBER TILE COTTAGE GARDEN, 3 ",0.1487,846,108,210.6,12
22880,"NUMBER TILE VINTAGE FONT, 1",0.1487,846,81,108.15,14
22886,"NUMBER TILE VINTAGE FONT, 7",0.1487,846,82,110.1,14
22887,"NUMBER TILE VINTAGE FONT, 8",0.1487,846,78,102.3,14
23465,TUSCAN VILLA FEEDING STATION,0.1487,846,28,231.0,15
35633B,BLUE TINSEL GARLAND ,0.1487,846,130,24.7,12
35915A,CREAM KNITTED HEN,0.1487,846,288,365.76,1
35973,GERANIUM FOLKART HEART DECORATION,0.1487,846,47,58.75,16
37489B,BLUE/YELLOW FLOWER DESIGN BIG MUG,0.1487,846,38,30.42,17
47351B,BLUE  VOILE LAMPSHADE,0.1487,846,50,147.5,15
72750D,F.FAIRY S/3 CANDLE/GLASS,0.1487,846,110,226.5,11
72799D,BLUE PILLAR CANDLE SILVER FLOCK,0.1487,846,65,182.15,14
72821,CUPID SCENTED CANDLE IN GLASS,0.1487,846,58,95.7,16
79063D,"RETRO PILL BOX , REVOLUTIONARY",0.1487,846,188,34.72,10
84227,HEN HOUSE W CHICK IN NEST,0.1487,846,112,47.04,13
84292,ROSE PINK METAL FOLDING CHAIR,0.1487,846,41,325.95,13
84313A,PINK TV TRAY TABLE ,0.1487,846,34,144.5,16
84462,3 PINK HEN+CHICKS IN BASKET,0.1487,846,99,112.35,13
84510E,SET OF 4 GREEN CAROUSEL COASTERS,0.1487,846,128,67.8,13
84555A,YELLOW VW BEETLE CERAMIC MONEY BOX,0.1487,846,46,130.9,16
84661C,PINK SQUARE TABLE CLOCK,0.1487,846,137,124.55,12
84711A,SILVER OVAL SHAPE TRINKET BOX,0.1487,846,31,308.45,14
84753A,PINK EAU DE COLOGNE BOTTLE,0.1487,846,85,72.25,15
84893,ANT WHITE IRON BASKET,0.1487,846,33,186.35,15
85168A,WHITE BAROQUE CARRIAGE CLOCK,0.1487,846,22,218.9,15
90003D,CRYSTAL PAIR HEART HAIR SLIDES,0.1487,846,28,105.0,17
90010A,MIDNIGHT BLUE GLASS/SILVER BRACELET,0.1487,846,25,217.3,15
90099,NECKLACE+BRACELET SET BLUE HIBISCUS,0.1487,846,29,73.95,17
90108,BLUE BLOSSOM HAIR CLIP,0.1487,846,91,95.55,14
90122C,TURQUOISE CRYSTAL+GLASS BRACELET,0.1487,846,38,188.1,15
90129A,PINK GLASS TASSLE BAG CHARM ,0.1487,846,35,103.25,16
90146,FINE SILVER NECKLACE W PASTEL FLOWE,0.1487,846,33,213.75,15
90162C,ANT SILVER FUSCHIA BOUDICCA RING,0.1487,846,42,123.9,16
90175D,TIGRIS EYE CHUNKY CHARM BRACELET,0.1487,846,28,250.6,15
90178A,AMBER CHUNKY GLASS+BEAD NECKLACE,0.1487,846,21,250.95,15
90186A,AMETHYST HOOP EARRING FLORAL LEAF,0.1487,846,48,141.6,16
90208,PAIR OF ENAMEL FLOWER CLUSTER SLIDE,0.1487,846,86,203.1,13
90214B,"LETTER ""B"" BLING KEY RING",0.1487,846,47,47.23,16
16248B,BLUE HOLE PUNCH,0.1486,847,81,101.25,12
20833,SHAKER THROW  QUILTED,0.1486,847,51,761.85,6
20896,VINTAGE NOTEBOOK PINK FLOWER,0.1486,847,38,112.1,14
20957,PORCELAIN HANGING BELL SMALL,0.1486,847,66,95.7,13
20968,GREEN FLORAL FELTCRAFT SHOULDER BAG,0.1486,847,37,138.75,15
21102,"CANDLE IN JAR COLLAGE , VANILLA",0.1486,847,65,165.75,12
21308,LOUVRE VANITY MIRROR,0.1486,847,127,637.95,4
22883,"NUMBER TILE VINTAGE FONT, 4",0.1486,847,85,115.95,13
23574,PACKING CHARGE,0.1486,847,12,90.0,16
35911B,PINK/FLOWER RABBIT EGG WARMER ,0.1486,847,57,119.7,13
35963,FOLKART ZINC CLIP ON ANGEL WINGS,0.1486,847,101,38.38,13
37492A,YELLOW RED FLOWER PIGGY BANK,0.1486,847,106,201.9,11
37509,NEW ENGLAND MUG W GIFT BOX,0.1486,847,27,68.85,15
44236,PINK/PURPLE CIRCLE CURTAIN,0.1486,847,64,112.32,13
46776E,WOVEN CANDY CUSHION COVER ,0.1486,847,93,193.95,11
47341B,BLUE TABLE RUN FLOWER,0.1486,847,48,67.5,14
71143,SILVER BOOK MARK WITH BEADS,0.1486,847,78,66.3,13
72709,IVORY SCULPTED RND CANDLE ,0.1486,847,74,62.9,13
72754B,F FAIRY POTPOURRI CUSHIONS LAVENDER,0.1486,847,170,137.54,8
72779,SET/6 BLACK ROSE T-LIGHT CANDLES,0.1486,847,48,81.12,15
84255B,ORANGE COCKTAIL GLASS LAMP,0.1486,847,60,126.0,14
84414B,FUSCHIA/GREEN STRIPE WOOLLY BLANKET,0.1486,847,77,497.15,8
84454,WOBBLING METAL CHICKEN EASTER,0.1486,847,85,72.25,13
84464,S/60 PINK FLUFFY CHICKS IN BOX,0.1486,847,82,179.1,11
84537B,FAIRY CAKES GIFT BAG,0.1486,847,117,49.14,11
84613C,BLUE NEW BAROQUE FLOCK CANDLESTICK,0.1486,847,62,258.06,12
84623,PINK GINGHAM ROSE FLOOR CUSHION,0.1486,847,53,261.35,12
84629,WHITE 3 FRAME BIRDS AND TREE ,0.1486,847,23,232.85,14
84690,S/2 BEACH HUT STOOLS,0.1486,847,24,190.8,14
84723,CHERRY BLOSSOM CANVAS ART PICTURE,0.1486,847,48,153.6,14
84845C,CARNATION SQUARE HANDY TIN,0.1486,847,39,48.75,15
84877A,PINK ROUND COMPACT MIRROR,0.1486,847,46,142.5,14
84899E,YELLOW + BROWN BEAR FELT PURSE KIT,0.1486,847,45,56.25,15
84963A,PINK PAINTED KASHMIRI CHAIR,0.1486,847,22,713.4,8
85095,THREE CANVAS LUGGAGE TAGS,0.1486,847,90,143.86,11
90002A,FLOWER BURST SILVER RING OPAL,0.1486,847,36,135.0,15
90014B,GOLD M PEARL  ORBIT NECKLACE,0.1486,847,19,175.05,15
90014C,SILVER/BLACK ORBIT NECKLACE,0.1486,847,23,221.85,14
90088,CRYSTAL KEY+LOCK PHONE CHARM,0.1486,847,74,62.9,14
90122A,PINK CRYSTAL+GLASS BRACELET,0.1486,847,36,178.2,14
90122B,JADE CRYSTAL+GLASS BRACELET,0.1486,847,34,168.3,14
90125D,PURPLE BERTIE GLASS BEAD BAG CHARM,0.1486,847,102,124.2,11
90159,COTE D'AZURE NECKLACE,0.1486,847,33,163.35,15
90161A,ANT COPPER RED BOUDICCA BRACELET,0.1486,847,39,193.05,14
90191,SILVER LARIAT 40CM,0.1486,847,32,241.4,14
90210A,GREY ACRYLIC FACETED BANGLE,0.1486,847,78,179.7,12
PADS,PADS TO MATCH ALL CUSHIONS,0.1486,847,16,-36.58,18
TEST001,This is a test product.,0.1486,847,45,202.5,13
16162M,THE KING GIFT BAG 25x24x12cm,0.1485,848,86,36.12,12
16201A,PASTEL PINK PHOTO ALBUM,0.1485,848,98,195.9,9
16202C,BEIGE PHOTO ALBUM,0.1485,848,94,201.3,10
16243B,BROWN COZY SQUARE PHOTO ALBUM,0.1485,848,205,399.75,1
16244A,MAXWELL 2 TONE PINK 60 PAGE PHOTO A,0.1485,848,142,293.0,6
17013B,ORIGAMI JASMINE INCENSE IN TUBE,0.1485,848,255,217.6,2
20899,VINTAGE NOTEBOOK RED ROSE,0.1485,848,44,129.8,13
23440,PAINT YOUR OWN EGGS IN CRATE,0.1485,848,164,299.36,5
35265,COLOURFUL FLOWER FRUIT BOWL,0.1485,848,20,78.05,15
35610A,PINK CHRISTMAS FLOCK DROPLET ,0.1485,848,138,92.82,8
35638B,PINK/BLUE STRING CURTAIN ,0.1485,848,115,268.25,8
35793,S/3 PUPPIES CHRISTMAS DECORATIONS,0.1485,848,101,174.05,9
35815P,"ACRYLIC JEWEL SNOWFLAKE, PINK",0.1485,848,168,75.88,7
35910A,MULTICOLOUR EASTER RABBIT ,0.1485,848,52,101.4,12
47583A,SET OF 3 WICKER BASKET ROSE,0.1485,848,68,511.9,7
72715,SPHERICAL IVORY CANDLE ,0.1485,848,82,34.44,12
72793,BLACK BOX MIRROR LANTERN,0.1485,848,54,262.8,11
75172,PAINTED SEA SHELL METAL WINDCHIME,0.1485,848,97,100.31,11
77079,DOLPHIN WINDMILL,0.1485,848,62,131.44,11
84029D,LEOPARD PRINT HOT WATER BOTTLE,0.1485,848,46,153.3,12
84086B,YELLOW/BLUE RETRO RADIO,0.1485,848,23,67.85,14
84247H,PACK/12 DECOUPAGE CARD,0.1485,848,24,70.8,15
84548,CROCHET BEAR RED/BLUE  KEYRING,0.1485,848,41,67.65,13
84575A,PINK DOG CANNISTER,0.1485,848,23,92.85,14
84621,BLUE GINGHAM ROSE FLOOR CUSHION ,0.1485,848,27,214.65,13
84705C,PINK FLOCK PHOTO FRAME ,0.1485,848,160,213.6,6
84706A,ENGLISH ROSE TABLE CLOCK,0.1485,848,136,307.2,6
84805A,CREAM CLIMBING HYDRANGA ART FLOWER,0.1485,848,145,205.35,7
84921,CREAM AND PINK FLOWERS PONY ,0.1485,848,27,101.25,14
84933A,LARGE GREEN PEONY FOLDING STOOL,0.1485,848,131,314.35,6
84933B,LARGE PINK PEONY FOLDING STOOL,0.1485,848,136,309.15,6
84933C,LARGE BLUE ORIENTAL FOLDING STOOL,0.1485,848,136,317.0,6
84965A,PINK KASHMIRI COFFEE TABLE ,0.1485,848,20,1050.0,3
90000A,RASPBERRY ANT COPPER FLOWER NECKLAC,0.1485,848,25,148.75,14
90000D,COPPER/OLIVE GREEN FLOWER NECKLACE,0.1485,848,25,148.75,13
90036A,FLOWER GARLAND NECKLACE RED,0.1485,848,21,166.95,14
90036D,"FLOWER GLASS GARLAND NECKL.36""BLACK",0.1485,848,34,270.3,12
90070,RUBY GLASS CLUSTER BRACELET,0.1485,848,28,166.6,13
90081C,LILY BROOCH OLIVE COLOUR,0.1485,848,27,133.65,13
90089,PINK CRYSTAL SKULL PHONE CHARM,0.1485,848,88,66.22,11
90129F,RED GLASS TASSLE BAG CHARM,0.1485,848,35,103.25,14
90184A,AMBER CHUNKY BEAD BRACELET W STRAP,0.1485,848,29,259.55,12
90186B,CRYSTAL HOOP EARRING FLORAL LEAF,0.1485,848,36,106.2,13
90194,SILVER LARIAT BLACK STONE EARRINGS,0.1485,848,25,106.25,14
90210C,RED   ACRYLIC FACETED BANGLE,0.1485,848,113,171.95,9
17027A,INCENSE BAZAAR CANNABIS,0.1484,849,228,84.84,2
17129C,SKY BLUE COLOUR GLASS GEMS IN BAG,0.1484,849,84,56.28,10
17191A,ROSE FLOWER CANDLE+INCENSE 16X16CM,0.1484,849,33,123.75,12
20693,FLORAL DINOSAUR GREEN,0.1484,849,25,106.25,13
20821,GOLDIE LOOKING MIRROR,0.1484,849,12,59.4,13
20848,ZINC HEART LATTICE CHARGER SMALL,0.1484,849,39,115.05,12
20994,JAZZ HEARTS SPIRAL NOTEPAD,0.1484,849,47,39.95,12
22879,"NUMBER TILE VINTAGE FONT, 0",0.1484,849,71,88.65,10
22888,NUMBER TILE VINTAGE FONT 9 ,0.1484,849,66,77.14,10
23143,ZINC WIRE KITCHEN ORGANISER,0.1484,849,25,156.8,12
23304,SET 4 PICNIC CUTLERY CHERRY ,0.1484,849,71,138.45,9
23305,SET 4 PICNIC CUTLERY BLUEBERRY,0.1484,849,82,159.9,9
23447,PINK BUNNY EASTER EGG BASKET,0.1484,849,158,231.9,4
23578,SNACK TRAY RED GINGHAM,0.1484,849,56,109.2,11
35916C,PINK FELT HANGING HEART W FLOWER,0.1484,849,85,72.25,9
37468,HARDMAN MUG 3 ASSORTED,0.1484,849,63,24.57,12
40005B,BLUE ORGANDY ROUND LAMPSHADE W BEA,0.1484,849,33,28.05,13
44089A,PINK GAUZE BUTTERFLY LAMPSHADE,0.1484,849,39,16.38,12
44242B,PINK FEATHERS CURTAIN,0.1484,849,106,117.78,8
45016,DECORATIVE NET CANOPY LEOPARD,0.1484,849,73,248.75,9
48103,DOOR MAT KISS MY.......,0.1484,849,35,201.73,10
62043B,BLUE CHECK BAG W HANDLE 34X20CM,0.1484,849,53,74.33,11
79303D,LILAC FLOWER BLOCK TABLE LAMP,0.1484,849,62,182.9,9
84206A,3 BLACK CATS W HEARTS BLANK CARD,0.1484,849,79,15.01,10
84456,SET OF 3 RABBIT EGG EASTER,0.1484,849,21,17.85,13
84529C,YELLOW KNITTED KIDS RUCKSACK,0.1484,849,33,222.75,11
84596I,WRAP SWEETS LIGHT PINK SMALL BOWL,0.1484,849,71,78.11,10
84656,WHITE ROSE C/COVER,0.1484,849,20,119.0,12
84709A,SILVER OVAL JEWELLED MIRROR,0.1484,849,21,124.95,12
84711B,PINK OVAL SHAPE TRINKET BOX,0.1484,849,20,199.0,12
84855,BLOKEY SILVER TOOL SET,0.1484,849,31,153.45,12
84964B,BLUE PAINTED KASHMIRI TABLE ,0.1484,849,17,990.0,2
85023C,PINK LARGE JEWELED PHOTOFRAME,0.1484,849,22,56.1,13
85179C,PINK BITTY LIGHT CHAIN,0.1484,849,77,126.85,10
90002C,FLOWER BURST SILVER RING MIDN'T BLU,0.1484,849,23,86.25,12
90013A,MIDNIGHT BLUE VINTAGE EARRINGS,0.1484,849,33,123.75,11
90030C,BROWN KUKUI COCONUT SEED NECKLACE,0.1484,849,81,115.65,10
90092,BLUE CRYSTAL BOOT PHONE CHARM,0.1484,849,64,54.4,11
90096,NECKLACE+BRACELET SET BLUE BLOSSOM,0.1484,849,31,79.05,12
90104,PURPLE FRANGIPANI HAIRCLIP,0.1484,849,57,48.45,12
90116,FRUIT SALAD BAG CHARM,0.1484,849,44,74.36,11
90124B,BLUE MURANO TWIST NECKLACE,0.1484,849,20,199.0,11
90129D,AMBER GLASS TASSLE BAG CHARM,0.1484,849,37,109.15,12
90129E,PURPLE GLASS TASSLE BAG CHARM,0.1484,849,37,109.15,11
90149,SILVER FLOWR PINK SHELL NECKLACE,0.1484,849,60,395.28,7
90155,RESIN NECKLACE W PASTEL BEADS,0.1484,849,21,157.5,12
90162D,ANT SILVER PURPLE BOUDICCA RING,0.1484,849,26,76.7,12
90170,DAISY HAIR BAND,0.1484,849,55,90.75,11
90185A,AMBER DIAMANTE EXPANDABLE RING,0.1484,849,23,97.75,12
90199B,5 STRAND GLASS NECKLACE AMETHYST,0.1484,849,17,107.95,12
90214F,"LETTER ""F"" BLING KEY RING",0.1484,849,29,23.77,13
90214I,"LETTER ""I"" BLING KEY RING",0.1484,849,38,35.02,13
90214O,"LETTER ""O"" BLING KEY RING",0.1484,849,31,27.23,13
90214T,"LETTER ""T"" BLING KEY RING",0.1484,849,43,42.23,12
17011D,ORIGAMI ROSE INCENSE+FLOWER,0.1483,850,207,129.3,2
18097A,PINK TALL PORCELAIN T-LIGHT HOLDER ,0.1483,850,17,43.35,12
20787,BLUE RETRO BAR STOOL,0.1483,850,11,435.45,8
20835,FRENCH LATTICE CUSHION COVER ,0.1483,850,78,64.98,8
21003,ROSE DU SUD CUSHION COVER,0.1483,850,22,139.7,11
23446,BLUE BUNNY EASTER EGG BASKET,0.1483,850,157,230.25,3
23468,TUSCAN VILLA BIRD TABLE ,0.1483,850,19,156.75,11
23477,WOODLAND LARGE BLUE FELT HEART,0.1483,850,85,106.25,8
35819P,"ACRYLIC HANGING JEWEL,PINK",0.1483,850,95,66.55,7
35822B,"ACRYLIC BEAD CHAIN, BLUE",0.1483,850,229,87.02,1
37399,"ASS RETROSPOOF MUGS,SPORTS",0.1483,850,143,75.0,6
37462E,"PET MUG, GOLDFISH",0.1483,850,81,28.27,9
44091C,MULTICOLOUR CRUSOE CHECK LAMPSHADE,0.1483,850,48,20.16,10
46775E,CANDY POP CHUNKY KNITTED THROW ,0.1483,850,15,254.25,10
47344B,BLUE FLOWER DES PURSE,0.1483,850,54,56.16,10
47552A,DOTS IRONING BOARD COVER,0.1483,850,10,20.1,12
62074B,ELEPHANT CLIP W SUCTION CUP,0.1483,850,34,14.28,11
72771B,BURG FLOCK GOLD CUP/CANDLE ,0.1483,850,115,48.3,7
72796B,S/3 FRENCH VANILLA SQU CANDLE,0.1483,850,26,42.9,12
72798C,SET/4 GARDEN ROSE DINNER CANDLE,0.1483,850,24,39.6,11
79149B,SILICON STAR BULB  BLUE,0.1483,850,29,12.18,12
79303B,BLUE STAR BLOCK TABLE LAMP,0.1483,850,103,303.85,4
79329,PINK FLOCK GLASS CANDLEHOLDER,0.1483,850,100,65.94,7
79331,PINK FLOCK GLASS CANDLEHOLDER,0.1483,850,60,73.6,9
81950V,FLOWER PURPLE CLOCK W/SUCKER,0.1483,850,32,18.8,11
82093,HEART SHAPE BUTTON FRAME ,0.1483,850,100,150.0,7
82545A,COGNAC AUX OEUFS METAL 1 HOOK,0.1483,850,31,38.75,11
84529A,PINK KNITTED KIDS RUCKSACK,0.1483,850,24,162.0,10
84549,CROCHET WHITE RABBIT KEYRING ,0.1483,850,64,100.8,9
84613A,PINK NEW BAROQUE FLOCK CANDLESTICK,0.1483,850,21,97.65,11
84653,GREEN ROSE QUILT ,0.1483,850,10,453.5,8
84706B,FAIRY CAKES TABLE CLOCK,0.1483,850,17,152.15,10
84803B,WHITE ALLIUM  ARTIFICIAL FLOWER,0.1483,850,34,57.46,11
84845D,GERANIUM SQUARE HANDY TIN,0.1483,850,41,51.25,11
84875A,PINK SQUARE COMPACT MIRROR,0.1483,850,15,56.25,11
84926B,SCOTTS ROSES TILE COASTER,0.1483,850,54,67.5,10
84963B,BLUE PAINTED KASHMIRI CHAIR,0.1483,850,18,591.5,6
85023A,CRYSTAL LARGE JEWELLED PHOTO FRAME,0.1483,850,21,53.55,11
85165,CANDY PINK FRENCH BOUDOIR CLOCK,0.1483,850,16,159.2,11
85166A,WHITE METAL BAROQUE PHOTO FRAME,0.1483,850,71,116.25,9
90003B,ROSE COLOUR PAIR HEART HAIR SLIDES,0.1483,850,17,63.75,12
90003C,MIDNIGHT BLUE PAIR HEART HAIR SLIDE,0.1483,850,18,67.5,12
90013C,GREEN VINTAGE EARRINGS ,0.1483,850,35,131.25,10
90023,FILIGREE DIAMANTE EARRINGS,0.1483,850,21,89.25,11
90024D,NEW BAROQUE B'FLY NECKLACE PINK,0.1483,850,13,110.5,11
90029,NEW BAROQUE SMALL NECKLACE BLACK,0.1483,850,21,178.5,10
90030A,SPOTTED WHITE NATURAL SEED NECKLACE,0.1483,850,77,101.75,8
90036E,"FLOWER GLASS GARLD NECKL36""AMETHYST",0.1483,850,18,143.1,11
90040A,MURANO STYLE GLASS BRACELET RED,0.1483,850,20,70.0,11
90040C,MURANO STYLE GLASS BRACELET GOLD,0.1483,850,26,91.0,11
90063A,WHITE VINT ART DECO CRYSTAL NECKLAC,0.1483,850,18,153.0,10
90084,PINK CRYSTAL GUITAR PHONE CHARM,0.1483,850,52,44.2,10
90115,SUMMER BUTTERFLIES BAG CHARM,0.1483,850,31,79.05,11
90123B,TURQUOISE HEART OF GLASS BRACELET,0.1483,850,24,142.8,11
90144,SILVER DROP EARRINGS WITH FLOWER,0.1483,850,31,116.25,11
90154,LAZER CUT NECKLACE W PASTEL BEADS,0.1483,850,58,430.7,6
90158,ST TROPEZ NECKLACE,0.1483,850,22,108.9,11
90162A,ANT SILVER TURQUOISE BOUDICCA RING,0.1483,850,29,85.55,10
90166,PINK & WHITE ROSEBUD RING,0.1483,850,19,80.15,11
90177D,DROP DIAMANTE EARRINGS PURPLE,0.1483,850,25,73.75,11
90190C,SILVER/AMETHYST DROP EARRINGS LEAF,0.1483,850,29,85.55,10
90196A,PURPLE GEMSTONE NECKLACE 45CM,0.1483,850,16,204.0,10
90196B,BLACK GEMSTONE NECKLACE 45CM,0.1483,850,15,191.25,10
90206C,CRYSTAL DIAMANTE STAR BROOCH,0.1483,850,21,103.95,11
20860,GOLD COSMETICS BAG WITH BUTTERFLY,0.1482,851,19,39.9,10
20958,PORCELAIN HANGING BELL LARGE,0.1482,851,26,50.7,9
21118,SHOPPING BAG DOORSTOP,0.1482,851,69,104.25,7
21309,LOUVRE CHALKBOARD,0.1482,851,48,315.65,6
21337,SILVER WASHBAG,0.1482,851,30,88.5,9
23442,12 HANGING EGGS HAND PAINTED,0.1482,851,40,83.2,8
35085E,IVORY ROSE LAMPSHADE ,0.1482,851,39,44.25,9
35597D,PINK/WHITE CHRISTMAS TREE 30CM,0.1482,851,58,25.28,8
35610C,WHITE CHRISTMAS FLOCK DROPLET ,0.1482,851,91,73.91,6
35821B,"JEWELLED DECORATION,BLUE",0.1482,851,150,57.0,3
35932,PINK CHRISTMAS TREE DECORATION,0.1482,851,37,15.63,10
35936,CERISE+GOLD CHRISTMAS TREE DEC,0.1482,851,36,13.68,9
35955,SMALL FOLKART CHRISTMAS TREE DEC,0.1482,851,135,34.62,5
37462B,"PET MUG, BUDGIE",0.1482,851,118,49.56,6
37477B,"FLOWER FAIRY MUG+COASTER,LAVENDER",0.1482,851,10,37.5,10
37489C,GREEN/BLUE FLOWER DESIGN BIG MUG,0.1482,851,25,17.55,10
44241C,BLUE BUTTERFLY ON SPRING,0.1482,851,68,57.8,7
45013,FOLDING SHOE TIDY,0.1482,851,48,132.0,8
46776D,WOVEN SUNSET CUSHION COVER ,0.1482,851,23,113.85,9
47369A,PINK GREEN EMBROIDERY COSMETIC BAG,0.1482,851,22,64.9,10
47369B,BLUE GREEN EMBROIDERY COSMETIC BAG,0.1482,851,22,67.74,10
47583B,SET OF 3 WICKER BASKET TEA AND CAKE,0.1482,851,27,332.6,6
72369A,PINK CLEAR GLASS CANDLE PLATE,0.1482,851,53,66.25,9
72724,SET/6 CHRISTMAS ICICLE T-LIGHTS,0.1482,851,34,42.5,10
78034B,BLUE NETTING STORAGE HANGER,0.1482,851,15,29.25,10
79413,GLASS WINE GLASS DECORATIONS,0.1482,851,30,37.5,9
84367,LA STREGA CANVAS PICTURE ,0.1482,851,73,122.55,7
84424A,FOUR PICTURE WHITE GLASS FRAME,0.1482,851,23,86.25,10
84539,KNITTED RABBIT DOLL ,0.1482,851,33,54.45,10
84564,6 SEGMENT COLOURED SNACK BOWL ,0.1482,851,18,143.1,9
84858A,NATURAL RIVIERA HANDBAG,0.1482,851,52,116.7,7
84925C,FAIRY CAKES  WALL THERMOMETER,0.1482,851,28,71.4,10
85018A,S/6 PAPER BOXES ROMANTIC IMAGES,0.1482,851,15,63.75,10
85018B,S/6 PAPER BOXES BLOSSOM IMAGES ,0.1482,851,15,63.75,10
85128,PLANTPOT SINGLE HOOK PISTACHIO,0.1482,851,165,182.09,2
85225,BLING KEY RING STAND,0.1482,851,19,22.5,11
90002E,FLOWER BURST SILVER RING GREEN,0.1482,851,12,45.0,10
90013D,PURPLE VINTAGE EARRINGS,0.1482,851,34,127.5,8
90016A,SILVER/M.O.P PENDANT ORBIT NECKLACE,0.1482,851,22,148.75,9
90018B,GOLD M.O.P ORBIT DROP EARRINGS,0.1482,851,16,68.0,10
90035A,"PEARL & SHELL 42""NECKL. GREEN",0.1482,851,17,182.75,9
90036B,"FLOWER GLASS GARLAND NECKL.36""GREEN",0.1482,851,17,135.15,9
90036C,"FLOWER GLASS GARLAND NECKL.36""BLUE",0.1482,851,22,174.9,8
90040D,MURANO STYLE GLASS BRACELET PINK,0.1482,851,26,91.0,10
90063B,BLACK VINT ART DEC CRYSTAL NECKLACE,0.1482,851,15,127.5,9
90064B,BLACK VINTAGE  CRYSTAL EARRINGS,0.1482,851,16,60.0,10
90121B,VINTAGE ROSE BEAD BRACELET BLUE,0.1482,851,16,68.0,10
90123C,GREEN HEART OF GLASS BRACELET,0.1482,851,24,142.8,9
90125C,TURQUOISE BERTIE GLASS BEAD CHARM,0.1482,851,88,94.8,6
90178B,PURPLE CHUNKY GLASS+BEAD NECKLACE,0.1482,851,14,167.3,9
90180B,PURPLE AMETHYST NECKLACE W TASSEL,0.1482,851,14,139.3,10
90199A,5 STRAND GLASS NECKLACE BLACK,0.1482,851,15,95.25,9
90199D,5 STRAND GLASS NECKLACE AMBER,0.1482,851,15,95.25,9
90204,PAIR OF ENAMEL BUTTERFLY HAIRCLIP,0.1482,851,14,46.9,10
ADJUST2,Adjustment by Peter on Jun 25 2010 ,0.1482,851,3,731.05,3
10124G,ARMY CAMO BOOKCOVER TAPE,0.1481,852,32,13.44,9
16050,TEATIME PENCIL WITH RUBBER,0.1481,852,122,30.5,4
17007B,S/3 POT POURI CUSHIONS BLUE COLOURS,0.1481,852,34,71.4,7
20667,CHERRY BLOSSOM PURSE,0.1481,852,21,61.95,9
20816,GOLD FLOWER CUSHION COVER ,0.1481,852,19,89.85,8
20988,TRELLIS FLOWER CHOPSTICKS SET/5,0.1481,852,24,46.8,9
21353,SILVER SLEIGHBELL  WREATH,0.1481,852,18,143.1,8
22657,HEN & 2 CHICKS IN BASKET,0.1481,852,59,50.15,7
23303,SET 4 PICNIC CUTLERY FONDANT,0.1481,852,65,126.75,6
35443,RASTA IN BATH W SPLIFF ASHTRAY,0.1481,852,15,12.75,9
35591T,TURQUOISE CHRISTMAS TREE ,0.1481,852,17,21.25,9
35644,PAIR PINK/BLACK COATHANGERS,0.1481,852,21,40.95,8
35817B,"ACRYLIC JEWEL SNOWFLAKE,BLUE",0.1481,852,142,56.13,2
35916A,YELLOW FELT HANGING HEART W FLOWER,0.1481,852,51,43.35,7
71050,SMALL SINGLE FLAME CANDLE HOLDER,0.1481,852,51,17.85,8
72783,BLACK SIL'T SQU CANDLE PLATE ,0.1481,852,40,84.0,7
79308B,MOSAIC CANDLE DISH BLUE PURPLE,0.1481,852,144,122.4,2
84425A,WHITE GLASS TV TRIPLE FRAME,0.1481,852,16,68.0,8
84447,6 RABBIT CHAIN EASTER,0.1481,852,52,44.2,7
84450B,YELLOW RABBIT SAT EASTER,0.1481,852,70,29.4,7
84582,PINK CROCHET CAT WITH SCARF,0.1481,852,11,46.75,9
84586L,"PINK ROSES/GINGHAM PATCH RABBIT 8""",0.1481,852,15,44.25,9
84593,CROCHET ROSE DES CLOTHES HANGER,0.1481,852,25,73.75,8
84614A,PINK BAROQUE FLOCK CANDLE HOLDER,0.1481,852,11,65.45,8
84622,PINK GINGHAM ROSE CUSHION COVER,0.1481,852,20,119.0,8
84706C,PINK FLOCK TABLE CLOCK ,0.1481,852,84,170.8,4
84886,BLUE METAL WALL SHELF,0.1481,852,11,109.45,8
84964A,PINK PAINTED KASHMIRI TABLE,0.1481,852,11,630.0,2
84966B,BLUE KASHMIRI BOXED MIRROR,0.1481,852,33,428.0,4
84967C,GREEN KASHMIRI OCCASIONAL TABLE,0.1481,852,9,419.85,4
85151,WELCOME METAL SIGN,0.1481,852,44,55.0,8
90000B,MIDNIGHT BLUE COPPER FLOWER NECKLAC,0.1481,852,14,83.3,9
90005A,JADE GREEN ENAMEL HAIR COMB,0.1481,852,36,70.2,7
90018C,SILVER BLACK ORBIT DROP EARRINGS,0.1481,852,13,55.25,8
90026D,GLASS BEAD HOOP NECKLACE AMETHYST,0.1481,852,10,85.0,8
90035B,"PEARL & SHELL 42""NECKL. PINK",0.1481,852,43,380.89,4
90035C,"PEARL & SHELL 42""NECKL. IVORY",0.1481,852,28,301.0,5
90042C,FRESHWATER PEARL BRACELET IVORY,0.1481,852,35,89.25,8
90067A,PINK VINTAGE VICTORIAN EARRINGS,0.1481,852,25,73.75,8
90073,VINTAGE ENAMEL & CRYSTAL EARRINGS,0.1481,852,22,108.9,7
90083,CRYSTAL CZECH CROSS PHONE CHARM,0.1481,852,44,34.94,8
90100,NECKLACE+BRACELET SET PINK DAISY,0.1481,852,22,56.1,9
90123D,WHITE HEART OF GLASS BRACELET,0.1481,852,23,136.85,8
90124C,GREEN MURANO TWIST NECKLACE,0.1481,852,14,139.3,8
90137,PINK COMBO MINI CRYSTALS NECKLACE,0.1481,852,19,94.05,8
90164B,WHITE  ROSEBUD PEARL BRACELET,0.1481,852,30,80.7,8
90173,PAIR BUTTERFLY HAIR CLIPS,0.1481,852,29,108.75,8
90175B,PINK GLASS CHUNKY CHARM BRACELET,0.1481,852,13,109.9,8
90190A,SILVER/CRYSTAL DROP EARRINGS W LEAF,0.1481,852,18,53.1,8
90211B,JET BLACK LAS VEGAS NECKLACE 45CM,0.1481,852,14,83.3,9
90214V,"LETTER ""V"" BLING KEY RING",0.1481,852,21,14.73,9
16151A,FLOWER DES BLUE HANDBAG/ORANG HANDL,0.148,853,52,72.5,5
17011E,ORIGAMI OPIUM SCENT INCENSE+FLOWER,0.148,853,124,80.6,1
17013C,ORIGAMI LAVENDER INCENSE IN TUBE,0.148,853,117,49.14,3
17014E,ORIGAMI OPIUM INCENSE CONES,0.148,853,93,33.3,4
17174,ASSTD RASTA KEY-CHAINS,0.148,853,36,15.12,7
18010,ASSORTED FRAGRANCE BATH CONFETTI,0.148,853,56,23.52,6
20820,SILVER LOOKING MIRROR,0.148,853,11,54.45,8
20953,PORCELAIN CHERUB BELL LARGE,0.148,853,19,31.35,7
21097,SET/6 GREEN SPRING  PAPER PLATE,0.148,853,32,27.2,7
21699,SET 5 MINI CHOCOLATE FRIDGE MAGNETS,0.148,853,108,82.44,3
23038,T-LIGHT HOLDER SILVER SAUCER,0.148,853,41,38.03,6
23463,VINTAGE ZINC WATERING CAN,0.148,853,12,119.4,7
35071,ASSORTED SANTA CHRISTMAS DECORATION,0.148,853,48,40.8,5
35233,PASTA ENAMEL/BRASS CONTAINER,0.148,853,10,37.5,8
35638A,PINK AND BLACK STRING CURTAIN,0.148,853,39,88.05,6
35816B,"ACRYLIC JEWEL ANGEL,BLUE",0.148,853,137,52.93,2
35840,FLAT GLASS  BAUBLE WHITE FLOCK ,0.148,853,35,50.15,6
35909B,PINK FLOWERS RABBIT EASTER,0.148,853,16,47.2,7
35910B,PINK FLOWERS RABBIT EASTER,0.148,853,27,52.65,6
37348,SET OF 4 PASTEL STACKING MUGS,0.148,853,12,30.6,7
37379A,PINK CHERRY BLOSSOM CUP & SAUCER,0.148,853,29,36.25,6
37491C,GREEN/BLUE CERAMIC CANDLE HOLDER,0.148,853,16,26.4,7
44092C,PURPLE/COPPER HANGING LAMPSHADE,0.148,853,21,17.85,8
47341A,FUSCHIA TABLE RUN FLOWER ,0.148,853,29,46.25,7
48179,DOOR MAT SWEET HOME,0.148,853,28,131.25,6
72083A,STRAWBERY SWIRL FLARE CANDLE,0.148,853,24,50.4,7
72740A,LARGE STRAWBERRY CHOCOLATE CANDLE,0.148,853,56,94.7,5
72753C,S/3 FLWR FAIRY ROSE CANDLES,0.148,853,42,99.9,5
81953B,ROUND ARTICULATED BLUE CLOCK W/SUCK,0.148,853,14,4.64,8
81985A,"ICON ALARM CLOCK,FUSCHIA  PIN UP",0.148,853,23,58.65,7
84030C,KNITTED RAINBOW HOT WATER BOTTLE,0.148,853,12,45.0,7
84371,BIG PINK POODLE,0.148,853,28,213.7,4
84617, NEW BAROQUE BLACK BOXES,0.148,853,11,140.25,7
84705A,ENGLISH ROSE PHOTO FRAME ,0.148,853,14,65.1,7
84746,PINK EASTER HENS+FLOWER,0.148,853,12,45.0,8
84782B,BLACK 3 TIER GLASS PLATE STAND,0.148,853,10,127.5,6
84838,ANT WHITE HIGH RISE BIRD BOX,0.148,853,49,304.0,3
84925E,FLOWERS WALL THERMOMETER,0.148,853,75,130.05,3
85079,EMBROIDERED REINDEER DECORATION,0.148,853,18,28.0,7
85184B,SET 4 EASTER DECOUPAGE OVAL BOXES,0.148,853,13,38.35,8
90001D,ANTIQUE OLIVE GREEN FLOWER EARRINGS,0.148,853,16,68.0,7
90002B,FLOWER BURST SILVER RING ROSE,0.148,853,18,67.5,7
90019B,GOLD M.O.P ORBIT BRACELET,0.148,853,11,54.45,7
90019C,SILVER BLACK ORBIT BRACELET,0.148,853,10,49.5,7
90024B,NEW BAROQUE B'FLY NECKLACE RED,0.148,853,7,59.5,7
90024E,NEW BAROQUE B'FLY NECKLACE MONTANA,0.148,853,12,102.0,7
90031,BILI NUT AND WOOD NECKLACE,0.148,853,48,48.0,5
90042A,FRESHWATER PEARL BRACELET GOLD,0.148,853,27,68.85,7
90046,WHITE WITH METAL BAG CHARM,0.148,853,11,54.45,8
90048,GREEN WITH METAL BAG CHARM,0.148,853,19,94.05,7
90059C,DIAMANTE HAIR GRIP PACK/2 MONTANA,0.148,853,18,29.7,8
90059E,DIAMANTE HAIR GRIP PACK/2 RUBY,0.148,853,15,24.75,8
90060D,FIRE POLISHED GLASS NECKL BRONZE,0.148,853,11,65.45,7
90060F,FIRE POLISHED GLASS NECKL GREEN,0.148,853,17,101.15,7
90065A,WHITE VINTAGE CRYSTAL BRACELET,0.148,853,17,114.75,7
90125B,AQUA BERTIE GLASS BEAD BAG CHARM,0.148,853,31,50.1,6
90133,TEAL/FUSCHIA COL BEAD NECKLACE,0.148,853,18,89.1,7
90150,BLUE SHELL+SILVER NECKLACE,0.148,853,12,90.0,7
90151,SILVER/NATURAL SHELL NECKLACE,0.148,853,14,119.0,7
90156,RESIN BRACELET W PASTEL BEADS,0.148,853,18,89.1,7
90164A,PINK ROSEBUD PEARL BRACELET,0.148,853,21,85.35,7
90176D,DIAMANTE NECKLACE PURPLE,0.148,853,9,67.5,7
90177C,DROP DIAMANTE EARRINGS CRYSTAL,0.148,853,10,29.5,7
90179C,BLACK FINE BEAD NECKLACE W TASSEL,0.148,853,10,59.5,7
90183A,AMBER DROP EARRINGS W LONG BEADS,0.148,853,20,59.0,7
90190B,GOLD/AMBER DROP EARRINGS W LEAF,0.148,853,34,100.3,6
90205C,LARGE CRYSTAL DIAMANTE HAIRSLIDE,0.148,853,46,68.7,5
90212B,JET BLACK LAS VEGAS BRACELET ROUND,0.148,853,16,60.0,7
90214Y,"LETTER ""Y"" BLING KEY RING",0.148,853,63,21.15,5
16245A,PINK MINI STATIONERY SET W CASE,0.1479,854,11,13.75,7
17013F,ORIGAMI SANDLEWOOD INCENSE IN TUBE,0.1479,854,61,25.05,4
17014F,ORIGAMI SANDLEWOOD INCENSE CONES,0.1479,854,61,23.7,4
17091F,SANDALWOOD INCENSE IN TIN,0.1479,854,16,20.0,6
20870,OPULENT VELVET CANDLE IN BOX,0.1479,854,25,37.2,5
20964,POLYESTER FILLER PAD 60x40cm,0.1479,854,20,51.0,6
21489,BLUE WHITE SCARF HOT WATER BOTTLE,0.1479,854,16,63.2,6
23464,VINTAGE ZINC WATERING CAN SMALL,0.1479,854,16,79.2,6
23467,VINTAGE ZINC PLANTER  ,0.1479,854,23,75.67,5
35001B,HAND OPEN SHAPE BLACK,0.1479,854,14,49.94,6
35597B,BLACKCHRISTMAS TREE 30CM,0.1479,854,18,22.5,6
35654,VINTAGE BEAD FILLED PINK CUSHION,0.1479,854,12,59.4,5
35815B,"ACRYLIC JEWEL SNOWFLAKE,BLUE",0.1479,854,93,35.34,2
35822P,"ACRYLIC BEAD CHAIN, PINK",0.1479,854,114,43.32,1
35909A,RABBIT EASTER DECORATION,0.1479,854,20,59.0,5
35916B,BLUE FELT HANGING HEART W FLOWER,0.1479,854,37,31.45,5
35918B,BLUE FLORIBUNDA EGG WARMER,0.1479,854,9,11.25,6
37488A,YELLOW PINK FLOWER DESIGN BIG BOWL,0.1479,854,30,16.82,6
40002,WHITE BAMBOO RIBS LAMPSHADE,0.1479,854,72,61.2,2
44091A,BLUE CRUSOE CHECK LAMPSHADE,0.1479,854,18,7.56,6
44092B,BLUE WHITE PLASTIC RINGS LAMPSHADE,0.1479,854,15,12.75,6
46137D,GREEN CHENILLE SHAGGY RUG,0.1479,854,43,126.85,3
47016,LIGHT DECORATION BATTERY OPERATED,0.1479,854,31,65.1,5
47563B,WAVELINE SURF IRONING BOARD COVER,0.1479,854,8,30.0,6
51012L,"FEATHER DUSTER, LIGHT PINK",0.1479,854,9,11.25,7
71496B,A4 WALL TIDY RED FLOWERS,0.1479,854,15,8.67,6
72045D,ROSES ON BLUE TEACUP CANDLE ,0.1479,854,32,54.08,4
72708,SCULPTED ROUND IVORY CANDLE ,0.1479,854,44,9.24,5
72771C,BLACK FLOCK GOLD CANDLE,0.1479,854,49,20.58,4
72796A,S/3 ENGLISH LAVENDER SQU CANDLE,0.1479,854,11,18.15,6
79062D,"RETRO TIN ASHTRAY,REVOLUTIONARY",0.1479,854,52,19.4,4
81953P,ROUND ARTICULATED PINK CLOCK W/SUCK,0.1479,854,33,9.57,6
84201B,HAPPY BIRTHDAY CARD STRIPEY TEDDY,0.1479,854,28,5.32,6
84251J,"GREETING CARD, THE BLACK CAT",0.1479,854,60,25.2,4
84340,LARGE FIBRE OPTIC CHRISTMAS TREE,0.1479,854,15,19.08,6
84402B,PURPLE DRESS JEWELLERY STAND,0.1479,854,62,51.14,4
84427B,BLACK GLASS TV DOUBLE P/FRAME 15X10,0.1479,854,17,72.25,5
84450A,PINK RABBIT SITTING EASTER,0.1479,854,42,17.64,5
84551,CROCHET DOG KEYRING,0.1479,854,24,39.6,6
84611B,BLACK NEW BAROQUE FLOCK BOX,0.1479,854,4,23.8,6
84679,CLASSICAL ROSE TABLE LAMP,0.1479,854,13,97.35,5
84705B,FAIRY CAKES PHOTO FRAME,0.1479,854,83,103.75,2
84720,DOT MATRIX CANVAS ART PICTURE,0.1479,854,35,147.05,3
84732B,CUTE BIRD CEATURE SCREEN,0.1479,854,28,18.48,6
84732D,CUTE RABBIT CEATURE SCREEN ,0.1479,854,15,10.89,6
84795E,RIO PINK STRIPE HAMMOCK,0.1479,854,10,79.5,6
84872A,TEATIME FUNKY FLOWER BACKPACK FOR 2,0.1479,854,7,118.65,6
84873A,FUNKY FLOWER PICNIC BAG FOR 4,0.1479,854,6,101.7,5
84923,PINK BUTTERFLY HANDBAG W BOBBLES,0.1479,854,9,76.5,5
84966C,GREEN KASHMIRI BOXED MIRROR,0.1479,854,23,276.0,2
85018C,S/6 PAPER BOXES CURIOUS IMAGES ,0.1479,854,36,127.2,4
85070,ANT WHITE SWEETHEART TABLE W 3 DRAW,0.1479,854,2,195.0,4
85072,OCCASIONS GIFT CARD ASSORTMENT,0.1479,854,120,66.0,1
90013B,BLACK VINTAGE EARRINGS,0.1479,854,20,75.0,5
90026A,GLASS BEAD HOOP NECKLACE BLACK,0.1479,854,8,68.0,6
90026B,GLASS BEAD HOOP NECKLACE MONTANA,0.1479,854,7,59.5,6
90027D,GLASS BEAD HOOP EARRINGS AMETHYST,0.1479,854,12,35.4,6
90028,NEW BAROQUE LARGE NECKLACE BLK/WHIT,0.1479,854,9,76.5,5
90037B,TINY CRYSTAL BRACELET GREEN,0.1479,854,23,58.65,5
90039D,FIRE POLISHED GLASS BRACELET GREEN,0.1479,854,22,82.5,5
90042B,FRESHWATER PEARL BRACELET PINK,0.1479,854,15,38.25,5
90043,COPPER AND BRASS BAG CHARM,0.1479,854,10,54.51,6
90049,IVORY GOLD METAL BAG CHARM,0.1479,854,12,69.42,6
90059D,DIAMANTE HAIR GRIP PACK/2 PERIDOT,0.1479,854,20,33.0,6
90059F,DIAMANTE HAIR GRIP PACK/2 LT ROSE,0.1479,854,15,24.75,6
90065B,BLACK VINT ART DEC CRYSTAL BRACELET,0.1479,854,8,54.0,6
90069,RUBY GLASS CLUSTER NECKLACE,0.1479,854,11,82.5,5
90072,RUBY DROP CHANDELIER EARRINGS,0.1479,854,18,67.5,5
90101,WHITE FRANGIPANI NECKLACE,0.1479,854,11,28.05,6
90111,BLUE HIBISCUS  HAIR CLIP,0.1479,854,7,7.35,6
90130A,WHITE STONE/CRYSTAL EARRINGS,0.1479,854,18,53.1,6
90163A,PINK ROSEBUD & PEARL NECKLACE,0.1479,854,12,90.0,5
90165B,WHITE ROSEBUD  PEARL EARRINGS,0.1479,854,20,51.0,6
90174,BUTTERFLY HAIR BAND,0.1479,854,4,10.2,6
90176C,DIAMANTE NECKLACE,0.1479,854,6,45.0,6
90177B,DROP DIAMANTE EARRINGS BLACK DIAMON,0.1479,854,15,44.25,5
90202D,PINK ENAMEL FLOWER HAIR TIE,0.1479,854,20,59.0,6
90205A,LARGE MINT DIAMANTE HAIRSLIDE,0.1479,854,16,26.4,6
90206A,GOLD DIAMANTE STAR BROOCH,0.1479,854,10,49.5,6
90212C,PURPLE LAS VEGAS BRACELET ROUND,0.1479,854,13,48.75,5
16010,FOLDING CAMPING SCISSOR W/KNIF & S,0.1478,855,32,3.84,4
17014C,ORIGAMI LAVENDER INCENSE CONES,0.1478,855,96,40.32,1
20680,PINK FLOWERS CHILDS UMBRELLA,0.1478,855,6,19.5,5
20879,TREE OF NOAH FESTIVE SCENTED CANDLE,0.1478,855,-46,-169.1,9
20895,VINTAGE NOTEBOOK FRENCH LETTER ,0.1478,855,16,47.2,4
20942,SET/6 GINGERBREAD TREE T-LIGHTS,0.1478,855,5,6.25,5
21267,VINTAGE PINK TINSEL REEL ,0.1478,855,13,27.3,4
21310,CAPIZ CHANDELIER,0.1478,855,4,119.8,4
21343,GOLD JEWELERY BOX,0.1478,855,18,58.1,4
21347,GOTHIC CARRIAGE LANTERN,0.1478,855,8,47.6,4
21387,IVORY HANGING DECORATION  RABBIT,0.1478,855,25,21.25,4
23448,CREAM BUNNY EASTER EGG BASKET,0.1478,855,25,41.25,3
23692,WRAP A PRETTY THANK YOU,0.1478,855,50,21.0,2
35596,WOOD XMAS TREE 9 FIG SHELVES,0.1478,855,29,24.65,4
35597A,DUSTY PINK CHRISTMAS TREE 30CM,0.1478,855,10,12.5,4
35611B,BLACK ASSORTED DROPLET DECORATION,0.1478,855,59,22.42,3
37112,YELLOW BIRDS FELT DES FOODCOVER,0.1478,855,9,33.75,5
37487B,YELLOW/ORANGE FLOWER DESIGN PLATE,0.1478,855,68,19.72,2
37491A,YELLOW/PINK CERAMIC CANDLE HOLDER,0.1478,855,7,11.55,5
37491B,BLUE/YELLOW CERAMIC CANDLE HOLDER,0.1478,855,10,16.5,5
37491D,PURPLE/BLUE CERAMIC CANDLE HOLDER,0.1478,855,14,23.1,5
44217M,MULTICOLOUR FEATHERS CURTAIN,0.1478,855,0,0.0,5
44228,CANNABIS LEAF BEAD CURTAIN,0.1478,855,48,40.8,3
44265,M/COLOUR POM-POM CURTAIN,0.1478,855,8,34.0,4
46307,ROSES BLUE BASE CUSHION COVER ,0.1478,855,12,19.8,4
46775A,BUBBLE GUM CHUNKY KNITTED THROW ,0.1478,855,4,67.8,5
46775B,BERRIES CHUNKY KNITTED THROW ,0.1478,855,5,84.75,4
62097B,BLUE STRIPES SHOULDER BAG,0.1478,855,11,13.37,4
79172D,PURPLE TINT ACRYLIC FLOWER VASE,0.1478,855,24,20.4,4
84292B,BLUE COL METAL FOLDING CHAIR,0.1478,855,7,43.85,4
84550,CROCHET LILAC/RED BEAR KEYRING,0.1478,855,12,19.8,4
84562B,BLUE/WHITE RIBBED MELAMINE JUG,0.1478,855,7,55.65,5
84608,ORNATE EDWARDIAN CANDLE HOLDER,0.1478,855,4,31.8,5
84612B,SET/4 BLACK  BAROQUE FLOCK COASTER,0.1478,855,20,51.0,4
84705D,CHERRY BLOSSOM PHOTO FRAME ,0.1478,855,10,46.5,4
84705F,RED PEONY PHOTO FRAME ,0.1478,855,8,37.2,5
84743C,ORANGE FELT VASE + FLOWERS,0.1478,855,9,11.25,5
84757,ENCHANTED GARDEN WROUGHT IRON TABLE,0.1478,855,5,74.75,4
84765,SILVER ROCOCO CANDELABRA,0.1478,855,5,63.75,5
84867A,PINK BABY GIRLS PHOTO ALBUM,0.1478,855,15,92.25,3
84868B,BLUE BABY BOY'S MEMORY BOX,0.1478,855,3,20.85,5
84876C,SILVER HEART COMPACT MIRROR,0.1478,855,6,22.5,5
84891B,GREEN WIRE GOBLET CANDLEHOLDER,0.1478,855,7,55.65,5
84966A,PINK KASHMIRI BOXED MIRROR,0.1478,855,12,176.0,3
90001B,ANTIQUE MID BLUE FLOWER EARRINGS,0.1478,855,7,29.75,4
90001C,ANTIQUE OPAL WHITE FLOWER EARRINGS,0.1478,855,6,25.5,5
90011B,BLACK CRYSTAL DROP EARRINGS,0.1478,855,9,26.55,4
90016C,SILVER/BLACK PENDANT ORBIT NECKLACE,0.1478,855,6,51.0,4
90021,LASER CUT MULTI STRAND NECKLACE,0.1478,855,5,59.75,4
90022,EDWARDIAN DROP EARRINGS JET BLACK,0.1478,855,4,15.0,5
90024A,NEW BAROQUE B'FLY NECKLACE BLACK,0.1478,855,5,42.5,4
90024C,NEW BAROQUE B'FLY NECKLACE GREEN,0.1478,855,6,51.0,5
90026C,GLASS BEAD HOOP NECKLACE GREEN,0.1478,855,7,59.5,5
90036F,"FLOWER GLASS GARLD NECKL36""TURQUOIS",0.1478,855,13,103.35,4
90037A,TINY CRYSTAL BRACELET RED,0.1478,855,18,45.9,4
90037C,TINY CRYSTAL BRACELET BLUE,0.1478,855,17,43.35,4
90038A,GLASS AND PAINTED BEADS BRACELET TO,0.1478,855,18,67.5,4
90051,CRACKED GLAZE NECKLACE RED,0.1478,855,7,48.65,4
90059A,DIAMANTE HAIR GRIP PACK/2 CRYSTAL,0.1478,855,12,19.8,4
90059B,DIAMANTE HAIR GRIP PACK/2 BLACK DIA,0.1478,855,9,14.85,5
90060B,FIRE POLISHED GLASS NECKL GOLD,0.1478,855,6,35.7,4
90064A,WHITE VINTAGE CRYSTAL EARRINGS,0.1478,855,11,41.25,4
90074,BLACK DIAMOND CLUSTER NECKLACE,0.1478,855,5,44.75,4
90078,PINK/WHITE GLASS DEMI CHOKER,0.1478,855,8,60.0,4
90079,VINTAGE ENAMEL & CRYSTAL NECKLACE,0.1478,855,10,49.5,5
90103,PURPLE FRANGIPANI NECKLACE,0.1478,855,12,30.6,5
90126A,PINK BERTIE MOBILE PHONE CHARM,0.1478,855,18,30.42,4
90128A,PINK LEAVES AND BEADS PHONE CHARM,0.1478,855,17,21.25,5
90128B,BLUE LEAVES AND BEADS PHONE CHARM,0.1478,855,17,21.25,5
90130B,TURQ STONE/CRYSTAL EARRINGS,0.1478,855,15,44.25,4
90131,PINK/AMETHYST/GOLD NECKLACE,0.1478,855,9,62.55,4
90138,WHITE/PINK MINI CRYSTALS NECKLACE,0.1478,855,11,54.45,5
90141A,GREEN PENDANT TRIPLE SHELL NECKLACE,0.1478,855,7,34.65,4
90141C,TURQ PENDANT TRIPLE SHELL NECKLACE,0.1478,855,7,34.65,4
90142D,MOP PENDANT SHELL NECKLACE,0.1478,855,10,49.5,4
90152C,BLUE/NAT SHELL NECKLACE W PENDANT,0.1478,855,7,41.65,4
90168,2 DAISIES HAIR COMB,0.1478,855,12,35.4,4
90169,DAISY HAIR COMB,0.1478,855,8,20.4,4
90179A,AMBER FINE BEAD NECKLACE W TASSEL,0.1478,855,8,47.6,5
90179B,PURPLE FINE BEAD NECKLACE W TASSEL,0.1478,855,7,41.65,5
90189A,SILVER 2 STRAND NECKLACE-LEAF CHARM,0.1478,855,8,60.0,5
90197D,AMBER GLASS BRACELET HEART CHARMS,0.1478,855,9,44.55,4
90202C,GREEN ENAMEL FLOWER HAIR TIE,0.1478,855,3,8.85,5
90211A,DIAMOND LAS VEGAS NECKLACE 45CM,0.1478,855,9,53.55,5
90214Z,"LETTER ""Z"" BLING KEY RING",0.1478,855,17,9.73,5
16201B,PASTEL BLUE PHOTO ALBUM,0.1477,856,24,46.8,2
16215,FUNKY GIRLZ MAGNETIC TO DO LIST ,0.1477,856,8,5.2,3
17061,ASSORTED SHAPED STENCIL FOR HENNA,0.1477,856,52,2.08,1
17084G,MOON INCENSE,0.1477,856,50,10.5,2
18097B,BLUE TALL PORCELAIN T-LIGHT HOLDER,0.1477,856,7,17.85,4
18098B,BLUE PORCELAIN B'FLY OIL BURNER,0.1477,856,3,8.85,3
20812,EMBOSSED FLOWER TRELLIS PHOTO FRAME,0.1477,856,5,12.75,3
20877,MODERN CHRISTMAS BAUBLE CANDLE ,0.1477,856,10,4.2,3
20887,BOX OF 6 PEBBLE CANDLES,0.1477,856,5,17.25,4
20905,VINTAGE KEEPSAKE BOX BEAUTY GIRL,0.1477,856,6,38.1,3
21081,SET/20 POSIES PAPER NAPKINS,0.1477,856,4,3.4,4
21450,DISTRESSED CANDLE STICK WHITE,0.1477,856,3,17.85,4
21511,VINTAGE COLLAGE  GREETING  CARD ,0.1477,856,40,16.8,2
21685,MEDINA STAMPED METAL TRAY ,0.1477,856,2,29.9,3
21950,SET OF 6 DOTS CHOPSTICKS,0.1477,856,4,5.0,4
22850,BREAD BIN DINER STYLE BLACK,0.1477,856,0,0.0,4
23441,HAND PAINTED HANGING EASTER EGG,0.1477,856,22,9.24,3
23702,High Resolution Image,0.1477,856,4,27.0,3
35001P,HAND OPEN SHAPE PINK,0.1477,856,1,3.49,3
35537,CANDLE RING W/CLEAR BEADS,0.1477,856,13,5.46,3
35598A,DUSTY PINK CHRISTMAS TREE 60CM,0.1477,856,10,29.5,3
35598C,WHITE CHRISTMAS TREE 60CM,0.1477,856,3,8.85,3
35650,VINTAGE BEAD PINK JEWEL STAND,0.1477,856,3,14.85,3
35652,VINTAGE BEAD CHAISE LONG JEWEL BOX,0.1477,856,18,21.5,2
35751C,PURPLE CURRENT CANDLE RING,0.1477,856,31,12.61,2
35995,SET/6 BLACK GLITTER REINDEER CANDLE,0.1477,856,4,3.36,4
37409,ASSORTED DESIGN FLOWER MUGS,0.1477,856,7,5.95,3
40046C,PINK BUTTERFLY PAPER LAMPSHADE,0.1477,856,3,3.75,3
47504J,ENGLISH ROSE SET/3 GARDEN TOOLS,0.1477,856,-1,-7.95,4
48175,DOOR MAT CAMOUFLAGE,0.1477,856,38,152.0,1
72785A,S/4 CONTEMPORY PINK ROSEBUD CANDLES,0.1477,856,8,16.8,4
72785B,S/4 CONTEMPORY RED ROSEBUD CANDLES,0.1477,856,9,10.9,3
72805,VANILLA CANDLE IN EMBOSSED ZINC POT,0.1477,856,10,16.9,3
78027,SEAGRASS S/2 CORNER LAUNDRY ,0.1477,856,4,51.9,3
79157B,UBO-LIGHT TRIOBASE BLUE,0.1477,856,5,4.25,3
79157V,UBO-LIGHT TRIOBASE PURPLE,0.1477,856,5,4.25,3
79301,FEATHER HEART LIGHTS,0.1477,856,-8,-20.0,5
79340W,WHITE ORCHID FLOWER LIGHTS,0.1477,856,-6,-45.3,5
82072,WHITE WOOD SINGLE P/FRAME,0.1477,856,5,6.25,3
84030B,KNITTED POM POM HOT WATER BOTTLE,0.1477,856,5,18.75,3
84201C,HAPPY BIRTHDAY CARD TEDDY/CAKE,0.1477,856,10,1.9,3
84206C,CHAMPAGNE TRAY BLANK CARD,0.1477,856,10,1.9,4
84415A,PINK FLOCK SUEDE CUSHION COVER ,0.1477,856,14,22.5,3
84415B,BLUE FLOCK CUSHION COVER ,0.1477,856,8,20.0,3
84546,CROCHET POODLE KEYRING,0.1477,856,21,34.65,3
84575B,BROWN DOG CANNISTER W BONE,0.1477,856,4,23.8,3
84721,MANHATTAN CANVAS ART PICTURE,0.1477,856,20,87.8,2
84731,3 BIRDS CANVAS SCREEN,0.1477,856,3,3.69,3
84798C,WHITE FOXGLOVE ARTIIFCIAL FLOWER,0.1477,856,16,40.8,3
84857A,SILVER MONTE CARLO HANDBAG,0.1477,856,8,68.0,3
84857B,BLUE MONTE CARLO HANDBAG,0.1477,856,22,42.9,2
84864A,PINK PAISLEY PHOTO ALBUM,0.1477,856,4,27.0,3
84942,KASHMIR FOLKART HEART DISHES,0.1477,856,3,5.07,3
84962,SET/3 COLOUR PAINTED KASHMIRI STOOL,0.1477,856,3,179.85,2
84967A,PINK KASHMIRI OCCASIONAL TABLE,0.1477,856,1,15.0,3
85043,RED HEART CANDY POP LIGHTS,0.1477,856,-2,-9.9,4
85050,FRENCH ENAMEL SOAP DISH WITH LID,0.1477,856,48,100.8,1
85185E,DUCK SOCK PUPPET,0.1477,856,2,6.7,3
90001A,ANTIQUE RASPBERRY FLOWER EARRINGS,0.1477,856,4,17.0,3
90003E,GREEN PAIR HEART HAIR SLIDES,0.1477,856,6,22.5,4
90012B,BLACK DROP CRYSTAL NECKLACE,0.1477,856,13,45.35,3
90025E,BAROQUE BUTTERFLY EARRINGS MONTANA,0.1477,856,3,11.25,3
90027A,GLASS BEAD HOOP EARRINGS BLACK,0.1477,856,6,17.7,3
90027B,GLASS BEAD HOOP EARRINGS MONTANA,0.1477,856,7,20.65,4
90038C,GLASS AND BEADS BRACELET IVORY,0.1477,856,13,48.75,3
90039B,FIRE POLISHED GLASS BRACELET MONTAN,0.1477,856,13,48.75,3
90039C,FIRE POLISHED GLASS BRACELET BLACK,0.1477,856,14,52.5,3
90050,CRACKED GLAZE NECKLACE IVORY,0.1477,856,4,27.8,3
90060C,FIRE POLISHED GLASS NECKL SILVER,0.1477,856,7,41.65,3
90075,MONTANA DIAMOND CLUSTER NECKLACE,0.1477,856,4,35.8,3
90102,WHITE FRANGIPANI HAIR CLIP,0.1477,856,17,14.45,3
90118,PINK DAISY BAG CHARM,0.1477,856,2,5.1,4
90126C,AMBER BERTIE MOBILE PHONE CHARM,0.1477,856,17,28.73,2
90128C,GREEN LEAVES AND BEADS PHONE CHARM,0.1477,856,14,17.5,3
90139,FLOWER BROOCH 4 ASSORTED COLOURS,0.1477,856,5,24.75,3
90140,PINK SWEETIE NECKLACE,0.1477,856,5,37.5,3
90141E,ORANGE PENDANT TRIPLE SHELL NECKLAC,0.1477,856,7,34.65,3
90152A,SILVER/NAT SHELL NECKLACE W PENDANT,0.1477,856,4,23.8,4
90152B,BLUE/GREEN SHELL NECKLACE W PENDANT,0.1477,856,5,29.75,4
90176A,CLASSIC DIAMANTE NECKLACE JET,0.1477,856,4,30.0,4
90177A,CLASSIC DIAMANTE EARRINGS JET,0.1477,856,1,2.95,3
90177E,DROP DIAMANTE EARRINGS GREEN,0.1477,856,2,5.9,4
90181A,AMBER GLASS/SHELL/PEARL NECKLACE,0.1477,856,3,26.85,3
90182C,BLACK 3 BEAD DROP EARRINGS,0.1477,856,2,5.9,3
90188,DROP EARRINGS W FLOWER & LEAF,0.1477,856,3,7.65,3
90202A,PURPLE ENAMEL FLOWER HAIR TIE,0.1477,856,2,5.9,4
90202B,WHITE ENAMEL FLOWER HAIR TIE,0.1477,856,3,8.85,4
90214W,"LETTER ""W"" BLING KEY RING",0.1477,856,14,5.98,3
16169A,WRAP CHRISTMAS DECOUPAGE,0.1476,857,25,10.5,1
16169G,WRAP ROMANTIC DECOUPAGE,0.1476,857,25,10.5,1
17011B,ORIGAMI JASMINE INCENSE+FLOWER ,0.1476,857,19,11.1,2
18098A,PINK PORCELAIN B'FLY OIL BURNER,0.1476,857,2,5.9,2
20673,STRAWBERRIES PRINT BOWL,0.1476,857,5,6.25,2
20715,LITTLE FLOWER SHOPPER BAG,0.1476,857,0,0.0,2
20779,PINK EAR MUFF HEADPHONES,0.1476,857,-3,-14.79,2
20791,BLUE TILED SET OF 3 DRAWERS,0.1476,857,0,0.0,2
20822,SILVER WINE GOBLET,0.1476,857,0,0.0,2
20884,MODERN CHRISTMAS TREE CANDLE ,0.1476,857,2,4.2,2
20885,BOX OF 3 PEBBLE CANDLES,0.1476,857,0,0.0,2
20939,ORANGE CANDLE,0.1476,857,12,10.2,1
21225,POCKET MIRROR BUTTERFLY ,0.1476,857,2,2.5,2
21475,SWEETHEART CREAM STEEL FOLDIN CHAIR,0.1476,857,0,0.0,2
21496,WOODLAND CREATURES  WRAP,0.1476,857,0,0.0,2
21525,BEWARE OF THE CAT DOORMAT,0.1476,857,0,0.0,3
22351,DOTCOMGIFTSHOP TEA TOWEL,0.1476,857,12,19.8,1
23449,SET OF 6 EASTER RAINBOW CHICKS,0.1476,857,12,15.0,1
23630,SET 10 CARDS HANGING BAUBLES 17080,0.1476,857,0,0.0,2
23843,"PAPER CRAFT , LITTLE BIRDIE",0.1476,857,0,0.0,2
35051B,PINK BEADED CONE CHRISTMAS,0.1476,857,14,5.88,2
35603B,S/16 BLACK SHINY/MAT BAUBLES,0.1476,857,24,-30.24,2
35751D,PINK CURRENT CANDLE RING,0.1476,857,28,5.32,1
35821P,"JEWELLED DECORATION,PINK",0.1476,857,2,5.9,2
35823P,"ACRYLIC BEAD GARLAND,PINK",0.1476,857,2,5.9,2
35980B,RED TOP SCANDINAVIAN HEART ,0.1476,857,4,1.52,2
37451,CERAMIC CAKE TEAPOT WITH CHERRY,0.1476,857,-1,-3.55,3
37477C,"FLOWER FAIRY MUG+COASTER,ROSE",0.1476,857,6,22.5,1
44242A,LILAC FEATHERS CURTAIN,0.1476,857,14,11.98,2
46037A,PINK CANVAS DES CUSHION COVER ,0.1476,857,6,7.5,2
47567,ENGLISH ROSE DESIGN KITCHEN APRON,0.1476,857,-2,-11.9,2
47569,ENGLISH ROSE DESIGN SHOPPING BAG,0.1476,857,0,0.0,2
72752B,"F.FAIRY,CANDLE IN GLASS,LAVENDER",0.1476,857,3,12.75,2
78026,SEAGRASS S/3 SQU LAUNDRY BOX,0.1476,857,11,110.0,1
78056,CAMOUFLAGE BACKPACK ON WHEELS,0.1476,857,0,2.9,3
79065A,TEATIME ROUND CAKE TINS ,0.1476,857,3,29.85,2
79140,ASS WINDPROOF MARIJUANA LIGHTERS,0.1476,857,15,6.3,2
79151B,"SILICON CUBE 25W, BLUE",0.1476,857,11,4.62,2
79340P,PURPLE ORCHID FLOWER LIGHTS,0.1476,857,-2,-15.9,2
82011E,"BATHROOM SCALES, FAG BREAK",0.1476,857,2,7.5,2
82069,BEECH WOOD P/FRAME,0.1476,857,5,36.25,2
84206B,CAT W SUNGLASSES BLANK CARD,0.1476,857,9,1.71,2
84247J,PACK/12 RUSSIAN DOLL CARDS,0.1476,857,2,5.9,2
84250M,"GREETING CARD, BLACKPOOL ROCK",0.1476,857,12,2.28,1
84255A,PINK GLASS COCKTAIL LAMP,0.1476,857,2,4.2,2
84311,CAMOFLAGE CUSHION COVER,0.1476,857,11,18.15,1
84366,VENDETTA CANVAS PICTURE,0.1476,857,2,7.5,2
84387A,BIRD ON BRANCH CANVAS SCREEN,0.1476,857,11,21.45,1
84529B,BLUE KNITTED KID'S RUCKSACK,0.1476,857,3,20.25,2
84567,FROSTED GLASS WITH SILVER SURROUND,0.1476,857,9,14.85,1
84570B,WHITE SATIN DRESS JEWEL STAND,0.1476,857,4,19.8,2
84599,CANDY STRIPE ROSE FLOOR CUSHION,0.1476,857,6,47.7,2
84626,CANDY STRIPE ROSE QUILT,0.1476,857,1,45.95,1
84814B,RHOMBUS CRYSTAL PERFUME BOTTLE,0.1476,857,6,11.7,2
84868A,PINK BABY GIRL'S MEMORY BOX,0.1476,857,2,13.9,2
84914A,PINK ROSE PICNIC RUG,0.1476,857,3,77.85,2
85069,CREAM SWEETHEART DOUBLE SHELF,0.1476,857,-3,-50.85,3
85083,KISS REINDEER SCANDINAVIAN STOCKING,0.1476,857,-1,-2.55,3
85186B,BUNNY BUNCH OF FLOWERS,0.1476,857,14,5.88,2
85192S,HANGING SPRING FLOWER HEART SMALL,0.1476,857,3,1.95,2
85230C,ROSE SCENTED VOTIVE CANDLE,0.1476,857,24,6.96,1
85230D,VANILLA SCENTED VOTIVE CANDLE,0.1476,857,24,6.96,1
90011A,MIDNIGHT BLUE CRYSTAL DROP EARRINGS,0.1476,857,2,5.9,2
90012A,MIDNIGHT BLUE DROP CRYSTAL NECKLACE,0.1476,857,8,23.6,2
90020,FILIGREE DIAMANTE CHAIN,0.1476,857,4,51.0,2
90024F,NEW BAROQUE B'FLY NECKLACE CRYSTAL,0.1476,857,3,25.5,2
90025A,BAROQUE BUTTERFLY EARRINGS BLACK,0.1476,857,2,7.5,2
90025C,BAROQUE BUTTERFLY EARRINGS GREEN,0.1476,857,2,7.5,2
90025D,BAROQUE BUTTERFLY EARRINGS PINK,0.1476,857,2,7.5,2
90025F,BAROQUE BUTTERFLY EARRINGS CRYSTAL,0.1476,857,2,7.5,2
90027C,GLASS BEAD HOOP EARRINGS GREEN,0.1476,857,4,11.8,2
90033,IVORY SHELL HEART EARRINGS,0.1476,857,5,12.75,2
90034,WHITE SILVER NECKLACE SHELL GLASS,0.1476,857,2,19.9,2
90038B,GLASS AND PAINTED BEADS BRACELET OL,0.1476,857,10,37.5,2
90039A,FIRE POLISHED GLASS BRACELET RED,0.1476,857,7,26.25,2
90041,PEARL AND CHERRY QUARTZ BRACLET,0.1476,857,3,10.5,2
90054,CRACKED GLAZE EARRINGS RED,0.1476,857,2,5.1,2
90056,CHUNKY CRACKED GLAZE NECKLACE IVORY,0.1476,857,6,64.5,1
90066A,PINK VINTAGE VICTORIAN CHOKER,0.1476,857,5,33.75,2
90067B,BROWN VINTAGE VICTORIAN EARRINGS,0.1476,857,12,35.4,2
90071,RUBY GLASS CLUSTER EARRINGS,0.1476,857,2,2.5,2
90076,MONTANA DIAMOND CLUSTER EARRINGS,0.1476,857,5,12.75,2
90081B,LILY BROOCH WHITE/SILVER COLOUR,0.1476,857,6,29.7,2
90091,CRYSTAL DRAGONFLY PHONE CHARM,0.1476,857,3,2.55,2
90095,NECKLACE+BRACELET SET PINK BLOSSOM,0.1476,857,7,17.85,2
90125E,AMBER BERTIE GLASS BEAD BAG CHARM,0.1476,857,2,4.2,2
90127A,PINK BEADS+HAND PHONE CHARM,0.1476,857,12,15.0,1
90127B,BLUE BEADS+HAND PHONE CHARM,0.1476,857,2,2.5,2
90128D,PURPLE LEAVES AND BEADS PHONE CHAR,0.1476,857,3,3.75,2
90130C,GREEN STONE/CRYSTAL EARRINGS,0.1476,857,2,5.9,2
90134,OLD ROSE COMBO BEAD NECKLACE,0.1476,857,12,35.4,2
90135,ORANGE/WHT/FUSCHIA STONES NECKLACE,0.1476,857,6,29.7,1
90135A,ORANGE/FUSCHIA STONES NECKLACE,0.1476,857,9,44.55,2
90136,PALE PINK/AMETHYST STONE NECKLACE,0.1476,857,3,29.85,2
90141B,IVORY PENDANT TRIPLE SHELL NECKLACE,0.1476,857,6,29.7,2
90163B,WHITE ROSEBUD & PEARL NECKLACE,0.1476,857,4,30.0,2
90165A,PINK ROSEBUD PEARL EARRINGS,0.1476,857,12,30.6,2
90171,DAISY RING,0.1476,857,11,13.75,2
90176B,DIAMANTE NECKLACE BLACK ,0.1476,857,3,22.5,2
90176E,DIAMANTE NECKLACE GREEN,0.1476,857,3,22.5,2
90183C,BLACK DROP EARRINGS W LONG BEADS,0.1476,857,2,5.9,2
90187B,GREEN DROP EARRINGS W BEAD CLUSTER,0.1476,857,6,20.1,2
90189B,GOLD 2 STRAND NECKLACE-LEAF CHARMS,0.1476,857,3,22.5,2
90197B,BLACK GLASS BRACELET W HEART CHARMS,0.1476,857,6,29.7,2
90214U,"LETTER ""U"" BLING KEY RING",0.1476,857,13,4.73,2
SP1002,KID'S CHALKBOARD/EASEL,0.1476,857,5,14.75,2
10109,BENDY COLOUR PENCILS,0.1475,858,4,1.68,1
17028J,INCENSE BAZAAR PEACH,0.1475,858,6,2.52,1
20620,RED SPOTTY PASSPORT COVER,0.1475,858,1,2.1,1
20678,LARGE BLACK DIAMANTE HAIRSLIDE,0.1475,858,4,6.6,1
20683,RAIN GIRL CHILDS UMBRELLA,0.1475,858,1,3.25,1
20721,OWLS CHARLOTTE BAG,0.1475,858,1,0.85,1
20858,SILVER PURSE GOLD PINK BUTTERFLY,0.1475,858,4,6.6,1
20881,MODERN CHRISTMAS TREE CANDLE,0.1475,858,2,1.7,1
20882,MODERN CHRISTMAS TREE CANDLE,0.1475,858,2,5.9,1
20890,SMALL GLASS ROSE SCENTED CANDLE,0.1475,858,4,15.0,1
20891,LARGE GLASS ROSE SCENTED CANDLE ,0.1475,858,2,15.9,1
21036,SET/2 TEA TOWELS MODERN VINTAGE,0.1475,858,1,2.55,1
21053,ZINC HEART HANGER WITH HOOKS,0.1475,858,-1,-4.25,1
21254,SET OF KITCHEN WALL  STICKERS,0.1475,858,-4,-11.8,1
21315,LARGE GLASS HEART TRINKET POT,0.1475,858,-4,-17.0,1
21346,LARGE SILVER BALUSTRADE CANDLESTICK,0.1475,858,-1,-5.95,1
21409,SPOTTY COCKEREL DOORSTOP,0.1475,858,1,4.25,1
21585,SWALLOW SMALL TUBE MATCHES,0.1475,858,1,1.65,1
21701,SET 6 MINI SUSHI SET FRIDGE MAGNETS,0.1475,858,-12,-20.28,1
21766,VINTAGE WOOD ORGANISER,0.1475,858,-2,-33.9,1
21767,FRENCH STYLE WIRE DOOR CABINET ,0.1475,858,1,29.95,1
21772,VINTAGE METAL CAKE STAND CREAM ,0.1475,858,1,12.75,1
21838,DADDY MOUSE RED GINGHAM BOW TIE,0.1475,858,1,5.45,1
21852,EMPIRE TEDDY,0.1475,858,1,6.95,1
23664,FLOWER SHOP DESIGN MUG,0.1475,858,1,1.65,1
35001C,HAND OPEN SHAPE CHROME,0.1475,858,-3,-10.17,1
35631B,BLUE GREEN CHRISTMAS HANGING BALL ,0.1475,858,-1,-0.19,1
35837,SET OF SIX SILVER+RED FLOCK BAUBLES,0.1475,858,2,1.7,1
35930,PINK HEART CHRISTMAS DECORATION,0.1475,858,1,0.38,1
35945,GOLD CHRISTMAS STOCKING DECORATION,0.1475,858,1,1.95,1
35950,FOLKART HEART CHRISTMAS DECORATIONS,0.1475,858,1,1.25,1
35974,S/6 CHRISTMAS TREE PLACE SETTING,0.1475,858,1,3.75,1
35976B,WHITE SCANDINAVIAN HEART CHRISTMAS,0.1475,858,-11,-13.75,2
35999,S/6 SCANDINAVIAN HEART T-LIGHT,0.1475,858,1,2.55,1
37326,FAIRY DESIGN MUGS,0.1475,858,1,1.25,1
37408,ASSORTED DESIGN GEISHA GIRL MUGS,0.1475,858,5,6.25,1
37432,MUG PINK AND PURPLE ARABIC DESIGN,0.1475,858,6,3.9,1
37438,FUNKY FLOWER COFFEE POT,0.1475,858,1,3.75,1
37481,CUBIC MUG TEATIME CAKES,0.1475,858,6,15.3,1
37484,ENGLISH ROSE TEA FOR ONE GIFT BOX,0.1475,858,1,6.75,1
45014,FOLDING SHIRT TIDY,0.1475,858,1,4.65,1
46138D,GREEN CHENILLE SHAGGY C/COVER,0.1475,858,1,1.95,1
47554,S/3 COLOURS FLOCK TEA TOWELS,0.1475,858,1,2.55,1
47556,SET/2 SPOTTY + ROSE TEA TOWELS ,0.1475,858,1,2.55,1
48173A,DOOR MAT BLUE FLOCK,0.1475,858,1,6.75,1
62097A,PINK STRIPES SHOULDER BAG,0.1475,858,1,2.95,1
71101A,ANGEL ON KNEES METAL POLE 100CM H,0.1475,858,6,5.1,1
71434B,"BLACK RND BULLET""KEEP CLEAN"" BIN",0.1475,858,1,2.55,1
72084B,CHOCOLATE ICE CREAM CANDLE,0.1475,858,2,3.9,1
72751A,"F.FAIRY S/3 SML CANDLE,LILY/VALLEY",0.1475,858,1,5.95,1
72751B,"F.FAIRY S/3 SML CANDLE, LAVENDER",0.1475,858,1,5.95,1
72751C,"F.FAIRY S/3 SML CANDLE, ROSE",0.1475,858,1,5.95,1
72752A,"F.FAIRY,CANDLE IN GLASS,LILY/VALLEY",0.1475,858,1,4.25,1
72754D,F FAIRY POTPOURRI CUSHIONS SUMMER,0.1475,858,1,1.69,1
72796C,S/3 ROSE GARDEN SCENT SQU CANDLE,0.1475,858,1,1.65,1
79303A,WHITE ROHMBIC BLOCK TABLE LAMP,0.1475,858,2,5.9,1
84205C,HAPPY BIRTHDAY GINGER CAT CARD,0.1475,858,2,0.38,1
84572,6 HOOK JEWEL STAND LILAC DRESS,0.1475,858,1,8.49,1
84614C,BLUE BAROQUE FLOCK CANDLE HOLDER,0.1475,858,3,17.85,1
84630,FLOWERS AND BIRDS WALL PLAQUE,0.1475,858,2,15.9,1
84648,NEW BAROQUE WALL MIRROR,0.1475,858,1,12.75,1
84814A,HEXAGONAL CRYSTAL PERFUME BOTTLE,0.1475,858,1,1.95,1
84845A,HOLLYHOCK SQUARE HANDY TIN,0.1475,858,1,1.25,1
85024A,CRYSTAL SMALL JEWELLED PHOTOFRAME,0.1475,858,1,1.65,1
85115B,S/4 BLACK DISCO PARTITION PANEL,0.1475,858,3,12.75,1
85171,S/2 HYACINTH BULB CANDLES,0.1475,858,1,2.55,1
85219,S/4 HEART CRYSTAL FRIDGE MAGNETS,0.1475,858,-3,-4.95,1
85232C,RUSSIAN FOLKART STACKING TINS,0.1475,858,1,4.95,1
90000C,OPAL WHITE/SILVER FLOWER NECKLACE,0.1475,858,1,5.95,1
90004A,JADE GREEN PAIR ENAMEL HAIR SLIDES,0.1475,858,1,3.75,1
90011C,GREEN CRYSTAL DROP EARRINGS,0.1475,858,6,17.7,1
90011E,AMBER CRYSTAL DROP EARRINGS,0.1475,858,1,2.95,1
90025B,BAROQUE BUTTERFLY EARRINGS RED,0.1475,858,1,3.75,1
90037D,TINY CRYSTALS BRACELET BLACK,0.1475,858,6,15.3,1
90052,CRACKED GLAZE NECKLACE BROWN,0.1475,858,3,20.85,1
90055,CRACKED GLAZE EARRINGS BROWN,0.1475,858,1,2.55,1
90077,BLACK DIAMOND CLUSTER EARRINGS,0.1475,858,1,2.55,1
90082C,DIAMANTE BOW BROOCH WHITE COLOUR,0.1475,858,1,6.35,1
90130D,RED STONE/CRYSTAL EARRINGS,0.1475,858,6,17.7,1
90141D,ROSE PENDANT TRIPLE SHELL NECKLACE,0.1475,858,3,14.85,1
90187A,BLUE DROP EARRINGS W BEAD CLUSTER,0.1475,858,2,6.7,1
TEST002,This is a test product.,0.1475,858,1,1.0,1
22003,VINTAGE BLUE VACUUM FLASK 0.5L ,0.1474,859,-10,-67.5,1
CRUK,CRUK Commission,0.1425,860,-16,-7933.43,16
D,Discount,0.1399,861,-2865,-12785.34,170
M,Manual,0.0914,862,4078,-185701.19,1078
