StockCode,Description,PurchaseCount,TotalQuantity,AverageQuantity,TotalRevenue,AverageRevenue,UniqueCustomers,TotalQuantity_Normalized,TotalRevenue_Normalized,PurchaseCount_Normalized,PopularityScore,PopularityRank
10002,INFLATABLE POLITICAL GLOBE ,309,7256,23.48,5754.72,18.62,164,0.09514900817899784,0.42849307988811586,0.05974781765276431,0.1945,422
10080,GROOVY CACTUS INFLATABLE,27,303,11.22,124.61,4.62,23,0.029782833505687695,0.41589245986019985,0.00504364694471387,0.1502,831
10109,BENDY COLOUR PENCILS,1,4,4.0,1.68,1.68,1,0.02697189057064962,0.41561733304739656,0.0,0.1475,858
10120,DOGGY RUBBER,63,618,9.81,129.78,2.06,52,0.032744194791764596,0.4159040307185924,0.012027158098933075,0.1536,797
10123C,HEARTS WRAPPING TAPE ,48,478,9.96,214.22,4.46,39,0.03142803422017486,0.41609301394541337,0.009117361784675072,0.1522,811
10123G,ARMY CAMO WRAPPING TAPE,14,1142,81.57,90.94,6.5,12,0.03767039578828617,0.41581710380563963,0.002521823472356935,0.152,813
10124A,SPOTS ON RED BOOKCOVER TAPE,18,58,3.22,24.36,1.35,18,0.02747955250540566,0.4156680926350837,0.003297769156159069,0.1488,845
10124G,ARMY CAMO BOOKCOVER TAPE,9,32,3.56,13.44,1.49,9,0.027235122684967566,0.4156436528336047,0.0015518913676042677,0.1481,852
10125,MINI FUNKY DESIGN TAPES,126,1970,15.63,1562.7,12.4,87,0.045454545454545456,0.41911101609727974,0.02424830261881668,0.1629,704
10133,COLOURING PENCILS BROWN TUBE,205,3287,16.03,1898.09,9.26,153,0.05783585597442888,0.41986164476193505,0.03957322987390883,0.1724,609
10134,COLOURING PENCILS BROWN TUBE,51,602,11.8,689.8,13.53,44,0.032593776440725766,0.4171573986329019,0.009699321047526674,0.1532,801
10135,COLOURING PENCILS BROWN TUBE,254,3876,15.26,4034.39,15.88,178,0.06337313152204568,0.4246428487820407,0.049078564500484964,0.179,550
10138,ASSORTED COLOUR JUMBO PEN,20,53,2.65,21.84,1.09,17,0.027432546770706025,0.41566245268089624,0.0036857419980601356,0.1489,844
11001,ASSTD DESIGN RACING CAR PEN,194,3462,17.85,5515.42,28.43,119,0.05948105668891605,0.42795750804801325,0.03743937924345296,0.175,584
15030,FAN BLACK FRAME ,27,254,9.41,73.66,2.73,23,0.029322177305631286,0.41577842983406854,0.00504364694471387,0.15,833
15034,PAPER POCKET TRAVELING FAN ,179,8370,46.76,1040.06,5.81,123,0.10562188587007615,0.4179413075034174,0.03452958292919495,0.186,487
15036,ASSORTED COLOURS SILK FAN,648,40077,61.85,28131.29,43.41,303,0.4037040518943311,0.47857356785337124,0.12550921435499515,0.3359,43
15039,SANDALWOOD FAN,186,4119,22.15,2825.95,15.19,127,0.06565761022844788,0.4219382669414488,0.03588748787584869,0.1745,588
15044A,PINK PAPER PARASOL ,196,4891,24.95,12795.73,65.28,117,0.07291529566607126,0.44425140283789066,0.037827352085354024,0.185,497
15044B,BLUE PAPER PARASOL ,149,1623,10.89,4373.45,29.35,98,0.042192347466390896,0.42540169118950083,0.02870999030067895,0.1654,679
15044C,PURPLE PAPER PARASOL,165,857,5.19,2414.55,14.63,100,0.03499106891040707,0.4210175220395757,0.03181377303588749,0.1626,707
15044D,RED PAPER PARASOL,194,1535,7.91,4226.69,21.79,106,0.04136504653567735,0.4250732310003931,0.03743937924345296,0.168,653
15056BL,EDWARDIAN PARASOL BLACK,811,9138,11.27,44813.72,55.26,322,0.11284196671993983,0.5159101317166539,0.1571290009699321,0.262,129
15056N,EDWARDIAN PARASOL NATURAL,886,10805,12.2,53563.46,60.46,348,0.1285136786687976,0.535492724078625,0.1716779825412221,0.2786,101
15056P,EDWARDIAN PARASOL PINK,331,2123,6.41,10781.76,32.57,186,0.046892920936354235,0.43974398278435317,0.06401551891367604,0.1836,510
15058A,BLUE WHITE SPOTS GARDEN PARASOL,113,402,3.56,2378.3,21.05,77,0.030713547052740434,0.4209363917462045,0.021726479146459747,0.1578,755
15058B,PINK WHITE SPOTS GARDEN PARASOL,96,292,3.04,1851.8,19.29,65,0.0296794208893485,0.41975804417489637,0.01842870999030068,0.156,773
15058C,ICE CREAM DESIGN GARDEN PARASOL,73,409,5.6,1939.55,26.57,56,0.03077935508131992,0.41995443543678107,0.01396702230843841,0.1549,784
15059A,ENGLISH ROSE EDWARDIAN PARASOL,1,505,505.0,1515.0,1515.0,1,0.03168186518755288,0.41900425982158856,0.0,0.1502,831
15060B,FAIRY CAKE DESIGN UMBRELLA,280,1128,4.03,4104.42,14.66,175,0.037538779731127195,0.4247995813184485,0.05412221144519884,0.1722,611
16008,SMALL FOLDING SCISSOR(POINTED EDGE),85,3141,36.95,422.96,4.98,64,0.056463288521199584,0.4165601901506078,0.016294859359844812,0.1631,702
16010,FOLDING CAMPING SCISSOR W/KNIF & S,4,32,8.0,3.84,0.96,4,0.027235122684967566,0.415622167293843,0.0005819592628516004,0.1478,855
16011, ANIMAL STICKERS,113,3788,33.52,794.28,7.03,83,0.06254583059133215,0.4173912329239756,0.021726479146459747,0.1672,661
16012,FOOD/DRINK SPUNGE STICKERS,83,2877,34.66,602.97,7.26,67,0.053981385729058945,0.4169630664019111,0.015906886517943745,0.1623,710
16014,SMALL CHINESE STYLE SCISSOR,92,29354,319.07,9512.68,103.4,46,0.3028955532574974,0.43690368395093293,0.017652764306498547,0.2525,153
16015,MEDIUM CHINESE STYLE SCISSOR,65,1572,24.18,711.38,10.94,40,0.04171288897245464,0.4172056963358247,0.012415130940834141,0.1571,762
16016,LARGE CHINESE STYLE SCISSOR,105,2307,21.97,1864.75,17.76,57,0.04862273197330074,0.41978702727280415,0.02017458777885548,0.1629,704
16020C,CLEAR STATIONERY BOX SET ,25,82,3.28,69.7,2.79,22,0.0277051800319639,0.4157695670489168,0.004655674102812803,0.1494,839
16033,MINI HIGHLIGHTER PENS,53,14521,273.98,1472.52,27.78,43,0.16344834069756511,0.4189091863081428,0.01008729388942774,0.1975,398
16043,POP ART PUSH DOWN RUBBER ,14,1158,82.71,111.36,7.95,11,0.037820814139325,0.4158628053391745,0.002521823472356935,0.1521,812
16044,POP-ART FLUORESCENT PENS,2,6192,3096.0,388.8,194.4,2,0.08514618783491586,0.4164837374382889,0.00019398642095053346,0.1673,660
16045,POPART WOODEN PENCILS ASST,73,9300,127.4,428.0,5.86,65,0.11436495252420795,0.4165714700589827,0.01396702230843841,0.1816,527
16046,TEATIME PEN CASE & PENS,50,5317,106.34,654.49,13.09,45,0.07692018426248003,0.41707837213196575,0.009505334626576139,0.1678,655
16047,POP ART PEN CASE & PENS,24,5403,225.12,600.87,25.04,21,0.07772868289931371,0.4169583664400882,0.0044616876818622695,0.1664,669
16048,TEATIME ROUND PENCIL SHARPENER ,70,3413,48.76,498.66,7.12,59,0.05902040048885964,0.4167296125839374,0.01338506304558681,0.163,703
16049,TEATIME GEL PENS ASST,25,3144,125.76,542.88,21.72,22,0.056491491962019365,0.4168285803514649,0.004655674102812803,0.1593,740
16050,TEATIME PENCIL WITH RUBBER,4,122,30.5,30.5,7.62,4,0.028081225909560966,0.415681834428223,0.0005819592628516004,0.1481,852
16051,TEATIME PENCIL W STAMP ASST,3,938,312.67,82.2,27.4,3,0.03575256181254113,0.4157975430121483,0.0003879728419010669,0.1506,827
16052,TEATIME PUSH DOWN RUBBER,22,786,35.73,239.27,10.88,18,0.03432358747767228,0.4161490777757292,0.004073714839961203,0.1515,818
16053,POPART COL BALLPOINT PEN ASST,9,2298,255.33,122.58,13.62,8,0.048538121650841405,0.41588791656377105,0.0015518913676042677,0.1553,780
16054,POPART RECT PENCIL SHARPENER ASST,38,1097,28.87,143.94,3.79,32,0.03724734417598947,0.41593572188974093,0.007177497575169738,0.1535,798
16119,FUNKY GIRL ADDRESS BOOK,7,271,38.71,128.21,18.32,7,0.02948199680361004,0.4159005169376105,0.0011639185257032007,0.1488,845
16151A,FLOWER DES BLUE HANDBAG/ORANG HANDL,5,52,10.4,72.5,14.5,5,0.0274231456237661,0.4157758336646806,0.0007759456838021338,0.148,853
16156L,"WRAP, CAROUSEL",36,950,26.39,399.0,11.08,33,0.03586537557582025,0.4165065658242858,0.006789524733268671,0.1531,802
16156N,"WRAP, FRIENDSHIP ON GREEN",55,1450,26.36,609.0,11.07,51,0.04056594904578358,0.41697656200657396,0.010475266731328807,0.156,773
16156S,WRAP PINK FAIRY CAKES ,420,16440,39.14,6465.8,15.39,271,0.18148914167528438,0.4300845317228847,0.08128031037827352,0.231,221
16161C,WRAP SPEED DEMONS ,2,450,225.0,45.0,22.5,2,0.031164802105856915,0.41571428654557147,0.00019398642095053346,0.149,843
16161E,WRAP BOUDOIR ,9,750,83.33,75.0,8.33,8,0.033985146187834915,0.41578142885732694,0.0015518913676042677,0.1504,829
16161G,WRAP BAD HAIR DAY,33,975,29.55,97.5,2.95,31,0.036100404249318416,0.41583178559114353,0.006207565470417071,0.1527,806
16161M,WRAP  PINK FLOCK,40,1025,25.62,428.5,10.71,36,0.03657046159631475,0.416572589097512,0.007565470417070805,0.1536,797
16161P,WRAP ENGLISH ROSE ,441,13173,29.87,5424.9,12.3,289,0.15077559462254395,0.4277549173126764,0.08535402521823472,0.2213,265
16161U,"WRAP,SUKI AND FRIENDS",320,9926,31.02,4042.92,12.63,203,0.12025007050860205,0.42466193957934983,0.06188166828322018,0.2023,366
16162L,THE KING GIFT BAG,18,4339,241.06,366.59,20.37,16,0.06772586255523173,0.4164340297468193,0.003297769156159069,0.1625,708
16162M,THE KING GIFT BAG 25x24x12cm,12,86,7.17,36.12,3.01,10,0.027742784619723605,0.41569441242129185,0.002133850630455868,0.1485,848
16168M,FUNKY MONKEY GIFT BAG MEDIUM,53,1578,29.77,425.16,8.02,42,0.041769295854094196,0.41656511392013656,0.01008729388942774,0.1561,772
16168S,FUNKY MONKEY GIFT BAG SMALL,7,1274,182.0,121.86,17.41,4,0.038911347184356494,0.4158863051482889,0.0011639185257032007,0.152,813
16169A,WRAP CHRISTMAS DECOUPAGE,1,25,25.0,10.5,10.5,1,0.02716931465638808,0.4156370728870527,0.0,0.1476,857
16169C,WRAP BLUE REINDEER,43,1350,31.4,567.0,13.19,42,0.03962583435179092,0.4168825627701163,0.008147429679922406,0.1549,784
16169D,WRAP WINTER FOREST,9,250,27.78,105.0,11.67,9,0.02928457271787158,0.41584857116908236,0.0015518913676042677,0.1489,844
16169E,WRAP 50'S  CHRISTMAS,152,4438,29.2,1839.96,12.1,143,0.06865657610228448,0.41973154534252355,0.029291949563530553,0.1726,607
16169F,WRAP BLIZZARD,34,975,28.68,409.5,12.04,34,0.036100404249318416,0.41653006563340017,0.006401551891367604,0.153,803
16169G,WRAP ROMANTIC DECOUPAGE,1,25,25.0,10.5,10.5,1,0.02716931465638808,0.4156370728870527,0.0,0.1476,857
16169K,WRAP FOLK ART,59,2050,34.75,648.25,10.99,56,0.04620663720973959,0.41706440653112065,0.01125121241513094,0.1582,751
16169M,WRAP DAISY CARPET ,60,2060,34.33,640.95,10.68,56,0.046300648679138856,0.4170480685685935,0.011445198836081475,0.1583,750
16169N,WRAP BLUE RUSSIAN FOLKART,56,2025,36.16,626.25,11.18,52,0.04597160853624142,0.41701516883583334,0.01066925315227934,0.1579,754
16169P,WRAP GREEN RUSSIAN FOLKART ,49,1725,35.2,523.25,10.68,46,0.04315126445426342,0.4167846468988063,0.009311348205625606,0.1564,769
16201A,PASTEL PINK PHOTO ALBUM,9,98,10.89,195.9,21.77,7,0.027855598383002726,0.4160520123737014,0.0015518913676042677,0.1485,848
16201B,PASTEL BLUE PHOTO ALBUM,2,24,12.0,46.8,23.4,2,0.02715991350944815,0.41571831508427676,0.00019398642095053346,0.1477,856
16202A,PASTEL PINK PHOTO ALBUM ,22,336,15.27,168.65,7.67,16,0.030093071354705275,0.41599102477385685,0.004073714839961203,0.1501,832
16202B,PASTEL BLUE PHOTO ALBUM ,22,562,25.55,324.73,14.76,13,0.0322177305631287,0.4163403438411499,0.004073714839961203,0.1509,824
16202C,BEIGE PHOTO ALBUM,10,94,9.4,201.3,20.13,10,0.02781799379524302,0.41606409798981736,0.0017458777885548012,0.1485,848
16202E,BLACK PHOTO ALBUM ,14,80,5.71,145.05,10.36,12,0.027686377738084047,0.4159382061552759,0.002521823472356935,0.1487,846
16206B,RED PURSE WITH PINK HEART,16,96,6.0,116.4,7.28,14,0.027836796089122873,0.41587408524754943,0.002909796314258002,0.1489,844
16207A,PINK STRAWBERRY HANDBAG ,19,55,2.89,162.25,8.54,17,0.027451349064585878,0.41597670108068235,0.0034917555771096023,0.149,843
16207B,PINK HEART RED HANDBAG,13,211,16.23,315.96,24.3,12,0.02891792798721444,0.4163207159053467,0.0023278370514064014,0.1492,841
16212,FUNKY GIRLZ ASST MAGNETIC MEMO PAD,34,357,10.5,232.05,6.82,29,0.030290495440443734,0.41613291885936665,0.006401551891367604,0.1509,824
16215,FUNKY GIRLZ MAGNETIC TO DO LIST ,3,8,2.67,5.2,1.73,3,0.027009495158409325,0.4156252110786426,0.0003879728419010669,0.1477,856
16216,LETTER SHAPE PENCIL SHARPENER,82,4025,49.09,340.58,4.15,69,0.06477390241609476,0.4163758173625273,0.01571290009699321,0.1656,677
16218,CARTOON  PENCIL SHARPENERS,70,4525,64.64,375.6,5.37,60,0.0694744758860581,0.41645419482111656,0.01338506304558681,0.1664,669
16219,HOUSE SHAPE PENCIL SHARPENER,67,3158,47.13,368.13,5.49,58,0.05662310801917834,0.41643747638548945,0.012803103782735208,0.162,713
16225,RATTLE SNAKE EGGS,113,1420,12.57,1078.64,9.55,90,0.04028391463758579,0.41802765251633495,0.021726479146459747,0.16,733
16235,RECYCLED PENCIL WITH RABBIT ERASER,168,4955,29.49,1003.65,5.97,124,0.07351696907022656,0.41785981911771686,0.032395732298739086,0.1746,587
16236,KITTY PENCIL ERASERS,148,2397,16.2,497.77,3.36,108,0.04946883519789414,0.4167276206953553,0.02851600387972842,0.1649,684
16237,SLEEPING CAT ERASERS,348,9639,27.7,1940.19,5.58,209,0.11755194133684309,0.41995586780609856,0.06731328806983511,0.2016,372
16238,PARTY TIME PENCIL ERASERS,136,2232,16.41,469.42,3.45,104,0.047917645952806245,0.41666417121074645,0.026188166828322017,0.1636,697
16239,BALLERINA HEART DECORATION.,13,338,26.0,468.4,36.03,13,0.030111873648585127,0.41666188837214674,0.0023278370514064014,0.1497,836
16243B,BROWN COZY SQUARE PHOTO ALBUM,1,205,205.0,399.75,399.75,1,0.02886152110557488,0.4165082443820797,0.0,0.1485,848
16244A,MAXWELL 2 TONE PINK 60 PAGE PHOTO A,6,142,23.67,293.0,48.83,6,0.0282692488483595,0.4162693296560832,0.0009699321047526673,0.1485,848
16244B,MAXWELL 2 TONE BLUE 60 PAGE PHOTO A,8,309,38.62,612.85,76.61,8,0.029839240387327253,0.41698517860324924,0.0013579049466537342,0.1494,839
16245A,PINK MINI STATIONERY SET W CASE,7,11,1.57,13.75,1.96,7,0.027037698599229106,0.4156443466374929,0.0011639185257032007,0.1479,854
16248B,BLUE HOLE PUNCH,12,81,6.75,101.25,8.44,12,0.02769577888502397,0.41584017838011295,0.002133850630455868,0.1486,847
16254,TRANSPARENT ACRYLIC TAPE DISPENSER,20,912,45.6,258.36,12.92,17,0.03550813199210304,0.4161918026667762,0.0036857419980601356,0.1518,815
16256B,FLOWER PENCIL/RUBBER+5 MINI PENCILS,21,493,23.48,207.06,9.86,17,0.03156905142427376,0.41607698931367443,0.0038797284190106693,0.1505,828
16256C,HEARTS PENCIL/RUBBER+5 MINI PENCILS,11,155,14.09,65.1,5.92,8,0.028391463758578546,0.4157592718944476,0.0019398642095053346,0.1487,846
16258A,SWIRLY CIRCULAR RUBBERS IN BAG,77,1025,13.31,346.77,4.5,58,0.03657046159631475,0.4163896710595195,0.014742967992240542,0.1559,774
16258B,DAISY ERASERS IN BAG,14,1014,72.43,219.34,15.67,13,0.036467048979975554,0.41610447289995295,0.002521823472356935,0.1517,816
16259,PIECE OF CAMO STATIONERY SET,59,5339,90.49,751.99,12.75,46,0.07712700949515841,0.417296584645171,0.01125121241513094,0.1686,647
17001,HEAVENS SCENT FRAGRANCE OILS ASSTD,25,1205,48.2,297.61,11.9,20,0.038262668045501554,0.41627964719132293,0.004655674102812803,0.1531,802
17003,BROCADE RING PURSE ,398,69343,174.23,14425.6,36.25,215,0.6788380182382251,0.44789917749325253,0.07701260911736178,0.4012,16
17007B,S/3 POT POURI CUSHIONS BLUE COLOURS,7,34,4.86,71.4,10.2,6,0.02725392497884742,0.41577337177991625,0.0011639185257032007,0.1481,852
17011A,ORIGAMI VANILLA INCENSE+FLOWER ,6,254,42.33,150.0,25.0,6,0.029322177305631286,0.41594928463671554,0.0009699321047526673,0.1487,846
17011B,ORIGAMI JASMINE INCENSE+FLOWER ,2,19,9.5,11.1,5.55,2,0.02711290777474852,0.4156384157332878,0.00019398642095053346,0.1476,857
17011C,ORIGAMI LAVENDER INCENSE+FLOWER,1,334,334.0,217.1,217.1,1,0.030074269060825422,0.4160994596073419,0.0,0.1487,846
17011D,ORIGAMI ROSE INCENSE+FLOWER,2,207,103.5,129.3,64.65,2,0.028880323399454733,0.41590295644160424,0.00019398642095053346,0.1483,850
17011E,ORIGAMI OPIUM SCENT INCENSE+FLOWER,1,124,124.0,80.6,80.6,1,0.02810002820344082,0.4157939620888546,0.0,0.148,853
17011F,ORIGAMI SANDLEWOOD INCENSE+FLOWER,15,380,25.33,315.15,21.01,15,0.030506721820062047,0.4163189030629293,0.0027158098933074684,0.1498,835
17012A,ORIGAMI VANILLA INCENSE/CANDLE SET ,35,644,18.4,586.6,16.76,30,0.032988624612202685,0.41692642908046323,0.006595538312318138,0.1522,811
17012B,ORIGAMI JASMINE INCENSE/CANDLE SET,48,617,12.85,590.85,12.31,43,0.03273479364482467,0.41693594090796193,0.009117361784675072,0.1529,804
17012C,ORIGAMI LAVENDER INCENSE/CANDL SET ,56,777,13.88,747.25,13.34,47,0.03423897715521294,0.41728597615991364,0.01066925315227934,0.1541,792
17012D,ORIGAMI ROSE INCENSE/CANDLE SET ,51,426,8.35,426.7,8.37,41,0.030939174579298675,0.4165685605588067,0.009699321047526674,0.1524,809
17012E,ORIGAMI OPIUM INCENSE/CANDLE SET ,12,240,20.0,236.4,19.7,12,0.029190561248472312,0.4161426544945712,0.002133850630455868,0.1492,841
17012F,ORIGAMI SANDLEWOOD INCENSE/CAND SET,47,493,10.49,451.45,9.61,38,0.03156905142427376,0.4166239529660049,0.008923375363724539,0.1524,809
17013B,ORIGAMI JASMINE INCENSE IN TUBE,2,255,127.5,217.6,108.8,2,0.029331578452571214,0.4161005786458712,0.00019398642095053346,0.1485,848
17013C,ORIGAMI LAVENDER INCENSE IN TUBE,3,117,39.0,49.14,16.38,2,0.028034220174861332,0.4157235521845938,0.0003879728419010669,0.148,853
17013D,ORIGAMI ROSE INCENSE IN TUBE,22,1047,47.59,513.89,23.36,18,0.03677728682899314,0.4167636984975386,0.004073714839961203,0.1525,808
17013F,ORIGAMI SANDLEWOOD INCENSE IN TUBE,4,61,15.25,25.05,6.26,4,0.02750775594622544,0.4156696369082541,0.0005819592628516004,0.1479,854
17014A,ORIGAMI VANILLA INCENSE CONES,9,247,27.44,111.81,12.42,9,0.0292563692770518,0.41586381247385085,0.0015518913676042677,0.1489,844
17014C,ORIGAMI LAVENDER INCENSE CONES,1,96,96.0,40.32,40.32,1,0.027836796089122873,0.41570381234493764,0.0,0.1478,855
17014D,ORIGAMI ROSE INCENSE CONES,6,476,79.33,194.28,32.38,5,0.03140923192629501,0.41604838668886657,0.0009699321047526673,0.1495,838
17014E,ORIGAMI OPIUM INCENSE CONES,4,93,23.25,33.3,8.32,4,0.027808592648303092,0.41568810104398685,0.0005819592628516004,0.148,853
17014F,ORIGAMI SANDLEWOOD INCENSE CONES,4,61,15.25,23.7,5.92,4,0.02750775594622544,0.4156666155042251,0.0005819592628516004,0.1479,854
17021,NAMASTE SWAGAT INCENSE,85,3636,42.78,959.04,11.28,45,0.061116856256463285,0.4177599785001366,0.016294859359844812,0.1651,682
17027A,INCENSE BAZAAR CANNABIS,2,228,114.0,84.84,42.42,1,0.029077747485193192,0.4158034515355827,0.00019398642095053346,0.1484,849
17028J,INCENSE BAZAAR PEACH,1,6,6.0,2.52,2.52,1,0.026990692864529472,0.41561921303212573,0.0,0.1475,858
17033,"BROCADE PURSE,SMALL ARCH BUTTON",69,3243,47.0,857.11,12.42,58,0.05742220550907211,0.4175318513055621,0.013191076624636276,0.1627,706
17038,PORCELAIN BUDAH INCENSE HOLDER,30,2524,84.13,225.4,7.51,21,0.05066278085926483,0.41611803564692756,0.00562560620756547,0.1575,758
17039,INLAID WOOD INCENSE HOLDER,30,3641,121.37,813.09,27.1,20,0.06116386199116292,0.4174333311534463,0.00562560620756547,0.1614,719
17061,ASSORTED SHAPED STENCIL FOR HENNA,1,52,52.0,2.08,2.08,1,0.0274231456237661,0.41561822827822,0.0,0.1477,856
17084A,TRANQUILITY MASALA INCENSE,18,442,24.56,92.82,5.16,14,0.0310895929303375,0.41582131139050965,0.003297769156159069,0.1501,832
17084G,MOON INCENSE,2,50,25.0,10.5,5.25,2,0.027404343329886244,0.4156370728870527,0.00019398642095053346,0.1477,856
17084J,LOVE POTION MASALA INCENSE,19,454,23.89,95.34,5.02,17,0.03120240669361662,0.4158269513446971,0.0034917555771096023,0.1502,831
17084N,FAIRY DREAMS INCENSE ,67,2391,35.69,485.86,7.25,42,0.049412428316254586,0.41670096519758837,0.012803103782735208,0.1596,737
17084P,DRAGONS BLOOD INCENSE,26,874,33.62,173.54,6.67,23,0.03515088840838582,0.416001968970673,0.004849660523763337,0.152,813
17084R,ASSORTED INCENSE PACK,66,10625,160.98,1968.45,29.82,29,0.1268214722196108,0.4200191158637722,0.012609117361784675,0.1865,482
17090A,LAVENDER INCENSE 40 CONES IN TIN,26,173,6.65,182.65,7.02,24,0.028560684403497228,0.41602235785267605,0.004849660523763337,0.1498,835
17090D,VANILLA INCENSE 40 CONES IN TIN,30,88,2.93,105.2,3.51,21,0.027761586913603458,0.4158490187844941,0.00562560620756547,0.1497,836
17091A,LAVENDER INCENSE IN TIN,110,2073,18.85,1255.65,11.42,78,0.046422863589357904,0.41842381453646266,0.02114451988360815,0.162,713
17091B,JASMINE TEA INCENSE IN TIN,44,264,6.0,286.8,6.52,35,0.029416188775030553,0.4162554535783204,0.00834141610087294,0.1513,820
17091F,SANDALWOOD INCENSE IN TIN,6,16,2.67,20.0,3.33,6,0.02708470433392874,0.4156583346191086,0.0009699321047526673,0.1479,854
17091J,VANILLA INCENSE IN TIN,166,3931,23.68,2122.19,12.78,108,0.06389019460374165,0.42036319783074827,0.03200775945683802,0.1721,612
17096,ASSORTED LAQUERED INCENSE HOLDERS,35,6157,175.91,1081.65,30.9,25,0.08481714769201842,0.41803438912828106,0.006595538312318138,0.1698,635
17107D,"FLOWER FAIRY,5 SUMMER B'DRAW LINERS",84,306,3.64,780.3,9.29,68,0.029811036946507472,0.41735994460669756,0.016100872938894277,0.1544,789
17108D,FLOWER FAIRY SUMMER BOUQUET SACHET,23,355,15.43,149.1,6.48,17,0.03027169314656388,0.4159472703673629,0.004267701260911736,0.1502,831
17109A,FLOWER FAIRY INCENSE LILY,13,709,54.54,333.61,25.66,12,0.03359969916329792,0.41636021796542944,0.0023278370514064014,0.1508,825
17109B,FLOWER FAIRY INCENSE LAVENDER,16,4541,283.81,892.91,55.81,13,0.06962489423709693,0.41761197446425696,0.002909796314258002,0.1634,699
17109C,FLOWER FAIRY INCENSE ROSE,16,3123,195.19,659.54,41.22,13,0.056294067876280905,0.41708967442111133,0.002909796314258002,0.1588,745
17109D,FLOWER FAIRY INCENSE BOUQUET,38,1252,32.95,583.18,15.35,33,0.0387045219516781,0.4169187748569231,0.007177497575169738,0.1543,790
17129C,SKY BLUE COLOUR GLASS GEMS IN BAG,10,84,8.4,56.28,5.63,7,0.027723982325843752,0.4157395320547915,0.0017458777885548012,0.1484,849
17129D,CLEAR COLOUR GLASS GEMS IN BAG,19,518,27.26,344.54,18.13,12,0.03180408009777193,0.4163846801476791,0.0034917555771096023,0.1506,827
17129F,DEEP BLUE GLASS GEMS IN BAG,43,938,21.81,624.8,14.53,19,0.03575256181254113,0.41701192362409845,0.008147429679922406,0.1536,797
17136A,BLUE STONES ON WIRE FOR CANDLE,34,743,21.85,61.78,1.82,28,0.03391933815925543,0.4157518414786133,0.006401551891367604,0.152,813
17164B,ASS COL SMALL SAND GECKO P'WEIGHT,82,1582,19.29,632.4,7.71,64,0.04180690044185391,0.4170289330097432,0.01571290009699321,0.1582,751
17164D,ASS COL SMALL SAND FROG P'WEIGHT,30,1144,38.13,444.48,14.82,26,0.037689198082166024,0.4166083535689071,0.00562560620756547,0.1533,800
17165B,ASS COL LARGE SAND GECKO P'WEIGHT,62,805,12.98,746.43,12.04,44,0.03450220926953088,0.41728414093672567,0.011833171677982542,0.1545,788
17165D,ASS COL LARGE SAND FROG P'WEIGHT,96,710,7.4,676.02,7.04,64,0.03360910031023785,0.4171265579310356,0.01842870999030068,0.1564,769
17174,ASSTD RASTA KEY-CHAINS,7,36,5.14,15.12,2.16,7,0.02727272727272727,0.41564741280306305,0.0011639185257032007,0.148,853
17178,FLAT PALM T-LIGHT HOLDER,25,133,5.32,156.65,6.27,20,0.028184638525900158,0.4159641678491547,0.004655674102812803,0.1496,837
17181,CIRCLE OF FRIENDS CANDLE HOLDER,30,294,9.8,341.7,11.39,26,0.029698223183228355,0.4163783240088329,0.00562560620756547,0.1506,827
17191A,ROSE FLOWER CANDLE+INCENSE 16X16CM,12,33,2.75,123.75,10.31,9,0.027244523831907494,0.41589053511392954,0.002133850630455868,0.1484,849
18007,ESSENTIAL BALM 3.5g TIN IN ENVELOPE,54,8935,165.46,897.18,16.61,40,0.11093353389113472,0.4176215310532968,0.010281280310378274,0.1796,545
18010,ASSORTED FRAGRANCE BATH CONFETTI,6,56,9.33,23.52,3.92,6,0.027460750211525806,0.4156662126503545,0.0009699321047526673,0.148,853
18094C,WHITE/BLUE RECT CERAMIC OIL BURNER,44,331,7.52,375.35,8.53,22,0.03004606562000564,0.4164536353018519,0.00834141610087294,0.1516,817
18096C,WHITE ROUND PORCELAIN TLIGHT HOLDER,15,94,6.27,210.9,14.06,12,0.02781799379524302,0.4160855835295791,0.0027158098933074684,0.1489,844
18097A,PINK TALL PORCELAIN T-LIGHT HOLDER ,12,17,1.42,43.35,3.61,10,0.027094105480868665,0.41571059371842495,0.002133850630455868,0.1483,850
18097B,BLUE TALL PORCELAIN T-LIGHT HOLDER,4,7,1.75,17.85,4.46,3,0.0270000940114694,0.4156535227534328,0.0005819592628516004,0.1477,856
18097C,WHITE TALL PORCELAIN T-LIGHT HOLDER,162,1242,7.67,2721.9,16.8,110,0.038610510482278836,0.4217053950235103,0.031231813773035886,0.1638,695
18098A,PINK PORCELAIN B'FLY OIL BURNER,2,2,1.0,5.9,2.95,2,0.026953088276769767,0.4156267777325835,0.00019398642095053346,0.1476,857
18098B,BLUE PORCELAIN B'FLY OIL BURNER,3,3,1.0,8.85,2.95,3,0.02696248942370969,0.4156333800599062,0.0003879728419010669,0.1477,856
18098C,PORCELAIN BUTTERFLY OIL BURNER,185,1099,5.94,2762.05,14.93,104,0.037266146469869324,0.4217952538174097,0.035693501454898156,0.1649,684
20615,BLUE SPOTTY PASSPORT COVER,79,458,5.8,585.04,7.41,59,0.031240011281376327,0.41692293768025196,0.01513094083414161,0.1544,789
20616,CHERRY BLOSSOM PASSPORT COVER,44,188,4.27,236.18,5.37,31,0.028701701607596126,0.41614216211761834,0.00834141610087294,0.1511,822
20617,FIRST CLASS PASSPORT COVER ,74,452,6.11,863.88,11.67,59,0.031183604399736768,0.41754700308724824,0.014161008729388943,0.1543,790
20618,QUEEN OF THE SKIES PASSPORT COVER ,74,193,2.61,400.38,5.41,50,0.02874870734229576,0.41650965437062654,0.014161008729388943,0.1531,802
20619,TROPICAL PASSPORT COVER ,68,373,5.49,566.33,8.33,46,0.03044091379148256,0.41688106325848706,0.012997090203685741,0.1534,799
20620,RED SPOTTY PASSPORT COVER,1,1,1.0,2.1,2.1,1,0.02694368712982984,0.4156182730397612,0.0,0.1475,858
20621,ECONOMY PASSPORT COVER ,29,199,6.86,417.9,14.41,23,0.02880511422393532,0.4165488654806917,0.005431619786614937,0.1503,830
20622,VIPPASSPORT COVER ,82,523,6.38,914.18,11.15,59,0.03185108583247156,0.41765957836329154,0.01571290009699321,0.1551,782
20652,BLUE SPOTTY LUGGAGE TAG ,90,1215,13.5,692.01,7.69,73,0.03835667951490082,0.4171623447832013,0.017264791464597477,0.1576,757
20653,CHERRY BLOSSOM LUGGAGE TAG,31,1927,62.16,428.89,13.84,26,0.045050296136128605,0.41657346194756484,0.005819592628516004,0.1558,775
20654,FIRST CLASS LUGGAGE TAG ,85,339,3.99,414.63,4.88,65,0.030121274795525056,0.4165415469687104,0.016294859359844812,0.1543,790
20655,QUEEN OF SKIES LUGGAGE TAG,94,264,2.81,321.02,3.42,55,0.029416188775030553,0.41633204057526274,0.018040737148399613,0.1546,787
20657,TROPICAL LUGGAGE TAG,71,1692,23.83,534.14,7.52,54,0.04284102660524584,0.41680901955797356,0.013579049466537343,0.1577,756
20658,RED SPOTTY LUGGAGE TAG,230,1309,5.69,1631.69,7.09,154,0.03924038732725393,0.4192654210335467,0.044422890397672166,0.1676,657
20659,ECONOMY LUGGAGE TAG,91,287,3.15,380.81,4.18,55,0.02963241515464887,0.4164658552025914,0.01745877788554801,0.1545,788
20660,VIP LUGGAGE TAG ,27,71,2.63,88.75,3.29,22,0.027601767415624708,0.4158122024168815,0.00504364694471387,0.1495,838
20661,BLUE SPOTTY PURSE ,47,433,9.21,451.87,9.61,37,0.03100498260787816,0.41662489295836946,0.008923375363724539,0.1522,811
20662,FIRST CLASS HOLIDAY PURSE ,26,397,15.27,343.27,13.2,23,0.0306665413180408,0.41638183778981475,0.004849660523763337,0.1506,827
20663,QUEEN OF THE SKIES HOLIDAY PURSE ,17,534,31.41,183.34,10.78,14,0.03195449844881076,0.41602390212584645,0.0031037827352085354,0.1504,829
20664,TROPICAL HOLIDAY PURSE ,16,31,1.94,91.45,5.72,11,0.027225721538027638,0.41581824522493954,0.002909796314258002,0.1487,846
20665,RED SPOTTY PURSE ,227,1133,4.99,3325.55,14.65,168,0.03758578546582683,0.4230564102398829,0.043840931134820564,0.1682,651
20666,ECONOMY HOLIDAY PURSE,23,471,20.48,272.65,11.85,22,0.03136222619159537,0.4162237847879424,0.004267701260911736,0.1506,827
20667,CHERRY BLOSSOM PURSE,9,21,2.33,61.95,6.88,6,0.027131710068628374,0.41575222195171335,0.0015518913676042677,0.1481,852
20668,DISCO BALL CHRISTMAS DECORATION,316,20547,65.02,2291.68,7.25,182,0.22009965215756322,0.42074252951139596,0.061105722599418044,0.234,208
20669,RED HEART LUGGAGE TAG,138,627,4.54,781.47,5.66,103,0.03282880511422394,0.41736256315685605,0.026576139670223084,0.1589,744
20670,VIP HOLIDAY PURSE,25,352,14.08,210.08,8.4,21,0.0302434897057441,0.4160837483063911,0.004655674102812803,0.1503,830
20671,BLUE TEATIME PRINT BOWL ,106,731,6.9,900.07,8.49,70,0.03380652439597631,0.4176279990959959,0.020368574199806012,0.1573,760
20672,PINK TEATIME PRINT BOWL,22,116,5.27,145.0,6.59,21,0.028024819027921408,0.415938094251423,0.004073714839961203,0.1493,840
20673,STRAWBERRIES PRINT BOWL,2,5,2.5,6.25,3.12,2,0.026981291717589544,0.415627561059554,0.00019398642095053346,0.1476,857
20674,GREEN SPOTTY BOWL,366,3081,8.42,3729.53,10.19,196,0.055899219704803986,0.4239605486099818,0.07080504364694472,0.1836,510
20675,BLUE SPOTTY BOWL,546,5776,10.58,6797.32,12.45,282,0.08123531070790636,0.43082649902932363,0.10572259941804074,0.2059,343
20676,RED SPOTTY BOWL,736,9266,12.59,10816.25,14.7,372,0.11404531352825045,0.43982117406210136,0.1425800193986421,0.2321,215
20677,PINK SPOTTY BOWL,554,6874,12.41,8012.92,14.46,269,0.09155777004794585,0.4335471055016545,0.10727449078564501,0.2108,312
20678,LARGE BLACK DIAMANTE HAIRSLIDE,1,4,4.0,6.6,6.6,1,0.02697189057064962,0.4156283443865245,0.0,0.1475,858
20679,EDWARDIAN PARASOL RED,632,6011,9.51,28450.82,45.02,273,0.08344458023878913,0.4792887006158785,0.12240543161978662,0.2284,232
20680,PINK FLOWERS CHILDS UMBRELLA,5,6,1.2,19.5,3.9,4,0.026990692864529472,0.41565721558057933,0.0007759456838021338,0.1478,855
20681,PINK SPOTTY CHILDS UMBRELLA,291,1272,4.37,4036.0,13.87,186,0.03889254489047664,0.4246464520861049,0.05625606207565471,0.1733,600
20682,RED SPOTTY CHILDS UMBRELLA,500,2835,5.67,8955.91,17.91,302,0.053586537557582026,0.43565758978706354,0.0967992240543162,0.1953,415
20683,RAIN GIRL CHILDS UMBRELLA,1,1,1.0,3.25,3.25,1,0.02694368712982984,0.41562084682837847,0.0,0.1475,858
20684,STRAWBERRY DREAM CHILDS UMBRELLA,163,548,3.36,1744.5,10.7,118,0.03208611450596973,0.4195178985065177,0.03142580019398642,0.161,723
20685,RED SPOTTY COIR DOORMAT,1491,9273,6.22,59914.11,40.18,626,0.11411112155682994,0.5497059681502834,0.2890397672162949,0.3176,57
20686,DOLLY MIXTURE CHILDREN'S UMBRELLA,167,553,3.31,1792.63,10.73,119,0.03213312024066936,0.4196256171553441,0.032201745877788554,0.1613,720
20688,BEAUTY SPEED EXPRESSO CUPS,9,462,51.33,306.9,34.1,9,0.031277615869136036,0.41630043892719654,0.0015518913676042677,0.1497,836
20689,RETRO SISTERS EXPRESSO CUPS,28,388,13.86,412.6,14.74,26,0.03058193099558146,0.4165370036722816,0.0052376333656644035,0.1508,825
20692,FLORAL ELEPHANT SOFT TOY,120,877,7.31,3425.75,28.55,75,0.035179091849205604,0.42328066556114613,0.02308438409311348,0.1605,728
20693,FLORAL DINOSAUR GREEN,13,25,1.92,106.25,8.17,10,0.02716931465638808,0.4158513687654055,0.0023278370514064014,0.1484,849
20694,FLORAL PINK MONSTER,27,108,4.0,393.48,14.57,24,0.027949609852401993,0.4164942116389228,0.00504364694471387,0.1498,835
20695,FLORAL BLUE MONSTER,28,78,2.79,315.0,11.25,26,0.027667575444204194,0.4163185673513705,0.0052376333656644035,0.1497,836
20696,FLORAL SOFT CAR TOY,34,123,3.62,461.25,13.57,28,0.028090627056500894,0.41664588612117837,0.006401551891367604,0.1504,829
20697,LITTLE GREEN MONSTER SOFT TOY,19,38,2.0,91.5,4.82,17,0.027291529566607128,0.4158183571287924,0.0034917555771096023,0.1489,844
20698,LITTLE PINK MONSTER SOFT TOY,19,43,2.26,104.25,5.49,17,0.027338535301306758,0.4158468926112885,0.0034917555771096023,0.1489,844
20699,MOUSEY LONG LEGS SOFT TOY,46,208,4.52,519.6,11.3,42,0.02888972454639466,0.4167764779175427,0.008729388942774006,0.1515,818
20700,GREEN CAT FLORAL CUSHION COVER ,14,286,20.43,412.5,29.46,13,0.02962301400770894,0.4165367798645757,0.002521823472356935,0.1496,837
20701,PINK CAT FLORAL CUSHION COVER ,13,282,21.69,397.5,30.58,12,0.029585409419949235,0.416503208708698,0.0023278370514064014,0.1495,838
20702,PINK PADDED MOBILE,246,747,3.04,3131.25,12.73,152,0.033956942747015134,0.42262155186741346,0.0475266731328807,0.168,653
20703,BLUE PADDED SOFT MOBILE,180,430,2.39,1815.0,10.08,122,0.03097677916705838,0.41967568293914304,0.03472356935014549,0.1618,715
20704,MR ROBOT SOFT TOY,65,341,5.25,1173.15,18.05,60,0.03014007708940491,0.41823917317913517,0.012415130940834141,0.1536,797
20705,MRS ROBOT SOFT TOY,50,268,5.36,970.6,19.41,47,0.029453793362790262,0.417785850670933,0.009505334626576139,0.1522,811
20707,CRAZY DAISY HEART DECORATION,67,1272,18.99,905.37,13.51,49,0.03889254489047664,0.417639860904406,0.012803103782735208,0.1564,769
20711,JUMBO BAG TOYS ,686,11288,16.45,20213.47,29.47,326,0.13305443264078218,0.46085287655791984,0.13288069835111543,0.2423,175
20712,JUMBO BAG WOODLAND ANIMALS,943,15458,16.39,28657.89,30.39,388,0.17225721538027639,0.47975213923238524,0.1827352085354025,0.2782,102
20713,JUMBO BAG OWLS,941,19211,20.42,34713.44,36.89,371,0.2075397198458212,0.49330492676407584,0.18234723569350145,0.2944,76
20714,POSY SHOPPER BAG,12,1513,126.08,586.25,48.85,10,0.04115822130299897,0.4169256457534927,0.002133850630455868,0.1534,799
20715,LITTLE FLOWER SHOPPER BAG,2,0,0.0,0.0,0.0,1,0.026934285982889914,0.4156135730779383,0.00019398642095053346,0.1476,857
20716,PARTY FOOD SHOPPER BAG,174,1381,7.94,1692.05,9.72,122,0.03991726990692865,0.4194005113647986,0.03355965082444229,0.1643,690
20717,STRAWBERRY SHOPPER BAG,511,5222,10.22,6231.28,12.19,284,0.07602707530318699,0.42955965789112177,0.09893307468477207,0.2015,373
20718,RED SPOTTY SHOPPER BAG,879,12208,13.89,14301.27,16.27,428,0.1417034878255147,0.4476209173725673,0.17032007759456838,0.2532,150
20719,WOODLAND CHARLOTTE BAG,1087,18892,17.38,14923.82,13.73,365,0.2045407539719846,0.44901423224534587,0.21066925315227933,0.2881,80
20721,OWLS CHARLOTTE BAG,1,1,1.0,0.85,0.85,1,0.02694368712982984,0.415615475443438,0.0,0.1475,858
20723,STRAWBERRY CHARLOTTE BAG,1019,14355,14.09,11497.02,11.28,356,0.1618877503055373,0.4413447897812266,0.19747817652764307,0.2669,118
20724,RED SPOTTY CHARLOTTE BAG,1543,25495,16.52,20250.37,13.12,524,0.2666165272163204,0.46093546160137905,0.2991270611057226,0.3422,38
20725,LUNCH BAG RED SPOTTY,2686,36842,13.72,58029.3,21.6,845,0.37329134154366833,0.5454876181296238,0.5208535402521823,0.4799,8
20726,LUNCH BAG WOODLAND,1645,19901,12.1,31506.81,19.15,586,0.21402651123437058,0.48612824172592983,0.318913676042677,0.3397,40
20727,LUNCH BAG  BLACK SKULL.,2089,24191,11.58,38141.55,18.26,706,0.254357431606656,0.5009773011091417,0.4050436469447139,0.3868,18
20728,LUNCH BAG CARS BLUE,1862,22165,11.9,34967.93,18.78,702,0.23531070790636457,0.4938744949946973,0.3610087293889428,0.3634,26
20729,RED SPOTTY CANDY BAG,70,4604,65.77,1127.4,16.11,39,0.07021716649431231,0.4181367811537081,0.01338506304558681,0.1672,661
20730,STRAWBERRY CANDY BAG,43,1648,38.33,510.5,11.87,35,0.04242737613988907,0.4167561114163102,0.008147429679922406,0.1558,775
20731,POSY CANDY BAG,47,4045,86.06,1120.7,23.84,40,0.0649619253548933,0.4181217860374161,0.008923375363724539,0.164,693
20733,GOLD MINI TAPE MEASURE ,103,1246,12.1,907.7,8.81,67,0.03864811507003855,0.4176450756239524,0.019786614936954414,0.1587,746
20734,SILVER MINI TAPE MEASURE ,69,1378,19.97,1079.0,15.64,51,0.03988906646610887,0.41802845822407597,0.013191076624636276,0.157,763
20735,BLACK MINI TAPE MEASURE ,63,824,13.08,588.0,9.33,30,0.03468083106138949,0.4169295623883451,0.012027158098933075,0.1545,788
20736,PINK MINI TAPE MEASURE ,18,286,15.89,230.1,12.78,18,0.02962301400770894,0.41612855460910264,0.003297769156159069,0.1497,836
20738,GREEN MINI TAPE MEASURE ,65,1585,24.38,1270.55,19.55,46,0.04183510388267369,0.4184571618846345,0.012415130940834141,0.1576,757
20747,PICCADILLY TEA SET,73,305,4.18,4157.15,56.95,50,0.029801635799567548,0.424917595121744,0.01396702230843841,0.1562,771
20748,KENSINGTON COFFEE SET,114,359,3.15,3371.25,29.57,86,0.030309297734323587,0.42315869036145703,0.021920465567410282,0.1585,748
20749,ASSORTED COLOUR MINI CASES,739,2959,4.0,21067.89,28.51,426,0.054752279778132934,0.4627651343582563,0.1431619786614937,0.2202,269
20750, RED/WHITE DOT MINI CASES,881,3588,4.07,25791.88,29.28,471,0.06066560120334681,0.4733377880019106,0.17070805043646944,0.2349,205
20751,FUNKY WASHING UP GLOVES ASSORTED,432,2733,6.33,5645.82,13.07,265,0.0526276205697095,0.4282493532964436,0.08360814742967992,0.1882,469
20752,RETRO BLUE SPOTTY WASHING UP GLOVES,273,1314,4.81,2309.4,8.46,189,0.03928739306195356,0.42078218823687286,0.052764306498545105,0.1709,624
20753,RETRO PINK SPOT WASHING UP GLOVES,39,185,4.74,386.9,9.92,31,0.02867349816677635,0.41647948509187777,0.007371483996120271,0.1508,825
20754,RETRO RED SPOTTY WASHING UP GLOVES,690,4782,6.93,9262.92,13.42,364,0.07189057064961925,0.43634470182479823,0.13365664403491756,0.214,300
20755,BLUE PAISLEY POCKET BOOK,86,5084,59.12,1031.0,11.99,74,0.07472971702547711,0.4179210305252673,0.016488845780795344,0.1697,636
20756,GREEN FERN POCKET BOOK,44,5679,129.07,816.75,18.56,40,0.08032339945473348,0.41744152251548045,0.00834141610087294,0.1687,646
20757,RED DAISY POCKET BOOK ,56,5301,94.66,856.23,15.29,49,0.07676976591144119,0.41752988179775063,0.01066925315227934,0.1683,650
20758,ABSTRACT CIRCLES POCKET BOOK,77,5377,69.83,920.05,11.95,62,0.07748425307887562,0.417672715875625,0.014742967992240542,0.17,633
20759,CHRYSANTHEMUM POCKET BOOK ,44,5734,130.32,863.5,19.62,35,0.08084046253642944,0.417546152617966,0.00834141610087294,0.1689,644
20760,GARDEN PATH POCKET BOOK,60,5484,91.4,1270.2,21.17,47,0.07849017580144778,0.4184563785576641,0.011445198836081475,0.1695,638
20761,BLUE PAISLEY SKETCHBOOK,118,409,3.47,1192.37,10.1,93,0.03077935508131992,0.4182821890201998,0.022696411251212415,0.1573,760
20762,GREEN FERN SKETCHBOOK ,112,412,3.68,1156.71,10.33,88,0.030807558522139702,0.4182023791922932,0.021532492725509216,0.1568,765
20763,DAISY SKETCHBOOK ,60,241,4.02,591.86,9.86,54,0.02919996239541224,0.41693820136579096,0.011445198836081475,0.1525,808
20764,ABSTRACT CIRCLES SKETCHBOOK ,146,593,4.06,1706.88,11.69,107,0.03250916611826643,0.4194337020475764,0.028128031037827354,0.16,733
20765,CHRYSANTHEMUM SKETCHBOOK ,123,400,3.25,1086.04,8.83,96,0.03069474475886058,0.41804421428656796,0.023666343355965083,0.1575,758
20766,GARDEN PATH SKETCHBOOK,126,471,3.74,1330.98,10.56,100,0.03136222619159537,0.41859240888128063,0.02424830261881668,0.1581,752
20767,BLUE PAISLEY JOURNAL ,150,743,4.95,1528.67,10.19,113,0.03391933815925543,0.4190348543349785,0.028903976721629487,0.1606,727
20768,GREEN FERN JOURNAL ,117,702,6.0,1357.81,11.61,98,0.033533891134718434,0.41865245648876054,0.02250242483026188,0.1582,751
20769,DAISY JOURNAL ,62,403,6.5,708.47,11.43,48,0.030722948199680362,0.4171991835315844,0.011833171677982542,0.1533,800
20770,ABSTRACT CIRCLE JOURNAL ,116,892,7.69,1811.1,15.61,95,0.0353201090533045,0.41966695443861485,0.02230843840931135,0.1591,742
20771,CHRYSANTHEMUM  JOURNAL,113,545,4.82,1036.66,9.17,91,0.03205791106514995,0.4179336980414185,0.021726479146459747,0.1572,761
20772,GARDEN PATH JOURNAL,134,775,5.78,1401.31,10.46,106,0.03422017486133308,0.418749812840806,0.02580019398642095,0.1596,737
20773,BLUE PAISLEY NOTEBOOK,99,3302,33.35,888.3,8.97,78,0.05797687317852778,0.4176016569290172,0.019010669253152278,0.1649,684
20774,GREEN FERN NOTEBOOK,78,3418,43.82,839.7,10.77,68,0.05906740622355927,0.41749288638397336,0.014936954413191077,0.1638,695
20775,DAISY NOTEBOOK ,54,3509,64.98,749.85,13.89,43,0.0599229105950926,0.4172917951602658,0.010281280310378274,0.1625,708
20776,ABSTRACT CIRCLES NOTEBOOK,54,3187,59.02,698.55,12.94,50,0.056895741280436216,0.41717698180716395,0.010281280310378274,0.1615,718
20777,CHRYSANTHEMUM NOTEBOOK,97,3522,36.31,1011.3,10.43,78,0.06004512550531165,0.4178769404072145,0.01862269641125121,0.1655,678
20778,GARDEN PATH NOTEBOOK ,83,3592,43.28,886.8,10.68,66,0.06070320579110652,0.4175982998134294,0.015906886517943745,0.1647,686
20779,PINK EAR MUFF HEADPHONES,2,-3,-1.5,-14.79,-7.4,2,0.026906082542070133,0.4155804719182428,0.00019398642095053346,0.1476,857
20780,BLACK EAR MUFF HEADPHONES,62,173,2.79,852.11,13.74,35,0.028560684403497228,0.4175206609202695,0.011833171677982542,0.1526,807
20781,GOLD EAR MUFF HEADPHONES,44,71,1.61,340.23,7.73,34,0.027601767415624708,0.41637503403555687,0.00834141610087294,0.1508,825
20782,CAMOUFLAGE EAR MUFF HEADPHONES,53,94,1.77,517.82,9.77,39,0.02781799379524302,0.41677249414037854,0.01008729388942774,0.1516,817
20783,HEART EAR MUFF HEADPHONES,38,126,3.32,637.14,16.77,20,0.02811883049732067,0.4170395414950006,0.007177497575169738,0.1508,825
20784,RED RETRO BAR STOOL,9,25,2.78,930.75,103.42,6,0.02716931465638808,0.41769666330015115,0.0015518913676042677,0.1488,845
20785,FUSCHIA RETRO BAR STOOL,18,43,2.39,1617.85,89.88,14,0.027338535301306758,0.41923444604705684,0.003297769156159069,0.15,833
20786,BLACK RETRO BAR STOOL,11,20,1.82,751.0,68.27,9,0.027122308921688446,0.41729436894888305,0.0019398642095053346,0.1488,845
20787,BLUE RETRO BAR STOOL,8,11,1.38,435.45,54.43,7,0.027037698599229106,0.4165881437330687,0.0013579049466537342,0.1483,850
20791,BLUE TILED SET OF 3 DRAWERS,2,0,0.0,0.0,0.0,1,0.026934285982889914,0.4156135730779383,0.00019398642095053346,0.1476,857
20793,BLUE TILED TRAY,16,268,16.75,369.0,23.06,13,0.029453793362790262,0.4164394235125303,0.002909796314258002,0.1496,837
20794,BLUE  TILE HOOK,35,172,4.91,435.0,12.43,27,0.0285512832565573,0.4165871365983923,0.006595538312318138,0.1506,827
20795,LARGE BLUE PROVENCAL CERAMIC BALL,20,109,5.45,214.14,10.71,15,0.02795901099934192,0.41609283489924875,0.0036857419980601356,0.1492,841
20796,SMALL BLUE PROVENCAL CERAMIC BALL,13,88,6.77,145.2,11.17,11,0.027761586913603458,0.4159385418668347,0.0023278370514064014,0.1487,846
20798,CLEAR MILKSHAKE GLASS,59,369,6.25,729.45,12.36,36,0.030403309203722854,0.4172461383882721,0.01125121241513094,0.153,803
20799,PINK MILKSHAKE GLASS,14,165,11.79,211.3,15.09,11,0.028485475227977813,0.4160864787604025,0.002521823472356935,0.149,843
20800,LARGE GLASS SUNDAE DISH CLEAR,2,996,498.0,258.2,129.1,2,0.036297828335056875,0.4161914445744469,0.00019398642095053346,0.1509,824
20801,LARGE PINK GLASS SUNDAE DISH,75,870,11.6,821.86,10.96,61,0.03511328382062612,0.4174529590892494,0.014354995150339476,0.1556,777
20802,SMALL GLASS SUNDAE DISH CLEAR,79,855,10.82,1116.27,14.13,68,0.03497226661652721,0.4181118713560468,0.01513094083414161,0.1561,772
20803,SMALL PINK GLASS SUNDAE DISH,64,1017,15.89,642.45,10.04,50,0.036495252420795335,0.4170514256841813,0.012221144519883608,0.1553,780
20804,GLASS CHICKEN BUTTER DISH,25,235,9.4,368.55,14.74,22,0.02914355551377268,0.416438416377854,0.004655674102812803,0.1501,832
20812,EMBOSSED FLOWER TRELLIS PHOTO FRAME,3,5,1.67,12.75,4.25,3,0.026981291717589544,0.4156421085604344,0.0003879728419010669,0.1477,856
20814,SILVER FINCH DECORATION,14,174,12.43,190.14,13.58,8,0.028570085550437153,0.41603912104984436,0.002521823472356935,0.149,843
20816,GOLD FLOWER CUSHION COVER ,8,19,2.38,89.85,11.23,6,0.02711290777474852,0.4158146643016459,0.0013579049466537342,0.1481,852
20818,GOLD TEDDY BEAR,22,79,3.59,211.25,9.6,20,0.02767697659114412,0.4160863668565496,0.004073714839961203,0.1493,840
20819,SILVER TEDDY BEAR,50,208,4.16,543.71,10.87,39,0.02888972454639466,0.41683043795542346,0.009505334626576139,0.1517,816
20820,SILVER LOOKING MIRROR,8,11,1.38,54.45,6.81,6,0.027037698599229106,0.41573543637377447,0.0013579049466537342,0.148,853
20821,GOLDIE LOOKING MIRROR,13,12,0.92,59.4,4.57,11,0.027047099746169034,0.4157465148552141,0.0023278370514064014,0.1484,849
20822,SILVER WINE GOBLET,2,0,0.0,0.0,0.0,1,0.026934285982889914,0.4156135730779383,0.00019398642095053346,0.1476,857
20823,GOLD WINE GOBLET,18,244,13.56,494.6,27.48,14,0.02922816583623202,0.41672052599107984,0.003297769156159069,0.1497,836
20825,GOLD WINE GLASS,7,354,50.57,1206.54,172.36,5,0.030262291999623953,0.41831390257211903,0.0011639185257032007,0.1499,834
20826,SILVER APERITIF GLASS,14,355,25.36,290.72,20.77,11,0.03027169314656388,0.4162642268403898,0.002521823472356935,0.1497,836
20827,GOLD APERITIF GLASS,8,173,21.62,209.36,26.17,5,0.028560684403497228,0.41608213689090895,0.0013579049466537342,0.1487,846
20828,GLITTER BUTTERFLY CLIPS,521,4190,8.04,9874.5,18.95,261,0.06632509166118267,0.43771346499224484,0.1008729388942774,0.2016,372
20829,GLITTER HANGING BUTTERFLY STRING,428,3606,8.43,7548.43,17.64,207,0.06083482184826549,0.4325075410887448,0.08283220174587778,0.1921,442
20830,SILVER PHOTO FRAME,50,287,5.74,482.7,9.65,37,0.02963241515464887,0.41669389287408354,0.009505334626576139,0.1519,814
20831,GOLD PHOTO FRAME,53,388,7.32,582.24,10.99,34,0.03058193099558146,0.41691667106448804,0.01008729388942774,0.1525,808
20832,RED FLOCK LOVE HEART PHOTO FRAME,107,1568,14.65,987.3,9.23,86,0.041675284384694936,0.4178232265578101,0.020562560620756547,0.16,733
20833,SHAKER THROW  QUILTED,6,51,8.5,761.85,126.98,4,0.027413744476826173,0.417318652084968,0.0009699321047526673,0.1486,847
20835,FRENCH LATTICE CUSHION COVER ,8,78,9.75,64.98,8.12,8,0.027667575444204194,0.4157590033252006,0.0013579049466537342,0.1483,850
20836,FRENCH PAISLEY CUSHION COVER,24,200,8.33,204.64,8.53,18,0.028814515370875246,0.41607157316719284,0.0044616876818622695,0.1498,835
20837,FRENCH FLORAL CUSHION COVER ,18,165,9.17,188.07,10.45,17,0.028485475227977813,0.41603448823033323,0.003297769156159069,0.1493,840
20838,FRENCH LATTICE CUSHION COVER ,40,379,9.48,377.09,9.43,36,0.030497320673122122,0.41645752955593374,0.007565470417070805,0.1515,818
20839,FRENCH PAISLEY CUSHION COVER ,60,507,8.45,574.09,9.57,53,0.031700667481432736,0.41689843073646116,0.011445198836081475,0.1533,800
20840,FRENCH FLORAL CUSHION COVER ,64,594,9.28,804.98,12.58,50,0.032518567265206355,0.4174151803485017,0.012221144519883608,0.1541,792
20845,ZINC HEART LATTICE 2 WALL PLANTER,21,73,3.48,463.55,22.07,15,0.02762056970950456,0.4166510336984129,0.0038797284190106693,0.1494,839
20846,ZINC HEART LATTICE T-LIGHT HOLDER,131,1321,10.08,1627.97,12.43,105,0.039353201090533044,0.419257095386889,0.02521823472356935,0.1613,720
20847,ZINC HEART LATTICE CHARGER LARGE,20,71,3.55,266.25,13.31,17,0.027601767415624708,0.4162094610947679,0.0036857419980601356,0.1492,841
20848,ZINC HEART LATTICE CHARGER SMALL,12,39,3.25,115.05,9.59,10,0.027300930713547052,0.4158710638435204,0.002133850630455868,0.1484,849
20849,ZINC HEART LATTICE DOUBLE PLANTER,20,670,33.5,566.1,28.3,15,0.03323305443264078,0.41688054850076367,0.0036857419980601356,0.1513,820
20850,ZINC HEART LATTICE PLANTER BOWL,23,820,35.65,713.8,31.03,19,0.03464322647362978,0.4172111124823063,0.004267701260911736,0.152,813
20851,ZINC HEART LATTICE TRAY OVAL ,29,332,11.45,405.8,13.99,22,0.03005546676694557,0.41652178474828366,0.005431619786614937,0.1507,826
20854,BLUE PATCH PURSE PINK HEART,86,348,4.05,556.4,6.47,66,0.030205885117984395,0.416858839153296,0.016488845780795344,0.1545,788
20855,PINK PATCH PURSE BLUE HEART,48,141,2.94,232.65,4.85,41,0.028259847701419573,0.4161342617056018,0.009117361784675072,0.1512,821
20856,DENIM PATCH PURSE PINK BUTTERFLY,92,321,3.49,529.65,5.76,70,0.029952054150606373,0.4167989705919808,0.017652764306498547,0.1548,785
20857,BLUE ROSE PATCH PURSE PINK BUTTERFL,78,232,2.97,382.8,4.91,57,0.0291153520729529,0.41647030897593784,0.014936954413191077,0.1535,798
20858,SILVER PURSE GOLD PINK BUTTERFLY,1,4,4.0,6.6,6.6,1,0.02697189057064962,0.4156283443865245,0.0,0.1475,858
20860,GOLD COSMETICS BAG WITH BUTTERFLY,10,19,1.9,39.9,3.99,10,0.02711290777474852,0.415702872352573,0.0017458777885548012,0.1482,851
20861,GOLD COSMETIC BAG PINK STAR,16,45,2.81,94.5,5.91,15,0.027357337595186614,0.415825071359968,0.002909796314258002,0.1487,846
20862,PINK PATCH PENCIL CASE BLUE HEART,29,315,10.86,650.43,22.43,21,0.029895647268966815,0.4170692855391082,0.005431619786614937,0.1508,825
20863,BLUE PATCH PENCIL CASE PINK HEART,43,283,6.58,561.09,13.05,35,0.02959481056688916,0.4168693357347005,0.008147429679922406,0.1515,818
20864,DENIM PATCH PENCIL CASE BUTTERFLY,28,246,8.79,481.23,17.19,20,0.029246968130111874,0.4166906029008075,0.0052376333656644035,0.1504,829
20865,PATCHWORK PENCIL CASE BUTTERFLY ,32,165,5.16,340.02,10.63,24,0.028485475227977813,0.41637456403937456,0.0060135790494665374,0.1503,830
20866,BLUE ROSE FABRIC MIRROR,88,843,9.58,845.09,9.6,76,0.034859452853248096,0.4175049496193187,0.01687681862269641,0.1564,769
20867,PINK ROSE FABRIC MIRROR,77,844,10.96,791.72,10.28,68,0.03486885400018802,0.41738550344670583,0.014742967992240542,0.1557,776
20868,SILVER FABRIC MIRROR,46,789,17.15,437.66,9.51,40,0.03435179091849205,0.41659308988336796,0.008729388942774006,0.1532,801
20869,GOLD FABRIC MIRROR,32,459,14.34,225.49,7.05,30,0.031249412428316255,0.4161182370738628,0.0060135790494665374,0.1511,822
20870,OPULENT VELVET CANDLE IN BOX,5,25,5.0,37.2,7.44,5,0.02716931465638808,0.4156968295445151,0.0007759456838021338,0.1479,854
20871,OPULENT VELVET SET/3 CANDLES,80,1200,15.0,1709.1,21.36,72,0.038215662310801916,0.4194386705786463,0.015324927255092144,0.1577,756
20877,MODERN CHRISTMAS BAUBLE CANDLE ,3,10,3.33,4.2,1.4,3,0.027028297452289178,0.4156229730015841,0.0003879728419010669,0.1477,856
20878,SET/9 CHRISTMAS T-LIGHTS SCENTED ,69,689,9.99,833.89,12.09,61,0.033411676224499386,0.4174798831562634,0.013191076624636276,0.1547,786
20879,TREE OF NOAH FESTIVE SCENTED CANDLE,9,-46,-5.11,-169.1,-18.79,9,0.026501833223653286,0.4152351142473434,0.0015518913676042677,0.1478,855
20881,MODERN CHRISTMAS TREE CANDLE,1,2,2.0,1.7,1.7,1,0.026953088276769767,0.4156173778089378,0.0,0.1475,858
20882,MODERN CHRISTMAS TREE CANDLE,1,2,2.0,5.9,5.9,1,0.026953088276769767,0.4156267777325835,0.0,0.1475,858
20884,MODERN CHRISTMAS TREE CANDLE ,2,2,1.0,4.2,2.1,2,0.026953088276769767,0.4156229730015841,0.00019398642095053346,0.1476,857
20885,BOX OF 3 PEBBLE CANDLES,2,0,0.0,0.0,0.0,1,0.026934285982889914,0.4156135730779383,0.00019398642095053346,0.1476,857
20886,BOX OF 9 PEBBLE CANDLES,250,1680,6.72,3149.7,12.6,163,0.04272821284196672,0.4226628443891431,0.04830261881668283,0.1712,621
20887,BOX OF 6 PEBBLE CANDLES,4,5,1.25,17.25,4.31,4,0.026981291717589544,0.41565217990719766,0.0005819592628516004,0.1477,856
20888,SET 3 JARDIN DE FEMME SCENT CANDLES,11,359,32.64,499.81,45.44,10,0.030309297734323587,0.41673218637255466,0.0019398642095053346,0.1497,836
20889,JARDIN DE FEMME SCENTED CANDLE,12,656,54.67,392.0,32.67,12,0.03310143837548181,0.4164908992848762,0.002133850630455868,0.1506,827
20890,SMALL GLASS ROSE SCENTED CANDLE,1,4,4.0,15.0,15.0,1,0.02697189057064962,0.41564714423381605,0.0,0.1475,858
20891,LARGE GLASS ROSE SCENTED CANDLE ,1,2,2.0,15.9,15.9,1,0.026953088276769767,0.4156491585031687,0.0,0.1475,858
20892,SET/3 TALL GLASS CANDLE HOLDER PINK,30,65,2.17,493.55,16.45,22,0.027545360533985146,0.41671817601016836,0.00562560620756547,0.15,833
20893,HANGING BAUBLE T-LIGHT HOLDER SMALL,70,427,6.1,975.9,13.94,42,0.0309485757262386,0.4177977124793431,0.01338506304558681,0.154,793
20894,HANGING BAUBLE T-LIGHT HOLDER LARGE,64,221,3.45,633.55,9.9,47,0.029011939456613706,0.4170315067983605,0.012221144519883608,0.1528,805
20895,VINTAGE NOTEBOOK FRENCH LETTER ,4,16,4.0,47.2,11.8,3,0.02708470433392874,0.41571921031510023,0.0005819592628516004,0.1478,855
20896,VINTAGE NOTEBOOK PINK FLOWER,14,38,2.71,112.1,8.01,13,0.027291529566607128,0.4158644615161978,0.002521823472356935,0.1486,847
20897,VINTAGE NOTEBOOK PARIS DAYS,39,286,7.33,578.5,14.83,29,0.02962301400770894,0.41690830065628925,0.007371483996120271,0.1513,820
20898,VINTAGE NOTEBOOK TRAVELOGUE,40,301,7.52,602.35,15.06,35,0.029764031211807842,0.4169616787941348,0.007565470417070805,0.1514,819
20899,VINTAGE NOTEBOOK RED ROSE,13,44,3.38,129.8,9.98,12,0.027347936448246686,0.41590407548013353,0.0023278370514064014,0.1485,848
20901,VINTAGE KEEPSAKE BOX PINK FLOWER,17,31,1.82,196.85,11.58,14,0.027225721538027638,0.416054138546907,0.0031037827352085354,0.1488,845
20902,VINTAGE KEEPSAKE BOX PARIS DAYS,15,69,4.6,313.35,20.89,11,0.02758296512174485,0.416314874524224,0.0027158098933074684,0.1489,844
20903,VINTAGE KEEPSAKE BOX TRAVELOGUE,20,102,5.1,330.9,16.54,20,0.027893202970762435,0.4163541527766009,0.0036857419980601356,0.1493,840
20905,VINTAGE KEEPSAKE BOX BEAUTY GIRL,3,6,2.0,38.1,12.7,3,0.026990692864529472,0.41569884381386774,0.0003879728419010669,0.1477,856
20906,VINTAGE NOTEBOOK BEAUTY GIRL,29,77,2.66,227.15,7.83,25,0.027658174297264266,0.41612195228177995,0.005431619786614937,0.1497,836
20910,VINTAGE PHOTO ALBUM PARIS DAYS,28,80,2.86,488.8,17.46,11,0.027686377738084047,0.41670754514414043,0.0052376333656644035,0.1499,834
20913,SET/5 BLUE SPOTTY LID GLASS BOWLS,30,295,9.83,787.05,26.24,26,0.02970762433016828,0.4173750516268425,0.00562560620756547,0.1509,824
20914,SET/5 RED SPOTTY LID GLASS BOWLS,1905,17835,9.36,49126.53,25.79,648,0.1946037416564821,0.525562532835388,0.3693501454898157,0.3632,27
20931,BLUE POT PLANT CANDLE ,111,585,5.27,1692.45,15.25,92,0.03243395694274701,0.4194014065956221,0.02133850630455868,0.1577,756
20932,PINK POT PLANT CANDLE,62,288,4.65,876.3,14.13,54,0.029641816301588794,0.41757480000431496,0.011833171677982542,0.153,803
20933,YELLOW POT PLANT CANDLE,43,493,11.47,1245.15,28.96,38,0.03156905142427376,0.41840031472734823,0.008147429679922406,0.1527,806
20934,SET/3 POT PLANT CANDLES,56,147,2.62,769.65,13.74,44,0.028316254583059135,0.41733610908602436,0.01066925315227934,0.1521,812
20935,ROUND CACTUS CANDLE,41,287,7.0,517.85,12.63,36,0.02963241515464887,0.4167725612826903,0.007759456838021339,0.1514,819
20936,FORKED CACTUS CANDLE,58,300,5.17,678.58,11.7,43,0.029754630064867914,0.4171322874083054,0.011057225994180407,0.1526,807
20939,ORANGE CANDLE,1,12,12.0,10.2,10.2,1,0.027047099746169034,0.41563640146393516,0.0,0.1476,857
20940,SET/6 GARDEN GNOME T-LIGHT CANDLES,20,77,3.85,206.35,10.32,16,0.027658174297264266,0.4160754002789629,0.0036857419980601356,0.1491,842
20941,FROG CANDLE,75,881,11.75,678.27,9.04,54,0.03521669643696531,0.41713159360441726,0.014354995150339476,0.1556,777
20942,SET/6 GINGERBREAD TREE T-LIGHTS,5,5,1.0,6.25,1.25,4,0.026981291717589544,0.415627561059554,0.0007759456838021338,0.1478,855
20943,SET/6 GINGERBREAD STAR T-LIGHTS,49,331,6.76,413.75,8.44,46,0.03004606562000564,0.41653957746089887,0.009311348205625606,0.152,813
20950,SET/6  ANGEL T-LIGHTS WHITE/GOLD,66,652,9.88,282.97,4.29,57,0.033063833787722104,0.4162468817431863,0.012609117361784675,0.154,793
20952,PORCELAIN CHERUB BELL SMALL,22,61,2.77,15.66,0.71,20,0.02750775594622544,0.4156486213646747,0.004073714839961203,0.1491,842
20953,PORCELAIN CHERUB BELL LARGE,7,19,2.71,31.35,4.48,7,0.02711290777474852,0.4156837367937228,0.0011639185257032007,0.148,853
20956,PORCELAIN T-LIGHT HOLDERS ASSORTED,149,2090,14.03,2500.93,16.78,118,0.04658268308733666,0.42121084713589024,0.02870999030067895,0.1655,678
20957,PORCELAIN HANGING BELL SMALL,13,66,5.08,95.7,7.36,12,0.027554761680925074,0.4158277570524382,0.0023278370514064014,0.1486,847
20958,PORCELAIN HANGING BELL LARGE,9,26,2.89,50.7,5.63,9,0.027178715803328007,0.41572704358480506,0.0015518913676042677,0.1482,851
20960,WATERMELON BATH SPONGE,144,1739,12.08,2169.95,15.07,85,0.04328288051142239,0.420470088391063,0.027740058195926284,0.1638,695
20961,STRAWBERRY BATH SPONGE ,319,3088,9.68,3788.16,11.88,177,0.05596502773338347,0.42409176706792256,0.06168768186226964,0.1806,537
20963,APPLE BATH SPONGE,299,3028,10.13,3716.79,12.43,168,0.055400958916987875,0.42393203550825637,0.05780795344325897,0.179,550
20964,POLYESTER FILLER PAD 60x40cm,6,20,3.33,51.0,8.5,6,0.027122308921688446,0.41572771500792255,0.0009699321047526673,0.1479,854
20966,SANDWICH BATH SPONGE,237,2575,10.86,3180.75,13.42,137,0.05114223935320109,0.42273233668180993,0.0457807953443259,0.1732,601
20967,GREY FLORAL FELTCRAFT SHOULDER BAG,279,1003,3.59,3696.09,13.25,187,0.03636363636363636,0.42388570731314507,0.0539282250242483,0.1714,619
20968,GREEN FLORAL FELTCRAFT SHOULDER BAG,15,37,2.47,138.75,9.25,14,0.0272821284196672,0.41592410626980725,0.0027158098933074684,0.1486,847
20969,RED FLORAL FELTCRAFT SHOULDER BAG,521,2945,5.65,10663.5,20.47,285,0.05462066372097396,0.4394793077914132,0.1008729388942774,0.1983,393
20970,PINK FLORAL FELTCRAFT SHOULDER BAG,509,2400,4.72,8785.52,17.26,278,0.04949703863871392,0.43527624383706315,0.098545101842871,0.1944,423
20971,PINK BLUE FELT CRAFT TRINKET BOX,1030,17929,17.41,20814.98,20.21,490,0.1954874494688352,0.4621991022893872,0.19961202715809892,0.2858,86
20972,PINK CREAM FELT CRAFT TRINKET BOX ,1248,18567,14.88,22259.13,17.84,568,0.2014853812165084,0.46543122127344166,0.24190106692531524,0.3029,70
20973,12 PENCIL SMALL TUBE WOODLAND,539,9084,16.85,5772.0,10.71,311,0.11233430478518379,0.42853175385968695,0.104364694471387,0.2151,292
20974,12 PENCILS SMALL TUBE SKULL,718,12087,16.83,7651.35,10.66,370,0.1405659490457836,0.43273788397960716,0.1390882638215325,0.2375,199
20975,12 PENCILS SMALL TUBE RED SPOTTY,802,16007,19.96,10251.35,12.78,460,0.17741844505029614,0.4385568843317462,0.15538312318137731,0.2571,139
20976,12 PENCILS SMALL TUBE POSY,64,518,8.09,336.7,5.26,51,0.03180408009777193,0.41636713362354033,0.012221144519883608,0.1535,798
20977,36 PENCILS TUBE WOODLAND,366,3432,9.38,4262.64,11.65,242,0.059199022280718244,0.4251536898706468,0.07080504364694472,0.1851,496
20978,36 PENCILS TUBE SKULLS,406,3771,9.29,4631.67,11.41,253,0.062386011093353386,0.4259796074475506,0.07856450048496605,0.189,463
20979,36 PENCILS TUBE RED SPOTTY,546,7367,13.49,8889.55,16.28,311,0.0961925354893297,0.4355090709934604,0.10572259941804074,0.2125,307
20980,36 PENCILS TUBE POSY,41,162,3.95,202.5,4.94,36,0.028457271787158032,0.4160667836822876,0.007759456838021339,0.1508,825
20981,12 PENCILS TALL TUBE WOODLAND,434,4388,10.11,3654.92,8.42,290,0.06818651875528814,0.423793565680646,0.08399612027158099,0.192,443
20982,12 PENCILS TALL TUBE SKULLS,501,4584,9.15,3885.48,7.76,316,0.07002914355551378,0.4243095767272572,0.09699321047526673,0.1971,401
20983,12 PENCILS TALL TUBE RED SPOTTY,564,6015,10.66,5081.55,9.01,359,0.08348218482654884,0.42698647355463526,0.10921435499515034,0.2066,339
20984,12 PENCILS TALL TUBE POSY,234,5605,23.95,1842.53,7.87,178,0.0796277145811789,0.41973729720056396,0.0451988360814743,0.1815,528
20985,HEART CALCULATOR,230,2087,9.07,2477.1,10.77,162,0.04655447964651688,0.4211575137595859,0.044422890397672166,0.1707,626
20986,BLUE CALCULATOR RULER,135,994,7.36,1173.76,8.69,94,0.036279026041177026,0.4182405384061409,0.025994180407371482,0.1602,731
20987,GEISHA GIRL CHOPSTICKS SET/5,12,117,9.75,228.15,19.01,11,0.028034220174861332,0.41612419035883846,0.002133850630455868,0.1488,845
20988,TRELLIS FLOWER CHOPSTICKS SET/5,9,24,2.67,46.8,5.2,8,0.02715991350944815,0.41571831508427676,0.0015518913676042677,0.1481,852
20989,URBAN CHIC CHOPSTICKS SET/5,48,397,8.27,744.15,15.5,29,0.0306665413180408,0.41727903812103223,0.009117361784675072,0.1524,809
20990,SPRING FLOWER CHOPSTICKS SET/5,91,856,9.41,1579.2,17.35,54,0.034981667763467145,0.41914794436874525,0.01745877788554801,0.1572,761
20991,JAZZ HEARTS MAGNETIC MEMO PAD,16,7058,441.12,850.9,53.18,12,0.09328758108489235,0.4175179528470287,0.002909796314258002,0.1712,621
20992,JAZZ HEARTS PURSE NOTEBOOK,395,6030,15.27,3069.62,7.77,222,0.08362320203064774,0.42248361917829713,0.07643064985451019,0.1942,425
20993,JAZZ HEARTS MEMO PAD,24,10945,456.04,1305.49,54.4,23,0.12982983924038732,0.41853536029705907,0.0044616876818622695,0.1843,503
20994,JAZZ HEARTS SPIRAL NOTEPAD,12,47,3.92,39.95,3.33,12,0.027376139889066467,0.415702984256426,0.002133850630455868,0.1484,849
20996,JAZZ HEARTS ADDRESS BOOK,272,6109,22.46,1562.58,5.74,179,0.08436589263890194,0.4191107475280327,0.052570320077594566,0.1853,494
20997,ROSE DU SUD CUSHION COVER ,28,81,2.89,400.95,14.32,25,0.02769577888502397,0.4165109300745499,0.0052376333656644035,0.1498,835
20998,ROSE DU SUD OVEN GLOVE,58,217,3.74,637.35,10.99,52,0.028974334868854,0.41704001149118286,0.011057225994180407,0.1524,809
21000,ROSE DU SUD COSMETICS BAG,40,616,15.4,1493.0,37.33,37,0.03272539249788474,0.4189550221263012,0.007565470417070805,0.1531,802
21001,ROSE DU SUD WASHBAG ,31,67,2.16,398.65,12.86,29,0.027564162827865,0.4165057824973153,0.005819592628516004,0.15,833
21002,ROSE DU SUD DRAWSTRING BAG,26,110,4.23,467.5,17.98,25,0.027968412146281846,0.4166598741027941,0.004849660523763337,0.1498,835
21003,ROSE DU SUD CUSHION COVER,11,22,2.0,139.7,12.7,10,0.0271411112155683,0.41592623244301286,0.0019398642095053346,0.1483,850
21004,ROSE DU SUD CHILDS APRON,49,105,2.14,446.25,9.11,40,0.027921406411582212,0.4166123149653006,0.009311348205625606,0.1513,820
21007,ETCHED GLASS DROPLET DECORATION,39,1905,48.85,851.23,21.83,36,0.04484347090345022,0.41751869141245807,0.007371483996120271,0.1566,767
21009,ETCHED GLASS STAR TREE DECORATION,85,870,10.24,1087.5,12.79,72,0.03511328382062612,0.41804748187907337,0.016294859359844812,0.1565,768
21010,ETCHED GLASS BIRD TREE DECORATION,69,794,11.51,992.5,14.38,63,0.03439879665319169,0.41783486455851443,0.013191076624636276,0.1551,782
21011,GLITTER SNOW PEAR TREE DECORATION,110,1771,16.1,1245.43,11.32,84,0.043583717213500045,0.41840094138892464,0.02114451988360815,0.161,723
21012,ANTIQUE ALL GLASS CANDLESTICK,145,1465,10.1,2132.58,14.71,112,0.04070696624988249,0.4203864514513862,0.02793404461687682,0.163,703
21014,SWISS CHALET TREE DECORATION ,113,1661,14.7,736.94,6.52,92,0.04254959105010811,0.4172629015854404,0.021726479146459747,0.1605,728
21015,DARK BIRD HOUSE TREE DECORATION,93,1427,15.34,510.23,5.49,80,0.04034972266616527,0.4167555071355044,0.017846750727449078,0.1583,750
21016,LIGHT BIRD HOUSE TREE DECORATION,71,800,11.27,537.24,7.57,58,0.03445520353483125,0.41681595759685486,0.013579049466537343,0.155,783
21017,RED BIRD HOUSE TREE DECORATION,39,548,14.05,358.28,9.19,32,0.03208611450596973,0.416415431326463,0.007371483996120271,0.152,813
21018,BIRD BOX CHRISTMAS TREE DECORATION,39,207,5.31,175.95,4.51,30,0.028880323399454733,0.41600736273638406,0.007371483996120271,0.1508,825
21025,SPACE FROG,36,221,6.14,278.5,7.74,30,0.029011939456613706,0.41623687753873473,0.006789524733268671,0.1507,826
21026,SPACE OWL,56,396,7.07,493.62,8.81,48,0.030657140171100876,0.41671833267556246,0.01066925315227934,0.1527,806
21027,NINJA RABBIT PINK,48,276,5.75,339.3,7.07,39,0.029529002538309673,0.4163729526238924,0.009117361784675072,0.1517,816
21028,NINJA RABBIT BLACK,40,237,5.92,297.64,7.44,31,0.029162357807652535,0.41627971433363475,0.007565470417070805,0.151,823
21030,SPACE CADET RED,40,219,5.48,272.37,6.81,37,0.028993137162733853,0.416223158126366,0.007565470417070805,0.1509,824
21031,SPACE CADET BLACK,25,126,5.04,154.91,6.2,23,0.02811883049732067,0.41596027359507287,0.004655674102812803,0.1496,837
21032,SPACE CADET WHITE,33,164,4.97,206.73,6.26,28,0.028476074081037885,0.4160762507482451,0.006207565470417071,0.1503,830
21033,JUMBO BAG CHARLIE AND LOLA TOYS,295,3400,11.53,6432.38,21.8,163,0.05889818557864059,0.4300097351875891,0.05703200775945684,0.182,524
21034,REX CASH+CARRY JUMBO SHOPPER,1959,3856,1.97,3663.2,1.87,800,0.06318510858324716,0.42381209695869054,0.3798254122211445,0.2889,79
21035,SET/2 RED SPOTTY TEA TOWELS ,630,5327,8.46,15325.21,24.33,327,0.07701419573187929,0.4499125739958632,0.12201745877788554,0.2163,287
21036,SET/2 TEA TOWELS MODERN VINTAGE,1,1,1.0,2.55,2.55,1,0.02694368712982984,0.4156192801744375,0.0,0.1475,858
21038,SET/4 MODERN VINTAGE COTTON NAPKINS,50,154,3.08,313.9,6.28,39,0.02838206261163862,0.41631610546660613,0.009505334626576139,0.1514,819
21039,RED SPOTTY SHOPPING BAG,204,1267,6.21,3212.31,15.75,141,0.03884553915577701,0.4228029703937767,0.03937924345295829,0.167,663
21040,MODERN VINTAGE COTTON SHOPPING BAG,47,855,18.19,1011.45,21.52,43,0.03497226661652721,0.41787727611877334,0.008923375363724539,0.1539,794
21041,RED SPOTTY OVEN GLOVE DOUBLE,341,2215,6.5,6260.25,18.36,192,0.04775782645482749,0.4296244949835069,0.06595538312318137,0.1811,532
21042,RED SPOTTY APRON ,350,1383,3.95,7742.65,22.12,200,0.0399360722008085,0.4329422204150496,0.06770126091173617,0.1802,541
21043,APRON MODERN VINTAGE COTTON,90,598,6.64,1502.1,16.69,81,0.03255617185296606,0.4189753886275337,0.017264791464597477,0.1563,770
21051,RIBBONS PURSE ,97,657,6.77,1295.63,13.36,79,0.033110839522421734,0.41851329285726213,0.01862269641125121,0.1567,766
21053,ZINC HEART HANGER WITH HOOKS,1,-1,-1.0,-4.25,-4.25,1,0.026924884835949986,0.4156040612504396,0.0,0.1475,858
21054,NURSE'S BAG SOFT TOY,165,348,2.11,3094.6,18.76,120,0.030205885117984395,0.4225395263432189,0.03181377303588749,0.1615,718
21055,TOOL BOX SOFT TOY ,179,309,1.73,2826.99,15.79,122,0.029839240387327253,0.42194059454158966,0.03452958292919495,0.1621,712
21056,DOCTOR'S BAG SOFT TOY,183,443,2.42,3987.73,21.79,119,0.03109899407727743,0.4245384201064904,0.03530552861299709,0.1636,697
21058,PARTY INVITES WOODLAND,212,2204,10.4,1814.12,8.56,148,0.04765441383848829,0.41967371343133153,0.04093113482056256,0.1694,639
21059,PARTY INVITES DINOSAURS,201,1526,7.59,1273.7,6.34,158,0.04128043621321801,0.4184642118273689,0.038797284190106696,0.1662,671
21060,PARTY INVITES BALLOON GIRL,123,1208,9.82,864.2,7.03,102,0.038290871486321335,0.417547719271907,0.023666343355965083,0.1598,735
21061,PARTY INVITES FOOTBALL,127,1291,10.17,909.07,7.16,104,0.03907116668233525,0.41764814178952253,0.024442289039767216,0.1604,729
21062,PARTY INVITES SPACEMAN,121,1009,8.34,833.53,6.89,102,0.036420043245275924,0.4174790774485223,0.023278370514064017,0.1591,742
21063,PARTY INVITES JAZZ HEARTS,199,1359,6.83,1133.31,5.7,143,0.03971044467425026,0.41815000818912396,0.038409311348205626,0.1654,679
21064,BOOM BOX SPEAKER BOYS,109,712,6.53,3567.1,32.73,75,0.0336279026041177,0.4235970177533672,0.020950533462657614,0.1594,739
21065,BOOM BOX SPEAKER GIRLS,62,510,8.23,975.9,15.74,44,0.03172887092225252,0.4177977124793431,0.011833171677982542,0.1538,795
21066,VINTAGE RED MUG,111,2246,20.23,1414.96,12.75,81,0.04804926200996522,0.41878036259265466,0.02133850630455868,0.1627,706
21067,VINTAGE RED TEATIME MUG,186,4481,24.09,3262.96,17.54,130,0.06906082542070133,0.42291632899679044,0.03588748787584869,0.176,575
21068,VINTAGE BILLBOARD LOVE/HATE MUG,268,3812,14.22,3718.9,13.88,149,0.06277145811789038,0.4239367578508498,0.05179437439379243,0.1795,546
21069,VINTAGE BILLBOARD TEA MUG,185,4175,22.57,4138.51,22.37,110,0.06618407445708377,0.4248758773653733,0.035693501454898156,0.1756,579
21070,VINTAGE BILLBOARD MUG ,168,1878,11.18,1802.84,10.73,107,0.0445896399360722,0.4196484679221115,0.032395732298739086,0.1655,678
21071,VINTAGE BILLBOARD DRINK ME MUG,323,3969,12.29,4286.03,13.27,163,0.06424743818745887,0.4252060384930454,0.06246362754607177,0.184,506
21076,SET/20 COLLAGE PAPER NAPKIN ,76,758,9.97,583.82,7.68,60,0.034060355363354326,0.41692020722624057,0.014548981571290009,0.1552,781
21077,SET/20 WOODLAND PAPER NAPKINS ,170,2745,16.15,1990.53,11.71,111,0.052740434332988625,0.4200685326052242,0.032783705140640156,0.1685,648
21078,SET/20 STRAWBERRY PAPER NAPKINS ,546,6539,11.98,5097.77,9.34,342,0.08840838582307041,0.42702277516452436,0.10572259941804074,0.2071,334
21080,SET/20 RED SPOTTY PAPER NAPKINS ,1707,28841,16.9,22105.81,12.95,798,0.29807276487731504,0.4650880792988301,0.3309408341416101,0.3647,25
21081,SET/20 POSIES PAPER NAPKINS,4,4,1.0,3.4,0.85,4,0.02697189057064962,0.41562118253993724,0.0005819592628516004,0.1477,856
21082,SET/20 FRUIT SALAD PAPER NAPKINS ,121,3988,32.96,1240.36,10.25,94,0.06442605997931748,0.41838959433823797,0.023278370514064017,0.1687,646
21084,SET/6 COLLAGE PAPER CUPS,141,2462,17.46,645.84,4.58,113,0.050079909748989376,0.41705901276540963,0.027158098933074686,0.1648,685
21085,SET/6 WOODLAND PAPER CUPS,58,13712,236.41,1843.12,31.78,42,0.15584281282316442,0.4197386176660285,0.011057225994180407,0.1955,413
21086,SET/6 RED SPOTTY PAPER CUPS,635,15042,23.69,9090.66,14.32,312,0.1683463382532669,0.43595917067069845,0.12298739088263821,0.2424,174
21087,SET/6 POSIES PAPER CUPS,21,220,10.48,123.22,5.87,19,0.02900253830967378,0.41588934893308854,0.0038797284190106693,0.1496,837
21088,SET/6 FRUIT SALAD PAPER CUPS,107,9363,87.5,1150.81,10.76,95,0.11495722478142334,0.418189174537648,0.020562560620756547,0.1846,500
21089,SET/6 GREEN SPRING PAPER CUPS,36,316,8.78,100.98,2.8,32,0.02990504841590674,0.41583957409930716,0.006789524733268671,0.1508,825
21090,SET/6 COLLAGE PAPER PLATES,163,2249,13.8,1027.99,6.31,129,0.04807746545078499,0.41791429391332113,0.03142580019398642,0.1658,675
21091,SET/6 WOODLAND PAPER PLATES,35,13668,390.51,1817.16,51.92,31,0.15542916235780765,0.41968051718558946,0.006595538312318138,0.1939,427
21092,SET/6 STRAWBERRY PAPER PLATES,20,12782,639.1,1484.54,74.23,16,0.14709974616903262,0.4189360879943862,0.0036857419980601356,0.1899,456
21094,SET/6 RED SPOTTY PAPER PLATES,701,16990,24.24,12573.32,17.94,330,0.18665977249224405,0.44375363211930635,0.13579049466537343,0.2554,145
21095,SET/6 POSIES PAPER PLATES,28,242,8.64,205.7,7.35,24,0.029209363542352165,0.41607394552887483,0.0052376333656644035,0.1502,831
21096,SET/6 FRUIT SALAD  PAPER PLATES,102,8768,85.96,1661.3,16.29,91,0.10936354235216697,0.41933169049524927,0.01959262851600388,0.1828,517
21097,SET/6 GREEN SPRING  PAPER PLATE,7,32,4.57,27.2,3.89,5,0.027235122684967566,0.41567444877392995,0.0011639185257032007,0.148,853
21098,CHRISTMAS TOILET ROLL,435,6212,14.28,7287.9,16.75,270,0.08533421077371439,0.4319244548726899,0.08419010669253152,0.2005,380
21099,SET/6 STRAWBERRY PAPER CUPS,33,13164,398.91,1428.6,43.29,21,0.15069098430008462,0.41881088996373284,0.006207565470417071,0.1919,444
21100,CHARLIE AND LOLA CHARLOTTE BAG,163,2218,13.61,2859.1,17.54,121,0.04778602989564727,0.4220124591959386,0.03142580019398642,0.1671,662
21102,"CANDLE IN JAR COLLAGE , VANILLA",12,65,5.42,165.75,13.81,10,0.027545360533985146,0.4159845343503872,0.002133850630455868,0.1486,847
21106,CREAM SLICE FLANNEL CHOCOLATE SPOT ,121,698,5.77,1982.3,16.38,98,0.03349628654695873,0.4200501132310326,0.023278370514064017,0.1589,744
21107,CREAM SLICE FLANNEL PINK SPOT ,230,2157,9.38,5873.55,25.54,167,0.04721255993231174,0.42875903058497916,0.044422890397672166,0.1735,598
21108,FAIRY CAKE FLANNEL ASSORTED COLOUR,414,9373,22.64,16708.25,40.36,326,0.1150512362508226,0.4530079240908718,0.08011639185257032,0.2161,289
21109,"LARGE CAKE TOWEL, CHOCOLATE SPOTS",167,1052,6.3,3582.6,21.45,131,0.03682429256369277,0.4236317079477742,0.032201745877788554,0.1642,691
21110,LARGE CAKE TOWEL PINK SPOTS,236,1245,5.28,5387.55,22.83,173,0.038638713923098617,0.42767132513454087,0.04558680892337536,0.1706,627
21111,"SWISS ROLL TOWEL, CHOCOLATE  SPOTS",132,1201,9.1,2472.65,18.73,109,0.03822506345774184,0.42114755431667544,0.025412221144519884,0.1616,717
21112,"SWISS ROLL TOWEL, PINK  SPOTS",132,1879,14.23,4465.33,33.83,104,0.04459904108301213,0.4256073257096371,0.025412221144519884,0.1652,681
21114,LAVENDER SCENTED FABRIC HEART,476,5531,11.62,6845.43,14.38,359,0.07893202970762433,0.43093417291660874,0.0921435499515034,0.2007,378
21115,ROSE CARAVAN DOORSTOP,359,1160,3.23,6747.16,18.79,266,0.03783961643320485,0.4307142370840685,0.06944713870029098,0.1793,548
21116,OWL DOORSTOP,248,953,3.84,4564.59,18.41,164,0.03589357901664003,0.42582947723846537,0.04791464597478177,0.1699,634
21117,BLOND DOLL DOORSTOP,26,328,12.62,502.08,19.31,23,0.03001786217918586,0.41673726680747747,0.004849660523763337,0.1505,828
21118,SHOPPING BAG DOORSTOP,7,69,9.86,104.25,14.89,7,0.02758296512174485,0.4158468926112885,0.0011639185257032007,0.1482,851
21121,SET/10 RED SPOTTY PARTY CANDLES,805,14890,18.5,17882.9,22.21,466,0.16691736391839804,0.4556368813076565,0.1559650824442289,0.2595,134
21122,SET/10 PINK SPOTTY PARTY CANDLES,755,12027,15.93,14524.24,19.24,441,0.14000188022938798,0.44811994141430445,0.14626576139670222,0.2448,167
21123,SET/10 IVORY SPOTTY PARTY CANDLES,195,2524,12.94,3142.94,16.12,125,0.05066278085926483,0.4226477149882275,0.03763336566440349,0.1703,630
21124,SET/10 BLUE SPOTTY PARTY CANDLES,613,9914,16.17,11991.22,19.56,406,0.12013725674532293,0.44245084746354474,0.11871968962172648,0.2271,239
21125,SET 6 FOOTBALL CELEBRATION CANDLES,210,2030,9.67,2069.02,9.85,163,0.046018614270941054,0.420244199273547,0.04054316197866149,0.1689,644
21126,SET OF 6 GIRLS CELEBRATION CANDLES,215,2183,10.15,2130.43,9.91,169,0.04745698975274983,0.42038163958571045,0.04151309408341416,0.1698,635
21127,COLOURFUL FISHING GNOME,39,283,7.26,832.65,21.35,25,0.02959481056688916,0.4174771079407108,0.007371483996120271,0.1515,818
21128,GOLD FISHING GNOME,28,96,3.43,464.71,16.6,22,0.027836796089122873,0.4166536298678008,0.0052376333656644035,0.1499,834
21129,SILVER FISHING GNOME ,44,102,2.32,688.45,15.65,24,0.027893202970762435,0.417154377228873,0.00834141610087294,0.1511,822
21130,COLOURFUL STANDING GNOME,40,705,17.62,1112.25,27.81,29,0.033562094575538215,0.41810287428627163,0.007565470417070805,0.1531,802
21131,GOLD STANDING GNOME,29,253,8.72,910.25,31.39,18,0.02931277615869136,0.4176507827204516,0.005431619786614937,0.1508,825
21132,SILVER STANDING GNOME   ,29,72,2.48,300.0,10.34,25,0.027611168562564632,0.4162849961954928,0.005431619786614937,0.1498,835
21133,PAINTED BIRD ASSORTED CHRISTMAS,41,409,9.98,691.21,16.86,38,0.03077935508131992,0.41716055432155447,0.007759456838021339,0.1519,814
21134,VICTORIAN METAL POSTCARD CHRISTMAS,44,351,7.98,579.15,13.16,40,0.030234088558804176,0.41690975540637726,0.00834141610087294,0.1518,815
21135,VICTORIAN  METAL POSTCARD SPRING,396,5449,13.76,7979.05,20.15,251,0.07816113565855035,0.43347130183168253,0.07662463627546072,0.1961,408
21136,PAINTED METAL PEARS ASSORTED,726,10030,13.82,16578.14,22.83,449,0.12122778979035442,0.45271672788478845,0.14064015518913675,0.2382,194
21137,BLACK RECORD COVER FRAME,548,18394,33.57,63009.83,114.98,198,0.1998589827959011,0.5566344280618696,0.1061105722599418,0.2875,83
21143,ANTIQUE GLASS HEART DECORATION ,162,1984,12.25,3782.4,23.35,128,0.04558616151170443,0.4240788757440655,0.031231813773035886,0.167,663
21144,PINK POODLE HANGING DECORATION ,44,493,11.2,216.23,4.91,40,0.03156905142427376,0.416097512480301,0.00834141610087294,0.152,813
21145,ANTIQUE GLASS PLACE SETTING,41,826,20.15,977.78,23.85,34,0.03469963335526934,0.41780192006421313,0.007759456838021339,0.1534,799
21146,ANTIQUE GLASS RIDGED HANGING BALL,53,773,14.58,1449.75,27.35,47,0.03420137256745323,0.41885822529352046,0.01008729388942774,0.1544,789
21147,JINGLE BELLS TREE DECORATION,48,329,6.85,554.94,11.56,33,0.030027263326125788,0.4168555715607906,0.009117361784675072,0.152,813
21153,RED SPOTTY TABLECLOTH ,125,368,2.94,3811.2,30.49,93,0.030393908056782926,0.4241433323633508,0.02405431619786615,0.1595,738
21154,RED SPOTTY OVEN GLOVE ,613,6677,10.89,7938.57,12.95,327,0.08970574410078029,0.4333807044723539,0.11871968962172648,0.2139,301
21155,RED SPOTTY PEG BAG,755,5542,7.34,11677.98,15.47,365,0.07903544232396352,0.4417497922057355,0.14626576139670222,0.2224,258
21156,RED SPOTTY CHILDS APRON,816,8800,10.78,15906.52,19.49,472,0.10966437905424462,0.45121359057074856,0.15809893307468478,0.2397,185
21157,RED SPOTTY WASHBAG,111,600,5.41,1255.08,11.31,67,0.03257497414684592,0.41842253883253927,0.02133850630455868,0.1574,759
21158,MOODY GIRL DOOR HANGER ,274,2412,8.8,1576.14,5.75,185,0.049609852401993046,0.4191410958529462,0.052958292919495636,0.1739,594
21159,MOODY BOY  DOOR HANGER ,218,1983,9.1,1271.83,5.83,147,0.045576760364764504,0.4184600266232694,0.04209505334626576,0.1687,646
21160,KEEP OUT GIRLS DOOR HANGER ,52,689,13.25,454.97,8.75,46,0.033411676224499386,0.4166318309972509,0.009893307468477207,0.1533,800
21161,KEEP OUT BOYS DOOR HANGER ,168,2200,13.1,1564.96,9.32,120,0.04761680925072859,0.4191160741514319,0.032395732298739086,0.1664,669
21162,TOXIC AREA  DOOR HANGER ,243,2241,9.22,1431.19,5.89,172,0.04800225627526558,0.4188166865833144,0.046944713870029096,0.1713,620
21163,DO NOT TOUCH MY STUFF DOOR HANGER ,226,2649,11.72,1531.33,6.78,158,0.05183792422675566,0.41904080761995405,0.04364694471387003,0.1715,618
21164,HOME SWEET HOME METAL SIGN ,637,5817,9.13,15823.59,24.84,356,0.08162075773244336,0.45102798684028594,0.12337536372453928,0.2187,275
21165,BEWARE OF THE CAT METAL SIGN ,803,9029,11.24,13987.49,17.42,321,0.11181724170348782,0.44691865355314647,0.15557710960232785,0.2381,195
21166,COOK WITH WINE METAL SIGN ,1252,19094,15.25,36062.11,28.8,476,0.20643978565384977,0.49632335415058326,0.24267701260911737,0.3151,59
21167,WHITE SAGE INCENSE,51,2008,39.37,414.18,8.12,32,0.04581178903826267,0.41654053983403405,0.009699321047526674,0.1574,759
21169,YOU'RE CONFUSING ME METAL SIGN ,642,8609,13.41,13384.01,20.85,278,0.10786875998871863,0.4455680188098739,0.12434529582929195,0.2259,245
21171,BATHROOM METAL SIGN ,227,1810,7.97,2461.3,10.84,142,0.04395036194415719,0.4211221521420613,0.043840931134820564,0.1696,637
21172,PARTY METAL SIGN ,827,7367,8.91,10281.87,12.43,420,0.0961925354893297,0.43862519044357207,0.16023278370514063,0.2317,216
21173,LOO ROLL  METAL SIGN ,62,309,4.98,507.45,8.18,45,0.029839240387327253,0.41674928528128174,0.011833171677982542,0.1528,805
21174,POTTERING IN THE SHED METAL SIGN,869,9243,10.64,17806.71,20.49,402,0.11382908714863213,0.4554663622165682,0.16838021338506304,0.2459,163
21175,GIN + TONIC DIET METAL SIGN,1446,18194,12.58,38273.66,26.47,554,0.19797875340791576,0.5012729734693422,0.28031037827352084,0.3265,52
21179,NO JUNK MAIL METAL SIGN,369,4027,10.91,3035.39,8.23,231,0.06479270470997461,0.4224070098005842,0.07138700290979631,0.1862,485
21181,PLEASE ONE PERSON  METAL SIGN,1582,24052,15.2,47609.4,30.09,598,0.2530506721820062,0.5221670789876032,0.3066925315227934,0.3606,29
21185, HOME SWEET HOME  BLACKBOARD,39,113,2.9,696.91,17.87,34,0.027996615587101627,0.417173311360788,0.007371483996120271,0.1508,825
21186,WHITE DOVE HONEYCOMB PAPER GARLAND,281,5007,17.82,7714.55,27.45,187,0.07400582871110276,0.4328793304497053,0.05431619786614937,0.1871,477
21187,WHITE BELL HONEYCOMB PAPER GARLAND ,112,1251,11.17,1946.55,17.38,90,0.03869512080473818,0.41997010197619067,0.021532492725509216,0.1601,732
21188,3D HEARTS  HONEYCOMB PAPER GARLAND,100,821,8.21,2373.95,23.74,69,0.03465262762056971,0.42092665611100005,0.019204655674102813,0.1583,750
21189,WHITE HONEYCOMB PAPER GARLAND ,61,543,8.9,866.75,14.21,53,0.03203910877127009,0.4175534263684062,0.011639185257032008,0.1537,796
21190,PINK HEARTS PAPER GARLAND,89,679,7.63,1076.75,12.1,71,0.033317664755100125,0.41802342255069436,0.017070805043646945,0.1561,772
21191,LARGE WHITE HONEYCOMB PAPER BELL  ,116,1210,10.43,2323.7,20.03,96,0.038309673780201184,0.42081419273880966,0.02230843840931135,0.1605,728
21192,WHITE BELL HONEYCOMB PAPER ,120,1797,14.98,2772.65,23.11,96,0.04382814703393814,0.42181897743422997,0.02308438409311348,0.1629,704
21193,WHITE HONEYCOMB PAPER FAN ,15,84,5.6,158.36,10.56,14,0.027723982325843752,0.4159679949609247,0.0027158098933074684,0.1488,845
21194,PINK  HONEYCOMB PAPER FAN,65,491,7.55,492.14,7.57,51,0.031550249130393906,0.4167150203215159,0.012415130940834141,0.1536,797
21195,PINK  HONEYCOMB PAPER BALL ,55,622,11.31,1018.68,18.52,49,0.0327817993795243,0.41789345741590633,0.010475266731328807,0.1537,796
21196,ROUND WHITE CONFETTI IN TUBE,18,158,8.78,260.7,14.48,16,0.028419667199398327,0.4161970397670932,0.003297769156159069,0.1493,840
21197,MULTICOLOUR  CONFETTI IN TUBE,33,391,11.85,566.91,17.18,29,0.030610134436401242,0.4168823613431811,0.006207565470417071,0.1512,821
21198,WHITE HEART CONFETTI IN TUBE,86,1115,12.97,1239.75,14.42,75,0.03741656482090815,0.4183882291112323,0.016488845780795344,0.1574,759
21199,PINK  HEART CONFETTI IN TUBE,95,1122,11.81,1251.3,13.17,86,0.03748237284948764,0.4184140789012581,0.018234723569350145,0.158,753
21200,MULTICOLOUR HONEYCOMB PAPER GARLAND,77,1259,16.35,1683.75,21.87,64,0.03877032998025759,0.41938193532521295,0.014742967992240542,0.1576,757
21201,TROPICAL  HONEYCOMB PAPER GARLAND ,191,2616,13.7,5947.2,31.14,109,0.05152768637773809,0.42892386496033885,0.03685741998060136,0.1724,609
21202,DOLLY HONEYCOMB GARLAND,59,763,12.93,901.35,15.28,54,0.034107361098053963,0.4176308638346308,0.01125121241513094,0.1543,790
21203,BUTTERFLIES  HONEYCOMB GARLAND,111,1396,12.58,2169.0,19.54,85,0.040058287111027546,0.42046796221785737,0.02133850630455868,0.1606,727
21204,DAISIES  HONEYCOMB GARLAND ,148,1429,9.66,2266.65,15.32,109,0.04036852496004512,0.42068651044262134,0.02851600387972842,0.1632,701
21205,MULTICOLOUR 3D BALLS GARLAND,119,575,4.83,1401.45,11.78,86,0.03233994547334775,0.4187501261715942,0.02289039767216295,0.158,753
21206,STRAWBERRY HONEYCOMB  GARLAND ,196,2047,10.44,2801.55,14.29,118,0.04617843376891981,0.421883657861221,0.037827352085354024,0.1686,647
21207,SKULL AND CROSSBONES  GARLAND ,217,2991,13.78,4627.95,21.33,167,0.055053116480210586,0.4259712818008929,0.04190106692531523,0.1743,590
21208,PASTEL COLOUR HONEYCOMB FAN,82,939,11.45,692.25,8.44,65,0.03576196295948106,0.4171628819216953,0.01571290009699321,0.1562,771
21209,MULTICOLOUR HONEYCOMB FAN,91,1317,14.47,978.49,10.75,66,0.03931559650277334,0.4178035090989246,0.01745877788554801,0.1582,751
21210,SET OF 72 RETRO SPOT PAPER  DOILIES,944,14596,15.46,20402.77,21.61,508,0.1641534267180596,0.4612765445450967,0.18292919495635304,0.2695,115
21211,SET OF 72 SKULL PAPER  DOILIES,186,2309,12.41,3175.25,17.07,139,0.0486415342671806,0.42272002725798813,0.03588748787584869,0.1691,642
21212,PACK OF 72 RETRO SPOT CAKE CASES,2582,88836,34.41,42893.17,16.61,1116,0.8620945755382157,0.5116117928219228,0.5006789524733268,0.6248,5
21213,PACK OF 72 SKULL CAKE CASES,1181,38441,32.55,18270.23,15.47,528,0.3883237755006111,0.4565037556947311,0.2289039767216295,0.3579,31
21214,SET OF 72 IVORY PAPER DOILIES,128,1883,14.71,2576.75,20.13,106,0.044636645670771836,0.4213805381384669,0.02463627546071775,0.1636,697
21215, IVORY PAPER CUP CAKE CASES ,186,3943,21.2,1981.45,10.65,127,0.06400300836702078,0.4200482108655329,0.03588748787584869,0.1733,600
21216,"SET 3 RED SPOT TIN TEA,COFFEE,SUGAR",546,3464,6.34,15870.02,29.07,269,0.0594998589827959,0.45113190075811277,0.10572259941804074,0.2055,346
21217,RED SPOTTY ROUND CAKE TINS,799,2633,3.3,24957.35,31.24,424,0.051687505875716834,0.4714700455542681,0.1548011639185257,0.226,244
21218,RED SPOTTY BISCUIT TIN,619,4636,7.49,16154.2,26.1,313,0.07051800319638996,0.4517679174966016,0.11988360814742968,0.2141,299
21219,SET/4 BADGES BALLOON GIRL,105,838,7.98,1050.44,10.0,77,0.034812447118548466,0.4179645387432848,0.02017458777885548,0.1577,756
21220,SET/4 BADGES DOGS,83,516,6.22,658.31,7.93,65,0.03178527780389207,0.4170869215863293,0.015906886517943745,0.1549,784
21221,SET/4 BADGES CUTE CREATURES,61,454,7.44,578.39,9.48,55,0.03120240669361662,0.4169080544678128,0.011639185257032008,0.1532,801
21222,SET/4 BADGES BEETLES,85,530,6.24,672.18,7.91,70,0.03191689386105105,0.4171179637151309,0.016294859359844812,0.1551,782
21223,SET/4 BADGES WOODLAND ANIMAL,36,482,13.39,564.5,15.68,33,0.03146563880793457,0.41687696757747,0.006789524733268671,0.1517,816
21224,SET/4 SKULL BADGES,213,1940,9.11,2417.4,11.35,140,0.04517251104634765,0.4210239005591925,0.041125121241513095,0.1691,642
21225,POCKET MIRROR BUTTERFLY ,2,2,1.0,2.5,1.25,2,0.026953088276769767,0.4156191682705846,0.00019398642095053346,0.1476,857
21226,POCKET MIRROR WOODLAND,21,122,5.81,152.5,7.26,17,0.028081225909560966,0.41595487982936186,0.0038797284190106693,0.1493,840
21228,"POCKET MIRROR ""GLAMOROUS""",30,95,3.17,118.75,3.96,25,0.027827394942182945,0.41587934472863697,0.00562560620756547,0.1498,835
21231,SWEETHEART CERAMIC TRINKET BOX,1271,18165,14.29,21404.32,16.84,500,0.1977061201466579,0.46351809062305244,0.2463627546071775,0.3025,71
21232,STRAWBERRY CERAMIC TRINKET BOX,2122,34131,16.08,40044.62,18.87,693,0.3478048321895271,0.5052365184168899,0.4114451988360815,0.4215,13
21238,RED SPOTTY CUP,731,8499,11.63,6877.83,9.41,324,0.1068346338253267,0.4310066866133046,0.14161008729388944,0.2265,241
21239,PINK  SPOTTY CUP,565,6428,11.38,5190.15,9.19,266,0.08736485851273855,0.42722952872319,0.10940834141610087,0.208,328
21240,BLUE  SPOTTY CUP,578,6733,11.65,5402.99,9.35,287,0.09023220832941618,0.42770588104432433,0.1119301648884578,0.21,316
21241,GREEN SPOTTY CUP,217,2139,9.86,1755.75,8.09,129,0.047043339287393064,0.419543076873426,0.04190106692531523,0.1695,638
21242,RED SPOTTY PLATE ,526,6433,12.23,10255.45,19.5,290,0.08741186424743819,0.43856606044768615,0.10184287099903007,0.2093,319
21243,PINK  SPOTTY PLATE ,398,5171,12.99,8197.55,20.6,210,0.07554761680925073,0.43396032166896803,0.07701260911736178,0.1955,413
21244,BLUE  SPOTTY PLATE ,375,4644,12.38,7376.04,19.67,208,0.07059321237190937,0.4321217189846274,0.07255092143549952,0.1918,445
21245,GREEN  SPOTTY PLATE ,259,2430,9.38,3923.98,15.15,146,0.049779073046911725,0.4243957426940101,0.050048496605237636,0.1747,586
21246,RED SPOTTY BIG BOWL,141,614,4.35,3005.7,21.32,99,0.03270659020400489,0.4223405612927169,0.027158098933074686,0.1607,726
21247,SET OF RED SALAD SERVERS ,61,400,6.56,596.0,9.77,44,0.03069474475886058,0.4169474670048132,0.011639185257032008,0.1531,802
21248,DOOR HANGER  MUM + DADS ROOM,135,932,6.9,1159.64,8.59,106,0.03569615493090157,0.4182089367580747,0.025994180407371482,0.16,733
21249,WOODLAND  HEIGHT CHART STICKERS ,192,1543,8.04,4186.65,21.81,156,0.04144025571119676,0.4249836183949702,0.03705140640155189,0.1678,655
21250,SET OF SKULL WALL STICKERS,53,394,7.43,950.5,17.93,47,0.03063833787722102,0.41774086532205684,0.01008729388942774,0.1528,805
21251,DINOSAUR HEIGHT CHART STICKER SET,102,546,5.35,1453.5,14.25,91,0.032067312212089874,0.41886661808248987,0.01959262851600388,0.1568,765
21252,SET OF MEADOW  FLOWER STICKERS,16,161,10.06,375.65,23.48,14,0.028447870640218108,0.41645430672496947,0.002909796314258002,0.1493,840
21253,SET OF PICTURE FRAME  STICKERS,51,225,4.41,598.59,11.74,41,0.029049544044373415,0.4169532636243948,0.009699321047526674,0.1519,814
21254,SET OF KITCHEN WALL  STICKERS,1,-4,-4.0,-11.8,-11.8,1,0.026896681395130205,0.41558716376864785,0.0,0.1475,858
21255,"FRENCH BOTTLE , LAVENDER",57,409,7.18,655.65,11.5,46,0.03077935508131992,0.41708096830135366,0.010863239573229874,0.1529,804
21256,"FRENCH BOTTLE, BRASSERIE DES ARTIST",35,282,8.06,446.1,12.75,31,0.029585409419949235,0.4166119792537419,0.006595538312318138,0.1509,824
21257,VICTORIAN SEWING BOX MEDIUM,376,1240,3.3,9345.19,24.85,206,0.038591708188398986,0.43652882842440227,0.07274490785645005,0.1826,519
21258,VICTORIAN SEWING BOX LARGE,387,1108,2.86,13046.48,33.71,188,0.03735075679232867,0.4448126006603133,0.07487875848690592,0.1857,490
21259,VICTORIAN SEWING BOX SMALL ,570,2148,3.77,12278.11,21.54,301,0.0471279496098524,0.4430929293908621,0.11037827352085354,0.2002,382
21260,FIRST AID TIN,452,3309,7.32,10478.35,23.18,305,0.05804268120710727,0.4390649278240291,0.0874878758486906,0.1949,418
21261,GREEN GOOSE FEATHER CHRISTMAS TREE ,43,245,5.7,834.75,19.41,37,0.029237566983171946,0.4174818079025337,0.008147429679922406,0.1516,817
21262,WHITE GOOSE FEATHER CHRISTMAS TREE ,86,447,5.2,1346.65,15.66,69,0.031136598665037134,0.41862747954878754,0.016488845780795344,0.1554,779
21263,GREEN GOOSE FEATHER TREE 60CM,46,284,6.17,577.8,12.56,39,0.029604211713829088,0.41690673400234823,0.008729388942774006,0.1517,816
21264,WHITE GOOSE FEATHER TREE 60CM ,59,344,5.83,766.8,13.0,51,0.030168280530224686,0.4173297305664076,0.01125121241513094,0.1529,804
21265,PINK GOOSE FEATHER TREE 60CM,31,295,9.52,615.25,19.85,26,0.02970762433016828,0.4169905499881897,0.005819592628516004,0.1508,825
21267,VINTAGE PINK TINSEL REEL ,4,13,3.25,27.3,6.82,3,0.02705650089310896,0.4156746725816357,0.0005819592628516004,0.1478,855
21268,VINTAGE BLUE TINSEL REEL,41,383,9.34,209.58,5.11,31,0.030534925260881828,0.4160826292678618,0.007759456838021339,0.1515,818
21269,ANTIQUE CREAM CUTLERY SHELF ,58,106,1.83,901.0,15.53,52,0.02793080755852214,0.4176300805076603,0.011057225994180407,0.1522,811
21270,ANTIQUE CREAM CUTLERY CUPBOARD,28,39,1.39,497.25,17.76,24,0.027300930713547052,0.41672645689528487,0.0052376333656644035,0.1498,835
21272,SALLE DE BAIN HOOK,240,2166,9.02,2686.86,11.2,167,0.04729717025477108,0.4216269728033799,0.046362754607177495,0.1718,615
21274,EMBOSSED HEART 3 DRAWER SHELF,91,158,1.74,2000.1,21.98,61,0.028419667199398327,0.4200899510026742,0.01745877788554801,0.1553,780
21275,ZINC TOP  2 DOOR WOODEN SHELF ,56,231,4.12,1339.45,23.92,45,0.029105950926012973,0.41861136539396626,0.01066925315227934,0.1528,805
21276,TWO EMBOSSED HEART MINI DRAWERS,31,660,21.29,1468.0,47.35,24,0.033139042963241515,0.41889907019983835,0.005819592628516004,0.1526,807
21277,FRENCH STYLE EMBOSSED HEART CABINET,44,41,0.93,881.0,20.02,37,0.027319733007426905,0.41758531896649004,0.00834141610087294,0.1511,822
21278,VINTAGE KITCHEN PRINT PUDDINGS,73,1487,20.37,1031.85,14.13,63,0.04091379148256087,0.41792293289076704,0.01396702230843841,0.1576,757
21279,VINTAGE KITCHEN PRINT FRUITS,62,1832,29.55,918.0,14.81,51,0.044157187176835574,0.41766812781765505,0.011833171677982542,0.1579,754
21280,VINTAGE KITCHEN PRINT VEGETABLES,54,2068,38.3,1402.2,25.97,44,0.04637585785465827,0.41875180472938806,0.010281280310378274,0.1585,748
21281,VINTAGE KITCHEN PRINT SEAFOOD,38,2108,55.47,1168.2,30.74,34,0.04675190373225534,0.41822809469769556,0.007177497575169738,0.1574,759
21282,NATURAL BARK CANDLE LARGE,60,325,5.42,1318.25,21.97,49,0.02998965873836608,0.41856391816032573,0.011445198836081475,0.1533,800
21283,NATURAL BARK CANDLE SMALL,70,479,6.84,1457.75,20.82,59,0.03143743536711479,0.41887612990998857,0.01338506304558681,0.1546,787
21284,RETRO SPOT CANDLE  SMALL,98,1433,14.62,1396.81,14.25,81,0.040406129547804835,0.41873974149404264,0.018816682832201746,0.1593,740
21285,RETRO SPOT CANDLE  MEDIUM,76,926,12.18,1166.42,15.35,56,0.03563974804926201,0.4182241109205314,0.014548981571290009,0.1561,772
21286,RETRO SPOT CANDLE  LARGE,68,950,13.97,1377.22,20.25,57,0.03586537557582025,0.41869589756446635,0.012997090203685741,0.1559,774
21287,SCENTED VELVET LOUNGE CANDLE ,83,4077,49.12,1799.82,21.68,67,0.06526276205697094,0.4196417089293948,0.015906886517943745,0.1669,664
21288,STRIPEY CHOCOLATE NESTING BOXES,132,826,6.26,1972.7,14.94,105,0.03469963335526934,0.4200286276912709,0.025412221144519884,0.16,733
21289,LARGE STRIPES CHOCOLATE GIFT BAG,62,1235,19.92,1290.15,20.81,52,0.03854470245369935,0.4185010281949814,0.011833171677982542,0.1563,770
21291,SMALL SPOTTY CHOCOLATE GIFT BAG ,131,2292,17.5,1938.12,14.79,96,0.04848171476920184,0.41995123498658743,0.02521823472356935,0.1646,687
21292,SMALL STRIPES CHOCOLATE GIFT BAG ,83,2421,29.17,1393.53,16.79,69,0.04969446272445238,0.41873240060129074,0.015906886517943745,0.1614,719
21293,MIRRORED DOVE WALL DECORATION,44,254,5.77,535.43,12.17,29,0.029322177305631286,0.416811906677379,0.00834141610087294,0.1515,818
21294,ETCHED GLASS COASTER,118,2130,18.05,1465.38,12.42,83,0.04695872896493372,0.41889320643794503,0.022696411251212415,0.1628,705
21298,EDWARDIAN 2 DRAWER WALL CABINET ,19,46,2.42,656.1,34.53,14,0.02736673874212654,0.41708197543603,0.0034917555771096023,0.1493,840
21299,EDWARDIAN TOILET ROLL UNIT ,32,157,4.91,804.95,25.15,25,0.0284102660524584,0.41741511320618996,0.0060135790494665374,0.1506,827
21300,ANTIQUE EDWARDIAN DRESSER,13,42,3.23,609.9,46.92,11,0.027329134154366833,0.4169785762759266,0.0023278370514064014,0.1489,844
21303,FILIGREE WALL MIRROR  ANTIQUE WHITE,30,81,2.7,772.35,25.74,24,0.02769577888502397,0.41734215189408236,0.00562560620756547,0.1502,831
21304,ARCHED GREY MIRROR,16,84,5.25,540.6,33.79,16,0.027723982325843752,0.41682347753577154,0.002909796314258002,0.1492,841
21306,SET/4 DAISY MIRROR MAGNETS,59,650,11.02,295.58,5.01,48,0.03304503149384225,0.41627510389489414,0.01125121241513094,0.1535,798
21307,SET/4 BUTTERFLY MIRROR MAGNETS,55,725,13.18,570.2,10.37,41,0.03375011751433675,0.4168897246167036,0.010475266731328807,0.1537,796
21308,LOUVRE VANITY MIRROR,4,127,31.75,637.95,159.49,4,0.0281282316442606,0.41704135433741796,0.0005819592628516004,0.1486,847
21309,LOUVRE CHALKBOARD,6,48,8.0,315.65,52.61,6,0.02738554103600639,0.4163200221014585,0.0009699321047526673,0.1482,851
21310,CAPIZ CHANDELIER,4,4,1.0,119.8,29.95,4,0.02697189057064962,0.4158816947095484,0.0005819592628516004,0.1478,855
21311,SET/4 BIRD MIRROR MAGNETS ,78,655,8.4,468.28,6.0,62,0.033092037228541885,0.41666161980289973,0.014936954413191077,0.1549,784
21312,LARGE CHUNKY GLASS ROMAN BOWL,23,280,12.17,1072.4,46.63,19,0.02956660712606938,0.4180136869154898,0.004267701260911736,0.1506,827
21313,GLASS HEART T-LIGHT HOLDER ,275,5665,20.6,4228.6,15.38,173,0.0801917833975745,0.4250775057275749,0.05315227934044617,0.1861,486
21314,SMALL GLASS HEART TRINKET POT,785,9219,11.74,18291.46,23.3,369,0.1136034596220739,0.45655127007068336,0.15208535402521822,0.2407,181
21315,LARGE GLASS HEART TRINKET POT,1,-4,-4.0,-17.0,-17.0,1,0.026896681395130205,0.41557552576794354,0.0,0.1475,858
21316,SMALL CHUNKY GLASS ROMAN  BOWL,35,668,19.09,1005.24,28.72,33,0.033214252138760926,0.4178633776602399,0.006595538312318138,0.1526,807
21317,GLASS SPHERE CANDLE STAND MEDIUM,69,326,4.72,1165.4,16.89,56,0.029999059885306007,0.4182218280819317,0.013191076624636276,0.1538,795
21318,GLASS CHALICE BLUE SMALL ,90,904,10.04,740.24,8.22,70,0.035432922816583626,0.4172702872397334,0.017264791464597477,0.1567,766
21319,GLASS CHALICE GREEN  SMALL ,52,435,8.37,583.31,11.22,44,0.031023784901758014,0.41691906580694066,0.009893307468477207,0.1526,807
21320,GLASS CHALICE GREEN  LARGE ,45,336,7.47,674.16,14.98,31,0.030093071354705275,0.41712239510770677,0.008535402521823473,0.1519,814
21321,GLASS CHALICE BLUE  LARGE ,16,93,5.81,211.05,13.19,10,0.027808592648303092,0.41608591924113786,0.002909796314258002,0.1489,844
21322,GLASS SPHERE CANDLE STAND LARGE ,13,299,23.0,562.45,43.27,12,0.029745228917927986,0.41687237951950007,0.0023278370514064014,0.1496,837
21323,HANGING MEDINA LANTERN LARGE,55,701,12.75,2188.5,39.79,46,0.03352448998777851,0.4205116047204984,0.010475266731328807,0.1548,785
21324,HANGING MEDINA LANTERN SMALL,131,884,6.75,2270.6,17.33,101,0.03524489987778509,0.4206953508470025,0.02521823472356935,0.1604,729
21326,AGED GLASS SILVER T-LIGHT HOLDER,554,16902,30.51,10272.3,18.54,307,0.18583247156153052,0.43860377204612205,0.10727449078564501,0.2439,169
21327,SKULLS WRITING SET ,337,1512,4.49,2492.4,7.4,212,0.041148820156059036,0.42119175633858114,0.06517943743937925,0.1758,577
21328,BALLOONS  WRITING SET ,380,1632,4.29,2691.4,7.08,257,0.04227695778885024,0.4216371336732256,0.07352085354025219,0.1791,549
21329,DINOSAURS  WRITING SET ,377,1595,4.23,2602.99,6.9,254,0.04192911535207295,0.42143926528048226,0.07293889427740058,0.1788,552
21330,WOODLAND ANIMAL  WRITING SET ,130,1348,10.37,2118.2,16.29,102,0.039607032057911065,0.42035426790328484,0.025024248302618818,0.1617,716
21331,MOROCCAN BEATEN METAL DISH LARGE,26,101,3.88,755.49,29.06,23,0.027883801823822506,0.41730441791487577,0.004849660523763337,0.15,833
21332,MOROCCAN BEATEN METAL MIRROR,47,241,5.13,1333.15,28.36,36,0.02919996239541224,0.4185972655084976,0.008923375363724539,0.1522,811
21333,CLASSIC WHITE FRAME,205,995,4.85,2911.25,14.2,150,0.03628842718811695,0.42212917491454016,0.03957322987390883,0.166,673
21335,LIBRARY LAMP,26,32,1.23,669.4,25.75,18,0.027235122684967566,0.4171117418609082,0.004849660523763337,0.1497,836
21336,GOLD WASHBAG,26,923,35.5,286.37,11.01,13,0.03561154460844223,0.4162544912051852,0.004849660523763337,0.1522,811
21337,SILVER WASHBAG,9,30,3.33,88.5,9.83,7,0.027216320391087713,0.41581164289761685,0.0015518913676042677,0.1482,851
21338,MARAKESH LANTERN SMALL ,12,196,16.33,848.35,70.7,9,0.02877691078311554,0.41751224575052953,0.002133850630455868,0.1495,838
21339,MARAKESH LANTERN LARGE,13,30,2.31,544.5,41.88,12,0.027216320391087713,0.4168322060362997,0.0023278370514064014,0.1488,845
21340,CLASSIC METAL BIRDCAGE PLANT HOLDER,397,1644,4.14,17269.61,43.5,250,0.04238977155212936,0.4542642910284398,0.07681862269641125,0.1912,448
21341,KASBAH LANTERN WITH GLASS ,15,56,3.73,250.8,16.72,15,0.027460750211525806,0.41617488280421383,0.0027158098933074684,0.1488,845
21343,GOLD JEWELERY BOX,4,18,4.5,58.1,14.53,3,0.027103506627808593,0.415743605355038,0.0005819592628516004,0.1478,855
21344,MOROCCAN BEATEN METAL DISH,26,159,6.12,670.05,25.77,22,0.028429068346338255,0.4171131966109963,0.004849660523763337,0.1501,832
21346,LARGE SILVER BALUSTRADE CANDLESTICK,1,-1,-1.0,-5.95,-5.95,1,0.026924884835949986,0.4156002565194401,0.0,0.1475,858
21347,GOTHIC CARRIAGE LANTERN,4,8,2.0,47.6,11.9,4,0.027009495158409325,0.41572010554592365,0.0005819592628516004,0.1478,855
21348,PINK SPOTS CHOCOLATE NESTING BOXES ,121,785,6.49,1836.95,15.18,91,0.03431418633073235,0.4197248087305775,0.023278370514064017,0.1591,742
21349,IVY HEART WREATH,130,484,3.72,3139.0,24.15,113,0.03148444110181442,0.42263889696461693,0.025024248302618818,0.1597,736
21350,GINGHAM HEART WREATH,44,222,5.05,638.9,14.52,39,0.029021340603553634,0.4170434805106235,0.00834141610087294,0.1515,818
21351,CINAMMON & ORANGE WREATH,142,961,6.77,2926.75,20.61,114,0.03596878819215944,0.4221638651089471,0.027352085354025217,0.1618,715
21352,EUCALYPTUS & PINECONE  WREATH,87,731,8.4,2158.45,24.81,77,0.03380652439597631,0.42044435050489004,0.01668283220174588,0.157,763
21353,SILVER SLEIGHBELL  WREATH,8,18,2.25,143.1,17.89,8,0.027103506627808593,0.4159338419050118,0.0013579049466537342,0.1481,852
21354,TOAST ITS - BEST MUM,170,2401,14.12,2797.25,16.45,123,0.04950643978565385,0.4218740341298694,0.032783705140640156,0.1681,652
21355,TOAST ITS - I LOVE YOU ,284,3303,11.63,3937.15,13.86,213,0.057986274325467706,0.4244252181688707,0.05489815712900097,0.1791,549
21356,TOAST ITS - FAIRY FLOWER,183,1147,6.27,1409.7,7.7,116,0.037717401522985805,0.41876859030732694,0.03530552861299709,0.1639,694
21357,TOAST ITS - DINOSAUR,170,1262,7.42,1570.42,9.24,105,0.03879853342107737,0.4191282940521715,0.032783705140640156,0.1636,697
21358,TOAST ITS - HAPPY BIRTHDAY,159,1025,6.45,1274.05,8.01,130,0.03657046159631475,0.4184649951543393,0.030649854510184288,0.1619,714
21359,RELAX LARGE WOOD LETTERS,73,198,2.71,1874.1,25.67,57,0.028795713076995393,0.4198079532933013,0.01396702230843841,0.1542,791
21360,JOY LARGE WOOD LETTERS,93,431,4.63,2611.45,28.08,82,0.03098618031399831,0.42145819941239737,0.017846750727449078,0.1568,765
21361,LOVE LARGE WOOD LETTERS ,265,503,1.9,6220.65,23.47,183,0.03166306289367303,0.4295358671319897,0.05121241513094083,0.1708,625
21363,HOME SMALL WOOD LETTERS,346,892,2.58,4416.8,12.77,225,0.0353201090533045,0.4254987118299874,0.06692531522793405,0.1759,576
21364,PEACE SMALL WOOD LETTERS,146,437,2.99,3018.15,20.67,119,0.031042587195637867,0.4223684253520954,0.028128031037827354,0.1605,728
21365,MIRRORED WALL ART STARS,62,444,7.16,561.6,9.06,51,0.031108395224217354,0.41687047715400033,0.011833171677982542,0.1533,800
21366,MIRRORED WALL ART PHOTO FRAMES,27,153,5.67,602.25,22.31,24,0.028372661464698693,0.41696145498642895,0.00504364694471387,0.1501,832
21367,MIRRORED WALL ART GENTS,45,196,4.36,202.86,4.51,37,0.02877691078311554,0.41606758939002864,0.008535402521823473,0.1511,822
21368,MIRRORED WALL ART LADIES,39,193,4.95,171.75,4.4,32,0.02874870734229576,0.41599796281273826,0.007371483996120271,0.1507,826
21369,MIRRORED WALL ART SPLODGES,17,128,7.53,195.0,11.47,15,0.028137632791200528,0.41604999810434873,0.0031037827352085354,0.1491,842
21370,MIRRORED WALL ART FOXY,16,48,3.0,175.35,10.96,15,0.02738554103600639,0.4160060198901489,0.002909796314258002,0.1488,845
21371,MIRRORED WALL ART POPPIES,41,368,8.98,389.4,9.5,33,0.030393908056782926,0.416485080284524,0.007759456838021339,0.1515,818
21372,MIRRORED WALL ART TABLE LAMP,37,141,3.81,193.23,5.22,28,0.028259847701419573,0.4160460367079552,0.006983511154219205,0.1504,829
21373,MIRRORED WALL ART SNOWFLAKES,58,617,10.64,519.15,8.95,52,0.03273479364482467,0.41677547078286636,0.011057225994180407,0.1535,798
21374,MIRRORED WALL ART SKULLS,61,454,7.44,700.0,11.48,57,0.03120240669361662,0.4171802270188988,0.011639185257032008,0.1533,800
21375,LARGE CAMPHOR WOOD FIELD MUSHROOM ,29,93,3.21,368.25,12.7,26,0.027808592648303092,0.41643774495473646,0.005431619786614937,0.1499,834
21376,LARGE  TALL CAMPHOR WOOD TOADSTOOL ,38,171,4.5,717.15,18.87,35,0.028541882109617372,0.41721861004045235,0.007177497575169738,0.151,823
21377,SMALL CAMPHOR WOOD FIELD  MUSHROOM,44,420,9.55,475.56,10.81,37,0.030882767697659113,0.4166779130038857,0.00834141610087294,0.152,813
21378,SMALL TALL CAMPHOR WOOD TOADSTOOL,57,522,9.16,601.5,10.55,47,0.031841684685531634,0.4169597764286351,0.010863239573229874,0.1532,801
21379, CAMPHOR WOOD PORTOBELLO MUSHROOM,52,541,10.4,455.27,8.76,43,0.032020306477390244,0.4166325024203684,0.009893307468477207,0.1528,805
21380,WOODEN HAPPY BIRTHDAY GARLAND,551,4295,7.79,12168.45,22.08,327,0.06731221208987496,0.4428475018606254,0.1066925315227934,0.2056,345
21381,MINI WOODEN HAPPY BIRTHDAY GARLAND,393,4290,10.92,6896.1,17.55,235,0.06726520635517533,0.4310475762811637,0.07604267701260911,0.1915,447
21382,SET/4 SPRING FLOWER DECORATION,116,1124,9.69,1417.2,12.22,78,0.03750117514336749,0.4187853758852658,0.02230843840931135,0.1595,738
21383,PACK OF 12 STICKY BUNNIES,199,1828,9.19,1176.2,5.91,169,0.04411958258907587,0.4182459993141637,0.038409311348205626,0.1669,664
21384,IVORY HANGING DECORATION  BUTTERFLY,115,1733,15.07,1466.81,12.75,99,0.04322647362978283,0.41889640688813873,0.022114451988360814,0.1614,719
21385,IVORY HANGING DECORATION  HEART,525,10140,19.31,8319.48,15.85,320,0.12226191595374636,0.43423321040471285,0.10164888457807954,0.2194,273
21386,IVORY HANGING DECORATION  EGG,87,1097,12.61,596.69,6.86,72,0.03724734417598947,0.4169490112779836,0.01668283220174588,0.157,763
21387,IVORY HANGING DECORATION  RABBIT,4,25,6.25,21.25,5.31,4,0.02716931465638808,0.4156611322154317,0.0005819592628516004,0.1478,855
21388,IVORY HANGING DECORATION  CHICKEN,27,287,10.63,243.95,9.04,27,0.02963241515464887,0.41615955197636306,0.00504364694471387,0.1503,830
21389,IVORY HANGING DECORATION  BIRD,207,2123,10.26,1801.43,8.7,149,0.046892920936354235,0.41964531223345897,0.03996120271580989,0.1688,645
21390,FILIGRIS HEART WITH BUTTERFLY,502,10571,21.06,12785.39,25.47,280,0.12631381028485475,0.44422826112110564,0.09718719689621727,0.2226,256
21391,FRENCH EMROIDR LAVENDER SCENT HEART,136,1289,9.48,1527.0,11.23,113,0.03905236438845539,0.41903111674629073,0.026188166828322017,0.1614,719
21392,RED SPOTTY PUDDING BOWL,40,3876,96.9,919.77,22.99,32,0.06337313152204568,0.41767208921404864,0.007565470417070805,0.1629,704
21393,BLUE  SPOTTY PUDDING BOWL,41,2737,66.76,808.35,19.72,34,0.052665225157469214,0.4174227226681889,0.007759456838021339,0.1593,740
21394,RED SPOTTY BEAKER ,136,3939,28.96,1786.69,13.14,100,0.06396540377926108,0.41961232297761647,0.026188166828322017,0.1699,634
21395,BLUE SPOTTY BEAKER ,104,2912,28.0,1316.64,12.66,79,0.05431042587195638,0.41856031485626155,0.019980601357904946,0.1643,690
21396,RED SPOTTY EGG CUP ,60,904,15.07,1075.28,17.92,45,0.035432922816583626,0.4180201325774183,0.011445198836081475,0.155,783
21397,BLUE  SPOTTY EGG CUP ,117,2000,17.09,1620.54,13.85,99,0.04573657986274325,0.41924046647434426,0.02250242483026188,0.1625,708
21398,RED  SPOTTY COFFEE  MUG,98,2231,22.77,2024.55,20.66,83,0.047908244805866314,0.42014467198675487,0.018816682832201746,0.1623,710
21399,BLUE  SPOTTY  COFFEE MUG,100,2228,22.28,1387.65,13.88,76,0.04788004136504653,0.41871924070818667,0.019204655674102813,0.1619,714
21400,RED PUDDING SPOON,64,1015,15.86,184.5,2.88,54,0.036476450126915486,0.4160264982952343,0.012221144519883608,0.1549,784
21401,BLUE PUDDING SPOON,92,1388,15.09,291.06,3.16,72,0.039983077935508135,0.41626498778658966,0.017652764306498547,0.158,753
21402,RED  EGG  SPOON,104,1588,15.27,280.56,2.7,81,0.041863307323493464,0.4162414879774753,0.019980601357904946,0.1594,739
21403,BLUE EGG  SPOON,108,2151,19.92,440.58,4.08,80,0.04715615305067218,0.41659962506837883,0.02075654704170708,0.1615,718
21407,BROWN CHECK CAT DOORSTOP ,333,1126,3.38,4597.75,13.81,231,0.037519977437247345,0.42590369187372573,0.06440349175557711,0.1759,576
21408,SPOTTY PINK DUCK DOORSTOP,142,575,4.05,1996.09,14.06,114,0.03233994547334775,0.42008097631366953,0.027352085354025217,0.1599,734
21409,SPOTTY COCKEREL DOORSTOP,1,1,1.0,4.25,4.25,1,0.02694368712982984,0.415623084905437,0.0,0.1475,858
21410,COUNTRY COTTAGE  DOORSTOP GREEN,102,258,2.53,1032.5,10.12,81,0.029359781893390995,0.41792438764085504,0.01959262851600388,0.1556,777
21411,GINGHAM HEART  DOORSTOP RED,515,1935,3.76,7112.39,13.81,358,0.04512550531164802,0.43153164996814997,0.0997090203685742,0.1921,442
21412,VINTAGE GOLD TINSEL REEL,51,224,4.39,107.52,2.11,33,0.029040142897433487,0.4158542111232698,0.009699321047526674,0.1515,818
21413,PERIWINKLE T-LIGHT HOLDER,34,3134,92.18,1062.1,31.24,25,0.0563974804926201,0.4179906347217871,0.006401551891367604,0.1603,730
21414,SCALLOP SHELL SOAP DISH,22,1613,73.32,777.3,35.33,18,0.042098335996991636,0.41735323037552197,0.004073714839961203,0.1545,788
21415,CLAM SHELL SMALL ,56,320,5.71,613.69,10.96,41,0.02994265300366645,0.41698705858797835,0.01066925315227934,0.1525,808
21416,CLAM SHELL LARGE,18,746,41.44,572.7,31.82,15,0.03394754160007521,0.41689531980934985,0.003297769156159069,0.1514,819
21417,COCKLE SHELL DISH,60,399,6.65,650.38,10.84,41,0.030685343611920653,0.4170691736352553,0.011445198836081475,0.1531,802
21418,STARFISH SOAP DISH,37,158,4.27,367.7,9.94,24,0.028419667199398327,0.4164365140123543,0.006983511154219205,0.1506,827
21419,CONCH SHELL,13,1252,96.31,535.8,41.22,12,0.0387045219516781,0.4168127347658906,0.0023278370514064014,0.1526,807
21420,OYSTER TRINKET BOX,26,114,4.38,295.62,11.37,21,0.02800601673404155,0.4162751934179765,0.004849660523763337,0.1497,836
21421,PORCELAIN ROSE LARGE ,92,1761,19.14,2053.05,22.32,60,0.04348970574410078,0.42020845718292255,0.017652764306498547,0.1605,728
21422,PORCELAIN ROSE SMALL,110,3052,27.75,2444.96,22.23,71,0.055626586443546115,0.42108558196292517,0.02114451988360815,0.166,673
21424,WOODLAND STORAGE BOX LARGE ,70,724,10.34,1587.64,22.68,51,0.033740716367396825,0.4191668337391191,0.01338506304558681,0.1554,779
21425,SKULLS STORAGE BOX LARGE,66,419,6.35,836.69,12.68,42,0.03087336655071919,0.41748614977202725,0.012609117361784675,0.1537,796
21426,WOODLAND STORAGE BOX SMALL,63,858,13.62,1177.2,18.69,45,0.035000470057346994,0.4182482373912222,0.012027158098933075,0.1551,782
21427,SKULLS STORAGE BOX SMALL,82,425,5.18,660.9,8.06,56,0.030929773432358747,0.4170927182059109,0.01571290009699321,0.1546,787
21428,SET3 BOOK BOX GREEN GINGHAM FLOWER ,373,2707,7.26,10501.05,28.15,228,0.05238319074927141,0.4391157321732574,0.07216294859359845,0.1879,471
21429,RED GINGHAM ROSE JEWELLERY BOX,800,5860,7.32,9787.2,12.23,419,0.0820250070508602,0.4375180808650365,0.15499515033947622,0.2248,248
21430,SET/3 RED GINGHAM ROSE STORAGE BOX,603,4107,6.81,14496.57,24.04,323,0.06554479646516875,0.44805801382209537,0.11677982541222115,0.2101,315
21431,GREEN GINGHAM FLOWER JEWELLERY BOX,228,1410,6.18,2278.5,9.99,168,0.04018990316818652,0.42071303165576474,0.044034917555771096,0.1683,650
21432,SET OF 3 CASES WOODLAND DESIGN,238,904,3.8,5169.3,21.72,152,0.035432922816583626,0.42718286481651996,0.04597478176527643,0.1695,638
21437,24 HANGING EASTER EGGS FLORAL TUB,105,649,6.18,2203.35,20.98,88,0.03303563034690232,0.42054484016481736,0.02017458777885548,0.1579,754
21438,TUB 24 HANGING EASTER EGGS SPOTTY,35,356,10.17,1162.2,33.21,33,0.030281094293503806,0.4182146662353445,0.006595538312318138,0.1517,816
21439,BASKET OF TOADSTOOLS,166,1715,10.33,2143.75,12.91,112,0.04305725298486415,0.4204114507721299,0.03200775945683802,0.1652,681
21440,12 MINI TOADSTOOL PEGS,90,463,5.14,578.75,6.43,72,0.03128701701607596,0.41690886017555384,0.017264791464597477,0.1552,781
21441,BLUE BIRDHOUSE DECORATION,84,855,10.18,540.21,6.43,67,0.03497226661652721,0.4168226046857187,0.016100872938894277,0.156,773
21442,GREEN BIRDHOUSE DECORATION,80,883,11.04,561.67,7.02,66,0.035235498730845166,0.41687063381939443,0.015324927255092144,0.1558,775
21443,OLIVE CHALET BIRDFEEDER,21,245,11.67,658.75,31.37,18,0.029237566983171946,0.41708790634023507,0.0038797284190106693,0.1501,832
21444,BLUE CHALET BIRDFEEDER,21,272,12.95,760.0,36.19,18,0.029491397950549968,0.41731451164240974,0.0038797284190106693,0.1502,831
21445,12 PINK ROSE PEG PLACE SETTINGS,117,1446,12.36,1718.58,14.69,88,0.04052834445802388,0.419459887549161,0.02250242483026188,0.1608,725
21446,12 RED ROSE PEG PLACE SETTINGS,190,1154,6.07,1433.38,7.54,122,0.03778320955156529,0.4188215879720726,0.03666343355965083,0.1644,689
21447,12 IVORY ROSE PEG PLACE SETTINGS,234,2376,10.15,2881.08,12.31,149,0.04927141111215568,0.4220616521296847,0.0451988360814743,0.1722,611
21448,12 DAISY PEGS IN WOOD BOX,182,895,4.92,1476.75,8.11,132,0.03534831249412428,0.41891865337410034,0.035111542192046555,0.1631,702
21450,DISTRESSED CANDLE STICK WHITE,4,3,0.75,17.85,4.46,3,0.02696248942370969,0.4156535227534328,0.0005819592628516004,0.1477,856
21452,TOADSTOOL MONEY BOX,357,1720,4.82,4959.2,13.89,228,0.04310425871956379,0.426712644826526,0.0690591658583899,0.1796,545
21454,PAINTED PINK RABBIT ,88,619,7.03,526.15,5.98,78,0.03275359593870452,0.41679113732227596,0.01687681862269641,0.1555,778
21455,PAINTED YELLOW WOODEN DAISY,69,485,7.03,412.25,5.97,60,0.031493842248754345,0.4165362203453111,0.013191076624636276,0.1537,796
21456,2 PICTURE BOOK EGGS EASTER CHICKS,53,717,13.53,731.25,13.8,42,0.03367490833881734,0.4172501669269774,0.01008729388942774,0.1537,796
21457,2 PICTURE BOOK EGGS EASTER DUCKS,48,663,13.81,663.75,13.83,45,0.033167246404061296,0.41709909672552764,0.009117361784675072,0.1531,802
21458,2 PICTURE BOOK EGGS EASTER BUNNY,57,718,12.6,732.5,12.85,51,0.03368430948575726,0.4172529645233005,0.010863239573229874,0.1539,794
21459,YELLOW EASTER EGG HUNT START POST,42,232,5.52,430.8,10.26,34,0.0291153520729529,0.4165777366747465,0.007953443258971873,0.1512,821
21460,GREEN EASTER EGG HUNT START POST,22,88,4.0,171.6,7.8,20,0.027761586913603458,0.4159976271011795,0.004073714839961203,0.1493,840
21461,BLUE EASTER EGG HUNT START POST,22,72,3.27,140.4,6.38,18,0.027611168562564632,0.41592779909695377,0.004073714839961203,0.1492,841
21462,"NURSERY A,B,C PAINTED LETTERS",163,391,2.4,2189.65,13.43,132,0.030610134436401242,0.4205141785091157,0.03142580019398642,0.1609,724
21463,MIRRORED DISCO BALL ,306,1247,4.08,6653.8,21.74,171,0.03865751621697847,0.4305052902098855,0.05916585838991271,0.1761,574
21464,DISCO BALL ROTATOR BATTERY OPERATED,224,513,2.29,2176.25,9.72,128,0.0317570743630723,0.4204841882765316,0.04325897187196896,0.1652,681
21465,PINK FLOWER CROCHET FOOD COVER,158,693,4.39,2448.86,15.5,117,0.0334492808122591,0.42109431046345336,0.030455868089233753,0.1617,716
21466,RED FLOWER CROCHET FOOD COVER,241,823,3.41,3057.89,12.69,147,0.03467142991444956,0.4224573665344008,0.04655674102812803,0.1679,654
21467,CHERRY CROCHET FOOD COVER,219,946,4.32,2886.52,13.18,145,0.035827770988060545,0.42207382726888304,0.0422890397672163,0.1667,666
21468,BUTTERFLY CROCHET FOOD COVER,123,617,5.02,2129.17,17.31,91,0.03273479364482467,0.4203788196086167,0.023666343355965083,0.1589,744
21469,POLKA DOT RAFFIA FOOD COVER,179,1041,5.82,3080.66,17.21,130,0.036720879947353575,0.4225083275490232,0.03452958292919495,0.1646,687
21470,FLOWER VINE RAFFIA FOOD COVER,273,1002,3.67,3653.43,13.38,160,0.03635423521669644,0.4237902309458288,0.052764306498545105,0.171,623
21471,STRAWBERRY RAFFIA FOOD COVER,232,1221,5.26,4309.95,18.58,165,0.038413086396540376,0.4252595732962851,0.04481086323957323,0.1695,638
21472,LADYBIRD + BEE RAFFIA FOOD COVER,237,999,4.22,3669.45,15.48,161,0.036326031775876656,0.42382608494030627,0.0457807953443259,0.1686,647
21473,SWEETHEART CREAM STEEL TABLE RECT,89,145,1.63,2892.75,32.5,65,0.02829745228917928,0.4220877704889576,0.017070805043646945,0.1558,775
21474,SWEETHEART CREAM STEEL FOLDIN BENCH,97,196,2.02,3910.2,40.31,69,0.02877691078311554,0.4243649019921437,0.01862269641125121,0.1573,760
21475,SWEETHEART CREAM STEEL FOLDIN CHAIR,2,0,0.0,0.0,0.0,1,0.026934285982889914,0.4156135730779383,0.00019398642095053346,0.1476,857
21476,STEEL SWEETHEART ROUND TABLE CREAM,76,125,1.64,1834.1,24.13,53,0.028109429350380747,0.4197184302109607,0.014548981571290009,0.1541,792
21477,STRING OF 20 ROSE LIGHTS,45,239,5.31,2705.25,60.12,38,0.029181160101532388,0.42166813104048606,0.008535402521823473,0.1531,802
21478,SILVER SKULL HOT WATER BOTTLE ,77,179,2.32,662.61,8.61,57,0.028617091285136786,0.4170965453176809,0.014742967992240542,0.1535,798
21479,WHITE SKULL HOT WATER BOTTLE ,762,4342,5.7,16240.14,21.31,411,0.06775406599605152,0.4519602578390104,0.14762366634335597,0.2224,258
21480,PINK STRIPE HOT WATER BOTTLE,40,239,5.98,661.85,16.55,36,0.029181160101532388,0.4170948443791165,0.007565470417070805,0.1513,820
21481,FAWN BLUE HOT WATER BOTTLE,855,6724,7.86,19713.6,23.06,441,0.09014759800695685,0.45973412897867993,0.16566440349175557,0.2385,192
21482,MUSHROOM BLUE HOT WATER BOTTLE,138,659,4.78,1872.05,13.57,105,0.03312964181630159,0.4198033652353313,0.026576139670223084,0.1598,735
21484,CHICK GREY HOT WATER BOTTLE,689,4034,5.85,13913.32,20.19,367,0.0648585127385541,0.44675265537771647,0.13346265761396703,0.215,293
21485,RED SPOT HEART HOT WATER BOTTLE,1254,7221,5.76,33938.43,27.06,658,0.0948199680361004,0.4915703946629561,0.24306498545101843,0.2765,105
21486,PINK HEART DOTS HOT WATER BOTTLE,171,840,4.91,2463.12,14.4,127,0.034831249412428315,0.42112622544230777,0.03297769156159069,0.163,703
21488,RED WHITE SCARF  HOT WATER BOTTLE,306,2157,7.05,7914.15,25.86,216,0.04721255993231174,0.4333260506305849,0.05916585838991271,0.1799,544
21489,BLUE WHITE SCARF HOT WATER BOTTLE,6,16,2.67,63.2,10.53,6,0.02708470433392874,0.41575501954803645,0.0009699321047526673,0.1479,854
21490,SET OF THREE 50'S GIFT WRAPS ,41,570,13.9,993.0,24.22,38,0.032292939738648115,0.4178359835970437,0.007759456838021339,0.1526,807
21491,SET OF THREE VINTAGE GIFT WRAPS,229,2776,12.12,5067.6,22.13,185,0.05303186988812635,0.426955252379669,0.04422890397672163,0.1747,586
21493, VINTAGE DESIGN GIFT TAGS,23,247,10.74,209.95,9.13,22,0.0292563692770518,0.41608345735637353,0.004267701260911736,0.1499,834
21494,ROTATING LEAVES T-LIGHT HOLDER,249,2809,11.28,3650.28,14.66,147,0.05334210773714393,0.4237831810030945,0.0481086323957323,0.1751,583
21495,SKULLS WRAP,376,12390,32.95,5087.8,13.53,201,0.14341449656858138,0.427000461536251,0.07274490785645005,0.2144,297
21496,WOODLAND CREATURES  WRAP,2,0,0.0,0.0,0.0,2,0.026934285982889914,0.4156135730779383,0.00019398642095053346,0.1476,857
21497,FANCY FONTS BIRTHDAY WRAP,483,17450,36.13,6957.0,14.4,330,0.19098430008461031,0.4311838751740273,0.09350145489815713,0.2386,191
21498,RED SPOTS  WRAP ,802,26572,33.13,10787.24,13.45,454,0.2767415624706214,0.43975624744663383,0.15538312318137731,0.2906,77
21499,BLUE SPOTS  WRAP,460,14800,32.17,5966.0,12.97,302,0.16607126069380465,0.4289659408090389,0.08903976721629486,0.228,234
21500,PINK SPOTS  WRAP ,489,15850,32.41,6401.0,13.09,301,0.17594246498072766,0.4299395043294929,0.09466537342386033,0.2335,211
21503,TOYBOX  WRAP ,65,1800,27.69,740.0,11.38,57,0.04385635047475792,0.4172697501012394,0.012415130940834141,0.1578,755
21504,SKULLS GREETING CARD,286,4826,16.87,1937.64,6.77,158,0.07230422111497603,0.41995016070959934,0.055286129970902036,0.1825,520
21506,"FANCY FONT BIRTHDAY CARD, ",550,10370,18.85,4161.72,7.57,310,0.12442417974992949,0.42492782313390143,0.10649854510184287,0.2186,276
21507,"ELEPHANT, BIRTHDAY CARD, ",473,7946,16.8,3222.72,6.81,267,0.10163579956754724,0.4228262687759558,0.0915615906886518,0.2053,348
21508,VINTAGE KID DOLLY CARD ,410,6460,15.76,2606.53,6.36,215,0.08766569521481621,0.4214471880732694,0.07934044616876819,0.1962,407
21509,COWBOYS AND INDIANS BIRTHDAY CARD ,501,8431,16.83,3385.99,6.76,265,0.10619535583341168,0.42319167961729953,0.09699321047526673,0.2088,322
21511,VINTAGE COLLAGE  GREETING  CARD ,2,40,20.0,16.8,8.4,1,0.02731033186048698,0.41565117277252134,0.00019398642095053346,0.1477,856
21518,BANK ACCOUNT  GREETING  CARD ,70,1016,14.51,416.64,5.95,58,0.03648585127385541,0.41654604550359803,0.01338506304558681,0.1555,778
21519,GIN & TONIC DIET GREETING CARD ,440,6981,15.87,2853.54,6.49,181,0.092563692770518,0.4220000154874933,0.08516003879728419,0.1999,383
21520,BOOZE & WOMEN GREETING CARD ,69,888,12.87,367.2,5.32,61,0.035282504465544796,0.41643539497382503,0.013191076624636276,0.155,783
21523,FANCY FONT HOME SWEET HOME DOORMAT,897,6558,7.31,40882.3,45.58,357,0.08858700761492902,0.5071113108072668,0.17381183317167798,0.2565,140
21524,SPOTTY  HOME SWEET HOME DOORMAT,1006,5047,5.02,33066.3,32.87,475,0.07438187458869983,0.4896185005179134,0.19495635305528614,0.253,151
21525,BEWARE OF THE CAT DOORMAT,3,0,0.0,0.0,0.0,1,0.026934285982889914,0.4156135730779383,0.0003879728419010669,0.1476,857
21527,RETRO SPOT TRADITIONAL TEAPOT ,850,3056,3.6,21725.24,25.56,356,0.05566419103130582,0.4642363343126711,0.1646944713870029,0.2282,233
21528,DAIRY MAID TRADITIONAL TEAPOT ,238,799,3.36,4724.25,19.85,146,0.03444580238789132,0.4261868086216279,0.04597478176527643,0.1689,644
21529,RETRO SPOT CERAMIC TOASTRACK,120,454,3.78,1521.3,12.68,94,0.03120240669361662,0.41901835970705714,0.02308438409311348,0.1578,755
21530,DAIRY MAID CERAMIC TOASTRACK,143,852,5.96,1097.88,7.68,100,0.03494406317570744,0.4180707131189408,0.027546071774975752,0.1602,731
21531,RETRO SPOT SUGAR JAM BOWL,640,3842,6.0,9121.2,14.25,325,0.06305349252608819,0.4360275215440655,0.12395732298739089,0.2077,330
21532,DAIRY MAID SUGAR JAM BOWL,86,1356,15.77,1324.8,15.4,60,0.039682241233430476,0.41857857756505895,0.016488845780795344,0.1582,751
21533,RETRO SPOT LARGE MILK JUG,885,3115,3.52,14779.45,16.7,430,0.056218858700761494,0.4486911210604081,0.17148399612027157,0.2255,246
21534,DAIRY MAID LARGE MILK JUG,319,822,2.58,3928.2,12.31,201,0.03466202876750964,0.424405187379197,0.06168768186226964,0.1736,597
21535,RETRO SPOT SMALL MILK JUG,1026,6492,6.33,15654.15,15.26,462,0.08796653191689387,0.45064876706349116,0.1988360814742968,0.2458,164
21536,DAIRY MAID  SMALL  MILK JUG,64,208,3.25,436.8,6.82,43,0.02888972454639466,0.41659116513709765,0.012221144519883608,0.1526,807
21537,RETRO SPOTS PUDDING BOWL,246,903,3.67,3777.75,15.36,175,0.035423521669643694,0.4240684686857434,0.0475266731328807,0.169,643
21538,DAIRY MAID  PUDDING BOWL,46,1294,28.13,1852.5,40.27,40,0.03909937012315502,0.41975961082883734,0.008729388942774006,0.1559,774
21539,RETRO SPOTS BUTTER DISH,642,2505,3.9,11756.74,18.31,290,0.05048415906740622,0.4419260631548641,0.12434529582929195,0.2056,345
21540,DAIRY MAID CERAMIC BUTTER DISH,83,1278,15.4,2114.0,25.47,53,0.0389489517721162,0.42034486797963905,0.015906886517943745,0.1584,749
21541,DINOSAURS WATER TRANSFER TATTOOS ,151,1778,11.77,1466.5,9.71,119,0.04364952524207953,0.41889571308425055,0.029097963142580018,0.1639,694
21542,WOODLAND WATER TRANSFER TATTOOS ,150,1720,11.47,1419.6,9.46,112,0.04310425871956379,0.4187907472702062,0.028903976721629487,0.1636,697
21543,BUTTERFLY WATER TRANSFER TATTOOS ,13,267,20.54,186.95,14.38,13,0.029444392215850334,0.4160319815840277,0.0023278370514064014,0.1493,840
21544,SKULLS  WATER TRANSFER TATTOOS ,373,5746,15.4,4596.1,12.32,229,0.08095327629970857,0.42589999904657916,0.07216294859359845,0.193,434
21545,CERAMIC BIRDHOUSE BUTTERFLY SMALL,67,676,10.09,1521.15,22.7,52,0.033289461314280344,0.4190180239954984,0.012803103782735208,0.155,783
21547,CERAMIC BIRDHOUSE CRESTED TIT SMALL,93,682,7.33,1656.55,17.81,69,0.0333458681959199,0.41932105962922134,0.017846750727449078,0.1568,765
21548,CERAMIC BIRDHOUSE FINCH BLUE ROOF,82,626,7.63,1491.35,18.19,55,0.03281940396728401,0.4189513292991547,0.01571290009699321,0.1558,775
21549,CERAMIC BIRDHOUSE RED ROOF SMALL,48,532,11.08,1202.2,25.05,36,0.0319356961549309,0.4183041893176851,0.009117361784675072,0.1531,802
21550,CERAMIC BIRDHOUSE CRESTED TIT LARGE,60,284,4.73,1431.8,23.86,42,0.029604211713829088,0.41881805181032006,0.011445198836081475,0.1533,800
21551,CERAMIC BIRDHOUSE BUTTERFLY LARGE,19,165,8.68,772.95,40.68,16,0.028485475227977813,0.4173434947403175,0.0034917555771096023,0.1498,835
21552,CERAMIC BIRDHOUSE BLACK ROSE  LARGE,35,159,4.54,787.8,22.51,25,0.028429068346338255,0.4173767301846364,0.006595538312318138,0.1508,825
21553,CERAMIC BIRDHOUSE FINCH BLUE  LARGE,28,74,2.64,387.65,13.84,25,0.027629970856444485,0.41648116364967164,0.0052376333656644035,0.1498,835
21554,CERAMIC BIRDHOUSE RED ROOF LARGE,21,160,7.62,712.0,33.9,18,0.02843846949327818,0.417207083943601,0.0038797284190106693,0.1498,835
21555,CERAMIC STRAWBERRY TRINKET TRAY,52,315,6.06,781.65,15.03,38,0.029895647268966815,0.41736296601072653,0.009893307468477207,0.1524,809
21556,CERAMIC STRAWBERRY MONEY BOX,180,1367,7.59,3273.45,18.19,132,0.03978565384976967,0.4229398064251343,0.03472356935014549,0.1658,675
21557,SET OF 6 FUNKY BEAKERS,136,608,4.47,1755.44,12.91,71,0.03265018332236533,0.4195423830695379,0.026188166828322017,0.1595,738
21558,SKULL LUNCHBOX WITH CUTLERY ,547,3771,6.89,9003.15,16.46,267,0.062386011093353386,0.43576331654730777,0.10591658583899127,0.2014,374
21559,STRAWBERRY LUNCHBOX WITH CUTLERY,985,7798,7.92,18413.39,18.69,397,0.10024442982043809,0.4568241588064282,0.19088263821532492,0.2493,157
21561,DINOSAUR LUNCHBOX WITH CUTLERY,447,2861,6.4,6814.08,15.24,260,0.053830967378020116,0.4308640092008243,0.08651794374393793,0.1904,453
21562,HAWAIIAN GRASS SKIRT ,64,664,10.38,926.71,14.48,47,0.03317664755100122,0.4176876214688347,0.012221144519883608,0.1544,789
21563,RED HEART SHAPE LOVE BUCKET ,314,2682,8.54,6356.82,20.24,180,0.05214816207577325,0.42984062608504775,0.060717749757516974,0.1809,534
21564,PINK  HEART SHAPE LOVE BUCKET ,261,1888,7.23,4211.72,16.14,134,0.04468365140547147,0.4250397269868272,0.0504364694471387,0.1734,599
21576,LETS GO SHOPPING COTTON TOTE BAG,148,592,4.0,1313.42,8.87,120,0.0324997649713265,0.41855310824813313,0.02851600387972842,0.1599,734
21577,SAVE THE PLANET COTTON TOTE BAG,337,2194,6.51,4612.5,13.69,242,0.04756040236908903,0.4259367035103388,0.06517943743937925,0.1796,545
21578,WOODLAND DESIGN  COTTON TOTE BAG,283,1898,6.71,4252.5,15.03,186,0.044777662874870734,0.4251309957692734,0.054704170708050434,0.1749,585
21579,LOLITA  DESIGN  COTTON TOTE BAG,97,942,9.71,1301.9,13.42,82,0.03579016640030084,0.418527325600419,0.01862269641125121,0.1576,757
21580,RABBIT  DESIGN  COTTON TOTE BAG,90,355,3.94,780.75,8.68,77,0.03027169314656388,0.4173609517413739,0.017264791464597477,0.155,783
21581,SKULLS  DESIGN  COTTON TOTE BAG,131,1007,7.69,1439.15,10.99,105,0.03640124095139607,0.41883450167670017,0.02521823472356935,0.1602,731
21582,KINGS CHOICE SMALL TUBE MATCHES,17,117,6.88,193.05,11.36,15,0.028034220174861332,0.4160456338540846,0.0031037827352085354,0.1491,842
21584,RETRO SPOT SMALL TUBE MATCHES,367,3735,10.18,6013.95,16.39,253,0.06204756980351603,0.4290732566039947,0.07099903006789525,0.1874,474
21585,SWALLOW SMALL TUBE MATCHES,1,1,1.0,1.65,1.65,1,0.02694368712982984,0.41561726590508485,0.0,0.1475,858
21586,KINGS CHOICE GIANT TUBE MATCHES,246,2530,10.28,5883.6,23.92,172,0.05071918774090439,0.42878152325941726,0.0475266731328807,0.1757,578
21587,COSY HOUR GIANT TUBE MATCHES,267,2047,7.67,5111.85,19.15,207,0.04617843376891981,0.4270542872895083,0.0516003879728419,0.1749,585
21588,RETRO SPOT GIANT  TUBE MATCHES,292,3326,11.39,7684.8,26.32,191,0.05820250070508602,0.43281274765721445,0.05645004849660524,0.1825,520
21589,SWALLOW GIANT TUBE MATCHES,88,1103,12.53,2542.65,28.89,73,0.03730375105762903,0.4213042197107715,0.01687681862269641,0.1585,748
21590,KINGS CHOICE CIGAR BOX MATCHES ,291,3412,11.73,4096.28,14.08,203,0.059010999341919716,0.4247813633711922,0.05625606207565471,0.18,543
21591,COSY HOUR CIGAR BOX MATCHES ,371,3271,8.82,4056.83,10.93,264,0.057685437623390054,0.42469307123123373,0.07177497575169738,0.1847,499
21592,RETRO SPOT  CIGAR BOX MATCHES ,478,5837,12.21,6503.71,13.61,312,0.08180878067124189,0.430169377224173,0.09253152279340446,0.2015,373
21593,SWALLOW CIGAR BOX MATCHES ,96,1366,14.23,1598.06,16.65,69,0.039776252702829744,0.4191901545020688,0.01842870999030068,0.1591,742
21609,SET 12 LAVENDER  BOTANICAL T-LIGHTS,208,1487,7.15,4127.45,19.84,142,0.04091379148256087,0.4248511242331061,0.04015518913676043,0.1686,647
21610,SET 12 PEAR BOTANICAL T-LIGHTS,88,529,6.01,1493.35,16.97,72,0.03190749271411112,0.4189558054532717,0.01687681862269641,0.1559,774
21611,SET OF 12 LILY BOTANICAL T-LIGHTS,139,729,5.24,2092.95,15.06,93,0.033787722102096455,0.42029775645755735,0.02677012609117362,0.1603,730
21612,SET 12 WILDFLOWER BOTANICAL T-LIGHT,99,670,6.77,1894.9,19.14,76,0.03323305443264078,0.4198545052961184,0.019010669253152278,0.1574,759
21613,S/12 VANILLA  BOTANICAL T-LIGHTS,138,620,4.49,1802.6,13.06,111,0.03276299708564445,0.41964793078361745,0.026576139670223084,0.1597,736
21614,SET OF 12 ROSE BOTANICAL T-LIGHTS,184,1476,8.02,4116.6,22.37,123,0.04081037886622168,0.42482684109702123,0.035499515033947625,0.167,663
21615,4 LAVENDER BOTANICAL DINNER CANDLES,137,1116,8.15,2154.5,15.73,115,0.03742596596784808,0.4204355101005089,0.026382153249272552,0.1614,719
21616,4 PEAR BOTANICAL DINNER CANDLES,160,1081,6.76,2241.25,14.01,126,0.037096925824950645,0.4206296632853351,0.03084384093113482,0.1629,704
21617,4 LILY  BOTANICAL DINNER CANDLES,145,778,5.37,1970.0,13.59,102,0.03424837830215286,0.42002258488321287,0.02793404461687682,0.1607,726
21618,4 WILDFLOWER BOTANICAL CANDLES,105,594,5.66,1519.0,14.47,86,0.032518567265206355,0.4190132121298226,0.02017458777885548,0.1572,761
21619,4 VANILLA BOTANICAL CANDLES,169,1052,6.22,1832.5,10.84,138,0.03682429256369277,0.41971484928766706,0.032589718719689624,0.163,703
21620,S/4 ROSE    BOTANICAL  CANDLE,185,993,5.37,1928.25,10.42,139,0.036269624894237094,0.41992914516601987,0.035693501454898156,0.164,693
21621,VINTAGE UNION JACK BUNTING,1145,6433,5.62,53888.62,47.06,583,0.08741186424743819,0.5362204572149718,0.22192046556741027,0.2819,93
21622,VINTAGE UNION JACK CUSHION COVER,573,3474,6.06,18282.62,31.91,330,0.05959387045219517,0.45653148546948613,0.11096023278370513,0.209,321
21623,VINTAGE UNION JACK MEMOBOARD,512,6069,11.85,44286.63,86.5,313,0.08398984676130487,0.5147304636798812,0.0991270611057226,0.2326,213
21624,VINTAGE UNION JACK DOORSTOP,355,1685,4.75,9859.23,27.77,281,0.04277521857666635,0.43767928955556135,0.06867119301648884,0.183,515
21625,VINTAGE UNION JACK APRON,247,838,3.39,5630.64,22.8,186,0.034812447118548466,0.42821537928669534,0.04772065955383123,0.1702,631
21626,VINTAGE UNION JACK PENNANT,173,1355,7.83,2642.25,15.27,137,0.03967284008649055,0.4215271321857996,0.03336566440349176,0.1649,684
21627,ELEPHANT CARNIVAL POUFFE,56,124,2.21,1759.2,31.41,32,0.02810002820344082,0.41955079823927793,0.01066925315227934,0.1528,805
21628,TRIANGULAR POUFFE VINTAGE ,43,102,2.37,1434.7,33.37,25,0.027893202970762435,0.41882454223378984,0.008147429679922406,0.1516,817
21629,SQUARE FLOOR CUSHION VINTAGE PINK ,50,100,2.0,785.0,15.7,27,0.02787440067688258,0.4173704635688726,0.009505334626576139,0.1516,817
21630,FLOOR CUSHION ELEPHANT CARNIVAL,51,100,1.96,873.0,17.12,22,0.02787440067688258,0.4175674143500219,0.009699321047526674,0.1517,816
21631,HIPPY CHIC DECORATIVE PARASOL,42,206,4.9,1412.1,33.62,38,0.028870922252514808,0.4187739616922674,0.007953443258971873,0.1519,814
21632,VINTAGE PINK DECORATIVE PARASOL,33,101,3.06,759.75,23.02,30,0.027883801823822506,0.4173139521231451,0.006207565470417071,0.1505,828
21633,SUNFLOWER DECORATIVE PARASOL,36,125,3.47,1012.95,28.14,32,0.028109429350380747,0.4178806332343611,0.006789524733268671,0.1509,824
21634,ASSORTED MINI MADRAS NOTEBOOK,54,1597,29.57,1273.85,23.59,43,0.041947917645952806,0.41846454753892764,0.010281280310378274,0.1569,764
21635,MADRAS NOTEBOOK LARGE ,41,383,9.34,791.25,19.3,35,0.030534925260881828,0.4173844515504883,0.007759456838021339,0.1519,814
21636,MADRAS NOTEBOOK MEDIUM,92,991,10.77,903.45,9.82,74,0.036250822600357245,0.4176355637964537,0.017652764306498547,0.1572,761
21637,ASSORTED SANSKRIT MINI NOTEBOOK,46,1256,27.3,1515.28,32.94,40,0.03874212653943781,0.4190048864831649,0.008729388942774006,0.1555,778
21638,ASSORTED TUTTI FRUTTI NOTEBOOK,122,974,7.98,2045.4,16.77,84,0.03609100310237849,0.4201913358934249,0.023472356935014548,0.1599,734
21639,ASSORTED TUTTI FRUTTI KEYRING,15,241,16.07,204.85,13.66,14,0.02919996239541224,0.4160720431633751,0.0027158098933074684,0.1493,840
21640,ASSORTED TUTTI FRUTTI  FOB NOTEBOOK,144,2002,13.9,1689.22,11.73,99,0.04575538215662311,0.41939417760672304,0.027740058195926284,0.1643,690
21641,ASSORTED TUTTI FRUTTI KEYRING BALL,48,1541,32.1,741.13,15.44,43,0.041421453417316914,0.41727227912831555,0.009117361784675072,0.1559,774
21642,ASSORTED TUTTI FRUTTI PEN,209,3951,18.9,2098.51,10.04,151,0.06407821754254019,0.4203102001660027,0.04034917555771096,0.1749,585
21643,ASSORTED TUTTI FRUTTI MIRROR,106,1306,12.32,1609.7,15.19,76,0.039212183886434146,0.41921620571902996,0.020368574199806012,0.1596,737
21644,ASSORTED TUTTI FRUTTI HEART BOX,125,978,7.82,1222.5,9.78,72,0.0361286076901382,0.4183496222819729,0.02405431619786615,0.1595,738
21645,ASSORTED TUTTI FRUTTI ROUND BOX,119,909,7.64,1499.85,12.6,86,0.035479928551283256,0.4189703529541521,0.02289039767216295,0.1591,742
21647,ASSORTED TUTTI FRUTTI LARGE PURSE,116,784,6.76,1646.4,14.19,92,0.03430478518379242,0.4192983431470774,0.02230843840931135,0.1586,747
21648,ASSORTED TUTTI FRUTTI SMALL PURSE,130,2356,18.12,2867.48,22.06,97,0.04908338817335715,0.42203121428168894,0.025024248302618818,0.1654,679
21649,ASSORTED TUTTI FRUTTI PHOTO FRAME,25,409,16.36,1108.95,44.36,20,0.03077935508131992,0.41809548863197854,0.004655674102812803,0.1512,821
21650,ASSORTED TUTTI FRUTTI BRACELET,113,2763,24.45,819.83,7.26,84,0.052909654977907304,0.41744841579282066,0.021726479146459747,0.164,693
21651,HANGING GLASS ETCHED TEALIGHT,108,1301,12.05,2060.25,19.08,81,0.03916517815173451,0.4202245713377439,0.02075654704170708,0.16,733
21652,GLASS ETCHED T-LIGHT HOLDER MEDIUM,76,846,11.13,1584.9,20.85,64,0.03488765629406788,0.41916070140797873,0.014548981571290009,0.1562,771
21653,GLASS ETCHED T-LIGHT HOLDER LARGE,106,1196,11.28,2382.6,22.48,76,0.03817805772304221,0.42094601547755617,0.020368574199806012,0.1598,735
21654,RIDGED GLASS FINGER BOWL,63,1129,17.92,696.21,11.05,53,0.037548180878067126,0.41717174470684704,0.012027158098933075,0.1556,777
21655,HANGING RIDGE GLASS T-LIGHT HOLDER,76,1174,15.45,1822.78,23.98,56,0.037971232490363827,0.41969309517865827,0.014548981571290009,0.1574,759
21656,RIDGED GLASS POSY VASE ,84,819,9.75,1129.95,13.45,66,0.034633825326689856,0.4181424882502074,0.016100872938894277,0.1563,770
21657,MILK BOTTLE WITH GLASS STOPPER ,95,221,2.33,1499.95,15.79,76,0.029011939456613706,0.4189705767618579,0.018234723569350145,0.1554,779
21658,GLASS  BEURRE DISH,404,1918,4.75,7247.3,17.94,166,0.04496568581366927,0.43183358894411417,0.07817652764306499,0.185,497
21659,GLASS CAKE STAND,60,106,1.77,1531.9,25.53,46,0.02793080755852214,0.41904208332387743,0.011445198836081475,0.1528,805
21661,VINTAGE GLASS TEA CADDY,83,213,2.57,1243.85,14.99,55,0.028936730281094294,0.4183974052271722,0.015906886517943745,0.1544,789
21662,VINTAGE GLASS COFFEE CADDY,83,234,2.82,1356.3,16.34,59,0.029134154366832754,0.41864907699240217,0.015906886517943745,0.1546,787
21663,VINTAGE GLASS SUGAR CADDY,32,62,1.94,362.9,11.34,22,0.027517157093165365,0.4164257712424734,0.0060135790494665374,0.15,833
21664,RIDGED GLASS STORAGE JAR CREAM LID,58,220,3.79,799.08,13.78,44,0.02900253830967378,0.41740197569385645,0.011057225994180407,0.1525,808
21665,TRIANGULAR RIDGED GLASS POSY HOLDER,43,766,17.81,475.1,11.05,35,0.034135564538873744,0.4166768834884388,0.008147429679922406,0.153,803
21666, RIDGED GLASS T-LIGHT HOLDER,71,1675,23.59,1009.55,14.22,49,0.04268120710726709,0.41787302377236213,0.013579049466537343,0.158,753
21667,GLASS CAKE COVER AND PLATE,153,304,1.99,4878.8,31.89,119,0.02979223465262762,0.42653270343102134,0.029485935984481085,0.1619,714
21668,RED STRIPE CERAMIC DRAWER KNOB,633,9304,14.7,11340.33,17.92,256,0.11440255711196766,0.44099410548692786,0.12259941804073715,0.226,244
21669,BLUE STRIPE CERAMIC DRAWER KNOB,665,9791,14.72,11967.89,18.0,262,0.11898091567171194,0.4423986331257696,0.12880698351115422,0.2301,226
21670,BLUE SPOT CERAMIC DRAWER KNOB,593,7989,13.47,9794.93,16.52,260,0.10204004888596409,0.4375353812006988,0.1148399612027158,0.2181,280
21671,RED SPOT CERAMIC DRAWER KNOB,591,8761,14.82,10525.16,17.81,267,0.10929773432358748,0.4391696922111382,0.11445198836081474,0.221,267
21672,WHITE SPOT RED CERAMIC DRAWER KNOB,643,10228,15.91,12272.92,19.09,278,0.12308921688445991,0.44308131377092846,0.12453928225024248,0.2302,225
21673,WHITE SPOT BLUE CERAMIC DRAWER KNOB,575,9068,15.77,10878.48,18.92,263,0.11218388643414497,0.4399604495974528,0.11134820562560621,0.2212,266
21674,RIDGED GLASS PENDANT LAMPSHADE,9,43,4.78,680.85,75.65,8,0.027338535301306758,0.41713736784322825,0.0015518913676042677,0.1487,846
21675,BUTTERFLIES STICKERS,162,1559,9.62,1326.71,8.19,124,0.04159067406223559,0.41858285229224074,0.031231813773035886,0.1638,695
21676,FLOWERS  STICKERS,98,1102,11.24,787.36,8.03,75,0.037294349910689105,0.41737574543073064,0.018816682832201746,0.1578,755
21677,HEARTS  STICKERS,200,1937,9.68,1647.23,8.24,144,0.04514430760552787,0.419300200751036,0.03860329776915616,0.1677,656
21678,PAISLEY PATTERN  STICKERS,46,515,11.2,358.79,7.8,39,0.03177587665695215,0.41641657274576294,0.008729388942774006,0.1523,810
21679,SKULLS  STICKERS,274,3791,13.84,3103.79,11.33,182,0.06257403403215192,0.42256009427138663,0.052958292919495636,0.1794,547
21680,WOODLAND  STICKERS,151,2622,17.36,2153.82,14.26,111,0.05158409325937764,0.4204339882081091,0.029097963142580018,0.167,663
21681,GIANT MEDINA STAMPED METAL BOWL ,77,225,2.92,2134.35,27.72,62,0.029049544044373415,0.42039041284777984,0.014742967992240542,0.1547,786
21682,LARGE MEDINA STAMPED METAL BOWL ,143,544,3.8,2647.41,18.51,116,0.032048509918210025,0.42153868066342154,0.027546071774975752,0.1604,729
21683,MEDIUM MEDINA STAMPED METAL BOWL ,134,909,6.78,2604.75,19.44,96,0.035479928551283256,0.42144320429610527,0.02580019398642095,0.1609,724
21684,SMALL MEDINA STAMPED METAL BOWL ,91,1643,18.05,1246.96,13.7,65,0.04238037040518943,0.41840436564682415,0.01745877788554801,0.1594,739
21685,MEDINA STAMPED METAL TRAY ,3,2,0.67,29.9,9.97,3,0.026953088276769767,0.4156804915819879,0.0003879728419010669,0.1477,856
21686,MEDINA STAMPED METAL STOOL,31,54,1.74,2047.3,66.04,10,0.027441947917645954,0.42019558823983605,0.005819592628516004,0.1512,821
21687,SILVER PLATE CANDLE BOWL LARGE,84,445,5.3,1615.83,19.24,55,0.03111779637115728,0.41922992513139856,0.016100872938894277,0.1555,778
21688,SILVER PLATE CANDLE BOWL SMALL,109,844,7.74,2489.8,22.84,97,0.03486885400018802,0.42118593733822896,0.020950533462657614,0.159,743
21689,SILVER VANILLA  FLOWER CANDLE POT,57,337,5.91,1226.31,21.51,49,0.0301024725016452,0.41835814935556587,0.010863239573229874,0.1531,802
21690,SILVER  CANDLEPOT JARDIN ,81,248,3.06,929.2,11.47,65,0.029265770423991727,0.4176931942807105,0.015518913676042677,0.1542,791
21691,SILVER VANILLA FLOWER CANDLE POT,73,240,3.29,898.56,12.31,56,0.029190561248472312,0.41762461959963754,0.01396702230843841,0.1536,797
21692,SILVER LATTICE VANILLA CANDLE POT,114,489,4.29,1815.03,15.92,81,0.03153144683651406,0.4196757500814548,0.021920465567410282,0.1577,756
21693,SMALL HAMMERED SILVER CANDLEPOT ,99,810,8.18,2387.1,24.11,84,0.03454921500423051,0.4209560868243195,0.019010669253152278,0.1582,751
21694,SMALL REGAL  SILVER CANDLEPOT ,61,540,8.85,1516.2,24.86,51,0.03201090533045031,0.4190069455140588,0.011639185257032008,0.1542,791
21695,SMALL SILVER FLOWER CANDLE POT,76,571,7.51,1674.85,22.04,65,0.03230234088558804,0.4193620164393922,0.014548981571290009,0.1554,779
21696,SMALL SILVER TRELLIS CANDLEPOT,98,704,7.18,2076.8,21.19,80,0.03355269342859829,0.42026161151306224,0.018816682832201746,0.1575,758
21697,SET 5 MINI DOUGHNUT FRIDGE MAGNET ,7,372,53.14,295.08,42.15,6,0.030431512644542635,0.41627398485636485,0.0011639185257032007,0.1493,840
21698,MOCK LOBSTER FRIDGE MAGNET,48,450,9.38,268.34,5.59,38,0.031164802105856915,0.4162141386758202,0.009117361784675072,0.1522,811
21699,SET 5 MINI CHOCOLATE FRIDGE MAGNETS,3,108,36.0,82.44,27.48,2,0.027949609852401993,0.4157980801506423,0.0003879728419010669,0.148,853
21700,BIG DOUGHNUT FRIDGE MAGNETS,334,5606,16.78,4683.98,14.02,188,0.07963711572811884,0.4260966812584815,0.06459747817652764,0.1901,455
21701,SET 6 MINI SUSHI SET FRIDGE MAGNETS,1,-12,-12.0,-20.28,-20.28,1,0.026821472219610794,0.4155681848751916,0.0,0.1475,858
21702,SET 5 MINI GATEAUX  FRIDGE MAGNETS,8,2636,329.5,918.68,114.84,5,0.051715709316536615,0.4176696497100549,0.0013579049466537342,0.1569,764
21703,BAG 125g SWIRLY MARBLES,474,14119,29.79,5344.69,11.28,293,0.1596690796277146,0.4275754011518129,0.09175557710960233,0.2263,242
21704,BAG 250g SWIRLY MARBLES,477,16122,33.8,12238.47,25.66,287,0.1784995769483877,0.44300421201626256,0.09233753637245393,0.2379,196
21705,BAG 500g SWIRLY MARBLES,191,2375,12.43,2841.71,14.88,142,0.04926200996521576,0.42197353903589097,0.03685741998060136,0.1694,639
21706,"FOLDING UMBRELLA , RED/WHITE SPOT",189,1180,6.24,4186.03,22.15,134,0.03802763937200338,0.4249822307871939,0.03646944713870029,0.1665,668
21707,"FOLDING UMBRELLA , BLACK/BLUE  SPOT",132,952,7.21,3933.62,29.8,107,0.03588417786970011,0.42441731775685415,0.025412221144519884,0.1619,714
21708,FOLDING UMBRELLA  CREAM/MULTI  SPOT,92,546,5.93,2049.1,22.27,72,0.032067312212089874,0.42019961677854145,0.017652764306498547,0.1566,767
21709,FOLDING UMBRELLA  CHOC/WHITE  SPOT,79,640,8.1,2597.41,32.88,69,0.03295102002444298,0.4214267768104958,0.01513094083414161,0.1565,768
21710,FOLDING UMBRELLA  PINK/WHITE  SPOT,91,687,7.55,2029.26,22.3,80,0.033392873930619536,0.4201552133297005,0.01745877788554801,0.157,763
21711,FOLDING UMBRELLA  WHITE/RED  SPOT,54,359,6.65,1411.45,26.14,51,0.030309297734323587,0.4187725069421793,0.010281280310378274,0.1531,802
21713,CITRONELLA CANDLE FLOWERPOT,350,2437,6.96,4239.25,12.11,232,0.04984488107549121,0.42510134124824805,0.06770126091173617,0.1809,534
21714,CITRONELLA CANDLE GARDEN POT,335,3287,9.81,3637.27,10.86,230,0.05783585597442888,0.42375406362056317,0.06479146459747817,0.1821,523
21715,GIRLS VINTAGE TIN SEASIDE BUCKET,323,3196,9.89,7497.12,23.21,255,0.05698035160289555,0.4323927053548724,0.06246362754607177,0.1839,507
21716,BOYS VINTAGE TIN SEASIDE BUCKET,311,3326,10.69,7719.08,24.82,241,0.05820250070508602,0.4328894689387804,0.06013579049466537,0.1837,509
21717,EASTER TIN BUCKET,144,1404,9.75,3353.4,23.29,122,0.04013349628654696,0.42311874068596256,0.027740058195926284,0.1637,696
21718,RED METAL BEACH SPADE ,316,3639,11.52,4347.57,13.76,223,0.061145059697283066,0.4253437697552264,0.061105722599418044,0.1825,520
21719,LOVELY BONBON STICKER SHEET,94,824,8.77,698.84,7.43,69,0.03468083106138949,0.4171776308495109,0.018040737148399613,0.1566,767
21720,CAKE SHOP  STICKER SHEET,88,1011,11.49,844.79,9.6,73,0.03643884553915578,0.41750427819620123,0.01687681862269641,0.1569,764
21721,CANDY SHOP  STICKER SHEET,92,1003,10.9,849.43,9.23,73,0.03636363636363636,0.4175146628737527,0.017652764306498547,0.1572,761
21722,SWEET PUDDING STICKER SHEET,42,279,6.64,237.15,5.65,34,0.029557205979129454,0.41614433305236515,0.007953443258971873,0.1512,821
21723,ALPHABET HEARTS STICKER SHEET,94,807,8.59,685.95,7.3,66,0.03452101156341074,0.4171487820362267,0.018040737148399613,0.1566,767
21724,PANDA AND BUNNIES STICKER SHEET,128,914,7.14,776.9,6.07,81,0.03552693428598289,0.4173523351446986,0.02463627546071775,0.1592,741
21725,SWEETIES  STICKERS,111,1045,9.41,888.25,8.0,81,0.03675848453511328,0.4176015450251643,0.02133850630455868,0.1586,747
21726,MULTI HEARTS  STICKERS,131,1036,7.91,867.6,6.62,93,0.036673874212653945,0.41755532873390594,0.02521823472356935,0.1598,735
21728,METAL MEDINA LANTERN ,38,292,7.68,2645.1,69.61,34,0.0296794208893485,0.4215335107054164,0.007177497575169738,0.1528,805
21729,SMALL MARAKESH METAL  LANTERN ,24,114,4.75,354.5,14.77,19,0.02800601673404155,0.41640697139518185,0.0044616876818622695,0.1496,837
21730,GLASS STAR FROSTED T-LIGHT HOLDER,283,1012,3.58,4779.54,16.89,159,0.036448246686095705,0.4263105519021932,0.054704170708050434,0.1725,608
21731,RED TOADSTOOL LED NIGHT LIGHT,1083,26124,24.12,40386.16,37.29,416,0.2725298486415343,0.5060009112554551,0.2098933074684772,0.3295,49
21732,RED HANGING METAL STAR TLIGHT HLDR,60,920,15.33,3188.64,53.14,51,0.03558334116762245,0.42274999510980166,0.011445198836081475,0.1566,767
21733,RED HANGING HEART T-LIGHT HOLDER,1694,16811,9.92,47766.05,28.2,744,0.18497696718999718,0.5225176737588195,0.32841901066925316,0.3453,35
21734,SMALL MARAKESH LANTERN ON STICK,18,49,2.72,183.75,10.21,16,0.02739494218294632,0.41602481973744043,0.003297769156159069,0.1489,844
21735,TWO DOOR CURIO CABINET,240,541,2.25,6424.5,26.77,139,0.032020306477390244,0.429992099140368,0.046362754607177495,0.1695,638
21736,GOLD SCROLL GLASS T-LIGHT HOLDER,24,175,7.29,341.85,14.24,22,0.02857948669737708,0.4163786597203917,0.0044616876818622695,0.1498,835
21737,SET 3 WICKER LOG BASKETS,163,397,2.44,7320.15,44.91,118,0.0306665413180408,0.43199663285782697,0.03142580019398642,0.1647,686
21738,COSY SLIPPER SHOES SMALL  RED ,109,381,3.5,1104.75,10.14,89,0.030516122967001975,0.41808608870833275,0.020950533462657614,0.1565,768
21739,COSY SLIPPER SHOES SMALL GREEN,102,363,3.56,1061.64,10.41,83,0.030346902322083293,0.4179896052063402,0.01959262851600388,0.156,773
21740,COSY SLIPPER SHOES LARGE RED,49,164,3.35,483.8,9.87,44,0.028476074081037885,0.4166963547588478,0.009311348205625606,0.1515,818
21741,COSY SLIPPER SHOES LARGE GREEN,135,617,4.57,1801.35,13.34,108,0.03273479364482467,0.41964513318729435,0.025994180407371482,0.1595,738
21742,LARGE ROUND WICKER PLATTER ,191,429,2.25,2552.55,13.36,156,0.030967378020118456,0.42132637667365075,0.03685741998060136,0.1631,702
21743,STAR PORTABLE TABLE LIGHT ,147,1170,7.96,3259.5,22.17,119,0.03793362790260412,0.422908585250168,0.028322017458777885,0.1631,702
21744,SNOWFLAKE PORTABLE TABLE LIGHT ,159,702,4.42,2116.34,13.31,131,0.033533891134718434,0.42035010507995596,0.030649854510184288,0.1615,718
21745,GAOLERS KEYS DECORATIVE GARDEN ,469,2651,5.65,8909.29,19.0,236,0.05185672652063552,0.43555325063459555,0.09078564500484966,0.1927,436
21746,SMALL RED SPOT  WINDMILL,397,5604,14.12,6663.28,16.78,234,0.07961831343423897,0.43052650718040025,0.07681862269641125,0.1957,411
21747,SMALL SKULL WINDMILL,132,1857,14.07,2152.05,16.3,83,0.04439221585033374,0.4204300268117155,0.025412221144519884,0.1634,699
21749,LARGE RED SPOT WINDMILL,222,4722,21.27,8974.7,40.43,153,0.07132650183322366,0.43569964325499305,0.04287099903006789,0.1833,512
21750, LARGE SKULL WINDMILL,52,291,5.6,599.1,11.52,43,0.029670019742408574,0.41695440504369463,0.009893307468477207,0.1522,811
21752,GLASS CAKE STAND MIRRORED BASE,36,61,1.69,867.95,24.11,32,0.02750775594622544,0.41755611206087645,0.006789524733268671,0.1506,827
21754,HOME BUILDING BLOCK WORD,1871,7201,3.85,42275.01,22.59,682,0.09463194509730187,0.5102283031074313,0.3627546071774976,0.3225,56
21755,LOVE BUILDING BLOCK WORD,1520,5319,3.5,31304.81,20.6,661,0.07693898655635988,0.4856761501601098,0.29466537342386034,0.2858,86
21756,BATH BUILDING BLOCK WORD,525,1537,2.93,9129.08,17.39,327,0.04138384882955721,0.43604515759128654,0.10164888457807954,0.193,434
21757,LIGHTHOUSE PRINTED METAL SIGN,32,69,2.16,341.55,10.67,15,0.02758296512174485,0.41637798829727407,0.0060135790494665374,0.15,833
21758,VINTAGE SHELLS PRINT,45,101,2.24,647.45,14.39,34,0.027883801823822506,0.41706261606947387,0.008535402521823473,0.1512,821
21759,METAL WALL SHELF UNIT WITH HOOKS,11,27,2.45,968.08,88.01,11,0.027188116950267932,0.4177802107167455,0.0019398642095053346,0.149,843
21760,FRENCH STYLE WALL DRESSER,15,13,0.87,1490.0,99.33,13,0.02705650089310896,0.41894830789512566,0.0027158098933074684,0.1496,837
21761,WOOD AND GLASS MEDICINE CABINET,25,64,2.56,1784.8,71.39,21,0.02753595938704522,0.4196080930119759,0.004655674102812803,0.1506,827
21763,VINTAGE WOODEN BAR STOOL,19,40,2.11,1076.05,56.63,15,0.02731033186048698,0.41802185589675334,0.0034917555771096023,0.1496,837
21764,VINTAGE WOODEN PLATE RACK,12,16,1.33,619.2,51.6,11,0.02708470433392874,0.41699939039257083,0.002133850630455868,0.1487,846
21765,HANGING METAL BIRD BATH,123,329,2.67,2547.15,20.71,103,0.030027263326125788,0.4213142910575348,0.023666343355965083,0.1583,750
21766,VINTAGE WOOD ORGANISER,1,-2,-2.0,-33.9,-33.9,1,0.026915483689010058,0.4155377022656547,0.0,0.1475,858
21767,FRENCH STYLE WIRE DOOR CABINET ,1,1,1.0,29.95,29.95,1,0.02694368712982984,0.41568060348584085,0.0,0.1475,858
21768,WALL MOUNTED VINTAGE ORGANISER,125,446,3.57,5327.04,42.62,95,0.031127197518097206,0.4275358990917302,0.02405431619786615,0.1609,724
21769,VINTAGE POST OFFICE CABINET,52,119,2.29,7635.07,146.83,43,0.028053022468741185,0.4327014480850946,0.009893307468477207,0.1569,764
21770,OPEN CLOSED METAL SIGN,585,2848,4.87,13714.41,23.44,423,0.053708752467801074,0.44630747947000726,0.11328806983511154,0.2044,355
21772,VINTAGE METAL CAKE STAND CREAM ,1,1,1.0,12.75,12.75,1,0.02694368712982984,0.4156421085604344,0.0,0.1475,858
21773,DECORATIVE ROSE BATHROOM BOTTLE,110,1239,11.26,1087.71,9.89,87,0.038582307041459055,0.4180479518752556,0.02114451988360815,0.1593,740
21774,DECORATIVE CATS BATHROOM BOTTLE,110,1260,11.45,1157.76,10.53,79,0.03877973112719752,0.41820472917320467,0.02114451988360815,0.1594,739
21775,DECORATIVE FLORE BATHROOM BOTTLE,82,507,6.18,593.91,7.24,63,0.031700667481432736,0.41694278942376095,0.01571290009699321,0.1548,785
21777,RECIPE BOX WITH METAL HEART,321,1044,3.25,7942.8,24.74,169,0.036749083388173356,0.43339017153831133,0.06207565470417071,0.1774,562
21779,MA CAMPAGNE MINI WOODEN CHEST,25,291,11.64,1062.75,42.51,21,0.029670019742408574,0.4179920894718751,0.004655674102812803,0.1508,825
21780,MA CAMPAGNE 4 DRAWER WALL SHELF,17,125,7.35,835.55,49.15,17,0.028109429350380747,0.4174835983641805,0.0031037827352085354,0.1496,837
21781,MA CAMPAGNE CUTLERY BOX,337,551,1.64,8008.65,23.76,150,0.03211431794678951,0.4335375489126146,0.06517943743937925,0.1769,567
21784,SHOE SHINE BOX ,140,224,1.6,2205.6,15.75,79,0.029040142897433487,0.420549875838199,0.02696411251212415,0.1589,744
21785,RAIN PONCHO ,79,1972,24.96,1465.2,18.55,71,0.045473347748425305,0.41889280358407455,0.01513094083414161,0.1598,735
21786,RAIN HAT WITH RED SPOTS,228,6796,29.81,2522.89,11.07,131,0.09082448058663158,0.42125999530809527,0.044034917555771096,0.1854,493
21787,RAIN PONCHO WITH RED SPOTS,360,14190,39.42,10965.18,30.46,221,0.16033656106044938,0.44015449087842595,0.06964112512124151,0.2234,252
21788,KIDS RAIN MAC BLUE,187,3140,16.79,2497.18,13.35,143,0.05645388737425966,0.42120245434692083,0.036081474296799226,0.1712,621
21789,KIDS RAIN MAC PINK,185,2662,14.39,2167.48,11.72,138,0.05196013913697471,0.42046456034072843,0.035693501454898156,0.1694,639
21790,VINTAGE SNAP CARDS,1517,24917,16.43,19794.67,13.05,793,0.2611826642850428,0.4599155698858137,0.29408341416100875,0.3384,41
21791,VINTAGE HEADS AND TAILS CARD GAME ,1077,15122,14.04,17991.4,16.71,642,0.16909843000846103,0.45587971266850535,0.208729388942774,0.2779,103
21792,CLASSIC FRENCH STYLE BASKET GREEN ,137,473,3.45,2337.15,17.06,111,0.03138102848547523,0.42084429487524666,0.026382153249272552,0.1595,738
21793,CLASSIC FRENCH STYLE BASKET BROWN,94,344,3.66,1564.44,16.64,81,0.030168280530224686,0.41911491035136156,0.018040737148399613,0.1558,775
21794,CLASSIC FRENCH STYLE BASKET NATURAL,157,664,4.23,3147.52,20.05,123,0.03317664755100122,0.42265796538115546,0.03026188166828322,0.162,713
21795,SET OF 3 BLUE STRIPE BASKET,77,435,5.65,3620.22,47.02,64,0.031023784901758014,0.4237159044067155,0.014742967992240542,0.1565,768
21796,SET OF 3 RED STRIPE BASKETS,66,323,4.89,2769.44,41.96,57,0.029970856444486226,0.4218117932068721,0.012609117361784675,0.1548,785
21801,CHRISTMAS TREE DECORATION WITH BELL,82,1824,22.24,766.08,9.34,69,0.04408197800131616,0.41732811915092544,0.01571290009699321,0.159,743
21802,CHRISTMAS TREE HEART DECORATION,102,2387,23.4,1002.54,9.83,89,0.049374823728494874,0.41785733485218196,0.01959262851600388,0.1623,710
21803,CHRISTMAS TREE STAR DECORATION,102,2489,24.4,1045.38,10.25,86,0.0503337407163674,0.4179532140733687,0.01959262851600388,0.1626,707
21804,WHITE CHRISTMAS GARLAND STARS TREES,112,541,4.83,2017.95,18.02,92,0.032020306477390244,0.4201299006781687,0.021532492725509216,0.1579,754
21805,WHITE CHRISTMAS TREE DECORATION ,84,2124,25.29,874.8,10.41,77,0.04690232208329416,0.4175714428887272,0.016100872938894277,0.1602,731
21806,WHITE CHRISTMAS HEART DECORATION,108,2590,23.98,1079.16,9.99,95,0.05128325655729999,0.41802881631640537,0.02075654704170708,0.1634,699
21807,WHITE CHRISTMAS STAR DECORATION,140,2998,21.41,1250.52,8.93,114,0.05511892450879007,0.41841233320115245,0.02696411251212415,0.1668,665
21808,"CHRISTMAS GARLAND STARS,TREES",86,755,8.78,1853.75,21.56,70,0.03403215192253455,0.4197624084251605,0.016488845780795344,0.1568,765
21809,CHRISTMAS HANGING TREE WITH BELL,153,2868,18.75,2202.69,14.4,118,0.0538967754065996,0.42054336303395873,0.029485935984481085,0.168,653
21810,CHRISTMAS HANGING STAR WITH BELL,259,6222,24.02,3624.9,14.0,171,0.08542822224311367,0.42372637860734935,0.050048496605237636,0.1864,483
21811,CHRISTMAS HANGING HEART WITH BELL,287,5711,19.9,3919.25,13.66,199,0.08062423615681114,0.42438515658952325,0.05548011639185257,0.1868,479
21812,GARLAND WITH HEARTS AND BELLS,129,571,4.43,2784.45,21.58,103,0.03230234088558804,0.42184538674352046,0.024830261881668283,0.1597,736
21813,GARLAND WITH STARS AND BELLS,93,463,4.98,2241.45,24.1,76,0.03128701701607596,0.4206301109007468,0.017846750727449078,0.1566,767
21814,HEART T-LIGHT HOLDER ,75,639,8.52,924.15,12.32,59,0.032941618877503055,0.4176818919915649,0.014354995150339476,0.155,783
21815, STAR  T-LIGHT HOLDER ,66,611,9.26,883.55,13.39,58,0.03267838676318511,0.4175910260629892,0.012609117361784675,0.1543,790
21816,CHRISTMAS TREE T-LIGHT HOLDER,42,405,9.64,587.25,13.98,34,0.030741750493560215,0.41692788383055124,0.007953443258971873,0.1519,814
21817,GLITTER CHRISTMAS TREE,126,1671,13.26,1058.79,8.4,102,0.04264360251950738,0.41798322668672344,0.02424830261881668,0.1616,717
21818,GLITTER CHRISTMAS HEART ,286,4104,14.35,2457.12,8.59,197,0.06551659302434897,0.4211127969799567,0.055286129970902036,0.1806,537
21819,GLITTER CHRISTMAS STAR ,240,3780,15.75,2173.76,9.06,178,0.06247062141581273,0.4204786154646559,0.046362754607177495,0.1764,571
21820,GLITTER HEART GARLAND WITH BELLS ,141,710,5.04,2612.21,18.53,112,0.03360910031023785,0.4214599003509618,0.027158098933074686,0.1607,726
21821,GLITTER STAR GARLAND WITH BELLS ,111,638,5.75,2360.1,21.26,86,0.03293221773056313,0.4208956587437396,0.02133850630455868,0.1584,749
21822,GLITTER CHRISTMAS TREE WITH BELLS,104,859,8.26,1086.51,10.45,73,0.035009871204286926,0.4180452661827855,0.019980601357904946,0.1577,756
21823,PAINTED METAL HEART WITH HOLLY BELL,180,2244,12.47,2189.44,12.16,136,0.04803045971608536,0.4205137085129334,0.03472356935014549,0.1678,655
21824,PAINTED METAL STAR WITH HOLLY BELLS,169,2280,13.49,1883.36,11.14,137,0.04836890100592272,0.4198286778868631,0.032589718719689624,0.1669,664
21825,PAINTED METAL TREE WITH HOLLY BELLS,73,719,9.85,1023.35,14.02,62,0.03369371063269719,0.41790390923576964,0.01396702230843841,0.1552,781
21826,EIGHT PIECE DINOSAUR SET,203,1638,8.07,2006.46,9.88,136,0.0423333646704898,0.4201041851727663,0.03918525703200776,0.1672,661
21827,EIGHT PIECE CREEPY CRAWLIE SET,129,797,6.18,991.69,7.69,89,0.03442700009401147,0.4178330517160971,0.024830261881668283,0.159,743
21828,EIGHT PIECE SNAKE  SET,149,1060,7.11,1283.96,8.62,107,0.036899501739212186,0.4184871744979892,0.02870999030067895,0.1614,719
21829,DINOSAUR KEYRINGS ASSORTED,307,13903,45.29,2879.34,9.38,211,0.15763843188869042,0.4220577578756029,0.05935984481086324,0.213,304
21830,ASSORTED CREEPY CRAWLIES,231,6715,29.07,2812.27,12.17,151,0.09006298768449751,0.4219076500472883,0.0446168768186227,0.1855,492
21832,CHOCOLATE CALCULATOR,289,2979,10.31,4806.83,16.63,205,0.05494030271693147,0.42637162902512,0.05586808923375364,0.1791,549
21833,CAMOUFLAGE LED TORCH,348,5741,16.5,9499.81,27.3,211,0.08090627056500893,0.4368748798991898,0.06731328806983511,0.195,417
21836,GINGHAM OVEN GLOVE RED HEART ,82,221,2.7,828.75,10.11,77,0.029011939456613706,0.4174683794401826,0.01571290009699321,0.1541,792
21837,CROSS STITCH ALPHABET CUSHION COVER,71,214,3.01,1273.3,17.93,61,0.02894613142803422,0.41846331659654545,0.013579049466537343,0.1537,796
21838,DADDY MOUSE RED GINGHAM BOW TIE,1,1,1.0,5.45,5.45,1,0.02694368712982984,0.41562577059790723,0.0,0.1475,858
21839,MUMMY MOUSE RED GINGHAM RIBBON,82,196,2.39,1047.2,12.77,71,0.02877691078311554,0.41795728737361526,0.01571290009699321,0.1541,792
21841,BABY MOUSE RED GINGHAM DRESS,126,424,3.37,1772.5,14.07,106,0.030920372285418822,0.41958056466415616,0.02424830261881668,0.1582,751
21842,PINK HEART CANDY BUTTON CALCULATOR,38,541,14.24,1257.15,33.08,32,0.032020306477390244,0.41842717165205046,0.007177497575169738,0.1525,808
21843,RETRO SPOT CAKE STAND,1434,5143,3.59,52686.89,36.74,608,0.07528438469493279,0.5335308928714426,0.27798254122211447,0.2956,75
21844,RETRO SPOT MUG,449,5135,11.44,14152.65,31.52,253,0.07520917551941336,0.44728829436013084,0.08690591658583899,0.2031,362
21845,DAIRY MAID STRIPE MUG,155,2355,15.19,3065.01,19.77,104,0.04907398702641722,0.4224733016430574,0.029873908826382155,0.1671,662
21846,PINK DIAMANTE PEN IN GIFT BOX,91,917,10.08,1791.57,19.69,51,0.03555513772680267,0.4196232447936621,0.01745877788554801,0.1575,758
21847,GREEN  DIAMANTE PEN IN GIFT BOX,23,252,10.96,448.2,19.49,20,0.029303375011751433,0.4166166792155648,0.004267701260911736,0.1501,832
21849,SILVER DIAMANTE PEN IN GIFT BOX,62,364,5.87,900.34,14.52,46,0.03035630346902322,0.4176286033768017,0.011833171677982542,0.1533,800
21850,BLUE  DIAMANTE PEN IN GIFT BOX,44,285,6.48,522.75,11.88,29,0.029613612860769013,0.416783527860277,0.00834141610087294,0.1516,817
21851,LILAC DIAMANTE PEN IN GIFT BOX,46,383,8.33,736.67,16.01,34,0.030534925260881828,0.4172622973046346,0.008729388942774006,0.1522,811
21852,EMPIRE TEDDY,1,1,1.0,6.95,6.95,1,0.02694368712982984,0.41562912771349503,0.0,0.1475,858
21864,UNION JACK FLAG PASSPORT COVER ,266,1463,5.5,2905.02,10.92,166,0.04068816395600263,0.4221152316944656,0.05140640155189137,0.1714,619
21865,PINK UNION JACK  PASSPORT COVER ,210,759,3.61,1588.98,7.57,129,0.03406975651029426,0.4191698327623775,0.04054316197866149,0.1646,687
21866,UNION JACK FLAG LUGGAGE TAG,302,1635,5.41,2038.4,6.75,190,0.04230516122967002,0.4201756693540153,0.058389912706110575,0.1736,597
21867,PINK UNION JACK  LUGGAGE TAG,212,972,4.58,1214.21,5.73,122,0.036072200808498635,0.4183310686231578,0.04093113482056256,0.1651,682
21868,POTTING SHED TEA MUG,754,8563,11.36,10103.47,13.4,377,0.107436307229482,0.438225917496333,0.1460717749757517,0.2306,223
21869,POTTING SHED COFFEE MUG,108,1228,11.37,1409.6,13.05,82,0.03847889442511986,0.41876836649962107,0.02075654704170708,0.1593,740
21870,I CAN ONLY PLEASE ONE PERSON MUG,561,5828,10.39,7003.42,12.48,244,0.08172417034878256,0.43128776671108354,0.10863239573229874,0.2072,333
21871,SAVE THE PLANET MUG,631,10305,16.33,11643.05,18.45,299,0.12381310519883426,0.4416716161740815,0.12221144519883609,0.2292,230
21872,GLAMOROUS  MUG,292,4997,17.11,4951.53,16.96,169,0.07391181724170348,0.42669547877548714,0.05645004849660524,0.1857,490
21873,IF YOU CAN'T STAND THE HEAT MUG,154,1852,12.03,2091.68,13.58,98,0.04434521011563411,0.420294914099693,0.02967992240543162,0.1648,685
21874,GIN AND TONIC MUG,467,6093,13.05,7473.3,16.0,211,0.08421547428786312,0.43233939435933855,0.0903976721629486,0.2023,366
21875,KINGS CHOICE MUG,338,6610,19.56,7368.64,21.8,219,0.08907586725580521,0.4321051572143944,0.06537342386032978,0.1955,413
21876,POTTERING MUG,420,5218,12.42,6110.07,14.55,239,0.07598947071542728,0.42928838057085916,0.08128031037827352,0.1955,413
21877,HOME SWEET HOME MUG,675,12770,18.92,14222.74,21.07,323,0.1469869324057535,0.4474451611811621,0.13074684772065956,0.2417,178
21878,PACK OF 6 SANDCASTLE FLAGS ASSORTED,298,4962,16.65,3968.36,13.32,225,0.07358277709880605,0.4244950685538669,0.05761396702230844,0.1852,495
21879,HEARTS GIFT TAPE,94,1366,14.53,522.38,5.56,81,0.039776252702829744,0.4167826997717654,0.018040737148399613,0.1582,751
21880,RED AND WHITE SPOT TAPE,149,1958,13.14,993.94,6.67,123,0.04534173169126633,0.4178380873894787,0.02870999030067895,0.164,693
21881,CUTE CATS TAPE,65,1183,18.2,450.75,6.93,49,0.03805584281282316,0.41662238631206394,0.012415130940834141,0.1557,776
21882,SKULLS TAPE,72,921,12.79,398.73,5.54,61,0.03559274231456238,0.41650596154348,0.013773035887487876,0.1553,780
21883,STARS GIFT TAPE ,166,2037,12.27,1015.17,6.12,132,0.04608442229952054,0.417885601765431,0.03200775945683802,0.1653,680
21884,CAKES AND BOWS GIFT  TAPE,68,1232,18.12,457.36,6.73,61,0.03851649901287957,0.4166371800014207,0.012997090203685741,0.1561,772
21888,BINGO SET,636,3130,4.92,11543.7,18.15,445,0.05635987590486039,0.4414492632183181,0.12318137730358875,0.207,335
21889,WOODEN BOX OF DOMINOES,901,11648,12.93,14236.91,15.8,597,0.13643884553915578,0.44747687473308134,0.17458777885548013,0.2528,152
21890,S/6 WOODEN SKITTLES IN COTTON BAG,423,3288,7.77,9322.86,22.04,336,0.05784525712136881,0.4364788521636856,0.08186226964112513,0.1921,442
21891,TRADITIONAL WOODEN SKIPPING ROPE,699,11631,16.64,14488.81,20.73,483,0.13627902604117703,0.4480406463441213,0.13540252182347234,0.2399,184
21892,TRADITIONAL WOODEN CATCH CUP GAME ,633,7219,11.4,8746.92,13.82,450,0.09480116574222056,0.4351898540626045,0.12259941804073715,0.2175,283
21893,POTTING SHED SEED TIN,13,164,12.62,523.0,40.23,13,0.028476074081037885,0.41678408737954165,0.0023278370514064014,0.1492,841
21894,POTTING SHED SEED ENVELOPES,153,1144,7.48,1400.13,9.15,120,0.037689198082166024,0.4187471719098769,0.029485935984481085,0.162,713
21895,POTTING SHED SOW 'N' GROW SET,71,525,7.39,1523.25,21.45,61,0.031869888126351414,0.4190227239573213,0.013579049466537343,0.1548,785
21896,POTTING SHED TWINE,234,2283,9.76,4589.43,19.61,187,0.0483971044467425,0.4258850710725989,0.0451988360814743,0.1732,601
21897,POTTING SHED CANDLE CITRONELLA,104,852,8.19,2573.52,24.75,86,0.03494406317570744,0.42137330914956783,0.019980601357904946,0.1588,745
21898,POTTING SHED ROSE CANDLE,92,760,8.26,2349.88,25.54,73,0.03407915765723418,0.42087278559620156,0.017652764306498547,0.1575,758
21899,"KEY FOB , GARAGE DESIGN",537,6448,12.01,4047.38,7.54,314,0.08755288145153708,0.42467192140303084,0.10397672162948593,0.2054,347
21900,"KEY FOB , SHED",670,8028,11.98,5091.04,7.6,361,0.10240669361662123,0.4270077129059206,0.12977691561590687,0.2197,272
21901,"KEY FOB , BACK DOOR ",599,5861,9.78,3733.97,6.23,316,0.08203440819780013,0.4239704856721216,0.11600387972841901,0.2073,332
21902,"KEY FOB , FRONT  DOOR ",427,5169,12.11,3208.19,7.51,251,0.07552881451537087,0.4227937495162956,0.08263821532492725,0.1937,428
21903,MAN FLU METAL SIGN,350,3326,9.5,6541.28,18.69,231,0.05820250070508602,0.4302534617792614,0.06770126091173617,0.1854,493
21904,HOUSE WRECKING METAL SIGN ,133,638,4.8,972.3,7.31,104,0.03293221773056313,0.4177896554019324,0.025606207565470416,0.1588,745
21905,MORE BUTTER METAL SIGN ,197,1518,7.71,1973.65,10.02,132,0.0412052270376986,0.42003075386447647,0.038021338506304556,0.1664,669
21906,PHARMACIE FIRST AID TIN,322,1603,4.98,10830.65,33.64,214,0.04200432452759237,0.439853402371744,0.06226964112512124,0.1814,529
21907,I'M ON HOLIDAY METAL SIGN,704,4969,7.06,10262.05,14.58,381,0.07364858512738554,0.4385808317562723,0.13637245392822503,0.2162,288
21908,CHOCOLATE THIS WAY METAL SIGN,813,9364,11.52,17974.04,22.11,382,0.11496662592836326,0.4558408596507696,0.15751697381183316,0.2428,173
21910,WAY OUT METAL SIGN ,101,1034,10.24,1331.7,13.19,84,0.03665507191877409,0.4185940202967628,0.019398642095053348,0.1582,751
21911,GARDEN METAL SIGN ,258,2362,9.16,3590.1,13.92,200,0.04913979505499671,0.42364849352571304,0.0498545101842871,0.1742,591
21912,VINTAGE SNAKES & LADDERS,620,3311,5.34,11872.97,19.15,447,0.058061483500987124,0.44218619485137534,0.12007759456838021,0.2068,337
21913,VINTAGE SEASIDE JIGSAW PUZZLES,207,985,4.76,3578.77,17.29,170,0.03619441571871768,0.4236231361126401,0.03996120271580989,0.1666,667
21914,BLUE HARMONICA IN BOX ,833,11710,14.06,14517.47,17.43,446,0.13702171664943122,0.4481047896326183,0.16139670223084385,0.2488,158
21915,RED  HARMONICA IN BOX ,904,34349,38.0,38884.65,43.01,467,0.34985428222243115,0.5026404161713243,0.17516973811833172,0.3426,37
21916,SET 12 RETRO WHITE CHALK STICKS,554,10192,18.4,4117.48,7.43,304,0.12275077559462254,0.42482881060483274,0.10727449078564501,0.2183,278
21917,SET 12 KIDS  WHITE CHALK STICKS,391,7871,20.13,3217.56,8.23,246,0.10093071354705274,0.4228147202983339,0.07565470417070805,0.1998,384
21918,SET 12 KIDS COLOUR  CHALK STICKS,601,14083,23.43,5663.14,9.42,369,0.15933063833787722,0.4282881167910971,0.11639185257032007,0.2347,206
21922,UNION STRIPE WITH FRINGE  HAMMOCK,336,1253,3.73,9433.39,28.08,204,0.038713923098618035,0.4367262268209633,0.06498545101842872,0.1801,542
21923,RED/CREAM STRIPE FRINGE HAMMOCK,110,323,2.94,2467.85,22.44,80,0.029970856444486226,0.4211368115467946,0.02114451988360815,0.1574,759
21924,BLUE/CREAM STRIPE FRINGE HAMMOCK,116,294,2.53,2228.3,19.21,82,0.029698223183228355,0.4206006801874273,0.02230843840931135,0.1575,758
21925,UNION STRIPE CUSHION COVER ,161,1160,7.2,1427.2,8.86,100,0.03783961643320485,0.41880775665585096,0.031037827352085354,0.1626,707
21926,RED/CREAM STRIPE CUSHION COVER ,139,966,6.95,1192.3,8.58,90,0.03601579392685908,0.4182820323548057,0.02677012609117362,0.1604,729
21927,BLUE/CREAM STRIPE CUSHION COVER ,184,1130,6.14,1397.3,7.59,94,0.03755758202500705,0.4187408381518013,0.035499515033947625,0.1639,694
21928,JUMBO BAG SCANDINAVIAN PAISLEY,1204,22817,18.95,40937.25,34.0,450,0.24144025571119676,0.5072342931416322,0.23336566440349177,0.3273,51
21929,JUMBO BAG PINK VINTAGE PAISLEY,1257,23836,18.96,42829.93,34.07,505,0.25102002444298205,0.5114702568287424,0.24364694471387002,0.3354,44
21930,JUMBO STORAGE BAG SKULLS,1017,12299,12.09,22783.79,22.4,386,0.14255899219704804,0.4666054507829622,0.197090203685742,0.2688,116
21931,JUMBO STORAGE BAG SUKI,1762,25580,14.52,47050.36,26.7,546,0.26741562470621416,0.5209159043888109,0.3416100872938894,0.3766,21
21932,SCANDINAVIAN PAISLEY PICNIC BAG,502,3483,6.94,7202.46,14.35,315,0.059678480774654506,0.4317332335688103,0.09718719689621727,0.1962,407
21933,PINK VINTAGE PAISLEY PICNIC BAG,482,3771,7.82,8006.31,16.61,294,0.062386011093353386,0.4335323118122977,0.0933074684772066,0.1964,405
21934,SKULL SHOULDER BAG,348,3197,9.19,5055.05,14.53,164,0.05698975274983548,0.4269271645125846,0.06731328806983511,0.1837,509
21935,SUKI  SHOULDER BAG,457,4890,10.7,7701.92,16.85,234,0.07290589451913133,0.4328510635364563,0.08845780795344325,0.1981,394
21936,RED/WHITE SPOT PICNIC BAG,813,7240,8.91,20045.66,24.66,396,0.09499858982795902,0.46047730484673044,0.15751697381183316,0.2377,197
21937,STRAWBERRY   PICNIC BAG,517,3743,7.24,10403.85,20.12,286,0.06212277897903544,0.43889819108316974,0.10009699321047527,0.2004,381
21942,SKULLS DESIGN FLANNEL,66,1298,19.67,670.8,10.16,41,0.039136974710914735,0.41711487516879014,0.012609117361784675,0.1563,770
21943,CAKES AND RABBITS DESIGN FLANNEL ,41,387,9.44,304.83,7.43,37,0.030572529848641533,0.4162958061076854,0.007759456838021339,0.1515,818
21944,KITTENS DESIGN FLANNEL,76,1538,20.24,811.1,10.67,53,0.04139324997649713,0.4174288773800998,0.014548981571290009,0.1578,755
21945,STRAWBERRIES  DESIGN FLANNEL ,75,1518,20.24,859.64,11.46,61,0.0412052270376986,0.41753751364052016,0.014354995150339476,0.1577,756
21946,PARTY TIME DESIGN FLANNEL,30,579,19.3,307.81,10.26,25,0.03237755006110746,0.4163024755773198,0.00562560620756547,0.1514,819
21947,SET OF 6 HEART CHOPSTICKS,174,1371,7.88,1708.17,9.82,122,0.03982325843752938,0.4194365891669819,0.03355965082444229,0.1643,690
21948,SET OF 6 CAKE CHOPSTICKS,115,1990,17.3,2298.31,19.99,71,0.04564256839334399,0.42075736796229396,0.022114451988360814,0.1628,705
21949,SET OF 6 STRAWBERRY CHOPSTICKS,136,2337,17.18,2675.29,19.67,91,0.04890476638149854,0.421601078251813,0.026188166828322017,0.1656,677
21950,SET OF 6 DOTS CHOPSTICKS,4,4,1.0,5.0,1.25,3,0.02697189057064962,0.41562476346323085,0.0005819592628516004,0.1477,856
21955,UNION JACK GUNS & ROSES  DOORMAT,585,3689,6.31,20894.95,35.72,279,0.061615117044279404,0.4623780813117567,0.11328806983511154,0.2124,308
21967,PACK OF 12 SKULL TISSUES,376,15449,41.09,4246.29,11.29,250,0.17217260505781706,0.42511709731074004,0.07274490785645005,0.2233,253
21972,SET OF 36 DINOSAUR PAPER DOILIES,135,998,7.39,1447.1,10.72,105,0.03631663062893673,0.41885229438931537,0.025994180407371482,0.1604,729
21973,SET OF 36 MUSHROOM PAPER DOILIES,163,1601,9.82,2235.05,13.71,117,0.04198552223371251,0.42061578720757226,0.03142580019398642,0.1647,686
21974,SET OF 36 PAISLEY FLOWER DOILIES,569,6512,11.44,9173.51,16.12,355,0.08815455485569239,0.4361445953549964,0.11018428709990301,0.2115,311
21975,PACK OF 60 DINOSAUR CAKE CASES,1163,30786,26.47,14768.75,12.7,543,0.3163579956754724,0.44866717363588193,0.2254122211445199,0.3301,47
21976,PACK OF 60 MUSHROOM CAKE CASES,730,13998,19.18,7043.38,9.65,404,0.15853154084798346,0.4313772002703418,0.1414161008729389,0.2438,170
21977,PACK OF 60 PINK PAISLEY CAKE CASES,1614,54373,33.69,26290.05,16.29,768,0.5381028485475228,0.474452730850151,0.3129000969932105,0.4418,10
21980,PACK OF 12 RED SPOTTY TISSUES ,577,30910,53.57,8411.04,14.58,406,0.31752373789602334,0.43443812874019044,0.11173617846750727,0.2879,81
21981,PACK OF 12 WOODLAND TISSUES ,399,25828,64.73,6845.5,17.16,282,0.269747109147316,0.43093432958200284,0.07720659553831231,0.2593,135
21982,PACK OF 12 SUKI TISSUES ,537,31303,58.29,9763.45,18.18,335,0.3212183886434145,0.43746492653489677,0.10397672162948593,0.2876,82
21983,PACK OF 12 BLUE PAISLEY TISSUES ,267,5952,22.29,1762.92,6.6,208,0.08288991256933347,0.41955912388593564,0.0516003879728419,0.1847,499
21984,PACK OF 12 PINK PAISLEY TISSUES ,361,25042,69.37,6849.16,18.97,257,0.26235780765253364,0.430942520944037,0.06983511154219205,0.2544,148
21985,PACK OF 12 HEARTS DESIGN TISSUES ,749,24706,32.99,8424.24,11.25,493,0.2591990222807182,0.4344676713573628,0.14510184287099903,0.2796,99
21986,PACK OF 12 PINK SPOT TISSUES ,381,13079,34.33,4462.19,11.71,275,0.14989188681019083,0.4256002981476734,0.07371483996120272,0.2164,286
21987,PACK OF 6 SKULL PAPER CUPS,359,6019,16.77,3710.75,10.34,209,0.08351978941430854,0.4239185175228229,0.06944713870029098,0.1923,440
21988,PACK OF 6 SKULL PAPER PLATES,359,7073,19.7,5175.41,14.42,209,0.09342859828899126,0.4271965394673475,0.06944713870029098,0.1967,404
21989,PACK OF 20 SKULL PAPER NAPKINS,478,7449,15.58,5563.65,11.64,265,0.09696342953840369,0.42806545050454536,0.09253152279340446,0.2059,343
21990,MODERN FLORAL STATIONERY SET,237,1774,7.49,2803.3,11.83,171,0.043611920654319826,0.4218875744960734,0.0457807953443259,0.1704,629
21991,BOHEMIAN COLLAGE STATIONERY SET,140,862,6.16,1318.98,9.42,109,0.0350380746451067,0.41856555195657846,0.02696411251212415,0.1602,731
21992,VINTAGE PAISLEY STATIONERY SET,315,2058,6.53,3418.34,10.85,242,0.046281846385259,0.4232640814101425,0.060911736178467506,0.1768,568
21993,FLORAL FOLK STATIONERY SET,286,2039,7.13,3156.4,11.04,208,0.046103224593400396,0.4226778395054351,0.055286129970902036,0.1747,586
22003,VINTAGE BLUE VACUUM FLASK 0.5L ,1,-10,-10.0,-67.5,-67.5,1,0.026840274513490647,0.4154625028764885,0.0,0.1474,859
22021,BLUE FELT EASTER EGG BASKET,213,1305,6.13,2106.45,9.89,161,0.03920278273949422,0.42032797049784726,0.041125121241513095,0.1669,664
22023,EMPIRE BIRTHDAY CARD,313,4800,15.34,1934.43,6.18,177,0.07205979129453793,0.4199429764822415,0.06052376333656644,0.1842,504
22024,RAINY LADIES BIRTHDAY CARD,295,5119,17.35,2054.41,6.96,170,0.07505875716837454,0.42021150096772214,0.05703200775945684,0.1841,505
22025,RING OF ROSES BIRTHDAY CARD,205,3805,18.56,1518.18,7.41,148,0.0627056500893109,0.4190113769066346,0.03957322987390883,0.1738,595
22026,BANQUET BIRTHDAY  CARD  ,262,3868,14.76,1587.84,6.06,140,0.06329792234652627,0.4191672813545308,0.05063045586808924,0.1777,560
22027,TEA PARTY BIRTHDAY CARD,644,10580,16.43,4308.53,6.69,336,0.1263984206073141,0.425256395226862,0.12473326867119301,0.2255,246
22028,PENNY FARTHING BIRTHDAY CARD,368,6059,16.46,2464.21,6.7,204,0.08389583529190561,0.4211286649463016,0.07119301648884578,0.1921,442
22029,SPACE BOY BIRTHDAY CARD,866,16943,19.56,6748.64,7.79,429,0.1862179185860675,0.43071754943811513,0.16779825412221144,0.2616,131
22030,SWALLOWS GREETING CARD,612,12220,19.97,4897.65,8.0,353,0.14181630158879382,0.42657489118357433,0.11852570320077595,0.229,231
22031,BOTANICAL LAVENDER BIRTHDAY CARD,81,951,11.74,404.13,4.99,65,0.035874776722760175,0.416518047159596,0.015518913676042677,0.156,773
22032,BOTANICAL LILY GREETING CARD,74,903,12.2,378.42,5.11,64,0.035423521669643694,0.41646050619842157,0.014161008729388943,0.1553,780
22033,BOTANICAL ROSE GREETING CARD,107,1552,14.5,644.64,6.02,80,0.041524866033656106,0.41705632707293944,0.020562560620756547,0.1597,736
22034,ROBIN CHRISTMAS CARD,85,1509,17.75,625.14,7.35,71,0.04112061671523926,0.4170126845702984,0.016294859359844812,0.1581,752
22035,VINTAGE CARAVAN GREETING CARD ,246,3881,15.78,1587.64,6.45,153,0.06342013725674532,0.4191668337391191,0.0475266731328807,0.1767,569
22036,DINOSAUR BIRTHDAY CARD,112,1553,13.87,641.46,5.73,77,0.04153426718059603,0.4170492099878933,0.021532492725509216,0.16,733
22037,ROBOT BIRTHDAY CARD,476,6739,14.16,2800.96,5.88,271,0.09028861521105574,0.4218823373957565,0.0921435499515034,0.2014,374
22038,BOTANICAL LAVENDER GIFT WRAP ,45,1150,25.56,481.0,10.69,43,0.037745604963805586,0.416690088143084,0.008535402521823473,0.1543,790
22039,BOTANICAL LILY GIFT WRAP,31,825,26.61,342.5,11.05,27,0.03469023220832942,0.4163801144704797,0.005819592628516004,0.1523,810
22040,BOTANICAL ROSE GIFT WRAP,94,2815,29.95,1144.3,12.17,82,0.05339851461878349,0.418174604655997,0.018040737148399613,0.1632,701
22041,"RECORD FRAME 7"" SINGLE SIZE ",328,6803,20.74,14984.82,45.69,101,0.09089028861521106,0.44915075494591533,0.06343355965082444,0.2012,375
22042,CHRISTMAS CARD SINGING ANGEL,99,1601,16.17,567.54,5.73,89,0.04198552223371251,0.41688377133172794,0.019010669253152278,0.1593,740
22043,CHRISTMAS CARD SCREEN PRINT ,94,2100,22.34,578.04,6.15,86,0.04667669455673592,0.41690727114084236,0.018040737148399613,0.1605,728
22044,CHRISTMAS CARD STACK OF PRESENTS,87,1896,21.79,531.36,6.11,80,0.04475886058099088,0.4168027977037508,0.01668283220174588,0.1594,739
22045,SPACE BOY GIFT WRAP,473,14337,30.31,5895.54,12.46,290,0.1617185296606186,0.42880824589949595,0.0915615906886518,0.2274,237
22046,TEA PARTY  WRAPPING PAPER ,209,6316,30.22,2588.72,12.39,147,0.08631193005546677,0.4214073279208573,0.04034917555771096,0.1827,518
22047,EMPIRE GIFT WRAP,263,7975,30.32,3251.5,12.36,211,0.10190843282880512,0.4228906806336999,0.05082444228903977,0.1919,444
22048,BIRTHDAY BANQUET GIFT WRAP,103,2790,27.09,1155.8,11.22,93,0.053163485945285326,0.4182003425421699,0.019786614936954414,0.1637,696
22049,WRAP CHRISTMAS SCREEN PRINT,114,3425,30.04,984.25,8.63,95,0.05913321425213876,0.4178164004227817,0.021920465567410282,0.1663,670
22050,PINK PAISLEY ROSE GIFT WRAP,117,3250,27.78,1333.0,11.39,100,0.057488013537651594,0.4185969297969388,0.02250242483026188,0.1662,671
22051,BLUE SCANDINAVIAN PAISLEY WRAP,116,3175,27.37,1317.5,11.36,95,0.05678292751715709,0.4185622396025318,0.02230843840931135,0.1659,674
22052,VINTAGE CARAVAN GIFT WRAP,125,3421,27.37,1416.82,11.33,105,0.05909560966437905,0.41878452541598354,0.02405431619786615,0.1673,660
22053,EMPIRE DESIGN ROSETTE,67,4517,67.42,3947.67,58.92,61,0.06939926671053868,0.4244487627395263,0.012803103782735208,0.1689,644
22054,MINI CAKE STAND HANGING HEARTS,59,307,5.2,496.95,8.42,46,0.0298204380934474,0.4167257854721674,0.01125121241513094,0.1526,807
22055,MINI CAKE STAND  HANGING STRAWBERY,518,4440,8.57,6648.28,12.83,254,0.06867537839616433,0.4304929360245225,0.1002909796314258,0.1998,384
22056,CERAMIC PLATE LOVE HEART DESIGN,26,595,22.88,618.35,23.78,23,0.03252796841214628,0.4169974880270711,0.004849660523763337,0.1515,818
22057,CERAMIC PLATE STRAWBERRY DESIGN,184,2821,15.33,3362.17,18.27,113,0.05345492150042305,0.42313836862176574,0.035499515033947625,0.1707,626
22058,CERAMIC LOVE HEARTS DESIGN MUG,102,495,4.85,737.55,7.23,71,0.03158785371815361,0.417264266812446,0.01959262851600388,0.1561,772
22059,CERAMIC STRWBERRY DESIGN MUG,405,4738,11.7,6097.78,15.06,183,0.07147692018426248,0.42926087460381,0.07837051406401552,0.193,434
22060,LARGE CAKE STAND HANGING HEARTS,158,688,4.35,5098.52,32.27,112,0.03340227507755946,0.42702445372231823,0.030455868089233753,0.1636,697
22061,LARGE CAKE STAND  HANGING STRAWBERY,508,1972,3.88,16294.5,32.08,223,0.045473347748425305,0.45208191970791123,0.09835111542192046,0.1986,391
22062,CERAMIC BOWL WITH LOVE HEART DESIGN,101,704,6.97,1040.56,10.3,68,0.03355269342859829,0.4179424265419467,0.019398642095053348,0.157,763
22063,CERAMIC BOWL WITH STRAWBERRY DESIGN,277,2145,7.74,5485.75,19.8,143,0.04709974616903262,0.42789110430168703,0.05354025218234724,0.1762,573
22064,PINK DOUGHNUT TRINKET POT ,531,6077,11.44,9080.85,17.1,213,0.0840650559368243,0.4359372151347544,0.10281280310378274,0.2076,331
22065,CHRISTMAS PUDDING TRINKET POT ,362,8212,22.69,5399.22,14.91,249,0.10413650465356773,0.4276974434938137,0.07002909796314258,0.2006,379
22066,LOVE HEART TRINKET POT,264,3395,12.86,2643.99,10.02,186,0.05885117984394096,0.4215310264398814,0.0510184287099903,0.1771,565
22067,CHOC TRUFFLE GOLD TRINKET POT ,194,1745,8.99,2684.93,13.84,109,0.043339287393061955,0.421622653314657,0.03743937924345296,0.1675,658
22068, BLACK PIRATE TREASURE CHEST,184,923,5.02,1305.33,7.09,112,0.03561154460844223,0.41853500220472967,0.035499515033947625,0.1632,701
22069, BROWN  PIRATE TREASURE CHEST ,91,639,7.02,917.73,10.08,66,0.032941618877503055,0.4176675235368493,0.01745877788554801,0.156,773
22070,SMALL RETRO SPOT MUG IN BOX  RED,291,1404,4.82,4792.47,16.47,218,0.04013349628654696,0.42633949023855977,0.05625606207565471,0.1742,591
22071,SMALL RETRO SPOT MUG IN BOX  WHITE,250,1195,4.78,3971.95,15.89,201,0.038168656576102286,0.42450310325050705,0.04830261881668283,0.1703,630
22072,TEA CUP AND SAUCER RETRO SPOT,441,2126,4.82,7330.8,16.62,201,0.046921124377174016,0.43202046837850017,0.08535402521823472,0.1881,470
22073,RETRO SPOT STORAGE JAR,401,1885,4.7,6841.23,17.06,228,0.044655447964651686,0.430924772992963,0.07759456838021339,0.1844,502
22074,6 RIBBONS SHIMMERING PINKS ,157,1729,11.01,1687.79,10.75,127,0.043188869042023126,0.4193909771565294,0.03026188166828322,0.1643,690
22075,6 RIBBONS ELEGANT CHRISTMAS ,262,2789,10.65,4011.47,15.31,201,0.0531540847983454,0.4245915520558595,0.05063045586808924,0.1761,574
22076,6 RIBBONS EMPIRE  ,243,2100,8.64,3030.42,12.47,197,0.04667669455673592,0.4223958865576034,0.046944713870029096,0.172,613
22077,6 RIBBONS RUSTIC CHARM,1405,15909,11.32,26837.99,19.1,686,0.17649713265018332,0.47567906279359373,0.272356935014549,0.3082,64
22078,RIBBON REEL LACE DESIGN ,395,3763,9.53,7659.8,19.39,246,0.062310801917833974,0.4327567957307516,0.07643064985451019,0.1905,452
22079,RIBBON REEL HEARTS DESIGN ,553,4675,8.45,7569.99,13.69,397,0.0708846479270471,0.4325557940301264,0.10708050436469448,0.2035,361
22080,RIBBON REEL SPOTS DESIGN ,446,3704,8.3,6013.6,13.48,336,0.0617561342483783,0.4290724732770242,0.0863239573229874,0.1924,439
22081,RIBBON REEL FLORA + FAUNA ,217,1414,6.52,2344.22,10.8,170,0.040227507755946225,0.42086011808005036,0.04190106692531523,0.1677,656
22082,RIBBON REEL STRIPES DESIGN ,842,6847,8.13,11115.63,13.2,512,0.09130393908056783,0.4404912095718796,0.16314258001939863,0.2316,217
22083,PAPER CHAIN KIT RETRO SPOT,1094,12346,11.29,33845.36,30.94,589,0.14300084610322458,0.4913620968311201,0.21202715809893308,0.2821,92
22084,PAPER CHAIN KIT EMPIRE,717,8326,11.61,22750.5,31.73,464,0.10520823540471938,0.4665309451976842,0.13889427740058197,0.2369,201
22085,PAPER CHAIN KIT SKULLS ,197,1897,9.63,5150.15,26.14,141,0.04476826172793081,0.4271400056408494,0.038021338506304556,0.17,633
22086,PAPER CHAIN KIT 50'S CHRISTMAS ,1752,27910,15.93,75388.48,43.03,896,0.2893202970762433,0.5843388006422564,0.3396702230843841,0.4044,15
22087,PAPER BUNTING WHITE LACE,689,7593,11.02,20870.95,30.29,314,0.09831719469775313,0.46232436746235234,0.13346265761396703,0.2314,218
22088,PAPER BUNTING COLOURED LACE,490,3963,8.09,10888.85,22.22,267,0.06419103130581931,0.4399836584565496,0.09485935984481086,0.1997,385
22089,PAPER BUNTING VINTAGE PAISLEY,432,3135,7.26,8668.25,20.07,290,0.05640688163956003,0.4350137845404111,0.08360814742967992,0.1917,446
22090,PAPER BUNTING RETRO SPOTS,1290,14730,11.42,40366.34,31.29,631,0.16541318040800979,0.5059565525681553,0.25004849660523765,0.3071,66
22091,EMPIRE TISSUE BOX,246,2984,12.13,2084.06,8.47,184,0.0549873084516311,0.4202778599525071,0.0475266731328807,0.1743,590
22092,BLUE PAISLEY TISSUE BOX,133,903,6.79,548.05,4.12,105,0.035423521669643694,0.4168401512098574,0.025606207565470416,0.1593,740
22093,MOTORING TISSUE BOX,252,2267,9.0,1300.05,5.16,179,0.04824668609570368,0.41852318515786074,0.0486905916585839,0.1718,615
22094,RED POLKA DOT TISSUE BOX,243,3304,13.6,2181.47,8.98,181,0.05799567547240763,0.42049587103877706,0.046944713870029096,0.1751,583
22095,LADS ONLY TISSUE BOX,203,2713,13.36,2621.28,12.91,125,0.052439597630910974,0.42148019970988254,0.03918525703200776,0.171,623
22096,PINK PAISLEY SQUARE TISSUE BOX ,170,1628,9.58,868.94,5.11,129,0.04223935320109053,0.41755832775716434,0.032783705140640156,0.1642,691
22097,SWALLOW SQUARE TISSUE BOX,222,2002,9.02,1165.64,5.25,158,0.04575538215662311,0.4182223652204258,0.04287099903006789,0.1689,644
22098,BOUDOIR SQUARE TISSUE BOX,247,2683,10.86,1667.72,6.75,161,0.05215756322271317,0.41934605894996496,0.04772065955383123,0.1731,602
22099,CARAVAN SQUARE TISSUE BOX,226,1995,8.83,1299.17,5.75,168,0.04568957412804362,0.4185212156500493,0.04364694471387003,0.1693,640
22100,SKULLS SQUARE TISSUE BOX,82,943,11.5,574.17,7.0,71,0.035799567547240764,0.4168986097826259,0.01571290009699321,0.1561,772
22101,MIRROR MOSAIC VOTIVE HOLDER,52,763,14.67,886.26,17.04,44,0.034107361098053963,0.4175970912518178,0.009893307468477207,0.1539,794
22102,MIRROR MOSAIC T-LIGHT HOLDER ,43,1017,23.65,742.05,17.26,35,0.036495252420795335,0.41727433815920933,0.008147429679922406,0.154,793
22103,MIRROR MOSAIC T-LIGHT HOLDER ROUND,54,1115,20.65,1165.23,21.58,43,0.03741656482090815,0.4182214476088318,0.010281280310378274,0.1553,780
22104,MIRROR MOSAIC CANDLE PLATE,41,1026,25.02,694.26,16.93,31,0.03657986274325468,0.41716738045658297,0.007759456838021339,0.1538,795
22105,MIRROR MOSAIC GOBLET CANDLE HOLDER,29,372,12.83,705.0,24.31,23,0.030431512644542635,0.41719141740419136,0.005431619786614937,0.151,823
22106,MIRROR MOSAIC HURRICANE LAMP ,38,306,8.05,1015.1,26.71,29,0.029811036946507472,0.4178854451000369,0.007177497575169738,0.1516,817
22107,PIZZA PLATE IN BOX,200,747,3.74,2630.34,13.15,118,0.033956942747015134,0.4215004766880327,0.03860329776915616,0.1647,686
22108,PING! MICROWAVE PLATE,50,193,3.86,522.89,10.46,34,0.02874870734229576,0.41678384119106526,0.009505334626576139,0.1517,816
22109,FULL ENGLISH BREAKFAST PLATE,411,2796,6.8,10058.16,24.47,205,0.05321989282692489,0.4381245102248117,0.07953443258971872,0.1903,454
22110,BIRD HOUSE HOT WATER BOTTLE,336,1862,5.54,4222.91,12.57,217,0.04443922158503338,0.42506477106911195,0.06498545101842872,0.1782,556
22111,SCOTTIE DOG HOT WATER BOTTLE,1488,8875,5.96,41526.55,27.91,719,0.11036946507473912,0.508553191952215,0.2884578079534433,0.3025,71
22112,CHOCOLATE HOT WATER BOTTLE,1474,9796,6.65,45117.86,30.61,631,0.11902792140641158,0.5165908204732306,0.2857419980601358,0.3071,66
22113,GREY HEART HOT WATER BOTTLE,948,5591,5.9,20855.98,22.0,489,0.07949609852401993,0.46229086344878634,0.1837051406401552,0.2418,177
22114,HOT WATER BOTTLE TEA AND SYMPATHY,1321,8676,6.57,33864.42,25.64,626,0.1084986368336937,0.4914047545798554,0.2560620756547042,0.2853,87
22115,METAL SIGN EMPIRE TEA,354,2708,7.65,4636.58,13.1,244,0.05239259189621134,0.4259905964059078,0.06847720659553831,0.1823,522
22116,METAL SIGN HIS DINNER IS SERVED,129,717,5.56,896.79,6.95,96,0.03367490833881734,0.417620658203244,0.024830261881668283,0.1587,746
22117,METAL SIGN HER DINNER IS SERVED ,197,1723,8.75,5048.65,25.63,142,0.043132462160383564,0.4269128408194101,0.038021338506304556,0.1694,639
22118,JOY WOODEN BLOCK LETTERS,250,763,3.05,3456.13,13.82,195,0.034107361098053963,0.4233486583421838,0.04830261881668283,0.1686,647
22119, PEACE WOODEN BLOCK LETTERS,341,876,2.57,5367.76,15.74,244,0.03516969070226568,0.4276270335895529,0.06595538312318137,0.1763,572
22120,WELCOME  WOODEN BLOCK LETTERS,323,948,2.93,9101.6,28.18,198,0.035846573281940394,0.43598365523371857,0.06246362754607177,0.1781,557
22121,NOEL WOODEN BLOCK LETTERS ,395,1403,3.55,8295.59,21.0,304,0.04012409513960703,0.4341797427437849,0.07643064985451019,0.1836,510
22122,SET OF 2 FANCY FONT TEA TOWELS,161,1053,6.54,3042.35,18.9,113,0.0368336937106327,0.42242258681691147,0.031037827352085354,0.1634,699
22123,PING MICROWAVE APRON,94,533,5.67,1091.15,11.61,77,0.031945097301870826,0.41805565086033697,0.018040737148399613,0.156,773
22124,SET OF 2 TEA TOWELS PING MICROWAVE,39,179,4.59,422.97,10.85,29,0.028617091285136786,0.41656021253137837,0.007371483996120271,0.1508,825
22125,UNION JACK HOT WATER BOTTLE ,166,545,3.28,3199.75,19.28,119,0.03205791106514995,0.4227748601459217,0.03200775945683802,0.1623,710
22127,PARTY CONES CARNIVAL ASSORTED,155,3347,21.59,3876.14,25.01,130,0.05839992479082448,0.4242886730875307,0.029873908826382155,0.1709,624
22128,PARTY CONES CANDY ASSORTED,191,3811,19.95,4518.65,23.66,143,0.06276205697095046,0.42572665997839715,0.03685741998060136,0.1751,583
22129,PARTY CONES CANDY TREE DECORATION,108,2788,25.81,2216.54,20.52,97,0.05314468365140547,0.4205743604012192,0.02075654704170708,0.1648,685
22130,PARTY CONE CHRISTMAS DECORATION ,373,6719,18.01,5572.44,14.94,301,0.09010059227225721,0.42808512320188974,0.07216294859359845,0.1968,403
22131,FOOD CONTAINER SET 3 LOVE HEART ,518,4949,9.55,8817.07,17.02,277,0.07346056218858701,0.43534685516825933,0.1002909796314258,0.203,363
22132,RED LOVE HEART SHAPE CUP,240,3032,12.63,2511.68,10.47,154,0.05543856350474758,0.42123490646426925,0.046362754607177495,0.1743,590
22133,PINK LOVE HEART SHAPE CUP,173,2186,12.64,1809.74,10.46,109,0.047485193193569614,0.41966391065381525,0.03336566440349176,0.1668,665
22134,LADLE LOVE HEART RED ,128,1969,15.38,777.18,6.07,81,0.04544514430760553,0.41735296180627496,0.02463627546071775,0.1625,708
22135,LADLE LOVE HEART PINK,105,1153,10.98,469.02,4.47,60,0.03777380840462537,0.416663275979923,0.02017458777885548,0.1582,751
22136,LOVE HEART SOCK HANGER,199,1879,9.44,2985.55,15.0,117,0.04459904108301213,0.4222954640399878,0.038409311348205626,0.1684,649
22137,BATHROOM SET LOVE HEART DESIGN,33,580,17.58,1399.0,42.39,24,0.03238695120804738,0.4187446428828008,0.006207565470417071,0.1524,809
22138,BAKING SET 9 PIECE RETROSPOT ,1961,8178,4.17,39027.86,19.9,1152,0.10381686565761022,0.5029609311868741,0.3802133850630456,0.329,50
22139,RETRO SPOT TEA SET CERAMIC 11 PC ,1898,9593,5.05,45521.9,23.98,945,0.11711948857760647,0.517495093127953,0.367992240543162,0.3342,45
22141,CHRISTMAS CRAFT TREE TOP ANGEL,447,3052,6.83,6232.48,13.94,313,0.055626586443546115,0.42956234358359197,0.08651794374393793,0.1906,451
22142,CHRISTMAS CRAFT WHITE FAIRY ,446,4072,9.13,5715.84,12.82,338,0.06521575632227132,0.42840606345208077,0.0863239573229874,0.1933,431
22143,CHRISTMAS CRAFT HEART DECORATIONS,56,408,7.29,808.8,14.44,52,0.030769953934379993,0.41742372980286524,0.01066925315227934,0.153,803
22144,CHRISTMAS CRAFT LITTLE FRIENDS,551,4242,7.7,8692.0,15.77,394,0.06681395130205885,0.4350669388705508,0.1066925315227934,0.2029,364
22145,CHRISTMAS CRAFT HEART STOCKING ,175,1254,7.17,2553.4,14.59,155,0.03872332424555796,0.42132827903915054,0.03375363724539282,0.1646,687
22146,EASTER CRAFT IVY WREATH WITH CHICK,102,1303,12.77,2276.85,22.32,93,0.039183980445614365,0.4207093388286182,0.01959262851600388,0.1598,735
22147,FELTCRAFT BUTTERFLY HEARTS,1078,11701,10.85,16095.25,14.93,582,0.1369371063269719,0.45163598285400214,0.20892337536372454,0.2658,121
22148,EASTER CRAFT 4 CHICKS ,254,2954,11.63,5352.3,21.07,209,0.0547052740434333,0.4275924329182282,0.049078564500484964,0.1771,565
22149,FELTCRAFT 6 FLOWER FRIENDS,1235,11510,9.32,23003.89,18.63,685,0.1351414872614459,0.46709805154354134,0.2393792434529583,0.2805,98
22150, 3 STRIPEY MICE FELTCRAFT,857,6869,8.02,12491.95,14.58,506,0.09151076431324622,0.443571519789055,0.16605237633365663,0.2337,209
22151,PLACE SETTING WHITE HEART,672,26170,38.94,10577.85,15.74,361,0.2729623014007709,0.4392876164913514,0.13016488845780796,0.2808,97
22152,PLACE SETTING WHITE STAR,231,6118,26.48,2488.49,10.77,154,0.08445050296136129,0.4211830054572823,0.0446168768186227,0.1834,511
22153,ANGEL DECORATION STARS ON DRESS,206,5223,25.35,2173.5,10.55,136,0.07603647645012691,0.4204780335646207,0.03976721629485936,0.1788,552
22154,ANGEL DECORATION 3 BUTTONS ,253,6604,26.1,2730.48,10.79,163,0.08901946037416565,0.4217245977246724,0.04888457807953443,0.1865,482
22155,STAR DECORATION RUSTIC,239,5434,22.74,2282.28,9.55,165,0.07802011845445145,0.42072149158704597,0.04616876818622696,0.1816,527
22156,HEART DECORATION WITH PEARLS ,454,5500,12.11,4633.01,10.2,259,0.0786405941524866,0.425982606470809,0.08787584869059166,0.1975,398
22157,ANGEL DECORATION WITH LACE PADDED,118,1575,13.35,1338.75,11.35,88,0.04174109241327442,0.4186097987400253,0.022696411251212415,0.161,723
22158,3 HEARTS HANGING DECORATION RUSTIC,671,7900,11.77,22231.96,33.13,375,0.10120334680831061,0.4653704127197618,0.12997090203685743,0.2322,214
22161,HEART DECORATION RUSTIC HANGING ,240,5300,22.08,1562.1,6.51,156,0.07676036476450127,0.4191096732510446,0.046362754607177495,0.1807,536
22162,HEART GARLAND RUSTIC PADDED,141,913,6.48,2635.75,18.69,92,0.03551753313904296,0.42151258468491926,0.027158098933074686,0.1614,719
22163,HEART STRING MEMO HOLDER HANGING,114,882,7.74,1390.14,12.19,86,0.035226097583905235,0.4187248135200624,0.021920465567410282,0.1586,747
22164,STRING OF STARS CARD HOLDER,43,302,7.02,809.3,18.82,41,0.029773432358747767,0.41742484884139447,0.008147429679922406,0.1518,815
22165,"DIAMANTE HEART SHAPED WALL MIRROR, ",134,774,5.78,4931.16,36.8,82,0.034210773714393156,0.4266498891458052,0.02580019398642095,0.1622,711
22166,"WALL MIRROR , RECT DIAMANTE, PINK/",47,295,6.28,1559.01,33.17,32,0.02970762433016828,0.4191027575929338,0.008923375363724539,0.1526,807
22167,"WALL MIRROR , DIAMANTE OVAL SHAPE",183,501,2.74,3582.15,19.57,92,0.031644260599793174,0.42363070081309784,0.03530552861299709,0.1635,698
22168,"ORGANISER WOOD, ANTIQUE WHITE ",334,601,1.8,4976.15,14.9,250,0.03258437529378584,0.42675058023266776,0.06459747817652764,0.1746,587
22169,FAMILY ALBUM WHITE PICTURE FRAME,604,2003,3.32,15951.04,26.41,276,0.04576478330356303,0.4513132297613937,0.11697381183317168,0.2047,353
22170,PICTURE FRAME WOOD TRIPLE PORTRAIT,537,2219,4.13,14076.75,26.21,280,0.0477954310425872,0.44711842431138954,0.10397672162948593,0.1996,386
22171,3 HOOK PHOTO SHELF ANTIQUE WHITE,576,2845,4.94,20246.32,35.15,270,0.05368054902698129,0.4609263973892921,0.11154219204655674,0.2087,323
22172,METAL SHELF WITH RAIL ,161,335,2.08,2805.0,17.42,124,0.030083670207765346,0.4218913792270729,0.031037827352085354,0.161,723
22173,METAL 4 HOOK HANGER FRENCH CHATEAU,730,4392,6.02,12446.42,17.05,383,0.06822412334304785,0.4434696201405808,0.1414161008729389,0.2177,282
22174,PHOTO CUBE,312,3880,12.44,5932.04,19.01,179,0.0634107361098054,0.42888993571213174,0.060329776915615904,0.1842,504
22175,PINK OWL SOFT TOY,301,1742,5.79,4843.88,16.09,161,0.043311083952242174,0.426454549780138,0.058195926285160036,0.176,575
22176,BLUE OWL SOFT TOY,223,1114,5.0,3186.3,14.29,126,0.03740716367396822,0.4227447580094847,0.04306498545101843,0.1677,656
22177,5 HOOK BLACKBOARD ORGANISER ,112,275,2.46,2352.64,21.01,90,0.02951960139136975,0.4208789626888831,0.021532492725509216,0.1573,760
22178,VICTORIAN GLASS HANGING T-LIGHT,1509,36278,24.04,44498.56,29.49,593,0.3679890946695497,0.5152047793508923,0.29253152279340444,0.3919,17
22179,SET 10 LIGHTS NIGHT OWL,415,1753,4.22,11283.29,27.19,201,0.043414496568581366,0.4408664455715102,0.08031037827352086,0.1882,469
22180,RETRO SPOT LAMP,388,865,2.23,8384.9,21.61,227,0.03506627808592648,0.4343796254058809,0.07507274490785645,0.1815,528
22181,SNOWSTORM PHOTO FRAME FRIDGE MAGNET,110,1443,13.12,1176.63,10.7,85,0.040500141017204096,0.41824696168729886,0.02114451988360815,0.16,733
22182,CAKE STAND VICTORIAN FILIGREE SMALL,68,355,5.22,1209.25,17.78,59,0.03027169314656388,0.4183199677609476,0.012997090203685741,0.1539,794
22183,CAKE STAND VICTORIAN FILIGREE MED,69,273,3.96,1381.85,20.03,60,0.029500799097489892,0.41870625986124727,0.013191076624636276,0.1538,795
22184,CAKE STAND VICTORIAN FILIGREE LARGE,83,250,3.01,1474.4,17.76,61,0.02928457271787158,0.4189133938930128,0.015906886517943745,0.1547,786
22185,SLATE TILE NATURAL HANGING,383,3734,9.75,5717.0,14.93,299,0.062038168656576104,0.4284086596214686,0.07410281280310378,0.1882,469
22186,RED STAR CARD HOLDER,293,1834,6.26,4658.54,15.9,234,0.04417598947071543,0.42603974457811283,0.05664403491755577,0.1756,579
22187,GREEN CHRISTMAS TREE CARD HOLDER,306,1933,6.32,5646.57,18.45,232,0.04510670301776817,0.42825103185423746,0.05916585838991271,0.1775,561
22188,BLACK HEART CARD HOLDER,491,10250,20.88,27304.7,55.61,292,0.1232960421171383,0.4767235957375733,0.0950533462657614,0.2317,216
22189,CREAM HEART CARD HOLDER,1148,15903,13.85,47245.47,41.15,537,0.17644072576854375,0.5213525756036977,0.2225024248302619,0.3068,67
22190,LOCAL CAFE MUG,126,1163,9.23,1933.83,15.35,89,0.037867819874024634,0.41994163363600634,0.02424830261881668,0.1607,726
22191,EAU DE NIL DINER WALL CLOCK,617,1583,2.57,13060.25,21.17,338,0.04181630158879383,0.44484341898140906,0.11949563530552862,0.2021,368
22192,BLUE DINER WALL CLOCK,528,1342,2.54,11106.33,21.03,263,0.0395506251762715,0.44047039545523536,0.10223084384093113,0.1941,426
22193,RED DINER WALL CLOCK,573,1796,3.13,14666.49,25.6,267,0.04381874588699822,0.4484383078758782,0.11096023278370513,0.2011,376
22194,BLACK DINER WALL CLOCK,147,347,2.36,2867.05,19.5,100,0.030196483971044467,0.42203025190855376,0.028322017458777885,0.1602,731
22195,HEART MEASURING SPOONS LARGE,536,4584,8.55,7467.72,13.93,325,0.07002914355551378,0.4323269058893521,0.1037827352085354,0.202,369
22196,SMALL HEART MEASURING SPOONS,597,5740,9.61,4824.66,8.08,304,0.080896869418069,0.4264115339390734,0.11561590688651795,0.2076,331
22197,"POPCORN HOLDER , SMALL ",1884,76140,40.41,57651.16,30.6,601,0.7427376139889067,0.5446413116707169,0.3652764306498545,0.5509,6
22198,"POPCORN HOLDER , LARGE",545,6440,11.82,10183.4,18.69,241,0.08747767227601767,0.4384048069956201,0.10552861299709021,0.2105,314
22199,FRYING PAN RED POLKADOT ,280,1379,4.92,5219.21,18.64,158,0.03989846761304879,0.4272945672425104,0.05412221144519884,0.1738,595
22200,FRYING PAN PINK POLKADOT ,237,1144,4.83,4558.54,19.23,121,0.037689198082166024,0.4258159368722614,0.0457807953443259,0.1698,635
22201,FRYING PAN BLUE POLKADOT ,108,409,3.79,1573.25,14.57,76,0.03077935508131992,0.4191346278102471,0.02075654704170708,0.1569,764
22202,MILK PAN PINK RETROSPOT,169,915,5.41,3272.85,19.37,93,0.03553633543292282,0.4229384635788992,0.032589718719689624,0.1637,696
22203,MILK PAN RED RETROSPOT,281,1213,4.32,4334.14,15.42,167,0.038337877221020965,0.4253137123803306,0.05431619786614937,0.1727,606
22204,MILK PAN BLUE RETROSPOT,103,399,3.87,1386.91,13.47,68,0.030685343611920653,0.41871758453116337,0.019786614936954414,0.1564,769
22207,FRYING PAN UNION FLAG,330,2773,8.4,10959.11,33.21,189,0.05300366644730657,0.44014090575068077,0.06382153249272551,0.1857,490
22208,WOOD STAMP SET THANK YOU,322,2057,6.39,2494.46,7.75,237,0.046272445238319075,0.42119636677732164,0.06226964112512124,0.1766,570
22209,WOOD STAMP SET HAPPY BIRTHDAY,198,1235,6.24,1488.46,7.52,159,0.03854470245369935,0.4189448612564555,0.038215324927255094,0.1652,681
22210,WOOD STAMP SET BEST WISHES,237,1446,6.1,1682.81,7.1,180,0.04052834445802388,0.41937983153277797,0.0457807953443259,0.1686,647
22211,WOOD STAMP SET FLOWERS,210,1232,5.87,1554.03,7.4,162,0.03851649901287957,0.4190916119691824,0.04054316197866149,0.1661,672
22212,FOUR HOOK  WHITE LOVEBIRDS,633,3670,5.8,7330.41,11.58,324,0.06143649525242079,0.4320195955284474,0.12259941804073715,0.2054,347
22214,CANDLE PLATE LACE WHITE,52,462,8.88,1069.3,20.56,43,0.031277615869136036,0.4180067488766084,0.009893307468477207,0.1531,802
22215,CAKE STAND WHITE TWO TIER LACE,349,967,2.77,7497.3,21.48,247,0.036025195073799005,0.4323931082087429,0.06750727449078564,0.1786,554
22216,T-LIGHT HOLDER WHITE LACE,63,1066,16.92,773.02,12.27,49,0.03695590862085174,0.41734365140571156,0.012027158098933075,0.1554,779
22217,T-LIGHT HOLDER HANGING LACE,177,2120,11.98,2266.02,12.8,152,0.046864717495534454,0.4206851004540745,0.03414161008729389,0.1672,661
22218,CAKE STAND LACE WHITE,195,1048,5.37,4156.0,21.31,143,0.03678668797593306,0.4249150213331267,0.03763336566440349,0.1664,669
22219,LOVEBIRD HANGING DECORATION WHITE ,753,8252,10.96,6915.66,9.18,384,0.1045125505311648,0.4310913530684283,0.14587778855480116,0.2272,238
22220,CAKE STAND LOVEBIRD 2 TIER WHITE,271,660,2.44,5744.35,21.2,195,0.033139042963241515,0.42846987102901907,0.052376333656644035,0.1713,620
22221,CAKE STAND LOVEBIRD 2 TIER PINK,147,873,5.94,6229.55,42.38,110,0.0351414872614459,0.42955578601781047,0.028322017458777885,0.1643,690
22222,CAKE PLATE LOVEBIRD WHITE,300,1214,4.05,4487.7,14.96,203,0.03834727836796089,0.4256573914934362,0.058001939864209505,0.174,593
22223,CAKE PLATE LOVEBIRD PINK,128,558,4.36,2055.3,16.06,89,0.032180125975369,0.42021349285630416,0.02463627546071775,0.159,743
22224,WHITE LOVEBIRD LANTERN,313,2083,6.65,5952.05,19.02,234,0.046516875058757165,0.4289347196340726,0.06052376333656644,0.1787,553
22227,"DECORATION, HANGING HEART+MIRROR ",407,5182,12.73,3358.1,8.25,195,0.07565102942558992,0.4231292596481376,0.07875848690591658,0.1925,438
22228,BUNNY WOODEN PAINTED WITH BIRD ,184,1454,7.9,1109.86,6.03,148,0.040603553633543295,0.41809752528210176,0.035499515033947625,0.1647,686
22229,BUNNY WOODEN PAINTED WITH FLOWER ,124,820,6.61,610.52,4.92,101,0.03464322647362978,0.41697996388370284,0.023860329776915615,0.1585,748
22230,JIGSAW TREE WITH WATERING CAN,134,1321,9.86,692.84,5.17,96,0.039353201090533044,0.41716420238715984,0.02580019398642095,0.1608,725
22231,JIGSAW TREE WITH BIRDHOUSE,241,1844,7.65,2194.78,9.11,166,0.04427000094011469,0.42052565984442586,0.04655674102812803,0.1705,628
22232,3 PIECE JIGSAW TOADSTOOLS,122,945,7.75,1075.81,8.82,96,0.03581836984112061,0.4180213187582593,0.023472356935014548,0.1591,742
22233,JIGSAW RABBIT AND BIRDHOUSE,139,819,5.89,976.11,7.02,112,0.034633825326689856,0.41779818247552536,0.02677012609117362,0.1597,736
22236,CAKE STAND 3 TIER MAGIC GARDEN,438,979,2.24,11830.65,27.01,253,0.03613800883707812,0.44209147943025895,0.08477206595538313,0.1877,472
22241,"GARLAND , WOODEN  "" HAPPY EASTER""",343,3800,11.08,4475.75,13.05,242,0.06265864435461126,0.42563064647258686,0.06634335596508245,0.1849,498
22242,"HOOK, 5 HANGER , MAGIC TOADSTOOL",317,4602,14.52,7173.3,22.63,186,0.07019836420043245,0.431667971241784,0.061299709020368576,0.1877,472
22243,"HOOK, 5 HANGER ,MAGIC TOADSTOOL RED",342,7466,21.83,11334.9,33.14,181,0.09712324903638243,0.44098195272850016,0.0661493695441319,0.2014,374
22244,"HOOK, 3 HANGER ,MAGIC GARDEN",297,4482,15.09,8088.3,27.23,169,0.06907022656764125,0.4337158117503253,0.0574199806013579,0.1867,480
22245,"HOOK, 1 HANGER ,MAGIC GARDEN",285,4340,15.23,3537.2,12.41,166,0.06773526370217166,0.4235300992493176,0.055092143549951504,0.1821,523
22246,"GARLAND, MAGIC GARDEN 1.8M",107,868,8.11,1662.48,15.54,84,0.03509448152674626,0.4193343314261784,0.020562560620756547,0.1583,750
22247,BUNNY DECORATION MAGIC GARDEN,108,970,8.98,791.32,7.33,86,0.036053398514618785,0.4173846082158824,0.02075654704170708,0.1581,752
22248,DECORATION  PINK CHICK MAGIC GARDEN,94,752,8.0,630.88,6.71,77,0.03400394848171477,0.41702553113261426,0.018040737148399613,0.1564,769
22249,DECORATION WHITE CHICK MAGIC GARDEN,148,1287,8.7,1077.31,7.28,126,0.039033562094575536,0.4180246758738471,0.02851600387972842,0.1619,714
22250,DECORATION  BUTTERFLY  MAGIC GARDEN,116,1014,8.74,832.78,7.18,98,0.036467048979975554,0.41747739889072843,0.02230843840931135,0.1588,745
22251,BIRDHOUSE DECORATION MAGIC GARDEN,191,1586,8.3,1882.94,9.86,141,0.041844505029613614,0.41982773789449856,0.03685741998060136,0.1662,671
22252,BIRDCAGE DECORATION MAGIC GARDEN,117,937,8.01,1151.81,9.84,85,0.0357431606656012,0.4181914126147065,0.02250242483026188,0.1588,745
22253,6 CROCHET STRAWBERRIES,72,937,13.01,1096.39,15.23,62,0.0357431606656012,0.4180673783841236,0.013773035887487876,0.1559,774
22254,FELT TOADSTOOL LARGE,121,1222,10.1,1491.02,12.32,95,0.03842248754348031,0.4189505907337253,0.023278370514064017,0.1602,731
22255,FELT TOADSTOOL  SMALL,95,953,10.03,810.05,8.53,73,0.03589357901664003,0.41742652739918834,0.018234723569350145,0.1572,761
22256,FELT FARM ANIMAL CHICKEN,87,834,9.59,1010.58,11.62,78,0.034774842530788753,0.41787532899173235,0.01668283220174588,0.1564,769
22257,FELT FARM ANIMAL SHEEP,28,310,11.07,228.14,8.15,23,0.02984864153426718,0.41612416797806795,0.0052376333656644035,0.1504,829
22258,FELT FARM ANIMAL RABBIT,76,1058,13.92,932.02,12.26,70,0.03688069944533233,0.41769950565801545,0.014548981571290009,0.1564,769
22259,FELT FARM ANIMAL HEN,36,475,13.19,354.71,9.85,31,0.031399830779355084,0.41640744139136415,0.006789524733268671,0.1515,818
22260,FELT EGG COSY BLUE RABBIT ,115,1171,10.18,959.47,8.34,85,0.037943029049544046,0.4177609408732717,0.022114451988360814,0.1593,740
22261,FELT EGG COSY WHITE RABBIT ,162,1749,10.8,1409.17,8.7,126,0.04337689198082166,0.41876740412648594,0.031231813773035886,0.1645,688
22262,FELT EGG COSY CHICKEN,201,1717,8.54,1462.57,7.28,135,0.04307605527874401,0.4188869174414106,0.038797284190106696,0.1669,664
22263,FELT EGG COSY LADYBIRD ,46,673,14.63,452.0,9.83,34,0.03326125787346056,0.4166251839083871,0.008729388942774006,0.1529,804
22264,FELT FARM ANIMAL WHITE BUNNY ,90,1803,20.03,865.71,9.62,80,0.043884553915577704,0.4175510987682653,0.017264791464597477,0.1596,737
22265,EASTER DECORATION NATURAL CHICK,143,1781,12.45,1129.65,7.9,107,0.04367772868289931,0.4181418168270898,0.027546071774975752,0.1631,702
22266,EASTER DECORATION HANGING BUNNY,134,2469,18.43,953.75,7.12,101,0.05014571777756886,0.41774813907249697,0.02580019398642095,0.1646,687
22267,EASTER DECORATION EGG BUNNY ,110,1454,13.22,1251.68,11.38,91,0.040603553633543295,0.41841492937054037,0.02114451988360815,0.1601,732
22268,EASTER DECORATION SITTING BUNNY,167,2292,13.72,1056.24,6.32,117,0.04848171476920184,0.41797751959022417,0.032201745877788554,0.1662,671
22269,EGG CUP NATURAL CHICKEN,161,1375,8.54,1163.39,7.23,107,0.03986086302528909,0.4182173295470441,0.031037827352085354,0.163,703
22270,HAPPY EASTER HANGING DECORATION,141,605,4.29,2217.63,15.73,104,0.03262197988154555,0.42057679990521296,0.027158098933074686,0.1601,732
22271,FELTCRAFT DOLL ROSIE,705,4440,6.3,12405.26,17.6,400,0.06867537839616433,0.4433775008888523,0.13656644034917556,0.2162,288
22272,FELTCRAFT DOLL MARIA,281,1342,4.78,3681.96,13.1,207,0.0395506251762715,0.42385408328430824,0.05431619786614937,0.1726,607
22273,FELTCRAFT DOLL MOLLY,720,5739,7.97,15770.13,21.9,423,0.08088746827112908,0.45090833924073775,0.13947623666343356,0.2238,251
22274,FELTCRAFT DOLL EMILY,591,3601,6.09,10028.21,16.97,344,0.06078781611356585,0.4380574798169092,0.11445198836081474,0.2044,355
22275,WEEKEND BAG VINTAGE ROSE PAISLEY,289,897,3.1,7273.45,25.17,169,0.03536711478800414,0.43189211465919436,0.05586808923375364,0.1744,589
22276,WASH BAG VINTAGE ROSE PAISLEY,309,1765,5.71,4334.7,14.03,215,0.04352731033186049,0.42531496570348337,0.05974781765276431,0.1762,573
22277,COSMETIC BAG VINTAGE ROSE PAISLEY,192,1301,6.78,2629.22,13.69,148,0.03916517815173451,0.4214979700417272,0.03705140640155189,0.1659,674
22278,OVERNIGHT BAG VINTAGE ROSE PAISLEY,254,780,3.07,3805.7,14.98,166,0.03426718059603272,0.4241310229395289,0.049078564500484964,0.1692,641
22279,POCKET BAG BLUE PAISLEY RED SPOT,126,1036,8.22,1590.61,12.62,109,0.036673874212653945,0.41917348082798284,0.02424830261881668,0.16,733
22280,POCKET BAG PINK PAISELY BROWN SPOT,91,579,6.36,943.03,10.36,79,0.03237755006110746,0.4177241468864297,0.01745877788554801,0.1559,774
22281,EASTER TREE YELLOW BIRDS,101,407,4.03,2097.05,20.76,83,0.030760552787440068,0.42030693257349716,0.019398642095053348,0.1568,765
22282,12 EGG HOUSE PAINTED WOOD,145,473,3.26,5151.17,35.53,92,0.03138102848547523,0.42714228847944913,0.02793404461687682,0.1622,711
22283,6 EGG HOUSE PAINTED WOOD,304,905,2.98,6738.59,22.17,197,0.03544232396352355,0.430695056763677,0.05877788554801164,0.175,584
22284,HEN HOUSE DECORATION,242,2315,9.57,3622.35,14.97,157,0.04869794114882016,0.4237206715108502,0.046750727449078565,0.1731,602
22285,"DECORATION HEN ON NEST, HANGING",221,2619,11.85,4008.75,18.14,165,0.05155588981855786,0.4245854644862604,0.04267701260911736,0.1729,604
22286,"DECORATION , WOBBLY RABBIT , METAL ",144,1819,12.63,1937.07,13.45,119,0.044034972266616526,0.419948885005676,0.027740058195926284,0.1639,694
22287,"DECORATION , WOBBLY CHICKEN, METAL ",90,1272,14.13,1312.98,14.59,81,0.03889254489047664,0.4185521234942274,0.017264791464597477,0.1582,751
22288,"DECORATION , HANGING METAL RABBIT",92,1265,13.75,1416.25,15.39,75,0.03882673686189715,0.4187832497120602,0.017652764306498547,0.1584,749
22289,"DECORATION , HANGING METAL CHICKEN",51,723,14.18,738.75,14.49,45,0.033731315220456894,0.41726695250491624,0.009699321047526674,0.1536,797
22290,STANDING METAL RABBIT WITH EGG,70,656,9.37,1166.1,16.66,60,0.03310143837548181,0.41822339473587267,0.01338506304558681,0.1549,784
22291,"SPRING DEC , HANGING CHICK CREAM",216,3042,14.08,4115.7,19.05,141,0.05553257497414685,0.4248248268276686,0.041707080504364696,0.174,593
22292,"SPRING DEC , HANGING CHICK  YELLOW",186,2638,14.18,3529.9,18.98,145,0.05173451161041647,0.4235137612867904,0.03588748787584869,0.1704,629
22293,"SPRING DEC , HANGING CHICK  GREEN",160,1881,11.76,2547.45,15.92,114,0.04461784337689198,0.4213149624806524,0.03084384093113482,0.1656,677
22294,HEART FILIGREE DOVE  SMALL,745,16177,21.71,19582.85,26.29,414,0.17901664003008366,0.45944150040327913,0.1443258971871969,0.2609,132
22295,HEART FILIGREE DOVE LARGE,641,8111,12.65,13104.87,20.44,382,0.10318698881263515,0.44494328197975996,0.12415130940834142,0.2241,250
22296,HEART IVORY TRELLIS LARGE,763,9408,12.33,15204.88,19.93,428,0.11538027639372003,0.4496432661834121,0.1478176527643065,0.2376,198
22297,HEART IVORY TRELLIS SMALL,672,12664,18.85,15492.84,23.05,391,0.14599041083012126,0.45028774285318207,0.13016488845780796,0.2421,176
22299,PIG KEYRING WITH LIGHT & SOUND ,133,3738,28.11,4076.44,30.65,103,0.06207577324433581,0.4247369599223513,0.025606207565470416,0.1708,625
22300,COFFEE MUG DOG + BALL DESIGN,435,3860,8.87,8860.74,20.37,255,0.06322271317100686,0.43544459199340463,0.08419010669253152,0.1943,424
22301,COFFEE MUG CAT + BIRD DESIGN,494,4657,9.43,10639.29,21.54,274,0.07071542728212842,0.43942512394582656,0.09563530552861299,0.2019,370
22302,COFFEE MUG PEARS  DESIGN,364,4771,13.11,9949.06,27.33,213,0.07178715803328006,0.4378803360177277,0.07041707080504364,0.1934,430
22303,COFFEE MUG APPLES DESIGN,508,5171,10.18,11843.5,23.31,267,0.07554761680925073,0.4421202387204609,0.09835111542192046,0.2053,348
22304,COFFEE MUG BLUE PAISLEY DESIGN,147,2312,15.73,4410.56,30.0,98,0.04866973770800038,0.4254847462291423,0.028322017458777885,0.1675,658
22305,COFFEE MUG PINK PAISLEY DESIGN,131,2219,16.94,4531.75,34.59,87,0.0477954310425872,0.4257559787878637,0.02521823472356935,0.1663,670
22306,SILVER MUG BONE CHINA TREE OF LIFE,154,1561,10.14,2128.47,13.82,125,0.04160947635611545,0.42037725295467576,0.02967992240543162,0.1639,694
22307,GOLD MUG BONE CHINA TREE OF LIFE,109,1112,10.2,1590.61,14.59,87,0.03738836138008837,0.41917348082798284,0.020950533462657614,0.1592,741
22308,TEA COSY BLUE STRIPE,100,489,4.89,1207.09,12.07,75,0.03153144683651406,0.41831513351450117,0.019204655674102813,0.1564,769
22309,TEA COSY RED  STRIPE,172,1182,6.87,2784.63,16.19,117,0.03804644166588324,0.421845789597391,0.033171677982541226,0.1644,689
22310,KNITTED MUG COSY IVORY COLOUR ,115,1476,12.83,2278.04,19.81,64,0.04081037886622168,0.42071200214031784,0.022114451988360814,0.1612,721
22311,OFFICE MUG WARMER BLACK+SILVER ,196,1927,9.83,5543.45,28.28,120,0.045050296136128605,0.4280202413479634,0.037827352085354024,0.1703,630
22312,OFFICE MUG WARMER POLKADOT,191,992,5.19,3175.94,16.63,106,0.03626022374729717,0.42272157153115847,0.03685741998060136,0.1653,680
22313,OFFICE MUG WARMER PINK,110,700,6.36,2252.14,20.47,74,0.033515088840838585,0.42065403594450235,0.02114451988360815,0.1584,749
22314,OFFICE MUG WARMER CHOC+BLUE,187,1016,5.43,3299.74,17.65,102,0.03648585127385541,0.42299864547100263,0.036081474296799226,0.1652,681
22315,200 RED + WHITE BENDY STRAWS,300,1925,6.42,2319.61,7.73,191,0.045031493842248756,0.4208050390036403,0.058001939864209505,0.1746,587
22316,200 BENDY SKULL STRAWS,96,1223,12.74,1369.15,14.26,62,0.03843188869042023,0.41867783628260413,0.01842870999030068,0.1585,748
22317,FIVE CATS HANGING DECORATION,97,450,4.64,1324.02,13.65,83,0.031164802105856915,0.4185768318649533,0.01862269641125121,0.1561,772
22318,FIVE HEART HANGING DECORATION,297,1441,4.85,4222.15,14.22,204,0.040481338723324246,0.42506307013054745,0.0574199806013579,0.1743,590
22319,HAIRCLIPS FORTIES FABRIC ASSORTED,171,2880,16.84,1584.96,9.27,142,0.054009589169878726,0.41916083569260226,0.03297769156159069,0.1687,646
22320,BIRDS MOBILE VINTAGE DESIGN,179,555,3.1,3253.61,18.18,130,0.03215192253454922,0.4228954029762933,0.03452958292919495,0.1632,701
22321,BIRD DECORATION RED SPOT,158,2223,14.07,1869.27,11.83,118,0.0478330356303469,0.41979714338110863,0.030455868089233753,0.166,673
22322,BIRD DECORATION GREEN  SPOT,95,1045,11.0,888.25,9.35,77,0.03675848453511328,0.4176015450251643,0.018234723569350145,0.1575,758
22323,PINK POLKADOT KIDS BAG,78,558,7.15,1360.5,17.44,57,0.032180125975369,0.41865847691604796,0.014936954413191077,0.1553,780
22324,BLUE POLKADOT KIDS BAG,69,535,7.75,1299.21,18.83,53,0.03196389959575068,0.4185213051731316,0.013191076624636276,0.1546,787
22325,MOBILE VINTAGE HEARTS ,172,391,2.27,1899.75,11.05,129,0.030610134436401242,0.4198653599698522,0.033171677982541226,0.1612,721
22326,"ROUND SNACK BOXES ,SET4, WOODLAND ",1184,14639,12.36,40246.37,33.99,439,0.16455767603647645,0.5056880504634453,0.22948593598448108,0.2999,72
22327,ROUND SNACK BOXES SET OF 4 SKULLS,487,2610,5.36,7387.9,15.17,256,0.051471279496098525,0.4321482625785414,0.09427740058195927,0.1926,437
22328,"ROUND SNACK BOXES ,SET 4, FRUITS ",1021,11743,11.5,32111.49,31.45,401,0.13733195449844882,0.48748156216167265,0.19786614936954414,0.2742,107
22329,ROUND CONTAINER SET OF 5 RETROSPOT,428,4762,11.13,7420.3,17.34,261,0.07170254771082071,0.43222077627523725,0.08283220174587778,0.1956,412
22330,72 ROUND PINK DOILIES,16,103,6.44,149.35,9.33,15,0.02790260411770236,0.41594782988662754,0.002909796314258002,0.1489,844
22331,WOODLAND PARTY BAG + STICKER SET,356,3432,9.64,5410.16,15.2,227,0.059199022280718244,0.4277219280568339,0.06886517943743937,0.1853,494
22332,SKULLS PARTY BAG + STICKER SET,343,3621,10.56,5617.85,16.38,233,0.06097583905236439,0.4281867542811169,0.06634335596508245,0.1852,495
22333,RETRO SPORT PARTY BAG + STICKER SET,623,8486,13.62,13089.98,21.01,335,0.10671241891510765,0.44490995701235875,0.12065955383123181,0.2241,250
22334,DINOSAUR PARTY BAG + STICKER SET,253,2177,8.6,3428.89,13.55,181,0.04740058287111028,0.4232876931231099,0.04888457807953443,0.1732,601
22335,HEART DECORATION PAINTED ZINC ,361,7539,20.88,4602.15,12.75,244,0.09780953276299709,0.42591353941278315,0.06983511154219205,0.1979,395
22336,DOVE DECORATION PAINTED ZINC ,159,4419,27.79,1999.81,12.58,136,0.06847795431042587,0.42008930196032723,0.030649854510184288,0.1731,602
22337,ANGEL DECORATION PAINTED ZINC ,85,2165,25.47,1292.05,15.2,67,0.047287769107831154,0.4185052805413926,0.016294859359844812,0.1607,726
22338,STAR DECORATION PAINTED ZINC ,190,5414,28.49,1702.88,8.96,143,0.07783209551565291,0.41942474973934235,0.03666343355965083,0.178,558
22339,CHRISTMAS TREE PAINTED ZINC ,114,3178,27.88,1154.26,10.13,87,0.05681113095797687,0.41819689590349984,0.021920465567410282,0.1656,677
22340,NOEL GARLAND PAINTED ZINC ,97,1332,13.73,1008.36,10.4,81,0.039456613706872236,0.41787036046066245,0.01862269641125121,0.1586,747
22341,LOVE GARLAND PAINTED ZINC ,150,2136,14.24,3394.4,22.63,130,0.04701513584657328,0.42321050184536163,0.028903976721629487,0.1664,669
22342,HOME GARLAND PAINTED ZINC ,121,1538,12.71,1932.9,15.97,111,0.04139324997649713,0.419939552224342,0.023278370514064017,0.1615,718
22343,PARTY PIZZA DISH RED WHITE SPOT ,134,2940,21.94,1749.84,13.06,90,0.054573657986274324,0.4195298498380102,0.02580019398642095,0.1666,667
22344,PARTY PIZZA DISH PINK+WHITE SPOT ,84,1344,16.0,626.04,7.45,65,0.03956942747015136,0.41701469883965103,0.016100872938894277,0.1576,757
22345,PARTY PIZZA DISH BLUE+WHITE SPOT ,85,1281,15.07,583.11,6.86,62,0.03897715521293598,0.416918618191529,0.016294859359844812,0.1574,759
22346,PARTY PIZZA DISH GREEN+WHITE SPOT ,62,1129,18.21,509.71,8.22,43,0.037548180878067126,0.416754343335434,0.011833171677982542,0.1554,779
22347,PIZZA SLICE DISH,76,2641,34.75,2936.45,38.64,50,0.05176271505123625,0.42218557445641475,0.014548981571290009,0.1628,705
22348,TEA BAG PLATE RED SPOTTY ,706,11799,16.71,9582.21,13.57,344,0.1378584187270847,0.43705929744881145,0.1367604267701261,0.2372,200
22349,"DOG BOWL , CHASING BALL DESIGN",331,2347,7.09,8920.63,26.95,227,0.04899877785089781,0.43557863042843914,0.06401551891367604,0.1829,516
22350,CAT BOWL ,256,2590,10.12,6593.46,25.76,169,0.05128325655729999,0.4303702446401747,0.049466537342386034,0.177,566
22351,DOTCOMGIFTSHOP TEA TOWEL,1,12,12.0,19.8,19.8,1,0.027047099746169034,0.4156578870036969,0.0,0.1476,857
22352,LUNCHBOX WITH CUTLERY RETROSPOT ,859,6625,7.71,15718.09,18.3,366,0.08921688445990411,0.4507918697106126,0.16644034917555772,0.2355,202
22353,LUNCHBOX WITH CUTLERY FAIRY CAKES ,381,2780,7.3,6662.4,17.49,201,0.05306947447588606,0.43052453767258875,0.07371483996120272,0.1858,489
22354,RETRO SPOT PADDED SEAT CUSHION,241,2077,8.62,7454.53,30.93,157,0.04646046817711761,0.43229738565295023,0.04655674102812803,0.1751,583
22355,"CHARLOTTE BAG , SUKI DESIGN",1229,19298,15.7,15359.66,12.5,393,0.20835761962959481,0.44998967575052906,0.23821532492725508,0.2989,73
22356,"CHARLOTTE BAG , PINK/WHITE SPOTS",1144,16041,14.02,12892.55,11.27,424,0.17773808404625363,0.44446809345869603,0.22172647914645974,0.2813,96
22357,KINGS CHOICE BISCUIT TIN,334,1825,5.46,7846.09,23.49,259,0.04409137914825609,0.4331737271059824,0.06459747817652764,0.1806,537
22358,KINGS CHOICE TEA CADDY ,402,2225,5.53,6298.23,15.67,295,0.04785183792422676,0.42970949715018936,0.07778855480116392,0.1851,496
22359,GLASS JAR KINGS CHOICE,169,1188,7.03,3640.72,21.54,118,0.0381028485475228,0.4237617849864151,0.032589718719689624,0.1648,685
22360,"GLASS JAR, ENGLISH CONFECTIONERY",344,2099,6.1,5730.25,16.66,209,0.046667293409795994,0.42843831414249395,0.06653734238603298,0.1805,538
22361,GLASS JAR DAISY FRESH COTTON WOOL,294,1454,4.95,4009.8,13.64,189,0.040603553633543295,0.4245878144671718,0.0568380213385063,0.174,593
22362,GLASS JAR PEACOCK BATH SALTS,190,609,3.21,1749.43,9.21,133,0.03265958446930525,0.4195289322264162,0.03666343355965083,0.163,703
22363,GLASS JAR MARMALADE ,144,583,4.05,1633.89,11.35,99,0.03241515464886716,0.4192703448030754,0.027740058195926284,0.1598,735
22364,GLASS JAR DIGESTIVE BISCUITS,255,1783,6.99,5249.65,20.59,164,0.04369653097677917,0.42736269430817164,0.0492725509214355,0.1734,599
22365,DOORMAT RESPECTABLE HOUSE,350,2218,6.34,13739.9,39.26,193,0.04778602989564727,0.44636452805422877,0.06770126091173617,0.1873,475
22366,DOORMAT AIRMAIL ,438,2341,5.34,14725.09,33.62,252,0.04894237096925825,0.4485694591915072,0.08477206595538313,0.1941,426
22367,CHILDS APRON SPACEBOY DESIGN,1021,7651,7.49,14195.19,13.9,594,0.09886246122026887,0.4473835021582001,0.19786614936954414,0.248,159
22371,AIRLINE BAG VINTAGE TOKYO 78,519,1505,2.9,6889.73,13.28,286,0.04108301212747955,0.431033319730301,0.10048496605237633,0.1909,449
22372,AIRLINE BAG VINTAGE WORLD CHAMPION ,231,519,2.25,2520.13,10.91,163,0.03181348124471185,0.42125381821541374,0.0446168768186227,0.1659,674
22374,AIRLINE BAG VINTAGE JET SET RED,347,889,2.56,4249.99,12.25,226,0.03529190561248472,0.4251253781958565,0.06711930164888458,0.1758,577
22375,AIRLINE BAG VINTAGE JET SET BROWN,197,469,2.38,2160.65,10.97,135,0.03134342389771552,0.42044927427441875,0.038021338506304556,0.1633,700
22376,AIRLINE BAG VINTAGE JET SET WHITE,194,449,2.31,2148.09,11.07,145,0.031155400958916987,0.4204211640265638,0.03743937924345296,0.163,703
22377,BOTTLE BAG RETROSPOT ,294,3152,10.72,5624.49,19.13,200,0.05656670113753878,0.4282016151127854,0.0568380213385063,0.1805,538
22378,WALL TIDY RETROSPOT ,295,3031,10.27,4819.16,16.34,167,0.055429162357807656,0.42639922451525153,0.05703200775945684,0.1796,545
22379,RECYCLING BAG RETROSPOT ,1030,14192,13.78,27764.83,26.96,423,0.16035536335432923,0.47775340213450784,0.19961202715809892,0.2792,100
22380,TOY TIDY SPACEBOY  ,559,4609,8.25,8949.5,16.01,300,0.07026417222901193,0.43564324371311847,0.10824442289039768,0.2047,353
22381,TOY TIDY PINK RETROSPOT  ,811,8627,10.64,16917.83,20.86,349,0.1080379806336373,0.4534769802807954,0.1571290009699321,0.2395,187
22382,LUNCHBAG SPACEBOY DESIGN ,1955,19225,9.83,30767.05,15.74,791,0.20767133590298018,0.48447260184112273,0.3790494665373424,0.3571,33
22383,LUNCHBAG SUKI  DESIGN ,2070,23693,11.45,37738.25,18.23,664,0.24967566043057254,0.5000746846314427,0.40135790494665374,0.3837,19
22384,LUNCHBAG PINK RETROSPOT,1909,19963,10.46,31860.75,16.69,681,0.21460938234464605,0.48692038672002064,0.37012609117361783,0.3572,32
22385,JUMBO BAG SPACEBOY DESIGN,994,15957,16.05,29084.71,29.26,412,0.1769483877032998,0.48070739528250056,0.19262851600387973,0.2834,90
22386,JUMBO BAG PINK WITH WHITE SPOTS,1811,36857,20.35,66904.73,36.94,601,0.3734323587477672,0.5653515143970796,0.3511154219204656,0.43,12
22389,PAPERWEIGHT SAVE THE PLANET,81,524,6.47,950.16,11.73,74,0.03186048697941149,0.41774010437585696,0.015518913676042677,0.155,783
22390,PAPERWEIGHT CHILDHOOD MEMORIES,73,795,10.89,1378.22,18.88,56,0.034408197800131615,0.41869813564152486,0.01396702230843841,0.1557,776
22391,PAPERWEIGHT HOME SWEET HOME,50,305,6.1,545.31,10.91,45,0.029801635799567548,0.4168340188787171,0.009505334626576139,0.152,813
22393,PAPERWEIGHT VINTAGE COLLAGE,92,748,8.13,1178.23,12.81,76,0.033966343893955066,0.41825054261059247,0.017652764306498547,0.1566,767
22394,PAPERWEIGHT KINGS CHOICE ,48,331,6.9,484.05,10.08,43,0.03004606562000564,0.41669691427811245,0.009117361784675072,0.152,813
22395,PAPERWEIGHT VINTAGE PAISLEY,33,214,6.48,313.86,9.51,31,0.02894613142803422,0.4163160159435238,0.006207565470417071,0.1505,828
22396,MAGNETS PACK OF 4 RETRO PHOTO,161,1824,11.33,1335.44,8.29,122,0.04408197800131616,0.4186023907049616,0.031037827352085354,0.1646,687
22398,MAGNETS PACK OF 4 SWALLOWS,405,4096,10.11,3461.45,8.55,273,0.06544138384882955,0.42336056491213514,0.07837051406401552,0.1891,462
22399,MAGNETS PACK OF 4 CHILDHOOD MEMORY,258,3978,15.42,4637.34,17.97,180,0.06433204850991821,0.4259922973444723,0.0498545101842871,0.1801,542
22400,MAGNETS PACK OF 4 HOME SWEET HOME,229,2415,10.55,1994.42,8.71,159,0.04963805584281282,0.42007723872498187,0.04422890397672163,0.1713,620
22402,MAGNETS PACK OF 4 VINTAGE COLLAGE,245,3390,13.84,2952.81,12.05,158,0.058804174109241325,0.422222189397092,0.047332686711930166,0.1761,574
22403,MAGNETS PACK OF 4 VINTAGE LABELS ,162,1595,9.85,1033.33,6.38,137,0.04192911535207295,0.4179262452448136,0.031231813773035886,0.1637,696
22405,MONEY BOX POCKET MONEY DESIGN,198,1584,8.0,1867.99,9.43,173,0.04182570273573376,0.41979427864247376,0.038215324927255094,0.1666,667
22406,MONEY BOX KINGS CHOICE DESIGN,180,2366,13.14,2932.12,16.29,145,0.049177399642756414,0.4221758835827513,0.03472356935014549,0.1687,646
22407,MONEY BOX FIRST ADE DESIGN,66,391,5.92,457.92,6.94,55,0.030610134436401242,0.4166384333245735,0.012609117361784675,0.1533,800
22408,MONEY BOX CONFECTIONERY DESIGN,79,589,7.46,701.94,8.89,72,0.032471561530506725,0.41718456888839234,0.01513094083414161,0.1549,784
22409,MONEY BOX BISCUITS DESIGN,130,1624,12.49,2155.4,16.58,108,0.04220174861333083,0.42043752436986154,0.025024248302618818,0.1626,707
22410,MONEY BOX HOUSEKEEPING DESIGN,171,1316,7.7,1567.73,9.17,136,0.03930619535583341,0.4191222736248841,0.03297769156159069,0.1638,695
22411,JUMBO SHOPPER VINTAGE RED PAISLEY,1712,23866,13.94,44291.01,25.87,658,0.25130205885117984,0.5147402664573976,0.33191076624636273,0.366,24
22412,METAL SIGN NEIGHBOURHOOD WITCH ,313,2284,7.3,4656.9,14.88,166,0.04840650559368243,0.4260360741317369,0.06052376333656644,0.1783,555
22413,METAL SIGN TAKE IT OR LEAVE IT ,779,6685,8.58,18522.47,23.78,446,0.0897809532762997,0.45706828825197093,0.15092143549951503,0.2326,213
22414,DOORMAT NEIGHBOURHOOD WITCH ,164,1120,6.83,6259.0,38.16,92,0.037463570555607784,0.4296216973871838,0.03161978661493695,0.1662,671
22415,WHITE TISSUE REAM,204,317,1.55,2520.15,12.35,156,0.029914449562846668,0.4212538629769549,0.03937924345295829,0.1635,698
22416,36 DOILIES SPACEBOY DESIGN ,155,1937,12.5,2693.45,17.38,122,0.04514430760552787,0.4216417217311956,0.029873908826382155,0.1656,677
22417,PACK OF 60 SPACEBOY CAKE CASES,937,20753,22.15,10402.79,11.1,521,0.22203628842718812,0.43889581872148775,0.18157129000969932,0.2808,97
22418,10 COLOUR SPACEBOY PEN,486,11715,24.1,9727.65,20.02,332,0.13706872238413087,0.4373848033762019,0.09408341416100872,0.2228,255
22419,LIPSTICK PEN RED,299,5631,18.83,2346.72,7.85,191,0.079872144401617,0.4208657132726967,0.05780795344325897,0.1862,485
22420,LIPSTICK PEN BABY PINK,156,1817,11.65,758.45,4.86,111,0.04401616997273668,0.41731104262296903,0.030067895247332686,0.1638,695
22421,LIPSTICK PEN FUSCHIA,252,3680,14.6,1507.88,5.98,172,0.06153050672182006,0.4189883247129319,0.0486905916585839,0.1764,571
22422,TOOTHPASTE TUBE PEN,155,2056,13.26,1072.5,6.92,119,0.04626304409137915,0.41801391072319566,0.029873908826382155,0.1647,686
22423,REGENCY CAKESTAND 3 TIER,3676,22674,6.17,261110.95,71.03,1316,0.24009589169878726,1.0,0.7129000969932104,0.651,4
22424,ENAMEL BREAD BIN CREAM,586,1253,2.14,15051.2,25.68,311,0.038713923098618035,0.44929931850105953,0.11348205625606207,0.2005,380
22425,ENAMEL COLLANDER CREAM,267,782,2.93,3766.71,14.11,195,0.03428598288991257,0.4240437603150174,0.0516003879728419,0.17,633
22426,ENAMEL WASH BOWL CREAM,280,1146,4.09,3951.1,14.11,182,0.03770800037604588,0.424456439343837,0.05412221144519884,0.1721,612
22427,ENAMEL FLOWER JUG CREAM,725,2990,4.12,17185.68,23.7,460,0.05504371533327066,0.4540764492209186,0.14044616876818622,0.2165,285
22428,ENAMEL FIRE BUCKET CREAM,165,407,2.47,2813.63,17.05,126,0.030760552787440068,0.4219106938320879,0.03181377303588749,0.1615,718
22429,ENAMEL MEASURING JUG CREAM,549,2109,3.84,8697.29,15.84,364,0.04676130487919526,0.43507877829819036,0.10630455868089234,0.196,409
22430,ENAMEL WATERING CAN CREAM,313,1251,4.0,5744.49,18.35,230,0.03869512080473818,0.4284701843598072,0.06052376333656644,0.1759,576
22431,WATERING CAN BLUE ELEPHANT,506,3161,6.25,5969.65,11.8,269,0.05665131145999812,0.4289741097903024,0.0979631425800194,0.1945,422
22432,WATERING CAN PINK BUNNY,436,3370,7.73,6169.4,14.15,266,0.0586161511704428,0.4294211656827408,0.08438409311348205,0.1908,450
22433,WATERING CAN GREEN DINOSAUR,359,2661,7.41,4804.67,13.38,211,0.05195073799003479,0.4263667947786737,0.06944713870029098,0.1826,519
22434,BALLOON PUMP WITH 10 BALLOONS,270,2503,9.27,4619.03,17.11,203,0.05046535677352637,0.42595131815353093,0.0521823472356935,0.1762,573
22435,SET OF 9 HEART SHAPED BALLOONS,458,4577,9.99,5628.29,12.29,303,0.06996333552693429,0.4282101198056078,0.08865179437439379,0.1956,412
22436,12 COLOURED PARTY BALLOONS,262,4131,15.77,2620.95,10.0,173,0.06577042399172699,0.4214794611444533,0.05063045586808924,0.1793,548
22437,SET OF 9 BLACK SKULL BALLOONS,367,6316,17.21,5184.0,14.13,258,0.08631193005546677,0.4272157645492801,0.07099903006789525,0.1948,419
22438,BALLOON ART MAKE YOUR OWN FLOWERS,136,1323,9.73,1636.65,12.03,117,0.0393720033844129,0.41927652189575687,0.026188166828322017,0.1616,717
22439,6 ROCKET BALLOONS ,318,3629,11.41,2386.45,7.5,216,0.0610510482278838,0.4209546320742315,0.06149369544131911,0.1812,531
22440,BALLOON WATER BOMB PACK OF 35,270,8252,30.56,3206.04,11.87,187,0.1045125505311648,0.4227889376506198,0.0521823472356935,0.1932,432
22441,GROW YOUR OWN BASIL IN ENAMEL MUG,399,2505,6.28,5194.5,13.02,295,0.05048415906740622,0.42723926435839454,0.07720659553831231,0.185,497
22442,GROW YOUR OWN FLOWERS SET OF 3,178,840,4.72,4511.76,25.35,140,0.034831249412428315,0.42571123962746404,0.03433559650824442,0.165,683
22443,GROW YOUR OWN HERBS SET OF 3,243,643,2.65,4905.69,20.19,193,0.03297922346526276,0.42659288532312484,0.046944713870029096,0.1688,645
22444,GROW YOUR OWN PLANT IN A CAN ,337,8847,26.25,10835.31,32.15,249,0.11010623296042117,0.43986383181083666,0.06517943743937925,0.205,351
22445,PENCIL CASE LIFE IS BEAUTIFUL,222,1174,5.29,3417.5,15.39,147,0.037971232490363827,0.4232622014254134,0.04287099903006789,0.168,653
22446,PIN CUSHION RUSSIAN DOLL PINK,88,327,3.72,989.09,11.24,61,0.030008461032245935,0.4178272327157449,0.01687681862269641,0.1549,784
22447,PIN CUSHION RUSSIAN DOLL BLUE,49,175,3.57,558.95,11.41,41,0.02857948669737708,0.4168645462497953,0.009311348205625606,0.1516,817
22448,PIN CUSHION RUSSIAN DOLL RED,106,727,6.86,2289.31,21.6,79,0.0337689198082166,0.4207372252687673,0.020368574199806012,0.1583,750
22449,SILK PURSE RUSSIAN DOLL PINK,240,1164,4.85,3846.33,16.03,155,0.03787722102096456,0.42422195601041635,0.046362754607177495,0.1695,638
22450,SILK PURSE RUSSIAN DOLL BLUE,174,791,4.55,2623.45,15.08,117,0.03437059321237191,0.42148505633709954,0.03355965082444229,0.1631,702
22451,SILK PURSE RUSSIAN DOLL RED,205,1235,6.02,4022.05,19.62,134,0.03854470245369935,0.4246152309111386,0.03957322987390883,0.1676,657
22452,MEASURING TAPE RUSSIAN DOLL PINK,170,888,5.22,2521.4,14.83,112,0.035282504465544796,0.42125666057327804,0.032783705140640156,0.1631,702
22453,MEASURING TAPE RUSSIAN DOLL BLUE,111,680,6.13,1931.6,17.4,78,0.03332706590204005,0.4199366427241659,0.02133850630455868,0.1582,751
22454,MEASURING TAPE RUSSIAN DOLL RED,166,1348,8.12,3727.0,22.45,115,0.039607032057911065,0.42395488627502376,0.03200775945683802,0.1652,681
22456,NATURAL SLATE CHALKBOARD LARGE ,647,3915,6.05,17150.51,26.51,386,0.06373977625270283,0.4539977360507707,0.12531522793404462,0.2144,297
22457,NATURAL SLATE HEART CHALKBOARD ,1680,14078,8.38,39960.22,23.79,874,0.1592836326031776,0.5050476247131512,0.32570320077594567,0.33,48
22458,CAST IRON HOOK GARDEN FORK,151,1487,9.85,3599.61,23.84,121,0.04091379148256087,0.4236697776385395,0.029097963142580018,0.1646,687
22459,CAST IRON HOOK GARDEN TROWEL,150,1336,8.91,3164.96,21.1,124,0.03949421829463195,0.42269699744505596,0.028903976721629487,0.1637,696
22460,EMBOSSED GLASS TEALIGHT HOLDER,299,4233,14.16,5130.22,17.16,206,0.06672934097959951,0.4270954007650732,0.05780795344325897,0.1839,507
22461,SAVOY ART DECO CLOCK,160,333,2.08,2601.35,16.26,82,0.030064867913885494,0.42143559483410636,0.03084384093113482,0.1608,725
22464,HANGING METAL HEART LANTERN,681,7144,10.49,11161.56,16.39,399,0.09409607972172605,0.4405940044511772,0.13191076624636275,0.2222,259
22465,HANGING METAL STAR LANTERN,415,4186,10.09,6449.08,15.54,270,0.06628748707342295,0.4300471110744663,0.08031037827352086,0.1922,441
22466,FAIRY TALE COTTAGE NIGHTLIGHT,315,5084,16.14,9041.7,28.7,200,0.07472971702547711,0.43584959441791354,0.060911736178467506,0.1905,452
22467,GUMBALL COAT RACK,1004,11167,11.12,25486.13,25.38,398,0.13191689386105104,0.47265349594126965,0.19456838021338507,0.2664,119
22468,BABUSHKA LIGHTS STRING OF 10,341,1572,4.61,9877.34,28.97,196,0.04171288897245464,0.437719821131091,0.06595538312318137,0.1818,525
22469,HEART OF WICKER SMALL,1840,25912,14.08,42891.89,23.31,886,0.2705368054902698,0.511608928083288,0.35674102812803105,0.3796,20
22470,HEART OF WICKER LARGE,1805,16708,9.26,48830.8,27.05,827,0.18400864905518474,0.5249006663068734,0.3499515033947624,0.353,34
22471,TV DINNER TRAY AIR HOSTESS ,124,550,4.44,2005.48,16.17,91,0.03210491679984958,0.420101991857249,0.023860329776915615,0.1587,746
22472,TV DINNER TRAY DOLLY GIRL,206,1044,5.07,4619.52,22.42,131,0.036749083388173356,0.42595241481128954,0.03976721629485936,0.1675,658
22473,TV DINNER TRAY VINTAGE PAISLEY,166,732,4.41,2580.44,15.54,120,0.033815925542916236,0.4213887966428128,0.03200775945683802,0.1624,709
22474,SPACEBOY TV DINNER TRAY,192,862,4.49,3792.14,19.75,144,0.0350380746451067,0.4241006746146155,0.03705140640155189,0.1654,679
22475,SKULL DESIGN TV DINNER TRAY,204,684,3.35,3023.2,14.82,115,0.033364670489799755,0.42237972764124093,0.03937924345295829,0.165,683
22476,EMPIRE UNION JACK TV DINNER TRAY,191,1211,6.34,4029.97,21.1,145,0.03831907492714111,0.42463295648144206,0.03685741998060136,0.1666,667
22477,WATERING CAN GARDEN MARKER,184,2242,12.18,2966.2,16.12,155,0.048011657422205506,0.4222521572489056,0.035499515033947625,0.1686,647
22478,BIRDHOUSE GARDEN MARKER ,218,2535,11.63,3334.35,15.3,176,0.05076619347560402,0.42307610531799783,0.04209505334626576,0.172,613
22479,DAISY GARDEN MARKER,155,1832,11.82,2453.7,15.83,129,0.044157187176835574,0.42110514275641664,0.029873908826382155,0.165,683
22480,RED TEA TOWEL CLASSIC DESIGN,249,2272,9.12,2730.56,10.97,197,0.04829369183040331,0.42172477677083703,0.0481086323957323,0.1727,606
22481,BLACK TEA TOWEL CLASSIC DESIGN,171,1110,6.49,1130.24,6.61,132,0.037369559086208516,0.4181431372925543,0.03297769156159069,0.1628,705
22482,BLUE TEA TOWEL CLASSIC DESIGN,205,2233,10.89,2627.09,12.82,154,0.04792704709974617,0.4214932029375925,0.03957322987390883,0.1697,636
22483,RED GINGHAM TEDDY BEAR ,307,1795,5.85,5030.53,16.39,223,0.043809344740058286,0.42687228686310985,0.05935984481086324,0.1767,569
22485,SET OF 2 WOODEN MARKET CRATES,350,982,2.81,11980.5,34.23,280,0.0361662122778979,0.44242685527747744,0.06770126091173617,0.1821,523
22486,PLASMATRONIC LAMP,32,71,2.22,520.39,16.26,25,0.027601767415624708,0.41677824599841895,0.0060135790494665374,0.1501,832
22487,WHITE WOOD GARDEN PLANT LADDER,847,1449,1.71,13621.36,16.08,611,0.04055654789884366,0.4460992263997124,0.16411251212415132,0.2169,284
22488,NATURAL SLATE RECTANGLE CHALKBOARD,673,6404,9.52,10204.76,15.16,426,0.08713923098618032,0.43845261232159,0.1303588748787585,0.2187,275
22489,PACK OF 12 TRADITIONAL CRAYONS,627,16742,26.7,6760.89,10.78,417,0.18432828805114224,0.43074496588208194,0.12143549951503395,0.2455,165
22491,PACK OF 12 COLOURED PENCILS,368,7142,19.41,5697.08,15.48,264,0.0940772774278462,0.428364077126463,0.07119301648884578,0.1979,395
22492,MINI PAINT SET VINTAGE ,649,42414,65.35,26432.14,40.73,363,0.4256745322929397,0.47477073921939544,0.12570320077594568,0.342,39
22493,PAINT YOUR OWN CANVAS SET,370,4231,11.44,6709.23,18.13,244,0.06671053868571966,0.43062934682123905,0.07158098933074684,0.1896,459
22494,EMERGENCY FIRST AID TIN ,310,2451,7.91,3035.65,9.79,200,0.049976497132650184,0.42240759170061937,0.05994180407371484,0.1774,562
22495,SET OF 2 ROUND TINS CAMEMBERT ,192,873,4.55,2304.63,12.0,165,0.0351414872614459,0.4207715126093038,0.03705140640155189,0.1643,690
22496,SET OF 2 ROUND TINS DUTCH CHEESE,178,692,3.89,1772.84,9.96,154,0.03343987966531917,0.41958132561035605,0.03433559650824442,0.1625,708
22497,SET OF 2 TINS VINTAGE BATHROOM ,208,833,4.0,3490.25,16.78,160,0.03476544138384883,0.4234250215314203,0.04015518913676043,0.1661,672
22498,WOODEN REGATTA BUNTING,296,991,3.35,5704.45,19.27,211,0.036250822600357245,0.4283805717543843,0.05722599418040737,0.174,593
22499,WOODEN UNION JACK BUNTING,639,3158,4.94,18209.63,28.5,452,0.05662310801917834,0.4563681282249851,0.12376333656644035,0.2123,309
22500,SET OF 2 TINS JARDIN DE PROVENCE,179,549,3.07,2364.05,13.21,155,0.032095515652909655,0.42090449914812067,0.03452958292919495,0.1625,708
22501,PICNIC BASKET WICKER LARGE,530,1924,3.63,17635.8,33.28,346,0.04502209269530883,0.4550838524664974,0.1026188166828322,0.2009,377
22502,PICNIC BASKET WICKER SMALL,588,2961,5.04,54137.15,92.07,335,0.05477108207201278,0.5367766865063245,0.11387002909796315,0.2351,204
22503,CABIN BAG VINTAGE PAISLEY,39,90,2.31,2050.1,52.57,29,0.027780389207483314,0.42020185485559997,0.007371483996120271,0.1518,815
22504,CABIN BAG VINTAGE RETROSPOT,83,258,3.11,5664.7,68.25,55,0.029359781893390995,0.42829160819130835,0.015906886517943745,0.1579,754
22505,MEMO BOARD COTTAGE DESIGN,673,3588,5.33,16515.74,24.54,397,0.06066560120334681,0.45257707187633706,0.1303588748787585,0.2145,296
22507,MEMO BOARD RETROSPOT  DESIGN,752,5184,6.89,22965.34,30.54,445,0.07566983171946977,0.46701177367293556,0.14568380213385063,0.2295,229
22508,DOORSTOP RETROSPOT HEART,592,2669,4.51,10186.0,17.21,400,0.0520259471655542,0.43841062599597225,0.11464597478176528,0.2017,371
22509,SEWING BOX RETROSPOT DESIGN ,178,353,1.98,4352.35,24.45,142,0.03025289085268403,0.42535446776356617,0.03433559650824442,0.1633,700
22510,DOORSTOP RUSSIAN DOLL GINGHAM,82,308,3.76,766.36,9.35,70,0.02982983924038733,0.41732874581250184,0.01571290009699321,0.1543,790
22511,DOORSTOP RUSSIAN DOLL RETROSPOT,102,387,3.79,976.85,9.58,90,0.030572529848641533,0.4177998386525487,0.01959262851600388,0.156,773
22512,DOORSTOP RACING CAR DESIGN,63,375,5.95,888.23,14.1,54,0.030459716085362413,0.41760150026362314,0.012027158098933075,0.1534,799
22513,DOORSTOP FOOTBALL DESIGN,144,556,3.86,1675.96,11.64,106,0.03216132368148914,0.4193645007049271,0.027740058195926284,0.1598,735
22514,CHILDS GARDEN SPADE BLUE,195,1020,5.23,1974.48,10.13,151,0.036523455861615116,0.42003261146843507,0.03763336566440349,0.1647,686
22515,CHILDS GARDEN SPADE PINK,171,986,5.77,1900.08,11.11,139,0.03620381686565761,0.4198660985352815,0.03297769156159069,0.163,703
22516,CHILDS GARDEN RAKE BLUE,129,783,6.07,1484.28,11.51,106,0.0342953840368525,0.418935506094351,0.024830261881668283,0.1594,739
22517,CHILDS GARDEN RAKE PINK,125,772,6.18,1458.18,11.67,106,0.0341919714205133,0.4188770922831237,0.02405431619786615,0.159,743
22518,CHILDS GARDEN BRUSH BLUE,202,1304,6.46,2515.38,12.45,141,0.03919338159255429,0.4212431873493858,0.03899127061105723,0.1665,668
22519,CHILDS GARDEN BRUSH PINK,208,1306,6.28,2525.58,12.14,142,0.039212183886434146,0.42126601573538264,0.04015518913676043,0.1669,664
22520,CHILDS GARDEN TROWEL BLUE ,336,2183,6.5,1838.39,5.47,256,0.04745698975274983,0.41972803156154176,0.06498545101842872,0.1774,562
22521,CHILDS GARDEN TROWEL PINK,331,2194,6.63,1844.62,5.57,257,0.04756040236908903,0.41974197478161623,0.06401551891367604,0.1771,565
22522,CHILDS GARDEN FORK BLUE ,314,2170,6.91,1802.38,5.74,249,0.04733477484253079,0.4196474384066646,0.060717749757516974,0.1759,576
22523,CHILDS GARDEN FORK PINK,322,2107,6.54,1770.67,5.5,248,0.046742502585315406,0.4195764689831391,0.06226964112512124,0.1762,573
22524,CHILDRENS GARDEN GLOVES BLUE,236,1721,7.29,2125.41,9.01,188,0.043113659866503715,0.4203704044388767,0.04558680892337536,0.1697,636
22525,CHILDRENS GARDEN GLOVES PINK,243,1727,7.11,2128.35,8.76,189,0.043170066748143276,0.42037698438542875,0.046944713870029096,0.1702,631
22526,WHEELBARROW FOR CHILDREN ,196,506,2.58,5980.62,30.51,153,0.03169126633449281,0.42899866149563437,0.037827352085354024,0.1662,671
22528,GARDENERS KNEELING PAD,458,5318,11.61,6273.58,13.7,284,0.07692958540941995,0.4296543285506969,0.08865179437439379,0.1984,392
22529,MAGIC DRAWING SLATE GO TO THE FAIR ,139,2391,17.2,956.7,6.88,114,0.049412428316254586,0.41775474139981966,0.02677012609117362,0.1646,687
22530,MAGIC DRAWING SLATE DOLLY GIRL ,383,9582,25.02,3842.28,10.03,285,0.11701607596126727,0.4242128917983294,0.07410281280310378,0.2051,350
22531,MAGIC DRAWING SLATE CIRCUS PARADE  ,341,7696,22.57,3134.4,9.19,251,0.09928551283256558,0.4226286018101478,0.06595538312318137,0.196,409
22532,MAGIC DRAWING SLATE LEAP FROG ,161,2836,17.61,1081.68,6.72,130,0.05359593870452195,0.4180344562705928,0.031037827352085354,0.1676,657
22533,MAGIC DRAWING SLATE BAKE A CAKE ,204,4375,21.45,1689.18,8.28,162,0.0680643038450691,0.4193940880836407,0.03937924345295829,0.1756,579
22534,MAGIC DRAWING SLATE SPACEBOY ,488,12130,24.86,4895.88,10.03,353,0.14097019836420044,0.4265709297871808,0.0944713870029098,0.2207,268
22535,MAGIC DRAWING SLATE BUNNIES ,263,4163,15.83,1659.18,6.31,204,0.06607126069380465,0.41932694577188523,0.05082444228903977,0.1787,553
22536,MAGIC DRAWING SLATE PURDEY,337,8906,26.43,3494.52,10.37,243,0.11066090062987685,0.42343457812046015,0.06517943743937925,0.1998,384
22537,MAGIC DRAWING SLATE DINOSAUR,295,5659,19.18,2284.62,7.74,225,0.08013537651593494,0.4207267286873629,0.05703200775945684,0.186,487
22538,MINI JIGSAW GO TO THE FAIR,62,1409,22.73,580.74,9.37,56,0.040180502021246595,0.4169133139489003,0.011833171677982542,0.1563,770
22539,MINI JIGSAW DOLLY GIRL,172,5511,32.04,2150.15,12.5,138,0.0787440067688258,0.4204257744653043,0.033171677982541226,0.1774,562
22540,MINI JIGSAW CIRCUS PARADE ,153,6060,39.61,2335.8,15.27,116,0.08390523643884554,0.42084127347121764,0.029485935984481085,0.1781,557
22541,MINI JIGSAW LEAP FROG,41,1192,29.07,471.56,11.5,34,0.038140453135282505,0.4166689606956516,0.007759456838021339,0.1542,791
22543,MINI JIGSAW BAKE A CAKE ,87,3198,36.76,1242.25,14.28,72,0.05699915389677541,0.41839382430387856,0.01668283220174588,0.164,693
22544,MINI JIGSAW SPACEBOY,264,9118,34.54,3575.18,13.54,196,0.1126539437811413,0.423615101416,0.0510184287099903,0.1958,410
22545,MINI JIGSAW BUNNIES,135,3305,24.48,1318.95,9.77,106,0.05800507661934756,0.4185654848142667,0.025994180407371482,0.1675,658
22546,MINI JIGSAW FIDO,137,4308,31.45,1707.01,12.46,106,0.06743442700009401,0.41943399299759404,0.026382153249272552,0.1711,622
22547,MINI JIGSAW DINOSAUR ,113,1862,16.48,751.59,6.65,84,0.04443922158503338,0.4172956894143476,0.021726479146459747,0.1612,721
22548,HEADS AND TAILS SPORTING FUN,386,3315,8.59,3873.1,10.03,293,0.05809908808874683,0.42428186933327283,0.07468477206595538,0.1857,490
22549,PICTURE DOMINOES,551,6221,11.29,8812.29,15.99,403,0.08541882109617373,0.43533615715991963,0.1066925315227934,0.2091,320
22550,HOLIDAY FUN LUDO,355,1833,5.16,6539.0,18.42,275,0.0441665883237755,0.430248358963568,0.06867119301648884,0.181,533
22551,PLASTERS IN TIN SPACEBOY,1188,14336,12.07,22759.8,19.16,616,0.16170912851367866,0.46655175931432835,0.2302618816682832,0.2862,85
22553,PLASTERS IN TIN SKULLS,930,7268,7.82,11757.0,12.64,507,0.09526182194227696,0.44192664505489937,0.1802133850630456,0.2391,189
22554,PLASTERS IN TIN WOODLAND ANIMALS,1120,12665,11.31,20228.53,18.06,588,0.1459998119770612,0.4608865819984211,0.21707080504364695,0.2747,106
22555,PLASTERS IN TIN STRONGMAN,888,11236,12.65,17955.44,20.22,521,0.13256557299990598,0.4557992314174812,0.1720659553831232,0.2535,149
22556,PLASTERS IN TIN CIRCUS PARADE ,1139,13005,11.42,20773.61,18.24,591,0.14919620193663627,0.46210651304147643,0.22075654704170708,0.2774,104
22557,PLASTERS IN TIN VINTAGE PAISLEY ,1028,9759,9.49,15502.39,15.08,580,0.1186800789696343,0.45030911648909094,0.19922405431619786,0.2561,143
22558,CLOTHES PEGS RETROSPOT PACK 24 ,1041,13331,12.81,18298.91,17.58,541,0.15226097583905238,0.45656794374476933,0.2017458777885548,0.2702,113
22559,SEASIDE FRISBEE ,139,1406,10.12,1696.36,12.2,118,0.040152298580426814,0.4194101574769208,0.02677012609117362,0.1621,712
22560,TRADITIONAL MODELLING CLAY,671,14218,21.19,16660.44,24.83,420,0.16059979317476733,0.45290092162670426,0.12997090203685743,0.2478,160
22561,WOODEN SCHOOL COLOURING SET,867,10748,12.4,17249.52,19.9,556,0.12797781329322178,0.4542193280603342,0.16799224054316197,0.2501,156
22562,MONSTERS STENCIL CRAFT,365,3938,10.79,4600.54,12.6,251,0.06395600263232114,0.42590993610871897,0.07061105722599419,0.1868,479
22563,HAPPY STENCIL CRAFT,494,5854,11.85,6752.65,13.67,293,0.08196860016922064,0.4307265241271197,0.09563530552861299,0.2028,365
22564,ALPHABET STENCIL CRAFT,317,3852,12.15,4422.19,13.95,208,0.06314750399548745,0.4255107750653328,0.061299709020368576,0.1833,512
22565,FELTCRAFT HAIRBANDS PINK + WHITE ,225,1896,8.43,1610.04,7.16,173,0.04475886058099088,0.41921696666522984,0.043452958292919494,0.1691,642
22566,"FELTCRAFT HAIRBAND S/2, PINK/PURPLE",255,2750,10.78,2251.7,8.83,192,0.052787440067688256,0.4206530511905966,0.0492725509214355,0.1742,591
22567,20 DOLLY PEGS RETROSPOT,443,5346,12.07,6519.8,14.72,287,0.0771928175237379,0.4302053878840445,0.08574199806013579,0.1977,396
22568,FELTCRAFT CUSHION OWL,783,5100,6.51,18402.97,23.5,389,0.07488013537651593,0.4568008380434784,0.15169738118331716,0.2278,236
22569,FELTCRAFT CUSHION BUTTERFLY,693,5012,7.23,17694.58,25.53,361,0.07405283444580239,0.45521540663599697,0.13423860329776915,0.2212,266
22570,FELTCRAFT CUSHION RABBIT,686,4989,7.27,17818.22,25.97,351,0.07383660806618407,0.45549212248351173,0.13288069835111543,0.2207,268
22571,ROCKING HORSE RED CHRISTMAS ,392,5184,13.22,4256.64,10.86,294,0.07566983171946977,0.4251402614082957,0.07584869059165858,0.1922,441
22572,ROCKING HORSE GREEN CHRISTMAS ,276,3112,11.28,2557.84,9.27,211,0.05619065525994171,0.42133821610129035,0.0533462657613967,0.177,566
22573,STAR WOODEN CHRISTMAS DECORATION,294,4502,15.31,3739.34,12.72,235,0.06925824950643979,0.4239825041459258,0.0568380213385063,0.1834,511
22574,HEART WOODEN CHRISTMAS DECORATION,316,4396,13.91,3760.78,11.9,253,0.06826172793080756,0.4240304885180604,0.061105722599418044,0.1845,501
22575,METAL MERRY CHRISTMAS WREATH,318,2713,8.53,5161.35,16.23,207,0.052439597630910974,0.4271650721039048,0.06149369544131911,0.1804,539
22576,SWALLOW WOODEN CHRISTMAS DECORATION,261,2899,11.11,2451.67,9.39,191,0.05418821096173733,0.42110059945998785,0.0504364694471387,0.1752,582
22577,WOODEN HEART CHRISTMAS SCANDINAVIAN,757,12904,17.05,6072.4,8.02,517,0.14824668609570368,0.4292040722080649,0.1466537342386033,0.2414,179
22578,WOODEN STAR CHRISTMAS SCANDINAVIAN,701,12119,17.29,5281.99,7.53,484,0.14086678574786124,0.42743507372024403,0.13579049466537343,0.2347,206
22579,WOODEN TREE CHRISTMAS SCANDINAVIAN,482,6566,13.62,3161.14,6.56,347,0.08866221679044843,0.4226884479906925,0.0933074684772066,0.2016,372
22580,ADVENT CALENDAR GINGHAM SACK,395,1722,4.36,10012.38,25.35,275,0.04312306101344364,0.43802205105707287,0.07643064985451019,0.1859,488
22581,WOOD STOCKING CHRISTMAS SCANDISPOT,273,2996,10.97,2280.58,8.35,208,0.055100122214910216,0.42071768685604644,0.052764306498545105,0.1762,573
22582,PACK OF 6 SWEETIE GIFT BOXES,262,2383,9.1,5846.86,22.32,225,0.04933721914073517,0.4286992963082874,0.05063045586808924,0.1762,573
22583,PACK OF 6 HANDBAG GIFT BOXES,301,1670,5.55,4226.1,14.04,250,0.04263420137256745,0.4250719105349286,0.058195926285160036,0.1753,581
22584,PACK OF 6 PANNETONE GIFT BOXES,523,4822,9.22,11813.54,22.59,417,0.07226661652721632,0.44205318593178783,0.10126091173617847,0.2052,349
22585,PACK OF 6 BIRDY GIFT TAGS,1002,16390,16.36,19507.94,19.47,612,0.18101908432828806,0.4592738460508257,0.194180407371484,0.2782,102
22586,FELTCRAFT HAIRBAND PINK AND BLUE,242,1927,7.96,1619.23,6.69,184,0.045050296136128605,0.4192375345933976,0.046750727449078565,0.1703,630
22587,"FELTCRAFT HAIRBAND, S/2, RED/BLUE",253,1995,7.89,1658.31,6.55,194,0.04568957412804362,0.41932499864484435,0.04888457807953443,0.1713,620
22588,CARDHOLDER GINGHAM HEART,409,2448,5.99,6344.3,15.51,320,0.0499482936918304,0.4298126053602751,0.07914645974781766,0.1863,484
22589,CARDHOLDER GINGHAM STAR,200,1207,6.04,3151.49,15.76,170,0.0382814703393814,0.42266685054707775,0.03860329776915616,0.1665,668
22591,CARDHOLDER GINGHAM CHRISTMAS TREE,188,1202,6.39,3259.44,17.34,149,0.03823446460468177,0.42290845096554447,0.03627546071774976,0.1658,675
22592,CARDHOLDER HOLLY WREATH METAL,255,1812,7.11,6723.1,26.37,207,0.04396916423803704,0.4306603889500406,0.0492725509214355,0.1746,587
22593,CHRISTMAS GINGHAM STAR,314,4923,15.68,4142.43,13.19,247,0.07321613236814892,0.42488465062744263,0.060717749757516974,0.1863,484
22594,CHRISTMAS GINGHAM TREE,292,4353,14.91,3660.27,12.54,232,0.0678574786123907,0.42380553939290905,0.05645004849660524,0.1827,518
22595,CHRISTMAS GINGHAM HEART,651,11932,18.33,9713.98,14.92,481,0.13910877127009494,0.437354208862812,0.12609117361784675,0.2342,207
22596,CHRISTMAS STAR WISH LIST CHALKBOARD,417,6051,14.51,5819.8,13.96,309,0.0838206261163862,0.42863873394308394,0.08069835111542192,0.1977,396
22597,CHRISTMAS MUSICAL ZINC HEART ,213,4147,19.47,2242.33,10.53,167,0.06592084234276582,0.42063208040855826,0.041125121241513095,0.1759,576
22598,CHRISTMAS MUSICAL ZINC TREE,96,1556,16.21,876.62,9.13,82,0.04156247062141581,0.4175755161889737,0.01842870999030068,0.1592,741
22599,CHRISTMAS MUSICAL ZINC STAR,134,2538,18.94,1354.34,10.11,114,0.050794396916423804,0.41864469036136753,0.02580019398642095,0.1651,682
22600,CHRISTMAS RETROSPOT STAR WOOD,353,4566,12.93,3769.56,10.68,278,0.06985992291059509,0.42405013883463416,0.06828322017458778,0.1874,474
22601,CHRISTMAS RETROSPOT ANGEL WOOD,338,4919,14.55,4012.67,11.87,257,0.0731785277803892,0.4245942377483298,0.06537342386032978,0.1877,472
22602,CHRISTMAS RETROSPOT HEART WOOD,421,6015,14.29,4892.79,11.62,305,0.08348218482654884,0.42656401412907,0.08147429679922405,0.1972,400
22603,CHRISTMAS RETROSPOT TREE WOOD,311,3936,12.66,3228.6,10.38,236,0.06393720033844129,0.4228394286690599,0.06013579049466537,0.1823,522
22604,SET OF 4 NAPKIN CHARMS CUTLERY,228,1900,8.33,4451.41,19.52,162,0.04479646516875059,0.42557617167698264,0.044034917555771096,0.1715,618
22605,WOODEN CROQUET GARDEN SET,561,1697,3.02,20656.26,36.82,377,0.042888032339945474,0.46184387469865973,0.10863239573229874,0.2045,354
22606,WOODEN SKITTLES GARDEN SET,355,990,2.79,13323.94,37.53,270,0.036241421453417313,0.44543357752096885,0.06867119301648884,0.1834,511
22607,WOODEN ROUNDERS GARDEN SET ,653,2391,3.66,20853.42,31.93,419,0.049412428316254586,0.4622851339715165,0.1264791464597478,0.2127,306
22608,PENS ASSORTED FUNKY JEWELED ,100,5358,53.58,1374.36,13.74,75,0.07730563128701702,0.41868949666407895,0.019204655674102813,0.1717,616
22609,PENS ASSORTED SPACEBALL,157,6614,42.13,2122.46,13.52,118,0.08911347184356491,0.42036380211155405,0.03026188166828322,0.1799,544
22610,PENS ASSORTED FUNNY FACE,225,12134,53.93,4734.38,21.04,157,0.14100780295196014,0.4262094803422306,0.043452958292919494,0.2036,360
22611,VINTAGE UNION JACK SHOPPING BAG,192,892,4.65,4207.8,21.92,135,0.0353201090533045,0.42503095372475774,0.03705140640155189,0.1658,675
22612,TEA COSY VINTAGE UNION JACK,99,984,9.94,3870.93,39.1,83,0.03618501457177776,0.42427701270605583,0.019010669253152278,0.1598,735
22613,PACK OF 20 SPACEBOY NAPKINS,233,2952,12.67,2293.98,9.85,166,0.05468647174955345,0.4207476770886306,0.04500484966052376,0.1735,598
22614,PACK OF 12 SPACEBOY TISSUES,309,5294,17.13,1631.38,5.28,222,0.0767039578828617,0.4192647272296585,0.05974781765276431,0.1852,495
22615,PACK OF 12 CIRCUS PARADE TISSUES ,138,3631,26.31,1079.41,7.82,110,0.061069850521763655,0.41802937583567,0.026576139670223084,0.1686,647
22616,PACK OF 12 LONDON TISSUES ,651,37012,56.85,10497.28,16.12,319,0.37488953652345586,0.43910729462274684,0.12609117361784675,0.3134,60
22617,BAKING SET SPACEBOY DESIGN,956,3922,4.1,18571.66,19.43,601,0.06380558428128232,0.4571783792624793,0.18525703200775945,0.2354,203
22618,COOKING SET RETROSPOT,265,565,2.13,5383.77,20.32,182,0.032245934003948484,0.4276628652032597,0.05121241513094083,0.1704,629
22619,SET OF 6 SOLDIER SKITTLES,588,3768,6.41,13973.35,23.76,421,0.06235780765253361,0.44688700714353913,0.11387002909796315,0.2077,330
22620,4 TRADITIONAL SPINNING TOPS,672,7551,11.24,9753.28,14.51,449,0.09792234652627621,0.43744216529121166,0.13016488845780796,0.2218,262
22621,TRADITIONAL KNITTING NANCY,743,8280,11.14,12666.52,17.05,507,0.10477578264548275,0.4439622209011599,0.14393792434529584,0.2309,222
22622,BOX OF VINTAGE ALPHABET BLOCKS,520,2772,5.33,26691.91,51.33,346,0.05299426530036665,0.47535212449688585,0.10067895247332687,0.2097,318
22623,BOX OF VINTAGE JIGSAW BLOCKS ,511,2116,4.14,10774.37,21.08,334,0.04682711290777475,0.4397274433948907,0.09893307468477207,0.1952,416
22624,IVORY KITCHEN SCALES,1081,2890,2.67,23923.28,22.13,579,0.05410360063927799,0.4691557172103694,0.20950533462657614,0.2443,168
22625,RED KITCHEN SCALES,802,2323,2.9,18850.43,23.5,441,0.04877315032433957,0.4578022880040815,0.15538312318137731,0.2207,268
22626,BLACK KITCHEN SCALES,312,789,2.53,6508.93,20.86,200,0.03435179091849205,0.4301810599864184,0.060329776915615904,0.175,584
22627,MINT KITCHEN SCALES,573,1460,2.55,12094.28,21.11,322,0.04065996051518285,0.44268150368519527,0.11096023278370513,0.1981,394
22628,PICNIC BOXES SET OF 3 RETROSPOT ,265,1488,5.62,6917.6,26.1,172,0.040923192629500796,0.43109569493792177,0.05121241513094083,0.1744,589
22629,SPACEBOY LUNCH BOX ,1133,20200,17.83,36025.14,31.8,456,0.21683745416940867,0.49624061244173,0.2195926285160039,0.3109,63
22630,DOLLY GIRL LUNCH BOX,1031,17047,16.53,30408.19,29.49,424,0.18719563786781987,0.48366944550790403,0.19980601357904948,0.2902,78
22631,CIRCUS PARADE LUNCHBOX ,483,5836,12.08,10723.58,22.2,271,0.08179937952430197,0.4396137714610887,0.09350145489815713,0.205,351
22632,HAND WARMER RED POLKA DOT,755,10148,13.44,20104.52,26.63,438,0.12233712512926577,0.4606090380623946,0.14626576139670222,0.2431,172
22633,HAND WARMER UNION JACK,840,8325,9.91,16775.46,19.97,473,0.10519883425777946,0.4531583452499746,0.16275460717749757,0.2404,182
22634,CHILDS BREAKFAST SET SPACEBOY ,518,1534,2.96,14125.05,27.27,323,0.04135564538873743,0.4472265234333158,0.1002909796314258,0.1963,406
22635,CHILDS BREAKFAST SET DOLLY GIRL ,477,1475,3.09,13684.45,28.69,325,0.040800977719281754,0.4462404266813341,0.09233753637245393,0.1931,433
22636,CHILDS BREAKFAST SET CIRCUS PARADE,487,1520,3.12,12340.68,25.34,313,0.041224029331578455,0.4432329658724134,0.09427740058195927,0.1929,435
22637,PIGGY BANK RETROSPOT ,527,4209,7.99,10205.12,19.36,330,0.06650371345304128,0.4384534180293311,0.1020368574199806,0.2023,366
22638,SET OF 4 NAPKIN CHARMS CROWNS ,60,356,5.93,637.57,10.63,56,0.030281094293503806,0.41704050386813574,0.011445198836081475,0.1529,804
22639,SET OF 4 NAPKIN CHARMS HEARTS,255,1592,6.24,3760.92,14.75,192,0.041900911911253176,0.4240308018488486,0.0492725509214355,0.1717,616
22640,SET OF 4 NAPKIN CHARMS 3 KEYS ,70,298,4.26,629.82,9.0,58,0.02973582777098806,0.4170231587709322,0.01338506304558681,0.1534,799
22641,SET OF 4 NAPKIN CHARMS INSTRUMENT,53,267,5.04,606.77,11.45,49,0.029444392215850334,0.41697157109473343,0.01008729388942774,0.1522,811
22642,SET OF 4 NAPKIN CHARMS STARS   ,135,959,7.1,2230.7,16.52,113,0.03594998589827959,0.42060605157236775,0.025994180407371482,0.1609,724
22643,SET OF 4 NAPKIN CHARMS LEAVES   ,76,405,5.33,882.99,11.62,72,0.030741750493560215,0.41758977273983644,0.014548981571290009,0.1543,790
22644,CERAMIC CHERRY CAKE MONEY BANK,488,4476,9.17,5761.98,11.81,305,0.06901381968600169,0.42850932832756067,0.0944713870029098,0.1973,399
22645,CERAMIC HEART FAIRY CAKE MONEY BANK,575,4596,7.99,6275.34,10.91,341,0.0701419573187929,0.4296582675663199,0.11134820562560621,0.2037,359
22646,CERAMIC STRAWBERRY CAKE MONEY BANK,741,8405,11.34,11032.26,14.89,404,0.10595092601297358,0.44030462108751117,0.14354995150339475,0.2299,227
22647,CERAMIC LOVE HEART MONEY BANK,72,1018,14.14,831.7,11.55,60,0.03650465356773527,0.41747498176750525,0.013773035887487876,0.1559,774
22649,STRAWBERRY FAIRY CAKE TEAPOT,462,2149,4.65,10314.15,22.32,200,0.04713735075679233,0.4386974355710209,0.08942774005819593,0.1918,445
22650,CERAMIC PIRATE CHEST MONEY BANK,230,1652,7.18,2349.8,10.22,150,0.042464980727648774,0.42087260655003683,0.044422890397672166,0.1693,640
22651,GENTLEMAN SHIRT REPAIR KIT ,152,2923,19.23,2356.63,15.5,112,0.05441383848829557,0.42088789261634657,0.029291949563530553,0.1682,651
22652,TRAVEL SEWING KIT,740,9297,12.56,14767.41,19.96,440,0.11433674908338817,0.44866417461262353,0.14335596508244422,0.2355,202
22653,BUTTON BOX ,238,2154,9.05,4072.56,17.11,156,0.04718435649149196,0.42472827618336423,0.04597478176527643,0.1726,607
22654,DELUXE SEWING KIT ,469,1993,4.25,11304.87,24.1,300,0.045670771834163765,0.4409147432744329,0.09078564500484966,0.1925,438
22655,VINTAGE RED KITCHEN CABINET,62,63,1.02,10229.5,164.99,46,0.027526558240105293,0.4385079823480177,0.011833171677982542,0.1593,740
22656,VINTAGE BLUE KITCHEN CABINET,49,32,0.65,6921.5,141.26,33,0.027235122684967566,0.43110442343845,0.009311348205625606,0.1559,774
22657,HEN & 2 CHICKS IN BASKET,7,59,8.43,50.15,7.16,7,0.027488953652345587,0.4157258126424228,0.0011639185257032007,0.1481,852
22659,LUNCHBOX I LOVE LONDON,807,14820,18.36,26023.72,32.25,294,0.16625928363260317,0.47385666378715674,0.15635305528612997,0.2655,122
22660,DOORMAT I LOVE LONDON,149,825,5.54,5088.97,34.15,96,0.03469023220832942,0.42700308008640947,0.02870999030067895,0.1635,698
22661,CHARLOTTE BAG DOLLY GIRL DESIGN,549,8018,14.6,6352.5,11.57,246,0.10231268214722196,0.42983095759215495,0.10630455868089234,0.2128,305
22662,LUNCH BAG DOLLY GIRL DESIGN,892,9648,10.82,15194.64,17.03,427,0.11763655165930244,0.44962034827433295,0.17284190106692532,0.2467,161
22663,JUMBO BAG DOLLY GIRL DESIGN,530,5333,10.06,10140.48,19.13,268,0.07707060261351885,0.4383087487282687,0.1026188166828322,0.206,342
22664,TOY TIDY DOLLY GIRL DESIGN,181,1292,7.14,2449.18,13.53,107,0.03908056782927517,0.4210950266481121,0.03491755577109602,0.165,683
22665,RECIPE BOX BLUE SKETCHBOOK DESIGN,529,2490,4.71,7042.86,13.31,326,0.05034314186330732,0.43137603647027134,0.10242483026188166,0.1947,420
22666,RECIPE BOX PANTRY YELLOW DESIGN,1354,9363,6.92,26566.97,19.62,701,0.11495722478142334,0.475072499149195,0.2624636275460718,0.2842,89
22667,RECIPE BOX RETRO SPOT DESIGN,868,4655,5.36,12982.65,14.96,406,0.07069662498824857,0.44466974420166827,0.1681862269641125,0.2279,235
22668,PINK BABY BUNTING,387,3223,8.33,9059.21,23.41,296,0.05723418257027357,0.4358887831472081,0.07487875848690592,0.1893,461
22669,RED BABY BUNTING ,339,2110,6.22,6124.5,18.07,263,0.046770706026135186,0.42932067602281354,0.06556741028128031,0.1806,537
22670,FRENCH WC SIGN BLUE METAL,327,3123,9.55,3795.8,11.61,218,0.056294067876280905,0.4241088659766496,0.0632395732298739,0.1812,531
22671,FRENCH LAUNDRY SIGN BLUE METAL,194,1614,8.32,2593.06,13.37,140,0.04210773714393156,0.4214170411752912,0.03743937924345296,0.167,663
22672,FRENCH BATHROOM SIGN BLUE METAL,308,2706,8.79,4354.62,14.14,227,0.05237378960233149,0.4253595481984889,0.05955383123181377,0.1791,549
22673,FRENCH GARDEN SIGN BLUE METAL,172,1171,6.81,1459.33,8.48,130,0.037943029049544046,0.418879666071741,0.033171677982541226,0.1633,700
22674,FRENCH TOILET SIGN BLUE METAL,249,2253,9.05,2723.98,10.94,182,0.048115070038544705,0.42171005022379204,0.0481086323957323,0.1726,607
22675,FRENCH KITCHEN SIGN BLUE METAL,233,2118,9.09,2564.91,11.01,179,0.046845915201654605,0.42135403930609405,0.04500484966052376,0.1711,622
22676,"FRENCH BLUE METAL DOOR SIGN, 1",224,1668,7.45,2088.64,9.32,105,0.0426153990786876,0.4202881103454351,0.04325897187196896,0.1687,646
22677,"FRENCH BLUE METAL DOOR SIGN, 2",191,1424,7.46,1780.01,9.32,101,0.04032151922534549,0.4195973726228656,0.03685741998060136,0.1656,677
22678,"FRENCH BLUE METAL DOOR SIGN, 3",174,1274,7.32,1594.93,9.17,92,0.038911347184356494,0.41918314932087564,0.03355965082444229,0.1639,694
22679,"FRENCH BLUE METAL DOOR SIGN, 4",157,1144,7.29,1431.82,9.12,88,0.037689198082166024,0.4188180965718613,0.03026188166828322,0.1623,710
22680,"FRENCH BLUE METAL DOOR SIGN, 5",167,1210,7.25,1513.72,9.06,97,0.038309673780201184,0.41900139508295364,0.032201745877788554,0.1632,701
22681,"FRENCH BLUE METAL DOOR SIGN, 6",138,1060,7.68,1327.01,9.62,79,0.036899501739212186,0.41858352371535834,0.026576139670223084,0.1607,726
22682,"FRENCH BLUE METAL DOOR SIGN, 7",141,1085,7.7,1356.86,9.62,84,0.03713453041271035,0.41865033031555493,0.027158098933074686,0.161,723
22683,"FRENCH BLUE METAL DOOR SIGN, 8",140,1033,7.38,1293.07,9.24,88,0.036645670771834164,0.41850756337999234,0.02696411251212415,0.1607,726
22684,"FRENCH BLUE METAL DOOR SIGN, 9",119,918,7.71,1146.9,9.64,81,0.0355645388737426,0.41818042365634917,0.02289039767216295,0.1589,744
22685,"FRENCH BLUE METAL DOOR SIGN, 0",129,1017,7.88,1270.65,9.85,82,0.036495252420795335,0.41845738569234037,0.024830261881668283,0.1599,734
22686,"FRENCH BLUE METAL DOOR SIGN, No",118,1222,10.36,1450.95,12.3,70,0.03842248754348031,0.4188609109859907,0.022696411251212415,0.16,733
22687,DOORMAT CHRISTMAS VILLAGE,113,837,7.41,4966.93,43.96,97,0.034803045971608534,0.42672994516218826,0.021726479146459747,0.1611,722
22688,DOORMAT PEACE ON EARTH BLUE,85,856,10.07,4621.36,54.37,77,0.034981667763467145,0.4259565328730772,0.016294859359844812,0.1591,742
22689,DOORMAT MERRY CHRISTMAS RED ,214,952,4.45,6817.64,31.86,182,0.03588417786970011,0.43087197675515265,0.041319107662463626,0.1694,639
22690,DOORMAT HOME SWEET HOME BLUE ,406,2487,6.13,15281.27,37.64,278,0.05031493842248754,0.44981423288991207,0.07856450048496605,0.1929,435
22691,DOORMAT WELCOME SUNRISE,185,575,3.11,3936.91,21.28,124,0.03233994547334775,0.42442468103037667,0.035693501454898156,0.1642,691
22692,DOORMAT WELCOME TO OUR HOME,463,1792,3.87,12438.76,26.87,293,0.043781141299238505,0.44345247647031255,0.08962172647914646,0.1923,440
22693,GROW A FLYTRAP OR SUNFLOWER IN TIN,284,17170,60.46,18708.98,65.88,197,0.18835197894143085,0.4574857120041546,0.05489815712900097,0.2336,210
22694,WICKER STAR ,738,4248,5.76,8767.8,11.88,484,0.06687035818369841,0.43523658511158625,0.14296799224054316,0.215,293
22695,WICKER WREATH SMALL,189,1378,7.29,1822.02,9.64,151,0.03988906646610887,0.41969139424009383,0.03646944713870029,0.1653,680
22696,WICKER WREATH LARGE,252,1360,5.4,2577.26,10.23,203,0.03971984582119018,0.42138167955776673,0.0486905916585839,0.1699,634
22697,GREEN REGENCY TEACUP AND SAUCER,1016,8490,8.36,23472.94,23.1,482,0.10675002350286734,0.4681478215878378,0.19689621726479145,0.2573,138
22698,PINK REGENCY TEACUP AND SAUCER,807,7355,9.11,20166.89,24.99,403,0.09607972172605057,0.46074862692853424,0.15635305528612997,0.2377,197
22699,ROSES REGENCY TEACUP AND SAUCER ,1144,11660,10.19,31748.0,27.75,527,0.1365516593024349,0.48666804353167303,0.22172647914645974,0.2816,94
22700,BLACK AND WHITE DOG BOWL,96,1355,14.11,3082.97,32.11,79,0.03967284008649055,0.4225134975070283,0.01842870999030068,0.1602,731
22701,PINK DOG BOWL,92,536,5.83,911.78,9.91,65,0.03197330074269061,0.4176542069783511,0.017652764306498547,0.1558,775
22702,BLACK AND WHITE CAT BOWL,85,1571,18.48,3093.85,36.4,66,0.04170348782551471,0.42253784778542497,0.016294859359844812,0.1602,731
22703,PINK CAT BOWL,74,310,4.19,547.92,7.4,57,0.02984864153426718,0.4168398602598399,0.014161008729388943,0.1536,797
22704,WRAP RED APPLES ,295,8600,29.15,3532.0,11.97,207,0.10778414966625928,0.4235184612486133,0.05703200775945684,0.1961,408
22705,WRAP GREEN PEARS ,148,3675,24.83,1543.5,10.43,114,0.06148350098712043,0.41906804501775624,0.02851600387972842,0.1697,636
22706,WRAP COWBOYS  ,125,4165,33.32,1669.3,13.35,109,0.0660900629876845,0.4193495951117174,0.02405431619786615,0.1698,635
22707,WRAP MONSTER FUN ,81,2150,26.54,903.0,11.15,70,0.047146751903732256,0.41763455666177735,0.015518913676042677,0.1601,732
22708,WRAP DOLLY GIRL,159,5275,33.18,2119.5,13.33,115,0.07652533609100311,0.42035717740346085,0.030649854510184288,0.1758,577
22709,WRAP WEDDING DAY,77,2750,35.71,1079.0,14.01,68,0.052787440067688256,0.41802845822407597,0.014742967992240542,0.1619,714
22710,WRAP I LOVE LONDON ,172,7004,40.72,2745.68,15.96,112,0.09277991915013632,0.4217586164959618,0.033171677982541226,0.1826,519
22711,WRAP CIRCUS PARADE,179,5277,29.48,2168.34,12.11,148,0.07654413838488296,0.42046648508699874,0.03452958292919495,0.1772,564
22712,CARD DOLLY GIRL ,349,6972,19.98,2762.19,7.91,209,0.09247908244805866,0.4217955671481979,0.06750727449078564,0.1939,427
22713,CARD I LOVE LONDON ,243,5605,23.07,2205.88,9.08,148,0.0796277145811789,0.42055050249977544,0.046944713870029096,0.1824,521
22714,CARD BIRTHDAY COWBOY,257,4989,19.41,1975.89,7.69,187,0.07383660806618407,0.42003576715708757,0.049660523763336566,0.1812,531
22715,CARD WEDDING DAY,168,2646,15.75,1081.08,6.44,125,0.05180972078593588,0.41803311342435767,0.032395732298739086,0.1674,659
22716,CARD CIRCUS PARADE,342,5008,14.64,2061.39,6.03,244,0.07401522985804268,0.4202271227455906,0.0661493695441319,0.1868,479
22717,CARD DOG AND BALL ,153,2310,15.1,944.28,6.17,118,0.04865093541412052,0.4177269444827528,0.029485935984481085,0.1653,680
22718,CARD CAT AND TREE ,173,2424,14.01,1005.12,5.81,114,0.04972266616527216,0.4178631090909929,0.03336566440349176,0.167,663
22719,"GUMBALL COATHOOK., BLACK & WHITE ",120,1187,9.89,1340.11,11.17,69,0.03809344740058287,0.41861284252482484,0.02308438409311348,0.1599,734
22720,SET OF 3 CAKE TINS PANTRY DESIGN ,1224,6857,5.6,32573.15,26.61,640,0.09139795054996709,0.4885147928165067,0.23724539282250243,0.2724,110
22721,SET OF 3 CAKE TINS SKETCHBOOK,247,908,3.68,3942.82,15.96,183,0.03547052740434333,0.4244379080657925,0.04772065955383123,0.1692,641
22722,SET OF 6 SPICE TINS PANTRY DESIGN,677,5330,7.87,20364.6,30.08,394,0.07704239917269907,0.4611911171437732,0.13113482056256062,0.2231,254
22723,SET OF 6 HERB TINS SKETCHBOOK,240,1052,4.38,3678.24,15.33,170,0.03682429256369277,0.42384575763765053,0.046362754607177495,0.169,643
22725,ALARM CLOCK BAKELIKE CHOCOLATE,439,2209,5.03,8154.09,18.57,219,0.04770141957318793,0.433863054840005,0.08496605237633366,0.1888,465
22726,ALARM CLOCK BAKELIKE GREEN,1076,6657,6.19,24688.96,22.95,405,0.08951772116198176,0.4708693680525332,0.20853540252182348,0.2563,141
22727,ALARM CLOCK BAKELIKE RED ,1193,8428,7.06,30388.09,25.47,474,0.10616715239259189,0.4836244601590279,0.2312318137730359,0.2737,108
22728,ALARM CLOCK BAKELIKE PINK,799,5780,7.23,21171.23,26.5,357,0.08127291529566608,0.4629964172414832,0.1548011639185257,0.233,212
22729,ALARM CLOCK BAKELIKE ORANGE,525,2762,5.26,10169.55,19.37,238,0.05290025383096738,0.43837380962835965,0.10164888457807954,0.1976,397
22730,ALARM CLOCK BAKELIKE IVORY,632,3402,5.38,12767.75,20.2,289,0.05891698787252045,0.4441887814417934,0.12240543161978662,0.2085,325
22731,3D CHRISTMAS STAMPS STICKERS ,208,2662,12.8,3287.18,15.8,165,0.05196013913697471,0.42297053522314765,0.04015518913676043,0.1717,616
22732,3D VINTAGE CHRISTMAS STICKERS ,247,3467,14.04,4263.59,17.26,195,0.059528062423615684,0.42515581604385233,0.04772065955383123,0.1775,561
22733,3D STICKERS TRADITIONAL CHRISTMAS ,259,3256,12.57,4055.04,15.66,216,0.057544420419291156,0.42468906507329907,0.050048496605237636,0.1774,562
22734,SET OF 6 RIBBONS VINTAGE CHRISTMAS,620,8819,14.22,21403.47,34.52,444,0.10984300084610323,0.4635161882575527,0.12007759456838021,0.2311,220
22735,RIBBON REEL SOCKS AND MITTENS,161,1318,8.19,2146.38,13.33,133,0.03932499764971326,0.42041733691479377,0.031037827352085354,0.1636,697
22736,"RIBBON REEL, MAKING SNOWMEN ",303,2311,7.63,3796.31,12.53,232,0.04866033656106045,0.42411000739594945,0.058583899127061106,0.1771,565
22737,RIBBON REEL CHRISTMAS PRESENT ,388,2958,7.62,4859.54,12.52,300,0.054742878631193,0.42648959806687436,0.07507274490785645,0.1854,493
22738,RIBBON REEL SNOWY VILLAGE,356,3872,10.88,6224.68,17.49,274,0.06333552693428599,0.42954488658253553,0.06886517943743937,0.1872,476
22739,"RIBBON REEL, XMAS SOCK/BAUBLE",434,3514,8.1,5834.34,13.44,329,0.05996991632979223,0.4286712755835148,0.08399612027158099,0.1909,449
22740,POLKA DOT PEN,205,12599,61.46,10378.43,50.63,163,0.14537933627902605,0.4388412991643423,0.03957322987390883,0.2079,329
22741,FUNKY DIVA PEN,199,10246,51.49,8628.76,43.36,132,0.12325843752937858,0.43492540287737036,0.038409311348205626,0.1989,389
22742,MAKE YOUR OWN PLAYTIME CARD KIT,164,958,5.84,2221.54,13.55,132,0.03594058475133966,0.4205855507865118,0.03161978661493695,0.1627,706
22743,MAKE YOUR OWN FLOWERPOWER CARD KIT,271,1303,4.81,3316.81,12.24,199,0.039183980445614365,0.42303684944639147,0.052376333656644035,0.1715,618
22744,MAKE YOUR OWN MONSOON CARD KIT,263,1329,5.05,3325.79,12.65,196,0.03942841026605246,0.42305694737837696,0.05082444228903977,0.1711,622
22745,POPPY'S PLAYHOUSE BEDROOM ,566,3317,5.86,6792.85,12.0,377,0.05811789038262668,0.43081649482487205,0.1096023278370514,0.1995,387
22746,POPPY'S PLAYHOUSE LIVINGROOM ,468,2577,5.51,5266.82,11.25,319,0.05116104164708094,0.42740112209126635,0.09059165858389913,0.1897,458
22747,POPPY'S PLAYHOUSE BATHROOM,331,1870,5.65,3789.0,11.45,241,0.04451443076055279,0.4240936470526517,0.06401551891367604,0.1775,561
22748,POPPY'S PLAYHOUSE KITCHEN,629,3485,5.54,7164.71,11.39,410,0.05969728306853436,0.4316487461598514,0.12182347235693501,0.2044,355
22749,FELTCRAFT PRINCESS CHARLOTTE DOLL,633,3406,5.38,12404.08,19.6,383,0.058954592460280154,0.4433748599579232,0.12259941804073715,0.2083,326
22750,FELTCRAFT PRINCESS LOLA DOLL,605,3029,5.01,11057.01,18.28,362,0.0554103600639278,0.44036001349470943,0.11716779825412221,0.2043,356
22751,FELTCRAFT PRINCESS OLIVIA DOLL,420,2189,5.21,7942.79,18.91,269,0.047513396634389395,0.4333901491575408,0.08128031037827352,0.1874,474
22752,SET 7 BABUSHKA NESTING BOXES,609,3050,5.01,23868.29,39.19,324,0.05560778414966626,0.4690326453529217,0.11794374393792434,0.2142,298
22753,SMALL YELLOW BABUSHKA NOTEBOOK ,337,2164,6.42,1651.89,4.9,205,0.04727836796089123,0.4193106301901287,0.06517943743937925,0.1773,563
22754,SMALL RED BABUSHKA NOTEBOOK ,383,3659,9.55,2625.61,6.86,237,0.0613330826360816,0.42148989058354586,0.07410281280310378,0.1856,491
22755,SMALL PURPLE BABUSHKA NOTEBOOK ,404,3531,8.74,2614.4,6.47,243,0.06012973582777099,0.42146480173971995,0.07817652764306499,0.1866,481
22756,LARGE YELLOW BABUSHKA NOTEBOOK ,173,1115,6.45,1216.21,7.03,124,0.03741656482090815,0.4183355447772748,0.03336566440349176,0.163,703
22757,LARGE RED BABUSHKA NOTEBOOK ,227,2531,11.15,2702.48,11.91,161,0.05072858888784432,0.42166193156703397,0.043840931134820564,0.1721,612
22758,LARGE PURPLE BABUSHKA NOTEBOOK  ,227,2274,10.02,2277.14,10.03,151,0.048312494124283165,0.4207099878709652,0.043840931134820564,0.171,623
22759,SET OF 3 NOTEBOOKS IN PARCEL,653,8834,13.53,14095.5,21.59,472,0.10998401805020212,0.4471603882562367,0.1264791464597478,0.2279,235
22760,"TRAY, BREAKFAST IN BED",112,327,2.92,3915.45,34.96,82,0.030008461032245935,0.42437665189670093,0.021532492725509216,0.1586,747
22761,CHEST 7 DRAWER MA CAMPAGNE,32,43,1.34,1039.85,32.5,27,0.027338535301306758,0.41794083750723515,0.0060135790494665374,0.1504,829
22762,CUPBOARD 3 DRAWER MA CAMPAGNE,114,159,1.39,2286.85,20.06,91,0.028429068346338255,0.42073171959920336,0.021920465567410282,0.157,763
22763,KEY CABINET MA CAMPAGNE,123,638,5.19,5019.94,40.81,95,0.03293221773056313,0.4268485856270602,0.023666343355965083,0.1611,722
22764,"RUSTIC WOODEN CABINET, GLASS DOORS",27,177,6.56,3268.77,121.07,23,0.028598288991256934,0.4229293322245004,0.00504364694471387,0.1522,811
22765,NEWSPAPER STAND,43,299,6.95,3195.35,74.31,36,0.029745228917927986,0.4227650126068643,0.008147429679922406,0.1536,797
22766,PHOTO FRAME CORNICE,603,4195,6.96,12129.73,20.12,343,0.0663720973958823,0.4427608435169197,0.11677982541222115,0.2086,324
22767,TRIPLE PHOTO FRAME CORNICE ,300,937,3.12,8637.63,28.79,199,0.0357431606656012,0.43494525462087935,0.058001939864209505,0.1762,573
22768,FAMILY PHOTO FRAME CORNICE,348,1076,3.09,9934.99,28.55,243,0.03704992009025101,0.4378488462735144,0.06731328806983511,0.1807,536
22769,CHALKBOARD KITCHEN ORGANISER,43,147,3.42,2798.65,65.08,32,0.028316254583059135,0.42187716743775133,0.008147429679922406,0.1528,805
22770,MIRROR CORNICE,69,93,1.35,1372.75,19.89,49,0.027808592648303092,0.41868589336001477,0.013191076624636276,0.1532,801
22771,CLEAR DRAWER KNOB ACRYLIC EDWARDIAN,395,6541,16.56,7909.61,20.02,201,0.08842718811695027,0.4333158897607392,0.07643064985451019,0.1994,388
22772,PINK DRAWER KNOB ACRYLIC EDWARDIAN,218,3785,17.36,4478.16,20.54,105,0.06251762715051236,0.42563604023829793,0.04209505334626576,0.1767,569
22773,GREEN DRAWER KNOB ACRYLIC EDWARDIAN,176,2118,12.03,2576.46,14.64,95,0.046845915201654605,0.4213798890961199,0.03394762366634336,0.1674,659
22774,RED DRAWER KNOB ACRYLIC EDWARDIAN,140,2455,17.54,2883.9,20.6,75,0.05001410172040989,0.4220679635069897,0.02696411251212415,0.1663,670
22775,PURPLE DRAWERKNOB ACRYLIC EDWARDIAN,193,2903,15.04,3532.56,18.3,98,0.05422581554949704,0.4235197145717661,0.03724539282250242,0.1717,616
22776,SWEETHEART CAKESTAND 3 TIER,647,1426,2.2,13479.65,20.83,421,0.04034032151922535,0.4457820684997502,0.12531522793404462,0.2038,358
22777,GLASS CLOCHE LARGE,81,416,5.14,3291.2,40.63,67,0.030845163109899407,0.42297953229292296,0.015518913676042677,0.1564,769
22778,GLASS CLOCHE SMALL,170,823,4.84,3020.69,17.77,107,0.03467142991444956,0.42237411006782405,0.032783705140640156,0.1633,700
22779,WOODEN OWLS LIGHT GARLAND ,201,1704,8.48,6499.6,32.34,112,0.04295384036852496,0.43016017872746254,0.038797284190106696,0.1706,627
22780,LIGHT GARLAND BUTTERFILES PINK,187,1592,8.51,6035.84,32.28,110,0.041900911911253176,0.42912224811080557,0.036081474296799226,0.169,643
22781,GUMBALL MAGAZINE RACK,241,717,2.98,5266.79,21.85,160,0.03367490833881734,0.42740105494895464,0.04655674102812803,0.1692,641
22782,SET 3 WICKER STORAGE BASKETS ,84,254,3.02,3712.3,44.19,75,0.029322177305631286,0.42392198654226354,0.016100872938894277,0.1564,769
22783,SET 3 WICKER OVAL BASKETS W LIDS,44,481,10.93,6277.17,142.66,38,0.03145623766099464,0.42966236324733703,0.00834141610087294,0.1565,768
22784,LANTERN CREAM GAZEBO ,357,1422,3.98,6683.82,18.72,234,0.040302716931465636,0.43057247728318215,0.0690591658583899,0.18,543
22785,CUSHION COVER PINK UNION FLAG,95,359,3.78,1751.29,18.43,82,0.030309297734323587,0.41953309504974506,0.018234723569350145,0.156,773
22786,PILLOWCUSHION COVER PINK UNION JACK,77,214,2.78,1207.34,15.68,62,0.02894613142803422,0.4183156930337658,0.014742967992240542,0.154,793
22788,BROCANTE COAT RACK,73,452,6.19,3543.2,48.54,52,0.031183604399736768,0.42354352771166875,0.01396702230843841,0.1562,771
22789,T-LIGHT HOLDER SWEETHEART HANGING,185,1200,6.49,2290.14,12.38,138,0.038215662310801916,0.42073908287272593,0.035693501454898156,0.1649,684
22790,"MIRROR, ARCHED GEORGIAN",1,200,200.0,3884.0,3884.0,1,0.028814515370875246,0.4243062643732106,0.0,0.151,823
22791,T-LIGHT GLASS FLUTED ANTIQUE,345,8508,24.66,9776.63,28.34,226,0.10691924414778603,0.437494424390528,0.06673132880698351,0.2037,359
22792,FLUTED ANTIQUE CANDLE HOLDER,172,2939,17.09,2411.05,14.02,128,0.0545642568393344,0.4210096887698709,0.033171677982541226,0.1696,637
22794,SWEETHEART WIRE MAGAZINE RACK,187,357,1.91,2811.75,15.04,130,0.030290495440443734,0.4219064862472179,0.036081474296799226,0.1628,705
22795,SWEETHEART RECIPE BOOK STAND,412,1442,3.5,9346.6,22.69,227,0.04049073987026417,0.43653198411305477,0.07972841901066925,0.1856,491
22796,PHOTO FRAME 3 CLASSIC HANGING,320,712,2.22,6920.55,21.63,201,0.0336279026041177,0.43110229726524435,0.06188166828322018,0.1755,580
22797,CHEST OF DRAWERS GINGHAM HEART ,140,197,1.41,3299.49,23.57,98,0.028786311930055465,0.422998085951738,0.02696411251212415,0.1596,737
22798,ANTIQUE GLASS DRESSING TABLE POT,280,2120,7.57,6074.96,21.7,173,0.046864717495534454,0.4292098016853347,0.05412221144519884,0.1767,569
22799,SWEETHEART WIRE FRUIT BOWL,97,240,2.47,1844.6,19.02,85,0.029190561248472312,0.4197419300200751,0.01862269641125121,0.1559,774
22800,ANTIQUE TALL SWIRLGLASS TRINKET POT,197,991,5.03,3664.63,18.6,149,0.036250822600357245,0.4238152974088842,0.038021338506304556,0.166,673
22801,ANTIQUE GLASS PEDESTAL BOWL,254,1107,4.36,4037.46,15.9,174,0.037341355645388735,0.4246497196786103,0.049078564500484964,0.1704,629
22802,FAUX FUR CHOCOLATE THROW,46,86,1.87,1454.7,31.62,39,0.027742784619723605,0.4188693037749601,0.008729388942774006,0.1518,815
22803,IVORY EMBROIDERED QUILT ,30,51,1.7,1915.65,63.86,22,0.027413744476826173,0.41990094539508255,0.00562560620756547,0.151,823
22804,CANDLEHOLDER PINK HANGING HEART,607,4388,7.23,11582.08,19.08,351,0.06818651875528814,0.4415351606158239,0.11755577109602328,0.2091,320
22805,BLUE DRAWER KNOB ACRYLIC EDWARDIAN,150,1835,12.23,2250.43,15.0,89,0.044185390617655355,0.42065020883273224,0.028903976721629487,0.1646,687
22806,SET OF 6 T-LIGHTS WEDDING CAKE ,47,358,7.62,915.7,19.48,42,0.030299896587383662,0.41766298024042053,0.008923375363724539,0.1523,810
22807,SET OF 6 T-LIGHTS TOADSTOOLS,191,1173,6.14,3205.79,16.78,125,0.037961831343423895,0.42278837813135517,0.03685741998060136,0.1659,674
22808,SET OF 6 T-LIGHTS EASTER CHICKS,62,376,6.06,1045.8,16.87,58,0.03046911723230234,0.4179541540657333,0.011833171677982542,0.1534,799
22809,SET OF 6 T-LIGHTS SANTA,334,2410,7.22,6939.46,20.78,259,0.04959105010811319,0.4311446193024209,0.06459747817652764,0.1818,525
22810,SET OF 6 T-LIGHTS SNOWMEN,287,2015,7.02,5918.53,20.62,213,0.045877597066842156,0.42885969929107115,0.05548011639185257,0.1767,569
22811,SET OF 6 T-LIGHTS CACTI ,71,890,12.54,2307.98,32.51,51,0.03530130675942465,0.4207790101674498,0.013579049466537343,0.1566,767
22812,PACK 3 BOXES CHRISTMAS PANNETONE,367,4278,11.66,8070.62,21.99,270,0.06715239259189622,0.43367624254793075,0.07099903006789525,0.1906,451
22813,PACK 3 BOXES BIRD PANNETONE ,296,3789,12.8,7074.33,23.9,222,0.06255523173827207,0.4314464687553028,0.05722599418040737,0.1837,509
22814,CARD PARTY GAMES ,135,2126,15.75,858.36,6.36,101,0.046921124377174016,0.41753464890188524,0.025994180407371482,0.1635,698
22815,CARD PSYCHEDELIC APPLES,165,2566,15.55,1060.44,6.43,111,0.05105762903074175,0.41798691951386996,0.03181377303588749,0.167,663
22816,CARD MOTORBIKE SANTA,303,5900,19.47,2418.24,7.98,258,0.08240105292845727,0.42102578054392165,0.058583899127061106,0.1873,475
22817,CARD SUKI BIRTHDAY,169,2578,15.25,1056.84,6.25,104,0.05117044279402087,0.4179788624364593,0.032589718719689624,0.1672,661
22818,CARD CHRISTMAS VILLAGE,293,5430,18.53,2259.0,7.71,252,0.07798251386669174,0.42066938915312374,0.05664403491755577,0.1851,496
22819,"BIRTHDAY CARD, RETRO SPOT",168,2568,15.29,1052.64,6.27,125,0.051076431324621606,0.4179694625128136,0.032395732298739086,0.1671,662
22820,GIFT BAG BIRTHDAY,78,1170,15.0,760.68,9.75,67,0.03793362790260412,0.4173160335348095,0.014936954413191077,0.1567,766
22821,GIFT BAG PSYCHEDELIC APPLES,105,1284,12.23,834.96,7.95,83,0.039005358653755755,0.417482277898716,0.02017458777885548,0.1589,744
22822,CREAM WALL PLANTER HEART SHAPED,171,560,3.27,3157.51,18.46,139,0.03219892826924885,0.4226803237709701,0.03297769156159069,0.1626,707
22823,CHEST NATURAL WOOD 20 DRAWERS,18,32,1.78,3655.0,203.06,17,0.027235122684967566,0.4237937447268107,0.003297769156159069,0.1514,819
22824,3 TIER SWEETHEART GARDEN SHELF,49,60,1.22,2118.0,43.22,47,0.027498354799285512,0.4203538202878731,0.009311348205625606,0.1524,809
22825,DECORATIVE PLANT POT WITH FRIEZE,37,90,2.43,705.9,19.08,32,0.027780389207483314,0.41719343167354406,0.006983511154219205,0.1507,826
22826,LOVE SEAT ANTIQUE WHITE METAL,45,54,1.2,5692.5,126.5,33,0.027441947917645954,0.428353826733535,0.008535402521823473,0.1548,785
22827,GIANT SEVENTEEN DRAWER SIDEBOARD,39,42,1.08,6570.0,168.46,29,0.027329134154366833,0.43031773935238193,0.007371483996120271,0.155,783
22828,REGENCY MIRROR WITH SHUTTERS,12,15,1.25,2275.0,189.58,9,0.027075303186988812,0.42070519838605996,0.002133850630455868,0.15,833
22829,BROCANTE SHELF WITH HOOKS,106,214,2.02,2068.4,19.51,83,0.02894613142803422,0.42024281166577077,0.020368574199806012,0.1565,768
22830,UTILTY CABINET WITH HOOKS,16,178,11.12,3623.2,226.45,14,0.02860769013819686,0.42372257387634993,0.002909796314258002,0.1517,816
22831,WHITE BROCANTE SOAP DISH,120,751,6.26,2157.85,17.98,101,0.03399454733477484,0.42044300765865494,0.02308438409311348,0.1592,741
22832,SWEETHEART WIRE WALL TIDY,82,170,2.07,1800.3,21.95,71,0.028532480962677447,0.4196427832063829,0.01571290009699321,0.1546,787
22833,HALL CABINET WITH 3 DRAWERS,11,118,10.73,4013.59,364.87,9,0.02804362132180126,0.42459629677922356,0.0019398642095053346,0.1515,818
22834,HAND WARMER BABUSHKA DESIGN,508,6271,12.34,9631.38,18.96,300,0.08588887844317007,0.43716934369777866,0.09835111542192046,0.2071,334
22835,HOT WATER BOTTLE I AM SO POORLY,828,4278,5.17,19857.48,23.98,451,0.06715239259189622,0.4600561435058591,0.16042677012609116,0.2292,230
22837,HOT WATER BOTTLE BABUSHKA ,375,3192,8.51,14267.6,38.05,221,0.056942747015135846,0.44754556131800716,0.07255092143549952,0.1923,440
22838,3 TIER CAKE TIN RED AND CREAM,249,735,2.95,10049.03,40.36,185,0.03384412898373602,0.43810407658126743,0.0481086323957323,0.1734,599
22839,"CAKE TIN, 3 TIER MINT/IVORY",200,474,2.37,6513.26,32.57,142,0.03139042963241515,0.43019075086008185,0.03860329776915616,0.1667,666
22840,ROUND CAKE TIN VINTAGE RED,398,1263,3.17,9403.13,23.63,282,0.038807934568017295,0.4366585026091726,0.07701260911736178,0.1842,504
22841,ROUND CAKE TIN VINTAGE GREEN,300,732,2.44,5540.68,18.47,219,0.033815925542916236,0.42801404187451125,0.058001939864209505,0.1733,600
22842,BISCUIT TIN VINTAGE RED,235,778,3.31,4933.9,21.0,183,0.03424837830215286,0.42665602147694554,0.04539282250242483,0.1688,645
22843,BISCUIT TIN VINTAGE GREEN,178,558,3.13,3491.28,19.61,135,0.032180125975369,0.4234273267507906,0.03433559650824442,0.1633,700
22844,VINTAGE CREAM DOG FOOD CONTAINER,376,1007,2.68,8279.69,22.02,229,0.03640124095139607,0.4341441573185545,0.07274490785645005,0.1811,532
22845,VINTAGE CREAM CAT FOOD CONTAINER,306,861,2.81,5169.68,16.89,192,0.035028673498166775,0.4271837152858022,0.05916585838991271,0.1738,595
22846,BREAD BIN DINER STYLE RED ,329,747,2.27,11496.26,34.94,189,0.033956942747015134,0.44134308884266216,0.06362754607177498,0.1796,545
22847,"BREAD BIN, DINER STYLE, IVORY",480,1046,2.18,16238.94,33.83,264,0.03676788568205321,0.45195757214654014,0.09291949563530554,0.1939,427
22848,BREAD BIN DINER STYLE PINK,143,345,2.41,5259.2,36.78,75,0.030177681677164614,0.4273840679440805,0.027546071774975752,0.1617,716
22849,"BREAD BIN, DINER STYLE, MINT",160,366,2.29,5621.46,35.13,101,0.030375105762903074,0.4281948337392981,0.03084384093113482,0.1631,702
22850,BREAD BIN DINER STYLE BLACK,4,0,0.0,0.0,0.0,1,0.026934285982889914,0.4156135730779383,0.0005819592628516004,0.1477,856
22851,SET 20 NAPKINS FAIRY CAKES DESIGN ,464,4914,10.59,3865.56,8.33,306,0.07313152204568957,0.4242649942322516,0.08981571290009699,0.1957,411
22852,ENAMEL DOG BOWL CREAM,144,523,3.63,2191.65,15.22,108,0.03185108583247156,0.42051865466323274,0.027740058195926284,0.16,733
22853,ENAMEL CAT BOWL CREAM,129,594,4.6,1903.5,14.76,100,0.032518567265206355,0.4198737527588216,0.024830261881668283,0.1591,742
22854,CREAM SWEETHEART EGG HOLDER,224,1087,4.85,5148.25,22.98,169,0.03715333270659021,0.42713575329443826,0.04325897187196896,0.1692,641
22855,FINE WICKER HEART ,351,4600,13.11,5526.56,15.75,271,0.0701795619065526,0.42798244022644505,0.06789524733268672,0.1887,466
22856,ASSORTED EASTER DECORATIONS  BELLS,29,851,29.34,954.31,32.91,25,0.03493466202876751,0.41774939239564973,0.005431619786614937,0.1527,806
22857,ASSORTED EASTER GIFT TAGS,62,1226,19.77,1004.66,16.2,60,0.03846009213124001,0.417862079575546,0.011833171677982542,0.1561,772
22858,EASTER TIN KEEPSAKE,116,1076,9.28,1710.6,14.75,104,0.03704992009025101,0.4194420276942341,0.02230843840931135,0.1596,737
22859,EASTER TIN BUNNY BOUQUET,140,1156,8.26,1842.6,13.16,115,0.03780201184544514,0.41973745386595807,0.02696411251212415,0.1615,718
22860,EASTER TIN CHICKS PINK DAISY,90,565,6.28,932.25,10.36,85,0.032245934003948484,0.4177000204157389,0.017264791464597477,0.1557,776
22861,EASTER TIN CHICKS IN GARDEN,38,292,7.68,481.8,12.68,36,0.0296794208893485,0.4166918786047308,0.007177497575169738,0.1512,821
22862,LOVE HEART NAPKIN BOX ,189,704,3.72,2976.0,15.75,143,0.03355269342859829,0.422274090404079,0.03646944713870029,0.1641,692
22863,SOAP DISH BROCANTE,151,1057,7.0,2964.55,19.63,120,0.036871298298392405,0.42224846442175895,0.029097963142580018,0.1627,706
22864,MUG AND COASTER SET RED CIRCLES,2,378,189.0,158.76,79.38,1,0.030487919526182194,0.41596889019174815,0.00019398642095053346,0.1489,844
22865,HAND WARMER OWL DESIGN,1115,13549,12.15,27250.28,24.44,566,0.15431042587195637,0.4766017995840489,0.21610087293889427,0.2823,91
22866,HAND WARMER SCOTTY DOG DESIGN,990,11544,11.66,23202.36,23.44,530,0.1354611262574034,0.46754224269734473,0.1918525703200776,0.265,123
22867,HAND WARMER BIRD DESIGN,945,10918,11.55,21996.13,23.28,521,0.1295760082730093,0.4648426070070522,0.1831231813773036,0.2592,136
22868,"NUMBER TILE COTTAGE GARDEN, 0 ",14,111,7.93,216.45,15.46,13,0.027977813293221774,0.4160980048572539,0.002521823472356935,0.1489,844
22869,"NUMBER TILE COTTAGE GARDEN, 1",28,132,4.71,257.4,9.19,24,0.028175237378960234,0.41618965411280007,0.0052376333656644035,0.1499,834
22870,"NUMBER TILE COTTAGE GARDEN, 2",20,125,6.25,243.75,12.19,16,0.028109429350380747,0.4161591043609513,0.0036857419980601356,0.1493,840
22871,"NUMBER TILE COTTAGE GARDEN, 3 ",12,108,9.0,210.6,17.55,11,0.027949609852401993,0.4160849121064616,0.002133850630455868,0.1487,846
22872,"NUMBER TILE COTTAGE GARDEN, 4",18,115,6.39,224.25,12.46,16,0.02801541788098148,0.4161154618583103,0.003297769156159069,0.1491,842
22873,"NUMBER TILE COTTAGE GARDEN, 5",18,107,5.94,208.65,11.59,17,0.027940208705462065,0.4160805478561974,0.003297769156159069,0.1491,842
22874,"NUMBER TILE COTTAGE GARDEN, 6",18,114,6.33,222.3,12.35,15,0.02800601673404155,0.41611109760804615,0.003297769156159069,0.1491,842
22875,"NUMBER TILE COTTAGE GARDEN, 7",18,110,6.11,214.5,11.92,17,0.027968412146281846,0.4160936406069898,0.003297769156159069,0.1491,842
22876,"NUMBER TILE COTTAGE GARDEN, 8",13,108,8.31,210.6,16.2,12,0.027949609852401993,0.4160849121064616,0.0023278370514064014,0.1488,845
22877,"NUMBER TILE COTTAGE GARDEN, 9",22,116,5.27,226.2,10.28,18,0.028024819027921408,0.4161198261085744,0.004073714839961203,0.1494,839
22878,"NUMBER TILE COTTAGE GARDEN, No",17,97,5.71,203.7,11.98,13,0.0278461972360628,0.4160694693747578,0.0031037827352085354,0.149,843
22879,"NUMBER TILE VINTAGE FONT, 0",10,71,7.1,88.65,8.86,7,0.027601767415624708,0.4158119786091756,0.0017458777885548012,0.1484,849
22880,"NUMBER TILE VINTAGE FONT, 1",14,81,5.79,108.15,7.72,10,0.02769577888502397,0.4158556211118167,0.002521823472356935,0.1487,846
22881,"NUMBER TILE VINTAGE FONT, 2",15,89,5.93,123.75,8.25,9,0.027770988060543386,0.41589053511392954,0.0027158098933074684,0.1488,845
22882,NUMBER TILE VINTAGE FONT 3,27,98,3.63,141.3,5.23,18,0.027855598383002726,0.41592981336630647,0.00504364694471387,0.1496,837
22883,"NUMBER TILE VINTAGE FONT, 4",13,85,6.54,115.95,8.92,9,0.02773338347278368,0.41587307811287316,0.0023278370514064014,0.1486,847
22884,NUMBER TILE VINTAGE FONT 5,19,86,4.53,117.9,6.21,14,0.027742784619723605,0.41587744236313723,0.0034917555771096023,0.149,843
22885,NUMBER TILE VINTAGE FONT 6 ,18,92,5.11,129.6,7.2,13,0.027799191501363167,0.41590362786472185,0.003297769156159069,0.149,843
22886,"NUMBER TILE VINTAGE FONT, 7",14,82,5.86,110.1,7.86,8,0.0277051800319639,0.4158599853620808,0.002521823472356935,0.1487,846
22887,"NUMBER TILE VINTAGE FONT, 8",14,78,5.57,102.3,7.31,10,0.027667575444204194,0.41584252836102437,0.002521823472356935,0.1487,846
22888,NUMBER TILE VINTAGE FONT 9 ,10,66,6.6,77.14,7.71,9,0.027554761680925074,0.41578621834223217,0.0017458777885548012,0.1484,849
22889,"NUMBER TILE VINTAGE FONT, No ",12,154,12.83,181.68,15.14,8,0.02838206261163862,0.4160201869179293,0.002133850630455868,0.1488,845
22890,NOVELTY BISCUITS CAKE STAND 3 TIER,257,716,2.79,6683.12,26.0,149,0.03366550719187741,0.4305709106292412,0.049660523763336566,0.1713,620
22891,TEA FOR ONE POLKADOT,178,513,2.88,2209.01,12.41,108,0.0317570743630723,0.42055750768096856,0.03433559650824442,0.1622,711
22892,SALT AND PEPPER SHAKERS TOADSTOOLS,295,3361,11.39,4096.87,13.89,162,0.058531540847983454,0.4247826838366567,0.05703200775945684,0.1801,542
22893,MINI CAKE STAND T-LIGHT HOLDER,99,1985,20.05,810.66,8.19,70,0.045595562658644354,0.41742789262619406,0.019010669253152278,0.1607,726
22894,TABLECLOTH RED APPLES DESIGN ,176,539,3.06,4844.95,27.53,125,0.03200150418351039,0.42645694452259064,0.03394762366634336,0.1641,692
22895,SET OF 2 TEA TOWELS APPLE AND PEARS,359,2746,7.65,8074.04,22.49,232,0.05274983547992855,0.4336838967714709,0.06944713870029098,0.1853,494
22896,PEG BAG APPLE DESIGN,295,1952,6.62,4634.47,15.71,187,0.04528532480962678,0.4259858740633144,0.05703200775945684,0.1761,574
22897,OVEN MITT APPLE DESIGN,254,1844,7.26,2622.36,10.32,190,0.04427000094011469,0.4214826168331057,0.049078564500484964,0.1716,617
22898,CHILDRENS APRON APPLE DESIGN,377,2915,7.73,5453.45,14.47,261,0.05433862931277616,0.42781881441269703,0.07293889427740058,0.185,497
22899,CHILDRENS APRON DOLLY GIRL ,362,2662,7.35,5352.63,14.79,249,0.05196013913697471,0.42759317148365755,0.07002909796314258,0.1832,513
22900, SET 2 TEA TOWELS I LOVE LONDON ,537,5242,9.76,15014.0,27.96,252,0.07621509824198552,0.4492160620344828,0.10397672162948593,0.2098,317
22902,TOTE BAG I LOVE LONDON,144,1586,11.01,3041.14,21.12,102,0.041844505029613614,0.4224198787436707,0.027740058195926284,0.164,693
22903,CALENDAR FAMILY FAVORITES,56,384,6.86,1044.88,18.66,39,0.030544326407821756,0.4179520950348395,0.01066925315227934,0.1531,802
22904,CALENDAR PAPER CUT DESIGN,405,2873,7.09,8224.39,20.31,269,0.05394378114129924,0.4340203916572187,0.07837051406401552,0.1888,465
22905,CALENDAR IN SEASON DESIGN,144,935,6.49,2541.64,17.65,111,0.03572435837172135,0.42130195925294245,0.027740058195926284,0.1616,717
22906,12 MESSAGE CARDS WITH ENVELOPES,366,2900,7.92,4629.0,12.65,274,0.05419761210867726,0.4259736317818043,0.07080504364694472,0.1837,509
22907,PACK OF 20 NAPKINS PANTRY DESIGN,704,7909,11.23,6340.99,9.01,445,0.10128795713076995,0.4298051973252114,0.13637245392822503,0.2225,257
22908,PACK OF 20 NAPKINS RED APPLES,422,5423,12.85,4240.49,10.05,266,0.07791670583811225,0.42510411646380064,0.08166828322017458,0.1949,418
22909,SET OF 20 VINTAGE CHRISTMAS NAPKINS,926,14906,16.1,11789.9,12.73,578,0.16706778226943686,0.44200027779012446,0.17943743937924345,0.2628,127
22910,PAPER CHAIN KIT VINTAGE CHRISTMAS,1264,16021,12.67,43812.67,34.66,701,0.1775500611074551,0.5136697046772274,0.24500484966052377,0.3121,61
22911,PAPER CHAIN KIT LONDON,146,807,5.53,2263.49,15.5,115,0.03452101156341074,0.42067943811911646,0.028128031037827354,0.1611,722
22912,YELLOW COAT RACK PARIS FASHION,101,290,2.87,1321.74,13.09,81,0.029660618595468646,0.41857172904925993,0.019398642095053348,0.1559,774
22913,RED COAT RACK PARIS FASHION,107,421,3.93,1894.59,17.71,84,0.03089216884459904,0.4198538114922303,0.020562560620756547,0.1571,762
22914,BLUE COAT RACK PARIS FASHION,154,524,3.4,2404.44,15.61,117,0.03186048697941149,0.42099489508051413,0.02967992240543162,0.1608,725
22915,ASSORTED BOTTLE TOP  MAGNETS ,145,3000,20.69,1134.6,7.82,116,0.05513772680266993,0.41815289530852945,0.02793404461687682,0.1671,662
22916,HERB MARKER THYME,199,1849,9.29,1189.85,5.98,135,0.04431700667481433,0.4182765490660124,0.038409311348205626,0.167,663
22917,HERB MARKER ROSEMARY,200,1890,9.45,1216.5,6.08,138,0.04470245369935132,0.41833619381962184,0.03860329776915616,0.1672,661
22918,HERB MARKER PARSLEY,198,1804,9.11,1140.6,5.76,135,0.04389395506251763,0.41816632377088053,0.038215324927255094,0.1668,665
22919,HERB MARKER MINT,201,1697,8.44,1091.05,5.43,136,0.042888032339945474,0.4180554270526311,0.038797284190106696,0.1666,667
22920,HERB MARKER BASIL,199,1843,9.26,1185.95,5.96,138,0.04426059979317477,0.4182678205654842,0.038409311348205626,0.167,663
22921,HERB MARKER CHIVES ,175,1676,9.58,1077.4,6.16,121,0.042690608254207014,0.41802487730078236,0.03375363724539282,0.1648,685
22922,FRIDGE MAGNETS US DINER ASSORTED,103,1806,17.53,1470.6,14.28,82,0.04391275735639748,0.4189048892001905,0.019786614936954414,0.1609,724
22923,FRIDGE MAGNETS LES ENFANTS ASSORTED,90,1315,14.61,1070.95,11.9,70,0.03929679420889348,0.41801044170375495,0.017264791464597477,0.1582,751
22924,FRIDGE MAGNETS LA VIE EN ROSE,86,1217,14.15,1003.25,11.67,69,0.03837548180878067,0.4178589238868935,0.016488845780795344,0.1576,757
22925,BLUE GIANT GARDEN THERMOMETER,177,457,2.58,2696.17,15.23,130,0.031230610134436402,0.42164780930079476,0.03414161008729389,0.1623,710
22926,IVORY GIANT GARDEN THERMOMETER,208,634,3.05,3664.3,17.62,152,0.032894613142803425,0.42381455884345487,0.04015518913676043,0.1656,677
22927,GREEN GIANT GARDEN THERMOMETER,147,414,2.82,2391.3,16.27,101,0.030826360816019555,0.42096548674796525,0.028322017458777885,0.16,733
22928,YELLOW GIANT GARDEN THERMOMETER,95,253,2.66,1547.47,16.29,64,0.02931277615869136,0.41907693018367853,0.018234723569350145,0.1555,778
22929,SCHOOL DESK AND CHAIR ,19,20,1.05,1264.75,66.57,17,0.027122308921688446,0.41844418103769515,0.0034917555771096023,0.1497,836
22930,BAKING MOULD HEART MILK CHOCOLATE,147,944,6.42,2311.52,15.72,120,0.03580896869418069,0.4207869329602369,0.028322017458777885,0.1616,717
22931,BAKING MOULD HEART WHITE CHOCOLATE,111,792,7.14,1873.51,16.88,95,0.034379994359311834,0.4198066328278368,0.02133850630455868,0.1585,748
22932,BAKING MOULD TOFFEE CUP CHOCOLATE,66,752,11.39,1688.1,25.58,52,0.03400394848171477,0.4193916709604175,0.012609117361784675,0.1553,780
22933,BAKING MOULD EASTER EGG MILK CHOC,94,720,7.66,1934.4,20.58,82,0.03370311177963711,0.4199429093399297,0.018040737148399613,0.1572,761
22934,BAKING MOULD EASTER EGG WHITE CHOC,70,557,7.96,1518.35,21.69,65,0.032170724828429066,0.41901175737973456,0.01338506304558681,0.1549,784
22935,BAKING MOULD ROSE MILK CHOCOLATE,53,601,11.34,1766.25,33.33,46,0.03258437529378584,0.41956657668254044,0.01008729388942774,0.1541,792
22936,BAKING MOULD ROSE WHITE CHOCOLATE,36,186,5.17,568.88,15.8,30,0.028682899313716273,0.41688677035498634,0.006789524733268671,0.1508,825
22937,BAKING MOULD CHOCOLATE CUPCAKES,141,926,6.57,2386.94,16.93,122,0.03563974804926201,0.4209557287319901,0.027158098933074686,0.1613,720
22938,CUPCAKE LACE PAPER SET 6,257,3571,13.89,6605.63,25.7,237,0.06050578170536806,0.43039748203797684,0.049660523763336566,0.1802,541
22939,APRON APPLE DELIGHT,154,657,4.27,3153.03,20.47,109,0.033110839522421734,0.4226702971857479,0.02967992240543162,0.1618,715
22940,FELTCRAFT CHRISTMAS FAIRY,565,3252,5.76,13362.68,23.65,392,0.057506815831531444,0.44552028062621574,0.10940834141610087,0.2041,357
22941,CHRISTMAS LIGHTS 10 REINDEER,433,2413,5.57,18980.6,43.84,316,0.04961925354893297,0.4580936184947884,0.08380213385063046,0.1972,400
22942,CHRISTMAS LIGHTS 10 SANTAS ,230,1104,4.8,8300.1,36.09,177,0.037313152204568954,0.4341898364713188,0.044422890397672166,0.172,613
22943,CHRISTMAS LIGHTS 10 VINTAGE BAUBLES,303,2225,7.34,10271.53,33.9,216,0.04785183792422676,0.43860204872678704,0.058583899127061106,0.1817,526
22944,CHRISTMAS METAL POSTCARD WITH BELLS,110,3884,35.31,2501.82,22.74,89,0.06344834069756511,0.4212128390244724,0.02114451988360815,0.1686,647
22945,CHRISTMAS METAL TAGS ASSORTED ,290,7177,24.75,5880.73,20.28,244,0.09440631757074364,0.42877509997825936,0.05606207565470417,0.1931,433
22946,WOODEN ADVENT CALENDAR CREAM,223,843,3.78,12198.15,54.7,154,0.034859452853248096,0.44291397274926325,0.04306498545101843,0.1736,597
22947,WOODEN ADVENT CALENDAR RED,173,759,4.39,8271.85,47.81,124,0.03406975651029426,0.4341266107944158,0.03336566440349176,0.1672,661
22948,METAL DECORATION NAUGHTY CHILDREN ,137,1965,14.34,1719.21,12.55,93,0.04540753971984582,0.4194612975377079,0.026382153249272552,0.1638,695
22949,36 DOILIES DOLLY GIRL,146,1953,13.38,2716.65,18.61,130,0.0452947259565667,0.42169364511895313,0.028128031037827354,0.165,683
22950,36 DOILIES VINTAGE CHRISTMAS,316,7602,24.06,10413.3,32.95,256,0.09840180502021247,0.4389193409113727,0.061105722599418044,0.1995,387
22951,72 CAKE CASES DOLLY GIRL DESIGN,532,10410,19.57,5339.06,10.04,345,0.12480022562752656,0.4275628007779735,0.10300678952473327,0.2185,277
22952,72 CAKE CASES VINTAGE CHRISTMAS,934,29592,31.68,14756.16,15.8,570,0.30513302622919997,0.44863899624571524,0.18098933074684773,0.3116,62
22953,BIRTHDAY PARTY CORDON BARRIER TAPE,100,713,7.13,867.52,8.68,76,0.033637303751057626,0.4175551496877412,0.019204655674102813,0.1568,765
22954,HEN PARTY CORDON BARRIER TAPE,38,199,5.24,248.75,6.55,28,0.02880511422393532,0.4161702947462439,0.007177497575169738,0.1507,826
22955,36 FOIL STAR CAKE CASES ,163,1404,8.61,2740.04,16.81,131,0.04013349628654696,0.4217459937413518,0.03142580019398642,0.1644,689
22956,36 FOIL HEART CAKE CASES,236,2286,9.69,4416.17,18.71,189,0.04842530788756228,0.4254973018414406,0.04558680892337536,0.1732,601
22957,SET 3 PAPER VINTAGE CHICK PAPER EGG,202,1720,8.51,4800.4,23.76,179,0.04310425871956379,0.4263572381896338,0.03899127061105723,0.1695,638
22959,WRAP CHRISTMAS VILLAGE,287,9338,32.54,3813.96,13.29,251,0.11472219610792517,0.4241495094560322,0.05548011639185257,0.1981,394
22960,JAM MAKING SET WITH JARS,990,8208,8.29,32829.22,33.16,583,0.10409890006580803,0.4890878972088807,0.1918525703200776,0.2617,130
22961,JAM MAKING SET PRINTED,920,15523,16.87,21884.35,23.79,558,0.17286828993137163,0.4645924347534514,0.17827352085354026,0.2719,111
22962,JAM JAR WITH PINK LID,279,4056,14.54,3221.53,11.55,184,0.06506533797123248,0.4228236054642562,0.0539282250242483,0.1806,537
22963,JAM JAR WITH BLUE LID,235,3361,14.3,2661.72,11.33,170,0.058531540847983454,0.4215707075461289,0.04539282250242483,0.1752,582
22964,3 PIECE SPACEBOY COOKIE CUTTER SET,331,2621,7.92,5259.34,15.89,229,0.05157469211243772,0.42738438127486866,0.06401551891367604,0.181,533
22965,3 TRADITIONAl BISCUIT CUTTERS  SET,233,1751,7.52,3563.72,15.29,187,0.04339569427470152,0.42358945305290946,0.04500484966052376,0.1707,626
22966,GINGERBREAD MAN COOKIE CUTTER,625,7941,12.71,9491.66,15.19,422,0.10158879383284761,0.43685663957116294,0.12104752667313289,0.2198,271
22967,SET 3 SONG BIRD PAPER EGGS ASSORTED,135,1137,8.42,3159.75,23.41,122,0.03762339005358654,0.42268533706358113,0.025994180407371482,0.1621,712
22968,ROSE COTTAGE KEEPSAKE BOX ,257,1010,3.93,9160.65,35.64,183,0.03642944439221585,0.43611581368402386,0.049660523763336566,0.1741,592
22969,HOMEMADE JAM SCENTED CANDLES,585,13872,23.71,20019.0,34.22,472,0.1573469963335527,0.46041763771235045,0.11328806983511154,0.2437,171
22970,LONDON BUS COFFEE MUG,281,4197,14.94,9548.55,33.98,180,0.06639089968976215,0.43698396377502186,0.05431619786614937,0.1859,488
22971,QUEENS GUARD COFFEE MUG,240,2349,9.79,5565.92,23.19,165,0.04901758014477766,0.42807053093946823,0.046362754607177495,0.1745,588
22972,CHILDREN'S SPACEBOY MUG,200,1760,8.8,2864.96,14.32,147,0.04348030459716085,0.4220255743275015,0.03860329776915616,0.168,653
22973,CHILDRENS CIRCUS PARADE MUG,127,1266,9.97,2046.98,16.12,88,0.038836138008837076,0.4201948720551774,0.024442289039767216,0.1612,721
22974,CHILDRENS DOLLY GIRL MUG,171,1530,8.95,2469.54,14.44,128,0.04131804080097772,0.42114059389702346,0.03297769156159069,0.1651,682
22975,SPACEBOY CHILDRENS EGG CUP,150,1155,7.7,1452.22,9.68,113,0.037792610698505216,0.41886375334385495,0.028903976721629487,0.1619,714
22976,CIRCUS PARADE CHILDRENS EGG CUP ,121,1070,8.84,1342.34,11.09,81,0.03699351320861145,0.4186178334366653,0.023278370514064017,0.1596,737
22977,DOLLY GIRL CHILDRENS EGG CUP,118,952,8.07,1191.21,10.1,101,0.03588417786970011,0.41827959285081195,0.022696411251212415,0.159,743
22978,PANTRY ROLLING PIN,209,2331,11.15,8907.92,42.62,153,0.04884835949985898,0.43555018446902544,0.04034917555771096,0.1749,585
22979,PANTRY WASHING UP BRUSH,311,3822,12.29,5668.16,18.23,225,0.06286546958728965,0.4282993519379308,0.06013579049466537,0.1838,508
22980,PANTRY SCRUBBING BRUSH,250,2205,8.82,3532.89,14.13,198,0.047663814985428224,0.42352045313719544,0.04830261881668283,0.1732,601
22981,PANTRY APPLE CORER,77,429,5.57,593.25,7.7,58,0.030967378020118456,0.4169413122929023,0.014742967992240542,0.1542,791
22982,PANTRY PASTRY BRUSH,148,1020,6.89,1277.05,8.63,120,0.036523455861615116,0.41847170938551487,0.02851600387972842,0.1612,721
22983,"CARD, BILLBOARD FONT",412,6255,15.18,2569.59,6.24,264,0.08573846009213124,0.4213645135067279,0.07972841901066925,0.1956,412
22984,"CARD, GINGHAM ROSE ",184,3206,17.42,1295.5,7.04,115,0.05707436307229482,0.4185130019072445,0.035499515033947625,0.1704,629
22985,"WRAP, BILLBOARD FONTS DESIGN",133,4690,35.26,1881.8,14.15,101,0.071025665131146,0.41982518648665185,0.025606207565470416,0.1722,611
22986,GINGHAM ROSE WRAP,204,5766,28.26,2377.72,11.66,162,0.0811412992385071,0.4209350936615106,0.03937924345295829,0.1805,538
22987,"WRAP , SUMMER ROSE DESIGN",10,250,25.0,105.0,10.5,10,0.02928457271787158,0.41584857116908236,0.0017458777885548012,0.149,843
22988,SOLDIERS EGG CUP ,362,8921,24.64,10282.44,28.4,207,0.11080191783397575,0.43862646614749545,0.07002909796314258,0.2065,340
22989,SET 2 PANTRY DESIGN TEA TOWELS,321,2669,8.31,8232.17,25.65,241,0.0520259471655542,0.4340378038967339,0.06207565470417071,0.1827,518
22990,COTTON APRON PANTRY DESIGN,153,476,3.11,2116.84,13.84,117,0.03140923192629501,0.4203512241184852,0.029485935984481085,0.1604,729
22991,GIRAFFE WOODEN RULER,244,3000,12.3,5642.64,23.13,185,0.05513772680266993,0.4282422362113975,0.047138700290979635,0.1768,568
22992,REVOLVER WOODEN RULER ,300,4204,14.01,7762.74,25.88,217,0.06645670771834164,0.4329871833831551,0.058001939864209505,0.1858,489
22993,SET OF 4 PANTRY JELLY MOULDS,890,11701,13.15,14066.42,15.8,431,0.1369371063269719,0.44709530497537514,0.17245392822502426,0.2522,154
22994,TRAVEL CARD WALLET RETROSPOT,167,2074,12.42,869.64,5.21,89,0.04643226473629783,0.4175598944111053,0.032201745877788554,0.1654,679
22995,TRAVEL CARD WALLET SUKI,188,2179,11.59,912.3,4.85,90,0.04741938516499013,0.4176553707784215,0.03627546071774976,0.1671,662
22996,TRAVEL CARD WALLET VINTAGE TICKET,302,4514,14.95,1864.2,6.17,155,0.06937106326971891,0.419785796330422,0.058389912706110575,0.1825,520
22997,TRAVEL CARD WALLET UNION JACK,190,2399,12.63,1006.14,5.3,101,0.049487637491774,0.4178653919295926,0.03666343355965083,0.168,653
22998,TRAVEL CARD WALLET KEEP CALM,451,11468,25.43,4566.98,10.13,218,0.13474663908996898,0.42583482624263524,0.08729388942774007,0.216,290
22999,TRAVEL CARD WALLET RETRO PETALS,190,2806,14.77,1177.08,6.2,108,0.053313904296324155,0.4182479688219751,0.03666343355965083,0.1694,639
23000,TRAVEL CARD WALLET TRANSPORT,210,3003,14.3,1258.38,5.99,126,0.0551659302434897,0.4184299244868324,0.04054316197866149,0.1714,619
23002,TRAVEL CARD WALLET SKULLS,150,1924,12.83,806.64,5.38,85,0.04502209269530883,0.41741889555641887,0.028903976721629487,0.1638,695
23003,TRAVEL CARD WALLET VINTAGE ROSE ,53,541,10.21,225.78,4.26,38,0.032020306477390244,0.41611888611620984,0.01008729388942774,0.1527,806
23004,TRAVEL CARD WALLET PANTRY,130,1669,12.84,702.62,5.4,73,0.04262480022562753,0.4171860907807921,0.025024248302618818,0.1616,717
23005,TRAVEL CARD WALLET I LOVE LONDON,179,4345,24.27,1767.3,9.87,105,0.0677822694368713,0.41956892666345186,0.03452958292919495,0.174,593
23006,TRAVEL CARD WALLET FLOWER MEADOW,135,1615,11.96,676.86,5.01,88,0.042117138290871485,0.41712843791576476,0.025994180407371482,0.1617,716
23007, SPACEBOY BABY GIFT SET,145,443,3.06,6946.85,47.91,110,0.03109899407727743,0.4311611586918834,0.02793404461687682,0.1634,699
23008,DOLLY GIRL BABY GIFT SET,124,412,3.32,6415.4,51.74,99,0.030807558522139702,0.4299717326391355,0.023860329776915615,0.1615,718
23009,I LOVE LONDON BABY GIFT SET,61,209,3.43,3262.55,53.48,48,0.028899125693334585,0.42291541138519645,0.011639185257032008,0.1545,788
23010,CIRCUS PARADE BABY GIFT SET,91,282,3.1,4393.9,48.28,73,0.029585409419949235,0.42544745986534743,0.01745877788554801,0.1575,758
23012,GLASS APOTHECARY BOTTLE PERFUME,205,1006,4.91,3732.04,18.21,151,0.03639183980445614,0.4239661661833987,0.03957322987390883,0.1666,667
23013,GLASS APOTHECARY BOTTLE TONIC,184,859,4.67,3187.39,17.32,135,0.035009871204286926,0.4227471975134785,0.035499515033947625,0.1644,689
23014,GLASS APOTHECARY BOTTLE ELIXIR,165,789,4.78,2916.23,17.67,122,0.03435179091849205,0.4221403205382916,0.03181377303588749,0.1628,705
23015,CORDIAL GLASS JUG,19,29,1.53,239.25,12.59,15,0.027206919244147785,0.416149033014188,0.0034917555771096023,0.1489,844
23016,GLASS TWIST BON BON JAR,20,66,3.3,492.9,24.65,19,0.027554761680925074,0.41671672126008036,0.0036857419980601356,0.1493,840
23017,APOTHECARY MEASURING JAR,22,63,2.86,738.9,33.59,20,0.027526558240105293,0.417267288216475,0.004073714839961203,0.1496,837
23018,LARGE APOTHECARY MEASURING JAR ,20,50,2.5,587.2,29.36,19,0.027404343329886244,0.41692777192669833,0.0036857419980601356,0.1493,840
23019,SMALL APOTHECARY MEASURING JAR ,28,81,2.89,629.05,22.47,26,0.02769577888502397,0.41702143545159714,0.0052376333656644035,0.15,833
23020,GLASS  SONGBIRD STORAGE JAR,78,170,2.18,2018.35,25.88,67,0.028532480962677447,0.4201307959089921,0.014936954413191077,0.1545,788
23021,GLASS BONNE JAM JAR,25,117,4.68,475.95,19.04,24,0.028034220174861332,0.4166787858539385,0.004655674102812803,0.1498,835
23022,SMALL BONNE JAM JAR  T-LIGHT HOLDER,25,386,15.44,733.28,29.33,19,0.03056312870170161,0.4172547102234062,0.004655674102812803,0.1508,825
23023,RIDGED BONNE JAM JAR T-LIGHT HOLDER,24,258,10.75,408.14,17.01,23,0.029359781893390995,0.41652702184860063,0.0044616876818622695,0.1501,832
23024,LARGE BONNE JAM JAR  T-LIGHT HOLDER,11,252,22.91,657.08,59.73,8,0.029303375011751433,0.4170841687515473,0.0019398642095053346,0.1494,839
23025,DRAWER KNOB VINTAGE GLASS BALL,47,311,6.62,657.13,13.98,40,0.029858042681207106,0.41708428065540026,0.008923375363724539,0.152,813
23026,DRAWER KNOB VINTAGE GLASS STAR,57,489,8.58,987.85,17.33,43,0.03153144683651406,0.41782445750019237,0.010863239573229874,0.1534,799
23027,DRAWER KNOB VINTAGE GLASS HEXAGON,27,287,10.63,596.96,22.11,26,0.02963241515464887,0.4169496155587894,0.00504364694471387,0.1505,828
23028,DRAWER KNOB CRACKLE GLAZE BLUE,118,1234,10.46,1978.74,16.77,88,0.038535301306759424,0.4200421456767043,0.022696411251212415,0.1604,729
23029,DRAWER KNOB CRACKLE GLAZE GREEN,146,1256,8.6,2034.0,13.93,97,0.03874212653943781,0.4201658218149578,0.028128031037827354,0.1623,710
23031,DRAWER KNOB CRACKLE GLAZE PINK,147,1208,8.22,1954.8,13.3,93,0.038290871486321335,0.4199885661119234,0.028322017458777885,0.1622,711
23032,DRAWER KNOB CRACKLE GLAZE IVORY,197,2204,11.19,3531.0,17.92,117,0.04765441383848829,0.4235162231715548,0.038021338506304556,0.1697,636
23033,DRAWER KNOB CERAMIC RED,59,679,11.51,943.75,16.0,42,0.033317664755100125,0.41772575830191183,0.01125121241513094,0.1541,792
23034,DRAWER KNOB CERAMIC BLACK,81,929,11.47,1306.25,16.13,57,0.03566795149008179,0.4185370612356235,0.015518913676042677,0.1566,767
23035,DRAWER KNOB CERAMIC IVORY,169,2062,12.2,2902.54,17.17,110,0.046319450973018705,0.4221096812633605,0.032589718719689624,0.167,663
23036,T-LIGHT HOLDER SILVER PETIT FOUR ,15,182,12.13,227.5,15.17,14,0.028645294725956567,0.41612273560875046,0.0027158098933074684,0.1492,841
23037,CANDLE HOLDER SILVER MADELINE,18,193,10.72,315.29,17.52,17,0.02874870734229576,0.4163192163937175,0.003297769156159069,0.1495,838
23038,T-LIGHT HOLDER SILVER SAUCER,6,41,6.83,38.03,6.34,4,0.027319733007426905,0.41569868714847363,0.0009699321047526673,0.148,853
23039,T-LIGHT HOLDER SILVER HEART HANDLE,24,186,7.75,359.1,14.96,22,0.028682899313716273,0.41641726654965106,0.0044616876818622695,0.1499,834
23040,PAPER LANTERN 9 POINT SNOW STAR ,38,246,6.47,1318.5,34.7,33,0.029246968130111874,0.4185644776795903,0.007177497575169738,0.1517,816
23041,PAPER LANTERN 9 POINT SNOW STAR,49,236,4.82,979.4,19.99,46,0.029152956660712607,0.4178055457490479,0.009311348205625606,0.1521,812
23042,PAPER LANTERN 7 POINT SNOW STAR,26,89,3.42,591.85,22.76,25,0.027770988060543386,0.41693817898502045,0.004849660523763337,0.1499,834
23043,PAPER LANTERN 9 POINT HOLLY STAR 40,19,75,3.95,468.75,24.67,18,0.027639372003384413,0.4166626716991172,0.0034917555771096023,0.1493,840
23044,PAPER LANTERN 9 POINT HOLLY STAR S,25,100,4.0,415.0,16.6,24,0.02787440067688258,0.416542375057222,0.004655674102812803,0.1497,836
23045,PAPER LANTERN 5 POINT STAR MOON 30,24,96,4.0,398.4,16.6,22,0.027836796089122873,0.41650522297805065,0.0044616876818622695,0.1496,837
23046,PAPER LANTERN 9 POINT DELUXE STAR,34,347,10.21,2091.55,61.52,31,0.030196483971044467,0.42029462314967536,0.006401551891367604,0.1523,810
23047,PAPER LANTERN 5 POINT SEQUIN STAR,26,58,2.23,333.5,12.83,25,0.02747955250540566,0.41635997177695305,0.004849660523763337,0.1496,837
23048,SET OF 10 LANTERNS FAIRY LIGHT STAR,92,528,5.74,2115.34,22.99,81,0.031898091567171195,0.42034786700289745,0.017652764306498547,0.1566,767
23049,RECYCLED ACAPULCO MAT RED,171,432,2.53,3548.0,20.75,103,0.030995581460938233,0.4235542704815496,0.03297769156159069,0.1625,708
23050,RECYCLED ACAPULCO MAT GREEN,177,458,2.59,3755.3,21.22,116,0.031240011281376327,0.4240182238557797,0.03414161008729389,0.1631,702
23051,RECYCLED ACAPULCO MAT BLUE,135,333,2.47,2724.85,20.18,95,0.030064867913885494,0.421711997350833,0.025994180407371482,0.1593,740
23052,RECYCLED ACAPULCO MAT TURQUOISE,222,570,2.57,4686.5,21.11,147,0.032292939738648115,0.42610232121266894,0.04287099903006789,0.1671,662
23053,RECYCLED ACAPULCO MAT PINK,130,317,2.44,2581.65,19.86,105,0.029914449562846668,0.4213915047160536,0.025024248302618818,0.1588,745
23054,RECYCLED ACAPULCO MAT LAVENDER,110,265,2.41,2181.45,19.83,81,0.02942558992197048,0.4204958262772359,0.02114451988360815,0.157,763
23055,IVORY CHANDELIER T-LIGHT HOLDER,42,224,5.33,692.0,16.48,33,0.029040142897433487,0.4171623224024307,0.007953443258971873,0.1514,819
23056,FLOWERS CHANDELIER T-LIGHT HOLDER,44,383,8.7,1026.59,23.33,33,0.030534925260881828,0.4179111606054392,0.00834141610087294,0.1523,810
23057,GEMSTONE CHANDELIER T-LIGHT HOLDER,46,337,7.33,1105.99,24.04,38,0.0301024725016452,0.4180888639238853,0.008729388942774006,0.1523,810
23058,CHRISTMAS HANGING SNOWFLAKE,44,486,11.05,421.02,9.57,39,0.031503243395694276,0.41655584828111425,0.00834141610087294,0.1521,812
23060,HEART BEADED TRELLIS DECORATION,41,244,5.95,507.52,12.38,34,0.02922816583623202,0.4167494419466758,0.007759456838021339,0.1512,821
23061,VINTAGE EMBOSSED HEART,89,943,10.6,1173.71,13.19,76,0.035799567547240764,0.41824042650228793,0.017070805043646945,0.157,763
23064,CINDERELLA CHANDELIER ,32,149,4.66,2103.55,65.74,20,0.028335056876938988,0.42032148007437753,0.0060135790494665374,0.1516,817
23065,LARGE DECO JEWELLERY STAND,93,255,2.74,3090.3,33.23,81,0.029331578452571214,0.42252990261186724,0.017846750727449078,0.1566,767
23066,SMALL DECO JEWELLERY STAND,77,244,3.17,1955.4,25.39,69,0.02922816583623202,0.4199899089581585,0.014742967992240542,0.1547,786
23067,HANGING ENGRAVED METAL HEART,75,274,3.65,1137.1,15.16,63,0.02951020024442982,0.41815849050117576,0.014354995150339476,0.154,793
23068,ALUMINIUM STAMPED HEART,132,801,6.07,1927.25,14.6,106,0.03446460468177118,0.41992690708896135,0.025412221144519884,0.1599,734
23069,EDWARDIAN PHOTO FRAME,31,87,2.81,543.75,17.54,27,0.027752185766663533,0.41683052747850585,0.005819592628516004,0.1501,832
23070,EDWARDIAN HEART PHOTO FRAME,33,147,4.45,610.05,18.49,29,0.028316254583059135,0.4169789119874854,0.006207565470417071,0.1505,828
23071,MARIE ANTOIENETT TRINKET BOX GOLD,22,237,10.77,746.1,33.91,16,0.029162357807652535,0.41728340237129635,0.004073714839961203,0.1502,831
23072,MARIE ANTOINETTE TRINKET BOX SILVER,24,254,10.58,715.0,29.79,21,0.029322177305631286,0.41721379817477655,0.0044616876818622695,0.1503,830
23073,GEORGIAN TRINKET BOX,60,140,2.33,1669.0,27.82,49,0.028250446554479648,0.4193489236885999,0.011445198836081475,0.153,803
23074,EMBOSSED HEART TRINKET BOX,36,215,5.97,431.54,11.99,32,0.028955532574974147,0.41657939285176987,0.006789524733268671,0.1508,825
23075,DOUBLE CERAMIC PARLOUR HOOK,83,431,5.19,1769.45,21.32,61,0.03098618031399831,0.4195737385291277,0.015906886517943745,0.1555,778
23076,ICE CREAM SUNDAE LIP GLOSS,250,7868,31.47,9603.16,38.41,202,0.10090251010623295,0.4371061851631874,0.04830261881668283,0.1954,414
23077,DOUGHNUT LIP GLOSS ,311,9582,30.81,11540.7,37.11,217,0.11701607596126727,0.4414425489871426,0.06013579049466537,0.2062,341
23078,ICE CREAM PEN LIP GLOSS ,215,6559,30.51,8017.31,37.29,159,0.08859640876186894,0.43355693065994133,0.04151309408341416,0.1879,471
23079,TOADSTOOL BEDSIDE LIGHT ,112,234,2.09,2073.3,18.51,83,0.029134154366832754,0.42025377824335747,0.021532492725509216,0.157,763
23080,RED METAL BOX TOP SECRET,232,987,4.25,7830.03,33.75,148,0.03621321801259754,0.43313778358842264,0.04481086323957323,0.1714,619
23081,GREEN METAL BOX ARMY SUPPLIES,118,447,3.79,3556.89,30.14,80,0.031136598665037134,0.42357416698659983,0.022696411251212415,0.1591,742
23082,SET 6 PAPER TABLE LANTERN HEARTS ,275,2232,8.12,8007.52,29.12,205,0.047917645952806245,0.43353501988553844,0.05315227934044617,0.1782,556
23083,SET 6 PAPER TABLE LANTERN STARS ,215,1796,8.35,6521.71,30.33,162,0.04381874588699822,0.43020966261122623,0.04151309408341416,0.1718,615
23084,RABBIT NIGHT LIGHT,838,27045,32.27,51042.84,60.91,450,0.28118830497320674,0.5298513822833909,0.1623666343355965,0.3245,54
23085,ANTIQUE SILVER BAUBLE LAMP  ,83,356,4.29,3308.95,39.87,64,0.030281094293503806,0.42301925816071156,0.015906886517943745,0.1564,769
23086,ZINC  STAR T-LIGHT HOLDER ,37,1175,31.76,1347.79,36.43,31,0.03798063363730375,0.41863003095663426,0.006983511154219205,0.1545,788
23087,ZINC  HEART T-LIGHT HOLDER,50,815,16.3,978.43,19.57,43,0.03459622073893015,0.41780337481430113,0.009505334626576139,0.154,793
23088,ZINC HEART FLOWER T-LIGHT HOLDER,57,760,13.33,947.18,16.62,52,0.03407915765723418,0.41773343490622256,0.010863239573229874,0.1542,791
23089,GLASS BON BON JAR,144,2120,14.72,3469.62,24.09,101,0.046864717495534454,0.42337885000170317,0.027740058195926284,0.166,673
23090,VINTAGE GLASS T-LIGHT HOLDER,126,2120,16.83,1715.32,13.61,96,0.046864717495534454,0.41945259141795027,0.02424830261881668,0.1635,698
23091,ZINC HERB GARDEN CONTAINER,197,552,2.8,3375.75,17.14,160,0.032123719093729436,0.4231687617082204,0.038021338506304556,0.1644,689
23092,LARGE ANTIQUE WHITE PHOTO FRAME,134,497,3.71,3490.51,26.05,96,0.03160665601203347,0.4234256034314556,0.02580019398642095,0.1603,730
23093,SMALL PARISIENNE HEART PHOTO FRAME ,125,912,7.3,2115.2,16.92,105,0.03550813199210304,0.4203475536721093,0.02405431619786615,0.16,733
23094,LE GRAND TRAY CHIC SET,76,145,1.91,1812.5,23.85,65,0.02829745228917928,0.4196700877464968,0.014548981571290009,0.1542,791
23096,PETIT TRAY CHIC,117,993,8.49,1606.73,13.73,89,0.036269624894237094,0.4192095586301662,0.02250242483026188,0.1593,740
23099,FRENCH CARRIAGE LANTERN,59,124,2.1,805.7,13.66,46,0.02810002820344082,0.4174167917639839,0.01125121241513094,0.1523,810
23100,SILVER BELLS TABLE DECORATION,220,2089,9.5,2560.85,11.64,180,0.04657328194039673,0.42134495271323646,0.04248302618816683,0.1701,632
23101,SILVER STARS TABLE DECORATION,191,1942,10.17,1569.62,8.22,175,0.04519131334022751,0.4191265035905246,0.03685741998060136,0.1671,662
23102,SILVER HEARTS TABLE DECORATION,141,1231,8.73,995.33,7.06,128,0.03850709786593964,0.41784119831659,0.027158098933074686,0.1612,721
23103,BELL HEART DECORATION,330,3903,11.83,6396.75,19.38,231,0.0636269624894237,0.4299299925019942,0.06382153249272551,0.1858,489
23104,IVORY PANTRY HANGING LAMP ,44,116,2.64,1355.5,30.81,38,0.028024819027921408,0.4186472865307554,0.00834141610087294,0.1517,816
23106,ZINC HEARTS PLANT POT HOLDER,51,271,5.31,734.59,14.4,49,0.02948199680361004,0.41725764210435284,0.009699321047526674,0.1521,812
23107,WHITE WIRE PLANT POT HOLDER,61,340,5.57,919.8,15.08,60,0.03013067594246498,0.4176721563563604,0.011639185257032008,0.1531,802
23108,SET OF 10 LED DOLLY LIGHTS,370,2128,5.75,12655.13,34.2,271,0.046939926671053865,0.44393672920346344,0.07158098933074684,0.1875,473
23109,LED TEA LIGHTS,233,2214,9.5,6245.86,26.81,178,0.04774842530788756,0.42959228905463487,0.04500484966052376,0.1741,592
23110,PARISIENNE KEY CABINET ,248,611,2.46,3380.45,13.63,158,0.03267838676318511,0.4231792806703954,0.04791464597478177,0.1679,654
23111,PARISIENNE SEWING BOX,141,272,1.93,3181.6,22.56,80,0.029491397950549968,0.42273423904730967,0.027158098933074686,0.1598,735
23112,PARISIENNE CURIO CABINET,202,438,2.17,3197.45,15.83,134,0.031051988342577795,0.4227697125686872,0.03899127061105723,0.1643,690
23113,PANTRY CHOPPING BOARD,49,192,3.92,892.8,18.22,39,0.028739306195355835,0.41761172827578047,0.009311348205625606,0.1519,814
23114,VINTAGE LEAF CHOPPING BOARD  ,43,141,3.28,669.15,15.56,40,0.028259847701419573,0.4171111823416436,0.008147429679922406,0.1512,821
23115,RED APPLES CHOPPING BOARD   ,38,144,3.79,684.0,18.0,38,0.028288051142239354,0.41714441778596256,0.007177497575169738,0.1509,824
23116,VEGETABLE GARDEN CHOPPING BOARD,17,70,4.12,317.7,18.69,17,0.02759236626868478,0.41632461015942857,0.0031037827352085354,0.149,843
23117,POPPY FIELDS CHOPPING BOARD,40,84,2.1,415.8,10.4,39,0.027723982325843752,0.4165441655188688,0.007565470417070805,0.1506,827
23118,PARISIENNE JEWELLERY DRAWER ,242,741,3.06,5219.02,21.57,154,0.03390053586537558,0.4272941420078693,0.046750727449078565,0.1693,640
23119,PACK OF 6 LARGE FRUIT STRAWS ,118,2119,17.96,1253.39,10.62,97,0.04685531634859453,0.41841875648231047,0.022696411251212415,0.1627,706
23120,PACK OF 6 SMALL FRUIT STRAWS,86,1545,17.97,614.34,7.14,69,0.04145905800507662,0.4169885133380664,0.016488845780795344,0.1583,750
23121,PACK OF 6 COCKTAIL PARASOL STRAWS,92,2460,26.74,958.32,10.42,81,0.05006110745510952,0.4177583670846544,0.017652764306498547,0.1618,715
23122,PARTY CHARMS 50 PIECES,99,2088,21.09,1550.16,15.66,90,0.0465638807934568,0.41908295061096595,0.019010669253152278,0.1616,717
23123,COCKTAIL SWORDS 50 PIECES,70,893,12.76,700.27,10.0,64,0.03532951020024443,0.41718083129970457,0.01338506304558681,0.1553,780
23124,18PC WOODEN CUTLERY SET DISPOSABLE,24,503,20.96,595.15,24.8,23,0.03166306289367303,0.4169455646393135,0.0044616876818622695,0.151,823
23125,6PC WOOD PLATE SET DISPOSABLE,16,405,25.31,443.25,27.7,15,0.030741750493560215,0.41660560073412506,0.002909796314258002,0.1501,832
23126,DOLLCRAFT GIRL AMELIE KIT,279,1068,3.83,5193.08,18.61,198,0.0369747109147316,0.4272360862889714,0.0539282250242483,0.1727,606
23127,DOLLCRAFT GIRL NICOLE,187,700,3.74,3442.04,18.41,146,0.033515088840838585,0.42331712383642933,0.036081474296799226,0.1643,690
23128,FELTCRAFT BOY JEAN-PAUL KIT,131,424,3.24,2050.48,15.65,112,0.030920372285418822,0.4202027053248822,0.02521823472356935,0.1588,745
23129,HEART SHAPED HOLLY WREATH,166,941,5.67,3929.03,23.67,138,0.03578076525336091,0.42440704498315557,0.03200775945683802,0.1641,692
23130,MISTLETOE HEART WREATH GREEN,169,909,5.38,3711.07,21.96,139,0.035479928551283256,0.42391923370748164,0.032589718719689624,0.164,693
23131,MISTLETOE HEART WREATH CREAM,111,887,7.99,3607.73,32.5,91,0.03527310331860487,0.4236879508242547,0.02133850630455868,0.1601,732
23132,SMALL IVORY HEART WALL ORGANISER,144,1004,6.97,4966.08,34.49,115,0.036373037510576293,0.4267280427966885,0.027740058195926284,0.1636,697
23133,LARGE IVORY HEART WALL ORGANISER,135,758,5.61,5134.66,38.03,94,0.034060355363354326,0.427105337827213,0.025994180407371482,0.1624,709
23134,LARGE ZINC HEART WALL ORGANISER,37,1064,28.76,6414.48,173.36,29,0.03693710632697189,0.42996967360824173,0.006983511154219205,0.158,753
23135,SMALL ZINC HEART WALL ORGANISER,42,1538,36.62,5378.8,128.07,31,0.04139324997649713,0.42765174196027883,0.007953443258971873,0.159,743
23136,IVORY WIRE SWEETHEART LETTER TRAY,44,127,2.89,467.05,10.61,39,0.0281282316442606,0.4166588669681177,0.00834141610087294,0.151,823
23137,ZINC WIRE SWEETHEART LETTER TRAY,20,80,4.0,253.24,12.66,18,0.027686377738084047,0.4161803437122366,0.0036857419980601356,0.1492,841
23138,SINGLE WIRE HOOK IVORY HEART,78,858,11.0,1184.5,15.19,60,0.035000470057346994,0.41826457535374933,0.014936954413191077,0.1561,772
23139,SINGLE WIRE HOOK PINK HEART,24,394,16.42,484.98,20.21,20,0.03063833787722102,0.4166989956897769,0.0044616876818622695,0.1506,827
23140,TRIPLE WIRE HOOK IVORY HEART,36,148,4.11,608.74,16.91,29,0.02832565572999906,0.4169759801065387,0.006789524733268671,0.1507,826
23141,TRIPLE WIRE HOOK PINK HEART,18,68,3.78,215.0,11.94,18,0.027573563974804927,0.416094759645519,0.003297769156159069,0.149,843
23142,IVORY WIRE KITCHEN ORGANISER,38,114,3.0,1118.1,29.42,34,0.02800601673404155,0.41811596703706394,0.007177497575169738,0.1511,822
23143,ZINC WIRE KITCHEN ORGANISER,12,25,2.08,156.8,13.07,12,0.02716931465638808,0.4159645035607134,0.002133850630455868,0.1484,849
23144,ZINC T-LIGHT HOLDER STARS SMALL,241,4850,20.12,3843.46,15.95,180,0.07252984864153426,0.4242155327292584,0.04655674102812803,0.1811,532
23145,ZINC T-LIGHT HOLDER STAR LARGE,153,2043,13.35,1908.89,12.48,128,0.0461408291811601,0.4198858159941671,0.029485935984481085,0.1652,681
23146,TRIPLE HOOK ANTIQUE IVORY ROSE,236,728,3.08,2361.92,10.01,151,0.03377832095515653,0.4208997320439861,0.04558680892337536,0.1668,665
23147,SINGLE ANTIQUE ROSE HOOK IVORY,260,1828,7.03,2648.2,10.19,170,0.04411958258907587,0.4215404487442978,0.05024248302618817,0.172,613
23148,MINIATURE ANTIQUE ROSE HOOK IVORY,248,2100,8.47,1741.56,7.02,143,0.04667669455673592,0.4195113185599657,0.04791464597478177,0.1714,619
23149,ANTIQUE IVORY WIRE BOWL SMALL,21,86,4.1,214.14,10.2,18,0.027742784619723605,0.41609283489924875,0.0038797284190106693,0.1492,841
23150,IVORY SWEETHEART SOAP DISH,41,138,3.37,343.62,8.38,33,0.028231644260599792,0.4163826211167852,0.007759456838021339,0.1508,825
23151,ZINC SWEETHEART SOAP DISH,19,59,3.11,104.41,5.5,18,0.027488953652345587,0.41584725070361783,0.0034917555771096023,0.1489,844
23152,IVORY SWEETHEART WIRE LETTER RACK ,153,534,3.49,1972.26,12.89,108,0.03195449844881076,0.42002764293736516,0.029485935984481085,0.1605,728
23153,ZINC SWEETHEART WIRE LETTER RACK,79,244,3.09,908.63,11.5,67,0.02922816583623202,0.4176471570356168,0.01513094083414161,0.154,793
23154,SET OF 4 JAM JAR MAGNETS,222,2380,10.72,4795.13,21.6,141,0.04930901569991539,0.42634544352353543,0.04287099903006789,0.1728,605
23155,KNICKERBOCKERGLORY MAGNET ASSORTED ,125,1925,15.4,1539.67,12.32,84,0.045031493842248756,0.41905947318262216,0.02405431619786615,0.1627,706
23156,SET OF 5 MINI GROCERY MAGNETS,188,1607,8.55,3247.3,17.27,117,0.042041929115352074,0.4228812807100541,0.03627546071774976,0.1671,662
23157,SET OF 6 NATIVITY MAGNETS ,152,2290,15.07,4587.55,30.18,111,0.04846291247532199,0.42588086348772886,0.029291949563530553,0.1679,654
23158,SET OF 5 LUCKY CAT MAGNETS ,190,2476,13.03,4992.52,26.28,96,0.05021152580614835,0.42678721755411564,0.03666343355965083,0.1712,621
23159,SET OF 5 PANCAKE DAY MAGNETS,199,2230,11.21,4510.73,22.67,121,0.04789884365892639,0.42570893440809376,0.038409311348205626,0.1707,626
23160,REGENCY TEA SPOON,62,1386,22.35,1644.3,26.52,50,0.03996427564162828,0.4192936431852545,0.011833171677982542,0.157,763
23161,REGENCY CAKE FORK,69,1596,23.13,1881.6,27.27,58,0.04193851649901288,0.41982473887124017,0.013191076624636276,0.1583,750
23162,REGENCY TEA STRAINER,142,1362,9.59,4789.24,33.73,96,0.03973864811507004,0.4263322612496607,0.027352085354025217,0.1645,688
23163,REGENCY SUGAR TONGS,136,1659,12.2,3835.3,28.2,95,0.04253078875622826,0.4241972700204609,0.026188166828322017,0.1643,690
23164,REGENCY CAKE SLICE,81,563,6.95,2574.26,31.78,70,0.03222713171006863,0.4213749653265912,0.015518913676042677,0.1564,769
23165,LARGE CERAMIC TOP STORAGE JAR,240,2848,11.87,4463.4,18.6,167,0.053708752467801074,0.4256030062209142,0.046362754607177495,0.1752,582
23166,MEDIUM CERAMIC TOP STORAGE JAR,208,3422,16.45,3937.09,18.93,138,0.059105010811318984,0.42442508388424716,0.04015518913676043,0.1746,587
23167,SMALL CERAMIC TOP STORAGE JAR ,193,5141,26.64,3818.99,19.79,129,0.07526558240105292,0.42416076698363653,0.03724539282250242,0.1789,551
23168,CLASSIC SUGAR DISPENSER,240,2795,11.65,3218.81,13.41,140,0.053210491679984956,0.422817517894657,0.046362754607177495,0.1741,592
23169,CLASSIC GLASS SWEET JAR,297,1358,4.57,5450.5,18.35,203,0.03970104352731033,0.4278122120853744,0.0574199806013579,0.175,584
23170,REGENCY TEA PLATE ROSES ,340,5845,17.19,9124.69,26.84,225,0.0818839898467613,0.4360353324329997,0.06576139670223084,0.1946,421
23171,REGENCY TEA PLATE GREEN ,276,5869,21.26,9038.65,32.75,195,0.08210961737331955,0.43584276828288504,0.0533462657613967,0.1904,453
23172,REGENCY TEA PLATE PINK,233,3586,15.39,5638.98,24.2,160,0.060646798909466955,0.42823404484936334,0.04500484966052376,0.178,558
23173,REGENCY TEAPOT ROSES ,370,2610,7.05,22597.12,61.07,248,0.051471279496098525,0.46618766893844915,0.07158098933074684,0.1964,405
23174,REGENCY SUGAR BOWL GREEN,285,2866,10.06,11222.04,39.38,192,0.05387797311271975,0.4407293633516762,0.055092143549951504,0.1832,513
23175,REGENCY MILK JUG PINK ,283,2982,10.54,8769.5,30.99,206,0.05496850615775124,0.43524038984258573,0.054704170708050434,0.1816,527
23176,ABC TREASURE BOOK BOX ,197,2043,10.37,4272.01,21.69,159,0.0461408291811601,0.42517466065268505,0.038021338506304556,0.1698,635
23177,TREASURE ISLAND BOOK BOX,222,2408,10.85,4984.8,22.45,174,0.04957224781423333,0.42676993959922394,0.04287099903006789,0.1731,602
23178,JAM CLOCK MAGNET,58,304,5.24,824.02,14.21,50,0.02979223465262762,0.4174577933356958,0.011057225994180407,0.1528,805
23179,CLOCK MAGNET MUM'S KITCHEN,40,304,7.6,837.88,20.95,36,0.02979223465262762,0.4174888130837269,0.007565470417070805,0.1516,817
23180,MUM'S KITCHEN CLOCK,37,103,2.78,466.95,12.62,29,0.02790260411770236,0.4166586431604119,0.006983511154219205,0.1505,828
23181,BULL DOG BOTTLE TOP WALL CLOCK,73,181,2.48,1451.25,19.88,60,0.02863589357901664,0.4188615824091082,0.01396702230843841,0.1538,795
23182,TOILET SIGN OCCUPIED OR VACANT,264,3364,12.74,2796.07,10.59,140,0.058559744288803235,0.4218713931989404,0.0510184287099903,0.1771,565
23183,MOTHER'S KITCHEN SPOON REST ,61,171,2.8,664.46,10.89,45,0.028541882109617372,0.4171006857602392,0.011639185257032008,0.1524,809
23184,BULL DOG BOTTLE OPENER,203,765,3.77,3685.15,18.15,129,0.03412616339193381,0.4238612227501249,0.03918525703200776,0.1657,676
23185,FRENCH STYLE STORAGE JAR JAM,32,316,9.88,114.56,3.58,27,0.02990504841590674,0.41586996718576175,0.0060135790494665374,0.1506,827
23186,FRENCH STYLE STORAGE JAR CAFE ,73,1970,26.99,810.22,11.1,57,0.045454545454545456,0.4174269078722883,0.01396702230843841,0.1589,744
23187,FRENCH STYLE STORAGE JAR BONBONS,79,2301,29.13,678.57,8.59,66,0.048566325091661186,0.41713226502753487,0.01513094083414161,0.1603,730
23188,VINTAGE  2 METER FOLDING RULER,289,3082,10.66,5077.06,17.57,207,0.05590862085174391,0.42697642458864254,0.05586808923375364,0.1796,545
23189,SET OF 12 FORK CANDLES,115,1214,10.56,3316.46,28.84,89,0.03834727836796089,0.423036066119421,0.022114451988360814,0.1612,721
23190,BUNDLE OF 3 SCHOOL EXERCISE BOOKS  ,182,1676,9.21,2687.84,14.77,146,0.042690608254207014,0.4216291661188973,0.035111542192046555,0.1665,668
23191,BUNDLE OF 3 RETRO NOTE BOOKS,253,2156,8.52,3487.4,13.78,182,0.04720315878537182,0.42341864301180354,0.04888457807953443,0.1732,601
23192,BUNDLE OF 3 ALPHABET EXERCISE BOOKS,320,3266,10.21,5192.22,16.23,224,0.05763843188869042,0.42723416154270116,0.06188166828322018,0.1823,522
23193,BUFFALO BILL TREASURE BOOK BOX,143,1827,12.78,3705.57,25.91,109,0.04411018144213594,0.4239069242836598,0.027546071774975752,0.1652,681
23194,GYMKHANNA TREASURE BOOK BOX,181,1713,9.46,3596.42,19.87,142,0.0430384506909843,0.4236626381727229,0.03491755577109602,0.1672,661
23196,RETRO LEAVES MAGNETIC NOTEPAD,242,1743,7.2,2460.15,10.17,170,0.0433204850991821,0.421119578353444,0.046750727449078565,0.1704,629
23197,SKETCHBOOK MAGNETIC SHOPPING LIST,191,1329,6.96,1914.49,10.02,116,0.03942841026605246,0.4198983492256947,0.03685741998060136,0.1654,679
23198,PANTRY MAGNETIC  SHOPPING LIST,396,2999,7.57,4248.39,10.73,259,0.05512832565573,0.42512179727256294,0.07662463627546072,0.1856,491
23199,JUMBO BAG APPLES,745,13152,17.65,25117.05,33.71,344,0.1505781705368055,0.4718274664605129,0.1443258971871969,0.2556,144
23200,JUMBO BAG PEARS,479,6595,13.77,12791.29,26.7,262,0.0889348500517063,0.44424146577575085,0.09272550921435499,0.2086,324
23201,JUMBO BAG ALPHABET,771,11939,15.49,23084.42,29.94,396,0.13917457929867444,0.4672782838890635,0.14936954413191075,0.2519,155
23202,JUMBO BAG VINTAGE LEAF,785,10453,13.32,20479.09,26.09,377,0.12520447494594342,0.46144735458620256,0.15208535402521822,0.2462,162
23203,JUMBO BAG DOILEY PATTERNS,1108,18908,17.06,36570.54,33.01,505,0.20469117232302342,0.4974612596694441,0.21474296799224055,0.3056,69
23204,CHARLOTTE BAG APPLES DESIGN,435,6853,15.75,5493.81,12.63,199,0.09136034596220739,0.4279091432027787,0.08419010669253152,0.2012,375
23205,CHARLOTTE BAG VINTAGE ALPHABET ,355,4959,13.97,3964.77,11.17,201,0.07355457365798627,0.42448703385722686,0.06867119301648884,0.1889,464
23206,LUNCH BAG APPLE DESIGN,890,11472,12.89,18125.0,20.37,401,0.13478424367772868,0.456178719763523,0.17245392822502426,0.2545,147
23207,LUNCH BAG ALPHABET DESIGN,673,7085,10.53,11334.81,16.84,377,0.09354141205227037,0.4409817513015649,0.1303588748787585,0.2216,263
23208,LUNCH BAG VINTAGE LEAF DESIGN,608,6118,10.06,9840.5,16.19,305,0.08445050296136129,0.4376373703722553,0.11774975751697381,0.2133,302
23209,LUNCH BAG DOILEY PATTERN ,1031,12945,12.56,20720.41,20.1,469,0.14863213312024068,0.46198744734196345,0.19980601357904948,0.2701,114
23210,WHITE ROCKING HORSE HAND PAINTED,168,2550,15.18,3091.74,18.4,115,0.05090721067970292,0.4225331254428315,0.032395732298739086,0.1686,647
23211,RED ROCKING HORSE HAND PAINTED,119,2182,18.34,2601.5,21.86,82,0.04744758860580991,0.42143593054566514,0.02289039767216295,0.1639,694
23212,HEART WREATH DECORATION WITH BELL,153,2115,13.82,2502.63,16.36,104,0.046817711760834824,0.4212146518668897,0.029485935984481085,0.1658,675
23213,STAR WREATH DECORATION WITH BELL,125,1582,12.66,1906.94,15.26,95,0.04180690044185391,0.4198814517439029,0.02405431619786615,0.1619,714
23214,JINGLE BELL HEART ANTIQUE GOLD,93,772,8.3,1624.83,17.47,79,0.0341919714205133,0.41925006782492524,0.017846750727449078,0.1571,762
23215,JINGLE BELL HEART ANTIQUE SILVER,201,3424,17.03,6741.0,33.54,162,0.05912381310519883,0.43070045052938805,0.038797284190106696,0.1762,573
23216,LAUREL HEART ANTIQUE GOLD,41,518,12.63,613.51,14.96,32,0.03180408009777193,0.41698665573410787,0.007759456838021339,0.1522,811
23217,LAUREL HEART ANTIQUE SILVER,86,1290,15.0,1567.0,18.22,64,0.03906176553539532,0.41912063982863135,0.016488845780795344,0.1582,751
23218,LAUREL STAR ANTIQUE GOLD,33,372,11.27,465.81,14.12,27,0.030431512644542635,0.4166560917525652,0.006207565470417071,0.1511,822
23219,LAUREL STAR ANTIQUE SILVER ,52,404,7.77,504.6,9.7,41,0.030732349346620287,0.416742906761665,0.009893307468477207,0.1525,808
23220,REINDEER HEART DECORATION GOLD,78,929,11.91,774.43,9.93,55,0.03566795149008179,0.41734680709436406,0.014936954413191077,0.156,773
23221,REINDEER HEART DECORATION SILVER,118,1403,11.89,1193.45,10.11,85,0.04012409513960703,0.41828460614342305,0.022696411251212415,0.1604,729
23222,CHRISTMAS TREE HANGING GOLD,67,764,11.4,680.68,10.16,49,0.03411676224499389,0.4171369873701283,0.012803103782735208,0.1547,786
23223,CHRISTMAS TREE HANGING SILVER ,68,745,10.96,670.11,9.85,51,0.033938140453135285,0.41711333089561975,0.012997090203685741,0.1547,786
23224,CHERUB HEART DECORATION GOLD,61,705,11.56,608.83,9.98,44,0.033562094575538215,0.416976181533474,0.011639185257032008,0.1541,792
23225,CHERUB HEART DECORATION SILVER ,72,1224,17.0,1029.84,14.3,46,0.03844128983736016,0.4179184343558794,0.013773035887487876,0.1567,766
23226,FILIGREE HEART DAISY WHITE,73,1151,15.77,1418.59,19.43,56,0.03775500611074551,0.4187884868123771,0.01396702230843841,0.1568,765
23227,FILIGREE HEART BUTTERFLY WHITE ,89,1586,17.82,1939.56,21.79,61,0.041844505029613614,0.4199544578175517,0.017070805043646945,0.1596,737
23228,FILIGREE HEART BIRD WHITE ,80,1253,15.66,1576.54,19.71,58,0.038713923098618035,0.4191419910837696,0.015324927255092144,0.1577,756
23229,VINTAGE DONKEY TAIL GAME ,224,1793,8.0,6295.54,28.11,187,0.043790542446178436,0.42970347672290193,0.04325897187196896,0.1723,610
23230,WRAP ALPHABET DESIGN,234,7875,33.65,3175.5,13.57,178,0.10096831813481244,0.4227205867772527,0.0451988360814743,0.1896,459
23231,WRAP DOILEY DESIGN,257,7225,28.11,2986.5,11.62,190,0.09485757262386012,0.4222975902131934,0.049660523763336566,0.1889,464
23232,WRAP VINTAGE PETALS  DESIGN,242,8475,35.02,3415.5,14.11,188,0.10660900629876845,0.42325772527129635,0.046750727449078565,0.1922,441
23233,WRAP POPPIES  DESIGN,160,5150,32.19,2095.0,13.09,130,0.07535019272351227,0.4203023445155273,0.03084384093113482,0.1755,580
23234,BISCUIT TIN VINTAGE CHRISTMAS,238,1616,6.79,4521.14,19.0,201,0.04212653943781141,0.4257322327902729,0.04597478176527643,0.1713,620
23235,STORAGE TIN VINTAGE LEAF,103,712,6.91,1855.2,18.01,89,0.0336279026041177,0.4197656536368954,0.019786614936954414,0.1577,756
23236,DOILEY STORAGE TIN,304,2410,7.93,6686.7,22.0,203,0.04959105010811319,0.4305789229451107,0.05877788554801164,0.1796,545
23237,SET OF 4 KNICK KNACK TINS LEAVES ,179,1026,5.73,4138.7,23.12,131,0.03657986274325468,0.4248763026000144,0.03452958292919495,0.1653,680
23238,SET OF 4 KNICK KNACK TINS LONDON ,245,1759,7.18,7051.05,28.78,150,0.04347090345022093,0.43139436632138056,0.047332686711930166,0.1741,592
23239,SET OF 4 KNICK KNACK TINS POPPIES,167,784,4.69,3026.6,18.12,125,0.03430478518379242,0.42238733710323983,0.032201745877788554,0.163,703
23240,SET OF 4 KNICK KNACK TINS DOILEY ,511,4044,7.91,16188.2,31.68,323,0.06495252420795337,0.45184401211659114,0.09893307468477207,0.2052,349
23241,TREASURE TIN GYMKHANA DESIGN,292,1998,6.84,4045.44,13.85,183,0.0457177775688634,0.4246675795335373,0.05645004849660524,0.1756,579
23242,TREASURE TIN BUFFALO BILL ,193,1403,7.27,2829.92,14.66,132,0.04012409513960703,0.42194715210737116,0.03724539282250242,0.1664,669
23243,SET OF TEA COFFEE SUGAR TINS PANTRY,420,4543,10.82,21573.43,51.37,275,0.06964369653097678,0.4638965718344179,0.08128031037827352,0.2049,352
23244,ROUND STORAGE TIN VINTAGE LEAF,110,916,8.33,1675.96,15.24,87,0.03554573657986274,0.4193645007049271,0.02114451988360815,0.1587,746
23245,SET OF 3 REGENCY CAKE TINS,758,5754,7.59,26144.78,34.49,472,0.08102848547522798,0.4741276053958605,0.14684772065955384,0.234,208
23247,BISCUIT TIN 50'S CHRISTMAS,276,2002,7.25,5641.98,20.44,231,0.04575538215662311,0.4282407590805389,0.0533462657613967,0.1758,577
23249,VINTAGE RED ENAMEL TRIM PLATE,75,735,9.8,1186.99,15.83,57,0.03384412898373602,0.418270148165625,0.014354995150339476,0.1555,778
23250,VINTAGE RED TRIM ENAMEL BOWL ,97,982,10.12,1216.79,12.54,64,0.0361662122778979,0.4183368428619688,0.01862269641125121,0.1577,756
23251,VINTAGE RED ENAMEL TRIM MUG ,107,1587,14.83,1882.95,17.6,80,0.04185390617655354,0.4198277602752692,0.020562560620756547,0.1607,726
23252,VINTAGE RED ENAMEL TRIM JUG ,132,553,4.19,2029.59,15.38,104,0.03213312024066936,0.4201559518951298,0.025412221144519884,0.1592,741
23253,16 PIECE CUTLERY SET PANTRY DESIGN,49,212,4.33,3050.2,62.25,44,0.028927329134154366,0.4224401557218208,0.009311348205625606,0.1536,797
23254,CHILDRENS CUTLERY DOLLY GIRL ,286,1637,5.72,6591.95,23.05,204,0.042323963523549876,0.4303668651438164,0.055286129970902036,0.176,575
23255,CHILDRENS CUTLERY CIRCUS PARADE,146,953,6.53,3815.09,26.13,116,0.03589357901664003,0.42415203848310834,0.028128031037827354,0.1627,706
23256,CHILDRENS CUTLERY SPACEBOY ,336,1928,5.74,7777.48,23.15,232,0.04505969728306854,0.43302017263899767,0.06498545101842872,0.181,533
23263,SET OF 3 WOODEN HEART DECORATIONS,423,3670,8.68,4732.83,11.19,269,0.06143649525242079,0.4262060113227899,0.08186226964112513,0.1898,457
23264,SET OF 3 WOODEN SLEIGH DECORATIONS,265,1841,6.95,2395.45,9.04,177,0.04424179749929492,0.42097477476775813,0.05121241513094083,0.1721,612
23265,SET OF 3 WOODEN TREE DECORATIONS,260,1650,6.35,2134.96,8.21,180,0.04244617843376892,0.4203917780747855,0.05024248302618817,0.171,623
23266,SET OF 3 WOODEN STOCKING DECORATION,293,1952,6.66,2514.64,8.58,201,0.04528532480962678,0.4212415311723625,0.05664403491755577,0.1744,589
23267,SET OF 4 SANTA PLACE SETTINGS,95,1110,11.68,1367.34,14.39,79,0.037369559086208516,0.4186737853631282,0.018234723569350145,0.1581,752
23268,SET OF 2 CERAMIC CHRISTMAS REINDEER,79,1422,18.0,1962.78,24.85,68,0.040302716931465636,0.4200064259668504,0.01513094083414161,0.1585,748
23269,SET OF 2 CERAMIC CHRISTMAS TREES,77,748,9.71,1065.4,13.84,63,0.033966343893955066,0.4179980203760802,0.014742967992240542,0.1556,777
23270,SET OF 2 CERAMIC PAINTED HEARTS ,122,1151,9.43,1604.15,13.15,96,0.03775500611074551,0.41920378439135514,0.023472356935014548,0.1601,732
23271,CHRISTMAS TABLE CANDLE SILVER SPIKE,77,1619,21.03,1314.33,17.07,69,0.04215474287863119,0.4185551448982563,0.014742967992240542,0.1585,748
23272,TREE T-LIGHT HOLDER WILLIE WINKIE,35,352,10.06,522.74,14.94,34,0.0302434897057441,0.41678350547950643,0.006595538312318138,0.1512,821
23273,HEART T-LIGHT HOLDER WILLIE WINKIE,102,924,9.06,1527.24,14.97,88,0.035620945755382154,0.41903165388478475,0.01959262851600388,0.1581,752
23274,STAR T-LIGHT HOLDER WILLIE WINKIE,102,1136,11.14,1865.16,18.29,85,0.03761398890664661,0.4197879448843982,0.01959262851600388,0.159,743
23275,SET OF 3 HANGING OWLS OLLIE BEAK,282,3536,12.54,4195.76,14.88,171,0.060176741562470625,0.4250040072769733,0.0545101842870999,0.1799,544
23280,FOLDING BUTTERFLY MIRROR HOT PINK ,135,1992,14.76,1544.42,11.44,88,0.04566137068722384,0.4190701040486501,0.025994180407371482,0.1636,697
23281,FOLDING BUTTERFLY MIRROR RED  ,94,1270,13.51,976.22,10.39,56,0.03887374259659678,0.41779842866400185,0.018040737148399613,0.1582,751
23282,FOLDING BUTTERFLY MIRROR IVORY ,104,753,7.24,612.72,5.89,67,0.034013349628654696,0.4169848876532316,0.019980601357904946,0.157,763
23283,DOORMAT VINTAGE LEAVES DESIGN ,211,960,4.55,6542.82,31.01,146,0.03595938704521952,0.4302569084179315,0.040737148399612025,0.169,643
23284,DOORMAT KEEP CALM AND COME IN,659,5113,7.76,34279.6,52.02,378,0.07500235028673498,0.49233395941300967,0.12764306498545103,0.2317,216
23285,PINK VINTAGE SPOT BEAKER,133,4677,35.17,4383.13,32.96,108,0.07090345022092695,0.4254233557754272,0.025606207565470416,0.174,593
23286,BLUE VINTAGE SPOT BEAKER,167,4852,29.05,4486.64,26.87,126,0.07254865093541413,0.42565501913175413,0.032201745877788554,0.1768,568
23287,RED VINTAGE SPOT BEAKER,150,1723,11.49,1402.15,9.35,115,0.043132462160383564,0.4187516928255351,0.028903976721629487,0.1636,697
23288,GREEN VINTAGE SPOT BEAKER,139,4487,32.28,4246.72,30.55,107,0.06911723230234089,0.42511805968387517,0.02677012609117362,0.1737,596
23289,DOLLY GIRL CHILDRENS BOWL,146,1541,10.55,1839.85,12.6,111,0.041421453417316914,0.41973129915404717,0.028128031037827354,0.1631,702
23290,SPACEBOY CHILDRENS BOWL,176,2357,13.39,2744.65,15.59,125,0.04909278932029708,0.4217563112765915,0.03394762366634336,0.1683,650
23291,DOLLY GIRL CHILDRENS CUP,148,1538,10.39,1867.64,12.62,104,0.04139324997649713,0.4197934953155033,0.02851600387972842,0.1632,701
23292,SPACE BOY CHILDRENS CUP,171,2060,12.05,2460.12,14.39,113,0.046300648679138856,0.4211195112111322,0.03297769156159069,0.1668,665
23293,SET OF 12 FAIRY CAKE BAKING CASES,472,8196,17.36,6430.44,13.62,323,0.10398608630252891,0.4300053933180956,0.09136760426770126,0.2085,325
23294,SET OF 6 SNACK LOAF BAKING CASES,299,4251,14.22,3326.15,11.12,214,0.0668985616245182,0.423057753086118,0.05780795344325897,0.1826,519
23295,SET OF 12 MINI LOAF BAKING CASES,370,5944,16.06,4659.84,12.59,250,0.08281470339381404,0.4260426540782889,0.07158098933074684,0.1935,429
23296,SET OF 6 TEA TIME BAKING CASES,329,4850,14.74,5650.9,17.18,243,0.07252984864153426,0.4282607227279008,0.06362754607177498,0.1881,470
23297,SET 40 HEART SHAPE PETIT FOUR CASES,146,4234,29.0,6634.1,45.44,123,0.06673874212653944,0.4304612000918328,0.028128031037827354,0.1751,583
23298,SPOTTY BUNTING,1033,7669,7.42,35661.44,34.52,573,0.09903168186518756,0.4954266238155481,0.20019398642095054,0.2649,124
23299,FOOD COVER WITH BEADS SET 2 ,124,972,7.84,3526.42,28.44,110,0.036072200808498635,0.42350597277862684,0.023860329776915615,0.1611,722
23300,GARDENERS KNEELING PAD CUP OF TEA ,649,6133,9.45,9702.09,14.95,351,0.08459152016546019,0.4373275981265862,0.12570320077594568,0.2159,291
23301,GARDENERS KNEELING PAD KEEP CALM ,773,7608,9.84,12294.88,15.91,405,0.09845821190185203,0.44313046194313344,0.14975751697381184,0.2304,224
23302,KNEELING MAT HOUSEWORK  DESIGN,195,1437,7.37,1926.47,9.88,140,0.04044373413556454,0.4199251613888557,0.03763336566440349,0.166,673
23303,SET 4 PICNIC CUTLERY FONDANT,6,65,10.83,126.75,21.12,6,0.027545360533985146,0.4158972493451051,0.0009699321047526673,0.1481,852
23304,SET 4 PICNIC CUTLERY CHERRY ,9,71,7.89,138.45,15.38,9,0.027601767415624708,0.4159234348466897,0.0015518913676042677,0.1484,849
23305,SET 4 PICNIC CUTLERY BLUEBERRY,9,82,9.11,159.9,17.77,9,0.0277051800319639,0.4159714415995948,0.0015518913676042677,0.1484,849
23306,SET OF 36 DOILIES PANTRY DESIGN,213,2685,12.61,3809.79,17.89,182,0.05217636551659303,0.4241401766746982,0.041125121241513095,0.1725,608
23307,SET OF 60 PANTRY DESIGN CAKE CASES ,521,11573,22.21,5925.99,11.37,366,0.1357337595186613,0.4288763953459277,0.1008729388942774,0.2218,262
23308,SET OF 60 VINTAGE LEAF CAKE CASES ,312,5955,19.09,3091.61,9.91,209,0.08291811601015324,0.42253283449281387,0.060329776915615904,0.1886,467
23309,SET OF 60 I LOVE LONDON CAKE CASES ,311,7606,24.46,3662.5,11.78,178,0.09843940960797218,0.4238105303047495,0.06013579049466537,0.1941,426
23310,BUBBLEGUM RING ASSORTED,214,11891,55.57,4894.83,22.87,146,0.13872332424555797,0.42656857980626933,0.041319107662463626,0.2022,367
23311,VINTAGE CHRISTMAS STOCKING ,287,2190,7.63,5541.3,19.31,246,0.04752279778132932,0.42801542948228755,0.05548011639185257,0.177,566
23312,VINTAGE CHRISTMAS GIFT SACK,198,1363,6.88,5518.85,27.87,168,0.03974804926200996,0.4279651846523239,0.038215324927255094,0.1686,647
23313,VINTAGE CHRISTMAS BUNTING,368,2735,7.43,12895.77,35.04,254,0.05264642286358936,0.44447530006682445,0.07119301648884578,0.1894,460
23314,VINTAGE CHRISTMAS TABLECLOTH,107,386,3.61,4576.02,42.77,87,0.03056312870170161,0.42585505845924415,0.020562560620756547,0.159,743
23315,IVORY REFECTORY CLOCK,77,190,2.47,1796.9,23.34,63,0.02872050390147598,0.4196351737443839,0.014742967992240542,0.1544,789
23316,RED REFECTORY CLOCK ,96,234,2.44,2202.3,22.94,75,0.029134154366832754,0.4205424901839059,0.01842870999030068,0.156,773
23317,BLUE REFECTORY CLOCK ,70,161,2.3,1547.95,22.11,56,0.028447870640218108,0.4190780044606666,0.01338506304558681,0.1536,797
23318,BOX OF 6 MINI VINTAGE CRACKERS,342,3477,10.17,7976.72,23.32,270,0.059622073893014944,0.4334660871121362,0.0661493695441319,0.1864,483
23319,BOX OF 6 MINI 50'S CRACKERS,379,3404,8.98,7924.51,20.91,300,0.0589357901664003,0.43334923710891116,0.07332686711930166,0.1885,468
23320,GIANT 50'S CHRISTMAS CRACKER,317,2615,8.25,6869.95,21.67,260,0.051518285230798155,0.43098905056608355,0.061299709020368576,0.1813,530
23321,SMALL WHITE HEART OF WICKER,600,4223,7.04,6733.75,11.22,378,0.06663532951020025,0.4306842244707138,0.11619786614936954,0.2045,354
23322,LARGE WHITE HEART OF WICKER,527,2829,5.37,7967.65,15.12,350,0.053530130675942464,0.43344578775321546,0.1020368574199806,0.1963,406
23323,WHITE WICKER STAR ,281,1419,5.05,2948.4,10.49,210,0.04027451349064586,0.42221231947726395,0.05431619786614937,0.1723,610
23324,RUSTIC STRAWBERRY JAMPOT LARGE ,41,346,8.44,702.89,17.14,38,0.030187082824104542,0.41718669506159795,0.007759456838021339,0.1517,816
23325,RUSTIC STRAWBERRY JAMPOT SMALL,33,426,12.91,671.7,20.35,27,0.030939174579298675,0.41711688943814285,0.006207565470417071,0.1514,819
23326,HANGING MINI COLOURED BOTTLES,55,3369,61.25,1999.59,36.36,52,0.058606750023502865,0.42008880958337436,0.010475266731328807,0.1631,702
23327,HANGING CLEAR MINI BOTTLE,37,1702,46.0,1007.3,27.22,33,0.042935038074645104,0.41786798809898046,0.006983511154219205,0.1559,774
23328,SET 6 SCHOOL MILK BOTTLES IN CRATE,290,2055,7.09,7465.65,25.74,195,0.04625364294443922,0.43232227306984095,0.05606207565470417,0.1782,556
23329,DECORATIVE WICKER HEART LARGE,233,1698,7.29,2789.7,11.97,168,0.0428974334868854,0.42185713664807767,0.04500484966052376,0.1699,634
23330,DECORATIVE WICKER HEART MEDIUM,203,1745,8.6,2173.69,10.71,158,0.043339287393061955,0.4204784587992618,0.03918525703200776,0.1677,656
23331,DECORATIVE WICKER HEART SMALL,86,1492,17.35,932.28,10.84,67,0.04096079721726051,0.41770008755805066,0.016488845780795344,0.1584,749
23332,IVORY WICKER HEART LARGE,277,1977,7.14,3252.45,11.74,207,0.04552035348312494,0.4228928068069055,0.05354025218234724,0.174,593
23333,IVORY WICKER HEART MEDIUM,227,1997,8.8,2483.65,10.94,179,0.04570837642192348,0.4211721731643191,0.043840931134820564,0.1702,631
23334,IVORY WICKER HEART SMALL,101,2154,21.33,1345.5,13.32,83,0.04718435649149196,0.41862490576017025,0.019398642095053348,0.1617,716
23335,EGG FRYING PAN IVORY ,84,346,4.12,697.6,8.3,62,0.030187082824104542,0.4171748556339584,0.016100872938894277,0.1545,788
23336,EGG FRYING PAN PINK ,64,199,3.11,415.97,6.5,46,0.02880511422393532,0.4165445459919688,0.012221144519883608,0.1525,808
23337,EGG FRYING PAN MINT ,60,169,2.82,351.52,5.86,49,0.02852307981573752,0.41640030192554744,0.011445198836081475,0.1521,812
23338,EGG FRYING PAN RED ,92,399,4.34,807.84,8.78,62,0.030685343611920653,0.41742158124888906,0.017652764306498547,0.1553,780
23339,EGG FRYING PAN BLUE ,58,150,2.59,312.0,5.38,43,0.028344458023878912,0.416311853120195,0.011057225994180407,0.1519,814
23340,VINTAGE CHRISTMAS CAKE FRILL,123,2453,19.94,3879.45,31.54,112,0.049995299426530034,0.4242960811225944,0.023666343355965083,0.166,673
23341,PINK DINER WALL CLOCK,98,281,2.87,2317.1,23.64,75,0.029576008273009307,0.4207994214302235,0.018816682832201746,0.1564,769
23342,MINT DINER WALL CLOCK,156,364,2.33,3043.0,19.51,105,0.03035630346902322,0.4224240415669995,0.030067895247332686,0.1609,724
23343,JUMBO BAG VINTAGE CHRISTMAS ,400,4634,11.58,9236.42,23.09,286,0.0704992009025101,0.4362853927827476,0.07740058195926285,0.1947,420
23344,JUMBO BAG 50'S CHRISTMAS ,599,8671,14.48,17149.08,28.63,391,0.10845163109899408,0.45399453560057706,0.11600387972841901,0.2262,243
23345, DOLLY GIRL BEAKER,137,2387,17.42,2745.75,20.04,101,0.049374823728494874,0.4217587731613559,0.026382153249272552,0.1658,675
23346,SPACEBOY BEAKER,141,2561,18.16,2963.25,21.02,106,0.05101062329604212,0.42224555492158294,0.027158098933074686,0.1668,665
23347,I LOVE LONDON BEAKER,74,793,10.72,957.25,12.94,51,0.034389395506251766,0.4177559723422018,0.014161008729388943,0.1554,779
23348,CHILDRENS TOY COOKING UTENSIL SET,132,653,4.95,1315.9,9.97,95,0.03307323493466203,0.4185586586792382,0.025412221144519884,0.159,743
23349,ROLL WRAP VINTAGE CHRISTMAS,253,2835,11.21,3435.39,13.58,214,0.053586537557582026,0.42330224062399024,0.04888457807953443,0.1753,581
23350,ROLL WRAP VINTAGE SPOT ,253,2572,10.17,3139.4,12.41,205,0.05111403591238131,0.42263979219544034,0.04888457807953443,0.1742,591
23351,ROLL WRAP 50'S CHRISTMAS,277,2970,10.72,3604.14,13.01,242,0.054855692394472126,0.42367991612761463,0.05354025218234724,0.1774,562
23352,ROLL WRAP 50'S RED CHRISTMAS ,163,1593,9.77,1961.01,12.03,151,0.0419103130581931,0.42000246457045687,0.03142580019398642,0.1644,689
23353,6 GIFT TAGS VINTAGE CHRISTMAS ,258,3714,14.4,3058.86,11.86,227,0.06185014571777757,0.4224595374691475,0.0498545101842871,0.1781,557
23354,6 GIFT TAGS 50'S CHRISTMAS ,271,3295,12.16,2711.09,10.0,235,0.057911065149948295,0.42168120141050774,0.052376333656644035,0.1773,563
23355,HOT WATER BOTTLE KEEP CALM,738,5265,7.13,24084.15,32.63,474,0.07643132462160383,0.46951575666677275,0.14296799224054316,0.2296,228
23356,LOVE HOT WATER BOTTLE,461,2316,5.02,12901.2,27.99,316,0.048707342295760084,0.44448745282525226,0.0892337536372454,0.1941,426
23357,HOT WATER BOTTLE SEX BOMB,89,432,4.85,1832.0,20.58,79,0.030995581460938233,0.41971373024913783,0.017070805043646945,0.1559,774
23358,HOT STUFF HOT WATER BOTTLE,68,525,7.72,1678.65,24.69,61,0.031869888126351414,0.4193705211322145,0.012997090203685741,0.1547,786
23359,SET OF 12 T-LIGHTS VINTAGE DOILEY,76,976,12.84,1834.8,24.14,73,0.03610980539625834,0.41971999686490163,0.014548981571290009,0.1568,765
23360,SET 8 CANDLES VINTAGE DOILEY,109,1146,10.51,2148.3,19.71,94,0.03770800037604588,0.42042163402274607,0.020950533462657614,0.1597,736
23365,SET 12 COLOUR PENCILS LOVE LONDON,131,1529,11.67,991.45,7.57,107,0.04130863965403779,0.417832514577603,0.02521823472356935,0.1615,718
23366,SET 12 COLOURING PENCILS DOILY,144,1919,13.33,1208.95,8.4,115,0.044975086960609194,0.41831929633783005,0.027740058195926284,0.1637,696
23367,SET 12 COLOUR PENCILS SPACEBOY ,235,2762,11.75,1792.9,7.63,184,0.05290025383096738,0.41962622143614986,0.04539282250242483,0.1726,607
23368,SET 12 COLOUR PENCILS DOLLY GIRL ,184,2146,11.66,1392.5,7.57,134,0.04710914731597255,0.41873009538192046,0.035499515033947625,0.1671,662
23369,SET 36 COLOUR PENCILS LOVE LONDON,98,901,9.19,1053.29,10.75,80,0.035404719375763845,0.4179709172629016,0.018816682832201746,0.1574,759
23370,SET 36 COLOUR PENCILS DOILEY,109,1353,12.41,1642.61,15.07,86,0.039654037792610695,0.4192898608350256,0.020950533462657614,0.16,733
23371,SET 36 COLOUR PENCILS SPACEBOY ,134,1498,11.18,1775.22,13.25,98,0.04101720409890006,0.41958665223375535,0.02580019398642095,0.1621,712
23372,SET 36 COLOUR PENCILS DOLLY GIRL,104,1278,12.29,1500.22,14.43,76,0.0389489517721162,0.4189711810426637,0.019980601357904946,0.1593,740
23373,VINTAGE CHRISTMAS PAPER GIFT BAG,88,1563,17.76,1241.66,14.11,86,0.0416282786499953,0.41839250383841403,0.01687681862269641,0.159,743
23374,RED SPOT PAPER GIFT BAG,125,2428,19.42,1930.96,15.45,108,0.04976027075303187,0.41993521035484843,0.02405431619786615,0.1646,687
23375,50'S CHRISTMAS PAPER GIFT BAG,89,1316,14.79,1059.12,11.9,85,0.03930619535583341,0.4179839652521527,0.017070805043646945,0.1581,752
23376,PACK OF 12 VINTAGE CHRISTMAS TISSUE,118,2606,22.08,986.1,8.36,104,0.05143367490833882,0.41782054086534,0.022696411251212415,0.164,693
23377,PACK OF 12 DOLLY GIRL TISSUES,82,1192,14.54,464.88,5.67,69,0.038140453135282505,0.41665401034090077,0.01571290009699321,0.1568,765
23378,PACK OF 12 50'S CHRISTMAS TISSUES,151,3413,22.6,1270.59,8.41,127,0.05902040048885964,0.4184572514077169,0.029097963142580018,0.1689,644
23379,PACK OF 12 RED APPLE TISSUES,51,1175,23.04,428.01,8.39,49,0.03798063363730375,0.41657149243975333,0.009699321047526674,0.1548,785
23380,PACK OF 12 VINTAGE DOILY TISSUES,98,2123,21.66,797.73,8.14,86,0.046892920936354235,0.4173989542898275,0.018816682832201746,0.161,723
23381,PACK OF 12 VINTAGE LEAF TISSUES ,65,1474,22.68,544.62,8.38,59,0.04079157657234182,0.41683247460554673,0.012415130940834141,0.1567,766
23382,BOX OF 6 CHRISTMAS CAKE DECORATIONS,167,1695,10.15,6091.29,36.47,136,0.04286923004606562,0.4292463494837003,0.032201745877788554,0.1681,652
23388,WOODLAND MINI BACKPACK,135,789,5.84,3154.35,23.37,115,0.03435179091849205,0.42267325144746515,0.025994180407371482,0.161,723
23389,SPACEBOY MINI BACKPACK,208,1041,5.0,4180.15,20.1,159,0.036720879947353575,0.4249690708940898,0.04015518913676043,0.1673,660
23390,DOLLY GIRL MINI BACKPACK,150,720,4.8,2868.0,19.12,117,0.03370311177963711,0.42203237808175936,0.028903976721629487,0.1615,718
23391, I LOVE LONDON MINI BACKPACK,70,360,5.14,1454.0,20.77,58,0.030318698881263515,0.41886773712101916,0.01338506304558681,0.1542,791
23392,SPACEBOY ROCKET LOLLY MAKERS,80,563,7.04,1115.36,13.94,70,0.03222713171006863,0.41810983470592356,0.015324927255092144,0.1552,781
23393,HOME SWEET HOME CUSHION COVER ,209,742,3.55,2782.5,13.31,165,0.033909937012315504,0.42184102249325633,0.04034917555771096,0.1654,679
23394,POSTE FRANCE CUSHION COVER,121,392,3.24,1470.0,12.15,90,0.030619535583341167,0.4189035463539554,0.023278370514064017,0.1576,757
23395,BELLE JARDINIERE CUSHION COVER,181,676,3.73,2529.48,13.98,141,0.033289461314280344,0.4212747442359109,0.03491755577109602,0.1632,701
23396,BUTTERFLY CUSHION COVER,170,605,3.56,2263.23,13.31,134,0.03262197988154555,0.42067885621908124,0.032783705140640156,0.162,713
23397,FOOT STOOL HOME SWEET HOME ,181,428,2.36,4010.2,22.16,139,0.030957976873178528,0.4245887096979952,0.03491755577109602,0.1635,698
23398,HANGING HEART BONHEUR,64,586,9.16,494.98,7.73,53,0.032443358089686944,0.41672137646036206,0.012221144519883608,0.1538,795
23399,HOME SWEET HOME HANGING HEART,185,1815,9.81,1539.63,8.32,146,0.04399736767885682,0.41905938365953976,0.035693501454898156,0.1663,670
23400,SHELF WITH 4 HOOKS HOME SWEET HOME,97,446,4.6,2234.86,23.04,76,0.031127197518097206,0.42061536197293115,0.01862269641125121,0.1568,765
23401,RUSTIC MIRROR WITH LACE HEART,73,440,6.03,2136.76,29.27,59,0.031070790636457648,0.42039580661349085,0.01396702230843841,0.1551,782
23402,HOME SWEEET HOME 3 PEG HANGER ,55,280,5.09,1027.92,18.69,47,0.02956660712606938,0.4179141372479271,0.010475266731328807,0.1527,806
23403,LETTER HOLDER HOME SWEET HOME,114,592,5.19,1969.06,17.27,80,0.0324997649713265,0.4200204810907779,0.021920465567410282,0.1581,752
23404,HOME SWEET HOME BLACKBOARD,150,940,6.27,3965.03,26.43,104,0.03577136410642098,0.42448761575726207,0.028903976721629487,0.1631,702
23405,HOME SWEET HOME 2 DRAWER CABINET,59,234,3.97,1123.1,19.04,54,0.029134154366832754,0.4181271574223565,0.01125121241513094,0.1528,805
23406,HOME SWEET HOME KEY HOLDER,96,431,4.49,2129.79,22.19,65,0.03098618031399831,0.420380207216393,0.01842870999030068,0.1566,767
23407,SET OF 2 TRAYS HOME SWEET HOME,122,242,1.98,2367.02,19.4,103,0.029209363542352165,0.4209111462369845,0.023472356935014548,0.1579,754
23408,PHOTO FRAME LINEN AND LACE SMALL,62,296,4.77,615.68,9.93,53,0.029717025477108208,0.4169915123613248,0.011833171677982542,0.1528,805
23409,PHOTO FRAME LINEN AND LACE LARGE,43,201,4.67,745.47,17.34,39,0.028823916517815174,0.4172819923827495,0.008147429679922406,0.1514,819
23410,CURIO CABINET LINEN AND LACE ,19,35,1.84,281.95,14.84,16,0.027263326125787347,0.41624459890458665,0.0034917555771096023,0.149,843
23411, TRELLIS COAT RACK,48,216,4.5,1011.6,21.08,42,0.028964933721914072,0.4178776118303321,0.009117361784675072,0.152,813
23412,HEART MIRROR ANTIQUE WHITE,73,349,4.78,2254.14,30.88,64,0.03021528626492432,0.4206585120986194,0.01396702230843841,0.1549,784
23413,VINTAGE COFFEE GRINDER BOX,44,144,3.27,693.6,15.76,34,0.028288051142239354,0.41716590332572434,0.00834141610087294,0.1513,820
23414,ZINC BOX SIGN HOME,63,135,2.14,1308.21,20.77,58,0.028203440819780014,0.4185414478666582,0.012027158098933075,0.1529,804
23415,HOME SWEET HOME HOOK,46,321,6.98,397.35,8.64,42,0.029952054150606373,0.41650287299713923,0.008729388942774006,0.1517,816
23416,CHAMBRE HOOK,18,123,6.83,155.07,8.62,18,0.028090627056500894,0.4159606316874022,0.003297769156159069,0.1491,842
23417,BATHROOM HOOK,22,140,6.36,137.76,6.26,21,0.028250446554479648,0.41592189057351936,0.004073714839961203,0.1494,839
23418,LAVENDER TOILETTE BOTTLE,60,533,8.88,1066.88,17.78,55,0.031945097301870826,0.4180013327301268,0.011445198836081475,0.1538,795
23419,HOME SWEET HOME BOTTLE ,62,436,7.03,892.96,14.4,56,0.031033186048697942,0.41761208636810987,0.011833171677982542,0.1535,798
23420,PANTRY HOOK TEA STRAINER ,28,159,5.68,330.72,11.81,26,0.028429068346338255,0.4163537499227304,0.0052376333656644035,0.15,833
23421,PANTRY HOOK SPATULA,26,152,5.85,316.16,12.16,24,0.028363260317758765,0.41632116352075843,0.004849660523763337,0.1498,835
23422,PANTRY HOOK BALLOON WHISK ,31,196,6.32,407.68,13.15,29,0.02877691078311554,0.4165259923331537,0.005819592628516004,0.1504,829
23423,PANTRY 3 HOOK ROLLING PIN HANGER,54,197,3.65,738.75,13.68,47,0.028786311930055465,0.41726695250491624,0.010281280310378274,0.1521,812
23424,GINGHAM RECIPE BOOK BOX,104,408,3.92,1962.0,18.87,87,0.030769953934379993,0.42000468026674476,0.019980601357904946,0.1569,764
23425,STORAGE TIN HOME SWEET HOME,38,230,6.05,418.0,11.0,35,0.02909654977907305,0.41654908928839757,0.007177497575169738,0.1509,824
23426,METAL SIGN DROP YOUR PANTS,174,1224,7.03,3169.44,18.22,126,0.03844128983736016,0.42270702403027816,0.03355965082444229,0.1649,684
23427,STOOL HOME SWEET HOME ,109,225,2.06,2613.0,23.97,87,0.029049544044373415,0.421461668431838,0.020950533462657614,0.1572,761
23428,IVORY RETRO KITCHEN WALL CLOCK,27,68,2.52,543.2,20.12,25,0.027573563974804927,0.41682929653612366,0.00504364694471387,0.1498,835
23429,RED RETRO KITCHEN WALL CLOCK,20,44,2.2,358.6,17.93,19,0.027347936448246686,0.41641614751112177,0.0036857419980601356,0.1491,842
23430,BLUE RETRO KITCHEN WALL CLOCK,17,35,2.06,285.25,16.78,16,0.027263326125787347,0.4162519845588797,0.0031037827352085354,0.1489,844
23431,NATURAL HANGING QUILTED HEARTS ,72,1411,19.6,1099.85,15.28,63,0.040199304315126444,0.41807512213074605,0.013773035887487876,0.1573,760
23432,PRETTY HANGING QUILTED HEARTS,70,1272,18.17,1045.2,14.93,65,0.03889254489047664,0.41795281121949823,0.01338506304558681,0.1567,766
23433,HANGING QUILTED PATCHWORK APPLES,85,1168,13.74,964.16,11.34,76,0.037914825608724265,0.41777143745467615,0.016294859359844812,0.1573,760
23434,3 RAFFIA RIBBONS 50'S CHRISTMAS ,136,1772,13.03,1616.6,11.89,129,0.04359311836043998,0.4192316484507337,0.026188166828322017,0.163,703
23435,3 RAFFIA RIBBONS VINTAGE CHRISTMAS,44,676,15.36,606.28,13.78,40,0.033289461314280344,0.41697047443697477,0.00834141610087294,0.1529,804
23436,GIFT BAG LARGE VINTAGE CHRISTMAS,94,1914,20.36,2232.9,23.75,91,0.044928081225909564,0.42061097534189645,0.018040737148399613,0.1612,721
23437, 50'S CHRISTMAS GIFT BAG LARGE,112,1907,17.03,2299.75,20.53,108,0.04486227319733008,0.4207605907932582,0.021532492725509216,0.1624,709
23438, RED SPOT GIFT BAG LARGE,98,1782,18.18,2143.5,21.87,88,0.04368712982983924,0.42041089125286524,0.018816682832201746,0.161,723
23439,HAND WARMER RED LOVE HEART,386,3721,9.64,7574.1,19.62,268,0.061915953746357055,0.4325649925268369,0.07468477206595538,0.1897,458
23440,PAINT YOUR OWN EGGS IN CRATE,5,164,32.8,299.36,59.87,5,0.028476074081037885,0.4162835638261753,0.0007759456838021338,0.1485,848
23441,HAND PAINTED HANGING EASTER EGG,3,22,7.33,9.24,3.08,3,0.0271411112155683,0.415634252909959,0.0003879728419010669,0.1477,856
23442,12 HANGING EGGS HAND PAINTED,8,40,5.0,83.2,10.4,7,0.02731033186048698,0.4157997810892068,0.0013579049466537342,0.1482,851
23444,Next Day Carriage,80,78,0.98,1185.0,14.81,63,0.027667575444204194,0.41826569439227856,0.015324927255092144,0.1538,795
23445,ICE CREAM BUBBLES,96,2627,27.36,2114.41,22.03,81,0.05163109899407728,0.42034578559123303,0.01842870999030068,0.1635,698
23446,BLUE BUNNY EASTER EGG BASKET,3,157,52.33,230.25,76.75,3,0.0284102660524584,0.41612889032066136,0.0003879728419010669,0.1483,850
23447,PINK BUNNY EASTER EGG BASKET,4,158,39.5,231.9,57.98,4,0.028419667199398327,0.41613258314780793,0.0005819592628516004,0.1484,849
23448,CREAM BUNNY EASTER EGG BASKET,3,25,8.33,41.25,13.75,3,0.02716931465638808,0.41570589375660205,0.0003879728419010669,0.1478,855
23449,SET OF 6 EASTER RAINBOW CHICKS,1,12,12.0,15.0,15.0,1,0.027047099746169034,0.41564714423381605,0.0,0.1476,857
23451,SQUARE MINI PORTRAIT FRAME,45,268,5.96,519.0,11.53,38,0.029453793362790262,0.4167751350713076,0.008535402521823473,0.1516,817
23452,HEART MINI PORTRAIT FRAME,82,509,6.21,988.95,12.06,69,0.031719469775312585,0.41782691938495675,0.01571290009699321,0.1551,782
23453,OVAL  MINI PORTRAIT FRAME,48,315,6.56,611.85,12.75,40,0.029895647268966815,0.4169829405261907,0.009117361784675072,0.152,813
23454,SET OF 3 MINI HANGING PORTRAITS,50,159,3.18,650.25,13.0,41,0.028429068346338255,0.4170688826852377,0.009505334626576139,0.1517,816
23455,SMALL PARLOUR PICTURE FRAME,35,206,5.89,566.54,16.19,32,0.028870922252514808,0.4168815332546694,0.006595538312318138,0.1508,825
23456,MEDIUM PARLOUR PICTURE FRAME ,37,156,4.22,625.8,16.91,33,0.028400864905518474,0.41701416170115696,0.006983511154219205,0.1508,825
23457,LARGE PARLOUR PICTURE FRAME,29,104,3.59,498.6,17.19,27,0.027912005264642287,0.4167294782993139,0.005431619786614937,0.15,833
23458,DOLLY CABINET 3 DRAWERS ,34,46,1.35,687.7,20.23,30,0.02736673874212654,0.4171526986710791,0.006401551891367604,0.1503,830
23459,DOLLY CABINET 2 DRAWERS ,21,30,1.43,375.0,17.86,19,0.027216320391087713,0.4164528519748814,0.0038797284190106693,0.1492,841
23460,SWEETHEART WALL TIDY ,47,103,2.19,957.33,20.37,41,0.02790260411770236,0.41775615138836647,0.008923375363724539,0.1515,818
23461,SWEETHEART BIRD HOUSE,90,825,9.17,2891.95,32.13,75,0.03469023220832942,0.42208598002731085,0.017264791464597477,0.158,753
23462,ROCOCO WALL MIRROR WHITE,56,59,1.05,1132.05,20.22,43,0.027488953652345587,0.4181471882120302,0.01066925315227934,0.1521,812
23463,VINTAGE ZINC WATERING CAN,7,12,1.71,119.4,17.06,7,0.027047099746169034,0.41588079947872497,0.0011639185257032007,0.148,853
23464,VINTAGE ZINC WATERING CAN SMALL,6,16,2.67,79.2,13.2,6,0.02708470433392874,0.41579082878097273,0.0009699321047526673,0.1479,854
23465,TUSCAN VILLA FEEDING STATION,15,28,1.87,231.0,15.4,15,0.02719751809720786,0.4161305688784553,0.0027158098933074684,0.1487,846
23466,TUSCAN VILLA DOVECOTE,22,48,2.18,390.0,17.73,20,0.02738554103600639,0.4164864231307592,0.004073714839961203,0.1493,840
23467,VINTAGE ZINC PLANTER  ,5,23,4.6,75.67,15.13,5,0.027150512362508226,0.41578292836895614,0.0007759456838021338,0.1479,854
23468,TUSCAN VILLA BIRD TABLE ,11,19,1.73,156.75,14.25,11,0.02711290777474852,0.4159643916568605,0.0019398642095053346,0.1483,850
23469,CARD HOLDER LOVE BIRD SMALL,65,316,4.86,1239.16,19.06,61,0.02990504841590674,0.4183869086457678,0.012415130940834141,0.1536,797
23470,CARD HOLDER LOVE BIRD LARGE ,83,208,2.51,1252.7,15.09,70,0.02888972454639466,0.4184172122091401,0.015906886517943745,0.1544,789
23471,SIX DRAWER OFFICE TIDY,26,64,2.46,596.0,22.92,26,0.02753595938704522,0.4169474670048132,0.004849660523763337,0.1498,835
23472, NINE DRAWER OFFICE TIDY,30,54,1.8,777.9,25.93,29,0.027441947917645954,0.4173545732217571,0.00562560620756547,0.1501,832
23473,WOODLAND SMALL RED FELT HEART,43,665,15.47,530.83,12.34,41,0.03318604869794115,0.4168016115229098,0.008147429679922406,0.1527,806
23474,WOODLAND SMALL BLUE FELT HEART,28,297,10.61,246.51,8.8,26,0.029726426624048133,0.41616528145363285,0.0052376333656644035,0.1504,829
23475,WOODLAND SMALL PINK FELT HEART,26,280,10.77,232.4,8.94,25,0.02956660712606938,0.41613370218633716,0.004849660523763337,0.1502,831
23476,WOODLAND LARGE RED FELT HEART,18,198,11.0,247.5,13.75,18,0.028795713076995393,0.41616749714992074,0.003297769156159069,0.1494,839
23477,WOODLAND LARGE BLUE FELT HEART,8,85,10.62,106.25,13.28,8,0.02773338347278368,0.4158513687654055,0.0013579049466537342,0.1483,850
23478,WOODLAND LARGE PINK FELT HEART,10,278,27.8,307.18,30.72,9,0.029547804832189526,0.41630106558877294,0.0017458777885548012,0.1492,841
23479,WIRE EGG BASKET ,40,109,2.72,819.65,20.49,35,0.02795901099934192,0.4174480129389501,0.007565470417070805,0.151,823
23480,MINI LIGHTS WOODLAND MUSHROOMS,178,1697,9.53,6050.49,33.99,143,0.042888032339945474,0.4291550359397128,0.03433559650824442,0.1688,645
23481,PEARLISED IVORY HEART SMALL ,30,217,7.23,266.21,8.87,23,0.028974334868854,0.4162093715716856,0.00562560620756547,0.1503,830
23482,PEARLISED IVORY HEART LARGE ,36,415,11.53,651.15,18.09,32,0.030835761962959483,0.4170708969545903,0.006789524733268671,0.1516,817
23483,HANGING  BUTTERFLY T-LIGHT HOLDER,70,1300,18.57,1515.38,21.65,57,0.039155777004794584,0.4190051102908708,0.01338506304558681,0.1572,761
23484,HEART TRELLISTRIPLE T-LIGHT HOLDER,26,174,6.69,483.66,18.6,25,0.028570085550437153,0.41669604142805966,0.004849660523763337,0.15,833
23485,BOTANICAL GARDENS WALL CLOCK ,93,241,2.59,5311.6,57.11,70,0.02919996239541224,0.42750134318194666,0.017846750727449078,0.1582,751
23486,ANTIQUE HEART SHELF UNIT,74,254,3.43,3679.5,49.72,64,0.029322177305631286,0.4238485776147443,0.014161008729388943,0.1558,775
23487,SWEET HEART CAKE CARRIER,48,69,1.44,664.45,13.84,41,0.02758296512174485,0.4171006633794686,0.009117361784675072,0.1513,820
23489,"GARLAND, VINTAGE BELLS",143,876,6.13,2512.44,17.57,125,0.03516969070226568,0.42123660740283375,0.027546071774975752,0.1613,720
23490,T-LIGHT HOLDER HANGING LOVE BIRD,96,530,5.52,1954.38,20.36,83,0.03191689386105105,0.41998762611955887,0.01842870999030068,0.1568,765
23491,VINTAGE JINGLE BELLS HEART,78,225,2.88,1856.25,23.8,64,0.029049544044373415,0.4197680036178068,0.014936954413191077,0.1546,787
23492,VINTAGE JINGLE BELLS WREATH,26,74,2.85,610.5,23.48,24,0.027629970856444485,0.4169799191221617,0.004849660523763337,0.1498,835
23493,VINTAGE DOILY TRAVEL SEWING KIT,361,3510,9.72,6724.8,18.63,282,0.05993231174203253,0.43066419368104003,0.06983511154219205,0.1868,479
23494,VINTAGE DOILY DELUXE SEWING KIT ,188,657,3.49,3808.15,20.26,145,0.033110839522421734,0.4241365062283222,0.03627546071774976,0.1645,688
23495,SET OF 3 PANTRY WOODEN SPOONS,24,192,8.0,240.0,10.0,21,0.028739306195355835,0.4161507115719819,0.0044616876818622695,0.1498,835
23496,PANTRY KITCHEN THERMOMETER ,22,88,4.0,110.0,5.0,21,0.027761586913603458,0.41585976155437493,0.004073714839961203,0.1492,841
23497,CLASSIC CHROME BICYCLE BELL ,178,2499,14.04,3491.35,19.61,150,0.050427752185766665,0.4234274834161847,0.03433559650824442,0.1694,639
23498,CLASSIC BICYCLE CLIPS ,89,1587,17.83,2200.15,24.72,77,0.04185390617655354,0.4205376783182301,0.017070805043646945,0.1598,735
23499,SET 12 VINTAGE DOILY CHALK ,96,1244,12.96,522.48,5.44,86,0.03862931277615869,0.4167829235794712,0.01842870999030068,0.1579,754
23500,KEY RING BASEBALL BOOT ASSORTED ,88,1580,17.95,1928.8,21.92,76,0.04178809814797405,0.41993037610840206,0.01687681862269641,0.1595,738
23501,KEY RING BASEBALL BOOT UNION JACK,87,1770,20.34,2103.3,24.18,77,0.04357431606656012,0.4203209205551129,0.01668283220174588,0.1602,731
23502,PLAYING CARDS VINTAGE DOILEY ,88,690,7.84,838.98,9.53,80,0.03342107737143932,0.41749127496849125,0.01687681862269641,0.1559,774
23503,PLAYING CARDS KEEP CALM & CARRY ON,336,3430,10.21,4240.46,12.62,284,0.059180219986838395,0.4251040493214889,0.06498545101842872,0.1831,514
23504,PLAYING CARDS JUBILEE UNION JACK,199,1661,8.35,2073.73,10.42,164,0.04254959105010811,0.42025474061649265,0.038409311348205626,0.1671,662
23505,PLAYING CARDS I LOVE LONDON ,106,1058,9.98,1238.5,11.68,93,0.03688069944533233,0.41838543151490915,0.020368574199806012,0.1585,748
23506,MINI PLAYING CARDS SPACEBOY ,132,2694,20.41,1106.28,8.38,114,0.052260975839052363,0.4180895129662323,0.025412221144519884,0.1653,680
23507,MINI PLAYING CARDS BUFFALO BILL ,109,2839,26.05,1128.18,10.35,91,0.05362414214534173,0.41813852685381375,0.020950533462657614,0.1642,691
23508,MINI PLAYING CARDS DOLLY GIRL ,115,2470,21.48,1012.2,8.8,95,0.05015511892450879,0.4178789546765672,0.022114451988360814,0.1634,699
23509,MINI PLAYING CARDS FUN FAIR ,55,1040,18.91,433.2,7.88,51,0.03671147880041365,0.416583108059687,0.010475266731328807,0.1546,787
23510,MINI PLAYING CARDS GYMKHANA,100,2297,22.97,901.74,9.02,90,0.048528720503901474,0.4176317366846836,0.019204655674102813,0.1618,715
23511,EMBROIDERED RIBBON REEL EMILY ,87,519,5.97,1036.02,11.91,83,0.03181348124471185,0.417932265672101,0.01668283220174588,0.1555,778
23512,EMBROIDERED RIBBON REEL ROSIE,49,484,9.88,921.46,18.81,46,0.03148444110181442,0.41767587156427755,0.009311348205625606,0.1528,805
23513,EMBROIDERED RIBBON REEL SUSIE ,63,550,8.73,1060.48,16.83,59,0.03210491679984958,0.41798700903695235,0.012027158098933075,0.154,793
23514,EMBROIDERED RIBBON REEL SALLY ,63,452,7.17,896.66,14.23,57,0.031183604399736768,0.4176203672532264,0.012027158098933075,0.1536,797
23515,EMBROIDERED RIBBON REEL DAISY ,60,558,9.3,1075.38,17.92,58,0.032180125975369,0.4180203563851242,0.011445198836081475,0.1539,794
23516,EMBROIDERED RIBBON REEL SOPHIE  ,42,291,6.93,1025.01,24.4,39,0.029670019742408574,0.4179076244436868,0.007953443258971873,0.1518,815
23517,EMBROIDERED RIBBON REEL REBECCA ,51,312,6.12,860.88,16.88,50,0.029867443828147034,0.4175402888560727,0.009699321047526674,0.1524,809
23518,EMBROIDERED RIBBON REEL RACHEL ,42,351,8.36,937.59,22.32,40,0.030234088558804176,0.4177119717472314,0.007953443258971873,0.152,813
23519,EMBROIDERED RIBBON REEL CLAIRE,19,219,11.53,755.01,39.74,18,0.028993137162733853,0.41730334363788774,0.0034917555771096023,0.1499,834
23520,EMBROIDERED RIBBON REEL RUBY ,30,165,5.5,585.63,19.52,30,0.028485475227977813,0.41692425814571643,0.00562560620756547,0.1503,830
23521,CAT AND BIRD WALL ART,22,388,17.64,648.62,29.48,21,0.03058193099558146,0.4170652346196323,0.004073714839961203,0.1506,827
23522,DOG AND BALL WALL ART,21,341,16.24,652.17,31.06,20,0.03014007708940491,0.4170731797931901,0.0038797284190106693,0.1504,829
23523,TREASURE AHOY WALL ART,39,351,9.0,1128.93,28.95,35,0.030234088558804176,0.4181402054116076,0.007371483996120271,0.1519,814
23524,HORSE & PONY WALL ART,52,459,8.83,1419.48,27.3,42,0.031249412428316255,0.4187904787009592,0.009893307468477207,0.1533,800
23525,BUFFALO BILL WALL ART ,45,561,12.47,1755.39,39.01,38,0.03220832941618877,0.419542271165685,0.008535402521823473,0.1534,799
23526,DOG LICENCE WALL ART,94,866,9.21,4251.62,45.23,79,0.03507567923286641,0.42512902626146193,0.018040737148399613,0.1594,739
23527,ANIMALS AND NATURE WALL ART,45,408,9.07,1368.72,30.42,40,0.030769953934379993,0.41867687390946895,0.008535402521823473,0.1527,806
23528,SPACEBOY WALL ART,34,462,13.59,1381.38,40.63,30,0.031277615869136036,0.4187052079650298,0.006401551891367604,0.1521,812
23529,DOLLY GIRL WALL ART,30,629,20.97,1952.31,65.08,26,0.03284760740810379,0.41998299330004774,0.00562560620756547,0.1528,805
23530,WALL ART ONLY ONE PERSON ,74,1037,14.01,4241.25,57.31,60,0.03668327535959387,0.42510581740236514,0.014161008729388943,0.1587,746
23531,WALL ART BIG LOVE ,98,960,9.8,5319.36,54.28,77,0.03595938704521952,0.4275187106599207,0.018816682832201746,0.1608,725
23532,WALL ART WORK REST AND PLAY  ,26,205,7.88,853.47,32.83,23,0.02886152110557488,0.4175237047050691,0.004849660523763337,0.1504,829
23533,WALL ART GARDEN HAVEN ,31,210,6.77,936.34,30.2,27,0.028908526840274514,0.41770917415090825,0.005819592628516004,0.1508,825
23534,STOP FOR TEA WALL ART,197,1199,6.09,6279.23,31.87,159,0.03820626116386199,0.4296669736860776,0.038021338506304556,0.1686,647
23535,BICYCLE SAFTEY WALL ART,164,1122,6.84,5892.66,35.93,135,0.03748237284948764,0.4288018002375674,0.03161978661493695,0.166,673
23536,VILLAGE SHOW WALL ART,75,609,8.12,3250.23,43.34,68,0.03265958446930525,0.4228878382758356,0.014354995150339476,0.1566,767
23537,I LOVE LONDON WALL ART,21,98,4.67,446.7,21.27,20,0.027855598383002726,0.416613322099977,0.0038797284190106693,0.1494,839
23538,WALL ART VINTAGE HEART,27,326,12.07,1273.92,47.18,25,0.029999059885306007,0.41846470420432175,0.00504364694471387,0.1512,821
23539,WALL ART LOVES' SECRET ,35,237,6.77,1129.71,32.28,32,0.029162357807652535,0.41814195111171326,0.006595538312318138,0.1513,820
23540,WALL ART THE MAGIC FOREST ,10,146,14.6,890.54,89.05,9,0.028306853436119207,0.4176066702216283,0.0017458777885548012,0.1492,841
23541,WALL ART CLASSIC PUDDINGS ,121,827,6.83,6138.19,50.73,97,0.03470903450220927,0.4293513152977446,0.023278370514064017,0.1624,709
23542,70'S ALPHABET WALL ART,73,478,6.55,3393.98,46.49,55,0.03142803422017486,0.42320956185299713,0.01396702230843841,0.1562,771
23543,KEEP CALM WALL ART ,96,1227,12.78,6869.47,71.56,81,0.03846949327817994,0.43098797628909546,0.01842870999030068,0.1626,707
23544,WALL ART MID CENTURY MODERN ,21,163,7.76,1007.53,47.98,17,0.02846667293409796,0.4178685028567039,0.0038797284190106693,0.1501,832
23545,WRAP RED DOILEY,84,2475,29.46,1023.5,12.18,76,0.050202124659208425,0.4179042449473284,0.016100872938894277,0.1614,719
23546,WRAP PAISLEY PARK ,120,3250,27.08,1365.0,11.38,106,0.057488013537651594,0.4186685482628113,0.02308438409311348,0.1664,669
23547,WRAP FLOWER SHOP  ,62,1575,25.4,661.5,10.67,57,0.04174109241327442,0.41709406105214597,0.011833171677982542,0.1569,764
23548,WRAP MAGIC FOREST ,43,1075,25.0,451.5,10.5,42,0.03704051894331108,0.4166240648698578,0.008147429679922406,0.1539,794
23549,WRAP BIRD GARDEN ,51,1300,25.49,546.0,10.71,46,0.039155777004794584,0.41683556315188747,0.009699321047526674,0.1552,781
23550,WRAP ALPHABET POSTER  ,63,1850,29.37,761.0,12.08,60,0.04432640782175425,0.41731674971946825,0.012027158098933075,0.1579,754
23551,PACK OF 12 PAISLEY PARK TISSUES ,97,1614,16.64,629.46,6.49,88,0.04210773714393156,0.41702235306319113,0.01862269641125121,0.1593,740
23552,BICYCLE PUNCTURE REPAIR KIT ,110,1730,15.73,3336.72,30.33,93,0.04319827018896305,0.4230814095606265,0.02114451988360815,0.1625,708
23553,LANDMARK FRAME CAMDEN TOWN ,62,557,8.98,6244.85,100.72,50,0.032170724828429066,0.42959002859680584,0.011833171677982542,0.1579,754
23554,LANDMARK FRAME OXFORD STREET,54,419,7.76,4730.65,87.6,49,0.03087336655071919,0.42620113231480233,0.010281280310378274,0.1558,775
23555,LANDMARK FRAME NOTTING HILL ,49,419,8.55,4730.65,96.54,45,0.03087336655071919,0.42620113231480233,0.009311348205625606,0.1555,778
23556,LANDMARK FRAME COVENT GARDEN ,53,434,8.19,4899.55,92.44,46,0.03101438375481809,0.4265791435299855,0.01008729388942774,0.1559,774
23557,LANDMARK FRAME BAKER STREET ,29,347,11.97,3867.85,133.37,25,0.030196483971044467,0.4242701194287156,0.005431619786614937,0.1533,800
23558,LANDMARK FRAME LONDON BRIDGE ,47,410,8.72,4604.2,97.96,43,0.03078875622825985,0.42591812747075314,0.008923375363724539,0.1552,781
23559,WOODLAND BUNNIES LOLLY MAKERS,75,563,7.51,1129.28,15.06,69,0.03222713171006863,0.41814098873857813,0.014354995150339476,0.1549,784
23560,SET OF 6 RIBBONS COUNTRY STYLE,20,163,8.15,447.07,22.35,20,0.02846667293409796,0.41661415018848863,0.0036857419980601356,0.1496,837
23561,SET OF 6 RIBBONS PARTY,13,167,12.85,458.63,35.28,13,0.028504277521857666,0.41664002235928504,0.0023278370514064014,0.1492,841
23562,SET OF 6 RIBBONS PERFECTLY PRETTY  ,37,243,6.57,678.27,18.33,37,0.029218764689292093,0.41713159360441726,0.006983511154219205,0.1511,822
23564,EGG CUP MILKMAID INGRID,42,587,13.98,703.51,16.75,39,0.03245275923662687,0.41718808266937424,0.007953443258971873,0.1525,808
23565,EGG CUP MILKMAID HELGA ,33,343,10.39,428.75,12.99,28,0.03015887938328476,0.41657314861677663,0.006207565470417071,0.151,823
23566,EGG CUP MILKMAID HEIDI,47,780,16.6,914.52,19.46,44,0.03426718059603272,0.4176603393094914,0.008923375363724539,0.1536,797
23567,EGG CUP HENRIETTA HEN PINK,20,186,9.3,232.5,11.62,15,0.028682899313716273,0.41613392599404303,0.0036857419980601356,0.1495,838
23568,EGG CUP HENRIETTA HEN CREAM ,29,579,19.97,663.27,22.87,24,0.03237755006110746,0.41709802244853955,0.005431619786614937,0.1516,817
23569,TRADTIONAL ALPHABET STAMP SET,179,924,5.16,4487.4,25.07,152,0.035620945755382154,0.4256567200703186,0.03452958292919495,0.1653,680
23570,TRADITIONAL PICK UP STICKS GAME ,241,1836,7.62,2295.0,9.52,203,0.04419479176459528,0.42074995992723024,0.04655674102812803,0.1705,628
23571,TRADITIONAL NAUGHTS & CROSSES,221,2018,9.13,3300.9,14.94,195,0.04590580050766194,0.4230012416403905,0.04267701260911736,0.1705,628
23574,PACKING CHARGE,16,12,0.75,90.0,5.62,9,0.027047099746169034,0.41581500001320465,0.002909796314258002,0.1486,847
23575,SNACK TRAY PAISLEY PARK,24,164,6.83,305.4,12.72,22,0.028476074081037885,0.4162970818116088,0.0044616876818622695,0.1497,836
23576,SNACK TRAY RED VINTAGE DOILY,30,185,6.17,346.35,11.54,28,0.02867349816677635,0.41638873106715496,0.00562560620756547,0.1502,831
23578,SNACK TRAY RED GINGHAM,11,56,5.09,109.2,9.93,11,0.027460750211525806,0.41585797109272815,0.0019398642095053346,0.1484,849
23579,SNACK TRAY I LOVE LONDON,24,149,6.21,276.15,11.51,22,0.028335056876938988,0.4162316180576472,0.0044616876818622695,0.1497,836
23580,SNACK TRAY HAPPY FOREST  ,21,110,5.24,214.5,10.21,20,0.027968412146281846,0.4160936406069898,0.0038797284190106693,0.1493,840
23581,JUMBO BAG PAISLEY PARK,313,4236,13.53,8273.28,26.43,230,0.06675754442041928,0.4341298112446094,0.06052376333656644,0.1871,477
23582,VINTAGE DOILY JUMBO BAG RED ,240,4313,17.97,8285.54,34.52,186,0.06748143273479365,0.4341572500693468,0.046362754607177495,0.1827,518
23583,LUNCH BAG PAISLEY PARK  ,306,3295,10.77,5234.75,17.11,233,0.057911065149948295,0.4273293469599998,0.05916585838991271,0.1815,528
23597,PAPER BUNTING PAISLEY PARK,29,240,8.28,644.0,22.21,28,0.029190561248472312,0.41705489470362195,0.005431619786614937,0.1506,827
23598,PAPER BUNTING VINTAGE PARTY,42,420,10.0,1175.0,27.98,40,0.030882767697659113,0.4182433136216934,0.007953443258971873,0.1524,809
23630,SET 10 CARDS HANGING BAUBLES 17080,2,0,0.0,0.0,0.0,1,0.026934285982889914,0.4156135730779383,0.00019398642095053346,0.1476,857
23660,HENRIETTA HEN MUG ,35,277,7.91,457.05,13.06,30,0.0295384036852496,0.4166364861975326,0.006595538312318138,0.1509,824
23661,MILK MAIDS MUG ,28,184,6.57,303.6,10.84,23,0.02866409701983642,0.41629305327290345,0.0052376333656644035,0.1501,832
23664,FLOWER SHOP DESIGN MUG,1,1,1.0,1.65,1.65,1,0.02694368712982984,0.41561726590508485,0.0,0.1475,858
23681,LUNCH BAG RED VINTAGE DOILY,119,1547,13.0,2432.55,20.44,105,0.041477860298956476,0.42105780742662896,0.02289039767216295,0.1618,715
23691,KEEP CALM BIRTHDAY WRAP,38,1175,30.92,481.5,12.67,36,0.03798063363730375,0.4166912071816133,0.007177497575169738,0.1539,794
23692,WRAP A PRETTY THANK YOU,2,50,25.0,21.0,10.5,2,0.027404343329886244,0.41566057269616713,0.00019398642095053346,0.1478,855
23694,PAISLEY PARK CARD,24,348,14.5,141.84,5.91,23,0.030205885117984395,0.41593102192791803,0.0044616876818622695,0.1502,831
23695,DOILY THANK YOU CARD,44,703,15.98,286.62,6.51,41,0.033543292281658366,0.41625505072444985,0.00834141610087294,0.1527,806
23697,A PRETTY THANK YOU CARD,27,438,16.22,179.64,6.65,26,0.031051988342577795,0.41601562124072994,0.00504364694471387,0.1507,826
23702,High Resolution Image,3,4,1.33,27.0,9.0,3,0.02697189057064962,0.4156740011585182,0.0003879728419010669,0.1477,856
23843,"PAPER CRAFT , LITTLE BIRDIE",2,0,0.0,0.0,0.0,1,0.026934285982889914,0.4156135730779383,0.00019398642095053346,0.1476,857
35001B,HAND OPEN SHAPE BLACK,6,14,2.33,49.94,8.32,6,0.027065902040048887,0.41572534264624056,0.0009699321047526673,0.1479,854
35001C,HAND OPEN SHAPE CHROME,1,-3,-3.0,-10.17,-10.17,1,0.026906082542070133,0.41559081183425317,0.0,0.1475,858
35001G,HAND OPEN SHAPE GOLD,64,589,9.2,1694.13,26.47,47,0.032471561530506725,0.41940516656508037,0.012221144519883608,0.1547,786
35001P,HAND OPEN SHAPE PINK,3,1,0.33,3.49,1.16,2,0.02694368712982984,0.4156213839668725,0.0003879728419010669,0.1477,856
35001W,HAND OPEN SHAPE DECO.WHITE,115,729,6.34,2087.43,18.15,79,0.033787722102096455,0.4202854022721943,0.022114451988360814,0.1587,746
35004B,SET OF 3 BLACK FLYING DUCKS,146,1135,7.77,4573.15,31.32,66,0.03760458775970668,0.42584863517808624,0.028128031037827354,0.1639,694
35004C,SET OF 3 COLOURED  FLYING DUCKS,260,2763,10.63,13150.35,50.58,113,0.052909654977907304,0.44504506972438124,0.05024248302618817,0.1827,518
35004G,SET OF 3 GOLD FLYING DUCKS,70,339,4.84,1255.62,17.94,46,0.030121274795525056,0.4184237473941509,0.01338506304558681,0.154,793
35004P,SET OF 3 PINK FLYING DUCKS,21,84,4.0,354.6,16.89,17,0.027723982325843752,0.4164071952028877,0.0038797284190106693,0.1493,840
35004S,SET OF 3 SILVER FLYING DUCKS,23,126,5.48,331.88,14.43,14,0.02811883049732067,0.41635634609211825,0.004267701260911736,0.1496,837
35015,JACOBS LADDER SMALL,38,2064,54.32,123.84,3.26,35,0.04633825326689856,0.4158907365408648,0.007177497575169738,0.1565,768
35051B,PINK BEADED CONE CHRISTMAS,2,14,7.0,5.88,2.94,2,0.027065902040048887,0.41562673297104236,0.00019398642095053346,0.1476,857
35071,ASSORTED SANTA CHRISTMAS DECORATION,5,48,9.6,40.8,8.16,5,0.02738554103600639,0.4157048866219257,0.0007759456838021338,0.148,853
35085E,IVORY ROSE LAMPSHADE ,9,39,4.33,44.25,4.92,7,0.027300930713547052,0.4157126079877776,0.0015518913676042677,0.1482,851
35095A,BLUE VICTORIAN FABRIC OVAL BOX,78,1665,21.35,605.57,7.76,61,0.04258719563786782,0.41696888540226323,0.014936954413191077,0.1582,751
35095B,RED VICTORIAN FABRIC OVAL BOX,92,1824,19.83,659.87,7.17,73,0.04408197800131616,0.4170904129865406,0.017652764306498547,0.1596,737
35096A,BLUE VICTORIAN FABRIC HEART BOX,19,710,37.37,228.39,12.02,18,0.03360910031023785,0.4161247274973326,0.0034917555771096023,0.1511,822
35096B,RED VICTORIAN FABRIC HEART BOX,21,288,13.71,102.63,4.89,20,0.029641816301588794,0.4158432669264537,0.0038797284190106693,0.1498,835
35160,BUDDHA INCENSE HOLDER ASSORTED,53,2176,41.06,1587.24,29.95,33,0.047391181724170346,0.41916593850829564,0.01008729388942774,0.1589,744
35233,PASTA ENAMEL/BRASS CONTAINER,8,10,1.25,37.5,4.69,8,0.027028297452289178,0.4156975009676326,0.0013579049466537342,0.148,853
35240,ENAMEL BLUE RIM OVAL TRAY SET/2,38,48,1.26,407.52,10.72,35,0.02738554103600639,0.41652563424082434,0.007177497575169738,0.1504,829
35241,ENAMEL BLUE RIM BISCUIT BIN,100,259,2.59,1221.85,12.22,75,0.02936918304033092,0.41834816753188486,0.019204655674102813,0.1556,777
35265,COLOURFUL FLOWER FRUIT BOWL,15,20,1.33,78.05,5.2,14,0.027122308921688446,0.4157882549923554,0.0027158098933074684,0.1485,848
35271S,GOLD PRINT PAPER BAG,18,414,23.0,84.18,4.68,17,0.030826360816019555,0.41580197440472405,0.003297769156159069,0.15,833
35400,WOODEN BOX ADVENT CALENDAR ,380,1148,3.02,9930.65,26.13,249,0.03772680266992573,0.43783913301908045,0.07352085354025219,0.183,515
35443,RASTA IN BATH W SPLIFF ASHTRAY,9,15,1.67,12.75,1.42,9,0.027075303186988812,0.4156421085604344,0.0015518913676042677,0.1481,852
35471A,SET OF 3 BIRD L.BLUE FEATHER,58,335,5.78,317.95,5.48,41,0.030083670207765346,0.41632516967869315,0.011057225994180407,0.1525,808
35471D,SET OF 3 BIRD LIGHT PINK FEATHER ,215,1948,9.06,1057.5,4.92,158,0.045247720221867065,0.41798033956731795,0.04151309408341416,0.1682,651
35537,CANDLE RING W/CLEAR BEADS,3,13,4.33,5.46,1.82,3,0.02705650089310896,0.41562579297867774,0.0003879728419010669,0.1477,856
35591T,TURQUOISE CHRISTMAS TREE ,9,17,1.89,21.25,2.36,9,0.027094105480868665,0.4156611322154317,0.0015518913676042677,0.1481,852
35594,WOODEN CHRISTMAS TREE 3 HANGING,22,114,5.18,47.88,2.18,19,0.02800601673404155,0.4157207322075,0.004073714839961203,0.1493,840
35596,WOOD XMAS TREE 9 FIG SHELVES,4,29,7.25,24.65,6.16,4,0.027206919244147785,0.4156687416774307,0.0005819592628516004,0.1478,855
35597A,DUSTY PINK CHRISTMAS TREE 30CM,4,10,2.5,12.5,3.12,4,0.027028297452289178,0.41564154904116973,0.0005819592628516004,0.1478,855
35597B,BLACKCHRISTMAS TREE 30CM,6,18,3.0,22.5,3.75,6,0.027103506627808593,0.4156639298117549,0.0009699321047526673,0.1479,854
35597D,PINK/WHITE CHRISTMAS TREE 30CM,8,58,7.25,25.28,3.16,7,0.02747955250540566,0.41567015166597754,0.0013579049466537342,0.1482,851
35598A,DUSTY PINK CHRISTMAS TREE 60CM,3,10,3.33,29.5,9.83,3,0.027028297452289178,0.41567959635116447,0.0003879728419010669,0.1477,856
35598B,BLACK CHRISTMAS TREE 60CM,48,919,19.15,792.85,16.52,37,0.035573940020682523,0.4173880324737819,0.009117361784675072,0.154,793
35598C,WHITE CHRISTMAS TREE 60CM,3,3,1.0,8.85,2.95,3,0.02696248942370969,0.4156333800599062,0.0003879728419010669,0.1477,856
35598D,PINK/WHITE CHRISTMAS TREE 60CM,53,1641,30.96,1098.47,20.73,43,0.04236156811130958,0.4180720335844053,0.01008729388942774,0.1568,765
35599B,BLACK CHRISTMAS TREE 120CM,38,249,6.55,828.57,21.8,26,0.029275171570931655,0.4174679765863121,0.007177497575169738,0.1513,820
35599D,PINK AND WHITE CHRISTMAS TREE 120CM,40,316,7.9,848.88,21.22,24,0.02990504841590674,0.4175134319313705,0.007565470417070805,0.1517,816
35600D,PINK AND WHITE CHRISTMAS TREE 180CM,12,140,11.67,476.0,39.67,11,0.028250446554479648,0.41667889775779143,0.002133850630455868,0.149,843
35603B,S/16 BLACK SHINY/MAT BAUBLES,2,24,12.0,-30.24,-15.12,2,0.02715991350944815,0.41554589362768884,0.00019398642095053346,0.1476,857
35603C,SET/16 WHITE SHINY & MATT BAUBLES,23,80,3.48,47.04,2.05,19,0.027686377738084047,0.4157188522227709,0.004267701260911736,0.1492,841
35607A,PINK FLUFFY CHRISTMAS DECORATION,28,545,19.46,103.55,3.7,27,0.03205791106514995,0.4158453259573475,0.0052376333656644035,0.151,823
35607B,BLACK FEATHER CHRISTMAS DECORATION,16,310,19.38,58.9,3.68,15,0.02984864153426718,0.4157453958166848,0.002909796314258002,0.1495,838
35609A,PINK FEATHER CHRISTMAS DECORATION,18,427,23.72,82.19,4.57,17,0.0309485757262386,0.41579752063137765,0.003297769156159069,0.15,833
35610A,PINK CHRISTMAS FLOCK DROPLET ,8,138,17.25,92.82,11.6,8,0.028231644260599792,0.41582131139050965,0.0013579049466537342,0.1485,848
35610B,BLACK CHRISTMAS FLOCK DROPLET ,14,179,12.79,144.07,10.29,13,0.028617091285136786,0.41593601283975856,0.002521823472356935,0.149,843
35610C,WHITE CHRISTMAS FLOCK DROPLET ,6,91,15.17,73.91,12.32,6,0.02778979035442324,0.41577898935333313,0.0009699321047526673,0.1482,851
35611B,BLACK ASSORTED DROPLET DECORATION,3,59,19.67,22.42,7.47,2,0.027488953652345587,0.41566375076559026,0.0003879728419010669,0.1478,855
35631B,BLUE GREEN CHRISTMAS HANGING BALL ,1,-1,-1.0,-0.19,-0.19,1,0.026924884835949986,0.41561314784329717,0.0,0.1475,858
35633B,BLUE TINSEL GARLAND ,12,130,10.83,24.7,2.06,12,0.02815643508508038,0.41566885358128364,0.002133850630455868,0.1487,846
35637A,IVORY STRING CURTAIN WITH POLE ,46,540,11.74,1245.0,27.07,41,0.03201090533045031,0.4183999790157895,0.008729388942774006,0.153,803
35637C,PINK STRING CURTAIN WITH POLE,16,97,6.06,273.35,17.08,14,0.0278461972360628,0.4162253514418834,0.002909796314258002,0.149,843
35638A,PINK AND BLACK STRING CURTAIN,6,39,6.5,88.05,14.67,6,0.027300930713547052,0.41581063576294053,0.0009699321047526673,0.148,853
35638B,PINK/BLUE STRING CURTAIN ,8,115,14.38,268.25,33.53,7,0.02801541788098148,0.41621393724888495,0.0013579049466537342,0.1485,848
35644,PAIR PINK/BLACK COATHANGERS,8,21,2.62,40.95,5.12,6,0.027131710068628374,0.4157052223334845,0.0013579049466537342,0.1481,852
35645,VINTAGE BEAD PINK JEWEL BOX,24,51,2.12,216.75,9.03,18,0.027413744476826173,0.41609867628037145,0.0044616876818622695,0.1493,840
35646,VINTAGE BEAD PINK EVENING BAG,53,533,10.06,753.88,14.22,37,0.031945097301870826,0.4173008146108116,0.01008729388942774,0.1531,802
35647,VINTAGE BEAD PINK SHADE ,44,525,11.93,652.5,14.83,19,0.031869888126351414,0.41707391835861934,0.00834141610087294,0.1524,809
35648,VINTAGE BEAD PINK PURSE ,73,842,11.53,916.26,12.55,48,0.03485005170630817,0.4176642335635733,0.01396702230843841,0.1555,778
35649,VINTAGE BEAD COSMETIC BAG ,22,1776,80.73,1195.82,54.36,20,0.04363072294819968,0.41828991038605173,0.004073714839961203,0.1553,780
35650,VINTAGE BEAD PINK JEWEL STAND,3,3,1.0,14.85,4.95,3,0.02696248942370969,0.41564680852225727,0.0003879728419010669,0.1477,856
35651,VINTAGE BEAD PINK SCARF ,39,325,8.33,592.95,15.2,32,0.02998965873836608,0.4169406408697848,0.007371483996120271,0.1514,819
35652,VINTAGE BEAD CHAISE LONG JEWEL BOX,2,18,9.0,21.5,10.75,2,0.027103506627808593,0.41566169173469636,0.00019398642095053346,0.1477,856
35653,VINTAGE BEAD NOTEBOOK,56,183,3.27,539.85,9.64,42,0.028654695872896492,0.41682179897797766,0.01066925315227934,0.152,813
35654,VINTAGE BEAD FILLED PINK CUSHION,5,12,2.4,59.4,11.88,4,0.027047099746169034,0.4157465148552141,0.0007759456838021338,0.1479,854
35751C,PURPLE CURRENT CANDLE RING,2,31,15.5,12.61,6.3,2,0.027225721538027638,0.4156417952296461,0.00019398642095053346,0.1477,856
35751D,PINK CURRENT CANDLE RING,1,28,28.0,5.32,5.32,1,0.02719751809720786,0.4156254796478896,0.0,0.1476,857
35793,S/3 PUPPIES CHRISTMAS DECORATIONS,9,101,11.22,174.05,19.34,7,0.027883801823822506,0.4160031103899728,0.0015518913676042677,0.1485,848
35809A,ENAMEL PINK TEA CONTAINER,111,1037,9.34,1297.81,11.69,76,0.03668327535959387,0.41851817186524964,0.02133850630455868,0.1588,745
35809B,ENAMEL BLUE RIM TEA CONTAINER,22,81,3.68,162.48,7.39,21,0.02769577888502397,0.41597721583840586,0.004073714839961203,0.1492,841
35810A,ENAMEL PINK COFFEE CONTAINER,106,1116,10.53,1280.26,12.08,72,0.03742596596784808,0.41847889361287277,0.020368574199806012,0.1588,745
35810B,ENAMEL BLUE RIM COFFEE CONTAINER,52,294,5.65,435.24,8.37,43,0.029698223183228355,0.4165876737368864,0.009893307468477207,0.1521,812
35811A,ENAMEL PINK SUGAR CONTAINER,48,389,8.1,577.38,12.03,24,0.030591332142521386,0.41690579400998373,0.009117361784675072,0.1522,811
35815B,"ACRYLIC JEWEL SNOWFLAKE,BLUE",2,93,46.5,35.34,17.67,2,0.027808592648303092,0.4156926667211862,0.00019398642095053346,0.1479,854
35815P,"ACRYLIC JEWEL SNOWFLAKE, PINK",7,168,24.0,75.88,10.84,7,0.028513678668797594,0.41578339836513845,0.0011639185257032007,0.1485,848
35816B,"ACRYLIC JEWEL ANGEL,BLUE",2,137,68.5,52.93,26.46,2,0.028222243113659867,0.4157320344966455,0.00019398642095053346,0.148,853
35816P,"ACRYLIC JEWEL ANGEL,PINK",7,292,41.71,124.88,17.84,7,0.0296794208893485,0.4158930641410057,0.0011639185257032007,0.1489,844
35817B,"ACRYLIC JEWEL SNOWFLAKE,BLUE",2,142,71.0,56.13,28.06,2,0.0282692488483595,0.41573919634323275,0.00019398642095053346,0.1481,852
35817P,"ACRYLIC JEWEL SNOWFLAKE,PINK",10,418,41.8,206.58,20.66,9,0.03086396540377926,0.4160759150366863,0.0017458777885548012,0.1496,837
35818B,"ACRYLIC JEWEL ICICLE, BLUE",8,403,50.38,168.38,21.05,8,0.030722948199680362,0.41599042049305107,0.0013579049466537342,0.1494,839
35818P,"ACRYLIC JEWEL ICICLE, PINK",20,549,27.45,208.62,10.43,18,0.032095515652909655,0.4160804807138857,0.0036857419980601356,0.1506,827
35819B,"ACRYLIC HANGING JEWEL,BLUE",32,381,11.91,182.19,5.69,26,0.030516122967001975,0.41602132833722916,0.0060135790494665374,0.1509,824
35819P,"ACRYLIC HANGING JEWEL,PINK",7,95,13.57,66.55,9.51,7,0.027827394942182945,0.41576251710618245,0.0011639185257032007,0.1483,850
35821B,"JEWELLED DECORATION,BLUE",3,150,50.0,57.0,19.0,3,0.028344458023878912,0.41574114347027363,0.0003879728419010669,0.1482,851
35821P,"JEWELLED DECORATION,PINK",2,2,1.0,5.9,2.95,2,0.026953088276769767,0.4156267777325835,0.00019398642095053346,0.1476,857
35822B,"ACRYLIC BEAD CHAIN, BLUE",1,229,229.0,87.02,87.02,1,0.02908714863213312,0.41580833054357025,0.0,0.1483,850
35822P,"ACRYLIC BEAD CHAIN, PINK",1,114,114.0,43.32,43.32,1,0.02800601673404155,0.4157105265761132,0.0,0.1479,854
35823P,"ACRYLIC BEAD GARLAND,PINK",2,2,1.0,5.9,2.95,2,0.026953088276769767,0.4156267777325835,0.00019398642095053346,0.1476,857
35824B,"HANGING FLOWERS+MIRROR,BLUE",5,527,105.4,200.26,40.05,4,0.03188869042023127,0.4160617703896765,0.0007759456838021338,0.1496,837
35824C,"HANGING FLOWERS+MIRROR,CLEAR",8,235,29.38,117.05,14.63,8,0.02914355551377268,0.41587553999763743,0.0013579049466537342,0.1488,845
35824P,"HANGING FLOWERS+MIRROR,PINK",3,324,108.0,136.44,45.48,2,0.029980257591426154,0.4159189363118021,0.0003879728419010669,0.1488,845
35832,WOOLLY HAT SOCK GLOVE ADVENT STRING,167,1684,10.08,4982.3,29.83,134,0.042765817429726426,0.4267643444065776,0.032201745877788554,0.1672,661
35833G,4 GOLD FLOCK CHRISTMAS BALLS,29,126,4.34,198.0,6.83,23,0.02811883049732067,0.41605671233552427,0.005431619786614937,0.1499,834
35833P,4 PINK FLOCK CHRISTMAS BALLS,43,161,3.74,241.75,5.62,32,0.028447870640218108,0.4161546282068343,0.008147429679922406,0.1509,824
35837,SET OF SIX SILVER+RED FLOCK BAUBLES,1,2,2.0,1.7,1.7,1,0.026953088276769767,0.4156173778089378,0.0,0.1475,858
35838A,S/6 MULTICOLOUR ORNAMENETAL CANDLE,18,171,9.5,176.75,9.82,18,0.028541882109617372,0.41600915319803083,0.003297769156159069,0.1493,840
35838B,S/6 SILVER ORNAMENETAL CANDLE,24,97,4.04,82.45,3.44,21,0.0278461972360628,0.41579810253141286,0.0044616876818622695,0.1494,839
35840,FLAT GLASS  BAUBLE WHITE FLOCK ,6,35,5.83,50.15,8.36,5,0.027263326125787347,0.4157258126424228,0.0009699321047526673,0.148,853
35909A,RABBIT EASTER DECORATION,5,20,4.0,59.0,11.8,5,0.027122308921688446,0.41574561962439066,0.0007759456838021338,0.1479,854
35909B,PINK FLOWERS RABBIT EASTER,7,16,2.29,47.2,6.74,6,0.02708470433392874,0.41571921031510023,0.0011639185257032007,0.148,853
35910A,MULTICOLOUR EASTER RABBIT ,12,52,4.33,101.4,8.45,12,0.0274231456237661,0.4158405140916717,0.002133850630455868,0.1485,848
35910B,PINK FLOWERS RABBIT EASTER,6,27,4.5,52.65,8.78,6,0.027188116950267932,0.4157314078350691,0.0009699321047526673,0.148,853
35911A,MULTICOLOUR RABBIT EGG WARMER,42,260,6.19,309.65,7.37,38,0.029378584187270847,0.41630659363910744,0.007953443258971873,0.1512,821
35911B,PINK/FLOWER RABBIT EGG WARMER ,13,57,4.38,119.7,9.21,12,0.027470151358465734,0.4158814709018426,0.0023278370514064014,0.1486,847
35912B,WHITE/PINK CHICK DECORATION,26,283,10.88,326.39,12.55,22,0.02959481056688916,0.416344059049067,0.004849660523763337,0.1503,830
35913B,WHITE/PINK CHICK EASTER DECORATION,21,97,4.62,82.45,3.93,17,0.0278461972360628,0.41579810253141286,0.0038797284190106693,0.1492,841
35914,PINK CHICK EGG WARMER + EGG CUP,30,175,5.83,246.25,8.21,25,0.02857948669737708,0.41616469955359764,0.00562560620756547,0.1501,832
35915A,CREAM KNITTED HEN,1,288,288.0,365.76,365.76,1,0.029641816301588794,0.41643217214286077,0.0,0.1487,846
35915B,BLUE KNITTED HEN ,32,434,13.56,606.66,18.96,31,0.03101438375481809,0.41697132490625705,0.0060135790494665374,0.1513,820
35915C,PEACH KNITTED HEN ,23,388,16.87,530.76,23.08,23,0.03058193099558146,0.41680145485751574,0.004267701260911736,0.1506,827
35916A,YELLOW FELT HANGING HEART W FLOWER,7,51,7.29,43.35,6.19,7,0.027413744476826173,0.41571059371842495,0.0011639185257032007,0.1481,852
35916B,BLUE FELT HANGING HEART W FLOWER,5,37,7.4,31.45,6.29,5,0.0272821284196672,0.4156839606014286,0.0007759456838021338,0.1479,854
35916C,PINK FELT HANGING HEART W FLOWER,9,85,9.44,72.25,8.03,9,0.02773338347278368,0.415775274145416,0.0015518913676042677,0.1484,849
35918B,BLUE FLORIBUNDA EGG WARMER,6,9,1.5,11.25,1.88,6,0.027018896305349253,0.4156387514448466,0.0009699321047526673,0.1479,854
35920,FOUR RABBIT EASTER DECORATIONS,20,1065,53.25,275.25,13.76,18,0.036946507473911816,0.41622960378829454,0.0036857419980601356,0.1523,810
35921,EASTER BUNNY HANGING GARLAND,28,153,5.46,191.25,6.83,24,0.028372661464698693,0.4160416053153793,0.0052376333656644035,0.1499,834
35922,EASTER BUNNY WREATH,22,72,3.27,342.4,15.56,20,0.027611168562564632,0.4163798906627738,0.004073714839961203,0.1494,839
35923,CANDY HEART HANGING DECORATION,70,1449,20.7,862.57,12.32,51,0.04055654789884366,0.4175440712063016,0.01338506304558681,0.1572,761
35924,HANGING FAIRY CAKE DECORATION,115,1798,15.63,3206.72,27.88,65,0.043837548180878066,0.4227904595430196,0.022114451988360814,0.1629,704
35930,PINK HEART CHRISTMAS DECORATION,1,1,1.0,0.38,0.38,1,0.02694368712982984,0.41561442354722056,0.0,0.1475,858
35931,PINK STAR CHRISTMAS DECORATION,15,156,10.4,78.12,5.21,14,0.028400864905518474,0.4157884116577495,0.0027158098933074684,0.149,843
35932,PINK CHRISTMAS TREE DECORATION,10,37,3.7,15.63,1.56,10,0.0272821284196672,0.4156485542223629,0.0017458777885548012,0.1482,851
35933,PINK STOCKING CHRISTMAS DECORATION,23,312,13.57,118.56,5.15,20,0.029867443828147034,0.41587891949399586,0.004267701260911736,0.15,833
35936,CERISE+GOLD CHRISTMAS TREE DEC,9,36,4.0,13.68,1.52,8,0.02727272727272727,0.4156441899720988,0.0015518913676042677,0.1482,851
35937,CERISE+GOLD CHRISTMAS STOCKING DEC,17,188,11.06,71.44,4.2,16,0.028701701607596126,0.41577346130299864,0.0031037827352085354,0.1492,841
35945,GOLD CHRISTMAS STOCKING DECORATION,1,1,1.0,1.95,1.95,1,0.02694368712982984,0.4156179373282024,0.0,0.1475,858
35950,FOLKART HEART CHRISTMAS DECORATIONS,1,1,1.0,1.25,1.25,1,0.02694368712982984,0.41561637067426144,0.0,0.1475,858
35951,FOLKART BAUBLE CHRISTMAS DECORATION,40,1339,33.48,671.51,16.79,35,0.03952242173545172,0.41711646420350174,0.007565470417070805,0.1547,786
35953,FOLKART STAR CHRISTMAS DECORATIONS,110,3276,29.78,1606.16,14.6,98,0.057732443358089684,0.4192082829262428,0.02114451988360815,0.166,673
35954,SMALL FOLKART STAR CHRISTMAS DEC,67,1975,29.48,621.81,9.28,58,0.045501551189245086,0.41700523177369353,0.012803103782735208,0.1584,749
35955,SMALL FOLKART CHRISTMAS TREE DEC,5,135,27.0,34.62,6.92,4,0.028203440819780014,0.41569105530570405,0.0007759456838021338,0.1482,851
35957,SMALLFOLKART BAUBLE CHRISTMAS DEC,64,3213,50.2,786.42,12.29,52,0.057140171100874305,0.4173736416382957,0.012221144519883608,0.1622,711
35958,FOLKART ZINC STAR CHRISTMAS DEC,70,1100,15.71,935.0,13.36,58,0.03727554761680925,0.41770617512764985,0.01338506304558681,0.1561,772
35961,FOLKART ZINC HEART CHRISTMAS DEC,407,10650,26.17,8228.82,20.22,262,0.12705650089310896,0.43403030633858786,0.07875848690591658,0.2133,302
35962,12 ASS ZINC CHRISTMAS DECORATIONS,65,519,7.98,1089.9,16.77,53,0.03181348124471185,0.4180528532640138,0.012415130940834141,0.1541,792
35963,FOLKART ZINC CLIP ON ANGEL WINGS,13,101,7.77,38.38,2.95,10,0.027883801823822506,0.4156994704754441,0.0023278370514064014,0.1486,847
35964,FOLKART CLIP ON STARS,58,1005,17.33,487.53,8.41,50,0.03638243865751622,0.41670470278627614,0.011057225994180407,0.1547,786
35965,FOLKART HEART NAPKIN RINGS,83,351,4.23,694.41,8.37,62,0.030234088558804176,0.4171677161681417,0.015906886517943745,0.1544,789
35966,FOLKART CHRISTMAS TREE T-LIGHT HOLD,20,244,12.2,92.72,4.64,20,0.02922816583623202,0.4158210875828038,0.0036857419980601356,0.1496,837
35967,FOLK ART METAL STAR T-LIGHT HOLDER,60,785,13.08,309.7,5.16,50,0.03431418633073235,0.4163067055429604,0.011445198836081475,0.154,793
35968,FOLK ART METAL HEART T-LIGHT HOLDER,61,676,11.08,254.54,4.17,50,0.033289461314280344,0.41618325321241273,0.011639185257032008,0.1537,796
35969,FOLKART CROWN TABLE DECORATIONS,40,450,11.25,376.74,9.42,36,0.031164802105856915,0.4164567462289632,0.007565470417070805,0.1517,816
35970,ZINC FOLKART SLEIGH BELLS,565,7777,13.76,12683.41,22.45,416,0.10004700573469963,0.44400002202267824,0.10940834141610087,0.2178,281
35971,ROSE FOLKART HEART DECORATIONS,131,1819,13.89,1612.2,12.31,91,0.044034972266616526,0.4192218009116762,0.02521823472356935,0.1628,705
35972,DAISY FOLKART HEART DECORATION,52,389,7.48,486.25,9.35,43,0.030591332142521386,0.4167018380476412,0.009893307468477207,0.1524,809
35973,GERANIUM FOLKART HEART DECORATION,16,47,2.94,58.75,3.67,11,0.027376139889066467,0.4157450601051261,0.002909796314258002,0.1487,846
35974,S/6 CHRISTMAS TREE PLACE SETTING,1,1,1.0,3.75,3.75,1,0.02694368712982984,0.41562196586690775,0.0,0.1475,858
35976B,WHITE SCANDINAVIAN HEART CHRISTMAS,2,-11,-5.5,-13.75,-6.88,2,0.02683087336655072,0.4155827995183837,0.00019398642095053346,0.1475,858
35979,SIX STRING SCANDINAVIAN HEART DECS,22,71,3.23,209.45,9.52,20,0.027601767415624708,0.4160823383178443,0.004073714839961203,0.1493,840
35980B,RED TOP SCANDINAVIAN HEART ,2,4,2.0,1.52,0.76,2,0.02697189057064962,0.4156169749550672,0.00019398642095053346,0.1476,857
35980C,REDWHITE STRIPE SCANDINAVIAN HEART ,29,331,11.41,125.78,4.34,28,0.03004606562000564,0.41589507841035833,0.005431619786614937,0.1505,828
35981C,WHITE SNOW SCANDINAVIAN STOCKING ,65,563,8.66,266.14,4.09,55,0.03222713171006863,0.41620921490629154,0.012415130940834141,0.1536,797
35991,SET/6 BLACK SNOWFLAKE T-LIGHTS ,49,387,7.9,201.91,4.12,43,0.030572529848641533,0.4160654632168231,0.009311348205625606,0.152,813
35995,SET/6 BLACK GLITTER REINDEER CANDLE,4,4,1.0,3.36,0.84,4,0.02697189057064962,0.41562109301685485,0.0005819592628516004,0.1477,856
35999,S/6 SCANDINAVIAN HEART T-LIGHT,1,1,1.0,2.55,2.55,1,0.02694368712982984,0.4156192801744375,0.0,0.1475,858
37112,YELLOW BIRDS FELT DES FOODCOVER,5,9,1.8,33.75,6.75,4,0.027018896305349253,0.41568910817866317,0.0007759456838021338,0.1478,855
37326,FAIRY DESIGN MUGS,1,1,1.0,1.25,1.25,1,0.02694368712982984,0.41561637067426144,0.0,0.1475,858
37327,ASSTD MULTICOLOUR CIRCLES MUG,56,1531,27.34,758.03,13.54,42,0.04132744194791765,0.4173101026306044,0.01066925315227934,0.1564,769
37330,SPOTS MUG,25,492,19.68,849.54,33.98,19,0.03155965027733384,0.41751490906222916,0.004655674102812803,0.1512,821
37333,"RETRO ""TEA FOR ONE"" ",34,120,3.53,545.4,16.04,26,0.028062423615681113,0.41683422030565237,0.006401551891367604,0.1504,829
37340,MULTICOLOUR SPRING FLOWER MUG,100,8087,80.87,2038.09,20.38,79,0.1029613612860769,0.42017497555012717,0.019204655674102813,0.1808,535
37342,SPOTTY COFFEE CUP & SAUCER,75,1415,18.87,1202.81,16.04,56,0.04023690890288615,0.41830555454469076,0.014354995150339476,0.1576,757
37343,SPOTS DESIGN MUG W PINK INSIDE,73,962,13.18,1392.3,19.07,55,0.03597818933909937,0.41872964776650873,0.01396702230843841,0.1562,771
37345,ASSTD HEARTS DESIGN MUGS,6,318,53.0,536.1,89.35,5,0.029923850709786592,0.4168134061890082,0.0009699321047526673,0.1492,841
37348,SET OF 4 PASTEL STACKING MUGS,7,12,1.71,30.6,4.37,5,0.027047099746169034,0.41568205823592885,0.0011639185257032007,0.148,853
37351,ORANGE FLOWER MUG ,7,5395,770.71,571.71,81.67,7,0.0776534737237943,0.4168931041130619,0.0011639185257032007,0.1652,681
37352,BIRD IN TREE MUG ,8,4643,580.38,504.55,63.07,6,0.07058381122496944,0.416742794857812,0.0013579049466537342,0.1629,704
37370,RETRO COFFEE MUGS ASSORTED,367,6901,18.8,7840.08,21.36,184,0.09181160101532387,0.4331602762628607,0.07099903006789525,0.1987,390
37379A,PINK CHERRY BLOSSOM CUP & SAUCER,6,29,4.83,36.25,6.04,5,0.027206919244147785,0.4156947033713095,0.0009699321047526673,0.148,853
37379B,BLUE CHERRY BLOSSOM CUP & SAUCER,3,1122,374.0,181.5,60.5,3,0.03748237284948764,0.41601978406405876,0.0003879728419010669,0.1513,820
37399,"ASS RETROSPOOF MUGS,SPORTS",6,143,23.83,75.0,12.5,6,0.028278649995299426,0.41578142885732694,0.0009699321047526673,0.1483,850
37408,ASSORTED DESIGN GEISHA GIRL MUGS,1,5,5.0,6.25,6.25,1,0.026981291717589544,0.415627561059554,0.0,0.1475,858
37409,ASSORTED DESIGN FLOWER MUGS,3,7,2.33,5.95,1.98,3,0.0270000940114694,0.41562688963643646,0.0003879728419010669,0.1477,856
37410,BLACK AND WHITE PAISLEY FLOWER MUG,19,25679,1351.53,3012.07,158.53,13,0.2683463382532669,0.42235481784357964,0.0034917555771096023,0.2314,218
37413,ICON MUG REVOLUTIONARY,81,701,8.65,283.71,3.5,52,0.03352448998777851,0.41624853792020955,0.015518913676042677,0.1551,782
37422,WHITE WITH BLACK CATS BOWL,27,344,12.74,141.68,5.25,14,0.030168280530224686,0.4159306638355887,0.00504364694471387,0.1504,829
37423,WHITE WITH BLACK CATS PLATE,26,3139,120.73,421.03,16.19,17,0.056444486227319735,0.4165558706618849,0.004849660523763337,0.1593,740
37424,WHITE WITH BLACK CATS MUG,48,3041,63.35,700.85,14.6,28,0.055523173827206916,0.4171821293843986,0.009117361784675072,0.1606,727
37432,MUG PINK AND PURPLE ARABIC DESIGN,1,6,6.0,3.9,3.9,1,0.026990692864529472,0.41562230157846647,0.0,0.1475,858
37438,FUNKY FLOWER COFFEE POT,1,1,1.0,3.75,3.75,1,0.02694368712982984,0.41562196586690775,0.0,0.1475,858
37441,ASSORTED WHITE EMBOSSED CHINA MUGS,40,673,16.82,1305.3,32.63,31,0.03326125787346056,0.4185349350624179,0.007565470417070805,0.1531,802
37444A,YELLOW BREAKFAST CUP AND SAUCER,28,1375,49.11,260.17,9.29,17,0.03986086302528909,0.41619585358625216,0.0052376333656644035,0.1538,795
37444B,BLUE BREAKFAST CUP AND SAUCER ,18,1012,56.22,210.52,11.7,14,0.036448246686095705,0.41608473306029686,0.003297769156159069,0.1519,814
37444C,PINK BREAKFAST CUP AND SAUCER ,18,828,46.0,241.64,13.42,14,0.0347184356491492,0.4161543820183579,0.003297769156159069,0.1514,819
37446,MINI CAKE STAND WITH HANGING CAKES,342,3402,9.95,4555.7,13.32,168,0.05891698787252045,0.4258095807334152,0.0661493695441319,0.1836,510
37447,CERAMIC CAKE DESIGN SPOTTED PLATE,295,2617,8.87,3767.81,12.77,143,0.05153708752467801,0.4240462221997818,0.05703200775945684,0.1775,561
37448,CERAMIC CAKE DESIGN SPOTTED MUG,475,4328,9.11,6210.16,13.07,198,0.06762244993889255,0.4295123897036459,0.09194956353055286,0.1964,405
37449,CERAMIC CAKE STAND + HANGING CAKES,482,2022,4.2,17970.43,37.28,211,0.04594340509542164,0.45583278019258827,0.0933074684772066,0.1984,392
37450,CERAMIC CAKE BOWL + HANGING CAKES,347,2265,6.53,6205.35,17.88,139,0.04822788380182382,0.42950162455299445,0.06711930164888458,0.1816,527
37451,CERAMIC CAKE TEAPOT WITH CHERRY,3,-1,-0.33,-3.55,-1.18,3,0.026924884835949986,0.4156056279043806,0.0003879728419010669,0.1476,857
37461,FUNKY MONKEY MUG,68,709,10.43,696.65,10.24,35,0.03359969916329792,0.4171727294607528,0.012997090203685741,0.1546,787
37462B,"PET MUG, BUDGIE",6,118,19.67,49.56,8.26,4,0.02804362132180126,0.4157244921769583,0.0009699321047526673,0.1482,851
37462E,"PET MUG, GOLDFISH",9,81,9.0,28.27,3.14,9,0.02769577888502397,0.4156768435163825,0.0015518913676042677,0.1483,850
37464,ROBOT MUG IN DISPLAY BOX,47,275,5.85,330.07,7.02,45,0.02951960139136975,0.4163522951726424,0.008923375363724539,0.1516,817
37467,PIG MUG IN TWO COLOUR DESIGNS,28,212,7.57,131.44,4.69,28,0.028927329134154366,0.41590774592650953,0.0052376333656644035,0.15,833
37468,HARDMAN MUG 3 ASSORTED,12,63,5.25,24.57,2.05,11,0.027526558240105293,0.415668562631266,0.002133850630455868,0.1484,849
37471,MULTICOLOUR DOTS PLATE,5,700,140.0,82.0,16.4,4,0.033515088840838585,0.41579709539673654,0.0007759456838021338,0.15,833
37474,SET/4 2 TONE EGG SHAPE MIXING BOWLS,40,58,1.45,559.58,13.99,33,0.02747955250540566,0.4168659562383421,0.007565470417070805,0.1506,827
37475,SET/4 COLOURFUL MIXING BOWLS,51,94,1.84,891.5,17.48,45,0.02781799379524302,0.4176088187756044,0.009699321047526674,0.1517,816
37476,CONDIMENT TRAY 4 BOWLS AND 4 SPOONS,27,44,1.63,420.28,15.57,22,0.027347936448246686,0.416554192104091,0.00504364694471387,0.1496,837
37477B,"FLOWER FAIRY MUG+COASTER,LAVENDER",10,10,1.0,37.5,3.75,6,0.027028297452289178,0.4156975009676326,0.0017458777885548012,0.1482,851
37477C,"FLOWER FAIRY MUG+COASTER,ROSE",1,6,6.0,22.5,22.5,1,0.026990692864529472,0.4156639298117549,0.0,0.1476,857
37479B,CUBIC MUG FLOCK BLUE ON BROWN,24,1240,51.67,1011.48,42.14,20,0.038591708188398986,0.4178773432610851,0.0044616876818622695,0.1536,797
37479P,CUBIC MUG FLOCK PINK ON BROWN,23,125,5.43,70.35,3.06,17,0.028109429350380747,0.4157710217990048,0.004267701260911736,0.1494,839
37481,CUBIC MUG TEATIME CAKES,1,6,6.0,15.3,15.3,1,0.026990692864529472,0.41564781565693354,0.0,0.1475,858
37482B,CUBIC MUG BLUE POLKA DOT,7,1249,178.43,1093.95,156.28,5,0.03867631851085832,0.41806191747610083,0.0011639185257032007,0.1526,807
37482P,CUBIC MUG PINK POLKA DOT,62,636,10.26,621.72,10.03,50,0.032913415436683274,0.41700503034675823,0.011833171677982542,0.1539,794
37483,ENGLISH ROSE MUG IN GIFT BOX,13,142,10.92,230.34,17.72,11,0.0282692488483595,0.41612909174759666,0.0023278370514064014,0.1489,844
37484,ENGLISH ROSE TEA FOR ONE GIFT BOX,1,1,1.0,6.75,6.75,1,0.02694368712982984,0.4156286800980833,0.0,0.1475,858
37485,ENGLISH ROSE TEA SET IN GIFT BOX,16,49,3.06,207.69,12.98,10,0.02739494218294632,0.4160783993022213,0.002909796314258002,0.1488,845
37487B,YELLOW/ORANGE FLOWER DESIGN PLATE,2,68,34.0,19.72,9.86,2,0.027573563974804927,0.4156577079575322,0.00019398642095053346,0.1478,855
37488A,YELLOW PINK FLOWER DESIGN BIG BOWL,6,30,5.0,16.82,2.8,5,0.027216320391087713,0.41565121753406253,0.0009699321047526673,0.1479,854
37489A,YELLOW/PINK FLOWER DESIGN BIG MUG,22,43,1.95,33.93,1.54,21,0.027338535301306758,0.4156895110325337,0.004073714839961203,0.149,843
37489B,BLUE/YELLOW FLOWER DESIGN BIG MUG,17,38,2.24,30.42,1.79,17,0.027291529566607128,0.41568165538205837,0.0031037827352085354,0.1487,846
37489C,GREEN/BLUE FLOWER DESIGN BIG MUG,10,25,2.5,17.55,1.76,10,0.02716931465638808,0.4156528513303152,0.0017458777885548012,0.1482,851
37489D,PINK/GREEN FLOWER DESIGN BIG MUG,21,46,2.19,28.86,1.37,20,0.02736673874212654,0.415678163981847,0.0038797284190106693,0.149,843
37491A,YELLOW/PINK CERAMIC CANDLE HOLDER,5,7,1.4,11.55,2.31,5,0.0270000940114694,0.4156394228679641,0.0007759456838021338,0.1478,855
37491B,BLUE/YELLOW CERAMIC CANDLE HOLDER,5,10,2.0,16.5,3.3,5,0.027028297452289178,0.4156505013494038,0.0007759456838021338,0.1478,855
37491C,GREEN/BLUE CERAMIC CANDLE HOLDER,7,16,2.29,26.4,3.77,7,0.02708470433392874,0.41567265831228306,0.0011639185257032007,0.148,853
37491D,PURPLE/BLUE CERAMIC CANDLE HOLDER,5,14,2.8,23.1,4.62,5,0.027065902040048887,0.41566527265799,0.0007759456838021338,0.1478,855
37492A,YELLOW RED FLOWER PIGGY BANK,11,106,9.64,201.9,18.35,7,0.02793080755852214,0.41606544083605246,0.0019398642095053346,0.1486,847
37492B,BLUE YELLOW FLOWER PIGGY BANK,49,470,9.59,889.5,18.15,33,0.03135282504465545,0.4176043426214874,0.009311348205625606,0.1528,805
37492C,GREEN BLUE FLOWER PIGGY BANK,25,240,9.6,468.0,18.72,19,0.029190561248472312,0.4166609931413233,0.004655674102812803,0.1502,831
37492D,PURPLE GREEN FLOWER PIGGY BANK,25,351,14.04,651.15,26.05,18,0.030234088558804176,0.4170708969545903,0.004655674102812803,0.1507,826
37494A,FAIRY CAKE CERAMIC BUTTER DISH,28,187,6.68,508.45,18.16,18,0.0286923004606562,0.41675152335834026,0.0052376333656644035,0.1502,831
37495,FAIRY CAKE BIRTHDAY CANDLE SET,322,1358,4.22,4843.8,15.04,208,0.03970104352731033,0.4264543707339733,0.06226964112512124,0.1761,574
37500,TEA TIME TEAPOT IN GIFT BOX,224,812,3.62,6026.7,26.9,147,0.03456801729811037,0.4291017920864908,0.04325897187196896,0.169,643
37501,TEA TIME TEA SET IN GIFT BOX,154,421,2.73,2901.95,18.84,106,0.03089216884459904,0.422108360797896,0.02967992240543162,0.1609,724
37502,TEA TIME MUG IN GIFT BOX,151,805,5.33,2297.95,15.22,97,0.03450220926953088,0.4207565622545529,0.029097963142580018,0.1615,718
37503,TEA TIME CAKE STAND IN GIFT BOX,477,2333,4.89,23269.35,48.78,257,0.04886716179373884,0.4676921714794947,0.09233753637245393,0.203,363
37506,NEW ENGLAND MILK JUG W GIFT BOX,22,28,1.27,166.6,7.57,21,0.02719751809720786,0.4159864367158869,0.004073714839961203,0.1491,842
37508,NEW ENGLAND CERAMIC CAKE SERVER,44,87,1.98,221.85,5.04,35,0.027752185766663533,0.4161100904733699,0.00834141610087294,0.1507,826
37509,NEW ENGLAND MUG W GIFT BOX,15,27,1.8,68.85,4.59,15,0.027188116950267932,0.4157676646834171,0.0027158098933074684,0.1486,847
40001, WHITE BAMBOO RIBS LAMPSHADE,84,2107,25.08,1530.76,18.22,39,0.046742502585315406,0.41903953191603077,0.016100872938894277,0.1606,727
40002,WHITE BAMBOO RIBS LAMPSHADE,2,72,36.0,61.2,30.6,1,0.027611168562564632,0.4157505433939194,0.00019398642095053346,0.1479,854
40003,WHITE BAMBOO RIBS LAMPSHADE,55,1111,20.2,1178.15,21.42,34,0.03737896023314844,0.41825036356442774,0.010475266731328807,0.1554,779
40005B,BLUE ORGANDY ROUND LAMPSHADE W BEA,13,33,2.54,28.05,2.16,11,0.027244523831907494,0.41567635113942963,0.0023278370514064014,0.1484,849
40016,CHINESE DRAGON PAPER LANTERNS,197,15301,77.67,4961.12,25.18,133,0.1707812353107079,0.4267169419344783,0.038021338506304556,0.2118,310
40018E,TEA TIME PAPER LANTERNS,48,334,6.96,630.5,13.14,37,0.030074269060825422,0.41702468066333204,0.009117361784675072,0.1521,812
40018F,CHERRY DESIGN PAPERLANTERNS,101,1052,10.42,1977.04,19.57,69,0.03682429256369277,0.42003834094570486,0.019398642095053348,0.1588,745
40046A,RED DAISY PAPER LAMPSHADE,34,321,9.44,387.57,11.4,26,0.029952054150606373,0.41648098460350697,0.006401551891367604,0.1509,824
40046C,PINK BUTTERFLY PAPER LAMPSHADE,3,3,1.0,3.75,1.25,3,0.02696248942370969,0.41562196586690775,0.0003879728419010669,0.1477,856
44089A,PINK GAUZE BUTTERFLY LAMPSHADE,12,39,3.25,16.38,1.36,11,0.027300930713547052,0.4156502327801568,0.002133850630455868,0.1484,849
44089C,LILAC GAUZE BUTTERFLY LAMPSHADE,18,68,3.78,28.56,1.59,14,0.027573563974804927,0.4156774925587295,0.003297769156159069,0.1488,845
44091A,BLUE CRUSOE CHECK LAMPSHADE,6,18,3.0,7.56,1.26,6,0.027103506627808593,0.41563049294050064,0.0009699321047526673,0.1479,854
44091C,MULTICOLOUR CRUSOE CHECK LAMPSHADE,10,48,4.8,20.16,2.02,10,0.02738554103600639,0.41565869271143796,0.0017458777885548012,0.1483,850
44092B,BLUE WHITE PLASTIC RINGS LAMPSHADE,6,15,2.5,12.75,2.12,4,0.027075303186988812,0.4156421085604344,0.0009699321047526673,0.1479,854
44092C,PURPLE/COPPER HANGING LAMPSHADE,8,21,2.62,17.85,2.23,6,0.027131710068628374,0.4156535227534328,0.0013579049466537342,0.148,853
44217M,MULTICOLOUR FEATHERS CURTAIN,5,0,0.0,0.0,0.0,1,0.026934285982889914,0.4156135730779383,0.0007759456838021338,0.1478,855
44228,CANNABIS LEAF BEAD CURTAIN,3,48,16.0,40.8,13.6,3,0.02738554103600639,0.4157048866219257,0.0003879728419010669,0.1478,855
44230,SQUARE MIRROR CURTAIN,48,197,4.1,1356.27,28.26,25,0.028786311930055465,0.41864900985009046,0.009117361784675072,0.1522,811
44234,ASSORTED CIRCULAR MOBILE,45,1154,25.64,221.46,4.92,28,0.03778320955156529,0.41610921762331704,0.008535402521823473,0.1541,792
44235,ASS COL CIRCLE MOBILE ,24,816,34.0,303.84,12.66,16,0.034605621885870075,0.41629359041139746,0.0044616876818622695,0.1518,815
44236,PINK/PURPLE CIRCLE CURTAIN,13,64,4.92,112.32,8.64,9,0.02753595938704522,0.4158649538931507,0.0023278370514064014,0.1486,847
44241C,BLUE BUTTERFLY ON SPRING,7,68,9.71,57.8,8.26,7,0.027573563974804927,0.4157429339319204,0.0011639185257032007,0.1482,851
44242A,LILAC FEATHERS CURTAIN,2,14,7.0,11.98,5.99,2,0.027065902040048887,0.4156403852410993,0.00019398642095053346,0.1476,857
44242B,PINK FEATHERS CURTAIN,8,106,13.25,117.78,14.72,8,0.02793080755852214,0.41587717379389016,0.0013579049466537342,0.1484,849
44265,M/COLOUR POM-POM CURTAIN,4,8,2.0,34.0,8.5,4,0.027009495158409325,0.4156896676979278,0.0005819592628516004,0.1478,855
45008C,DECORATIVE NET CANOPY CREAM,20,68,3.4,541.6,27.08,16,0.027573563974804927,0.41682571561283005,0.0036857419980601356,0.1494,839
45013,FOLDING SHOE TIDY,8,48,6.0,132.0,16.5,8,0.02738554103600639,0.4159089992496623,0.0013579049466537342,0.1482,851
45014,FOLDING SHIRT TIDY,1,1,1.0,4.65,4.65,1,0.02694368712982984,0.4156239801362604,0.0,0.1475,858
45016,DECORATIVE NET CANOPY LEOPARD,9,73,8.11,248.75,27.64,8,0.02762056970950456,0.4161702947462439,0.0015518913676042677,0.1484,849
46000M,POLYESTER FILLER PAD 45x45cm,345,2464,7.14,3819.2,11.07,205,0.05009871204286923,0.4241612369798189,0.06673132880698351,0.1803,540
46000P,POLYESTER FILLER PAD 65CMx65CM,49,209,4.27,888.25,18.13,37,0.028899125693334585,0.4176015450251643,0.009311348205625606,0.1519,814
46000R,POLYESTER FILLER PAD 45x30cm,59,239,4.05,346.55,5.87,42,0.029181160101532388,0.41638917868256664,0.01125121241513094,0.1523,810
46000S,POLYESTER FILLER PAD 40x40cm,374,3381,9.04,4902.45,13.11,240,0.05871956378678199,0.4265856339534553,0.07235693501454898,0.1859,488
46000U,POLYESTER FILLER PAD 30CMx30CM,51,251,4.92,313.75,6.15,39,0.029293973864811508,0.41631576975504736,0.009699321047526674,0.1518,815
46037A,PINK CANVAS DES CUSHION COVER ,2,6,3.0,7.5,3.75,2,0.026990692864529472,0.41563035865587716,0.00019398642095053346,0.1476,857
46115B,GREEN POP ART MAO CUSHION COVER ,22,286,13.0,54.34,2.47,19,0.02962301400770894,0.415735190185298,0.004073714839961203,0.1498,835
46118,FUNKY MONKEY CUSHION COVER,36,324,9.0,275.4,7.65,23,0.029980257591426154,0.4162299394998533,0.006789524733268671,0.151,823
46126A,ELVIS WALLHANGING / CURTAIN,34,297,8.74,371.25,10.92,23,0.029726426624048133,0.416444459185912,0.006401551891367604,0.1509,824
46137D,GREEN CHENILLE SHAGGY RUG,3,43,14.33,126.85,42.28,2,0.027338535301306758,0.41589747315281095,0.0003879728419010669,0.1479,854
46138B,BLUE CHENILLE SHAGGY CUSHION COVER ,21,46,2.19,63.3,3.01,12,0.02736673874212654,0.41575524335574227,0.0038797284190106693,0.149,843
46138D,GREEN CHENILLE SHAGGY C/COVER,1,1,1.0,1.95,1.95,1,0.02694368712982984,0.4156179373282024,0.0,0.1475,858
46307,ROSES BLUE BASE CUSHION COVER ,4,12,3.0,19.8,4.95,4,0.027047099746169034,0.4156578870036969,0.0005819592628516004,0.1478,855
46775A,BUBBLE GUM CHUNKY KNITTED THROW ,5,4,0.8,67.8,13.56,4,0.02697189057064962,0.4157653147025056,0.0007759456838021338,0.1478,855
46775B,BERRIES CHUNKY KNITTED THROW ,4,5,1.25,84.75,21.19,3,0.026981291717589544,0.41580325010864744,0.0005819592628516004,0.1478,855
46775D,SUNSET COLOUR CHUNKY KNITTED THROW,33,51,1.55,864.45,26.2,28,0.027413744476826173,0.4175482787911716,0.006207565470417071,0.1504,829
46775E,CANDY POP CHUNKY KNITTED THROW ,10,15,1.5,254.25,25.42,8,0.027075303186988812,0.41618260417006575,0.0017458777885548012,0.1483,850
46776A,WOVEN BUBBLE GUM CUSHION COVER,20,190,9.5,363.3,18.16,19,0.02872050390147598,0.4164266664732968,0.0036857419980601356,0.1496,837
46776B,WOVEN BERRIES CUSHION COVER ,20,194,9.7,383.1,19.16,16,0.028758108489235688,0.4164709803990554,0.0036857419980601356,0.1496,837
46776C,WOVEN FROST CUSHION COVER,18,102,5.67,238.5,13.25,14,0.027893202970762435,0.4161473544563941,0.003297769156159069,0.1491,842
46776D,WOVEN SUNSET CUSHION COVER ,9,23,2.56,113.85,12.65,7,0.027150512362508226,0.41586837815105027,0.0015518913676042677,0.1482,851
46776E,WOVEN CANDY CUSHION COVER ,11,93,8.45,193.95,17.63,9,0.027808592648303092,0.4160476481234373,0.0019398642095053346,0.1486,847
46776F,WOVEN ROSE GARDEN CUSHION COVER ,17,172,10.12,363.0,21.35,13,0.0285512832565573,0.41642599505017924,0.0031037827352085354,0.1494,839
47013A,WINE BOTTLE DRESSING LT.BLUE,25,141,5.64,39.87,1.59,21,0.028259847701419573,0.41570280521026126,0.004655674102812803,0.1495,838
47013C,WINE BOTTLE DRESSING DARK BLUE,24,126,5.25,31.61,1.32,18,0.02811883049732067,0.41568431869375794,0.0044616876818622695,0.1494,839
47016,LIGHT DECORATION BATTERY OPERATED,5,31,6.2,65.1,13.02,4,0.027225721538027638,0.4157592718944476,0.0007759456838021338,0.1479,854
47021G,SET/6 BEAD COASTERS GAUZE BAG GOLD,46,631,13.72,371.65,8.08,28,0.032866409701983644,0.4164453544167354,0.008729388942774006,0.1527,806
47310M,"SMALL POP BOX,FUNKY MONKEY",82,573,6.99,673.33,8.21,37,0.032321143179467896,0.41712053750374817,0.01571290009699321,0.1551,782
47341A,FUSCHIA TABLE RUN FLOWER ,7,29,4.14,46.25,6.61,7,0.027206919244147785,0.4157170841418946,0.0011639185257032007,0.148,853
47341B,BLUE TABLE RUN FLOWER,14,48,3.43,67.5,4.82,13,0.02738554103600639,0.41576464327938806,0.002521823472356935,0.1486,847
47343A,FUSCHIA FLOWER PURSE WITH BEADS,24,200,8.33,206.26,8.59,21,0.028814515370875246,0.41607519885202765,0.0044616876818622695,0.1498,835
47344B,BLUE FLOWER DES PURSE,10,54,5.4,56.16,5.62,10,0.027441947917645954,0.4157392634855445,0.0017458777885548012,0.1483,850
47347B,BLUE FLOWER T-LIGHT HOLDER,7,236,33.71,169.72,24.25,6,0.029152956660712607,0.41599341951630947,0.0011639185257032007,0.1488,845
47348A,FUSCHIA VOILE POINTY SHOE DEC,16,103,6.44,62.01,3.88,12,0.02790260411770236,0.41575235623633683,0.002909796314258002,0.1489,844
47351B,BLUE  VOILE LAMPSHADE,15,50,3.33,147.5,9.83,11,0.027404343329886244,0.4159436894440693,0.0027158098933074684,0.1487,846
47367B,PAIR PADDED HANGERS PINK CHECK,40,150,3.75,524.1,13.1,35,0.028344458023878912,0.416786549264306,0.007565470417070805,0.1509,824
47369A,PINK GREEN EMBROIDERY COSMETIC BAG,10,22,2.2,64.9,6.49,10,0.0271411112155683,0.41575882427903593,0.0017458777885548012,0.1482,851
47369B,BLUE GREEN EMBROIDERY COSMETIC BAG,10,22,2.2,67.74,6.77,10,0.0271411112155683,0.4157651804178821,0.0017458777885548012,0.1482,851
47420,ASSORTED COLOUR SUCTION CUP HOOK,30,354,11.8,67.26,2.24,23,0.030262291999623953,0.41576410614089404,0.00562560620756547,0.1506,827
47421,ASSORTED COLOUR LIZARD SUCTION HOOK,79,1437,18.19,561.78,7.11,23,0.04044373413556454,0.41687088000787087,0.01513094083414161,0.1575,758
47422,ASSORTED MONKEY SUCTION CUP HOOK,69,1027,14.88,395.34,5.73,28,0.0365892638901946,0.41649837446225163,0.013191076624636276,0.1554,779
47469,ASSORTED SHAPES PHOTO CLIP SILVER ,33,1094,33.15,512.38,15.53,21,0.037219140735169694,0.4167603190011802,0.006207565470417071,0.1534,799
47471,RAINBOW PEGS PHOTO CLIP STRING,41,381,9.29,226.23,5.52,35,0.030516122967001975,0.41611989325088616,0.007759456838021339,0.1515,818
47480,HANGING PHOTO CLIP ROPE LADDER,101,1541,15.26,2416.93,23.93,62,0.041421453417316914,0.42102284866297496,0.019398642095053348,0.1606,727
47481,50CM METAL STRING WITH  7 CLIPS,35,316,9.03,244.12,6.97,31,0.02990504841590674,0.416159932449463,0.006595538312318138,0.1509,824
47502,POLKADOT CUTLERY 24 PCS IN TRAY,64,581,9.08,5931.95,92.69,41,0.03239635235498731,0.4288897342851965,0.012221144519883608,0.1578,755
47503A,ASS FLORAL PRINT MULTI SCREWDRIVER,198,2810,14.19,1371.53,6.93,146,0.05335150888408386,0.4186831629060034,0.038215324927255094,0.1701,632
47503E,ASS FLORAL PRINT SCISSORS,22,6828,310.36,1169.4,53.15,21,0.09112531728870922,0.41823078039016576,0.004073714839961203,0.1711,622
47503F,ASS FLORAL PRINT TORCH,12,2566,213.83,728.3,60.69,11,0.05105762903074175,0.4172435645996548,0.002133850630455868,0.1568,765
47503G,ASS FLORAL PRINT TAPE MEASURE,25,235,9.4,289.19,11.57,21,0.02914355551377268,0.41626080258249026,0.004655674102812803,0.15,833
47503H,ASS FLORAL PRINT SPIRIT LEVEL ,52,146,2.81,189.58,3.65,45,0.028306853436119207,0.41603786772669155,0.009893307468477207,0.1514,819
47503J,SET/3 FLORAL GARDEN TOOLS IN BAG,45,261,5.8,1842.95,40.95,32,0.029387985334210772,0.4197382371929286,0.008535402521823473,0.1526,807
47503K,ASSORTED FLORAL SECATEURS,37,3138,84.81,1289.0,34.84,31,0.0564350850803798,0.41849845440636413,0.006983511154219205,0.1606,727
47504E,ENGLISH ROSE SCISSORS,37,4372,118.16,871.4,23.55,31,0.06803610040424932,0.41756383342672826,0.006983511154219205,0.1642,691
47504F,ENGLISH ROSE TORCH,13,526,40.46,193.1,14.85,12,0.03187928927329134,0.41604574575793757,0.0023278370514064014,0.1501,832
47504G,ENGLISH ROSE TAPE MEASURE,48,255,5.31,314.19,6.55,38,0.029331578452571214,0.4163167545089531,0.009117361784675072,0.1516,817
47504H,ENGLISH ROSE SPIRIT LEVEL ,106,985,9.29,935.83,8.83,81,0.03619441571871768,0.4177080327316084,0.020368574199806012,0.1581,752
47504J,ENGLISH ROSE SET/3 GARDEN TOOLS,4,-1,-0.25,-7.95,-1.99,3,0.026924884835949986,0.4155957803653231,0.0005819592628516004,0.1477,856
47504K,ENGLISH ROSE GARDEN SECATEURS,273,2558,9.37,2740.66,10.04,210,0.05098241985522234,0.4217473813491281,0.052764306498545105,0.1752,582
47505,MINATURE COLOURED GARDENING SET,167,698,4.18,3249.6,19.46,129,0.03349628654695873,0.42288642828728873,0.032201745877788554,0.1629,704
47518F,ICON PLACEMAT POP ART ELVIS,31,900,29.03,144.3,4.65,22,0.03539531822882391,0.415936527597482,0.005819592628516004,0.1524,809
47552A,DOTS IRONING BOARD COVER,12,10,0.83,20.1,1.68,12,0.027028297452289178,0.4156585584268145,0.002133850630455868,0.1483,850
47554,S/3 COLOURS FLOCK TEA TOWELS,1,1,1.0,2.55,2.55,1,0.02694368712982984,0.4156192801744375,0.0,0.1475,858
47556,SET/2 SPOTTY + ROSE TEA TOWELS ,1,1,1.0,2.55,2.55,1,0.02694368712982984,0.4156192801744375,0.0,0.1475,858
47556B,TEA TIME TEA TOWELS ,414,4985,12.04,12960.75,31.31,209,0.07379900347842437,0.4446207303140868,0.08011639185257032,0.1995,387
47559B,TEA TIME OVEN GLOVE,625,4916,7.87,5910.37,9.46,304,0.07315032433956943,0.4288414365822737,0.12104752667313289,0.2077,330
47562,ENGLISH ROSE IRONING BOARD COVER,44,100,2.27,375.8,8.54,17,0.02787440067688258,0.4164546424365282,0.00834141610087294,0.1509,824
47563A,RETRO LONGBOARD IRONING BOARD COVER,63,220,3.49,342.5,5.44,39,0.02900253830967378,0.4163801144704797,0.012027158098933075,0.1525,808
47563B,WAVELINE SURF IRONING BOARD COVER,6,8,1.33,30.0,5.0,6,0.027009495158409325,0.41568071538969376,0.0009699321047526673,0.1479,854
47566,PARTY BUNTING,2120,23184,10.94,102089.38,48.16,894,0.24489047663814986,0.6440974723739601,0.41105722599418043,0.4333,11
47566B,TEA TIME PARTY BUNTING,672,3977,5.92,19764.8,29.41,351,0.06432264736297828,0.4598487185240759,0.13016488845780796,0.2181,280
47567,ENGLISH ROSE DESIGN KITCHEN APRON,2,-2,-1.0,-11.9,-5.95,2,0.026915483689010058,0.415586939960942,0.00019398642095053346,0.1476,857
47567B,TEA TIME KITCHEN APRON,332,2115,6.37,11245.27,33.87,180,0.046817711760834824,0.44078135388174544,0.06420950533462658,0.1839,507
47568,ENGLISH ROSE DESIGN PEG BAG,327,2240,6.85,4433.81,13.56,180,0.04799285512832566,0.42553678152075275,0.0632395732298739,0.1789,551
47569,ENGLISH ROSE DESIGN SHOPPING BAG,2,0,0.0,0.0,0.0,2,0.026934285982889914,0.4156135730779383,0.00019398642095053346,0.1476,857
47570,ENGLISH ROSE TABLE CLOTH,67,207,3.09,2096.55,31.29,47,0.028880323399454733,0.42030581353496793,0.012803103782735208,0.154,793
47570B,TEA TIME TABLE CLOTH,190,926,4.87,8831.58,46.48,129,0.03563974804926201,0.4353793296663783,0.03666343355965083,0.1692,641
47574A,ENGLISH ROSE SCENTED HANGING FLOWER,62,438,7.06,440.5,7.1,44,0.031051988342577795,0.41659944602221416,0.011833171677982542,0.1532,801
47574B,ENGLISH ROSE SCENTED HANGING HEART,28,49,1.75,208.25,7.44,25,0.02739494218294632,0.41607965262537405,0.0052376333656644035,0.1496,837
47578A,ENGLISH ROSE SMALL SCENTED FLOWER,53,280,5.28,238.0,4.49,42,0.02956660712606938,0.4161462354178649,0.01008729388942774,0.1519,814
47579,TEA TIME BREAKFAST BASKET,45,169,3.76,354.9,7.89,37,0.02852307981573752,0.41640786662600526,0.008535402521823473,0.1512,821
47580,TEA TIME DES TEA COSY,270,1512,5.6,3598.36,13.33,158,0.041148820156059036,0.42366698004221637,0.0521823472356935,0.1723,610
47581B,FAIRY CAKE WICKER PICNIC BASKET ,27,32,1.19,408.0,15.11,24,0.027235122684967566,0.4165267085178124,0.00504364694471387,0.1496,837
47583A,SET OF 3 WICKER BASKET ROSE,7,68,9.71,511.9,73.13,5,0.027573563974804927,0.4167592447241921,0.0011639185257032007,0.1485,848
47583B,SET OF 3 WICKER BASKET TEA AND CAKE,6,27,4.5,332.6,55.43,6,0.027188116950267932,0.4163579575076004,0.0009699321047526673,0.1482,851
47585A,PINK FAIRY CAKE CUSHION COVER,85,900,10.59,1755.0,20.65,66,0.03539531822882391,0.41954139831563214,0.016294859359844812,0.1571,762
47586A,PINK FAIRY CAKE CUSHION COVER,28,199,7.11,262.65,9.38,23,0.02880511422393532,0.4162014040173572,0.0052376333656644035,0.1501,832
47587A,PINK FAIRY CAKE COASTER,10,1476,147.6,185.64,18.56,7,0.04081037886622168,0.4160290497030811,0.0017458777885548012,0.1529,804
47589,CONGRATULATIONS BUNTING,77,137,1.78,746.65,9.7,60,0.028222243113659867,0.41728463331367854,0.014742967992240542,0.1534,799
47590A,BLUE HAPPY BIRTHDAY BUNTING,643,4493,6.99,22643.67,35.22,355,0.06917363918398045,0.466291851425523,0.12453928225024248,0.22,270
47590B,PINK HAPPY BIRTHDAY BUNTING,825,5595,6.78,28288.35,34.29,429,0.07953370311177964,0.4789250802361816,0.15984481086323957,0.2394,188
47591A,CAROUSEL DES CHILD'S APRON,37,91,2.46,150.15,4.06,32,0.02778979035442324,0.4159496203482743,0.006983511154219205,0.1502,831
47591B,SCOTTIES DES CHILD'S APRON,138,659,4.78,1036.95,7.51,108,0.03312964181630159,0.4179343470837655,0.026576139670223084,0.1592,741
47591C,BLUE FAIRY CAKE CHILD'S APRON,146,995,6.82,1800.45,12.33,111,0.03628842718811695,0.4196431189179417,0.028128031037827354,0.1614,719
47591D,PINK FAIRY CAKE CHILD'S APRON,1047,9152,8.74,16713.12,15.96,526,0.1129735827770988,0.4530188235261468,0.202909796314258,0.2563,141
47592A,CAROUSEL DES CHILD'S OVERALL,36,194,5.39,407.4,11.32,31,0.028758108489235688,0.4165253656715773,0.006789524733268671,0.1507,826
47592B,SCOTTIES DESIGN CHILD'S OVERALL,18,47,2.61,98.7,5.48,15,0.027376139889066467,0.4158344712836137,0.003297769156159069,0.1488,845
47593A,CAROUSEL DESIGN BABY BIB,44,190,4.32,210.62,4.79,36,0.02872050390147598,0.41608495686800273,0.00834141610087294,0.151,823
47593B,SCOTTIES DESIGN BABY BIB,129,1831,14.19,886.39,6.87,89,0.04414778602989565,0.41759738220183545,0.024830261881668283,0.1622,711
47594A,CAROUSEL DESIGN WASHBAG,85,257,3.02,501.15,5.9,66,0.029350380746451066,0.41673518539581306,0.016294859359844812,0.1541,792
47594B,SCOTTIES DESIGN WASHBAG,96,290,3.02,565.5,5.89,71,0.029660618595468646,0.4168792056545285,0.01842870999030068,0.155,783
47597,NEW ENGLAND TEATOWELS,43,124,2.88,316.2,7.35,34,0.02810002820344082,0.41632125304384077,0.008147429679922406,0.1509,824
47598,NEW ENGLAND EGG WARMER,23,120,5.22,66.0,2.87,17,0.028062423615681113,0.41576128616380026,0.004267701260911736,0.1494,839
47599A,PINK PARTY BAGS,332,5718,17.22,10594.12,31.91,202,0.08069004418539062,0.4393240300050934,0.06420950533462658,0.1947,420
47599B,BLUE PARTY BAGS ,269,3235,12.03,6132.58,22.8,170,0.0573469963335527,0.42933875968544627,0.051988360814742965,0.1796,545
48103,DOOR MAT KISS MY.......,10,35,3.5,201.73,20.17,10,0.027263326125787347,0.41606506036295254,0.0017458777885548012,0.1484,849
48111,DOOR MAT 3 SMILEY CATS,576,4047,7.03,23312.07,40.47,244,0.06498072764877315,0.46778778213143446,0.11154219204655674,0.2148,294
48116,DOOR MAT MULTICOLOUR STRIPE,387,3307,8.55,18787.76,48.55,186,0.05802387891322741,0.4576620277148244,0.07487875848690592,0.1969,402
48129,DOOR MAT TOPIARY,495,3045,6.15,18593.61,37.56,251,0.05556077841496663,0.4572275050539137,0.09582929194956354,0.2029,364
48138,DOOR MAT UNION FLAG,1528,9828,6.43,63910.54,41.83,678,0.11932875810848924,0.5586502864492446,0.2962172647914646,0.3247,53
48173A,DOOR MAT BLUE FLOCK,1,1,1.0,6.75,6.75,1,0.02694368712982984,0.4156286800980833,0.0,0.1475,858
48173C,DOOR MAT BLACK FLOCK ,464,4027,8.68,22493.28,48.48,225,0.06479270470997461,0.46595526701669293,0.08981571290009699,0.2069,336
48175,DOOR MAT CAMOUFLAGE,1,38,38.0,152.0,152.0,1,0.027291529566607128,0.41595376079083257,0.0,0.1477,856
48179,DOOR MAT SWEET HOME,6,28,4.67,131.25,21.88,6,0.02719751809720786,0.41590732069186837,0.0009699321047526673,0.148,853
48184,DOOR MAT ENGLISH ROSE ,760,4592,6.04,29556.16,38.89,374,0.07010435273103319,0.4817625367117375,0.1472356935014549,0.233,212
48185,DOOR MAT FAIRY CAKE,748,5708,7.63,34786.0,46.51,318,0.08059603271599135,0.49346732163544166,0.1449078564500485,0.2397,185
48187,DOOR MAT NEW ENGLAND,1159,7089,6.12,43905.83,37.88,525,0.09357901664003009,0.5138782039359987,0.22463627546071774,0.2774,104
48188,DOOR MAT WELCOME PUPPIES,603,4748,7.87,26928.42,44.66,309,0.07157093165366174,0.47588145210199523,0.11677982541222115,0.2214,264
48189,DOOR MAT FRIENDSHIP ,208,1216,5.85,6966.24,33.49,152,0.038366080661840746,0.43120455500604793,0.04015518913676043,0.1699,634
48194,DOORMAT HEARTS,1148,7417,6.46,44612.29,38.86,516,0.09666259283632603,0.5154593158547572,0.2225024248302619,0.2782,102
48195,DOOR MAT GREEN PAISLEY ,75,249,3.32,1382.11,18.43,57,0.029275171570931655,0.4187068417612825,0.014354995150339476,0.1541,792
48197,DOOR MAT BIRD ON THE WIRE,137,785,5.73,4437.95,32.39,81,0.03431418633073235,0.42554604715977506,0.026382153249272552,0.1621,712
51008,AFGHAN SLIPPER SOCK PAIR,77,2218,28.81,7197.1,93.47,44,0.04778602989564727,0.43172123747577673,0.014742967992240542,0.1648,685
51012C,"FEATHER DUSTER, COAL BLACK",29,167,5.76,208.75,7.2,23,0.028504277521857666,0.4160807716639033,0.005431619786614937,0.15,833
51012L,"FEATHER DUSTER, LIGHT PINK",7,9,1.29,11.25,1.61,6,0.027018896305349253,0.4156387514448466,0.0011639185257032007,0.1479,854
51014A,"FEATHER PEN,HOT PINK",251,5853,23.32,3622.01,14.43,162,0.08195919902228072,0.4237199105646503,0.04849660523763336,0.1847,499
51014C,"FEATHER PEN,COAL BLACK",182,3613,19.85,2176.57,11.96,108,0.060900629876844976,0.42048490446119036,0.035111542192046555,0.1722,611
51014L,"FEATHER PEN,LIGHT PINK",169,3034,17.95,1846.68,10.93,111,0.05545736579862743,0.4197465852203568,0.032589718719689624,0.1693,640
51020A,SUMMER FUN DESIGN SHOWER CAP,50,1300,26.0,461.48,9.23,37,0.039155777004794584,0.4166464008789018,0.009505334626576139,0.1551,782
51020B,STRIPY DESIGN SHOWER CAP,62,1082,17.45,487.54,7.86,40,0.03710632697189057,0.4167047251670467,0.011833171677982542,0.1552,781
62018,SOMBRERO ,123,9548,77.63,12413.8,100.93,70,0.11669643696530976,0.443396614066932,0.023666343355965083,0.1946,421
62043B,BLUE CHECK BAG W HANDLE 34X20CM,11,53,4.82,74.33,6.76,8,0.027432546770706025,0.4157799293456977,0.0019398642095053346,0.1484,849
62074B,ELEPHANT CLIP W SUCTION CUP,11,34,3.09,14.28,1.3,8,0.02725392497884742,0.4156455328183339,0.0019398642095053346,0.1483,850
62086A,PINK RETRO BIG FLOWER BAG,22,110,5.0,214.5,9.75,20,0.027968412146281846,0.4160936406069898,0.004073714839961203,0.1494,839
62094B,TURQ ICE CREAM BUM BAG ,27,251,9.3,405.05,15.0,20,0.029293973864811508,0.4165201061904898,0.00504364694471387,0.1503,830
62095B,TURQOISE ICE CREAM SUNHAT,19,289,15.21,304.09,16.0,18,0.02965121744852872,0.4162941499306621,0.0034917555771096023,0.1498,835
62096A,PINK/YELLOW FLOWERS HANDBAG,52,337,6.48,439.45,8.45,47,0.0301024725016452,0.41659709604130274,0.009893307468477207,0.1522,811
62096B,PURPLE/TURQ FLOWERS HANDBAG,47,209,4.45,278.75,5.93,42,0.028899125693334585,0.41623743705799937,0.008923375363724539,0.1514,819
62097A,PINK STRIPES SHOULDER BAG,1,1,1.0,2.95,2.95,1,0.02694368712982984,0.4156201754052609,0.0,0.1475,858
62097B,BLUE STRIPES SHOULDER BAG,4,11,2.75,13.37,3.34,3,0.027037698599229106,0.4156434961682106,0.0005819592628516004,0.1478,855
70006,LOVE HEART POCKET WARMER,178,4182,23.49,3493.06,19.62,141,0.06624988248566326,0.42343131052795474,0.03433559650824442,0.1747,586
70007,HI TEC ALPINE HAND WARMER,106,1077,10.16,1095.09,10.33,87,0.03705932123719094,0.4180644688839475,0.020368574199806012,0.1585,748
71028B,SILVER BLUE EGG T-LIGHT HOLDER,8,483,60.38,189.89,23.74,7,0.031475039954874495,0.4160385615305797,0.0013579049466537342,0.1496,837
71038,WHITE HANGING BEADS CANDLE HOLDER,153,704,4.6,3718.4,24.3,86,0.03355269342859829,0.42393563881232055,0.029485935984481085,0.1623,710
71050,SMALL SINGLE FLAME CANDLE HOLDER,8,51,6.38,17.85,2.23,7,0.027413744476826173,0.4156535227534328,0.0013579049466537342,0.1481,852
71053,WHITE METAL LANTERN,631,4285,6.79,15260.29,24.18,293,0.0672182006204757,0.4497672780332244,0.12221144519883609,0.2131,303
71101A,ANGEL ON KNEES METAL POLE 100CM H,1,6,6.0,5.1,5.1,1,0.026990692864529472,0.4156249872709367,0.0,0.1475,858
71101E,STANDING FAIRY POLE SUPPORT ,49,774,15.8,623.58,12.73,34,0.034210773714393156,0.41700919317008706,0.009311348205625606,0.1535,798
71143,SILVER BOOK MARK WITH BEADS,13,78,6.0,66.3,5.1,10,0.027667575444204194,0.4157619575869178,0.0023278370514064014,0.1486,847
71215,METAL BASE FOR CANDLES,12,177,14.75,68.1,5.68,10,0.028598288991256934,0.41576598612562315,0.002133850630455868,0.1488,845
71270,PHOTO CLIP LINE,55,320,5.82,401.21,7.29,29,0.02994265300366645,0.4165115119745851,0.010475266731328807,0.1523,810
71279,PINK GLASS CANDLEHOLDER,61,239,3.92,695.45,11.4,34,0.029181160101532388,0.4171700437682826,0.011639185257032008,0.1527,806
71403,"PINK/WHITE ""KEEP CLEAN"" BULLET BIN",28,125,4.46,368.75,13.17,20,0.028109429350380747,0.4164388639932657,0.0052376333656644035,0.1499,834
71406C,BLACK ORANGE SQUEEZER,31,206,6.65,86.52,2.79,21,0.028870922252514808,0.41580721150504096,0.005819592628516004,0.1502,831
71434B,"BLACK RND BULLET""KEEP CLEAN"" BIN",1,1,1.0,2.55,2.55,1,0.02694368712982984,0.4156192801744375,0.0,0.1475,858
71459,HANGING JAM JAR T-LIGHT HOLDER,921,31341,34.03,24416.04,26.51,446,0.3215756322271317,0.4702585520617233,0.1784675072744908,0.3234,55
71477,COLOUR GLASS. STAR T-LIGHT HOLDER,768,12296,16.01,36133.1,47.05,303,0.14253078875622827,0.4964822352409673,0.14878758486905916,0.2626,128
71495A,CD WALL TIDY BLUE OFFICE,10,212,21.2,77.52,7.75,5,0.028927329134154366,0.41578706881151434,0.0017458777885548012,0.1488,845
71495B,CD WALL TIDY RED FLOWERS,12,288,24.0,106.56,8.88,8,0.029641816301588794,0.41585206256929363,0.002133850630455868,0.1492,841
71496A,A4 WALL TIDY BLUE OFFICE,8,228,28.5,124.44,15.56,8,0.029077747485193192,0.41589207938709993,0.0013579049466537342,0.1488,845
71496B,A4 WALL TIDY RED FLOWERS,6,15,2.5,8.67,1.44,6,0.027075303186988812,0.41563297720603565,0.0009699321047526673,0.1479,854
71510,SQUARE METAL CANDLEHOLDER BASE,17,177,10.41,112.05,6.59,11,0.028598288991256934,0.41586434961234486,0.0031037827352085354,0.1492,841
72008,FROSTED BOX 9 WHITE T-LIGHT CANDLES,199,3698,18.58,1470.0,7.39,135,0.06169972736673874,0.4189035463539554,0.038409311348205626,0.173,603
72023F,RED ORGANIC CANDLE IN GLASS,40,613,15.32,627.05,15.68,34,0.032697189057064965,0.4170169592974801,0.007565470417070805,0.1524,809
72024U,LILAC VOTIVE CANDLE,10,218,21.8,45.78,4.58,10,0.028983736015793928,0.4157160322456771,0.0017458777885548012,0.1488,845
72038P,PRICE'S CANDLE PEACH,10,1000,100.0,106.0,10.6,9,0.03633543292281658,0.4158508092461409,0.0017458777885548012,0.1513,820
72045D,ROSES ON BLUE TEACUP CANDLE ,4,32,8.0,54.08,13.52,3,0.027235122684967566,0.41573460828526276,0.0005819592628516004,0.1479,854
72051S,BAG OF SILVER STONES,20,141,7.05,59.22,2.96,18,0.028259847701419573,0.41574611200134354,0.0036857419980601356,0.1492,841
72083A,STRAWBERY SWIRL FLARE CANDLE,7,24,3.43,50.4,7.2,7,0.02715991350944815,0.41572637216168745,0.0011639185257032007,0.148,853
72084B,CHOCOLATE ICE CREAM CANDLE,1,2,2.0,3.9,3.9,1,0.026953088276769767,0.41562230157846647,0.0,0.1475,858
72122,COFFEE SCENT PILLAR CANDLE,97,531,5.47,504.45,5.2,80,0.031926295007990976,0.4167425710501062,0.01862269641125121,0.1558,775
72127,COLUMBIAN CANDLE ROUND ,62,357,5.76,428.39,6.91,49,0.030290495440443734,0.41657234290903555,0.011833171677982542,0.1529,804
72128,COLUMBIAN CANDLE ROUND,81,686,8.47,397.46,4.91,61,0.03338347278367961,0.41650311918561567,0.015518913676042677,0.1551,782
72129,COLUMBIAN CANDLE ROUND ,17,73,4.29,47.45,2.79,16,0.02762056970950456,0.41571976983436487,0.0031037827352085354,0.1488,845
72130,COLUMBIAN CANDLE ROUND,52,741,14.25,291.57,5.61,39,0.03390053586537558,0.4162661292058895,0.009893307468477207,0.1534,799
72131,COLUMBIAN CANDLE RECTANGLE,58,730,12.59,657.18,11.33,42,0.03379712324903638,0.41708439255925317,0.011057225994180407,0.154,793
72132,COLUMBIAN CUBE CANDLE,27,548,20.3,460.2,17.04,22,0.03208611450596973,0.41664353614026695,0.00504364694471387,0.1513,820
72133,COLUMBIAN CANDLE RECTANGLE,29,99,3.41,102.87,3.55,24,0.027864999529942654,0.4158438040649477,0.005431619786614937,0.1497,836
72134,COLUMBIAN  CUBE CANDLE ,21,320,15.24,109.16,5.2,15,0.02994265300366645,0.4158578815696458,0.0038797284190106693,0.1499,834
72140E,BEST DAD CANDLE LETTERS,28,215,7.68,152.51,5.45,26,0.028955532574974147,0.4159549022101324,0.0052376333656644035,0.15,833
72140F,HAPPY ANNIVERSARY CANDLE LETTERS,15,175,11.67,69.18,4.61,14,0.02857948669737708,0.41576840324884634,0.0027158098933074684,0.149,843
72225C,LAVENDER SCENT CAKE CANDLE,36,1829,50.81,440.17,12.23,25,0.044128983736015794,0.4165987074567849,0.006789524733268671,0.1558,775
72225D,VANILLA SCENT CAKE CANDLE ,10,960,96.0,218.88,21.89,9,0.03595938704521952,0.41610344338450606,0.0017458777885548012,0.1513,820
72232,FENG SHUI PILLAR CANDLE,119,6268,52.67,1190.92,10.01,72,0.08586067500235028,0.41827894380846503,0.02289039767216295,0.1757,578
72267,PREMIUM CHURCH CANDLE,41,247,6.02,479.34,11.69,38,0.0292563692770518,0.41668637293516686,0.007759456838021339,0.1512,821
72349B,SET/6 PURPLE BUTTERFLY T-LIGHTS,242,1902,7.86,3708.84,15.33,123,0.04481526746263044,0.4239142427956411,0.046750727449078565,0.1718,615
72351A,SET/6 TURQUOISE BUTTERFLY T-LIGHTS,361,3612,10.01,6968.56,19.3,175,0.06089122872990505,0.4312097473448237,0.06983511154219205,0.1873,475
72351B,SET/6 PINK  BUTTERFLY T-LIGHTS,440,5554,12.62,10558.04,24.0,208,0.07914825608724264,0.4392432801848222,0.08516003879728419,0.2012,375
72369A,PINK CLEAR GLASS CANDLE PLATE,9,53,5.89,66.25,7.36,8,0.027432546770706025,0.4157618456830649,0.0015518913676042677,0.1482,851
72484,ROSES IN WHITE HEART CANDLE ,56,1805,32.23,958.21,17.11,45,0.04390335620945755,0.417758120896178,0.01066925315227934,0.1574,759
72487,ROSES WHITE ROUND CANDLE,13,826,63.54,351.62,27.05,13,0.03469963335526934,0.4164005257332533,0.0023278370514064014,0.1511,822
72529W,WHITE ADVENT CANDLE,41,369,9.0,704.02,17.17,39,0.030403309203722854,0.41718922408867404,0.007759456838021339,0.1518,815
72586,"S/6 HALLOWEEN GHOST T LIGHTS, 5CM H",109,2160,19.82,907.2,8.32,95,0.047240763373131524,0.41764395658542314,0.020950533462657614,0.1619,714
72598,SET/12 TAPER CANDLES,93,1020,10.97,796.44,8.56,74,0.036523455861615116,0.417396067170422,0.017846750727449078,0.1573,760
72606A,BROWN ANTIQUE CUBE CANDLE,18,226,12.56,94.92,5.27,18,0.02905894519131334,0.41582601135233255,0.003297769156159069,0.1494,839
72708,SCULPTED ROUND IVORY CANDLE ,5,44,8.8,9.24,1.85,5,0.027347936448246686,0.415634252909959,0.0007759456838021338,0.1479,854
72709,IVORY SCULPTED RND CANDLE ,13,74,5.69,62.9,4.84,10,0.027629970856444485,0.4157543481249189,0.0023278370514064014,0.1486,847
72715,SPHERICAL IVORY CANDLE ,12,82,6.83,34.44,2.87,8,0.0277051800319639,0.41569065245183356,0.002133850630455868,0.1485,848
72724,SET/6 CHRISTMAS ICICLE T-LIGHTS,10,34,3.4,42.5,4.25,9,0.02725392497884742,0.4157086913529252,0.0017458777885548012,0.1482,851
72728,ROSE SCENT CANDLES IN GLASS,51,614,12.04,498.5,9.77,44,0.03270659020400489,0.416729254491608,0.009699321047526674,0.153,803
72739B,WHITE CHOCOLATE SCENT CANDLE,10,351,35.1,244.35,24.44,10,0.030234088558804176,0.4161604472071865,0.0017458777885548012,0.1494,839
72739C,DARK CHOCOLATE SCENTCANDLE,13,266,20.46,188.5,14.5,11,0.029434991068910406,0.41603545060346836,0.0023278370514064014,0.1493,840
72740A,LARGE STRAWBERRY CHOCOLATE CANDLE,5,56,11.2,94.7,18.94,5,0.027460750211525806,0.41582551897537967,0.0007759456838021338,0.148,853
72741,GRAND CHOCOLATECANDLE,842,19222,22.83,25806.1,30.65,510,0.20764313246216037,0.4733696134576827,0.16314258001939863,0.2814,95
72750A,"F.FAIRY S/3 CANDLE/GLASS,LILY/VALLY",17,381,22.41,762.95,44.88,13,0.030516122967001975,0.41732111396973237,0.0031037827352085354,0.1503,830
72750B,"F.FAIRY S/3 CANDLE/GLASS,LAVENDER",41,477,11.63,998.15,24.35,31,0.03141863307323493,0.41784750969389506,0.007759456838021339,0.1523,810
72750C,"F.FAIRY S/3 CANDLE/GLASS, ROSE",15,232,15.47,476.4,31.76,12,0.0291153520729529,0.41667979298861485,0.0027158098933074684,0.1495,838
72750D,F.FAIRY S/3 CANDLE/GLASS,11,110,10.0,226.5,20.59,11,0.027968412146281846,0.41612049753169195,0.0019398642095053346,0.1487,846
72751A,"F.FAIRY S/3 SML CANDLE,LILY/VALLEY",1,1,1.0,5.95,5.95,1,0.02694368712982984,0.41562688963643646,0.0,0.1475,858
72751B,"F.FAIRY S/3 SML CANDLE, LAVENDER",1,1,1.0,5.95,5.95,1,0.02694368712982984,0.41562688963643646,0.0,0.1475,858
72751C,"F.FAIRY S/3 SML CANDLE, ROSE",1,1,1.0,5.95,5.95,1,0.02694368712982984,0.41562688963643646,0.0,0.1475,858
72752A,"F.FAIRY,CANDLE IN GLASS,LILY/VALLEY",1,1,1.0,4.25,4.25,1,0.02694368712982984,0.415623084905437,0.0,0.1475,858
72752B,"F.FAIRY,CANDLE IN GLASS,LAVENDER",2,3,1.5,12.75,6.38,2,0.02696248942370969,0.4156421085604344,0.00019398642095053346,0.1476,857
72753A,S/3 FLWR FAIRY LILLY CANDLES,11,312,28.36,666.9,60.63,10,0.029867443828147034,0.41710614666826196,0.0019398642095053346,0.1496,837
72753B,S/3 FLWR FAIRY LAVENDER CANDLES,13,444,34.15,949.95,73.07,11,0.031108395224217354,0.41773963437967465,0.0023278370514064014,0.1504,829
72753C,S/3 FLWR FAIRY ROSE CANDLES,5,42,8.4,99.9,19.98,5,0.027329134154366833,0.4158371569760839,0.0007759456838021338,0.148,853
72753D,S/3 FLWR FAIRY SUMMER CANDLES,11,128,11.64,268.8,24.44,9,0.028137632791200528,0.4162151681912671,0.0019398642095053346,0.1488,845
72754A,FLOWER FAIRY POTPOURRI CUSHION LILY,5,292,58.4,201.24,40.25,4,0.0296794208893485,0.41606396370519383,0.0007759456838021338,0.1488,845
72754B,F FAIRY POTPOURRI CUSHIONS LAVENDER,8,170,21.25,137.54,17.19,8,0.028532480962677447,0.4159213981965665,0.0013579049466537342,0.1486,847
72754D,F FAIRY POTPOURRI CUSHIONS SUMMER,1,1,1.0,1.69,1.69,1,0.02694368712982984,0.4156173554281672,0.0,0.1475,858
72755C,FLOWER FAIRY OIL BURNER SET ROSE,14,577,41.21,736.25,52.59,12,0.0323587477672276,0.41726135731227,0.002521823472356935,0.1507,826
72755D,FLOWER FAIRY OIL BURNER SET SUMMER,13,533,41.0,693.25,53.33,12,0.031945097301870826,0.41716511999875383,0.0023278370514064014,0.1505,828
72756,FAIRY CAKE CANDLES,129,3969,30.77,5395.41,41.82,114,0.06424743818745887,0.42768891642022083,0.024830261881668283,0.1723,610
72760B,VINTAGE CREAM 3 BASKET CAKE STAND,451,1612,3.57,15002.26,33.26,302,0.042088934850051704,0.4491897870098158,0.08729388942774007,0.1929,435
72771B,BURG FLOCK GOLD CUP/CANDLE ,7,115,16.43,48.3,6.9,6,0.02801541788098148,0.41572167219986456,0.0011639185257032007,0.1483,850
72771C,BLACK FLOCK GOLD CANDLE,4,49,12.25,20.58,5.14,4,0.02739494218294632,0.4156596327038025,0.0005819592628516004,0.1479,854
72772,SET/4 SCENTED CANDLES IN RAMEKINS,8,454,56.75,592.5,74.06,8,0.03120240669361662,0.41693963373510845,0.0013579049466537342,0.1498,835
72779,SET/6 BLACK ROSE T-LIGHT CANDLES,15,48,3.2,81.12,5.41,14,0.02738554103600639,0.41579512588892503,0.0027158098933074684,0.1486,847
72780,BLACK SILOUETTE CANDLE PLATE,44,501,11.39,407.13,9.25,36,0.031644260599793174,0.41652476139077155,0.00834141610087294,0.1522,811
72781,BLACK SILOUETTE CANDLE PLATE ,15,114,7.6,214.8,14.32,11,0.02800601673404155,0.41609431203010727,0.0027158098933074684,0.1489,844
72783,BLACK SIL'T SQU CANDLE PLATE ,7,40,5.71,84.0,12.0,7,0.02731033186048698,0.41580157155085357,0.0011639185257032007,0.1481,852
72785A,S/4 CONTEMPORY PINK ROSEBUD CANDLES,4,8,2.0,16.8,4.2,4,0.027009495158409325,0.41565117277252134,0.0005819592628516004,0.1477,856
72785B,S/4 CONTEMPORY RED ROSEBUD CANDLES,3,9,3.0,10.9,3.63,3,0.027018896305349253,0.4156379681178761,0.0003879728419010669,0.1477,856
72789,BASKET/8 SCENTED LOVE TOKEN CANDLES,46,111,2.41,416.25,9.05,42,0.027977813293221774,0.4165451726535452,0.008729388942774006,0.1511,822
72793,BLACK BOX MIRROR LANTERN,11,54,4.91,262.8,23.89,5,0.027441947917645954,0.416201739728916,0.0019398642095053346,0.1485,848
72796A,S/3 ENGLISH LAVENDER SQU CANDLE,6,11,1.83,18.15,3.02,5,0.027037698599229106,0.4156541941765503,0.0009699321047526673,0.1479,854
72796B,S/3 FRENCH VANILLA SQU CANDLE,12,26,2.17,42.9,3.58,11,0.027178715803328007,0.41570958658374857,0.002133850630455868,0.1483,850
72796C,S/3 ROSE GARDEN SCENT SQU CANDLE,1,1,1.0,1.65,1.65,1,0.02694368712982984,0.41561726590508485,0.0,0.1475,858
72798C,SET/4 GARDEN ROSE DINNER CANDLE,11,24,2.18,39.6,3.6,10,0.02715991350944815,0.4157022009294555,0.0019398642095053346,0.1483,850
72799A,BLACK PILLAR CANDLE SILVER FLOCK,18,612,34.0,877.8,48.77,14,0.032687787910125034,0.41757815711990276,0.003297769156159069,0.1512,821
72799B,PURPLE PILLAR CANDLE BLACK FLOCK,9,313,34.78,413.35,45.93,7,0.029876844975086962,0.4165386822300755,0.0015518913676042677,0.1493,840
72799C,PINK PILLAR CANDLE SILVER FLOCK,39,452,11.59,670.28,17.19,32,0.031183604399736768,0.4171137113687197,0.007371483996120271,0.1519,814
72799D,BLUE PILLAR CANDLE SILVER FLOCK,14,65,4.64,182.15,13.01,12,0.027545360533985146,0.41602123881414677,0.002521823472356935,0.1487,846
72799E,IVORY PILLAR CANDLE SILVER FLOCK,134,1126,8.4,2225.14,16.61,105,0.037519977437247345,0.4205936078639224,0.02580019398642095,0.1613,720
72799F,IVORY PILLAR CANDLE GOLD FLOCK,76,1065,14.01,1846.95,24.3,62,0.036946507473911816,0.41974718950116263,0.014548981571290009,0.1571,762
72800A,S/4 BLACK DINNER CANDLE SILVER FLOC,34,661,19.44,676.71,19.9,19,0.03314844411018144,0.417128102204206,0.006401551891367604,0.1522,811
72800B,S/4 PURPLE DINNER CANDLE BLK FLOCK,81,958,11.83,1150.18,14.2,52,0.03594058475133966,0.41818776454910106,0.015518913676042677,0.1565,768
72800C,S/4 PINK DINNER CANDLE SILVER FLOCK,68,646,9.5,854.38,12.56,49,0.03300742690608254,0.4175257413551924,0.012997090203685741,0.1545,788
72800D,S/4 BLUE DINNER CANDLE SILVER FLOCK,77,617,8.01,951.75,12.36,50,0.03273479364482467,0.41774366291837994,0.014742967992240542,0.1551,782
72800E,4 IVORY DINNER CANDLES SILVER FLOCK,235,1256,5.34,2190.72,9.32,139,0.03874212653943781,0.4205165732515683,0.04539282250242483,0.1682,651
72800F,4 IVORY DINNER CANDLES GOLD FLOCK,64,816,12.75,1029.72,16.09,51,0.034605621885870075,0.4179181657866324,0.012221144519883608,0.1549,784
72801C,S/4 ROSE PINK DINNER CANDLES,48,681,14.19,479.01,9.98,40,0.033336467048979974,0.4166856343697376,0.009117361784675072,0.153,803
72801D,S/4 SKY BLUE DINNER CANDLES,47,520,11.06,366.56,7.8,33,0.031822882391651784,0.41643396260450755,0.008923375363724539,0.1524,809
72801E,S/4 FESTIVE GREEN DINNER CANDLES,23,768,33.39,402.24,17.49,19,0.034154366832753594,0.41651381719395536,0.004267701260911736,0.1516,817
72801F,S/4 FESTIVE RED DINNER CANDLES,25,234,9.36,292.5,11.7,20,0.029134154366832754,0.4162682106175539,0.004655674102812803,0.15,833
72801G,S/4 BURGUNDY WINE DINNER CANDLES,53,1306,24.64,756.02,14.26,43,0.039212183886434146,0.4173056040957168,0.01008729388942774,0.1555,778
72802A,ROSE SCENT CANDLE IN JEWELLED BOX,179,871,4.87,3572.19,19.96,113,0.03512268496756604,0.42360840956559503,0.03452958292919495,0.1644,689
72802B,OCEAN SCENT CANDLE IN JEWELLED BOX,198,1074,5.42,3389.38,17.12,120,0.03703111779637116,0.4231992666985279,0.038215324927255094,0.1661,672
72802C,VANILLA SCENT CANDLE JEWELLED BOX,241,1634,6.78,5141.28,21.33,145,0.042295760082730095,0.42712015389734037,0.04655674102812803,0.172,613
72803A,ROSE SCENT CANDLE JEWELLED DRAWER,95,711,7.48,1481.19,15.59,62,0.03361850145717778,0.41892859043624014,0.018234723569350145,0.1569,764
72803B,OCEAN SCENT CANDLE JEWELLED DRAWER,38,86,2.26,365.5,9.62,29,0.027742784619723605,0.41643159024282556,0.007177497575169738,0.1505,828
72805,VANILLA CANDLE IN EMBOSSED ZINC POT,3,10,3.33,16.9,5.63,3,0.027028297452289178,0.4156513965802272,0.0003879728419010669,0.1477,856
72807A,SET/3 ROSE CANDLE IN JEWELLED BOX,149,798,5.36,3248.06,21.8,97,0.034436401240951396,0.4228829816486186,0.02870999030067895,0.162,713
72807B,SET/3 OCEAN SCENT CANDLE JEWEL BOX,177,937,5.29,3808.01,21.51,115,0.0357431606656012,0.42413619289753407,0.03414161008729389,0.1647,686
72807C,SET/3 VANILLA SCENTED CANDLE IN BOX,257,1689,6.57,6798.53,26.45,166,0.04281282316442606,0.4308292071025644,0.049660523763336566,0.1744,589
72811,SMALL ZINC/GLASS CANDLEHOLDER,20,441,22.05,328.77,16.44,18,0.031080191783397576,0.41634938567246627,0.0036857419980601356,0.1504,829
72812,LARGE ZINC/GLASS CANDLEHOLDER,16,78,4.88,175.98,11.0,14,0.027667575444204194,0.41600742987869577,0.002909796314258002,0.1489,844
72814,SET/3 CHRISTMAS BRIAR CANDLES,51,257,5.04,925.35,18.14,43,0.029350380746451066,0.41768457768403516,0.009699321047526674,0.1522,811
72815,3 WICK CHRISTMAS BRIAR CANDLE ,63,252,4.0,945.0,15.0,53,0.029303375011751433,0.417728555898235,0.012027158098933075,0.153,803
72816,SET/3 CHRISTMAS DECOUPAGE CANDLES,76,1178,15.5,1263.32,16.62,65,0.03800883707812353,0.4184409805875015,0.014548981571290009,0.157,763
72817,SET/2 CHRISTMAS DECOUPAGE CANDLES,125,1213,9.7,1163.09,9.3,97,0.038337877221020965,0.4182166581239265,0.02405431619786615,0.1602,731
72818,CHRISTMAS DECOUPAGE CANDLE,113,2305,20.4,1180.39,10.45,82,0.04860392967942089,0.41825537685703884,0.021726479146459747,0.1629,704
72819,CUPID DESIGN SCENTED CANDLES,66,660,10.0,1015.1,15.38,59,0.033139042963241515,0.4178854451000369,0.012609117361784675,0.1545,788
72821,CUPID SCENTED CANDLE IN GLASS,16,58,3.62,95.7,5.98,13,0.02747955250540566,0.4158277570524382,0.002909796314258002,0.1487,846
75011,BLUE DAISY MOBILE,15,181,12.07,172.51,11.5,11,0.02863589357901664,0.41599966375130276,0.0027158098933074684,0.1491,842
75013B,"STRING OF 8 BUTTERFLIES,PINK",63,359,5.7,568.35,9.02,49,0.030309297734323587,0.41688558417414534,0.012027158098933075,0.1531,802
75049L,LARGE CIRCULAR MIRROR MOBILE,293,12663,43.22,11364.75,38.79,106,0.14598100968318134,0.44104875932869686,0.05664403491755577,0.2146,295
75131,METAL TUBE CHIME ON BAMBOO,62,1210,19.52,1526.26,24.62,40,0.038309673780201184,0.41902946056926743,0.011833171677982542,0.1564,769
75149N,STRING CRYSTALS NATURAL,25,272,10.88,340.0,13.6,18,0.029491397950549968,0.4163745192778334,0.004655674102812803,0.1502,831
75172,PAINTED SEA SHELL METAL WINDCHIME,11,97,8.82,100.31,9.12,11,0.0278461972360628,0.4158380745876779,0.0019398642095053346,0.1485,848
75178,ASSTD COL BUTTERFLY/CRYSTAL W/CHIME,16,475,29.69,235.19,14.7,11,0.031399830779355084,0.41613994642133045,0.002909796314258002,0.1501,832
77079,DOLPHIN WINDMILL,11,62,5.64,131.44,11.95,10,0.027517157093165365,0.41590774592650953,0.0019398642095053346,0.1485,848
77081,FLOWER WINDMILL,19,218,11.47,254.26,13.38,18,0.028983736015793928,0.4161826265508363,0.0034917555771096023,0.1496,837
77101A,UNION FLAG WINDSOCK,70,1052,15.03,1180.48,16.86,55,0.03682429256369277,0.41825557828397414,0.01338506304558681,0.1562,771
78026,SEAGRASS S/3 SQU LAUNDRY BOX,1,11,11.0,110.0,110.0,1,0.027037698599229106,0.41585976155437493,0.0,0.1476,857
78027,SEAGRASS S/2 CORNER LAUNDRY ,3,4,1.33,51.9,17.3,3,0.02697189057064962,0.4157297292772752,0.0003879728419010669,0.1477,856
78033,FLAG OF ST GEORGE CHAIR,16,70,4.38,334.9,20.93,13,0.02759236626868478,0.416363105084835,0.002909796314258002,0.149,843
78034B,BLUE NETTING STORAGE HANGER,10,15,1.5,29.25,2.92,9,0.027075303186988812,0.4156790368318999,0.0017458777885548012,0.1482,851
78056,CAMOUFLAGE BACKPACK ON WHEELS,3,0,0.0,2.9,0.97,3,0.026934285982889914,0.41562006350140795,0.0003879728419010669,0.1476,857
78124,MAGAZINE RACK GEBRA ASSORTED ,26,718,27.62,942.5,36.25,25,0.03368430948575726,0.4177229607055887,0.004849660523763337,0.1521,812
79000,MOROCCAN TEA GLASS,347,11071,31.9,8235.71,23.73,196,0.13101438375481808,0.43404572668952096,0.06711930164888458,0.2107,313
79026B,"S/4 ICON COASTER,ELVIS LIVES",22,51,2.32,43.11,1.96,17,0.027413744476826173,0.4157100565799308,0.004073714839961203,0.1491,842
79029,GLASS HONEYPOT WASP CATCHER,311,2822,9.07,5023.8,16.15,201,0.05346432264736298,0.42685722460450604,0.06013579049466537,0.1802,541
79030A,"TUMBLER, ENGLISH ROSE",20,151,7.55,249.15,12.46,18,0.02835385917081884,0.4161711899770673,0.0036857419980601356,0.1494,839
79030D,"TUMBLER, BAROQUE",42,880,20.95,538.5,12.82,35,0.035207295290025385,0.41681877757394864,0.007953443258971873,0.1533,800
79030G,"TUMBLER, NEW ENGLAND",93,1692,18.19,1158.84,12.46,69,0.04284102660524584,0.41820714629642786,0.017846750727449078,0.1596,737
79051A,SMOKEY GREY COLOUR D.O.F. GLASS,50,891,17.82,331.83,6.64,39,0.03531070790636458,0.4163562341882653,0.009505334626576139,0.1537,796
79062D,"RETRO TIN ASHTRAY,REVOLUTIONARY",4,52,13.0,19.4,4.85,4,0.0274231456237661,0.41565699177287346,0.0005819592628516004,0.1479,854
79063C,"RETRO PILL BOX KEY CHAIN,THE KING",14,235,16.79,43.65,3.12,13,0.02914355551377268,0.41571126514154244,0.002521823472356935,0.1491,842
79063D,"RETRO PILL BOX , REVOLUTIONARY",10,188,18.8,34.72,3.47,9,0.028701701607596126,0.4156912791134099,0.0017458777885548012,0.1487,846
79065A,TEATIME ROUND CAKE TINS ,2,3,1.5,29.85,14.92,2,0.02696248942370969,0.415680379678135,0.00019398642095053346,0.1476,857
79066K,RETRO MOD TRAY,177,1260,7.12,1020.66,5.77,103,0.03877973112719752,0.4178978888084822,0.03414161008729389,0.1636,697
79067,CORONA MEXICAN TRAY,285,1436,5.04,5081.0,17.83,160,0.04043433298862461,0.4269852426122531,0.055092143549951504,0.1742,591
79071B,ENGLISH ROSE METAL WASTE BIN,60,136,2.27,401.2,6.69,51,0.02821284196671994,0.41651148959381457,0.011445198836081475,0.1521,812
79072,TEATIME CAKE TIN WITH HANDLE,71,215,3.03,2019.25,28.44,42,0.028955532574974147,0.42013281017834475,0.013579049466537343,0.1542,791
79140,ASS WINDPROOF MARIJUANA LIGHTERS,2,15,7.5,6.3,3.15,2,0.027075303186988812,0.4156276729634069,0.00019398642095053346,0.1476,857
79144B,PAINTED LIGHTBULB STAR+ MOON,41,259,6.32,105.18,2.57,36,0.02936918304033092,0.4158489740229529,0.007759456838021339,0.151,823
79144C,PAINTED LIGHTBULB RAINBOW DESIGN,23,171,7.43,68.22,2.97,19,0.028541882109617372,0.4157662546948702,0.004267701260911736,0.1495,838
79149B,SILICON STAR BULB  BLUE,12,29,2.42,12.18,1.01,11,0.027206919244147785,0.415640832856511,0.002133850630455868,0.1483,850
79151B,"SILICON CUBE 25W, BLUE",2,11,5.5,4.62,2.31,2,0.027037698599229106,0.41562391299394863,0.00019398642095053346,0.1476,857
79157B,UBO-LIGHT TRIOBASE BLUE,3,5,1.67,4.25,1.42,3,0.026981291717589544,0.415623084905437,0.0003879728419010669,0.1477,856
79157V,UBO-LIGHT TRIOBASE PURPLE,3,5,1.67,4.25,1.42,3,0.026981291717589544,0.415623084905437,0.0003879728419010669,0.1477,856
79160,HEART SHAPE WIRELESS DOORBELL,154,792,5.14,1486.08,9.65,51,0.034379994359311834,0.4189395346330563,0.02967992240543162,0.161,723
79161A,ST GEORGE SET OF 10 PARTY LIGHTS,16,51,3.19,150.45,9.4,16,0.027413744476826173,0.4159502917713919,0.002909796314258002,0.1488,845
79163,BLACK CHAMPAGNE GLASS,60,1801,30.02,1097.01,18.28,44,0.04386575162169785,0.41806876599189985,0.011445198836081475,0.1578,755
79164,BLACK WINE GLASS,74,3600,48.65,2537.16,34.29,43,0.06077841496662593,0.42129193266772025,0.014161008729388943,0.1654,679
79172D,PURPLE TINT ACRYLIC FLOWER VASE,4,24,6.0,20.4,5.1,4,0.02715991350944815,0.415659229849932,0.0005819592628516004,0.1478,855
79190A,RETRO PLASTIC 70'S TRAY,75,678,9.04,284.76,3.8,42,0.033308263608160193,0.416250887901121,0.014354995150339476,0.1546,787
79190B,RETRO PLASTIC POLKA TRAY,98,1373,14.01,516.66,5.27,57,0.03984206073140923,0.4167698979709907,0.018816682832201746,0.1585,748
79190D,RETRO PLASTIC DAISY TRAY,74,570,7.7,239.4,3.24,44,0.032292939738648115,0.41614936872574676,0.014161008729388943,0.1542,791
79191B,RETRO PLASTIC POLKA TRAY,58,419,7.22,324.47,5.59,47,0.03087336655071919,0.41633976194111466,0.011057225994180407,0.1528,805
79191C,RETRO PLASTIC ELEPHANT TRAY,157,1277,8.13,958.73,6.11,108,0.03893955062517627,0.4177592846962484,0.03026188166828322,0.1623,710
79191D,RETRO PLASTIC DAISY TRAY,32,93,2.91,79.05,2.47,28,0.027808592648303092,0.4157904930694139,0.0060135790494665374,0.1499,834
79192A,RETRO PLASTIC 70'S TRAY,31,98,3.16,122.5,3.95,26,0.027855598383002726,0.4158877375176064,0.005819592628516004,0.1499,834
79301,FEATHER HEART LIGHTS,5,-8,-1.6,-20.0,-4.0,2,0.0268590768073705,0.415568811536768,0.0007759456838021338,0.1477,856
79302M,"ART LIGHTS,FUNK MONKEY",78,588,7.54,1577.0,20.22,40,0.03246216038356679,0.4191430205992165,0.014936954413191077,0.1555,778
79303A,WHITE ROHMBIC BLOCK TABLE LAMP,1,2,2.0,5.9,5.9,1,0.026953088276769767,0.4156267777325835,0.0,0.1475,858
79303B,BLUE STAR BLOCK TABLE LAMP,4,103,25.75,303.85,75.96,4,0.02790260411770236,0.4162936127921681,0.0005819592628516004,0.1483,850
79303D,LILAC FLOWER BLOCK TABLE LAMP,9,62,6.89,182.9,20.32,5,0.027517157093165365,0.4160229173719407,0.0015518913676042677,0.1484,849
79308B,MOSAIC CANDLE DISH BLUE PURPLE,2,144,72.0,122.4,61.2,1,0.028288051142239354,0.4158875137099005,0.00019398642095053346,0.1481,852
79315W,FLYING SAUCER TABLE LIGHT IN WHITE,7,191,27.29,563.45,80.49,6,0.028729905048415907,0.4168746175965586,0.0011639185257032007,0.1489,844
79320, FLAMINGO LIGHTS,132,846,6.41,3863.6,29.27,70,0.03488765629406788,0.4242606076012169,0.025412221144519884,0.1615,718
79321,CHILLI LIGHTS,944,14699,15.57,68453.5,72.51,306,0.16512174485287204,0.568817781002996,0.18292919495635304,0.3056,69
79323B,BLACK CHERRY LIGHTS,98,-9,-0.09,-81.75,-0.83,69,0.02684967566043057,0.41543061027840467,0.018816682832201746,0.1537,796
79323G,GOLD  CHERRY LIGHTS,75,126,1.68,786.3,10.48,45,0.02811883049732067,0.41737337306904865,0.014354995150339476,0.1533,800
79323GR,GREEN CHERRY LIGHTS,113,330,2.92,1931.7,17.09,72,0.030036664473065713,0.4199368665318718,0.021726479146459747,0.1572,761
79323LP,LIGHT PINK CHERRY LIGHTS,219,962,4.39,5608.2,25.61,119,0.03597818933909937,0.4281651568375022,0.0422890397672163,0.1688,645
79323P,PINK CHERRY LIGHTS,316,1541,4.88,9176.75,29.04,149,0.041421453417316914,0.436151846724666,0.061105722599418044,0.1796,545
79323S, SILVER CHERRY LIGHTS,67,166,2.48,963.2,14.38,50,0.02849487637491774,0.4177692889007,0.012803103782735208,0.153,803
79323W, WHITE CHERRY LIGHTS,438,1865,4.26,10997.45,25.11,196,0.04446742502585315,0.4402267136251043,0.08477206595538313,0.1898,457
79328,BLUE FLOCK GLASS CANDLEHOLDER,12,582,48.5,233.86,19.49,6,0.03240575350192724,0.41613696977884257,0.002133850630455868,0.1502,831
79329,PINK FLOCK GLASS CANDLEHOLDER,7,100,14.29,65.94,9.42,7,0.02787440067688258,0.4157611518791768,0.0011639185257032007,0.1483,850
79331,PINK FLOCK GLASS CANDLEHOLDER,9,60,6.67,73.6,8.18,8,0.027498354799285512,0.415778295549445,0.0015518913676042677,0.1483,850
79336,LIGHT PINK FLOCK GLASS CANDLEHOLDER,16,832,52.0,342.83,21.43,13,0.034756040236908904,0.416380853035909,0.002909796314258002,0.1513,820
79337,BLUE FLOCK GLASS CANDLEHOLDER,20,1185,59.25,489.67,24.48,16,0.03807464510670302,0.41670949227118137,0.0036857419980601356,0.1528,805
79338,DARK PINK FLOCK GLASS CANDLEHOLDER,10,547,54.7,231.99,23.2,8,0.0320767133590298,0.4161327845747432,0.0017458777885548012,0.15,833
79340P,PURPLE ORCHID FLOWER LIGHTS,2,-2,-1.0,-15.9,-7.95,2,0.026915483689010058,0.4155779876527079,0.00019398642095053346,0.1476,857
79340W,WHITE ORCHID FLOWER LIGHTS,5,-6,-1.2,-45.3,-9.06,5,0.026877879101250352,0.4155121881871876,0.0007759456838021338,0.1477,856
79341,WILLOW BRANCH LIGHTS.,88,255,2.9,1601.65,18.2,60,0.029331578452571214,0.4191981891987089,0.01687681862269641,0.1551,782
79342B,BROWN FLOWER LIGHTS,28,94,3.36,592.9,21.18,24,0.02781799379524302,0.4169405289659318,0.0052376333656644035,0.15,833
79403,FROSTED WHITE BASE ,25,183,7.32,155.55,6.22,19,0.028654695872896492,0.4159617059643903,0.004655674102812803,0.1498,835
79406,FROSTED WHITE BASE ,15,245,16.33,53.9,3.59,14,0.029237566983171946,0.4157342054313922,0.0027158098933074684,0.1492,841
79413,GLASS WINE GLASS DECORATIONS,9,30,3.33,37.5,4.17,7,0.027216320391087713,0.4156975009676326,0.0015518913676042677,0.1482,851
79532,MOSAIC GLASS BALL CANDLEHOLDER,19,96,5.05,120.0,6.32,15,0.027836796089122873,0.4158821423249601,0.0034917555771096023,0.1491,842
79534,MULTICOLOUR GLASS PLATE,18,116,6.44,63.8,3.54,14,0.028024819027921408,0.41575636239427155,0.003297769156159069,0.149,843
81950B,FLOWER BLUE CLOCK W/SUCKER,25,195,7.8,100.79,4.03,21,0.028767509636175612,0.41583914886466605,0.004655674102812803,0.1498,835
81950V,FLOWER PURPLE CLOCK W/SUCKER,11,32,2.91,18.8,1.71,10,0.027235122684967566,0.41565564892663837,0.0019398642095053346,0.1483,850
81952B,ROUND BLUE CLOCK W/SUCKER,16,248,15.5,74.6,4.66,14,0.029265770423991727,0.4157805336265035,0.002909796314258002,0.1493,840
81952V,ROUND PURPLE CLOCK W/SUCKER,35,451,12.89,138.25,3.95,27,0.03117420325279684,0.415922987231278,0.006595538312318138,0.1512,821
81953B,ROUND ARTICULATED BLUE CLOCK W/SUCK,8,14,1.75,4.64,0.58,5,0.027065902040048887,0.4156239577554898,0.0013579049466537342,0.148,853
81953P,ROUND ARTICULATED PINK CLOCK W/SUCK,6,33,5.5,9.57,1.6,5,0.027244523831907494,0.4156349914753883,0.0009699321047526673,0.1479,854
81985A,"ICON ALARM CLOCK,FUSCHIA  PIN UP",7,23,3.29,58.65,8.38,7,0.027150512362508226,0.4157448362974202,0.0011639185257032007,0.148,853
82001S,VINYL RECORD FRAME SILVER,203,2811,13.85,9746.53,48.01,86,0.053360910031023785,0.43742705827106665,0.03918525703200776,0.1767,569
82011A,"BATHROOM SCALES, TROPICAL BEACH",24,34,1.42,127.5,5.31,19,0.02725392497884742,0.41589892790289895,0.0044616876818622695,0.1492,841
82011B,BATHROOM SCALES RUBBER DUCKS,39,84,2.15,287.8,7.38,23,0.027723982325843752,0.4162576916553789,0.007371483996120271,0.1505,828
82011C,BATHROOM SCALES FOOTPRINTS IN SAND,42,95,2.26,324.25,7.72,36,0.027827394942182945,0.4163392695641618,0.007953443258971873,0.1507,826
82011E,"BATHROOM SCALES, FAG BREAK",2,2,1.0,7.5,3.75,2,0.026953088276769767,0.41563035865587716,0.00019398642095053346,0.1476,857
82069,BEECH WOOD P/FRAME,2,5,2.5,36.25,18.12,2,0.026981291717589544,0.4156947033713095,0.00019398642095053346,0.1476,857
82072,WHITE WOOD SINGLE P/FRAME,3,5,1.67,6.25,2.08,3,0.026981291717589544,0.415627561059554,0.0003879728419010669,0.1477,856
82076,BEECH WOOD PHOTO FRAME ,6,271,45.17,338.75,56.46,5,0.02948199680361004,0.41637172168151027,0.0009699321047526673,0.1489,844
82081,PINK HEARTS PHOTO ALBUM,12,159,13.25,336.25,28.02,11,0.028429068346338255,0.41636612648886395,0.002133850630455868,0.149,843
82093,HEART SHAPE BUTTON FRAME ,7,100,14.29,150.0,21.43,7,0.02787440067688258,0.41594928463671554,0.0011639185257032007,0.1483,850
82095,HEART BUTTONS JEWELLERY BOX,22,39,1.77,298.35,13.56,21,0.027300930713547052,0.4162813033683463,0.004073714839961203,0.1492,841
82482,WOODEN PICTURE FRAME WHITE FINISH,1702,15183,8.92,35942.95,21.12,601,0.16967189997179655,0.49605666488829064,0.3299709020368574,0.3319,46
82483,WOOD 2 DRAWER CABINET WHITE FINISH,1147,4491,3.92,26268.37,22.9,363,0.06915483689010059,0.4744042093395224,0.22230843840931136,0.2553,146
82484,WOOD BLACK BOARD ANT WHITE FINISH,1072,9629,8.98,54200.36,50.56,452,0.11745792986744383,0.5369181553571932,0.20775945683802133,0.2874,84
82486,WOOD S/3 CABINET ANT WHITE FINISH,1245,4515,3.63,35632.73,28.62,365,0.06938046441665884,0.4953623686231981,0.24131910766246362,0.2687,117
82494L,WOODEN FRAME ANTIQUE WHITE ,1827,13905,7.61,38705.72,21.19,631,0.15765723418257027,0.5022399570432442,0.3542192046556741,0.338,42
82545A,COGNAC AUX OEUFS METAL 1 HOOK,11,31,2.82,38.75,3.52,11,0.027225721538027638,0.41570029856395574,0.0019398642095053346,0.1483,850
82551,LAUNDRY 15C METAL SIGN,558,5344,9.58,7393.89,13.25,306,0.07717401522985805,0.4321616686601219,0.10805043646944713,0.2058,344
82552,WASHROOM METAL SIGN,663,6739,10.16,9071.26,13.68,346,0.09028861521105574,0.43591575197576327,0.12841901066925315,0.2182,279
82553,POP'S GREASY SPOON METAL SIGN,20,86,4.3,141.9,7.1,14,0.027742784619723605,0.41593115621254156,0.0036857419980601356,0.1491,842
82567,"AIRLINE LOUNGE,METAL SIGN",291,891,3.06,1838.81,6.32,136,0.03531070790636458,0.4197289715539063,0.05625606207565471,0.1704,629
82578,KITCHEN METAL SIGN,554,5378,9.71,2872.2,5.18,322,0.07749365422581556,0.42204177800540515,0.10727449078564501,0.2023,366
82580,BATHROOM METAL SIGN,948,12300,12.97,6554.92,6.91,443,0.14256839334398796,0.43028398915033955,0.1837051406401552,0.2522,154
82581,TOILET METAL SIGN,745,8054,10.81,4299.31,5.77,371,0.10265112343705932,0.4252357601563825,0.1443258971871969,0.2241,250
82582,AREA PATROLLED METAL SIGN,710,7217,10.16,14321.72,20.17,258,0.09478236344834069,0.447666686048414,0.13753637245392822,0.2267,240
82583,HOT BATHS METAL SIGN,852,11690,13.72,22806.03,26.77,323,0.1368336937106327,0.46665522561674355,0.16508244422890397,0.2562,142
82585,SWEET VALENCIA CANDLE+CUP,24,119,4.96,139.63,5.82,18,0.028053022468741185,0.41592607577761875,0.0044616876818622695,0.1495,838
82587,TEXRIO TOMATOES CANDLE+CUP,34,106,3.12,127.94,3.76,26,0.02793080755852214,0.4158999126568047,0.006401551891367604,0.1501,832
82597,BOMBS AWAY METAL SIGN,167,1150,6.89,2326.85,13.93,106,0.037745604963805586,0.42082124268154397,0.032201745877788554,0.1636,697
82599,FANNY'S REST STOPMETAL SIGN,362,2308,6.38,4688.54,12.95,185,0.04863213312024067,0.4261068868898683,0.07002909796314258,0.1816,527
82600,NO SINGING METAL SIGN,1018,12348,12.13,24537.02,24.1,385,0.14301964839710446,0.4705293146242624,0.19728419010669254,0.2703,112
82605,OLD DOC.RUSSEL METAL SIGN,88,218,2.48,457.8,5.2,65,0.028983736015793928,0.41663816475532645,0.01687681862269641,0.1542,791
82607A,GLASS BONBON JAR PARFUME AUX FLEURE,95,550,5.79,662.23,6.97,65,0.03210491679984958,0.4170956948483987,0.018234723569350145,0.1558,775
82607C,GLASS BONBON JAR. SUPERFINES,21,90,4.29,112.5,5.36,16,0.027780389207483314,0.41586535674702124,0.0038797284190106693,0.1492,841
82607E,GLASS BONBON JAR. D'AMANDES,27,100,3.7,125.0,4.63,18,0.02787440067688258,0.4158933327102527,0.00504364694471387,0.1496,837
82613A,"METAL SIGN,CUPCAKE SINGLE HOOK",83,446,5.37,557.5,6.72,64,0.031127197518097206,0.4168613010380604,0.015906886517943745,0.1546,787
82613B,"METAL SIGN,CUPCAKE SINGLE HOOK",96,617,6.43,555.45,5.79,74,0.03273479364482467,0.41685671298009047,0.01842870999030068,0.156,773
82613C,"METAL SIGN,CUPCAKE SINGLE HOOK",73,504,6.9,430.8,5.9,56,0.031672464040612955,0.4165777366747465,0.01396702230843841,0.1541,792
82613D,METAL SIGN CUPCAKE SINGLE HOOK,127,832,6.55,741.2,5.84,98,0.034756040236908904,0.41727243579370965,0.024442289039767216,0.1588,745
82615,PINK MARSHMALLOW SCARF KNITTING KIT,78,563,7.22,1515.25,19.43,60,0.03222713171006863,0.41900481934085315,0.014936954413191077,0.1554,779
82616A,BUBBLE GUM SCARF KNITTING KIT,46,306,6.65,576.3,12.53,42,0.029811036946507472,0.4169033768867605,0.008729388942774006,0.1518,815
82616B,FRAPPUCINO SCARF KNITTING KIT,78,524,6.72,783.68,10.05,57,0.03186048697941149,0.4173675093071553,0.014936954413191077,0.1547,786
82616C,MIDNIGHT GLAMOUR SCARF KNITTING KIT,79,536,6.78,787.47,9.97,57,0.03197330074269061,0.41737599161920713,0.01513094083414161,0.1548,785
84006,MAGIC TREE -PAPER FLOWERS,144,1650,11.46,1402.5,9.74,86,0.04244617843376892,0.4187524761525056,0.027740058195926284,0.163,703
84007,MAGIC GARDEN MOUNT FUJI,37,152,4.11,387.6,10.48,30,0.028363260317758765,0.41648105174581873,0.006983511154219205,0.1506,827
84012,MAGIC SHEEP WOOL GROWING FROM PAPER,157,1661,10.58,2414.75,15.38,127,0.04254959105010811,0.42101796965498745,0.03026188166828322,0.1646,687
84016,FLAG OF ST GEORGE CAR FLAG,49,924,18.86,367.08,7.49,43,0.035620945755382154,0.41643512640457797,0.009311348205625606,0.1538,795
84029C,BROWN FURRY HOT WATER BOTTLE,38,191,5.03,665.05,17.5,27,0.028729905048415907,0.4171020062257037,0.007177497575169738,0.151,823
84029D,LEOPARD PRINT HOT WATER BOTTLE,12,46,3.83,153.3,12.78,12,0.02736673874212654,0.41595667029100863,0.002133850630455868,0.1485,848
84029E,RED WOOLLY HOTTIE WHITE HEART.,976,9221,9.45,31728.77,32.51,502,0.11362226191595375,0.48662500530983777,0.18913676042677013,0.2631,126
84029G,KNITTED UNION FLAG HOT WATER BOTTLE,784,5664,7.22,20619.2,26.3,387,0.08018238225063458,0.4617609315628712,0.1518913676042677,0.2313,219
84030B,KNITTED POM POM HOT WATER BOTTLE,3,5,1.67,18.75,6.25,2,0.026981291717589544,0.41565553702278546,0.0003879728419010669,0.1477,856
84030C,KNITTED RAINBOW HOT WATER BOTTLE,7,12,1.71,45.0,6.43,5,0.027047099746169034,0.41571428654557147,0.0011639185257032007,0.148,853
84030E,ENGLISH ROSE HOT WATER BOTTLE,416,2005,4.82,8136.66,19.56,255,0.04578358559744289,0.4338240451568751,0.08050436469447139,0.1867,480
84031A,CHARLIE+LOLA RED HOT WATER BOTTLE ,139,689,4.96,2151.77,15.48,97,0.033411676224499386,0.42042940015013913,0.02677012609117362,0.1602,731
84031B,CHARLIE LOLA BLUE HOT WATER BOTTLE ,113,518,4.58,1655.84,14.65,81,0.03180408009777193,0.4193194705945098,0.021726479146459747,0.1576,757
84032A,CHARLIE+LOLA PINK HOT WATER BOTTLE,354,2243,6.34,4636.11,13.1,228,0.04802105856914544,0.42598954450969034,0.06847720659553831,0.1808,535
84032B,CHARLIE + LOLA RED HOT WATER BOTTLE,416,2710,6.51,5572.7,13.4,291,0.05241139419009119,0.42808570510192495,0.08050436469447139,0.187,478
84033,FLAG OF ST GEORGE ,46,371,8.07,612.15,13.31,41,0.030422111497602707,0.4169836119493083,0.008729388942774006,0.152,813
84050,PINK HEART SHAPE EGG FRYING PAN,577,9481,16.43,13209.33,22.89,308,0.11606656012033469,0.4451770715092924,0.11173617846750727,0.2243,249
84051,ASS COLOUR GLOWING TIARAS,53,697,13.15,542.05,10.23,50,0.033486885400018804,0.4168267227475063,0.01008729388942774,0.1535,798
84077,WORLD WAR 2 GLIDERS ASSTD DESIGNS,931,103505,111.18,23743.31,25.5,482,1.0,0.4687529304821485,0.18040737148399613,0.5497,7
84078A,SET/4 WHITE RETRO STORAGE CUBES ,254,860,3.39,31072.0,122.33,152,0.03501927235122685,0.4851551034401169,0.049078564500484964,0.1898,457
84081,WHITE CERAMIC PARTY SET (5PCS),16,93,5.81,333.33,20.83,15,0.027808592648303092,0.4163595913038531,0.002909796314258002,0.149,843
84086B,YELLOW/BLUE RETRO RADIO,14,23,1.64,67.85,4.85,7,0.027150512362508226,0.41576542660635857,0.002521823472356935,0.1485,848
84086C,PINK/PURPLE RETRO RADIO,34,190,5.59,560.5,16.49,25,0.02872050390147598,0.41686801526923595,0.006401551891367604,0.1507,826
84192,ASSORTED COLOUR METAL CAT ,39,226,5.79,271.1,6.95,29,0.02905894519131334,0.4162203157685017,0.007371483996120271,0.1509,824
84199,GLOW IN DARK DOLPHINS,66,499,7.56,102.27,1.55,58,0.031625458305913325,0.4158424612187126,0.012609117361784675,0.1534,799
84201B,HAPPY BIRTHDAY CARD STRIPEY TEDDY,6,28,4.67,5.32,0.89,6,0.02719751809720786,0.4156254796478896,0.0009699321047526673,0.1479,854
84201C,HAPPY BIRTHDAY CARD TEDDY/CAKE,3,10,3.33,1.9,0.63,3,0.027028297452289178,0.41561782542434944,0.0003879728419010669,0.1477,856
84205C,HAPPY BIRTHDAY GINGER CAT CARD,1,2,2.0,0.38,0.38,1,0.026953088276769767,0.41561442354722056,0.0,0.1475,858
84206A,3 BLACK CATS W HEARTS BLANK CARD,10,79,7.9,15.01,1.5,9,0.02767697659114412,0.4156471666145866,0.0017458777885548012,0.1484,849
84206B,CAT W SUNGLASSES BLANK CARD,2,9,4.5,1.71,0.86,2,0.027018896305349253,0.41561740018970833,0.00019398642095053346,0.1476,857
84206C,CHAMPAGNE TRAY BLANK CARD,4,10,2.5,1.9,0.48,4,0.027028297452289178,0.41561782542434944,0.0005819592628516004,0.1477,856
84212,"ASSORTED FLOWER COLOUR ""LEIS""",260,24593,94.59,11712.97,45.05,140,0.2581366926765065,0.44182810252201293,0.05024248302618817,0.2501,156
84218,BOX/12 CHICK & EGG IN BASKET,92,253,2.75,477.75,5.19,74,0.02931277615869136,0.4166828143926438,0.017652764306498547,0.1545,788
84219,BOX/12 MOTHER & CHICK IN BASKET/BOW,26,96,3.69,220.8,8.49,24,0.027836796089122873,0.4161077404924584,0.004849660523763337,0.1496,837
84226,HEN HOUSE W FAMILY IN BARN & NEST,17,75,4.41,56.61,3.33,17,0.027639372003384413,0.4157402706202208,0.0031037827352085354,0.1488,845
84227,HEN HOUSE W CHICK IN NEST,13,112,8.62,47.04,3.62,13,0.0279872144401617,0.4157188522227709,0.0023278370514064014,0.1487,846
84228,HEN HOUSE W CHICK STANDING,24,321,13.38,128.82,5.37,19,0.029952054150606373,0.4159018821646162,0.0044616876818622695,0.1501,832
84231,EASTER BUNNY WITH BASKET ON BACK,35,204,5.83,132.6,3.79,28,0.028852119958634955,0.4159103420958974,0.006595538312318138,0.1505,828
84247C,PACK/12 BLUE REINDEER CARD,22,72,3.27,212.4,9.65,22,0.027611168562564632,0.4160889406451669,0.004073714839961203,0.1493,840
84247E,PACK/12 XMAS FUN CARD,76,208,2.74,613.6,8.07,68,0.02888972454639466,0.4169868571610431,0.014548981571290009,0.1535,798
84247G,"DECOUPAGE,GREETING CARD,",87,1332,15.31,554.4,6.37,54,0.039456613706872236,0.416854362999179,0.01668283220174588,0.1577,756
84247H,PACK/12 DECOUPAGE CARD,15,24,1.6,70.8,4.72,12,0.02715991350944815,0.41577202893368115,0.0027158098933074684,0.1485,848
84247J,PACK/12 RUSSIAN DOLL CARDS,2,2,1.0,5.9,2.95,2,0.026953088276769767,0.4156267777325835,0.00019398642095053346,0.1476,857
84247K,"FOLK ART GREETING CARD,pack/12",25,59,2.36,174.05,6.96,20,0.027488953652345587,0.4160031103899728,0.004655674102812803,0.1494,839
84247L,FAWN AND MUSHROOM GREETING CARD,83,1076,12.96,451.92,5.44,63,0.03704992009025101,0.4166250048622224,0.015906886517943745,0.1565,768
84247N,PACK/12 BLUE FOLKART CARDS,42,63,1.5,185.85,4.43,33,0.027526558240105293,0.41602951969926333,0.007953443258971873,0.1505,828
84249A,"GREETING CARD,SQUARE, DOUGHNUTS",20,238,11.9,101.6,5.08,18,0.02917175895459246,0.41584096170708346,0.0036857419980601356,0.1496,837
84249D,FAIRY CAKE GREETINGS CARD,57,785,13.77,325.38,5.71,49,0.03431418633073235,0.41634179859123793,0.010863239573229874,0.1538,795
84250M,"GREETING CARD, BLACKPOOL ROCK",1,12,12.0,2.28,2.28,1,0.027047099746169034,0.4156186758936317,0.0,0.1476,857
84251B,"GREETING CARD, STICKY GORDON",23,219,9.52,41.61,1.81,19,0.028993137162733853,0.4157066994643431,0.004267701260911736,0.1497,836
84251C,"GREETING CARD, TWO SISTERS.",14,132,9.43,25.08,1.79,13,0.028175237378960234,0.4156697040505658,0.002521823472356935,0.1488,845
84251F,"GREETING CARD, RITA",31,312,10.06,59.28,1.91,26,0.029867443828147034,0.41574624628596707,0.005819592628516004,0.1505,828
84251G,"GREETING CARD, OVERCROWDED POOL.",34,360,10.59,68.4,2.01,32,0.030318698881263515,0.4157666575487407,0.006401551891367604,0.1508,825
84251J,"GREETING CARD, THE BLACK CAT",4,60,15.0,25.2,6.3,4,0.027498354799285512,0.4156699726198129,0.0005819592628516004,0.1479,854
84255A,PINK GLASS COCKTAIL LAMP,2,2,1.0,4.2,2.1,2,0.026953088276769767,0.4156229730015841,0.00019398642095053346,0.1476,857
84255B,ORANGE COCKTAIL GLASS LAMP,14,60,4.29,126.0,9.0,11,0.027498354799285512,0.4158955707873112,0.002521823472356935,0.1486,847
84270,ASSTD DESIGN BUBBLE GUM RING,392,20670,52.73,4328.7,11.04,251,0.2212559932311742,0.4253015372411323,0.07584869059165858,0.2408,180
84279B,CHERRY BLOSSOM DECORATIVE FLASK,197,760,3.86,2756.4,13.99,142,0.03407915765723418,0.42178260868202905,0.038021338506304556,0.1646,687
84279P, CHERRY BLOSSOM  DECORATIVE FLASK,261,1013,3.88,3667.71,14.05,169,0.03645764783303563,0.4238221906862244,0.0504364694471387,0.1702,631
84288B,SET/2 BLUE  NOODLE BASKETS,22,55,2.5,107.25,4.88,20,0.027451349064585878,0.41585360684246403,0.004073714839961203,0.1491,842
84292,ROSE PINK METAL FOLDING CHAIR,13,41,3.15,325.95,25.07,11,0.027319733007426905,0.41634307429516126,0.0023278370514064014,0.1487,846
84292B,BLUE COL METAL FOLDING CHAIR,4,7,1.75,43.85,10.96,4,0.0270000940114694,0.4157117127569542,0.0005819592628516004,0.1478,855
84306,S/3 PINK SQUARE PLANTERS ROSES,19,35,1.84,383.25,20.17,18,0.027263326125787347,0.41647131611061416,0.0034917555771096023,0.1491,842
84311,CAMOFLAGE CUSHION COVER,1,11,11.0,18.15,18.15,1,0.027037698599229106,0.4156541941765503,0.0,0.1476,857
84313A,PINK TV TRAY TABLE ,16,34,2.12,144.5,9.03,10,0.02725392497884742,0.4159369752128937,0.002909796314258002,0.1487,846
84313B,BLUE TV TRAY TABLE ,45,158,3.51,513.74,11.42,24,0.028419667199398327,0.41676336278597975,0.008535402521823473,0.1512,821
84313C,ORANGE TV TRAY TABLE ,47,497,10.57,1061.15,22.58,29,0.03160665601203347,0.4179885085485815,0.008923375363724539,0.1528,805
84327A,PINK JUMPER LARRY THE LAMB,118,945,8.01,1781.96,15.1,78,0.03581836984112061,0.4196017368731297,0.022696411251212415,0.1594,739
84340,LARGE FIBRE OPTIC CHRISTMAS TREE,6,15,2.5,19.08,3.18,5,0.027075303186988812,0.4156562755882147,0.0009699321047526673,0.1479,854
84341B,SMALL PINK MAGIC CHRISTMAS TREE,98,1690,17.24,825.03,8.42,79,0.04282222431136599,0.4174600537935249,0.018816682832201746,0.1597,736
84347,ROTATING SILVER ANGELS T-LIGHT HLDR,554,19236,34.72,55577.77,100.32,300,0.20777474851931935,0.5400009050783624,0.10727449078564501,0.285,88
84352,SILVER CHRISTMAS TREE BAUBLE STAND ,124,191,1.54,3113.45,25.11,90,0.028729905048415907,0.4225817140957719,0.023860329776915615,0.1584,749
84356,POMPOM CURTAIN,96,654,6.81,3113.3,32.43,58,0.03308263608160195,0.42258137838421306,0.01842870999030068,0.158,753
84358,FLOOR LAMP SHADE WOOD BASE,22,113,5.14,909.63,41.35,11,0.027996615587101627,0.41764939511267535,0.004073714839961203,0.1499,834
84360,TABLE LAMP WHITE SHADE WOOD BASE,36,173,4.81,891.55,24.77,14,0.028560684403497228,0.4176089306794573,0.006789524733268671,0.151,823
84366,VENDETTA CANVAS PICTURE,2,2,1.0,7.5,3.75,2,0.026953088276769767,0.41563035865587716,0.00019398642095053346,0.1476,857
84367,LA STREGA CANVAS PICTURE ,7,73,10.43,122.55,17.51,6,0.02762056970950456,0.4158878494214593,0.0011639185257032007,0.1482,851
84371,BIG PINK POODLE,4,28,7.0,213.7,53.42,4,0.02719751809720786,0.416091850145343,0.0005819592628516004,0.148,853
84375,SET OF 20 KIDS COOKIE CUTTERS,637,7214,11.32,14438.07,22.67,389,0.09475416000752092,0.4479270863141722,0.12337536372453928,0.222,261
84378,SET OF 3 HEART COOKIE CUTTERS,966,10914,11.3,13746.78,14.23,601,0.1295384036852496,0.44637992602439136,0.1871968962172648,0.2544,148
84380,SET OF 3 BUTTERFLY COOKIE CUTTERS,828,9385,11.33,11582.26,13.99,490,0.11516405001410172,0.44153556346969447,0.16042677012609116,0.239,190
84387A,BIRD ON BRANCH CANVAS SCREEN,1,11,11.0,21.45,21.45,1,0.027037698599229106,0.41566157983084345,0.0,0.1476,857
84388,WISE MAN STAR SHAPE EGG PAN,25,68,2.72,85.74,3.43,22,0.027573563974804927,0.4158054658049353,0.004655674102812803,0.1493,840
84396,6 HOOK JEWELLERY STAND BLACK DRESS,28,516,18.43,1071.6,38.27,22,0.03178527780389207,0.418011896453843,0.0052376333656644035,0.1517,816
84402B,PURPLE DRESS JEWELLERY STAND,4,62,15.5,51.14,12.78,4,0.027517157093165365,0.4157280283387108,0.0005819592628516004,0.1479,854
84402D,PINK DRESS JEWELLERY STAND ,11,371,33.73,346.85,31.53,9,0.030422111497602707,0.41638985010568424,0.0019398642095053346,0.1496,837
84405A,S/3 PINK COL METAL BASKET W HANDLE,46,121,2.63,887.55,19.29,40,0.02807182476262104,0.41759997837122326,0.008729388942774006,0.1515,818
84406B,CREAM CUPID HEARTS COAT HANGER,740,6464,8.74,20592.9,27.83,320,0.08770329980257592,0.46170207013623216,0.14335596508244422,0.2309,222
84414B,FUSCHIA/GREEN STRIPE WOOLLY BLANKET,8,77,9.62,497.15,62.14,7,0.027658174297264266,0.416726233087579,0.0013579049466537342,0.1486,847
84415A,PINK FLOCK SUEDE CUSHION COVER ,3,14,4.67,22.5,7.5,3,0.027065902040048887,0.4156639298117549,0.0003879728419010669,0.1477,856
84415B,BLUE FLOCK CUSHION COVER ,3,8,2.67,20.0,6.67,3,0.027009495158409325,0.4156583346191086,0.0003879728419010669,0.1477,856
84422,PINK/BLUE DISC/MIRROR STRING,27,700,25.93,354.74,13.14,19,0.033515088840838585,0.4164075085336759,0.00504364694471387,0.1517,816
84424A,FOUR PICTURE WHITE GLASS FRAME,10,23,2.3,86.25,8.62,10,0.027150512362508226,0.41580660722423524,0.0017458777885548012,0.1482,851
84425A,WHITE GLASS TV TRIPLE FRAME,8,16,2.0,68.0,8.5,8,0.02708470433392874,0.41576576231791734,0.0013579049466537342,0.1481,852
84427B,BLACK GLASS TV DOUBLE P/FRAME 15X10,5,17,3.4,72.25,14.45,5,0.027094105480868665,0.415775274145416,0.0007759456838021338,0.1479,854
84429A,MEDIUM PINK BUDDHA HEAD ,27,92,3.41,271.4,10.05,22,0.027799191501363167,0.41622098719161926,0.00504364694471387,0.1497,836
84437A,S/6 PINK EASTER DECS IN BOX,19,105,5.53,89.25,4.7,17,0.027921406411582212,0.4158133214554108,0.0034917555771096023,0.1491,842
84447,6 RABBIT CHAIN EASTER,7,52,7.43,44.2,6.31,7,0.0274231456237661,0.4157124960839247,0.0011639185257032007,0.1481,852
84450A,PINK RABBIT SITTING EASTER,5,42,8.4,17.64,3.53,4,0.027329134154366833,0.4156530527572505,0.0007759456838021338,0.1479,854
84450B,YELLOW RABBIT SAT EASTER,7,70,10.0,29.4,4.2,7,0.02759236626868478,0.4156793725434586,0.0011639185257032007,0.1481,852
84452,METAL RABBIT LADDER EASTER ,29,160,5.52,136.0,4.69,23,0.02843846949327818,0.41591795155789635,0.005431619786614937,0.1499,834
84454,WOBBLING METAL CHICKEN EASTER,13,85,6.54,72.25,5.56,11,0.02773338347278368,0.415775274145416,0.0023278370514064014,0.1486,847
84455,SET OF 3 RABBIT CARROTS EASTER,16,78,4.88,66.3,4.14,15,0.027667575444204194,0.4157619575869178,0.002909796314258002,0.1488,845
84456,SET OF 3 RABBIT EGG EASTER,13,21,1.62,17.85,1.37,12,0.027131710068628374,0.4156535227534328,0.0023278370514064014,0.1484,849
84457,SET/3 RABBITS FLOWER SKIPPPING ROPE,41,252,6.15,214.2,5.22,37,0.029303375011751433,0.41609296918387223,0.007759456838021339,0.1511,822
84458,S/3 RABBIT FLOWER/EGG/CARROT ROPE,19,123,6.47,104.55,5.5,17,0.028090627056500894,0.41584756403440604,0.0034917555771096023,0.1491,842
84459A,PINK METAL CHICKEN HEART ,115,1030,8.96,1439.66,12.52,96,0.03661746733101438,0.418835643096,0.022114451988360814,0.1592,741
84459B,YELLOW METAL CHICKEN HEART ,142,1317,9.27,1867.29,13.15,115,0.03931559650277334,0.4197927119885328,0.027352085354025217,0.1622,711
84461,12 PINK HEN+CHICKS IN BASKET,36,79,2.19,201.45,5.6,33,0.02767697659114412,0.4160644337013762,0.006789524733268671,0.1502,831
84462,3 PINK HEN+CHICKS IN BASKET,13,99,7.62,112.35,8.64,13,0.027864999529942654,0.41586502103546247,0.0023278370514064014,0.1487,846
84464,S/60 PINK FLUFFY CHICKS IN BOX,11,82,7.45,179.1,16.28,10,0.0277051800319639,0.4160144126791184,0.0019398642095053346,0.1486,847
84465,15 PINK FLUFFY CHICKS IN BOX,20,29,1.45,85.55,4.28,18,0.027206919244147785,0.4158050405702942,0.0036857419980601356,0.1489,844
84466,TOP SECRET PEN SET,57,813,14.26,839.85,14.73,38,0.034577418445050294,0.41749322209553213,0.010863239573229874,0.1543,790
84467,ENGLISH ROSE DESIGN QUILTED THROW,46,304,6.61,4311.2,93.72,40,0.02979223465262762,0.42526237089260827,0.008729388942774006,0.1546,787
84469,ROSE DES PADDED FLOOR CUSHION,39,653,16.74,2090.68,53.61,35,0.03307323493466203,0.4202926760226345,0.007371483996120271,0.1536,797
84472,PINK AND LILAC QUILTED THROW ,27,31,1.15,1358.5,50.31,25,0.027225721538027638,0.41865400076193093,0.00504364694471387,0.1503,830
84482,BUTTONS DESIGN JEWELLERY BOX,31,61,1.97,228.75,7.38,22,0.02750775594622544,0.4161255332050736,0.005819592628516004,0.1498,835
84493,BLUE/PINK NEST STRIPE BOX,6,575,95.83,65.76,10.96,5,0.03233994547334775,0.41576074902530624,0.0009699321047526673,0.1497,836
84497,BUTTONS AND STRIPES NOTEBOOK ,34,90,2.65,337.5,9.93,29,0.027780389207483314,0.4163689240851871,0.006401551891367604,0.1502,831
84499,BLACK FLOWER CANDLE PLATE,20,294,14.7,219.66,10.98,16,0.029698223183228355,0.4161051890846117,0.0036857419980601356,0.1498,835
84507B,STRIPES DESIGN MONKEY DOLL,94,1312,13.96,1611.8,17.15,52,0.03926859076807371,0.4192209056808528,0.018040737148399613,0.1588,745
84507C,BLUE CIRCLES DESIGN MONKEY DOLL,66,415,6.29,573.75,8.69,27,0.030835761962959483,0.41689766979026127,0.012609117361784675,0.1534,799
84508A,CAMOFLAGE DESIGN TEDDY,108,3795,35.14,8051.85,74.55,52,0.06261163861991163,0.4336342338415424,0.02075654704170708,0.1723,610
84508B,STRIPES DESIGN TEDDY,66,153,2.32,390.15,5.91,40,0.028372661464698693,0.4164867588423179,0.012609117361784675,0.1525,808
84508C,BLUE CIRCLES DESIGN TEDDY,37,95,2.57,242.25,6.55,22,0.027827394942182945,0.4161557472453636,0.006983511154219205,0.1503,830
84509A,ENGLISH ROSE PLACEMATS,274,1166,4.26,4176.14,15.24,180,0.03789602331484441,0.42496009620508524,0.052958292919495636,0.1719,614
84509B,FAIRY CAKE PLACEMATS,142,555,3.91,1994.85,14.05,101,0.03215192253454922,0.420078201098117,0.027352085354025217,0.1599,734
84509C,DOTTY PLACEMATS ,54,202,3.74,699.9,12.96,45,0.0288333176647551,0.4171800032111929,0.010281280310378274,0.1521,812
84509E,CAROUSEL PLACEMATS ,12,133,11.08,187.31,15.61,11,0.028184638525900158,0.41603278729176874,0.002133850630455868,0.1488,845
84509F,NEW ENGLAND PLACEMATS,43,2776,64.56,2418.0,56.23,32,0.05303186988812635,0.42102524340542763,0.008147429679922406,0.1607,726
84509G,FAIRY CAKE PLACEMATS ,125,761,6.09,1836.75,14.69,96,0.03408855880417411,0.41972436111516576,0.02405431619786615,0.1593,740
84510A,SET OF 4 ENGLISH ROSE COASTERS,313,2145,6.85,2644.29,8.45,200,0.04709974616903262,0.421531697862999,0.06052376333656644,0.1764,571
84510B,SET OF 4 FAIRY CAKES COASTERS ,102,1092,10.71,1283.3,12.58,72,0.03720033844128984,0.4184856973671306,0.01959262851600388,0.1584,749
84510C,SET OF 4 POLKADOTS COASTERS,67,224,3.34,278.62,4.16,49,0.029040142897433487,0.41623714610798174,0.012803103782735208,0.1527,806
84510E,SET OF 4 GREEN CAROUSEL COASTERS,13,128,9.85,67.8,5.22,12,0.028137632791200528,0.4157653147025056,0.0023278370514064014,0.1487,846
84510F,SET OF 4 NEW ENGLAND COASTERS ,32,1090,34.06,412.5,12.89,24,0.03718153614740998,0.4165367798645757,0.0060135790494665374,0.1532,801
84519A,TOMATO CHARLIE+LOLA COASTER SET,158,1139,7.21,2488.89,15.75,96,0.037642192347466394,0.4211839006881058,0.030455868089233753,0.1631,702
84519B,CARROT CHARLIE+LOLA COASTER SET,158,796,5.04,1525.84,9.66,98,0.03441759894707154,0.4190285205769028,0.030455868089233753,0.1613,720
84520B,PACK 20 ENGLISH ROSE PAPER NAPKINS,539,6586,12.22,5086.54,9.44,327,0.08885023972924697,0.4269976415591573,0.104364694471387,0.2067,338
84520D,PACK OF 20 FAIRY CAKE PAPER NAPKINS,63,607,9.63,495.79,7.87,54,0.032640782175425403,0.41672318930277946,0.012027158098933075,0.1538,795
84522,PINK PARTY SUNGLASSES,20,178,8.9,298.5,14.92,19,0.02860769013819686,0.416281639079905,0.0036857419980601356,0.1495,838
84526,GIANT BLACK SUNGLASSES,31,84,2.71,163.8,5.28,23,0.027723982325843752,0.415980170100123,0.005819592628516004,0.1498,835
84527,FLAMES SUNGLASSES PINK LENSES,20,71,3.55,131.25,6.56,19,0.027601767415624708,0.41590732069186837,0.0036857419980601356,0.1491,842
84529A,PINK KNITTED KIDS RUCKSACK,10,24,2.4,162.0,16.2,9,0.02715991350944815,0.4159761415614177,0.0017458777885548012,0.1483,850
84529B,BLUE KNITTED KID'S RUCKSACK,2,3,1.5,20.25,10.12,2,0.02696248942370969,0.4156588941383732,0.00019398642095053346,0.1476,857
84529C,YELLOW KNITTED KIDS RUCKSACK,11,33,3.0,222.75,20.25,9,0.027244523831907494,0.41611210474272253,0.0019398642095053346,0.1484,849
84531A,PINK KNITTED EGG COSY,40,181,4.53,151.71,3.79,35,0.02863589357901664,0.4159531117484856,0.007565470417070805,0.1507,826
84531B,BLUE KNITTED EGG COSY,38,187,4.92,155.61,4.1,35,0.0286923004606562,0.4159618402490138,0.007177497575169738,0.1506,827
84532B,FAIRY CAKES RECTANGLUAR BOXES,23,38,1.65,226.1,9.83,21,0.027291529566607128,0.41611960230086853,0.004267701260911736,0.1492,841
84533B,FAIRY CAKES ROUND NESTING BOXES,19,52,2.74,293.8,15.46,17,0.0274231456237661,0.41627112011773,0.0034917555771096023,0.1491,842
84534B,FAIRY CAKE NOTEBOOK A5 SIZE,110,693,6.3,589.05,5.36,69,0.0334492808122591,0.41693191236925653,0.02114451988360815,0.1572,761
84535A,ENGLISH ROSE NOTEBOOK A6 SIZE,49,575,11.73,300.15,6.13,44,0.03233994547334775,0.4162853319070516,0.009311348205625606,0.1526,807
84535B,FAIRY CAKES NOTEBOOK A6 SIZE,256,2471,9.65,1509.22,5.9,141,0.05016452007144872,0.41899132373619036,0.049466537342386034,0.1729,604
84536A,ENGLISH ROSE NOTEBOOK A7 SIZE,427,4440,10.4,1865.62,4.37,227,0.06867537839616433,0.4197889743998451,0.08263821532492725,0.1904,453
84536B,FAIRY CAKES NOTEBOOK A7 SIZE,231,2809,12.16,1127.84,4.88,131,0.05334210773714393,0.41813776590761387,0.0446168768186227,0.172,613
84537B,FAIRY CAKES GIFT BAG,11,117,10.64,49.14,4.47,10,0.028034220174861332,0.4157235521845938,0.0019398642095053346,0.1486,847
84539,KNITTED RABBIT DOLL ,10,33,3.3,54.45,5.44,9,0.027244523831907494,0.41573543637377447,0.0017458777885548012,0.1482,851
84546,CROCHET POODLE KEYRING,3,21,7.0,34.65,11.55,3,0.027131710068628374,0.4156911224480158,0.0003879728419010669,0.1477,856
84548,CROCHET BEAR RED/BLUE  KEYRING,13,41,3.15,67.65,5.2,11,0.027319733007426905,0.41576497899094683,0.0023278370514064014,0.1485,848
84549,CROCHET WHITE RABBIT KEYRING ,9,64,7.11,100.8,11.2,9,0.02753595938704522,0.41583917124543657,0.0015518913676042677,0.1483,850
84550,CROCHET LILAC/RED BEAR KEYRING,4,12,3.0,19.8,4.95,4,0.027047099746169034,0.4156578870036969,0.0005819592628516004,0.1478,855
84551,CROCHET DOG KEYRING,6,24,4.0,39.6,6.6,6,0.02715991350944815,0.4157022009294555,0.0009699321047526673,0.1479,854
84555A,YELLOW VW BEETLE CERAMIC MONEY BOX,16,46,2.88,130.9,8.18,13,0.02736673874212654,0.4159065373648979,0.002909796314258002,0.1487,846
84558A,3D DOG PICTURE PLAYING CARDS,175,1182,6.75,3371.7,19.27,116,0.03804644166588324,0.4231596974961334,0.03375363724539282,0.165,683
84559A,3D SHEET OF DOG STICKERS,152,1161,7.64,987.63,6.5,107,0.03784901758014478,0.4178239651232395,0.029291949563530553,0.1617,716
84559B,3D SHEET OF CAT STICKERS,153,1136,7.42,965.6,6.31,98,0.03761398890664661,0.4177746602856404,0.029485935984481085,0.1616,717
84559D,3D SHEET OF SEA WORLD STICKERS,29,145,5.0,123.25,4.25,23,0.02829745228917928,0.41588941607540025,0.005431619786614937,0.1499,834
84562A,PINK/WHITE RIBBED MELAMINE JUG,65,142,2.18,1065.3,16.39,48,0.0282692488483595,0.4179977965683743,0.012415130940834141,0.1529,804
84562B,BLUE/WHITE RIBBED MELAMINE JUG,5,7,1.4,55.65,11.13,5,0.0270000940114694,0.41573812206624466,0.0007759456838021338,0.1478,855
84563A,PINK & WHITE BREAKFAST TRAY,33,92,2.79,394.4,11.95,26,0.027799191501363167,0.4164962706698166,0.006207565470417071,0.1502,831
84563B,BLUE & WHITE BREAKFAST TRAY,37,96,2.59,370.2,10.01,27,0.027836796089122873,0.4164421092050006,0.006983511154219205,0.1504,829
84564,6 SEGMENT COLOURED SNACK BOWL ,9,18,2.0,143.1,15.9,9,0.027103506627808593,0.4159338419050118,0.0015518913676042677,0.1482,851
84567,FROSTED GLASS WITH SILVER SURROUND,1,9,9.0,14.85,14.85,1,0.027018896305349253,0.41564680852225727,0.0,0.1476,857
84568,GIRLS ALPHABET IRON ON PATCHES ,76,32352,425.68,6217.92,81.81,51,0.3310801917833976,0.42952975718162,0.014548981571290009,0.2584,137
84569A,PACK 3 IRON ON DOG PATCHES,67,449,6.7,562.46,8.39,59,0.031155400958916987,0.41687240190027064,0.012803103782735208,0.1536,797
84569B,PACK 3 FIRE ENGINE/CAR PATCHES,64,406,6.34,507.5,7.93,54,0.03075115164050014,0.41674939718513465,0.012221144519883608,0.1532,801
84569C,PACK 4 FLOWER/BUTTERFLY PATCHES,52,338,6.5,422.5,8.12,45,0.030111873648585127,0.4165591606351609,0.009893307468477207,0.1522,811
84569D,PACK 6 HEART/ICE-CREAM PATCHES,99,798,8.06,999.92,10.1,82,0.034436401240951396,0.41785147109028864,0.019010669253152278,0.1571,762
84570B,WHITE SATIN DRESS JEWEL STAND,2,4,2.0,19.8,9.9,2,0.02697189057064962,0.4156578870036969,0.00019398642095053346,0.1476,857
84572,6 HOOK JEWEL STAND LILAC DRESS,1,1,1.0,8.49,8.49,1,0.02694368712982984,0.41563257435216505,0.0,0.1475,858
84575A,PINK DOG CANNISTER,14,23,1.64,92.85,6.63,13,0.027150512362508226,0.4158213785328214,0.002521823472356935,0.1485,848
84575B,BROWN DOG CANNISTER W BONE,3,4,1.33,23.8,7.93,3,0.02697189057064962,0.41566683931193094,0.0003879728419010669,0.1477,856
84576,BLUE CAT BISCUIT BARREL PINK HEART,21,84,4.0,264.0,12.57,19,0.027723982325843752,0.41620442542138625,0.0038797284190106693,0.1493,840
84578,ELEPHANT TOY WITH BLUE T-SHIRT,80,160,2.0,595.68,7.45,67,0.02843846949327818,0.41694675082015453,0.015324927255092144,0.1536,797
84580,MOUSE TOY WITH PINK T-SHIRT,320,856,2.68,3213.8,10.04,197,0.034981667763467145,0.42280630512859385,0.06188166828322018,0.1732,601
84581,DOG TOY WITH PINK CROCHET SKIRT,179,441,2.46,1650.19,9.22,125,0.031080191783397576,0.4193068254591292,0.03452958292919495,0.1616,717
84582,PINK CROCHET CAT WITH SCARF,9,11,1.22,46.75,5.19,9,0.027037698599229106,0.41571820318042385,0.0015518913676042677,0.1481,852
84584,PINK GINGHAM CAT WITH SCARF,50,207,4.14,527.85,10.56,47,0.028880323399454733,0.41679494205327544,0.009505334626576139,0.1517,816
84586L,"PINK ROSES/GINGHAM PATCH RABBIT 8""",9,15,1.67,44.25,4.92,9,0.027075303186988812,0.4157126079877776,0.0015518913676042677,0.1481,852
84592,CROCHET ROSE PURSE WITH SUEDE BACK,38,163,4.29,480.85,12.65,33,0.02846667293409796,0.41668975243152523,0.007177497575169738,0.1508,825
84593,CROCHET ROSE DES CLOTHES HANGER,8,25,3.12,73.75,9.22,7,0.02716931465638808,0.4157786312610038,0.0013579049466537342,0.1481,852
84595B,LARGE TRIFLE DESIGN L BLUE BOWL,15,229,15.27,405.15,27.01,13,0.02908714863213312,0.41652032999819566,0.0027158098933074684,0.1494,839
84595E,LARGE TORTILLA DESIGN RED BOWL,27,350,12.96,653.1,24.19,22,0.030224687411864248,0.41707526120485444,0.00504364694471387,0.1508,825
84596B,SMALL DOLLY MIX DESIGN ORANGE BOWL,519,5436,10.47,3257.87,6.28,257,0.0780389207483313,0.4229049371845626,0.10048496605237633,0.2005,380
84596E,SMALL LICORICE DES PINK BOWL,128,848,6.62,810.2,6.33,91,0.03490645858794773,0.41742686311074717,0.02463627546071775,0.159,743
84596F,SMALL MARSHMALLOWS PINK BOWL,420,4158,9.9,2616.74,6.23,216,0.06602425495910501,0.42147003884003686,0.08128031037827352,0.1896,459
84596G,SMALL CHOCOLATES PINK BOWL,226,1967,8.7,1157.93,5.12,118,0.045426342013725675,0.4182051096463046,0.04364694471387003,0.1691,642
84596I,WRAP SWEETS LIGHT PINK SMALL BOWL,10,71,7.1,78.11,7.81,9,0.027601767415624708,0.41578838927697886,0.0017458777885548012,0.1484,849
84596J,MIXED NUTS LIGHT GREEN BOWL,69,670,9.71,456.53,6.62,51,0.03323305443264078,0.41663532239746215,0.013191076624636276,0.1544,789
84596K,JELLY BABIES YELLOW SMALL BOWL,65,357,5.49,418.89,6.44,49,0.030290495440443734,0.4165510811769797,0.012415130940834141,0.1531,802
84596L,BISCUITS SMALL BOWL LIGHT BLUE,130,1262,9.71,720.94,5.55,78,0.03879853342107737,0.4172270923525041,0.025024248302618818,0.1603,730
84597B,RETRO BROWN BALL ASHTRAY ,20,192,9.6,230.4,11.52,11,0.028739306195355835,0.41612922603222013,0.0036857419980601356,0.1495,838
84597C,RETRO PINK BALL ASHTRAY ,37,348,9.41,415.8,11.24,21,0.030205885117984395,0.4165441655188688,0.006983511154219205,0.1512,821
84598,BOYS ALPHABET IRON ON PATCHES,43,17665,410.81,3421.65,79.57,30,0.19300554667669456,0.4232714894452062,0.008147429679922406,0.2081,327
84599,CANDY STRIPE ROSE FLOOR CUSHION,2,6,3.0,47.7,23.85,2,0.026990692864529472,0.4157203293536295,0.00019398642095053346,0.1476,857
84600,NEW BAROQUE JEWELLERY BOX ,42,91,2.17,694.45,16.53,31,0.02778979035442324,0.4171678056912241,0.007953443258971873,0.151,823
84601A,NEW BAROQUE IVORY CUSHION COVER ,13,104,8.0,420.2,32.32,9,0.027912005264642287,0.41655401305792633,0.0023278370514064014,0.1489,844
84608,ORNATE EDWARDIAN CANDLE HOLDER,5,4,0.8,31.8,6.36,5,0.02697189057064962,0.41568474392839905,0.0007759456838021338,0.1478,855
84609,TALL ROCOCO CANDLE HOLDER,28,127,4.54,1034.5,36.95,23,0.0281282316442606,0.41792886379497207,0.0052376333656644035,0.1504,829
84611B,BLACK NEW BAROQUE FLOCK BOX,6,4,0.67,23.8,3.97,4,0.02697189057064962,0.41566683931193094,0.0009699321047526673,0.1479,854
84612B,SET/4 BLACK  BAROQUE FLOCK COASTER,4,20,5.0,51.0,12.75,4,0.027122308921688446,0.41572771500792255,0.0005819592628516004,0.1478,855
84613A,PINK NEW BAROQUE FLOCK CANDLESTICK,11,21,1.91,97.65,8.88,9,0.027131710068628374,0.41583212130270225,0.0019398642095053346,0.1483,850
84613C,BLUE NEW BAROQUE FLOCK CANDLESTICK,12,62,5.17,258.06,21.5,11,0.027517157093165365,0.4161911312436587,0.002133850630455868,0.1486,847
84614A,PINK BAROQUE FLOCK CANDLE HOLDER,8,11,1.38,65.45,8.18,7,0.027037698599229106,0.4157600552214181,0.0013579049466537342,0.1481,852
84614C,BLUE BAROQUE FLOCK CANDLE HOLDER,1,3,3.0,17.85,17.85,1,0.02696248942370969,0.4156535227534328,0.0,0.1475,858
84615,PINK ROUND BUTTERFLY MIRROR ,19,197,10.37,426.15,22.43,13,0.028786311930055465,0.41656732961642445,0.0034917555771096023,0.1496,837
84616,SILVER ROCCOCO CHANDELIER,25,65,2.6,1177.95,47.12,19,0.027545360533985146,0.41824991594901606,0.004655674102812803,0.1502,831
84617, NEW BAROQUE BLACK BOXES,7,11,1.57,140.25,20.04,7,0.027037698599229106,0.41592746338539505,0.0011639185257032007,0.148,853
84619,BLUE GINGHAM ROSE QUILT ,26,69,2.65,1444.15,55.54,22,0.02758296512174485,0.41884569206199274,0.004849660523763337,0.1504,829
84620,BLUE GINGHAM ROSE CUSHION COVER,46,111,2.41,660.45,14.36,41,0.027977813293221774,0.41709171107123455,0.008729388942774006,0.1513,820
84621,BLUE GINGHAM ROSE FLOOR CUSHION ,13,27,2.08,214.65,16.51,9,0.027188116950267932,0.41609397631854855,0.0023278370514064014,0.1485,848
84622,PINK GINGHAM ROSE CUSHION COVER,8,20,2.5,119.0,14.88,8,0.027122308921688446,0.41587990424790156,0.0013579049466537342,0.1481,852
84623,PINK GINGHAM ROSE FLOOR CUSHION,12,53,4.42,261.35,21.78,8,0.027432546770706025,0.4161984945171812,0.002133850630455868,0.1486,847
84625A,PINK NEW BAROQUECANDLESTICK CANDLE,66,734,11.12,833.9,12.63,40,0.033834727836796086,0.41747990553703396,0.012609117361784675,0.1546,787
84625B,BLCK NEW BAROQUE CANDLESTICK CANDLE,18,168,9.33,268.8,14.93,15,0.028513678668797594,0.4162151681912671,0.003297769156159069,0.1493,840
84625C,BLUE NEW BAROQUE CANDLESTICK CANDLE,65,673,10.35,767.35,11.81,29,0.03326125787346056,0.4173309615087898,0.012415130940834141,0.1543,790
84625D,WHITE NEWBAROQUE CANDLESTICK CANDLE,51,608,11.92,676.4,13.26,37,0.03265018332236533,0.41712740840031787,0.009699321047526674,0.1532,801
84626,CANDY STRIPE ROSE QUILT,1,1,1.0,45.95,45.95,1,0.02694368712982984,0.4157164127187771,0.0,0.1476,857
84627,CANDY STRIPE ROSE C/COVER ,21,42,2.0,249.9,11.9,15,0.027329134154366833,0.4161728685348612,0.0038797284190106693,0.1491,842
84629,WHITE 3 FRAME BIRDS AND TREE ,14,23,1.64,232.85,16.63,12,0.027150512362508226,0.41613470932101354,0.002521823472356935,0.1486,847
84630,FLOWERS AND BIRDS WALL PLAQUE,1,2,2.0,15.9,15.9,1,0.026953088276769767,0.4156491585031687,0.0,0.1475,858
84631,FRUIT TREE AND BIRDS WALL PLAQUE,26,250,9.62,691.5,26.6,19,0.02928457271787158,0.41716120336390144,0.004849660523763337,0.1504,829
84632,DECORATIVE HANGING SHELVING UNIT,11,13,1.18,739.35,67.21,8,0.02705650089310896,0.4172682953511514,0.0019398642095053346,0.1488,845
84637,KITCHEN FLOWER POTS WALL PLAQUE,33,487,14.76,867.25,26.28,28,0.0315126445426342,0.41755454540693543,0.006207565470417071,0.1518,815
84638,SMALL KITCHEN FLOWER POTS PLAQUE,31,356,11.48,714.2,23.04,27,0.030281094293503806,0.4172120077131298,0.005819592628516004,0.1511,822
84648,NEW BAROQUE WALL MIRROR,1,1,1.0,12.75,12.75,1,0.02694368712982984,0.4156421085604344,0.0,0.1475,858
84653,GREEN ROSE QUILT ,8,10,1.25,453.5,56.69,8,0.027028297452289178,0.41662854102397484,0.0013579049466537342,0.1483,850
84656,WHITE ROSE C/COVER,12,20,1.67,119.0,9.92,12,0.027122308921688446,0.41587990424790156,0.002133850630455868,0.1484,849
84657,GREEN ROSE CUSHION COVER,19,245,12.89,496.25,26.12,14,0.029237566983171946,0.41672421881822636,0.0034917555771096023,0.1498,835
84658,WHITE STITCHED CUSHION COVER,57,198,3.47,1060.78,18.61,50,0.028795713076995393,0.41798768046006984,0.010863239573229874,0.1525,808
84659A,WHITE TRAVEL ALARM CLOCK,75,308,4.11,758.01,10.11,55,0.02982983924038733,0.4173100578690633,0.014354995150339476,0.1538,795
84660A,WHITE STITCHED WALL CLOCK,44,849,19.3,809.86,18.41,34,0.03491585973488766,0.41742610216454723,0.00834141610087294,0.1536,797
84660B,BLACK STITCHED WALL CLOCK,44,727,16.52,804.65,18.29,26,0.0337689198082166,0.4174144417830724,0.00834141610087294,0.1532,801
84660C,PINK STITCHED WALL CLOCK,55,689,12.53,778.07,14.15,29,0.033411676224499386,0.4173549536948571,0.010475266731328807,0.1537,796
84661A,WHITE SQUARE TABLE CLOCK,25,203,8.12,228.54,9.14,22,0.028842718811695027,0.4161250632088913,0.004655674102812803,0.1499,834
84661B,BLACK SQUARE TABLE CLOCK,26,207,7.96,374.29,14.4,21,0.028880323399454733,0.4164512629401699,0.004849660523763337,0.1501,832
84661C,PINK SQUARE TABLE CLOCK,12,137,11.42,124.55,10.38,12,0.028222243113659867,0.4158923255755763,0.002133850630455868,0.1487,846
84663A,GRASS HOPPER WOODEN WALL CLOCK ,43,339,7.88,574.73,13.37,34,0.030121274795525056,0.41689986310577865,0.008147429679922406,0.1517,816
84664,CHERRY BLOSSOM BATHROOM CABINET,52,187,3.6,925.65,17.8,17,0.0286923004606562,0.4176852491071527,0.009893307468477207,0.1521,812
84665,SQUARE CHERRY BLOSSOM CABINET,52,200,3.85,1210.0,23.27,25,0.028814515370875246,0.41832164631874147,0.009893307468477207,0.1523,810
84666,SQUARE CHERRY BLOSSOM CABINET,33,226,6.85,892.7,27.05,13,0.02905894519131334,0.41761150446807466,0.006207565470417071,0.151,823
84670,JAPANESE CROCHETED ANIMAL,177,4978,28.12,1997.16,11.28,114,0.07373319544984488,0.42008337105612215,0.03414161008729389,0.176,575
84671B,CROCHET BEAR WITH BLUE STRIPES,25,98,3.92,249.9,10.0,20,0.027855598383002726,0.4161728685348612,0.004655674102812803,0.1496,837
84673A,PINK FLY SWAT,73,456,6.25,273.36,3.74,57,0.031221208987496474,0.41622537382265395,0.01396702230843841,0.1538,795
84673B,BLUE FLY SWAT,81,419,5.17,298.81,3.69,65,0.03087336655071919,0.4162823328837932,0.015518913676042677,0.1542,791
84674,FLYING PIG WATERING CAN,96,437,4.55,1073.15,11.18,67,0.031042587195637867,0.41801536547328366,0.01842870999030068,0.1558,775
84675,FROG KING WATERING CAN,46,179,3.89,444.05,9.65,39,0.028617091285136786,0.41660739119577184,0.008729388942774006,0.1513,820
84676,BATH DUCK WATERING CAN,108,783,7.25,1883.97,17.44,76,0.0342953840368525,0.41983004311386884,0.02075654704170708,0.1583,750
84678,CLASSICAL ROSE SMALL VASE,70,531,7.59,966.65,13.81,53,0.031926295007990976,0.41777701026655184,0.01338506304558681,0.1544,789
84679,CLASSICAL ROSE TABLE LAMP,5,13,2.6,97.35,19.47,4,0.02705650089310896,0.41583144987958476,0.0007759456838021338,0.1479,854
84680,CLASSICAL ROSE URN,18,92,5.11,356.4,19.8,14,0.027799191501363167,0.41641122374159306,0.003297769156159069,0.1492,841
84682,CLASSICAL ROSE DISH,43,277,6.44,511.15,11.89,31,0.0295384036852496,0.41675756616639825,0.008147429679922406,0.1515,818
84683,CLASSICAL ROSE CANDLESTAND,31,508,16.39,447.8,14.45,18,0.03171006862837266,0.4166157839847413,0.005819592628516004,0.1514,819
84684,BEACH HUT PHOTO FRAME,23,522,22.7,532.1,23.13,17,0.031841684685531634,0.41680445388077414,0.004267701260911736,0.151,823
84685,BEACH HUT KEY CABINET,57,356,6.25,777.5,13.64,46,0.030281094293503806,0.4173536779909337,0.010863239573229874,0.1528,805
84686,BEACH HUT MIRROR,40,324,8.1,611.14,15.28,33,0.029980257591426154,0.4169813514914792,0.007565470417070805,0.1515,818
84687,BEACH HUT SHELF W 3 DRAWERS,57,285,5.0,923.75,16.21,44,0.029613612860769013,0.41768099676074155,0.010863239573229874,0.1527,806
84688,BEACH HUT DESIGN BLACKBOARD,55,335,6.09,869.95,15.82,39,0.030083670207765346,0.4175605882149935,0.010475266731328807,0.1527,806
84689,S/2 BEACH HUT TREASURE CHESTS,38,288,7.58,622.1,16.37,30,0.029641816301588794,0.4170058808160405,0.007177497575169738,0.1513,820
84690,S/2 BEACH HUT STOOLS,14,24,1.71,190.8,13.63,12,0.02715991350944815,0.41604059818070294,0.002521823472356935,0.1486,847
84691,PACK 20 DOLLY PEGS,183,2534,13.85,1980.3,10.82,124,0.0507567923286641,0.42004563707691556,0.03530552861299709,0.1687,646
84692,BOX OF 24 COCKTAIL PARASOLS,745,17117,22.98,6887.95,9.25,348,0.18785371815361473,0.4310293359531368,0.1443258971871969,0.2544,148
84705A,ENGLISH ROSE PHOTO FRAME ,7,14,2.0,65.1,9.3,5,0.027065902040048887,0.4157592718944476,0.0011639185257032007,0.148,853
84705B,FAIRY CAKES PHOTO FRAME,2,83,41.5,103.75,51.88,2,0.027714581178903828,0.4158457735727592,0.00019398642095053346,0.1479,854
84705C,PINK FLOCK PHOTO FRAME ,6,160,26.67,213.6,35.6,5,0.02843846949327818,0.41609162633763713,0.0009699321047526673,0.1485,848
84705D,CHERRY BLOSSOM PHOTO FRAME ,4,10,2.5,46.5,11.62,3,0.027028297452289178,0.41571764366115926,0.0005819592628516004,0.1478,855
84705F,RED PEONY PHOTO FRAME ,5,8,1.6,37.2,7.44,4,0.027009495158409325,0.4156968295445151,0.0007759456838021338,0.1478,855
84706A,ENGLISH ROSE TABLE CLOCK,6,136,22.67,307.2,51.2,6,0.02821284196671994,0.41630111035031414,0.0009699321047526673,0.1485,848
84706B,FAIRY CAKES TABLE CLOCK,10,17,1.7,152.15,15.22,10,0.027094105480868665,0.41595409650239135,0.0017458777885548012,0.1483,850
84706C,PINK FLOCK TABLE CLOCK ,4,84,21.0,170.8,42.7,4,0.027723982325843752,0.41599583663953266,0.0005819592628516004,0.1481,852
84706D,CHERRY BLOSSOM TABLE CLOCK ,15,215,14.33,475.25,31.68,14,0.028955532574974147,0.41667721919999756,0.0027158098933074684,0.1494,839
84706F,RED PEONY TABLE CLOCK,18,32,1.78,190.4,10.58,15,0.027235122684967566,0.4160397029498795,0.003297769156159069,0.1489,844
84707A,SILVER JEWELLED MIRROR TRINKET TRAY,40,91,2.28,689.49,17.24,36,0.02778979035442324,0.4171567048290138,0.007565470417070805,0.1508,825
84707B,PINK JEWELLED MIRROR TRINKET TRAY,23,43,1.87,317.86,13.82,22,0.027338535301306758,0.41632496825175785,0.004267701260911736,0.1493,840
84708B,PINK JEWELLED PHOTO FRAME ,46,126,2.74,618.1,13.44,36,0.02811883049732067,0.41699692850780645,0.008729388942774006,0.1513,820
84709A,SILVER OVAL JEWELLED MIRROR,12,21,1.75,124.95,10.41,11,0.027131710068628374,0.4158932208063998,0.002133850630455868,0.1484,849
84709B,PINK OVAL JEWELLED MIRROR,43,110,2.56,623.3,14.5,33,0.027968412146281846,0.4170085665085107,0.008147429679922406,0.151,823
84711A,SILVER OVAL SHAPE TRINKET BOX,14,31,2.21,308.45,22.03,13,0.027225721538027638,0.4163039079466373,0.002521823472356935,0.1487,846
84711B,PINK OVAL SHAPE TRINKET BOX,12,20,1.67,199.0,16.58,11,0.027122308921688446,0.4160589504125828,0.002133850630455868,0.1484,849
84712B,PINK JEWELLED PHOTO FRAME,36,67,1.86,529.47,14.71,29,0.027564162827865,0.41679856773811025,0.006789524733268671,0.1504,829
84715,SET OF 6 ICE CREAM SKITTLES,39,232,5.95,684.4,17.55,35,0.0291153520729529,0.417145313016786,0.007371483996120271,0.1512,821
84720,DOT MATRIX CANVAS ART PICTURE,3,35,11.67,147.05,49.02,3,0.027263326125787347,0.4159426823093929,0.0003879728419010669,0.1479,854
84721,MANHATTAN CANVAS ART PICTURE,2,20,10.0,87.8,43.9,2,0.027122308921688446,0.4158100762436759,0.00019398642095053346,0.1477,856
84723,CHERRY BLOSSOM CANVAS ART PICTURE,14,48,3.43,153.6,10.97,11,0.02738554103600639,0.41595734171412624,0.002521823472356935,0.1486,847
84725,FREESTYLE CANVAS ART PICTURE,28,133,4.75,212.25,7.58,24,0.028184638525900158,0.4160886049336081,0.0052376333656644035,0.1498,835
84726,LILLIES CANVAS PICTURE,5,233,46.6,394.85,78.97,4,0.029124753219892826,0.41649727780449297,0.0007759456838021338,0.1488,845
84731,3 BIRDS CANVAS SCREEN,3,3,1.0,3.69,1.23,3,0.02696248942370969,0.4156218315822842,0.0003879728419010669,0.1477,856
84732B,CUTE BIRD CEATURE SCREEN,6,28,4.67,18.48,3.08,6,0.02719751809720786,0.4156549327419797,0.0009699321047526673,0.1479,854
84732D,CUTE RABBIT CEATURE SCREEN ,6,15,2.5,10.89,1.82,6,0.027075303186988812,0.41563794573710555,0.0009699321047526673,0.1479,854
84741C,CITRUS GARLAND FELT FLOWERS ,48,180,3.75,351.0,7.31,42,0.028626492432076715,0.4163991381254771,0.009117361784675072,0.1514,819
84743C,ORANGE FELT VASE + FLOWERS,5,9,1.8,11.25,2.25,5,0.027018896305349253,0.4156387514448466,0.0007759456838021338,0.1478,855
84744,S/6 SEW ON CROCHET FLOWERS,31,147,4.74,183.75,5.93,26,0.028316254583059135,0.41602481973744043,0.005819592628516004,0.1501,832
84745A,PINK HANGING GINGHAM EASTER HEN,17,72,4.24,30.24,1.78,13,0.027611168562564632,0.4156812525281878,0.0031037827352085354,0.1488,845
84745B,BLUE HANGING GINGHAM EASTER HEN,18,83,4.61,34.86,1.94,15,0.027714581178903828,0.4156915924441981,0.003297769156159069,0.1489,844
84746,PINK EASTER HENS+FLOWER,8,12,1.5,45.0,5.62,6,0.027047099746169034,0.41571428654557147,0.0013579049466537342,0.148,853
84748,FOLK FELT HANGING MULTICOL GARLAND,32,980,30.62,1231.8,38.49,27,0.03614740998401805,0.41837043639861704,0.0060135790494665374,0.1535,798
84750A,PINK SMALL GLASS CAKE STAND,57,407,7.14,738.75,12.96,42,0.030760552787440068,0.41726695250491624,0.010863239573229874,0.153,803
84750B,BLACK SMALL GLASS CAKE STAND,59,559,9.47,948.45,16.08,44,0.03218952712230892,0.4177362772640869,0.01125121241513094,0.1537,796
84751B,BLACK MEDIUM GLASS CAKE STAND,22,35,1.59,107.57,4.89,18,0.027263326125787347,0.4158543230271228,0.004073714839961203,0.1491,842
84753A,PINK EAU DE COLOGNE BOTTLE,15,85,5.67,72.25,4.82,14,0.02773338347278368,0.415775274145416,0.0027158098933074684,0.1487,846
84754,S/15 SILVER GLASS BAUBLES IN BAG,169,1812,10.72,2182.92,12.92,129,0.04396916423803704,0.42049911625051195,0.032589718719689624,0.1657,676
84755,COLOUR GLASS T-LIGHT HOLDER HANGING,1140,38537,33.8,23187.71,20.34,524,0.389226285606844,0.46750945486843754,0.2209505334626576,0.3592,30
84757,ENCHANTED GARDEN WROUGHT IRON TABLE,4,5,1.25,74.75,18.69,4,0.026981291717589544,0.4157808693380623,0.0005819592628516004,0.1478,855
84760L,LARGE HANGING GLASS+ZINC LANTERN,1,560,560.0,896.0,896.0,1,0.03219892826924885,0.41761889012236775,0.0,0.1499,834
84760S,SMALL HANGING GLASS+ZINC LANTERN,25,197,7.88,285.65,11.43,24,0.028786311930055465,0.4162528797897031,0.004655674102812803,0.1499,834
84761,IVORY HANGING BIRD PLANTER ,47,237,5.04,593.55,12.63,33,0.029162357807652535,0.41694198371601987,0.008923375363724539,0.1517,816
84762A,WHITE PICNIC BARBECUE BUCKET,27,43,1.59,380.45,14.09,24,0.027338535301306758,0.41646504949485036,0.00504364694471387,0.1496,837
84762B,PINK PICNIC BARBECUE BUCKET,21,82,3.9,574.3,27.35,19,0.0277051800319639,0.41689890073264346,0.0038797284190106693,0.1495,838
84762C,GREEN PICNIC BARBECUE BUCKET,18,78,4.33,531.3,29.52,18,0.027667575444204194,0.4168026634191273,0.003297769156159069,0.1493,840
84763,ZINC FINISH 15CM PLANTER POTS,149,1467,9.85,1778.27,11.93,106,0.040725768543762336,0.41959347836878375,0.02870999030067895,0.163,703
84765,SILVER ROCOCO CANDELABRA,5,5,1.0,63.75,12.75,4,0.026981291717589544,0.41575625049041864,0.0007759456838021338,0.1478,855
84766,SILVER ROCOCO CANDLE STICK,31,184,5.94,594.8,19.19,24,0.02866409701983642,0.416944781312343,0.005819592628516004,0.1505,828
84767,ZINC POLICE BOX LANTERN,4,193,48.25,783.7,195.92,4,0.02874870734229576,0.4173675540686965,0.0005819592628516004,0.1489,844
84770,ROUND GEORGIAN SILVER MIRROR,23,89,3.87,283.55,12.33,14,0.027770988060543386,0.4162481798278802,0.004267701260911736,0.1494,839
84773,RED ROSE AND LACE C/COVER,49,185,3.78,545.75,11.14,34,0.02867349816677635,0.4168350036326229,0.009311348205625606,0.1516,817
84782A,PINK 3 TIER GLASS PLATE STAND,32,113,3.53,763.95,23.87,25,0.027996615587101627,0.4173233520467909,0.0060135790494665374,0.1504,829
84782B,BLACK 3 TIER GLASS PLATE STAND,6,10,1.67,127.5,21.25,6,0.027028297452289178,0.41589892790289895,0.0009699321047526673,0.148,853
84782C,GREEN 3 TIER GLASS PLATE STAND,22,68,3.09,459.8,20.9,20,0.027573563974804927,0.4166426409094435,0.004073714839961203,0.1494,839
84789,ENCHANTED BIRD PLANT CAGE,117,424,3.62,1434.0,12.26,81,0.030920372285418822,0.4188229755798488,0.02250242483026188,0.1574,759
84791,GINGHAM HEART DECORATION,76,290,3.82,845.9,11.13,66,0.029660618595468646,0.4175067624617361,0.014548981571290009,0.1539,794
84792,ENCHANTED BIRD COATHANGER 5 HOOK,446,2133,4.78,9060.53,20.32,248,0.0469869324057535,0.43589173740892534,0.0863239573229874,0.1897,458
84795A,PASTEL STRIPE HAMMOCK ,57,194,3.4,1458.3,25.58,34,0.028758108489235688,0.4188773608523707,0.010863239573229874,0.1528,805
84795B,SUNSET CHECK HAMMOCK,83,283,3.41,2135.85,25.73,56,0.02959481056688916,0.4203937699633676,0.015906886517943745,0.1553,780
84795C,OCEAN STRIPE HAMMOCK ,107,293,2.74,2245.35,20.98,70,0.029688822036288427,0.420638839401275,0.020562560620756547,0.157,763
84795D,SEASIDE STRIPE HAMMOCK,74,178,2.41,1380.1,18.65,53,0.02860769013819686,0.4187023432263949,0.014161008729388943,0.1538,795
84795E,RIO PINK STRIPE HAMMOCK,6,10,1.67,79.5,13.25,3,0.027028297452289178,0.4157915002040902,0.0009699321047526673,0.1479,854
84796A,PINK HAWAIIAN PICNIC HAMPER FOR 2,25,150,6.0,856.5,34.26,23,0.028344458023878912,0.4175304860785564,0.004655674102812803,0.1502,831
84796B,BLUE SAVANNAH PICNIC HAMPER FOR 2,32,230,7.19,1645.3,51.42,28,0.02909654977907305,0.41929588126231304,0.0060135790494665374,0.1515,818
84797A,PINK HAWAIIAN PICNIC HAMPER FOR 4,25,349,13.96,1883.55,75.34,21,0.03021528626492432,0.41982910312150423,0.004655674102812803,0.1516,817
84797B,BLUE SAVANNAH PICNIC HAMPER FOR 4,25,308,12.32,1620.6,64.82,22,0.02982983924038733,0.41924060075896774,0.004655674102812803,0.1512,821
84798A,PINK FOXGLOVE ARTIIFCIAL FLOWER,10,174,17.4,378.9,37.89,9,0.028570085550437153,0.4164615804754096,0.0017458777885548012,0.1489,844
84798B,PURPLE FOXGLOVE ARTIIFCIAL FLOWER,9,322,35.78,482.7,53.63,8,0.0299614552975463,0.41669389287408354,0.0015518913676042677,0.1494,839
84798C,WHITE FOXGLOVE ARTIIFCIAL FLOWER,3,16,5.33,40.8,13.6,3,0.02708470433392874,0.4157048866219257,0.0003879728419010669,0.1477,856
84799,SPRIG LAVENDER ARTIFICIAL FLOWER,31,607,19.58,479.87,15.48,26,0.032640782175425403,0.4166875591160079,0.005819592628516004,0.1517,816
84800L,LARGE WHITE/PINK ROSE ART FLOWER,38,623,16.39,923.87,24.31,32,0.032791200526464226,0.41768126532998856,0.007177497575169738,0.1525,808
84800M,MEDIUM WHITE/PINK ROSE ART FLOWER,27,246,9.11,350.46,12.98,26,0.029246968130111874,0.41639792956386545,0.00504364694471387,0.1502,831
84800S,SMALL WHITE/PINK ROSE ART FLOWER,20,386,19.3,289.54,14.48,19,0.03056312870170161,0.4162615859094608,0.0036857419980601356,0.1502,831
84801A,PINK HYDRANGEA ART FLOWER,15,272,18.13,427.44,28.5,14,0.029491397950549968,0.41657021673582995,0.0027158098933074684,0.1496,837
84801B,WHITE HYDRANGEA ART FLOWER,16,202,12.62,319.8,19.99,14,0.0288333176647551,0.41632931012125135,0.002909796314258002,0.1494,839
84802A,WHITE ANEMONE ARTIFICIAL FLOWER,21,171,8.14,288.99,13.76,21,0.028541882109617372,0.4162603549670785,0.0038797284190106693,0.1496,837
84802B,PURPLE ANEMONE ARTIFICIAL FLOWER,16,405,25.31,379.65,23.73,16,0.030741750493560215,0.4164632590332035,0.002909796314258002,0.15,833
84803A,PINK ALLIUM  ARTIFICIAL FLOWER,17,106,6.24,179.14,10.54,16,0.02793080755852214,0.4160145022022007,0.0031037827352085354,0.149,843
84803B,WHITE ALLIUM  ARTIFICIAL FLOWER,11,34,3.09,57.46,5.22,11,0.02725392497884742,0.4157421729857205,0.0019398642095053346,0.1483,850
84804A,CREAM DELPHINIUM ARTIFICIAL FLOWER,17,215,12.65,387.53,22.8,15,0.028955532574974147,0.41648089508042463,0.0031037827352085354,0.1495,838
84804B,BLUE DELPHINIUM ARTIFICIAL FLOWER,21,354,16.86,499.02,23.76,17,0.030262291999623953,0.41673041829167845,0.0038797284190106693,0.1503,830
84805A,CREAM CLIMBING HYDRANGA ART FLOWER,7,145,20.71,205.35,29.34,7,0.02829745228917928,0.4160731622019044,0.0011639185257032007,0.1485,848
84805B,BLUE CLIMBING HYDRANGA ART FLOWER,8,339,42.38,547.65,68.46,7,0.030121274795525056,0.41683925597903404,0.0013579049466537342,0.1494,839
84806A,PINK CANDYSTUFT ARTIFICIAL FLOWER,20,319,15.95,261.91,13.1,19,0.02993325185672652,0.416199747840334,0.0036857419980601356,0.1499,834
84806B,WHITE CANDYSTUFT ARTIFICIAL FLOWER,30,433,14.43,543.37,18.11,28,0.03100498260787816,0.4168296770092236,0.00562560620756547,0.1512,821
84807,RED POPPY ARTIFICIAL FLOWER,7,233,33.29,215.93,30.85,7,0.029124753219892826,0.4160968410571834,0.0011639185257032007,0.1488,845
84809A,WHITE CHRYSANTHEMUMS ART FLOWER,18,259,14.39,439.14,24.4,18,0.02936918304033092,0.4165964022374146,0.003297769156159069,0.1498,835
84809B,PINK CHRYSANTHEMUMS ART FLOWER,8,296,37.0,351.6,43.95,7,0.029717025477108208,0.4164004809717122,0.0013579049466537342,0.1492,841
84813,SET OF 4 DIAMOND NAPKIN RINGS,70,378,5.4,2718.52,38.84,53,0.030487919526182194,0.4216978303230525,0.01338506304558681,0.1552,781
84814A,HEXAGONAL CRYSTAL PERFUME BOTTLE,1,1,1.0,1.95,1.95,1,0.02694368712982984,0.4156179373282024,0.0,0.1475,858
84814B,RHOMBUS CRYSTAL PERFUME BOTTLE,2,6,3.0,11.7,5.85,2,0.026990692864529472,0.41563975857952296,0.00019398642095053346,0.1476,857
84815,SET OF 3 DANISH ROSE PLANTERS,36,906,25.17,1022.5,28.4,34,0.035451725110463475,0.4179020068702699,0.006789524733268671,0.1534,799
84816,DANISH ROSE BEDSIDE CABINET,25,23,0.92,878.85,35.15,18,0.027150512362508226,0.41758050710081424,0.004655674102812803,0.1498,835
84817,DANISH ROSE DECORATIVE PLATE,85,1008,11.86,832.8,9.8,70,0.036410642098336,0.4174774436522696,0.016294859359844812,0.1567,766
84818,DANISH ROSE PHOTO FRAME,162,1584,9.78,1990.56,12.29,122,0.04182570273573376,0.42006859974753596,0.031231813773035886,0.1644,689
84819,DANISH ROSE ROUND SEWING BOX,96,903,9.41,1342.79,13.99,82,0.035423521669643694,0.4186188405713417,0.01842870999030068,0.1575,758
84820,DANISH ROSE TRINKET TRAYS,51,311,6.1,792.45,15.54,46,0.029858042681207106,0.41738713724295856,0.009699321047526674,0.1523,810
84821,DANISH ROSE DELUXE COASTER,69,1294,18.75,712.3,10.32,50,0.03909937012315502,0.4172077553667185,0.013191076624636276,0.1565,768
84823,DANISH ROSE FOLDING CHAIR,30,119,3.97,1170.05,39.0,29,0.028053022468741185,0.41823223514025376,0.00562560620756547,0.1506,827
84824,DANISH ROSE UMBRELLA STAND,28,32,1.14,497.6,17.77,23,0.027235122684967566,0.4167272402222554,0.0052376333656644035,0.1497,836
84826,ASSTD DESIGN 3D PAPER STICKERS,54,1611,29.83,764.53,14.16,48,0.04207953370311178,0.4173246501314848,0.010281280310378274,0.1566,767
84827,ASS DES PHONE SPONGE CRAFT STICKER,30,1025,34.17,488.49,16.28,23,0.03657046159631475,0.41670685134025226,0.00562560620756547,0.153,803
84828,JUNGLE POPSICLES ICE LOLLY HOLDERS,237,2262,9.54,2781.81,11.74,146,0.04819968036100404,0.42183947822008594,0.0457807953443259,0.1719,614
84830,LARGE ENGLISH ARBORETUM,8,110,13.75,1144.3,143.04,7,0.027968412146281846,0.418174604655997,0.0013579049466537342,0.1492,841
84832,ZINC WILLIE WINKIE  CANDLE STICK,454,6154,13.56,5117.02,11.27,281,0.08478894425119865,0.42706585814790077,0.08787584869059166,0.1999,383
84836,ZINC METAL HEART DECORATION,1278,19226,15.04,23203.93,18.16,663,0.2076807370499201,0.46754575647832664,0.24772065955383124,0.3076,65
84837,WHITE SWEETHEARTS CABINET 4 DRAWERS,134,239,1.78,2915.25,21.76,109,0.029181160101532388,0.4221381272227742,0.02580019398642095,0.159,743
84838,ANT WHITE HIGH RISE BIRD BOX,3,49,16.33,304.0,101.33,3,0.02739494218294632,0.41629394850372686,0.0003879728419010669,0.148,853
84839,SWEETHEART KEY CABINET,362,1466,4.05,8123.1,22.44,219,0.04071636739682241,0.4337936968319616,0.07002909796314258,0.1815,528
84840,SWEETHEART CARRY-ALL BASKET,128,260,2.03,2169.2,16.95,110,0.029378584187270847,0.4204684098332691,0.02463627546071775,0.1582,751
84842,HELLO SAILOR BATHROOM SET,27,775,28.7,437.45,16.2,22,0.03422017486133308,0.4165926198871857,0.00504364694471387,0.152,813
84843,WHITE SOAP RACK WITH 2 BOTTLES,89,245,2.75,1364.15,15.33,66,0.029237566983171946,0.41866664589731156,0.017070805043646945,0.155,783
84845A,HOLLYHOCK SQUARE HANDY TIN,1,1,1.0,1.25,1.25,1,0.02694368712982984,0.41561637067426144,0.0,0.1475,858
84845C,CARNATION SQUARE HANDY TIN,15,39,2.6,48.75,3.25,14,0.027300930713547052,0.4157226793345409,0.0027158098933074684,0.1486,847
84845D,GERANIUM SQUARE HANDY TIN,11,41,3.73,51.25,4.66,11,0.027319733007426905,0.4157282745271872,0.0019398642095053346,0.1483,850
84846A,SCENTED CANDLE IN DIGITALIS TIN,42,232,5.52,487.2,11.6,39,0.0291153520729529,0.4167039642208468,0.007953443258971873,0.1513,820
84847,FLORAL BATHROOM SET,38,1199,31.55,674.73,17.76,32,0.03820626116386199,0.41712367081163015,0.007177497575169738,0.1542,791
84849A,HELLO SAILOR BLUE SOAP HOLDER,72,407,5.65,661.91,9.19,55,0.030760552787440068,0.41709497866373996,0.013773035887487876,0.1539,794
84849B,FAIRY SOAP SOAP HOLDER,229,1806,7.89,2911.02,12.71,123,0.04391275735639748,0.42212866015681666,0.04422890397672163,0.1701,632
84849D,HOT BATHS SOAP HOLDER,231,1494,6.47,2444.22,10.58,122,0.04097959951114036,0.42108392578590187,0.0446168768186227,0.1689,644
84854,GIRLY PINK TOOL SET,59,279,4.73,1297.75,22.0,42,0.029557205979129454,0.41851803758062617,0.01125121241513094,0.1531,802
84855,BLOKEY SILVER TOOL SET,12,31,2.58,153.45,12.79,10,0.027225721538027638,0.41595700600256746,0.002133850630455868,0.1484,849
84856L,LARGE TAHITI BEACH BAG,55,211,3.84,1177.45,21.41,46,0.02891792798721444,0.41824879691048683,0.010475266731328807,0.1525,808
84856S,SMALL TAHITI BEACH BAG,30,456,15.2,1798.68,59.96,25,0.031221208987496474,0.41963915752154807,0.00562560620756547,0.1522,811
84857A,SILVER MONTE CARLO HANDBAG,3,8,2.67,68.0,22.67,2,0.027009495158409325,0.41576576231791734,0.0003879728419010669,0.1477,856
84857B,BLUE MONTE CARLO HANDBAG,2,22,11.0,42.9,21.45,2,0.0271411112155683,0.41570958658374857,0.00019398642095053346,0.1477,856
84857C,PINK MONTE CARLO HANDBAG,15,192,12.8,400.6,26.71,13,0.028739306195355835,0.4165101467475794,0.0027158098933074684,0.1493,840
84858A,NATURAL RIVIERA HANDBAG,7,52,7.43,116.7,16.67,7,0.0274231456237661,0.41587475667066703,0.0011639185257032007,0.1482,851
84858B,BLUE RIVIERA HANDBAG,9,326,36.22,431.0,47.89,8,0.029999059885306007,0.41657818429015825,0.0015518913676042677,0.1494,839
84858C,PINK RIVIERA HANDBAG,27,344,12.74,575.7,21.32,22,0.030168280530224686,0.4169020340405254,0.00504364694471387,0.1507,826
84859A,SILVER DISCO HANDBAG,52,284,5.46,560.76,10.78,40,0.029604211713829088,0.4168685971692712,0.009893307468477207,0.1521,812
84859B,BLUE DISCO HANDBAG,15,279,18.6,417.43,27.83,14,0.029557205979129454,0.4165478135844742,0.0027158098933074684,0.1496,837
84859C,PINK DISCO HANDBAG,38,302,7.95,542.64,14.28,29,0.029773432358747767,0.4168280432129709,0.007177497575169738,0.1513,820
84864A,PINK PAISLEY PHOTO ALBUM,3,4,1.33,27.0,9.0,3,0.02697189057064962,0.4156740011585182,0.0003879728419010669,0.1477,856
84865,NEW BAROQUE BLACK PHOTO ALBUM,37,64,1.73,449.65,12.15,26,0.02753595938704522,0.41661992442729956,0.006983511154219205,0.1504,829
84867A,PINK BABY GIRLS PHOTO ALBUM,3,15,5.0,92.25,30.75,3,0.027075303186988812,0.4158200356865863,0.0003879728419010669,0.1478,855
84868A,PINK BABY GIRL'S MEMORY BOX,2,2,1.0,13.9,6.95,2,0.026953088276769767,0.41564468234905166,0.00019398642095053346,0.1476,857
84868B,BLUE BABY BOY'S MEMORY BOX,5,3,0.6,20.85,4.17,5,0.02696248942370969,0.41566023698460836,0.0007759456838021338,0.1478,855
84869,CANDY BUTTON PHOTO ALBUM,21,295,14.05,631.25,30.06,18,0.02970762433016828,0.4170263592211259,0.0038797284190106693,0.1502,831
84870B,BLUE GEISHA GIRL ,23,54,2.35,202.5,8.8,22,0.027441947917645954,0.4160667836822876,0.004267701260911736,0.1493,840
84870C,GREEN GEISHA GIRL ,21,54,2.57,202.5,9.64,21,0.027441947917645954,0.4160667836822876,0.0038797284190106693,0.1491,842
84872A,TEATIME FUNKY FLOWER BACKPACK FOR 2,6,7,1.17,118.65,19.78,6,0.0270000940114694,0.4158791209209311,0.0009699321047526673,0.1479,854
84873A,FUNKY FLOWER PICNIC BAG FOR 4,5,6,1.2,101.7,20.34,5,0.026990692864529472,0.4158411855147893,0.0007759456838021338,0.1479,854
84874B,BLUE TRAVEL FIRST AID KIT,29,78,2.69,128.7,4.44,26,0.027667575444204194,0.4159016135953692,0.005431619786614937,0.1497,836
84875A,PINK SQUARE COMPACT MIRROR,11,15,1.36,56.25,5.11,10,0.027075303186988812,0.41573946491247976,0.0019398642095053346,0.1483,850
84875B,GREEN SQUARE COMPACT MIRROR,35,367,10.49,476.25,13.61,16,0.030384506909843,0.4166794572770561,0.006595538312318138,0.1512,821
84875D,BLUE SQUARE COMPACT MIRROR,37,371,10.03,483.75,13.07,17,0.030422111497602707,0.41669624285499496,0.006983511154219205,0.1514,819
84876B,GREEN HEART COMPACT MIRROR,28,327,11.68,423.75,15.13,22,0.030008461032245935,0.416561958231484,0.0052376333656644035,0.1506,827
84876C,SILVER HEART COMPACT MIRROR,5,6,1.2,22.5,4.5,5,0.026990692864529472,0.4156639298117549,0.0007759456838021338,0.1478,855
84876D,BLUE HEART COMPACT MIRROR,30,310,10.33,500.0,16.67,24,0.02984864153426718,0.4167326116071958,0.00562560620756547,0.1507,826
84877A,PINK ROUND COMPACT MIRROR,14,46,3.29,142.5,10.18,14,0.02736673874212654,0.41593249905877666,0.002521823472356935,0.1486,847
84877B,GREEN ROUND COMPACT MIRROR,16,225,14.06,293.75,18.36,13,0.029049544044373415,0.4162710082138771,0.002909796314258002,0.1494,839
84877D,BLUE ROUND COMPACT MIRROR,15,101,6.73,173.75,11.58,14,0.027883801823822506,0.4160024389668553,0.0027158098933074684,0.1489,844
84879,ASSORTED COLOUR BIRD ORNAMENT,2709,77755,28.7,123631.87,45.64,1012,0.7579204662968883,0.6923112250262493,0.5253152279340446,0.6585,3
84880,WHITE WIRE EGG HOLDER,334,1655,4.96,9148.9,27.39,185,0.042493184168468555,0.43608951627858633,0.06459747817652764,0.1811,532
84881,BLUE WIRE SPIRAL CANDLE HOLDER,23,49,2.13,311.15,13.53,21,0.02739494218294632,0.41630995075469523,0.004267701260911736,0.1493,840
84882,GREEN WIRE STANDING CANDLE HOLDER,27,55,2.04,206.25,7.64,22,0.027451349064585878,0.416075176471257,0.00504364694471387,0.1495,838
84884A,ANT WHITE WIRE HEART SPIRAL,270,1653,6.12,5813.71,21.53,195,0.0424743818745887,0.4286251040537976,0.0521823472356935,0.1744,589
84886,BLUE METAL WALL SHELF,8,11,1.38,109.45,13.68,8,0.027037698599229106,0.4158585306119928,0.0013579049466537342,0.1481,852
84891B,GREEN WIRE GOBLET CANDLEHOLDER,5,7,1.4,55.65,11.13,5,0.0270000940114694,0.41573812206624466,0.0007759456838021338,0.1478,855
84893,ANT WHITE IRON BASKET,15,33,2.2,186.35,12.42,12,0.027244523831907494,0.41603063873779256,0.0027158098933074684,0.1487,846
84898F,YELLOW FLOWERS FELT HANDBAG KIT,47,154,3.28,323.4,6.88,37,0.02838206261163862,0.41633736719866205,0.008923375363724539,0.1512,821
84899E,YELLOW + BROWN BEAR FELT PURSE KIT,15,45,3.0,56.25,3.75,11,0.027357337595186614,0.41573946491247976,0.0027158098933074684,0.1486,847
84899F,YELLOW PURPLE DAISY FELT PURSE KIT,23,86,3.74,107.5,4.67,20,0.027742784619723605,0.41585416636172867,0.004267701260911736,0.1493,840
84901,BLACK FACE LAMB WITH PANTS,56,98,1.75,365.34,6.52,44,0.027855598383002726,0.41643123215049616,0.01066925315227934,0.1517,816
84902,PINK KNITTED COW STUFFED TOY,33,58,1.76,215.34,6.53,28,0.02747955250540566,0.4160955205917189,0.006207565470417071,0.1499,834
84905,PINK BUTTERFLY C/COVER ,20,151,7.55,392.25,19.61,19,0.02835385917081884,0.4164914588041408,0.0036857419980601356,0.1495,838
84906,PINK B'FLY C/COVER W BOBBLES,19,57,3.0,275.15,14.48,14,0.027470151358465734,0.4162293799805887,0.0034917555771096023,0.1491,842
84907,PINK/YELLOW PATCH CUSHION COVER,19,359,18.89,774.15,40.74,13,0.030309297734323587,0.4173461804327877,0.0034917555771096023,0.1504,829
84908A,PINK 5 PATCH FLOWER CUSHION COVER ,8,386,48.25,762.7,95.34,4,0.03056312870170161,0.41732055445046773,0.0013579049466537342,0.1497,836
84908B,BLUE 5 PATCH FLOWER CUSHION COVER,5,385,77.0,755.75,151.15,2,0.03055372755476168,0.41730499981491104,0.0007759456838021338,0.1495,838
84909A,PINK PAISLEY QUILT ,29,208,7.17,2784.8,96.03,24,0.02888972454639466,0.4218461700704909,0.005431619786614937,0.1521,812
84910A,PINK PAISLEY CUSHION COVER ,41,399,9.73,980.85,23.92,37,0.030685343611920653,0.41780879096078277,0.007759456838021339,0.1521,812
84912A,PINK ROSE WASHBAG,98,891,9.09,2291.25,23.38,59,0.03531070790636458,0.42074156713826083,0.018816682832201746,0.1583,750
84912B,GREEN ROSE WASHBAG,86,870,10.12,2212.5,25.73,56,0.03511328382062612,0.42056531856990276,0.016488845780795344,0.1574,759
84913A,SOFT PINK ROSE TOWEL ,32,110,3.44,511.5,15.98,26,0.027968412146281846,0.4167583494933687,0.0060135790494665374,0.1502,831
84913B,MINT GREEN ROSE TOWEL,31,103,3.32,478.95,15.45,27,0.02790260411770236,0.41668550008511407,0.005819592628516004,0.1501,832
84914A,PINK ROSE PICNIC RUG,2,3,1.5,77.85,38.92,2,0.02696248942370969,0.4157878073769437,0.00019398642095053346,0.1476,857
84915,HAND TOWEL PINK FLOWER AND DAISY,18,208,11.56,335.5,18.64,15,0.02888972454639466,0.4163644479310701,0.003297769156159069,0.1495,838
84916,HAND TOWEL PALE BLUE W FLOWERS,30,230,7.67,514.5,17.15,28,0.02909654977907305,0.41676506372454425,0.00562560620756547,0.1505,828
84917,WHITE HAND TOWEL WITH BUTTERFLY,17,183,10.76,477.85,28.11,16,0.028654695872896492,0.4166830382003497,0.0031037827352085354,0.1495,838
84918,CREAM C/COVER W YELLOW/GREEN FLOWER,18,111,6.17,411.45,22.86,15,0.027977813293221774,0.41653442988366435,0.003297769156159069,0.1493,840
84919,L BLUE C/COVER W PINK/YELLOW FLOWER,26,94,3.62,725.3,27.9,20,0.02781799379524302,0.4172368503684792,0.004849660523763337,0.15,833
84920,PINK FLOWER FABRIC PONY,54,145,2.69,537.35,9.95,43,0.02829745228917928,0.41681620378533135,0.010281280310378274,0.1518,815
84921,CREAM AND PINK FLOWERS PONY ,14,27,1.93,101.25,7.23,13,0.027188116950267932,0.41584017838011295,0.002521823472356935,0.1485,848
84922,PINK BUTTERFLY WASHBAG,10,335,33.5,748.75,74.88,9,0.030083670207765346,0.41728933327550144,0.0017458777885548012,0.1497,836
84923,PINK BUTTERFLY HANDBAG W BOBBLES,5,9,1.8,76.5,15.3,5,0.027018896305349253,0.4157847859729147,0.0007759456838021338,0.1479,854
84924A,WAKE UP COCKEREL CALENDAR SIGN ,46,117,2.54,449.88,9.78,41,0.028034220174861332,0.41662043918502306,0.008729388942774006,0.1511,822
84924D,LA PALMIERA METAL SIGN CALENDAR,12,760,63.33,246.0,20.5,11,0.03407915765723418,0.416164140034333,0.002133850630455868,0.1508,825
84924F,PSYCHEDELIC METAL SIGN CALENDAR,9,493,54.78,139.15,15.46,8,0.03156905142427376,0.41592500150063066,0.0015518913676042677,0.1497,836
84925A,WAKE UP COCKEREL WALL THERMOMETER,15,177,11.8,328.95,21.93,14,0.028598288991256934,0.41634978852633686,0.0027158098933074684,0.1492,841
84925C,FAIRY CAKES  WALL THERMOMETER,10,28,2.8,71.4,7.14,10,0.02719751809720786,0.41577337177991625,0.0017458777885548012,0.1482,851
84925D,LA PALMIERA WALL THERMOMETER,27,80,2.96,584.45,21.65,25,0.027686377738084047,0.41692161721478743,0.00504364694471387,0.1499,834
84925E,FLOWERS WALL THERMOMETER,3,75,25.0,130.05,43.35,3,0.027639372003384413,0.41590463499939817,0.0003879728419010669,0.148,853
84925F,PSYCHEDELIC WALL THERMOMETER,31,711,22.94,857.93,27.68,29,0.03361850145717778,0.41753368652875006,0.005819592628516004,0.1523,810
84926A,WAKE UP COCKEREL TILE COASTER,42,651,15.5,265.59,6.32,29,0.03305443264078217,0.4162079839639093,0.007953443258971873,0.1524,809
84926B,SCOTTS ROSES TILE COASTER,10,54,5.4,67.5,6.75,8,0.027441947917645954,0.41576464327938806,0.0017458777885548012,0.1483,850
84926C,FAIRY CAKES TILE COASTER,20,119,5.95,148.75,7.44,17,0.028053022468741185,0.4159464870403924,0.0036857419980601356,0.1492,841
84926D,LA PALMIERA TILE COASTER,39,762,19.54,337.89,8.66,29,0.03409795995111404,0.41636979693523996,0.007371483996120271,0.1526,807
84926E,FLOWERS TILE COASTER,48,1077,22.44,461.63,9.62,40,0.03705932123719094,0.4166467365904606,0.009117361784675072,0.1543,790
84926F,PSYCHEDELIC TILE COASTER,31,441,14.23,223.54,7.21,25,0.031080191783397576,0.41611387282359874,0.005819592628516004,0.151,823
84927A,WAKE UP COCKEREL TILE HOOK,29,143,4.93,113.82,3.92,22,0.028278649995299426,0.4158683110087385,0.005431619786614937,0.1499,834
84927D,LA PALMIERA TILE HOOK,27,514,19.04,153.75,5.69,22,0.03176647551001222,0.41595767742568496,0.00504364694471387,0.1509,824
84927E,FLOWERS TILE HOOK,27,295,10.93,183.78,6.81,22,0.02970762433016828,0.4160248868797522,0.00504364694471387,0.1503,830
84927F,PSYCHEDELIC TILE HOOK,55,318,5.78,223.2,4.06,45,0.029923850709786592,0.41611311187739886,0.010475266731328807,0.1522,811
84929,ASSTD FRUIT+FLOWERS FRIDGE MAGNETS,93,2909,31.28,905.03,9.73,82,0.0542822224311366,0.41763909995820614,0.017846750727449078,0.1633,700
84931A,PINK SCOTTIE DOG W FLOWER PATTERN,47,146,3.11,369.6,7.86,42,0.028306853436119207,0.4164407663587655,0.008923375363724539,0.1512,821
84931B,BLUE SCOTTIE DOG W FLOWER PATTERN,53,216,4.08,545.4,10.29,44,0.028964933721914072,0.41683422030565237,0.01008729388942774,0.152,813
84932A,SMALL GREEN PEONY FOLDING STOOL,24,262,10.92,602.6,25.11,22,0.0293973864811507,0.41696223831339946,0.0044616876818622695,0.1503,830
84932B,SMALL PINK PEONY FOLDING STOOL,17,189,11.12,401.3,23.61,17,0.028711102754536054,0.4165117134015203,0.0031037827352085354,0.1494,839
84932C,SMALL ORIENTAL BLUE FOLDING STOOL,35,281,8.03,606.9,17.34,31,0.029576008273009307,0.41697186204475106,0.006595538312318138,0.151,823
84932D,SMALL ORIENTAL RED FOLDING STOOL,19,237,12.47,540.75,28.46,16,0.029162357807652535,0.4168238132473303,0.0034917555771096023,0.1498,835
84933A,LARGE GREEN PEONY FOLDING STOOL,6,131,21.83,314.35,52.39,5,0.028165836232020305,0.4163171126012825,0.0009699321047526673,0.1485,848
84933B,LARGE PINK PEONY FOLDING STOOL,6,136,22.67,309.15,51.52,5,0.02821284196671994,0.4163054746005782,0.0009699321047526673,0.1485,848
84933C,LARGE BLUE ORIENTAL FOLDING STOOL,6,136,22.67,317.0,52.83,6,0.02821284196671994,0.41632304350548754,0.0009699321047526673,0.1485,848
84934,ASSTD DESIGN POP ART SLIM PEN,13,683,52.54,580.55,44.66,13,0.03335526934285983,0.4169128887142592,0.0023278370514064014,0.1509,824
84937,KASHMIR FOLKART TUMBLERS,85,2468,29.04,4790.02,56.35,50,0.05013631663062894,0.42633400694976636,0.016294859359844812,0.1643,690
84942,KASHMIR FOLKART HEART DISHES,3,3,1.0,5.07,1.69,3,0.02696248942370969,0.415624920128625,0.0003879728419010669,0.1477,856
84944,SET OF 6 KASHMIR FOLKART BAUBLES,155,833,5.37,2313.05,14.92,122,0.03476544138384883,0.42079035721813646,0.029873908826382155,0.1618,715
84945,MULTI COLOUR SILVER T-LIGHT HOLDER,623,20970,33.66,16702.38,26.81,344,0.2240763373131522,0.45299478657853837,0.12065955383123181,0.2659,120
84946,ANTIQUE SILVER TEA GLASS ETCHED,1382,31103,22.51,36213.83,26.2,641,0.3193381592554292,0.4966629152019012,0.2678952473326867,0.3613,28
84947,ANTIQUE SILVER TEA GLASS ENGRAVED,589,14991,25.45,17118.39,29.06,313,0.16786687975933065,0.4539258490156512,0.11406401551891368,0.2453,166
84948,SILVER HANGING T-LIGHT HOLDER DOME,36,264,7.33,435.6,12.1,28,0.029416188775030553,0.41658847944462746,0.006789524733268671,0.1509,824
84949,SILVER HANGING T-LIGHT HOLDER,688,11123,16.17,17207.55,25.01,330,0.13150324339569427,0.45412539596618834,0.1332686711930165,0.2396,186
84950,ASSORTED COLOUR T-LIGHT HOLDER,232,5552,23.93,3632.64,15.66,157,0.0791294537933628,0.4237437013237823,0.04481086323957323,0.1826,519
84951A,S/4 PISTACHIO LOVEBIRD COASTERS,47,437,9.3,469.76,9.99,37,0.031042587195637867,0.41666493215694633,0.008923375363724539,0.1522,811
84951B,S/4 BLACK LOVEBIRD COASTERS,41,366,8.93,400.04,9.76,31,0.030375105762903074,0.41650889342442665,0.007759456838021339,0.1515,818
84952A,CLEAR LOVE BIRD T-LIGHT HOLDER,14,84,6.0,249.11,17.79,13,0.027723982325843752,0.4161711004539849,0.002521823472356935,0.1488,845
84952B,BLACK LOVE BIRD T-LIGHT HOLDER,22,308,14.0,474.11,21.55,15,0.02982983924038733,0.41667466779215084,0.004073714839961203,0.1502,831
84952C,MIRROR LOVE BIRD T-LIGHT HOLDER,25,343,13.72,601.65,24.07,18,0.03015887938328476,0.41696011214019385,0.004655674102812803,0.1506,827
84962,SET/3 COLOUR PAINTED KASHMIRI STOOL,2,3,1.5,179.85,89.93,2,0.02696248942370969,0.41601609123691224,0.00019398642095053346,0.1477,856
84963A,PINK PAINTED KASHMIRI CHAIR,8,22,2.75,713.4,89.18,8,0.0271411112155683,0.4172102172514829,0.0013579049466537342,0.1486,847
84963B,BLUE PAINTED KASHMIRI CHAIR,6,18,3.0,591.5,98.58,5,0.027103506627808593,0.41693739565804994,0.0009699321047526673,0.1483,850
84964A,PINK PAINTED KASHMIRI TABLE,2,11,5.5,630.0,315.0,2,0.027037698599229106,0.41702356162480275,0.00019398642095053346,0.1481,852
84964B,BLUE PAINTED KASHMIRI TABLE ,2,17,8.5,990.0,495.0,2,0.027094105480868665,0.41782926936586817,0.00019398642095053346,0.1484,849
84965A,PINK KASHMIRI COFFEE TABLE ,3,20,6.67,1050.0,350.0,2,0.027122308921688446,0.41796355398937907,0.0003879728419010669,0.1485,848
84965B,BLUE KASHMIRI COFFEE TABLE ,4,27,6.75,1359.95,339.99,3,0.027188116950267932,0.4186572459736658,0.0005819592628516004,0.1488,845
84966A,PINK KASHMIRI BOXED MIRROR,3,12,4.0,176.0,58.67,3,0.027047099746169034,0.41600747464023696,0.0003879728419010669,0.1478,855
84966B,BLUE KASHMIRI BOXED MIRROR,4,33,8.25,428.0,107.0,3,0.027244523831907494,0.4165714700589827,0.0005819592628516004,0.1481,852
84966C,GREEN KASHMIRI BOXED MIRROR,2,23,11.5,276.0,138.0,1,0.027150512362508226,0.4162312823460884,0.00019398642095053346,0.1479,854
84967A,PINK KASHMIRI OCCASIONAL TABLE,3,1,0.33,15.0,5.0,2,0.02694368712982984,0.41564714423381605,0.0003879728419010669,0.1477,856
84967B,BLUE KASHMIRI OCCASIONAL TABLE,12,20,1.67,1029.55,85.8,8,0.027122308921688446,0.4179177853135324,0.002133850630455868,0.1491,842
84967C,GREEN KASHMIRI OCCASIONAL TABLE,4,9,2.25,419.85,104.96,3,0.027018896305349253,0.4165532297309558,0.0005819592628516004,0.1481,852
84968A,S/16 VINTAGE ROSE CUTLERY,121,317,2.62,3912.15,32.33,66,0.029914449562846668,0.4243692662424078,0.023278370514064017,0.1592,741
84968B,S/16 VINTAGE IVORY CUTLERY,81,279,3.44,3458.25,42.69,52,0.029557205979129454,0.42335340306554786,0.015518913676042677,0.1561,772
84968C,S/16 VINTAGE PISTACHIO CUTLERY,99,350,3.54,4203.3,42.46,64,0.030224687411864248,0.42502088237799446,0.019010669253152278,0.1581,752
84968D,S/16 VINTAGE RED CUTLERY,60,340,5.67,3970.62,66.18,45,0.03013067594246498,0.42450012660801917,0.011445198836081475,0.1554,779
84968E,S/16 VINTAGE BLACK CUTLERY,63,311,4.94,3631.86,57.65,41,0.029858042681207106,0.4237419556236766,0.012027158098933075,0.1552,781
84968F,S/16 VINTAGE SKY BLUE CUTLERY,65,155,2.38,1933.05,29.74,52,0.028391463758578546,0.4199398879359007,0.012415130940834141,0.1536,797
84969,ASSORTED COLOUR SET 6 TEASPOONS,173,640,3.7,2734.24,15.8,100,0.03295102002444298,0.4217330128944124,0.03336566440349176,0.1627,706
84970L,SINGLE HEART ZINC T-LIGHT HOLDER,831,16409,19.75,15207.31,18.3,463,0.18119770612014666,0.4496487047106643,0.16100872938894278,0.264,125
84970S,HANGING HEART ZINC T-LIGHT HOLDER,1164,25264,21.7,19716.76,16.94,617,0.26444486227319736,0.4597412013021849,0.22560620756547042,0.3166,58
84971L,LARGE HEART FLOWERS HOOK   ,46,543,11.8,649.11,14.11,38,0.03203910877127009,0.41706633127739096,0.008729388942774006,0.1526,807
84971S,SMALL HEART FLOWERS HOOK ,334,6204,18.57,5051.56,15.12,181,0.08525900159819498,0.4269193536236504,0.06459747817652764,0.1923,440
84972L,GIANT PINK HEART MEMO HOLDER,44,112,2.55,442.4,10.05,41,0.0279872144401617,0.4166036983686253,0.00834141610087294,0.151,823
84974,S/2 ZINC HEART DESIGN PLANTERS,59,88,1.49,869.6,14.74,52,0.027761586913603458,0.41755980488802297,0.01125121241513094,0.1522,811
84975,HEART SHAPED MIRROR,173,1914,11.06,3025.86,17.49,115,0.044928081225909564,0.42238568092621653,0.03336566440349176,0.1669,664
84976,RECTANGULAR SHAPED MIRROR,44,638,14.5,645.84,14.68,40,0.03293221773056313,0.41705901276540963,0.00834141610087294,0.1528,805
84977,WIRE FLOWER T-LIGHT HOLDER,41,220,5.37,275.0,6.71,34,0.02900253830967378,0.4162290442690299,0.007759456838021339,0.151,823
84978,HANGING HEART JAR T-LIGHT HOLDER,1152,18651,16.19,21662.02,18.8,525,0.20227507755946225,0.4640948430810317,0.22327837051406402,0.2965,74
84984A,GREEN PEONY DES C/COVER,17,263,15.47,440.95,25.94,12,0.02940678762809063,0.41660045315689054,0.0031037827352085354,0.1497,836
84984B,RED PEONY DES C/COVER ,17,320,18.82,532.0,31.29,13,0.02994265300366645,0.41680423007306827,0.0031037827352085354,0.15,833
84984C,ORIENTAL BLUE C/COVER ,12,227,18.92,341.55,28.46,11,0.029068346338253268,0.41637798829727407,0.002133850630455868,0.1492,841
84984D,ORIENTAL RED C/COVER ,15,152,10.13,328.0,21.87,14,0.028363260317758765,0.4163476623531312,0.0027158098933074684,0.1491,842
84985A,SET OF 72 GREEN PAPER DOILIES,122,573,4.7,830.85,6.81,95,0.032321143179467896,0.4174730794020055,0.023472356935014548,0.1578,755
84985B,SET OF 72 BLACK PAPER DOILIES ,19,122,6.42,176.9,9.31,12,0.028081225909560966,0.4160094889095896,0.0034917555771096023,0.1492,841
84986B,SET OF 36 SILVER PAPER DOILIES,68,415,6.1,601.75,8.85,58,0.030835761962959483,0.4169603359478997,0.012997090203685741,0.1536,797
84987,SET OF 36 TEATIME PAPER DOILIES,652,7762,11.9,10915.18,16.74,406,0.09990598853060073,0.4400425870255002,0.12628516003879728,0.2221,260
84988,SET OF 72 PINK HEART PAPER DOILIES,625,7531,12.05,10638.13,17.02,379,0.09773432358747768,0.43942252777643864,0.12104752667313289,0.2194,273
84989A,75 GREEN FAIRY CAKE CASES,126,2062,16.37,1025.03,8.14,96,0.046319450973018705,0.4179076692052279,0.02424830261881668,0.1628,705
84989B,75 BLACK FAIRY CAKE CASES,46,985,21.41,479.35,10.42,34,0.03619441571871768,0.4166863953159375,0.008729388942774006,0.1539,794
84990,60 GOLD AND SILVER FAIRY CAKE CASES,168,4177,24.86,1993.03,11.86,112,0.06620287675096362,0.42007412779787046,0.032395732298739086,0.1729,604
84991,60 TEATIME FAIRY CAKE CASES,1826,52502,28.75,25611.17,14.03,822,0.52051330262292,0.4729333450966663,0.35402521823472355,0.4492,9
84992,72 SWEETHEART FAIRY CAKE CASES,1222,33526,27.44,16003.14,13.1,614,0.3421171382908715,0.45142983357614236,0.23685741998060136,0.3435,36
84993A,75 GREEN PETIT FOUR CASES,127,1343,10.57,564.06,4.44,88,0.039560026323211435,0.41687598282356425,0.024442289039767216,0.1603,730
84993B,75 BLACK PETIT FOUR CASES,77,521,6.77,218.82,2.84,57,0.03183228353859171,0.4161033090998826,0.014742967992240542,0.1542,791
84997A,GREEN 3 PIECE MINI DOTS CUTLERY SET,554,5067,9.15,18735.95,33.82,278,0.07456989752749836,0.4575460729424228,0.10727449078564501,0.2131,303
84997B,RED 3 PIECE MINI DOTS CUTLERY SET,951,8796,9.25,32405.3,34.07,433,0.10962677446648492,0.48813913158223493,0.1842870999030068,0.2607,133
84997C,BLUE 3 PIECE MINI DOTS CUTLERY SET,903,8439,9.35,31202.29,34.55,426,0.10627056500893109,0.4854467025000708,0.1749757516973812,0.2556,144
84997D,PINK 3 PIECE MINI DOTS CUTLERY SET,1017,10229,10.06,37876.57,37.24,431,0.12309861803139983,0.5003842554501764,0.197090203685742,0.2735,109
85006,SET 4 NURSERY DES ROUND BOXES,44,1567,35.61,716.05,16.27,34,0.041665883237755004,0.41721614815568797,0.00834141610087294,0.1557,776
85007,SET OF 3 VINTAGE TEA TIME BOXES,21,136,6.48,362.4,17.26,16,0.02821284196671994,0.41642465220394415,0.0038797284190106693,0.1495,838
85008,SET OF 3 CONEY ISLAND OVAL BOXES,92,257,2.79,951.9,10.35,77,0.029350380746451066,0.4177439986299387,0.017652764306498547,0.1549,784
85014A,BLACK/BLUE DOTS RUFFLED UMBRELLA,644,4558,7.08,21127.09,32.81,362,0.06978471373507568,0.46289762852012034,0.12473326867119301,0.2191,274
85014B,RED/WHITE DOTS RUFFLED UMBRELLA,806,6000,7.44,29130.17,36.14,440,0.08334116762244993,0.48080913826558064,0.15615906886517944,0.2401,183
85014C,BLUE/BROWN DOTS RUFFLED UMBRELLA,66,347,5.26,1591.85,24.12,55,0.030196483971044467,0.4191762560435354,0.012609117361784675,0.154,793
85014D,PINK/BROWN DOTS RUFFLED UMBRELLA,86,1912,22.23,6607.6,76.83,73,0.04490927893202971,0.43040189104978216,0.016488845780795344,0.1639,694
85015,SET OF 12  VINTAGE POSTCARD SET,144,2709,18.81,2250.87,15.63,133,0.05240199304315126,0.420651193586638,0.027740058195926284,0.1669,664
85016,SET OF 6 VINTAGE NOTELETS KIT,72,1443,20.04,1439.55,19.99,61,0.040500141017204096,0.4188353969075236,0.013773035887487876,0.1577,756
85017A,ENVELOPE 50 ROMANTIC IMAGES,54,924,17.11,599.64,11.1,45,0.035620945755382154,0.41695561360530625,0.010281280310378274,0.1543,790
85017B,ENVELOPE 50 BLOSSOM IMAGES,120,1847,15.39,1070.79,8.92,98,0.04429820438093447,0.4180100836114256,0.02308438409311348,0.1618,715
85017C,ENVELOPE 50 CURIOUS IMAGES,59,643,10.9,469.15,7.95,45,0.03297922346526276,0.4166635669299406,0.01125121241513094,0.1536,797
85018A,S/6 PAPER BOXES ROMANTIC IMAGES,10,15,1.5,63.75,6.38,10,0.027075303186988812,0.41575625049041864,0.0017458777885548012,0.1482,851
85018B,S/6 PAPER BOXES BLOSSOM IMAGES ,10,15,1.5,63.75,6.38,10,0.027075303186988812,0.41575625049041864,0.0017458777885548012,0.1482,851
85018C,S/6 PAPER BOXES CURIOUS IMAGES ,4,36,9.0,127.2,31.8,4,0.02727272727272727,0.41589825647978146,0.0005819592628516004,0.1479,854
85018D,YULETIDE IMAGES S/6 PAPER BOXES,65,741,11.4,863.25,13.28,57,0.03390053586537558,0.4175455930987014,0.012415130940834141,0.1546,787
85019A,ROMANTIC IMAGES NOTEBOOK SET,42,615,14.64,846.75,20.16,37,0.032715991350944815,0.41750866482723586,0.007953443258971873,0.1527,806
85019B,BLOSSOM  IMAGES NOTEBOOK SET,37,680,18.38,910.0,24.59,31,0.03332706590204005,0.41765022320118694,0.006983511154219205,0.1527,806
85019C,CURIOUS  IMAGES NOTEBOOK SET,25,385,15.4,553.25,22.13,18,0.03055372755476168,0.4168517892105617,0.004655674102812803,0.1507,826
85020,ROUND PINK HEART MIRROR,44,224,5.09,470.4,10.69,36,0.029040142897433487,0.41666636452626377,0.00834141610087294,0.1513,820
85023A,CRYSTAL LARGE JEWELLED PHOTO FRAME,11,21,1.91,53.55,4.87,9,0.027131710068628374,0.41573342210442177,0.0019398642095053346,0.1483,850
85023B,EAU DE NILE JEWELLED PHOTOFRAME,40,218,5.45,523.5,13.09,32,0.028983736015793928,0.41678520641807093,0.007565470417070805,0.1511,822
85023C,PINK LARGE JEWELED PHOTOFRAME,13,22,1.69,56.1,4.32,10,0.0271411112155683,0.415739129200921,0.0023278370514064014,0.1484,849
85024A,CRYSTAL SMALL JEWELLED PHOTOFRAME,1,1,1.0,1.65,1.65,1,0.02694368712982984,0.41561726590508485,0.0,0.1475,858
85024B,EAU DE NILE JEWELLED PHOTOFRAME,21,218,10.38,330.9,15.76,19,0.028983736015793928,0.4163541527766009,0.0038797284190106693,0.1497,836
85024C,PINK SMALL JEWELLED PHOTOFRAME,46,98,2.13,161.7,3.52,33,0.027855598383002726,0.4159754701383002,0.008729388942774006,0.1509,824
85025B,EAU DE NILE HEART SHAPE PHOTO FRAME,71,521,7.34,830.85,11.7,56,0.03183228353859171,0.4174730794020055,0.013579049466537343,0.1543,790
85025C,PINK HEART SHAPE PHOTO FRAME,95,640,6.74,1025.8,10.8,73,0.03295102002444298,0.417909392524563,0.018234723569350145,0.1564,769
85026B,EAU DE NILE JEWELLED T-LIGHT HOLDER,21,151,7.19,128.35,6.11,20,0.02835385917081884,0.4159008302683987,0.0038797284190106693,0.1494,839
85027L,FRENCH CHATEAU LARGE PLATTER ,43,156,3.63,472.2,10.98,36,0.028400864905518474,0.4166703930649691,0.008147429679922406,0.1511,822
85028L,FRENCH CHATEAU LARGE FRUIT BOWL ,27,243,9.0,575.85,21.33,22,0.029218764689292093,0.41690236975208417,0.00504364694471387,0.1504,829
85028S,FRENCH CHATEAU SMALL FRUITBOWL,35,391,11.17,591.75,16.91,29,0.030610134436401242,0.4169379551773146,0.006595538312318138,0.1514,819
85030,FRENCH CHATEAU OVAL PLATTER,32,184,5.75,460.8,14.4,26,0.02866409701983642,0.416644878986502,0.0060135790494665374,0.1504,829
85031A,ROMANTIC IMAGES SCRAP BOOK SET,38,386,10.16,634.2,16.69,36,0.03056312870170161,0.41703296154844854,0.007177497575169738,0.1516,817
85031B,BLOSSOM IMAGES SCRAP BOOK SET,26,408,15.69,598.8,23.03,25,0.030769953934379993,0.4169537336205771,0.004849660523763337,0.1509,824
85031C,CURIOUS IMAGES SCRAP BOOK SET,28,343,12.25,543.45,19.41,23,0.03015887938328476,0.4168298560553883,0.0052376333656644035,0.1507,826
85032A,ROMANTIC IMAGES GIFT WRAP SET,118,1383,11.72,1200.55,10.17,103,0.0399360722008085,0.41830049649053846,0.022696411251212415,0.1603,730
85032B,BLOSSOM IMAGES GIFT WRAP SET,106,929,8.76,846.0,7.98,95,0.03566795149008179,0.417506986269442,0.020368574199806012,0.1578,755
85032C,CURIOUS IMAGES GIFT WRAP SET,102,781,7.66,764.3,7.49,85,0.03427658174297264,0.4173241353737613,0.01959262851600388,0.1571,762
85032D,YULETIDE IMAGES GIFT WRAP SET,92,996,10.83,1055.26,11.47,90,0.036297828335056875,0.41797532627470685,0.017652764306498547,0.1573,760
85033G,SET/6 GOLD REINDEER T-LIGHT CANDLES,20,198,9.9,223.6,11.18,17,0.028795713076995393,0.4161140071082223,0.0036857419980601356,0.1495,838
85033S,SET/6 SILVER REINDEER T-LIGHTS,41,241,5.88,251.55,6.14,34,0.02919996239541224,0.4161765613620077,0.007759456838021339,0.151,823
85034A,3 GARDENIA MORRIS BOXED CANDLES,122,808,6.62,2107.36,17.27,92,0.034530412710350664,0.4203300071479705,0.023472356935014548,0.1594,739
85034B,3 WHITE CHOC MORRIS BOXED CANDLES,113,1105,9.78,2232.73,19.76,95,0.037322553351508886,0.42061059486879654,0.021726479146459747,0.1599,734
85034C,3 ROSE MORRIS BOXED CANDLES,171,1214,7.1,2137.98,12.5,130,0.03834727836796089,0.42039853706750224,0.03297769156159069,0.1639,694
85035A,GARDENIA 3 WICK MORRIS BOXED CANDLE,165,579,3.51,1978.23,11.99,113,0.03237755006110746,0.4200410042574045,0.03181377303588749,0.1614,719
85035B,CHOCOLATE 3 WICK MORRIS BOX CANDLE,98,916,9.35,2242.12,22.88,75,0.03554573657986274,0.42063161041237596,0.018816682832201746,0.1583,750
85035C,ROSE 3 WICK MORRIS BOX CANDLE,175,1299,7.42,2458.07,14.05,129,0.03914637585785466,0.42111492315316235,0.03375363724539282,0.1647,686
85036A,GARDENIA 1 WICK MORRIS BOXED CANDLE,163,603,3.7,2287.67,14.03,117,0.0326031775876657,0.4207335548223914,0.03142580019398642,0.1616,717
85036B,CHOCOLATE 1 WICK MORRIS BOX CANDLE,80,582,7.28,1472.56,18.41,70,0.03240575350192724,0.41890927583122517,0.015324927255092144,0.1555,778
85036C,ROSE 1 WICK MORRIS BOXED CANDLE,126,669,5.31,1343.43,10.66,99,0.03322365328570086,0.4186202729406591,0.02424830261881668,0.1587,746
85038,6 CHOCOLATE LOVE HEART T-LIGHTS,294,2502,8.51,4935.76,16.79,191,0.050455955626586446,0.4266601843002744,0.0568380213385063,0.178,558
85039A,SET/4 RED MINI ROSE CANDLE IN BOWL,91,1115,12.25,1092.05,12.0,61,0.03741656482090815,0.4180576651296896,0.01745877788554801,0.1576,757
85039B,S/4 IVORY MINI ROSE CANDLE IN BOWL,113,1243,11.0,1468.63,13.0,84,0.03861991162921877,0.4189004801883852,0.021726479146459747,0.1597,736
85039C,S/4 BLACK MINI ROSE CANDLE IN BOWL,41,411,10.02,264.67,6.46,27,0.030798157375199774,0.4162059249330155,0.007759456838021339,0.1516,817
85040A,S/4 PINK FLOWER CANDLES IN BOWL,345,1862,5.4,3060.14,8.87,193,0.04443922158503338,0.4224624022077825,0.06673132880698351,0.1779,559
85040B,SET/4 BLUE FLOWER CANDLES IN BOWL,245,2350,9.59,3606.3,14.72,132,0.04902698129171759,0.42368475037406095,0.047332686711930166,0.1733,600
85041,SET/4 PINK ORCHID CANDLES IN BOWL,85,1804,21.22,2374.68,27.94,64,0.04389395506251763,0.42092828990725273,0.016294859359844812,0.1604,729
85042,ANTIQUE LILY FAIRY LIGHTS,346,2500,7.23,11323.6,32.73,146,0.05043715333270659,0.44095666245773896,0.06692531522793405,0.1861,486
85043,RED HEART CANDY POP LIGHTS,4,-2,-0.5,-9.9,-2.48,4,0.026915483689010058,0.415591416115059,0.0005819592628516004,0.1477,856
85044,RED REINDEER STRING OF 20 LIGHTS,31,126,4.06,582.4,18.79,30,0.02811883049732067,0.41691702915681744,0.005819592628516004,0.1503,830
85045,GREEN CHRISTMAS TREE STRING 20LIGHT,76,445,5.86,2048.05,26.95,61,0.03111779637115728,0.42019726679763,0.014548981571290009,0.1553,780
85047,WHITE BEADED GARLAND STRING 20LIGHT,248,920,3.71,5592.4,22.55,151,0.03558334116762245,0.4281297952199777,0.04791464597478177,0.1705,628
85048,15CM CHRISTMAS GLASS BALL 20 LIGHTS,487,2432,4.99,17923.4,36.8,316,0.049797875340791574,0.45572752342852635,0.09427740058195927,0.1999,383
85049A,TRADITIONAL CHRISTMAS RIBBONS,581,5751,9.9,7108.08,12.23,387,0.08100028203440819,0.4315220038560277,0.11251212415130941,0.2083,326
85049B,LUSH GREENS RIBBONS,319,2092,6.56,2585.36,8.1,224,0.04660148538121651,0.42139980798194066,0.06168768186226964,0.1766,570
85049C,ROMANTIC PINKS RIBBONS ,471,2902,6.16,3599.07,7.64,303,0.05421641440255711,0.42366856907692796,0.09117361784675072,0.1897,458
85049D,BRIGHT BLUES RIBBONS ,379,2283,6.02,2826.39,7.46,263,0.0483971044467425,0.42193925169535457,0.07332686711930166,0.1812,531
85049E,SCANDINAVIAN REDS RIBBONS,703,5905,8.4,7392.48,10.52,434,0.08244805866315691,0.4321585129714694,0.1361784675072745,0.2169,284
85049F,BABY BOOM RIBBONS ,302,2049,6.78,2533.89,8.39,206,0.046197236062799664,0.4212846141557389,0.058389912706110575,0.1753,581
85049G,CHOCOLATE BOX RIBBONS ,478,3716,7.77,4514.25,9.44,288,0.061868948011657425,0.42571681243933973,0.09253152279340446,0.1934,430
85049H,URBAN BLACK RIBBONS ,214,1627,7.6,1653.3,7.73,154,0.04222995205415061,0.41931378587878115,0.041319107662463626,0.1676,657
85050,FRENCH ENAMEL SOAP DISH WITH LID,1,48,48.0,100.8,100.8,1,0.02738554103600639,0.41583917124543657,0.0,0.1477,856
85053,FRENCH ENAMEL CANDLEHOLDER,300,1804,6.01,3582.83,11.94,185,0.04389395506251763,0.4236322227054976,0.058001939864209505,0.1752,582
85054,FRENCH ENAMEL POT W LID,168,835,4.97,2063.71,12.28,107,0.034784243677728685,0.4202323150843663,0.032395732298739086,0.1625,708
85055,FRENCH ENAMEL UTENSIL HOLDER,80,316,3.95,1130.6,14.13,62,0.02990504841590674,0.4181439430002954,0.015324927255092144,0.1545,788
85059,FRENCH ENAMEL WATER BASIN,148,526,3.55,1625.31,10.98,108,0.03187928927329134,0.41925114210191333,0.02851600387972842,0.1599,734
85060,WOOD FAN WITH FLOWER DESIGN,78,1353,17.35,1590.93,20.4,53,0.039654037792610695,0.4191741970126416,0.014936954413191077,0.1579,754
85061W,WHITE JEWELLED HEART DECORATION,348,5833,16.76,4693.27,13.49,201,0.08177117608348218,0.42611747299435504,0.06731328806983511,0.1917,446
85062,PEARL CRYSTAL PUMPKIN T-LIGHT HLDR,287,3639,12.68,5777.8,20.13,172,0.061145059697283066,0.42854473470662635,0.05548011639185257,0.1817,526
85063,CREAM SWEETHEART MAGAZINE RACK,187,210,1.12,3411.5,18.24,106,0.028908526840274514,0.4232487729630623,0.036081474296799226,0.1627,706
85064,CREAM SWEETHEART LETTER RACK,242,1534,6.34,6877.42,28.42,172,0.04135564538873743,0.43100576900171067,0.046750727449078565,0.173,603
85065,CREAM SWEETHEART TRAYS,242,546,2.26,6356.7,26.27,163,0.032067312212089874,0.42984035751580074,0.046750727449078565,0.1696,637
85066,CREAM SWEETHEART MINI CHEST,874,2842,3.25,34029.33,38.94,475,0.05365234558616151,0.49177383586757517,0.16935014548981572,0.2383,193
85067,CREAM SWEETHEART WALL CABINET,166,461,2.78,7214.81,43.46,112,0.03126821472219611,0.431760873820483,0.03200775945683802,0.165,683
85068,CREAM SWEETHEART SHELF + HOOKS,179,918,5.13,6067.76,33.9,130,0.0355645388737426,0.4291936875305134,0.03452958292919495,0.1664,669
85069,CREAM SWEETHEART DOUBLE SHELF,3,-3,-1.0,-50.85,-16.95,1,0.026906082542070133,0.4154997668595128,0.0003879728419010669,0.1476,857
85070,ANT WHITE SWEETHEART TABLE W 3 DRAW,4,2,0.5,195.0,48.75,4,0.026953088276769767,0.41604999810434873,0.0005819592628516004,0.1479,854
85071A,BLUE CHARLIE+LOLA PERSONAL DOORSIGN,128,1687,13.18,888.01,6.94,106,0.04279402087054621,0.41760100788667026,0.02463627546071775,0.1617,716
85071B,RED CHARLIE+LOLA PERSONAL DOORSIGN,142,2289,16.12,1220.67,8.6,123,0.04845351132838206,0.41834552660095586,0.027352085354025217,0.1647,686
85071C,"CHARLIE+LOLA""EXTREMELY BUSY"" SIGN",99,1197,12.09,669.82,6.77,85,0.038187458869982135,0.4171126818532728,0.019010669253152278,0.1581,752
85071D,CHARLIE+LOLA MY ROOM DOOR SIGN,89,838,9.42,482.34,5.42,78,0.034812447118548466,0.4166930871663424,0.017070805043646945,0.1562,771
85072,OCCASIONS GIFT CARD ASSORTMENT,1,120,120.0,66.0,66.0,1,0.028062423615681113,0.41576128616380026,0.0,0.1479,854
85078,SCANDINAVIAN 3 HEARTS NAPKIN RING,87,2043,23.48,569.55,6.55,64,0.0461408291811601,0.4168882698666155,0.01668283220174588,0.1599,734
85079,EMBROIDERED REINDEER DECORATION,7,18,2.57,28.0,4.0,6,0.027103506627808593,0.4156762392355767,0.0011639185257032007,0.148,853
85080,PADDED RED HEART DECORATION,22,113,5.14,55.76,2.53,19,0.027996615587101627,0.4157383682547211,0.004073714839961203,0.1493,840
85081,PADDED HOLLY CHRISTMAS DECORATION ,21,100,4.76,44.49,2.12,20,0.02787440067688258,0.4157131451262716,0.0038797284190106693,0.1492,841
85083,KISS REINDEER SCANDINAVIAN STOCKING,3,-1,-0.33,-2.55,-0.85,3,0.026924884835949986,0.4156078659814391,0.0003879728419010669,0.1476,857
85084,HOLLY TOP CHRISTMAS STOCKING,65,605,9.31,554.57,8.53,53,0.03262197988154555,0.41685474347227897,0.012415130940834141,0.154,793
85086A,CANDY SPOT HEART DECORATION,50,396,7.92,336.6,6.73,44,0.030657140171100876,0.41636690981583446,0.009505334626576139,0.1522,811
85087,CANDY SPOT CUSHION COVER,23,111,4.83,319.21,13.88,21,0.027977813293221774,0.4163279896557869,0.004267701260911736,0.1495,838
85088,CANDY SPOT HAND BAG,47,269,5.72,555.37,11.82,38,0.029463194509730187,0.41685653393392574,0.008923375363724539,0.1517,816
85089,CANDY SPOT BUNNY,19,87,4.58,249.45,13.13,15,0.027752185766663533,0.4161718614001849,0.0034917555771096023,0.1491,842
85090,CANDY SPOT APRON,39,74,1.9,344.1,8.82,26,0.027629970856444485,0.41638369539377335,0.007371483996120271,0.1505,828
85091,CANDY SPOT BREAD BASKETS,15,320,21.33,417.65,27.84,14,0.02994265300366645,0.41654830596142706,0.0027158098933074684,0.1497,836
85092,CANDY SPOT TEA COSY,15,350,23.33,504.7,33.65,14,0.030224687411864248,0.41674313056937085,0.0027158098933074684,0.1499,834
85093,CANDY SPOT EGG WARMER HARE,61,1041,17.07,688.99,11.29,57,0.036720879947353575,0.41715558579048456,0.011639185257032008,0.1552,781
85094,CANDY SPOT EGG WARMER RABBIT,43,608,14.14,210.18,4.89,40,0.03265018332236533,0.416083972114097,0.008147429679922406,0.1523,810
85095,THREE CANVAS LUGGAGE TAGS,11,90,8.18,143.86,13.08,9,0.027780389207483314,0.41593554284357626,0.0019398642095053346,0.1486,847
85096,HILDA CANDY SPOT RABBIT,52,141,2.71,528.75,10.17,43,0.028259847701419573,0.4167969563226281,0.009893307468477207,0.1517,816
85097B,BLUE ROCKING SINGING CANARY,42,89,2.12,340.15,8.1,27,0.027770988060543386,0.41637485498939214,0.007953443258971873,0.1507,826
85098B,BLUE FLYING SINGING CANARY,91,279,3.07,1018.25,11.19,63,0.029557205979129454,0.4178924950427712,0.01745877788554801,0.155,783
85099B,JUMBO BAG RED WHITE SPOTTY ,3380,92223,27.28,165751.82,49.04,978,0.8939362602237473,0.7865789188270489,0.6554801163918526,0.7787,2
85099C,JUMBO  BAG BAROQUE BLACK WHITE,1490,28586,19.19,51617.3,34.64,508,0.29567547240763375,0.5311370680304255,0.28884578079534434,0.3719,23
85099F,JUMBO BAG STRAWBERRY,1551,35559,22.93,63615.53,41.02,549,0.36122967001974243,0.5579900313362122,0.3006789524733269,0.4066,14
85103, SILVER T-LIGHT SETTING,59,202,3.42,1263.5,21.42,47,0.0288333176647551,0.418441383441372,0.01125121241513094,0.1528,805
85104,SILVER GLASS T-LIGHT SET,56,319,5.7,865.33,15.45,40,0.02993325185672652,0.4175502482989831,0.01066925315227934,0.1527,806
85106,CUT GLASS HEXAGON T-LIGHT HOLDER,45,1022,22.71,1849.0,41.09,40,0.03654225815549497,0.41975177755913257,0.008535402521823473,0.1549,784
85107,CUT GLASS T-LIGHT HOLDER OCTAGON,66,1169,17.71,2118.21,32.09,56,0.03792422675566419,0.42035429028405535,0.012609117361784675,0.157,763
85109,PINK BOUDOIR T-LIGHT HOLDER,19,2331,122.68,331.11,17.43,17,0.04884835949985898,0.4163546227727832,0.0034917555771096023,0.1562,771
85110,BLACK SILVER FLOWER T-LIGHT HOLDER,21,6472,308.19,737.32,35.11,17,0.08777850897809533,0.4172637520547226,0.0038797284190106693,0.1696,637
85111,SILVER GLITTER FLOWER VOTIVE HOLDER,65,2728,41.97,838.16,12.89,50,0.05258061483500987,0.4174894397453032,0.012415130940834141,0.1608,725
85112,S/3 TEAR DROP CUT GLASS DECORATION,23,429,18.65,320.25,13.92,20,0.030967378020118456,0.41633031725592773,0.004267701260911736,0.1505,828
85113,POLKA DOT PISTACHIO PAIL,44,279,6.34,566.22,12.87,36,0.029557205979129454,0.4168808170700107,0.00834141610087294,0.1516,817
85114A,BLACK ENCHANTED FOREST PLACEMAT,83,1179,14.2,1813.35,21.85,46,0.03801823822506346,0.4196719901119965,0.015906886517943745,0.1579,754
85114B,IVORY ENCHANTED FOREST PLACEMAT,159,1751,11.01,2753.15,17.32,99,0.04339569427470152,0.4217753349315889,0.030649854510184288,0.1653,680
85114C,RED ENCHANTED FOREST PLACEMAT,132,961,7.28,1549.65,11.74,79,0.03596878819215944,0.4190818091916661,0.025412221144519884,0.1602,731
85115B,S/4 BLACK DISCO PARTITION PANEL,1,3,3.0,12.75,12.75,1,0.02696248942370969,0.4156421085604344,0.0,0.1475,858
85116,BLACK CANDELABRA T-LIGHT HOLDER,55,1143,20.78,1076.66,19.58,40,0.0376797969352261,0.41802322112375906,0.010475266731328807,0.1554,779
85117,NIGHTINGALE COATHOOK WHITE,40,317,7.92,493.45,12.34,29,0.029914449562846668,0.41671795220246255,0.007565470417070805,0.1514,819
85118,HEART T-LIGHT HOLDER,73,1820,24.93,973.48,13.34,55,0.04404437341355645,0.4177922963328615,0.01396702230843841,0.1586,747
85119,WATERING CAN SINGLE HOOK PISTACHIO,41,396,9.66,537.08,13.1,36,0.030657140171100876,0.4168155995045255,0.007759456838021339,0.1517,816
85121B,RETRO LAUNDRY TUB PINK,33,49,1.48,416.5,12.62,28,0.02739494218294632,0.4165457321728098,0.006207565470417071,0.15,833
85121C,RETRO LAUNDRY TUB PISTACHIO,43,83,1.93,705.5,16.41,39,0.027714581178903828,0.41719253644272064,0.008147429679922406,0.151,823
85123A,WHITE HANGING HEART T-LIGHT HOLDER,5156,88183,17.1,237833.96,46.13,1494,0.8559556265864435,0.9479043026897166,1.0,0.9346,1
85124A,PINK JUICY FRUIT PHOTO FRAME,73,331,4.53,823.35,11.28,44,0.03004606562000564,0.4174562938240666,0.01396702230843841,0.1538,795
85124B,BLUE JUICY FRUIT PHOTO FRAME,85,325,3.82,812.55,9.56,45,0.02998965873836608,0.41743212259183465,0.016294859359844812,0.1546,787
85124C,GREEN JUICY FRUIT PHOTO FRAME,99,391,3.95,964.65,9.74,51,0.030610134436401242,0.4177725341124348,0.019010669253152278,0.1558,775
85125,SMALL ROUND CUT GLASS CANDLESTICK,44,263,5.98,1203.15,27.34,32,0.02940678762809063,0.41830631549089065,0.00834141610087294,0.152,813
85126,LARGE ROUND CUTGLASS CANDLESTICK,37,138,3.73,893.1,24.14,22,0.028231644260599792,0.4176123996988981,0.006983511154219205,0.1509,824
85127,SMALL SQUARE CUT GLASS CANDLESTICK,39,133,3.41,658.35,16.88,30,0.028184638525900158,0.41708701110941165,0.007371483996120271,0.1509,824
85128,PLANTPOT SINGLE HOOK PISTACHIO,2,165,82.5,182.09,91.04,2,0.028485475227977813,0.4160211045295233,0.00019398642095053346,0.1482,851
85129A,"WHITE PEARL BEADED HEART, SMALL",68,416,6.12,520.0,7.65,51,0.030845163109899407,0.4167773731483661,0.012997090203685741,0.1535,798
85129B,BEADED CRYSTAL HEART GREEN SMALL,36,210,5.83,258.08,7.17,26,0.028908526840274514,0.41619117600519984,0.006789524733268671,0.1506,827
85129C,BEADED CRYSTAL HEART BLUE SMALL,49,370,7.55,463.85,9.47,37,0.030412710350662783,0.4166517051215305,0.009311348205625606,0.1521,812
85129D,BEADED CRYSTAL HEART PINK SMALL,86,654,7.6,849.1,9.87,59,0.03308263608160195,0.4175139243083234,0.016488845780795344,0.1557,776
85130A,BEADED PEARL HEART WHITE LARGE,76,656,8.63,1080.0,14.21,59,0.03310143837548181,0.41803069630113454,0.014548981571290009,0.1552,781
85130B,BEADED CRYSTAL HEART GREEN LARGE,59,875,14.83,805.05,13.64,50,0.03516028955532575,0.41741533701389577,0.01125121241513094,0.1546,787
85130C,BEADED CRYSTAL HEART BLUE  LARGE,62,650,10.48,707.86,11.42,51,0.03304503149384225,0.4171978183045787,0.011833171677982542,0.154,793
85130D,BEADED CRYSTAL HEART PINK LARGE,83,734,8.84,824.28,9.93,63,0.033834727836796086,0.41745837523573104,0.015906886517943745,0.1557,776
85131A,BEADED PEARL HEART WHITE ON STICK,82,1361,16.6,1047.91,12.78,64,0.039729246968130114,0.4179588764083268,0.01571290009699321,0.1578,755
85131B,BEADED CRYSTAL HEART GREEN ON STICK,24,330,13.75,210.18,8.76,12,0.030036664473065713,0.416083972114097,0.0044616876818622695,0.1502,831
85131C,BEADED CRYSTAL HEART BLUE ON STICK,27,308,11.41,207.34,7.68,20,0.02982983924038733,0.4160776159752508,0.00504364694471387,0.1503,830
85131D,BEADED CRYSTAL HEART PINK\ON STICK,32,503,15.72,289.69,9.05,25,0.03166306289367303,0.4162619216210195,0.0060135790494665374,0.1513,820
85132A,CHARLIE + LOLA BISCUITS TINS,152,1178,7.75,3862.9,25.41,98,0.03800883707812353,0.42425904094727596,0.029291949563530553,0.1639,694
85132B,CHARLIE AND LOLA TABLE TINS,101,891,8.82,2553.45,25.28,74,0.03531070790636458,0.4213283909430035,0.019398642095053348,0.1587,746
85132C,CHARLIE AND LOLA FIGURES TINS,198,1907,9.63,4764.13,24.06,144,0.04486227319733008,0.42627606313472144,0.038215324927255094,0.1698,635
85135A,YELLOW DRAGONFLY HELICOPTER,54,72,1.33,572.4,10.6,41,0.027611168562564632,0.4168946483862323,0.010281280310378274,0.1516,817
85135B,BLUE DRAGONFLY HELICOPTER,79,96,1.22,763.2,9.66,67,0.027836796089122873,0.41732167348899696,0.01513094083414161,0.1534,799
85135C,RED DRAGONFLY HELICOPTER,68,101,1.49,802.95,11.81,57,0.027883801823822506,0.41741063705207293,0.012997090203685741,0.1528,805
85136A,YELLOW SHARK HELICOPTER,69,88,1.28,699.6,10.14,64,0.027761586913603458,0.4171793317880754,0.013191076624636276,0.1527,806
85136B,BLUE SHARK HELICOPTER,40,48,1.2,381.6,9.54,40,0.02738554103600639,0.41646762328346765,0.007565470417070805,0.1505,828
85136C,RED SHARK HELICOPTER,82,111,1.35,882.45,10.76,70,0.027977813293221774,0.4175885641782249,0.01571290009699321,0.1538,795
85141,JARDIN ETCHED GLASS FRUITBOWL,76,169,2.22,1205.35,15.86,58,0.02852307981573752,0.4183112392604194,0.014548981571290009,0.1538,795
85142,JARDIN ETCHED GLASS GINGER JAR,28,49,1.75,389.55,13.91,26,0.02739494218294632,0.4164854159960828,0.0052376333656644035,0.1497,836
85144,JARDIN ETCHED GLASS BUTTER DISH,74,285,3.85,1032.35,13.95,61,0.029613612860769013,0.41792405192929627,0.014161008729388943,0.1539,794
85145,JARDIN ETCHED GLASS LARGE BELL JAR,31,88,2.84,770.8,24.86,27,0.027761586913603458,0.41733868287464165,0.005819592628516004,0.1503,830
85146,JARDIN ETCHED GLASS SMALL BELL JAR,29,115,3.97,564.25,19.46,23,0.02801541788098148,0.4168764080582054,0.005431619786614937,0.1501,832
85147,JARDIN ETCHED GLASS CANDLEHLDR LONG,20,59,2.95,292.05,14.6,14,0.027488953652345587,0.4162672034828776,0.0036857419980601356,0.1491,842
85150,LADIES & GENTLEMEN METAL SIGN,906,8052,8.89,18783.03,20.73,369,0.10263232114317947,0.4576514416103376,0.1755577109602328,0.2453,166
85151,WELCOME METAL SIGN,8,44,5.5,55.0,6.88,8,0.027347936448246686,0.4157366673161566,0.0013579049466537342,0.1481,852
85152,HAND OVER THE CHOCOLATE   SIGN ,1320,16045,12.16,30424.42,23.05,486,0.17777568863401336,0.4837057694985637,0.25586808923375365,0.3058,68
85159A,"BLACK TEA,COFFEE,SUGAR JARS",56,413,7.38,709.75,12.67,42,0.030816959669079626,0.41720204827021934,0.01066925315227934,0.1529,804
85159B,"WHITE TEA,COFFEE,SUGAR JARS",82,599,7.3,1143.21,13.94,53,0.032565572999905985,0.41817216515200323,0.01571290009699321,0.1555,778
85160A,WHITE BIRD GARDEN DESIGN MUG,23,4480,194.78,761.6,33.11,20,0.0690514242737614,0.41731809256570335,0.004267701260911736,0.1635,698
85160B,BLACK BIRD GARDEN DESIGN MUG,35,3168,90.51,543.46,15.53,28,0.056717119488577605,0.4168298784361589,0.006595538312318138,0.16,733
85161,ACRYLIC GEOMETRIC LAMP,22,25,1.14,459.75,20.9,16,0.02716931465638808,0.41664252900559057,0.004073714839961203,0.1493,840
85162A,SILVER RETRODISC LAMPSHADE,23,601,26.13,1181.44,51.37,14,0.03258437529378584,0.41825772683795026,0.004267701260911736,0.1517,816
85162B,BLACK RETRODISC LAMPSHADE,13,977,75.15,1905.15,146.55,5,0.03611920654319827,0.4198774455859682,0.0023278370514064014,0.1528,805
85162C,WHITE RETRODISC LAMPSHADE,41,898,21.9,1775.1,43.3,11,0.035376515934944064,0.4195863836645083,0.007759456838021339,0.1542,791
85163A,WHITE BAROQUE WALL CLOCK ,41,79,1.93,772.65,18.85,35,0.02767697659114412,0.4173428233171999,0.007759456838021339,0.1509,824
85163B,BLACK BAROQUE WALL CLOCK ,38,67,1.76,626.85,16.5,27,0.027564162827865,0.41701651168206844,0.007177497575169738,0.1506,827
85164B,BLACK BAROQUE CUCKOO CLOCK,42,112,2.67,1122.0,26.71,27,0.0279872144401617,0.41812469553759213,0.007953443258971873,0.1514,819
85165,CANDY PINK FRENCH BOUDOIR CLOCK,11,16,1.45,159.2,14.47,9,0.02708470433392874,0.4159698749456539,0.0019398642095053346,0.1483,850
85166A,WHITE METAL BAROQUE PHOTO FRAME,9,71,7.89,116.25,12.92,8,0.027601767415624708,0.41587374953599066,0.0015518913676042677,0.1483,850
85166B,BLACK METAL BAROQUE PHOTO FRAME,31,501,16.16,798.75,25.77,28,0.031644260599793174,0.41740123712842714,0.005819592628516004,0.1516,817
85167A,WHITE GRAND BAROQUE PHOTO FRAME,13,147,11.31,298.5,22.96,12,0.028316254583059135,0.416281639079905,0.0023278370514064014,0.149,843
85167B,BLACK GRAND BAROQUE PHOTO FRAME,53,684,12.91,1358.4,25.63,38,0.033364670489799755,0.41865377695422507,0.01008729388942774,0.154,793
85168A,WHITE BAROQUE CARRIAGE CLOCK,15,22,1.47,218.9,14.59,12,0.0271411112155683,0.4161034881460472,0.0027158098933074684,0.1487,846
85168B,BLACK BAROQUE CARRIAGE CLOCK,23,37,1.61,348.67,15.16,17,0.0272821284196672,0.41639392340593073,0.004267701260911736,0.1493,840
85169A,IVORY LOVE BIRD CANDLE,101,913,9.04,999.07,9.89,79,0.03551753313904296,0.4178495687247889,0.019398642095053348,0.1576,757
85169B,BLACK LOVE BIRD CANDLE,46,280,6.09,290.24,6.31,31,0.02956660712606938,0.4162631525634017,0.008729388942774006,0.1515,818
85169C,EAU DE NIL LOVE BIRD CANDLE,38,397,10.45,429.97,11.32,27,0.0306665413180408,0.416575879070788,0.007177497575169738,0.1515,818
85169D,PINK LOVE BIRD CANDLE,45,374,8.31,413.98,9.2,39,0.030450314938422488,0.41654009221862237,0.008535402521823473,0.1518,815
85170A,SET/6 IVORY BIRD T-LIGHT CANDLES,65,767,11.8,1326.8,20.41,45,0.03414496568581367,0.418583053719176,0.012415130940834141,0.155,783
85170B,SET/6 BLACK BIRD T-LIGHT CANDLES,37,229,6.19,295.98,8.0,20,0.02908714863213312,0.4162759991257176,0.006983511154219205,0.1508,825
85170C,SET/6 EAU DE NIL BIRD T-LIGHTS,49,427,8.71,613.73,12.53,40,0.0309485757262386,0.41698714811106075,0.009311348205625606,0.1524,809
85170D,SET/6 PINK BIRD T-LIGHT CANDLES,81,567,7.0,759.99,9.38,48,0.032264736297828334,0.4173144892616391,0.015518913676042677,0.155,783
85171,S/2 HYACINTH BULB CANDLES,1,1,1.0,2.55,2.55,1,0.02694368712982984,0.4156192801744375,0.0,0.1475,858
85172,HYACINTH BULB T-LIGHT CANDLES,145,4026,27.77,1624.68,11.2,112,0.06478330356303469,0.41924973211336647,0.02793404461687682,0.1707,626
85173,SET/6 FROG PRINCE T-LIGHT CANDLES,104,949,9.12,1550.52,14.91,70,0.035855974428880326,0.419083756318707,0.019980601357904946,0.1583,750
85174,S/4 CACTI CANDLES,246,1142,4.64,5004.12,20.34,126,0.03767039578828617,0.42681317924799445,0.0475266731328807,0.1707,626
85175,CACTI T-LIGHT CANDLES,423,14673,34.69,5879.3,13.9,200,0.16487731503243397,0.4287718995280656,0.08186226964112513,0.2252,247
85176,SEWING SUSAN 21 NEEDLE SET,178,2392,13.44,1862.32,10.46,116,0.04942182946319451,0.419781588745552,0.03433559650824442,0.1678,655
85177,BASKET OF FLOWERS SEWING KIT,113,1764,15.61,1441.26,12.75,87,0.04351790918492056,0.4188392240192937,0.021726479146459747,0.1614,719
85178,VICTORIAN SEWING KIT,266,4993,18.77,5439.69,20.45,177,0.07387421265394378,0.42778801847237186,0.05140640155189137,0.1844,502
85179A,GREEN BITTY LIGHT CHAIN,27,136,5.04,267.36,9.9,25,0.02821284196671994,0.4162119453603028,0.00504364694471387,0.1498,835
85179B,WHITE BITTY LIGHT CHAIN ,39,240,6.15,1000.08,25.64,33,0.029190561248472312,0.417851829182618,0.007371483996120271,0.1515,818
85179C,PINK BITTY LIGHT CHAIN,10,77,7.7,126.85,12.68,10,0.027658174297264266,0.41589747315281095,0.0017458777885548012,0.1484,849
85180A,RED HEARTS LIGHT CHAIN ,70,538,7.69,1307.78,18.68,62,0.03199210303657046,0.4185404854935231,0.01338506304558681,0.1546,787
85180B,PINK HEARTS LIGHT CHAIN ,34,279,8.21,726.63,21.37,29,0.029557205979129454,0.41723982701096707,0.006401551891367604,0.1511,822
85183A,CHARLIE & LOLA WASTEPAPER BIN BLUE,138,1488,10.78,2176.0,15.77,105,0.040923192629500796,0.42048362875726697,0.026576139670223084,0.1627,706
85183B,CHARLIE & LOLA WASTEPAPER BIN FLORA,158,1661,10.51,2452.25,15.52,124,0.04254959105010811,0.42110189754468175,0.030455868089233753,0.1647,686
85184B,SET 4 EASTER DECOUPAGE OVAL BOXES,8,13,1.62,38.35,4.79,8,0.02705650089310896,0.4156994033331324,0.0013579049466537342,0.148,853
85184C,S/4 VALENTINE DECOUPAGE HEART BOX,258,2098,8.13,4117.08,15.96,186,0.04665789226285607,0.42482791537400927,0.0498545101842871,0.1738,595
85184D,S/4 BLUE ROUND DECOUPAGE BOXES,54,4354,80.63,2780.22,51.49,48,0.06786687975933064,0.4218359196775629,0.010281280310378274,0.1667,666
85185B,PINK HORSE SOCK PUPPET,150,545,3.63,1576.55,10.51,111,0.03205791106514995,0.4191420134645401,0.028903976721629487,0.16,733
85185C,COW  SOCK PUPPET,27,54,2.0,159.3,5.9,24,0.027441947917645954,0.4159700987533597,0.00504364694471387,0.1495,838
85185D,FROG SOCK PUPPET,45,168,3.73,483.6,10.75,38,0.028513678668797594,0.4166959071434362,0.008535402521823473,0.1512,821
85185E,DUCK SOCK PUPPET,3,2,0.67,6.7,2.23,3,0.026953088276769767,0.4156285681942304,0.0003879728419010669,0.1477,856
85185F,LION SOCK PUPPET,18,35,1.94,103.25,5.74,16,0.027263326125787347,0.41584465453423,0.003297769156159069,0.1488,845
85186A,EASTER BUNNY GARLAND OF FLOWERS,83,1290,15.54,541.8,6.53,76,0.03906176553539532,0.41682616322824173,0.015906886517943745,0.1573,760
85186B,BUNNY BUNCH OF FLOWERS,2,14,7.0,5.88,2.94,2,0.027065902040048887,0.41562673297104236,0.00019398642095053346,0.1476,857
85186C,BUNNY EGG GARLAND,84,1159,13.8,486.78,5.8,75,0.03783021528626492,0.4167030242284822,0.016100872938894277,0.1569,764
85187,S/12 MINI RABBIT EASTER,91,451,4.96,724.95,7.97,75,0.03117420325279684,0.4172360670415088,0.01745877788554801,0.1553,780
85188A,GREEN METAL SWINGING BUNNY,83,877,10.57,742.33,8.94,67,0.035179091849205604,0.41727496482078574,0.015906886517943745,0.1561,772
85188B,PINK METAL SWINGING BUNNY,53,669,12.62,568.65,10.73,48,0.03322365328570086,0.41688625559726283,0.01008729388942774,0.1534,799
85189,HANGING BUTTERFLY  EGG,61,1105,18.11,898.69,14.73,53,0.037322553351508886,0.41762491054965517,0.011639185257032008,0.1555,778
85190,PINK FLOWER HANGING HEART ,15,127,8.47,107.95,7.2,14,0.0281282316442606,0.415855173496405,0.0027158098933074684,0.1489,844
85192S,HANGING SPRING FLOWER HEART SMALL,2,3,1.5,1.95,0.98,2,0.02696248942370969,0.4156179373282024,0.00019398642095053346,0.1476,857
85194L,HANGING SPRING FLOWER EGG LARGE,114,1680,14.74,1371.84,12.03,93,0.04272821284196672,0.41868385670989156,0.021920465567410282,0.1611,722
85194S,HANGING SPRING FLOWER EGG SMALL,100,1651,16.51,765.41,7.65,84,0.04245557958070885,0.4173266196392963,0.019204655674102813,0.1597,736
85195,HANGING HEART BASKET,17,144,8.47,263.04,15.47,15,0.028288051142239354,0.4162022768674101,0.0031037827352085354,0.1492,841
85196,EASTER BUNNIES ON A STICK,66,1536,23.27,783.96,11.88,59,0.04137444768261728,0.41736813596873173,0.012609117361784675,0.1571,762
85197,SET OF 12 MINI BUNNIES IN A BUCKET,75,1667,22.23,955.26,12.74,63,0.04260599793174767,0.4177515185688554,0.014354995150339476,0.1582,751
85198,ASSORTED FARMYARD ANIMALS IN BUCKET,40,3824,95.6,1421.24,35.53,37,0.0628842718811695,0.41879441771658216,0.007565470417070805,0.1631,702
85199L,LARGE HANGING IVORY & RED WOOD BIRD,195,3276,16.8,2074.68,10.64,136,0.057732443358089684,0.4202568667896982,0.03763336566440349,0.1719,614
85199S,SMALL HANGING IVORY/RED WOOD BIRD,304,5312,17.47,2212.91,7.28,188,0.07687317852778039,0.42056623618149674,0.05877788554801164,0.1854,493
85200,BUNNY EGG BOX,95,1007,10.6,1253.95,13.2,81,0.03640124095139607,0.41842000980546323,0.018234723569350145,0.1577,756
85202,HANGING WOOD AND FELT HEART,101,721,7.14,301.38,2.98,79,0.033712512926577044,0.41628808474183354,0.019398642095053348,0.1565,768
85203,HANGING WOOD AND FELT BUTTERFLY ,118,1089,9.23,454.5,3.85,94,0.03717213500047006,0.41663077910103335,0.022696411251212415,0.1588,745
85204,HANGING WOOD AND FELT FLOWER,82,2149,26.21,364.5,4.45,69,0.04713735075679233,0.41642935216576704,0.01571290009699321,0.1598,735
85205A,IVORY FELT EASTER RABBIT GARLAND,23,66,2.87,168.3,7.32,21,0.027554761680925074,0.41599024144688634,0.004267701260911736,0.1493,840
85205B,PINK FELT EASTER RABBIT GARLAND,44,215,4.89,548.25,12.46,36,0.028955532574974147,0.41684059882526914,0.00834141610087294,0.1514,819
85206A,CREAM FELT EASTER EGG BASKET,291,2138,7.35,3419.7,11.75,234,0.04703393814045313,0.42326712519494214,0.05625606207565471,0.1755,580
85206B,PINK FELT EASTER EGG BASKET,165,1472,8.92,2300.0,13.94,138,0.04077277427846197,0.4207611503125228,0.03181377303588749,0.1644,689
85208,SET/12 FUNKY FELT FLOWER PEG IN BAG,59,353,5.98,701.94,11.9,56,0.03025289085268403,0.41718456888839234,0.01125121241513094,0.1529,804
85211,S/4 GROOVY CAT MAGNETS,57,274,4.81,371.44,6.52,43,0.02951020024442982,0.4164448844205531,0.010863239573229874,0.1523,810
85212,MINI PAINTED GARDEN DECORATION ,96,2766,28.81,990.62,10.32,82,0.052937858418727085,0.4178306569736444,0.01842870999030068,0.1631,702
85213,MINI  ZINC GARDEN DECORATIONS ,50,1269,25.38,668.73,13.37,48,0.03886434144965686,0.41711024234927907,0.009505334626576139,0.1552,781
85214,TUB 24 PINK FLOWER PEGS,137,419,3.06,691.35,5.05,94,0.03087336655071919,0.41716086765234267,0.026382153249272552,0.1581,752
85215,ASSORTED CHEESE FRIDGE MAGNETS,47,755,16.06,484.99,10.32,33,0.03403215192253455,0.4166990180705475,0.008923375363724539,0.1532,801
85216,ASSORTED CAKES FRIDGE MAGNETS,154,2741,17.8,1712.53,11.12,115,0.05270282974522892,0.41944634718295704,0.02967992240543162,0.1673,660
85217,ASSORTED ICE CREAM FRIDGE MAGNETS,141,2715,19.26,1689.51,11.98,98,0.05245839992479082,0.41939482664907,0.027158098933074686,0.1663,670
85218,S/5 MINI ICE CREAM FRIDGE MAGNETS,3,1989,663.0,620.85,206.95,3,0.04563316724640406,0.41700308321971735,0.0003879728419010669,0.1543,790
85219,S/4 HEART CRYSTAL FRIDGE MAGNETS,1,-3,-3.0,-4.95,-4.95,1,0.026906082542070133,0.4156024945964986,0.0,0.1475,858
85220,SMALL FAIRY CAKE FRIDGE MAGNETS,7,9723,1389.0,3229.35,461.34,5,0.11834163767979694,0.42284110722685375,0.0011639185257032007,0.1808,535
85221,ASSORTED COLOUR SILK COIN PURSE,48,3420,71.25,1511.67,31.49,35,0.05908620851743913,0.4189968070249837,0.009117361784675072,0.1624,709
85222,ASSORTED COLOUR SILK COSMETIC PURSE,45,1392,30.93,1532.65,34.06,40,0.04002068252326784,0.4190437618816713,0.008535402521823473,0.1559,774
85224,ASSORTED COLOUR SILK GLASSES CASE,50,1987,39.74,1051.14,21.02,35,0.04561436495252421,0.4179661053972258,0.009505334626576139,0.1577,756
85225,BLING KEY RING STAND,11,19,1.73,22.5,2.05,10,0.02711290777474852,0.4156639298117549,0.0019398642095053346,0.1482,851
85226A,WHITE/BLUE PULL BACK RACING CAR,127,1613,12.7,824.75,6.49,96,0.042098335996991636,0.41745942713194856,0.024442289039767216,0.1613,720
85226C,BLUE PULL BACK RACING CAR,67,952,14.21,461.2,6.88,54,0.03588417786970011,0.41664577421732546,0.012803103782735208,0.1551,782
85227,SET/6 3D KIT CARDS FOR KIDS,302,3090,10.23,2559.48,8.48,225,0.05598383002726333,0.42134188654766636,0.058389912706110575,0.1786,554
85230A,OPIUM SCENTED VOTIVE CANDLE,48,1992,41.5,497.04,10.35,31,0.04566137068722384,0.4167259868991026,0.009117361784675072,0.1572,761
85230B,CINNAMON SCENTED VOTIVE CANDLE,66,2095,31.74,553.79,8.39,49,0.04662968882203629,0.41685299777217333,0.012609117361784675,0.1587,746
85230C,ROSE SCENTED VOTIVE CANDLE,1,24,24.0,6.96,6.96,1,0.02715991350944815,0.41562915009426554,0.0,0.1476,857
85230D,VANILLA SCENTED VOTIVE CANDLE,1,24,24.0,6.96,6.96,1,0.02715991350944815,0.41562915009426554,0.0,0.1476,857
85230E,STRAWBRY SCENTED VOTIVE CANDLE,65,2421,37.25,621.45,9.56,44,0.04969446272445238,0.4170044260659525,0.012415130940834141,0.1597,736
85230F,JASMINE VOTIVE CANDLE,61,2944,48.26,725.12,11.89,48,0.05461126257403403,0.4172364475146087,0.011639185257032008,0.1612,721
85230G,ORANGE VOTIVE CANDLE,47,1632,34.72,411.84,8.76,32,0.04227695778885024,0.41653530273371714,0.008923375363724539,0.1559,774
85231B,CINAMMON SET OF 9 T-LIGHTS,292,1857,6.36,1572.21,5.38,181,0.04439221585033374,0.41913230021010617,0.05645004849660524,0.1733,600
85231E,STRAWBERRY SCENTED SET/9 T-LIGHTS,95,803,8.45,651.35,6.86,77,0.034483406975651026,0.41707134457000206,0.018234723569350145,0.1566,767
85231G,ORANGE SCENTED SET/9 T-LIGHTS,214,1382,6.46,1151.3,5.38,139,0.03992667105386857,0.4181902711954066,0.041319107662463626,0.1665,668
85231L,LAVENDER SCENTED SET/9 T-LIGHTS,103,1018,9.88,810.7,7.87,81,0.03650465356773527,0.41742798214927646,0.019786614936954414,0.1579,754
85232A,SET/3 POLKA DOT STACKING TINS,138,323,2.34,1565.25,11.34,100,0.029970856444486226,0.4191167231937789,0.026576139670223084,0.1586,747
85232B,SET/3 RUSSIAN DOLL STACKING TINS,474,2611,5.51,12447.05,26.26,210,0.05148068064303845,0.4434710301291276,0.09175557710960233,0.1956,412
85232C,RUSSIAN FOLKART STACKING TINS,1,1,1.0,4.95,4.95,1,0.02694368712982984,0.41562465155937794,0.0,0.1475,858
85232D,SET/3 DECOUPAGE STACKING TINS,182,620,3.41,2934.6,16.12,120,0.03276299708564445,0.4221814340138565,0.035111542192046555,0.1634,699
90000A,RASPBERRY ANT COPPER FLOWER NECKLAC,14,25,1.79,148.75,10.62,14,0.02716931465638808,0.4159464870403924,0.002521823472356935,0.1485,848
90000B,MIDNIGHT BLUE COPPER FLOWER NECKLAC,9,14,1.56,83.3,9.26,9,0.027065902040048887,0.41580000489691255,0.0015518913676042677,0.1481,852
90000C,OPAL WHITE/SILVER FLOWER NECKLACE,1,1,1.0,5.95,5.95,1,0.02694368712982984,0.41562688963643646,0.0,0.1475,858
90000D,COPPER/OLIVE GREEN FLOWER NECKLACE,13,25,1.92,148.75,11.44,13,0.02716931465638808,0.4159464870403924,0.0023278370514064014,0.1485,848
90001A,ANTIQUE RASPBERRY FLOWER EARRINGS,3,4,1.33,17.0,5.67,3,0.02697189057064962,0.4156516203879331,0.0003879728419010669,0.1477,856
90001B,ANTIQUE MID BLUE FLOWER EARRINGS,4,7,1.75,29.75,7.44,4,0.0270000940114694,0.4156801558704291,0.0005819592628516004,0.1478,855
90001C,ANTIQUE OPAL WHITE FLOWER EARRINGS,5,6,1.2,25.5,5.1,5,0.026990692864529472,0.4156706440429304,0.0007759456838021338,0.1478,855
90001D,ANTIQUE OLIVE GREEN FLOWER EARRINGS,7,16,2.29,68.0,9.71,7,0.02708470433392874,0.41576576231791734,0.0011639185257032007,0.148,853
90002A,FLOWER BURST SILVER RING OPAL,15,36,2.4,135.0,9.0,14,0.02727272727272727,0.41591571348083783,0.0027158098933074684,0.1486,847
90002B,FLOWER BURST SILVER RING ROSE,7,18,2.57,67.5,9.64,7,0.027103506627808593,0.41576464327938806,0.0011639185257032007,0.148,853
90002C,FLOWER BURST SILVER RING MIDN'T BLU,12,23,1.92,86.25,7.19,8,0.027150512362508226,0.41580660722423524,0.002133850630455868,0.1484,849
90002D,FLOWER BURST SILVER RING CRYSTAL,22,89,4.05,308.75,14.03,17,0.027770988060543386,0.4163045793697548,0.004073714839961203,0.1494,839
90002E,FLOWER BURST SILVER RING GREEN,10,12,1.2,45.0,4.5,7,0.027047099746169034,0.41571428654557147,0.0017458777885548012,0.1482,851
90003B,ROSE COLOUR PAIR HEART HAIR SLIDES,12,17,1.42,63.75,5.31,9,0.027094105480868665,0.41575625049041864,0.002133850630455868,0.1483,850
90003C,MIDNIGHT BLUE PAIR HEART HAIR SLIDE,12,18,1.5,67.5,5.62,10,0.027103506627808593,0.41576464327938806,0.002133850630455868,0.1483,850
90003D,CRYSTAL PAIR HEART HAIR SLIDES,17,28,1.65,105.0,6.18,15,0.02719751809720786,0.41584857116908236,0.0031037827352085354,0.1487,846
90003E,GREEN PAIR HEART HAIR SLIDES,4,6,1.5,22.5,5.62,3,0.026990692864529472,0.4156639298117549,0.0005819592628516004,0.1477,856
90004A,JADE GREEN PAIR ENAMEL HAIR SLIDES,1,1,1.0,3.75,3.75,1,0.02694368712982984,0.41562196586690775,0.0,0.1475,858
90005A,JADE GREEN ENAMEL HAIR COMB,7,36,5.14,70.2,10.03,5,0.02727272727272727,0.41577068608744605,0.0011639185257032007,0.1481,852
90010A,MIDNIGHT BLUE GLASS/SILVER BRACELET,15,25,1.67,217.3,14.49,12,0.02716931465638808,0.4160999072227536,0.0027158098933074684,0.1487,846
90010B,BLACK/WHITE GLASS/SILVER BRACELET,18,44,2.44,393.8,21.88,16,0.027347936448246686,0.4164949278235815,0.003297769156159069,0.149,843
90010E,AMBER GLASS/SILVER BRACELET,19,28,1.47,244.15,12.85,16,0.02719751809720786,0.41615999959177474,0.0034917555771096023,0.1489,844
90011A,MIDNIGHT BLUE CRYSTAL DROP EARRINGS,2,2,1.0,5.9,2.95,2,0.026953088276769767,0.4156267777325835,0.00019398642095053346,0.1476,857
90011B,BLACK CRYSTAL DROP EARRINGS,4,9,2.25,26.55,6.64,4,0.027018896305349253,0.41567299402384184,0.0005819592628516004,0.1478,855
90011C,GREEN CRYSTAL DROP EARRINGS,1,6,6.0,17.7,17.7,1,0.026990692864529472,0.41565318704187404,0.0,0.1475,858
90011E,AMBER CRYSTAL DROP EARRINGS,1,1,1.0,2.95,2.95,1,0.02694368712982984,0.4156201754052609,0.0,0.1475,858
90012A,MIDNIGHT BLUE DROP CRYSTAL NECKLACE,2,8,4.0,23.6,11.8,2,0.027009495158409325,0.41566639169651926,0.00019398642095053346,0.1476,857
90012B,BLACK DROP CRYSTAL NECKLACE,3,13,4.33,45.35,15.12,3,0.02705650089310896,0.415715069872542,0.0003879728419010669,0.1477,856
90013A,MIDNIGHT BLUE VINTAGE EARRINGS,11,33,3.0,123.75,11.25,8,0.027244523831907494,0.41589053511392954,0.0019398642095053346,0.1484,849
90013B,BLACK VINTAGE EARRINGS,5,20,4.0,75.0,15.0,5,0.027122308921688446,0.41578142885732694,0.0007759456838021338,0.1479,854
90013C,GREEN VINTAGE EARRINGS ,10,35,3.5,131.25,13.12,10,0.027263326125787347,0.41590732069186837,0.0017458777885548012,0.1483,850
90013D,PURPLE VINTAGE EARRINGS,8,34,4.25,127.5,15.94,7,0.02725392497884742,0.41589892790289895,0.0013579049466537342,0.1482,851
90014A,SILVER/MOP ORBIT NECKLACE,22,36,1.64,302.2,13.74,18,0.02727272727272727,0.41628991996502157,0.004073714839961203,0.1492,841
90014B,GOLD M PEARL  ORBIT NECKLACE,15,19,1.27,175.05,11.67,13,0.02711290777474852,0.4160053484670313,0.0027158098933074684,0.1486,847
90014C,SILVER/BLACK ORBIT NECKLACE,14,23,1.64,221.85,15.85,13,0.027150512362508226,0.4161100904733699,0.002521823472356935,0.1486,847
90016A,SILVER/M.O.P PENDANT ORBIT NECKLACE,9,22,2.44,148.75,16.53,8,0.0271411112155683,0.4159464870403924,0.0015518913676042677,0.1482,851
90016B,GOLD/M.O.P PENDANT ORBIT NECKLACE,17,22,1.29,187.0,11.0,14,0.0271411112155683,0.4160320934878806,0.0031037827352085354,0.1488,845
90016C,SILVER/BLACK PENDANT ORBIT NECKLACE,4,6,1.5,51.0,12.75,4,0.026990692864529472,0.41572771500792255,0.0005819592628516004,0.1478,855
90018A,SILVER M.O.P ORBIT DROP EARRINGS,17,32,1.88,136.0,8.0,15,0.027235122684967566,0.41591795155789635,0.0031037827352085354,0.1488,845
90018B,GOLD M.O.P ORBIT DROP EARRINGS,10,16,1.6,68.0,6.8,10,0.02708470433392874,0.41576576231791734,0.0017458777885548012,0.1482,851
90018C,SILVER BLACK ORBIT DROP EARRINGS,8,13,1.62,55.25,6.91,7,0.02705650089310896,0.41573722683542125,0.0013579049466537342,0.1481,852
90019A,SILVER M.O.P ORBIT BRACELET,17,32,1.88,158.4,9.32,16,0.027235122684967566,0.4159680844840071,0.0031037827352085354,0.1488,845
90019B,GOLD M.O.P ORBIT BRACELET,7,11,1.57,54.45,7.78,6,0.027037698599229106,0.41573543637377447,0.0011639185257032007,0.148,853
90019C,SILVER BLACK ORBIT BRACELET,7,10,1.43,49.5,7.07,7,0.027028297452289178,0.4157243578923348,0.0011639185257032007,0.148,853
90020,FILIGREE DIAMANTE CHAIN,2,4,2.0,51.0,25.5,2,0.02697189057064962,0.41572771500792255,0.00019398642095053346,0.1476,857
90021,LASER CUT MULTI STRAND NECKLACE,4,5,1.25,59.75,14.94,4,0.026981291717589544,0.4157472981821846,0.0005819592628516004,0.1478,855
90022,EDWARDIAN DROP EARRINGS JET BLACK,5,4,0.8,15.0,3.0,4,0.02697189057064962,0.41564714423381605,0.0007759456838021338,0.1478,855
90023,FILIGREE DIAMANTE EARRINGS,11,21,1.91,89.25,8.11,7,0.027131710068628374,0.4158133214554108,0.0019398642095053346,0.1483,850
90024A,NEW BAROQUE B'FLY NECKLACE BLACK,4,5,1.25,42.5,10.62,4,0.026981291717589544,0.4157086913529252,0.0005819592628516004,0.1478,855
90024B,NEW BAROQUE B'FLY NECKLACE RED,7,7,1.0,59.5,8.5,6,0.0270000940114694,0.41574673866291995,0.0011639185257032007,0.148,853
90024C,NEW BAROQUE B'FLY NECKLACE GREEN,5,6,1.2,51.0,10.2,5,0.026990692864529472,0.41572771500792255,0.0007759456838021338,0.1478,855
90024D,NEW BAROQUE B'FLY NECKLACE PINK,11,13,1.18,110.5,10.05,11,0.02705650089310896,0.4158608805929042,0.0019398642095053346,0.1483,850
90024E,NEW BAROQUE B'FLY NECKLACE MONTANA,7,12,1.71,102.0,14.57,7,0.027047099746169034,0.4158418569379068,0.0011639185257032007,0.148,853
90024F,NEW BAROQUE B'FLY NECKLACE CRYSTAL,2,3,1.5,25.5,12.75,2,0.02696248942370969,0.4156706440429304,0.00019398642095053346,0.1476,857
90025A,BAROQUE BUTTERFLY EARRINGS BLACK,2,2,1.0,7.5,3.75,2,0.026953088276769767,0.41563035865587716,0.00019398642095053346,0.1476,857
90025B,BAROQUE BUTTERFLY EARRINGS RED,1,1,1.0,3.75,3.75,1,0.02694368712982984,0.41562196586690775,0.0,0.1475,858
90025C,BAROQUE BUTTERFLY EARRINGS GREEN,2,2,1.0,7.5,3.75,2,0.026953088276769767,0.41563035865587716,0.00019398642095053346,0.1476,857
90025D,BAROQUE BUTTERFLY EARRINGS PINK,2,2,1.0,7.5,3.75,2,0.026953088276769767,0.41563035865587716,0.00019398642095053346,0.1476,857
90025E,BAROQUE BUTTERFLY EARRINGS MONTANA,3,3,1.0,11.25,3.75,3,0.02696248942370969,0.4156387514448466,0.0003879728419010669,0.1477,856
90025F,BAROQUE BUTTERFLY EARRINGS CRYSTAL,2,2,1.0,7.5,3.75,2,0.026953088276769767,0.41563035865587716,0.00019398642095053346,0.1476,857
90026A,GLASS BEAD HOOP NECKLACE BLACK,6,8,1.33,68.0,11.33,6,0.027009495158409325,0.41576576231791734,0.0009699321047526673,0.1479,854
90026B,GLASS BEAD HOOP NECKLACE MONTANA,6,7,1.17,59.5,9.92,4,0.0270000940114694,0.41574673866291995,0.0009699321047526673,0.1479,854
90026C,GLASS BEAD HOOP NECKLACE GREEN,5,7,1.4,59.5,11.9,5,0.0270000940114694,0.41574673866291995,0.0007759456838021338,0.1478,855
90026D,GLASS BEAD HOOP NECKLACE AMETHYST,8,10,1.25,85.0,10.62,6,0.027028297452289178,0.4158038096279121,0.0013579049466537342,0.1481,852
90027A,GLASS BEAD HOOP EARRINGS BLACK,3,6,2.0,17.7,5.9,3,0.026990692864529472,0.41565318704187404,0.0003879728419010669,0.1477,856
90027B,GLASS BEAD HOOP EARRINGS MONTANA,4,7,1.75,20.65,5.16,3,0.0270000940114694,0.4156597893691966,0.0005819592628516004,0.1477,856
90027C,GLASS BEAD HOOP EARRINGS GREEN,2,4,2.0,11.8,5.9,2,0.02697189057064962,0.41563998238722877,0.00019398642095053346,0.1476,857
90027D,GLASS BEAD HOOP EARRINGS AMETHYST,6,12,2.0,35.4,5.9,6,0.027047099746169034,0.4156928010058097,0.0009699321047526673,0.1479,854
90028,NEW BAROQUE LARGE NECKLACE BLK/WHIT,5,9,1.8,76.5,15.3,5,0.027018896305349253,0.4157847859729147,0.0007759456838021338,0.1479,854
90029,NEW BAROQUE SMALL NECKLACE BLACK,10,21,2.1,178.5,17.85,10,0.027131710068628374,0.4160130698328832,0.0017458777885548012,0.1483,850
90030A,SPOTTED WHITE NATURAL SEED NECKLACE,8,77,9.62,101.75,12.72,8,0.027658174297264266,0.4158412974186422,0.0013579049466537342,0.1483,850
90030B,RED KUKUI COCONUT SEED NECKLACE,19,122,6.42,191.3,10.07,17,0.028081225909560966,0.41604171721923217,0.0034917555771096023,0.1492,841
90030C,BROWN KUKUI COCONUT SEED NECKLACE,10,81,8.1,115.65,11.57,10,0.02769577888502397,0.41587240668975556,0.0017458777885548012,0.1484,849
90031,BILI NUT AND WOOD NECKLACE,5,48,9.6,48.0,9.6,5,0.02738554103600639,0.415721000776747,0.0007759456838021338,0.148,853
90032,IVORY SHELL HEART NECKLACE,21,45,2.14,253.17,12.06,12,0.027357337595186614,0.41618018704684256,0.0038797284190106693,0.1491,842
90033,IVORY SHELL HEART EARRINGS,2,5,2.5,12.75,6.37,2,0.026981291717589544,0.4156421085604344,0.00019398642095053346,0.1476,857
90034,WHITE SILVER NECKLACE SHELL GLASS,2,2,1.0,19.9,9.95,2,0.026953088276769767,0.41565811081140275,0.00019398642095053346,0.1476,857
90035A,"PEARL & SHELL 42""NECKL. GREEN",9,17,1.89,182.75,20.31,7,0.027094105480868665,0.4160225816603819,0.0015518913676042677,0.1482,851
90035B,"PEARL & SHELL 42""NECKL. PINK",4,43,10.75,380.89,95.22,4,0.027338535301306758,0.4164660342487561,0.0005819592628516004,0.1481,852
90035C,"PEARL & SHELL 42""NECKL. IVORY",5,28,5.6,301.0,60.2,5,0.02719751809720786,0.4162872342725513,0.0007759456838021338,0.1481,852
90036A,FLOWER GARLAND NECKLACE RED,14,21,1.5,166.95,11.92,10,0.027131710068628374,0.41598722004285743,0.002521823472356935,0.1485,848
90036B,"FLOWER GLASS GARLAND NECKL.36""GREEN",9,17,1.89,135.15,15.02,8,0.027094105480868665,0.4159160491923966,0.0015518913676042677,0.1482,851
90036C,"FLOWER GLASS GARLAND NECKL.36""BLUE",8,22,2.75,174.9,21.86,7,0.0271411112155683,0.4160050127554726,0.0013579049466537342,0.1482,851
90036D,"FLOWER GLASS GARLAND NECKL.36""BLACK",12,34,2.83,270.3,22.52,11,0.02725392497884742,0.4162185253068549,0.002133850630455868,0.1485,848
90036E,"FLOWER GLASS GARLD NECKL36""AMETHYST",11,18,1.64,143.1,13.01,10,0.027103506627808593,0.4159338419050118,0.0019398642095053346,0.1483,850
90036F,"FLOWER GLASS GARLD NECKL36""TURQUOIS",4,13,3.25,103.35,25.84,4,0.02705650089310896,0.41584487834193584,0.0005819592628516004,0.1478,855
90037A,TINY CRYSTAL BRACELET RED,4,18,4.5,45.9,11.48,4,0.027103506627808593,0.4157163008149241,0.0005819592628516004,0.1478,855
90037B,TINY CRYSTAL BRACELET GREEN,5,23,4.6,58.65,11.73,5,0.027150512362508226,0.4157448362974202,0.0007759456838021338,0.1479,854
90037C,TINY CRYSTAL BRACELET BLUE,4,17,4.25,43.35,10.84,4,0.027094105480868665,0.41571059371842495,0.0005819592628516004,0.1478,855
90037D,TINY CRYSTALS BRACELET BLACK,1,6,6.0,15.3,15.3,1,0.026990692864529472,0.41564781565693354,0.0,0.1475,858
90038A,GLASS AND PAINTED BEADS BRACELET TO,4,18,4.5,67.5,16.88,4,0.027103506627808593,0.41576464327938806,0.0005819592628516004,0.1478,855
90038B,GLASS AND PAINTED BEADS BRACELET OL,2,10,5.0,37.5,18.75,2,0.027028297452289178,0.4156975009676326,0.00019398642095053346,0.1476,857
90038C,GLASS AND BEADS BRACELET IVORY,3,13,4.33,48.75,16.25,3,0.02705650089310896,0.4157226793345409,0.0003879728419010669,0.1477,856
90039A,FIRE POLISHED GLASS BRACELET RED,2,7,3.5,26.25,13.12,2,0.0270000940114694,0.41567232260072434,0.00019398642095053346,0.1476,857
90039B,FIRE POLISHED GLASS BRACELET MONTAN,3,13,4.33,48.75,16.25,3,0.02705650089310896,0.4157226793345409,0.0003879728419010669,0.1477,856
90039C,FIRE POLISHED GLASS BRACELET BLACK,3,14,4.67,52.5,17.5,3,0.027065902040048887,0.41573107212351035,0.0003879728419010669,0.1477,856
90039D,FIRE POLISHED GLASS BRACELET GREEN,5,22,4.4,82.5,16.5,4,0.0271411112155683,0.41579821443526577,0.0007759456838021338,0.1479,854
90040A,MURANO STYLE GLASS BRACELET RED,11,20,1.82,70.0,6.36,10,0.027122308921688446,0.41577023847203437,0.0019398642095053346,0.1483,850
90040B,MURANO STYLE GLASS BRACELET BLACK,17,46,2.71,161.0,9.47,17,0.02736673874212654,0.4159739034843592,0.0031037827352085354,0.1488,845
90040C,MURANO STYLE GLASS BRACELET GOLD,11,26,2.36,91.0,8.27,10,0.027178715803328007,0.41581723809026316,0.0019398642095053346,0.1483,850
90040D,MURANO STYLE GLASS BRACELET PINK,10,26,2.6,91.0,9.1,9,0.027178715803328007,0.41581723809026316,0.0017458777885548012,0.1482,851
90041,PEARL AND CHERRY QUARTZ BRACLET,2,3,1.5,10.5,5.25,2,0.02696248942370969,0.4156370728870527,0.00019398642095053346,0.1476,857
90042A,FRESHWATER PEARL BRACELET GOLD,7,27,3.86,68.85,9.84,6,0.027188116950267932,0.4157676646834171,0.0011639185257032007,0.148,853
90042B,FRESHWATER PEARL BRACELET PINK,5,15,3.0,38.25,7.65,4,0.027075303186988812,0.4156991795254265,0.0007759456838021338,0.1479,854
90042C,FRESHWATER PEARL BRACELET IVORY,8,35,4.38,89.25,11.16,8,0.027263326125787347,0.4158133214554108,0.0013579049466537342,0.1481,852
90043,COPPER AND BRASS BAG CHARM,6,10,1.67,54.51,9.09,5,0.027028297452289178,0.41573557065839795,0.0009699321047526673,0.1479,854
90046,WHITE WITH METAL BAG CHARM,8,11,1.38,54.45,6.81,6,0.027037698599229106,0.41573543637377447,0.0013579049466537342,0.148,853
90048,GREEN WITH METAL BAG CHARM,7,19,2.71,94.05,13.44,4,0.02711290777474852,0.4158240642252916,0.0011639185257032007,0.148,853
90049,IVORY GOLD METAL BAG CHARM,6,12,2.0,69.42,11.57,3,0.027047099746169034,0.4157689403873404,0.0009699321047526673,0.1479,854
90050,CRACKED GLAZE NECKLACE IVORY,3,4,1.33,27.8,9.27,2,0.02697189057064962,0.415675791620165,0.0003879728419010669,0.1477,856
90051,CRACKED GLAZE NECKLACE RED,4,7,1.75,48.65,12.16,4,0.0270000940114694,0.415722455526835,0.0005819592628516004,0.1478,855
90052,CRACKED GLAZE NECKLACE BROWN,1,3,3.0,20.85,20.85,1,0.02696248942370969,0.41566023698460836,0.0,0.1475,858
90054,CRACKED GLAZE EARRINGS RED,2,2,1.0,5.1,2.55,2,0.026953088276769767,0.4156249872709367,0.00019398642095053346,0.1476,857
90055,CRACKED GLAZE EARRINGS BROWN,1,1,1.0,2.55,2.55,1,0.02694368712982984,0.4156192801744375,0.0,0.1475,858
90056,CHUNKY CRACKED GLAZE NECKLACE IVORY,1,6,6.0,64.5,64.5,1,0.026990692864529472,0.4157579290482125,0.0,0.1476,857
90057,DIAMANTE RING ASSORTED IN BOX.,34,1800,52.94,2660.88,78.26,29,0.04385635047475792,0.42156882756139974,0.006401551891367604,0.1573,760
90058A,CRYSTAL STUD EARRINGS CLEAR DISPLAY,14,540,38.57,205.2,14.66,12,0.03201090533045031,0.4160728264903456,0.002521823472356935,0.1502,831
90058B,CRYSTAL STUD EARRINGS ASSORTED COL ,29,1045,36.03,495.02,17.07,27,0.03675848453511328,0.4167214659834444,0.005431619786614937,0.153,803
90059A,DIAMANTE HAIR GRIP PACK/2 CRYSTAL,4,12,3.0,19.8,4.95,3,0.027047099746169034,0.4156578870036969,0.0005819592628516004,0.1478,855
90059B,DIAMANTE HAIR GRIP PACK/2 BLACK DIA,5,9,1.8,14.85,2.97,4,0.027018896305349253,0.41564680852225727,0.0007759456838021338,0.1478,855
90059C,DIAMANTE HAIR GRIP PACK/2 MONTANA,8,18,2.25,29.7,3.71,6,0.027103506627808593,0.4156800439665762,0.0013579049466537342,0.148,853
90059D,DIAMANTE HAIR GRIP PACK/2 PERIDOT,6,20,3.33,33.0,5.5,5,0.027122308921688446,0.4156874296208693,0.0009699321047526673,0.1479,854
90059E,DIAMANTE HAIR GRIP PACK/2 RUBY,8,15,1.88,24.75,3.09,5,0.027075303186988812,0.41566896548513654,0.0013579049466537342,0.148,853
90059F,DIAMANTE HAIR GRIP PACK/2 LT ROSE,6,15,2.5,24.75,4.12,5,0.027075303186988812,0.41566896548513654,0.0009699321047526673,0.1479,854
90060B,FIRE POLISHED GLASS NECKL GOLD,4,6,1.5,35.7,8.93,4,0.026990692864529472,0.4156934724289273,0.0005819592628516004,0.1478,855
90060C,FIRE POLISHED GLASS NECKL SILVER,3,7,2.33,41.65,13.88,3,0.0270000940114694,0.4157067889874254,0.0003879728419010669,0.1477,856
90060D,FIRE POLISHED GLASS NECKL BRONZE,7,11,1.57,65.45,9.35,6,0.027037698599229106,0.4157600552214181,0.0011639185257032007,0.148,853
90060F,FIRE POLISHED GLASS NECKL GREEN,7,17,2.43,101.15,14.45,7,0.027094105480868665,0.4158399545724071,0.0011639185257032007,0.148,853
90062,CARNIVAL BRACELET,43,108,2.51,1366.75,31.78,33,0.027949609852401993,0.4186724648976637,0.008147429679922406,0.1516,817
90063A,WHITE VINT ART DECO CRYSTAL NECKLAC,10,18,1.8,153.0,15.3,10,0.027103506627808593,0.4159559988678911,0.0017458777885548012,0.1483,850
90063B,BLACK VINT ART DEC CRYSTAL NECKLACE,9,15,1.67,127.5,14.17,8,0.027075303186988812,0.41589892790289895,0.0015518913676042677,0.1482,851
90064A,WHITE VINTAGE CRYSTAL EARRINGS,4,11,2.75,41.25,10.31,4,0.027037698599229106,0.41570589375660205,0.0005819592628516004,0.1478,855
90064B,BLACK VINTAGE  CRYSTAL EARRINGS,10,16,1.6,60.0,6.0,8,0.02708470433392874,0.4157478577014492,0.0017458777885548012,0.1482,851
90065A,WHITE VINTAGE CRYSTAL BRACELET,7,17,2.43,114.75,16.39,7,0.027094105480868665,0.4158703924204029,0.0011639185257032007,0.148,853
90065B,BLACK VINT ART DEC CRYSTAL BRACELET,6,8,1.33,54.0,9.0,4,0.027009495158409325,0.4157344292390981,0.0009699321047526673,0.1479,854
90066A,PINK VINTAGE VICTORIAN CHOKER,2,5,2.5,33.75,16.88,2,0.026981291717589544,0.41568910817866317,0.00019398642095053346,0.1476,857
90067A,PINK VINTAGE VICTORIAN EARRINGS,8,25,3.12,73.75,9.22,8,0.02716931465638808,0.4157786312610038,0.0013579049466537342,0.1481,852
90067B,BROWN VINTAGE VICTORIAN EARRINGS,2,12,6.0,35.4,17.7,2,0.027047099746169034,0.4156928010058097,0.00019398642095053346,0.1476,857
90069,RUBY GLASS CLUSTER NECKLACE,5,11,2.2,82.5,16.5,5,0.027037698599229106,0.41579821443526577,0.0007759456838021338,0.1479,854
90070,RUBY GLASS CLUSTER BRACELET,13,28,2.15,166.6,12.82,9,0.02719751809720786,0.4159864367158869,0.0023278370514064014,0.1485,848
90071,RUBY GLASS CLUSTER EARRINGS,2,2,1.0,2.5,1.25,2,0.026953088276769767,0.4156191682705846,0.00019398642095053346,0.1476,857
90072,RUBY DROP CHANDELIER EARRINGS,5,18,3.6,67.5,13.5,4,0.027103506627808593,0.41576464327938806,0.0007759456838021338,0.1479,854
90073,VINTAGE ENAMEL & CRYSTAL EARRINGS,7,22,3.14,108.9,15.56,7,0.0271411112155683,0.41585729966961055,0.0011639185257032007,0.1481,852
90074,BLACK DIAMOND CLUSTER NECKLACE,4,5,1.25,44.75,11.19,4,0.026981291717589544,0.4157137270263068,0.0005819592628516004,0.1478,855
90075,MONTANA DIAMOND CLUSTER NECKLACE,3,4,1.33,35.8,11.93,3,0.02697189057064962,0.4156936962366331,0.0003879728419010669,0.1477,856
90076,MONTANA DIAMOND CLUSTER EARRINGS,2,5,2.5,12.75,6.38,1,0.026981291717589544,0.4156421085604344,0.00019398642095053346,0.1476,857
90077,BLACK DIAMOND CLUSTER EARRINGS,1,1,1.0,2.55,2.55,1,0.02694368712982984,0.4156192801744375,0.0,0.1475,858
90078,PINK/WHITE GLASS DEMI CHOKER,4,8,2.0,60.0,15.0,4,0.027009495158409325,0.4157478577014492,0.0005819592628516004,0.1478,855
90079,VINTAGE ENAMEL & CRYSTAL NECKLACE,5,10,2.0,49.5,9.9,5,0.027028297452289178,0.4157243578923348,0.0007759456838021338,0.1478,855
90081A,LILY BROOCH AMETHYST COLOUR,23,48,2.09,237.6,10.33,15,0.02738554103600639,0.41614534018704147,0.004267701260911736,0.1493,840
90081B,LILY BROOCH WHITE/SILVER COLOUR,2,6,3.0,29.7,14.85,2,0.026990692864529472,0.4156800439665762,0.00019398642095053346,0.1476,857
90081C,LILY BROOCH OLIVE COLOUR,13,27,2.08,133.65,10.28,13,0.027188116950267932,0.4159126920768088,0.0023278370514064014,0.1485,848
90082A,DIAMANTE BOW BROOCH GREEN COLOUR,20,42,2.1,266.7,13.34,16,0.027329134154366833,0.4162104682294443,0.0036857419980601356,0.1491,842
90082B,DIAMANTE BOW BROOCH RED COLOUR,24,57,2.38,361.95,15.08,18,0.027470151358465734,0.4164236450692678,0.0044616876818622695,0.1495,838
90082C,DIAMANTE BOW BROOCH WHITE COLOUR,1,1,1.0,6.35,6.35,1,0.02694368712982984,0.4156277848672599,0.0,0.1475,858
90082D,DIAMANTE BOW BROOCH BLACK COLOUR,36,81,2.25,514.35,14.29,28,0.02769577888502397,0.41676472801298553,0.006789524733268671,0.1504,829
90083,CRYSTAL CZECH CROSS PHONE CHARM,8,44,5.5,34.94,4.37,6,0.027347936448246686,0.4156917714903628,0.0013579049466537342,0.1481,852
90084,PINK CRYSTAL GUITAR PHONE CHARM,10,52,5.2,44.2,4.42,8,0.0274231456237661,0.4157124960839247,0.0017458777885548012,0.1483,850
90085,CRYSTAL STILETTO PHONE CHARM,19,207,10.89,175.95,9.26,14,0.028880323399454733,0.41600736273638406,0.0034917555771096023,0.1495,838
90086,CRYSTAL FROG PHONE CHARM,19,189,9.95,138.33,7.28,12,0.028711102754536054,0.41592316627744264,0.0034917555771096023,0.1494,839
90087,CRYSTAL SEA HORSE PHONE CHARM,23,226,9.83,149.26,6.49,13,0.02905894519131334,0.41594762845969224,0.004267701260911736,0.1498,835
90088,CRYSTAL KEY+LOCK PHONE CHARM,14,74,5.29,62.9,4.49,8,0.027629970856444485,0.4157543481249189,0.002521823472356935,0.1486,847
90089,PINK CRYSTAL SKULL PHONE CHARM,11,88,8.0,66.22,6.02,11,0.027761586913603458,0.41576177854075314,0.0019398642095053346,0.1485,848
90090,PINK CRYSTAL HEART PHONE CHARM,23,221,9.61,187.85,8.17,12,0.029011939456613706,0.41603399585338036,0.004267701260911736,0.1498,835
90091,CRYSTAL DRAGONFLY PHONE CHARM,2,3,1.5,2.55,1.27,2,0.02696248942370969,0.4156192801744375,0.00019398642095053346,0.1476,857
90092,BLUE CRYSTAL BOOT PHONE CHARM,11,64,5.82,54.4,4.95,6,0.02753595938704522,0.4157353244699215,0.0019398642095053346,0.1484,849
90093,CLEAR CRYSTAL STAR PHONE CHARM,20,173,8.65,127.49,6.37,15,0.028560684403497228,0.4158989055221284,0.0036857419980601356,0.1494,839
90094,NECKLACE+BRACELET SET FRUIT SALAD ,21,34,1.62,86.7,4.13,20,0.02725392497884742,0.41580761435891156,0.0038797284190106693,0.149,843
90095,NECKLACE+BRACELET SET PINK BLOSSOM,2,7,3.5,17.85,8.93,2,0.0270000940114694,0.4156535227534328,0.00019398642095053346,0.1476,857
90096,NECKLACE+BRACELET SET BLUE BLOSSOM,12,31,2.58,79.05,6.59,10,0.027225721538027638,0.4157904930694139,0.002133850630455868,0.1484,849
90098,NECKLACE+BRACELET PINK BUTTERFLY,24,53,2.21,135.15,5.63,22,0.027432546770706025,0.4159160491923966,0.0044616876818622695,0.1493,840
90099,NECKLACE+BRACELET SET BLUE HIBISCUS,17,29,1.71,73.95,4.35,16,0.027206919244147785,0.4157790788764155,0.0031037827352085354,0.1487,846
90100,NECKLACE+BRACELET SET PINK DAISY,9,22,2.44,56.1,6.23,7,0.0271411112155683,0.415739129200921,0.0015518913676042677,0.1481,852
90101,WHITE FRANGIPANI NECKLACE,6,11,1.83,28.05,4.68,4,0.027037698599229106,0.41567635113942963,0.0009699321047526673,0.1479,854
90102,WHITE FRANGIPANI HAIR CLIP,3,17,5.67,14.45,4.82,3,0.027094105480868665,0.41564591329143386,0.0003879728419010669,0.1477,856
90103,PURPLE FRANGIPANI NECKLACE,5,12,2.4,30.6,6.12,5,0.027047099746169034,0.41568205823592885,0.0007759456838021338,0.1478,855
90104,PURPLE FRANGIPANI HAIRCLIP,12,57,4.75,48.45,4.04,11,0.027470151358465734,0.4157220079114234,0.002133850630455868,0.1484,849
90108,BLUE BLOSSOM HAIR CLIP,14,91,6.5,95.55,6.82,12,0.02778979035442324,0.41582742134087936,0.002521823472356935,0.1487,846
90111,BLUE HIBISCUS  HAIR CLIP,6,7,1.17,7.35,1.22,6,0.0270000940114694,0.4156300229443184,0.0009699321047526673,0.1479,854
90112,PINK DOLLY HAIR CLIPS,16,70,4.38,73.5,4.59,13,0.02759236626868478,0.41577807174173914,0.002909796314258002,0.1488,845
90114,SUMMER DAISIES BAG CHARM,19,84,4.42,214.2,11.27,19,0.027723982325843752,0.41609296918387223,0.0034917555771096023,0.1491,842
90115,SUMMER BUTTERFLIES BAG CHARM,11,31,2.82,79.05,7.19,11,0.027225721538027638,0.4157904930694139,0.0019398642095053346,0.1483,850
90116,FRUIT SALAD BAG CHARM,11,44,4.0,74.36,6.76,11,0.027347936448246686,0.41577999648800945,0.0019398642095053346,0.1484,849
90118,PINK DAISY BAG CHARM,4,2,0.5,5.1,1.27,3,0.026953088276769767,0.4156249872709367,0.0005819592628516004,0.1477,856
90119,METALIC LEAVES BAG CHARMS,18,67,3.72,166.17,9.23,6,0.027564162827865,0.41598547434275174,0.003297769156159069,0.1489,844
90120A,PINK MURANO TWIST BRACELET,21,68,3.24,289.0,13.76,14,0.027573563974804927,0.41626037734784915,0.0038797284190106693,0.1492,841
90120B,BLUE MURANO TWIST BRACELET,21,77,3.67,325.5,15.5,17,0.027658174297264266,0.41634206716048494,0.0038797284190106693,0.1493,840
90120C,GREEN MURANO TWIST BRACELET,17,61,3.59,259.25,15.25,12,0.02750775594622544,0.4161937945553583,0.0031037827352085354,0.1489,844
90120D,WHITE MURANO TWIST BRACELET,20,102,5.1,418.25,20.91,16,0.027893202970762435,0.4165496488076622,0.0036857419980601356,0.1494,839
90121B,VINTAGE ROSE BEAD BRACELET BLUE,10,16,1.6,68.0,6.8,8,0.02708470433392874,0.41576576231791734,0.0017458777885548012,0.1482,851
90122A,PINK CRYSTAL+GLASS BRACELET,14,36,2.57,178.2,12.73,14,0.02727272727272727,0.41601239840976567,0.002521823472356935,0.1486,847
90122B,JADE CRYSTAL+GLASS BRACELET,14,34,2.43,168.3,12.02,14,0.02725392497884742,0.41599024144688634,0.002521823472356935,0.1486,847
90122C,TURQUOISE CRYSTAL+GLASS BRACELET,15,38,2.53,188.1,12.54,12,0.027291529566607128,0.416034555372645,0.0027158098933074684,0.1487,846
90123A,PINK HEART OF GLASS BRACELET,18,35,1.94,208.25,11.57,14,0.027263326125787347,0.41607965262537405,0.003297769156159069,0.1489,844
90123B,TURQUOISE HEART OF GLASS BRACELET,11,24,2.18,142.8,12.98,8,0.02715991350944815,0.4159331704818942,0.0019398642095053346,0.1483,850
90123C,GREEN HEART OF GLASS BRACELET,9,24,2.67,142.8,15.87,7,0.02715991350944815,0.4159331704818942,0.0015518913676042677,0.1482,851
90123D,WHITE HEART OF GLASS BRACELET,8,23,2.88,136.85,17.11,7,0.027150512362508226,0.4159198539233961,0.0013579049466537342,0.1481,852
90124A,PINK MURANO TWIST NECKLACE,16,26,1.62,258.7,16.17,16,0.027178715803328007,0.41619256361297613,0.002909796314258002,0.1488,845
90124B,BLUE MURANO TWIST NECKLACE,11,20,1.82,199.0,18.09,11,0.027122308921688446,0.4160589504125828,0.0019398642095053346,0.1484,849
90124C,GREEN MURANO TWIST NECKLACE,8,14,1.75,139.3,17.41,7,0.027065902040048887,0.41592533721218944,0.0013579049466537342,0.1481,852
90125A,PINK BERTIE GLASS BEAD BAG CHARM,13,128,9.85,133.8,10.29,9,0.028137632791200528,0.4159130277883676,0.0023278370514064014,0.1488,845
90125B,AQUA BERTIE GLASS BEAD BAG CHARM,6,31,5.17,50.1,8.35,6,0.027225721538027638,0.4157257007385699,0.0009699321047526673,0.148,853
90125C,TURQUOISE BERTIE GLASS BEAD CHARM,6,88,14.67,94.8,15.8,5,0.027761586913603458,0.4158257427830855,0.0009699321047526673,0.1482,851
90125D,PURPLE BERTIE GLASS BEAD BAG CHARM,11,102,9.27,124.2,11.29,9,0.027893202970762435,0.41589154224860586,0.0019398642095053346,0.1486,847
90125E,AMBER BERTIE GLASS BEAD BAG CHARM,2,2,1.0,4.2,2.1,2,0.026953088276769767,0.4156229730015841,0.00019398642095053346,0.1476,857
90126A,PINK BERTIE MOBILE PHONE CHARM,4,18,4.5,30.42,7.6,3,0.027103506627808593,0.41568165538205837,0.0005819592628516004,0.1478,855
90126C,AMBER BERTIE MOBILE PHONE CHARM,2,17,8.5,28.73,14.36,2,0.027094105480868665,0.41567787303182946,0.00019398642095053346,0.1477,856
90127A,PINK BEADS+HAND PHONE CHARM,1,12,12.0,15.0,15.0,1,0.027047099746169034,0.41564714423381605,0.0,0.1476,857
90127B,BLUE BEADS+HAND PHONE CHARM,2,2,1.0,2.5,1.25,2,0.026953088276769767,0.4156191682705846,0.00019398642095053346,0.1476,857
90128A,PINK LEAVES AND BEADS PHONE CHARM,5,17,3.4,21.25,4.25,5,0.027094105480868665,0.4156611322154317,0.0007759456838021338,0.1478,855
90128B,BLUE LEAVES AND BEADS PHONE CHARM,5,17,3.4,21.25,4.25,5,0.027094105480868665,0.4156611322154317,0.0007759456838021338,0.1478,855
90128C,GREEN LEAVES AND BEADS PHONE CHARM,3,14,4.67,17.5,5.83,3,0.027065902040048887,0.4156527394264623,0.0003879728419010669,0.1477,856
90128D,PURPLE LEAVES AND BEADS PHONE CHAR,2,3,1.5,3.75,1.88,2,0.02696248942370969,0.41562196586690775,0.00019398642095053346,0.1476,857
90129A,PINK GLASS TASSLE BAG CHARM ,16,35,2.19,103.25,6.45,14,0.027263326125787347,0.41584465453423,0.002909796314258002,0.1487,846
90129B,TURQUOISE GLASS TASSLE BAG CHARM ,18,65,3.61,191.75,10.65,17,0.027545360533985146,0.41604272435390854,0.003297769156159069,0.149,843
90129C,GREEN GLASS TASSLE BAG CHARM,17,50,2.94,147.5,8.68,16,0.027404343329886244,0.4159436894440693,0.0031037827352085354,0.1488,845
90129D,AMBER GLASS TASSLE BAG CHARM,12,37,3.08,109.15,9.1,12,0.0272821284196672,0.4158578591888752,0.002133850630455868,0.1484,849
90129E,PURPLE GLASS TASSLE BAG CHARM,11,37,3.36,109.15,9.92,10,0.0272821284196672,0.4158578591888752,0.0019398642095053346,0.1484,849
90129F,RED GLASS TASSLE BAG CHARM,14,35,2.5,103.25,7.38,14,0.027263326125787347,0.41584465453423,0.002521823472356935,0.1485,848
90130A,WHITE STONE/CRYSTAL EARRINGS,6,18,3.0,53.1,8.85,6,0.027103506627808593,0.41573241496974545,0.0009699321047526673,0.1479,854
90130B,TURQ STONE/CRYSTAL EARRINGS,4,15,3.75,44.25,11.06,4,0.027075303186988812,0.4157126079877776,0.0005819592628516004,0.1478,855
90130C,GREEN STONE/CRYSTAL EARRINGS,2,2,1.0,5.9,2.95,2,0.026953088276769767,0.4156267777325835,0.00019398642095053346,0.1476,857
90130D,RED STONE/CRYSTAL EARRINGS,1,6,6.0,17.7,17.7,1,0.026990692864529472,0.41565318704187404,0.0,0.1475,858
90131,PINK/AMETHYST/GOLD NECKLACE,4,9,2.25,62.55,15.64,4,0.027018896305349253,0.4157535647979484,0.0005819592628516004,0.1478,855
90133,TEAL/FUSCHIA COL BEAD NECKLACE,7,18,2.57,89.1,12.73,7,0.027103506627808593,0.415812985743852,0.0011639185257032007,0.148,853
90134,OLD ROSE COMBO BEAD NECKLACE,2,12,6.0,35.4,17.7,2,0.027047099746169034,0.4156928010058097,0.00019398642095053346,0.1476,857
90135,ORANGE/WHT/FUSCHIA STONES NECKLACE,1,6,6.0,29.7,29.7,1,0.026990692864529472,0.4156800439665762,0.0,0.1476,857
90135A,ORANGE/FUSCHIA STONES NECKLACE,2,9,4.5,44.55,22.28,2,0.027018896305349253,0.4157132794108951,0.00019398642095053346,0.1476,857
90136,PALE PINK/AMETHYST STONE NECKLACE,2,3,1.5,29.85,14.92,2,0.02696248942370969,0.415680379678135,0.00019398642095053346,0.1476,857
90137,PINK COMBO MINI CRYSTALS NECKLACE,8,19,2.38,94.05,11.76,8,0.02711290777474852,0.4158240642252916,0.0013579049466537342,0.1481,852
90138,WHITE/PINK MINI CRYSTALS NECKLACE,5,11,2.2,54.45,10.89,5,0.027037698599229106,0.41573543637377447,0.0007759456838021338,0.1478,855
90139,FLOWER BROOCH 4 ASSORTED COLOURS,3,5,1.67,24.75,8.25,3,0.026981291717589544,0.41566896548513654,0.0003879728419010669,0.1477,856
90140,PINK SWEETIE NECKLACE,3,5,1.67,37.5,12.5,2,0.026981291717589544,0.4156975009676326,0.0003879728419010669,0.1477,856
90141A,GREEN PENDANT TRIPLE SHELL NECKLACE,4,7,1.75,34.65,8.66,4,0.0270000940114694,0.4156911224480158,0.0005819592628516004,0.1478,855
90141B,IVORY PENDANT TRIPLE SHELL NECKLACE,2,6,3.0,29.7,14.85,2,0.026990692864529472,0.4156800439665762,0.00019398642095053346,0.1476,857
90141C,TURQ PENDANT TRIPLE SHELL NECKLACE,4,7,1.75,34.65,8.66,4,0.0270000940114694,0.4156911224480158,0.0005819592628516004,0.1478,855
90141D,ROSE PENDANT TRIPLE SHELL NECKLACE,1,3,3.0,14.85,14.85,1,0.02696248942370969,0.41564680852225727,0.0,0.1475,858
90141E,ORANGE PENDANT TRIPLE SHELL NECKLAC,3,7,2.33,34.65,11.55,3,0.0270000940114694,0.4156911224480158,0.0003879728419010669,0.1477,856
90142D,MOP PENDANT SHELL NECKLACE,4,10,2.5,49.5,12.38,4,0.027028297452289178,0.4157243578923348,0.0005819592628516004,0.1478,855
90143,SILVER BRACELET W PASTEL FLOWER,20,47,2.35,347.5,17.38,15,0.027376139889066467,0.41639130485577225,0.0036857419980601356,0.1492,841
90144,SILVER DROP EARRINGS WITH FLOWER,11,31,2.82,116.25,10.57,11,0.027225721538027638,0.41587374953599066,0.0019398642095053346,0.1483,850
90145,SILVER HOOP EARRINGS WITH FLOWER,23,50,2.17,297.5,12.93,16,0.027404343329886244,0.4162794010028465,0.004267701260911736,0.1493,840
90146,FINE SILVER NECKLACE W PASTEL FLOWE,15,33,2.2,213.75,14.25,12,0.027244523831907494,0.4160919620491959,0.0027158098933074684,0.1487,846
90147,CHUNKY SILVER NECKLACE PASTEL FLOWE,41,69,1.68,686.55,16.75,24,0.02758296512174485,0.4171501248824618,0.007759456838021339,0.1508,825
90148,LONG SILVER NECKLACE PASTEL FLOWER,17,24,1.41,306.0,18.0,15,0.02715991350944815,0.4162984246578439,0.0031037827352085354,0.1489,844
90149,SILVER FLOWR PINK SHELL NECKLACE,7,60,8.57,395.28,56.47,6,0.027498354799285512,0.4164982401776281,0.0011639185257032007,0.1484,849
90150,BLUE SHELL+SILVER NECKLACE,7,12,1.71,90.0,12.86,7,0.027047099746169034,0.41581500001320465,0.0011639185257032007,0.148,853
90151,SILVER/NATURAL SHELL NECKLACE,7,14,2.0,119.0,17.0,5,0.027065902040048887,0.41587990424790156,0.0011639185257032007,0.148,853
90152A,SILVER/NAT SHELL NECKLACE W PENDANT,4,4,1.0,23.8,5.95,4,0.02697189057064962,0.41566683931193094,0.0005819592628516004,0.1477,856
90152B,BLUE/GREEN SHELL NECKLACE W PENDANT,4,5,1.25,29.75,7.44,4,0.026981291717589544,0.4156801558704291,0.0005819592628516004,0.1477,856
90152C,BLUE/NAT SHELL NECKLACE W PENDANT,4,7,1.75,41.65,10.41,4,0.0270000940114694,0.4157067889874254,0.0005819592628516004,0.1478,855
90154,LAZER CUT NECKLACE W PASTEL BEADS,6,58,9.67,430.7,71.78,6,0.02747955250540566,0.41657751286704076,0.0009699321047526673,0.1483,850
90155,RESIN NECKLACE W PASTEL BEADS,12,21,1.75,157.5,13.12,12,0.027131710068628374,0.4159660702146544,0.002133850630455868,0.1484,849
90156,RESIN BRACELET W PASTEL BEADS,7,18,2.57,89.1,12.73,7,0.027103506627808593,0.415812985743852,0.0011639185257032007,0.148,853
90157,RIVIERA NECKLACE,16,44,2.75,217.8,13.61,14,0.027347936448246686,0.4161010262612828,0.002909796314258002,0.1488,845
90158,ST TROPEZ NECKLACE,11,22,2.0,108.9,9.9,11,0.0271411112155683,0.41585729966961055,0.0019398642095053346,0.1483,850
90159,COTE D'AZURE NECKLACE,15,33,2.2,163.35,10.89,13,0.027244523831907494,0.41597916296544674,0.0027158098933074684,0.1486,847
90160A,PURPLE BOUDICCA LARGE BRACELET,21,37,1.76,257.15,12.25,18,0.0272821284196672,0.4161890945935354,0.0038797284190106693,0.1491,842
90160B,RED BOUDICCA LARGE BRACELET,23,60,2.61,412.55,17.94,19,0.027498354799285512,0.4165368917684286,0.004267701260911736,0.1494,839
90160C,TURQ+RED BOUDICCA LARGE BRACELET,32,81,2.53,562.95,17.59,25,0.02769577888502397,0.41687349855802935,0.0060135790494665374,0.1502,831
90160D,PINK BOUDICCA LARGE BRACELET,22,68,3.09,472.6,21.48,18,0.027573563974804927,0.41667128829579253,0.004073714839961203,0.1494,839
90161A,ANT COPPER RED BOUDICCA BRACELET,14,39,2.79,193.05,13.79,14,0.027300930713547052,0.4160456338540846,0.002521823472356935,0.1486,847
90161B,ANT COPPER TURQ BOUDICCA BRACELET,26,87,3.35,430.65,16.56,21,0.027752185766663533,0.4165774009631878,0.004849660523763337,0.1497,836
90161C,ANT COPPER LIME BOUDICCA BRACELET,34,99,2.91,490.05,14.41,28,0.027864999529942654,0.41671034274046354,0.006401551891367604,0.1503,830
90161D,ANT COPPER PINK BOUDICCA BRACELET,24,74,3.08,363.85,15.16,18,0.027629970856444485,0.416427897415679,0.0044616876818622695,0.1495,838
90162A,ANT SILVER TURQUOISE BOUDICCA RING,10,29,2.9,85.55,8.56,8,0.027206919244147785,0.4158050405702942,0.0017458777885548012,0.1483,850
90162B,ANT SILVER LIME GREEN BOUDICCA RING,20,53,2.65,156.35,7.82,14,0.027432546770706025,0.41596349642603714,0.0036857419980601356,0.149,843
90162C,ANT SILVER FUSCHIA BOUDICCA RING,16,42,2.62,123.9,7.74,10,0.027329134154366833,0.4158908708254883,0.002909796314258002,0.1487,846
90162D,ANT SILVER PURPLE BOUDICCA RING,12,26,2.17,76.7,6.39,7,0.027178715803328007,0.4157852335883264,0.002133850630455868,0.1484,849
90163A,PINK ROSEBUD & PEARL NECKLACE,5,12,2.4,90.0,18.0,5,0.027047099746169034,0.41581500001320465,0.0007759456838021338,0.1479,854
90163B,WHITE ROSEBUD & PEARL NECKLACE,2,4,2.0,30.0,15.0,2,0.02697189057064962,0.41568071538969376,0.00019398642095053346,0.1476,857
90164A,PINK ROSEBUD PEARL BRACELET,7,21,3.0,85.35,12.19,7,0.027131710068628374,0.4158045929548826,0.0011639185257032007,0.148,853
90164B,WHITE  ROSEBUD PEARL BRACELET,8,30,3.75,80.7,10.09,8,0.027216320391087713,0.4157941858965605,0.0013579049466537342,0.1481,852
90165A,PINK ROSEBUD PEARL EARRINGS,2,12,6.0,30.6,15.3,2,0.027047099746169034,0.41568205823592885,0.00019398642095053346,0.1476,857
90165B,WHITE ROSEBUD  PEARL EARRINGS,6,20,3.33,51.0,8.5,5,0.027122308921688446,0.41572771500792255,0.0009699321047526673,0.1479,854
90166,PINK & WHITE ROSEBUD RING,11,19,1.73,80.15,7.29,7,0.02711290777474852,0.4157929549541783,0.0019398642095053346,0.1483,850
90167,BEADED LOVE HEART JEWELLERY SET,77,1798,23.35,1450.3,18.84,53,0.043837548180878066,0.4188594562359026,0.014742967992240542,0.1591,742
90168,2 DAISIES HAIR COMB,4,12,3.0,35.4,8.85,3,0.027047099746169034,0.4156928010058097,0.0005819592628516004,0.1478,855
90169,DAISY HAIR COMB,4,8,2.0,20.4,5.1,3,0.027009495158409325,0.415659229849932,0.0005819592628516004,0.1478,855
90170,DAISY HAIR BAND,11,55,5.0,90.75,8.25,10,0.027451349064585878,0.4158166785709985,0.0019398642095053346,0.1484,849
90171,DAISY RING,2,11,5.5,13.75,6.88,2,0.027037698599229106,0.4156443466374929,0.00019398642095053346,0.1476,857
90173,PAIR BUTTERFLY HAIR CLIPS,8,29,3.62,108.75,13.59,7,0.027206919244147785,0.41585696395805183,0.0013579049466537342,0.1481,852
90174,BUTTERFLY HAIR BAND,6,4,0.67,10.2,1.7,4,0.02697189057064962,0.41563640146393516,0.0009699321047526673,0.1479,854
90175A,WHITE GLASS CHUNKY CHARM BRACELET,30,61,2.03,539.5,17.98,20,0.02750775594622544,0.41682101565100715,0.00562560620756547,0.15,833
90175B,PINK GLASS CHUNKY CHARM BRACELET,8,13,1.62,109.9,13.74,6,0.02705650089310896,0.41585953774666906,0.0013579049466537342,0.1481,852
90175C,BLUE GLASS CHUNKY CHARM BRACELET,17,34,2.0,304.3,17.9,15,0.02725392497884742,0.4162946199268444,0.0031037827352085354,0.1489,844
90175D,TIGRIS EYE CHUNKY CHARM BRACELET,15,28,1.87,250.6,16.71,11,0.02719751809720786,0.41617443518880215,0.0027158098933074684,0.1487,846
90176A,CLASSIC DIAMANTE NECKLACE JET,4,4,1.0,30.0,7.5,3,0.02697189057064962,0.41568071538969376,0.0005819592628516004,0.1477,856
90176B,DIAMANTE NECKLACE BLACK ,2,3,1.5,22.5,11.25,2,0.02696248942370969,0.4156639298117549,0.00019398642095053346,0.1476,857
90176C,DIAMANTE NECKLACE,6,6,1.0,45.0,7.5,4,0.026990692864529472,0.41571428654557147,0.0009699321047526673,0.1479,854
90176D,DIAMANTE NECKLACE PURPLE,7,9,1.29,67.5,9.64,6,0.027018896305349253,0.41576464327938806,0.0011639185257032007,0.148,853
90176E,DIAMANTE NECKLACE GREEN,2,3,1.5,22.5,11.25,2,0.02696248942370969,0.4156639298117549,0.00019398642095053346,0.1476,857
90177A,CLASSIC DIAMANTE EARRINGS JET,3,1,0.33,2.95,0.98,2,0.02694368712982984,0.4156201754052609,0.0003879728419010669,0.1477,856
90177B,DROP DIAMANTE EARRINGS BLACK DIAMON,5,15,3.0,44.25,8.85,5,0.027075303186988812,0.4157126079877776,0.0007759456838021338,0.1479,854
90177C,DROP DIAMANTE EARRINGS CRYSTAL,7,10,1.43,29.5,4.21,6,0.027028297452289178,0.41567959635116447,0.0011639185257032007,0.148,853
90177D,DROP DIAMANTE EARRINGS PURPLE,11,25,2.27,73.75,6.7,9,0.02716931465638808,0.4157786312610038,0.0019398642095053346,0.1483,850
90177E,DROP DIAMANTE EARRINGS GREEN,4,2,0.5,5.9,1.47,3,0.026953088276769767,0.4156267777325835,0.0005819592628516004,0.1477,856
90178A,AMBER CHUNKY GLASS+BEAD NECKLACE,15,21,1.4,250.95,16.73,14,0.027131710068628374,0.41617521851577266,0.0027158098933074684,0.1487,846
90178B,PURPLE CHUNKY GLASS+BEAD NECKLACE,9,14,1.56,167.3,18.59,9,0.027065902040048887,0.41598800336982783,0.0015518913676042677,0.1482,851
90179A,AMBER FINE BEAD NECKLACE W TASSEL,5,8,1.6,47.6,9.52,5,0.027009495158409325,0.41572010554592365,0.0007759456838021338,0.1478,855
90179B,PURPLE FINE BEAD NECKLACE W TASSEL,5,7,1.4,41.65,8.33,5,0.0270000940114694,0.4157067889874254,0.0007759456838021338,0.1478,855
90179C,BLACK FINE BEAD NECKLACE W TASSEL,7,10,1.43,59.5,8.5,7,0.027028297452289178,0.41574673866291995,0.0011639185257032007,0.148,853
90180A,BLACK+WHITE NECKLACE W TASSEL,19,35,1.84,306.25,16.12,18,0.027263326125787347,0.41629898417710853,0.0034917555771096023,0.149,843
90180B,PURPLE AMETHYST NECKLACE W TASSEL,10,14,1.4,139.3,13.93,10,0.027065902040048887,0.41592533721218944,0.0017458777885548012,0.1482,851
90181A,AMBER GLASS/SHELL/PEARL NECKLACE,3,3,1.0,26.85,8.95,2,0.02696248942370969,0.41567366544695944,0.0003879728419010669,0.1477,856
90182C,BLACK 3 BEAD DROP EARRINGS,3,2,0.67,5.9,1.97,2,0.026953088276769767,0.4156267777325835,0.0003879728419010669,0.1477,856
90183A,AMBER DROP EARRINGS W LONG BEADS,7,20,2.86,59.0,8.43,6,0.027122308921688446,0.41574561962439066,0.0011639185257032007,0.148,853
90183C,BLACK DROP EARRINGS W LONG BEADS,2,2,1.0,5.9,2.95,2,0.026953088276769767,0.4156267777325835,0.00019398642095053346,0.1476,857
90184A,AMBER CHUNKY BEAD BRACELET W STRAP,12,29,2.42,259.55,21.63,11,0.027206919244147785,0.41619446597847587,0.002133850630455868,0.1485,848
90184B,AMETHYST CHUNKY BEAD BRACELET W STR,28,43,1.54,384.85,13.74,23,0.027338535301306758,0.41647489703390783,0.0052376333656644035,0.1497,836
90184C,BLACK CHUNKY BEAD BRACELET W STRAP,26,48,1.85,429.6,16.52,21,0.02738554103600639,0.4165750509822764,0.004849660523763337,0.1496,837
90185A,AMBER DIAMANTE EXPANDABLE RING,12,23,1.92,97.75,8.15,8,0.027150512362508226,0.4158323451104081,0.002133850630455868,0.1484,849
90185B,AMETHYST DIAMANTE EXPANDABLE RING,18,25,1.39,106.25,5.9,12,0.02716931465638808,0.4158513687654055,0.003297769156159069,0.1488,845
90185C,BLACK DIAMANTE EXPANDABLE RING,26,22,0.85,93.5,3.6,18,0.0271411112155683,0.4158228332829095,0.004849660523763337,0.1493,840
90185D,CRYSTAL DIAMANTE EXPANDABLE RING,18,45,2.5,191.25,10.62,14,0.027357337595186614,0.4160416053153793,0.003297769156159069,0.1489,844
90186A,AMETHYST HOOP EARRING FLORAL LEAF,16,48,3.0,141.6,8.85,14,0.02738554103600639,0.415930484789424,0.002909796314258002,0.1487,846
90186B,CRYSTAL HOOP EARRING FLORAL LEAF,13,36,2.77,106.2,8.17,13,0.02727272727272727,0.4158512568615526,0.0023278370514064014,0.1485,848
90187A,BLUE DROP EARRINGS W BEAD CLUSTER,1,2,2.0,6.7,6.7,1,0.026953088276769767,0.4156285681942304,0.0,0.1475,858
90187B,GREEN DROP EARRINGS W BEAD CLUSTER,2,6,3.0,20.1,10.05,2,0.026990692864529472,0.4156585584268145,0.00019398642095053346,0.1476,857
90188,DROP EARRINGS W FLOWER & LEAF,3,3,1.0,7.65,2.55,3,0.02696248942370969,0.41563069436743594,0.0003879728419010669,0.1477,856
90189A,SILVER 2 STRAND NECKLACE-LEAF CHARM,5,8,1.6,60.0,12.0,5,0.027009495158409325,0.4157478577014492,0.0007759456838021338,0.1478,855
90189B,GOLD 2 STRAND NECKLACE-LEAF CHARMS,2,3,1.5,22.5,11.25,2,0.02696248942370969,0.4156639298117549,0.00019398642095053346,0.1476,857
90190A,SILVER/CRYSTAL DROP EARRINGS W LEAF,8,18,2.25,53.1,6.64,8,0.027103506627808593,0.41573241496974545,0.0013579049466537342,0.1481,852
90190B,GOLD/AMBER DROP EARRINGS W LEAF,6,34,5.67,100.3,16.72,6,0.02725392497884742,0.41583805220690734,0.0009699321047526673,0.148,853
90190C,SILVER/AMETHYST DROP EARRINGS LEAF,10,29,2.9,85.55,8.56,10,0.027206919244147785,0.4158050405702942,0.0017458777885548012,0.1483,850
90191,SILVER LARIAT 40CM,14,32,2.29,241.4,17.24,13,0.027235122684967566,0.4161538448798638,0.002521823472356935,0.1486,847
90192,JADE DROP EARRINGS W FILIGREE,20,56,2.8,277.2,13.86,10,0.027460750211525806,0.41623396803855867,0.0036857419980601356,0.1491,842
90194,SILVER LARIAT BLACK STONE EARRINGS,14,25,1.79,106.25,7.59,14,0.02716931465638808,0.4158513687654055,0.002521823472356935,0.1485,848
90195A,PURPLE GEMSTONE BRACELET,28,46,1.64,363.7,12.99,25,0.02736673874212654,0.4164275617041202,0.0052376333656644035,0.1497,836
90195B,BLACK GEMSTONE BRACELET,21,41,1.95,360.95,17.19,19,0.027319733007426905,0.4164214069922093,0.0038797284190106693,0.1492,841
90196A,PURPLE GEMSTONE NECKLACE 45CM,10,16,1.6,204.0,20.4,9,0.02708470433392874,0.41607014079787535,0.0017458777885548012,0.1483,850
90196B,BLACK GEMSTONE NECKLACE 45CM,10,15,1.5,191.25,19.12,9,0.027075303186988812,0.4160416053153793,0.0017458777885548012,0.1483,850
90197B,BLACK GLASS BRACELET W HEART CHARMS,2,6,3.0,29.7,14.85,2,0.026990692864529472,0.4156800439665762,0.00019398642095053346,0.1476,857
90197D,AMBER GLASS BRACELET HEART CHARMS,4,9,2.25,44.55,11.14,4,0.027018896305349253,0.4157132794108951,0.0005819592628516004,0.1478,855
90198A,VINTAGE ROSE BEAD BRACELET RASPBERR,26,74,2.85,314.5,12.1,21,0.027629970856444485,0.4163174483128413,0.004849660523763337,0.1496,837
90198B,VINTAGE ROSE BEAD BRACELET BLACK,32,85,2.66,361.25,11.29,22,0.02773338347278368,0.41642207841532686,0.0060135790494665374,0.1501,832
90199A,5 STRAND GLASS NECKLACE BLACK,9,15,1.67,95.25,10.58,9,0.027075303186988812,0.41582674991776186,0.0015518913676042677,0.1482,851
90199B,5 STRAND GLASS NECKLACE AMETHYST,12,17,1.42,107.95,9.0,12,0.027094105480868665,0.415855173496405,0.002133850630455868,0.1484,849
90199C,5 STRAND GLASS NECKLACE CRYSTAL,29,93,3.21,547.55,18.88,24,0.027808592648303092,0.41683903217132817,0.005431619786614937,0.15,833
90199D,5 STRAND GLASS NECKLACE AMBER,9,15,1.67,95.25,10.58,9,0.027075303186988812,0.41582674991776186,0.0015518913676042677,0.1482,851
90200A,PURPLE SWEETHEART BRACELET,45,114,2.53,484.5,10.77,32,0.02800601673404155,0.41669792141278883,0.008535402521823473,0.1511,822
90200B,BLACK SWEETHEART BRACELET,47,137,2.91,582.25,12.39,28,0.028222243113659867,0.41691669344525867,0.008923375363724539,0.1514,819
90200C,BLUE SWEETHEART BRACELET,43,129,3.0,548.25,12.75,32,0.028147033938140453,0.41684059882526914,0.008147429679922406,0.151,823
90200D,PINK SWEETHEART BRACELET,56,196,3.5,821.0,14.66,41,0.02877691078311554,0.41745103434297914,0.01066925315227934,0.1523,810
90200E,GREEN SWEETHEART BRACELET,58,154,2.66,642.5,11.08,36,0.02838206261163862,0.4170515375880342,0.011057225994180407,0.1522,811
90201A,PURPLE ENAMEL FLOWER RING,21,87,4.14,256.65,12.22,16,0.027752185766663533,0.41618797555500614,0.0038797284190106693,0.1493,840
90201B,BLACK ENAMEL FLOWER RING,21,94,4.48,277.3,13.2,14,0.02781799379524302,0.4162341918462645,0.0038797284190106693,0.1493,840
90201C,RED ENAMEL FLOWER RING,20,83,4.15,244.85,12.24,16,0.027714581178903828,0.4161615662457157,0.0036857419980601356,0.1492,841
90201D,GREEN ENAMEL FLOWER RING,16,83,5.19,244.85,15.3,12,0.027714581178903828,0.4161615662457157,0.002909796314258002,0.1489,844
90202A,PURPLE ENAMEL FLOWER HAIR TIE,4,2,0.5,5.9,1.47,3,0.026953088276769767,0.4156267777325835,0.0005819592628516004,0.1477,856
90202B,WHITE ENAMEL FLOWER HAIR TIE,4,3,0.75,8.85,2.21,3,0.02696248942370969,0.4156333800599062,0.0005819592628516004,0.1477,856
90202C,GREEN ENAMEL FLOWER HAIR TIE,5,3,0.6,8.85,1.77,4,0.02696248942370969,0.4156333800599062,0.0007759456838021338,0.1478,855
90202D,PINK ENAMEL FLOWER HAIR TIE,6,20,3.33,59.0,9.83,5,0.027122308921688446,0.41574561962439066,0.0009699321047526673,0.1479,854
90203,SILVER CHARM NECKLACE 70CM,25,59,2.36,442.5,17.7,18,0.027488953652345587,0.4166039221763312,0.004655674102812803,0.1496,837
90204,PAIR OF ENAMEL BUTTERFLY HAIRCLIP,10,14,1.4,46.9,4.69,9,0.027065902040048887,0.4157185388919826,0.0017458777885548012,0.1482,851
90205A,LARGE MINT DIAMANTE HAIRSLIDE,6,16,2.67,26.4,4.4,6,0.02708470433392874,0.41567265831228306,0.0009699321047526673,0.1479,854
90205C,LARGE CRYSTAL DIAMANTE HAIRSLIDE,5,46,9.2,68.7,13.74,5,0.02736673874212654,0.4157673289718583,0.0007759456838021338,0.148,853
90206A,GOLD DIAMANTE STAR BROOCH,6,10,1.67,49.5,8.25,5,0.027028297452289178,0.4157243578923348,0.0009699321047526673,0.1479,854
90206C,CRYSTAL DIAMANTE STAR BROOCH,11,21,1.91,103.95,9.45,9,0.027131710068628374,0.41584622118817094,0.0019398642095053346,0.1483,850
90208,PAIR OF ENAMEL FLOWER CLUSTER SLIDE,13,86,6.62,203.1,15.62,9,0.027742784619723605,0.4160681265285227,0.0023278370514064014,0.1487,846
90209A,PURPLE ENAMEL+GLASS HAIR COMB,12,164,13.67,306.6,25.55,7,0.028476074081037885,0.416299767504079,0.002133850630455868,0.149,843
90209B,GREEN ENAMEL+GLASS HAIR COMB,19,248,13.05,453.6,23.87,9,0.029265770423991727,0.4166287648316807,0.0034917555771096023,0.1498,835
90209C,PINK ENAMEL+GLASS HAIR COMB,26,324,12.46,596.4,22.94,15,0.029980257591426154,0.41694836223563664,0.004849660523763337,0.1506,827
90210A,GREY ACRYLIC FACETED BANGLE,12,78,6.5,179.7,14.98,12,0.027667575444204194,0.41601575552535347,0.002133850630455868,0.1486,847
90210B,CLEAR ACRYLIC FACETED BANGLE,17,95,5.59,211.25,12.43,15,0.027827394942182945,0.4160863668565496,0.0031037827352085354,0.149,843
90210C,RED   ACRYLIC FACETED BANGLE,9,113,12.56,171.95,19.11,9,0.027996615587101627,0.41599841042815,0.0015518913676042677,0.1485,848
90210D,PURPLE ACRYLIC FACETED BANGLE,12,131,10.92,204.65,17.05,10,0.028165836232020305,0.41607159554796336,0.002133850630455868,0.1488,845
90211A,DIAMOND LAS VEGAS NECKLACE 45CM,5,9,1.8,53.55,10.71,5,0.027018896305349253,0.41573342210442177,0.0007759456838021338,0.1478,855
90211B,JET BLACK LAS VEGAS NECKLACE 45CM,9,14,1.56,83.3,9.26,8,0.027065902040048887,0.41580000489691255,0.0015518913676042677,0.1481,852
90212B,JET BLACK LAS VEGAS BRACELET ROUND,7,16,2.29,60.0,8.57,7,0.02708470433392874,0.4157478577014492,0.0011639185257032007,0.148,853
90212C,PURPLE LAS VEGAS BRACELET ROUND,5,13,2.6,48.75,9.75,5,0.02705650089310896,0.4157226793345409,0.0007759456838021338,0.1479,854
90214A,"LETTER ""A"" BLING KEY RING",46,121,2.63,128.21,2.79,28,0.02807182476262104,0.4159005169376105,0.008729388942774006,0.1509,824
90214B,"LETTER ""B"" BLING KEY RING",16,47,2.94,47.23,2.95,13,0.027376139889066467,0.415719277457412,0.002909796314258002,0.1487,846
90214C,"LETTER ""C"" BLING KEY RING",36,108,3.0,110.04,3.06,22,0.027949609852401993,0.4158598510774573,0.006789524733268671,0.1502,831
90214D,"LETTER ""D"" BLING KEY RING",19,65,3.42,58.21,3.06,11,0.027545360533985146,0.41574385154351445,0.0034917555771096023,0.1489,844
90214E,"LETTER ""E"" BLING KEY RING",34,89,2.62,87.25,2.57,26,0.027770988060543386,0.41580884530129375,0.006401551891367604,0.15,833
90214F,"LETTER ""F"" BLING KEY RING",13,29,2.23,23.77,1.83,11,0.027206919244147785,0.41566677216961917,0.0023278370514064014,0.1484,849
90214G,"LETTER ""G"" BLING KEY RING",23,62,2.7,53.5,2.33,14,0.027517157093165365,0.41573331020056886,0.004267701260911736,0.1492,841
90214H,"LETTER ""H"" BLING KEY RING",23,50,2.17,50.02,2.17,14,0.027404343329886244,0.4157255216924052,0.004267701260911736,0.1491,842
90214I,"LETTER ""I"" BLING KEY RING",13,38,2.92,35.02,2.69,11,0.027291529566607128,0.41569195053652747,0.0023278370514064014,0.1484,849
90214J,"LETTER ""J"" BLING KEY RING",31,75,2.42,82.23,2.65,20,0.027639372003384413,0.41579761015446,0.005819592628516004,0.1498,835
90214K,"LETTER ""K"" BLING KEY RING",46,108,2.35,111.0,2.41,23,0.027949609852401993,0.41586199963143344,0.008729388942774006,0.1508,825
90214L,"LETTER ""L"" BLING KEY RING",31,106,3.42,97.94,3.16,21,0.02793080755852214,0.4158327703450493,0.005819592628516004,0.1499,834
90214M,"LETTER ""M"" BLING KEY RING",29,79,2.72,87.23,3.01,19,0.02767697659114412,0.4158088005397526,0.005431619786614937,0.1496,837
90214N,"LETTER ""N"" BLING KEY RING",19,49,2.58,48.77,2.57,11,0.02739494218294632,0.4157227240960821,0.0034917555771096023,0.1489,844
90214O,"LETTER ""O"" BLING KEY RING",13,31,2.38,27.23,2.09,11,0.027225721538027638,0.41567451591624166,0.0023278370514064014,0.1484,849
90214P,"LETTER ""P"" BLING KEY RING",19,52,2.74,41.0,2.16,14,0.0274231456237661,0.4157053342373374,0.0034917555771096023,0.1489,844
90214R,"LETTER ""R"" BLING KEY RING",19,52,2.74,52.52,2.76,15,0.0274231456237661,0.4157311168850515,0.0034917555771096023,0.1489,844
90214S,"LETTER ""S"" BLING KEY RING",36,105,2.92,107.25,2.98,27,0.027921406411582212,0.41585360684246403,0.006789524733268671,0.1502,831
90214T,"LETTER ""T"" BLING KEY RING",12,43,3.58,42.23,3.52,9,0.027338535301306758,0.4157080870721194,0.002133850630455868,0.1484,849
90214U,"LETTER ""U"" BLING KEY RING",2,13,6.5,4.73,2.36,2,0.02705650089310896,0.41562415918242507,0.00019398642095053346,0.1476,857
90214V,"LETTER ""V"" BLING KEY RING",9,21,2.33,14.73,1.64,7,0.027131710068628374,0.41564653995301026,0.0015518913676042677,0.1481,852
90214W,"LETTER ""W"" BLING KEY RING",3,14,4.67,5.98,1.99,3,0.027065902040048887,0.4156269567787482,0.0003879728419010669,0.1477,856
90214Y,"LETTER ""Y"" BLING KEY RING",5,63,12.6,21.15,4.23,4,0.027526558240105293,0.41566090840772585,0.0007759456838021338,0.148,853
90214Z,"LETTER ""Z"" BLING KEY RING",5,17,3.4,9.73,1.95,5,0.027094105480868665,0.4156353495677177,0.0007759456838021338,0.1478,855
ADJUST,Adjustment by john on 26/01/2010 16,61,3,0.05,2038.12,33.41,53,0.02696248942370969,0.42017504269243894,0.011639185257032008,0.1529,804
ADJUST2,Adjustment by Peter on Jun 25 2010 ,3,3,1.0,731.05,243.68,3,0.02696248942370969,0.4172497193115657,0.0003879728419010669,0.1482,851
BANK CHARGES, Bank Charges,37,25,0.68,330.0,8.92,22,0.02716931465638808,0.4163521385072482,0.006983511154219205,0.1502,831
C2,CARRIAGE,254,243,0.96,12271.0,48.31,45,0.029218764689292093,0.44307701666297605,0.049078564500484964,0.1738,595
CRUK,CRUK Commission,16,-16,-1.0,-7933.43,-495.84,1,0.026783867631851085,0.3978579453996035,0.002909796314258002,0.1425,860
D,Discount,170,-2865,-16.85,-12785.34,-75.21,55,0.0,0.38699899693862394,0.032783705140640156,0.1399,861
DOT,DOTCOM POSTAGE,16,16,1.0,11906.36,744.15,1,0.02708470433392874,0.44226092424435914,0.002909796314258002,0.1574,759
M,Manual,1078,4078,3.78,-185701.19,-172.26,577,0.06527216320391088,0.0,0.20892337536372454,0.0914,862
PADS,PADS TO MATCH ALL CUSHIONS,18,16,0.89,-36.58,-2.03,15,0.02708470433392874,0.4155317042191378,0.003297769156159069,0.1486,847
POST,POSTAGE,1983,4981,2.51,110338.51,55.64,496,0.07376139889066466,0.6625596609796681,0.38448108632395733,0.3736,22
SP1002,KID'S CHALKBOARD/EASEL,2,5,2.5,14.75,7.38,2,0.026981291717589544,0.4156465847145514,0.00019398642095053346,0.1476,857
TEST001,This is a test product.,13,45,3.46,202.5,15.58,3,0.027357337595186614,0.4160667836822876,0.0023278370514064014,0.1486,847
TEST002,This is a test product.,1,1,1.0,1.0,1.0,1,0.02694368712982984,0.4156158111549968,0.0,0.1475,858
